id,season,matchday,date,status,home_team,home_team_id,away_team,away_team_id,home_score,away_score,home_ht_score,away_ht_score,winner,venue,referee,home_xg,away_xg,match_id
435943,2023,1,2023-08-11T19:00:00Z,FINISHED,Burnley FC,328,Manchester City FC,65,0.0,3.0,0.0,2.0,AWAY_TEAM,,Craig Pawson,,,
435944,2023,1,2023-08-12T12:00:00Z,FINISHED,Arsenal FC,57,Nottingham Forest FC,351,2.0,1.0,2.0,0.0,HOME_TEAM,,Michael Oliver,,,
435945,2023,1,2023-08-12T14:00:00Z,FINISHED,AFC Bournemouth,1044,West Ham United FC,563,1.0,1.0,0.0,0.0,DRAW,,Peter Bankes,,,
435946,2023,1,2023-08-12T14:00:00Z,FINISHED,Brighton & Hove Albion FC,397,Luton Town FC,389,4.0,1.0,1.0,0.0,HOME_TEAM,,David Coote,,,
435947,2023,1,2023-08-12T14:00:00Z,FINISHED,Everton FC,62,Fulham FC,63,0.0,1.0,0.0,0.0,AWAY_TEAM,,Stuart Attwell,,,
435948,2023,1,2023-08-12T14:00:00Z,FINISHED,Sheffield United FC,356,Crystal Palace FC,354,0.0,1.0,0.0,0.0,AWAY_TEAM,,John Brooks,,,
435949,2023,1,2023-08-12T16:30:00Z,FINISHED,Newcastle United FC,67,Aston Villa FC,58,5.0,1.0,2.0,1.0,HOME_TEAM,,Andy Madley,,,
435950,2023,1,2023-08-13T13:00:00Z,FINISHED,Brentford FC,402,Tottenham Hotspur FC,73,2.0,2.0,2.0,2.0,DRAW,,Robert Jones,,,
435951,2023,1,2023-08-13T15:30:00Z,FINISHED,Chelsea FC,61,Liverpool FC,64,1.0,1.0,1.0,1.0,DRAW,,Anthony Taylor,,,
435952,2023,1,2023-08-14T19:00:00Z,FINISHED,Manchester United FC,66,Wolverhampton Wanderers FC,76,1.0,0.0,0.0,0.0,HOME_TEAM,,Simon Hooper,,,
435959,2023,2,2023-08-18T18:45:00Z,FINISHED,Nottingham Forest FC,351,Sheffield United FC,356,2.0,1.0,1.0,0.0,HOME_TEAM,,Peter Bankes,,,
435955,2023,2,2023-08-19T14:00:00Z,FINISHED,Fulham FC,63,Brentford FC,402,0.0,3.0,0.0,1.0,AWAY_TEAM,,Darren Bond,,,
435956,2023,2,2023-08-19T14:00:00Z,FINISHED,Liverpool FC,64,AFC Bournemouth,1044,3.0,1.0,2.0,1.0,HOME_TEAM,,Thomas Bramall,,,
435962,2023,2,2023-08-19T14:00:00Z,FINISHED,Wolverhampton Wanderers FC,76,Brighton & Hove Albion FC,397,1.0,4.0,0.0,1.0,AWAY_TEAM,,Andy Madley,,,
435960,2023,2,2023-08-19T16:30:00Z,FINISHED,Tottenham Hotspur FC,73,Manchester United FC,66,2.0,0.0,0.0,0.0,HOME_TEAM,,Michael Oliver,,,
435958,2023,2,2023-08-19T19:00:00Z,FINISHED,Manchester City FC,65,Newcastle United FC,67,1.0,0.0,1.0,0.0,HOME_TEAM,,Robert Jones,,,
435953,2023,2,2023-08-20T13:00:00Z,FINISHED,Aston Villa FC,58,Everton FC,62,4.0,0.0,2.0,0.0,HOME_TEAM,,Anthony Taylor,,,
435961,2023,2,2023-08-20T15:30:00Z,FINISHED,West Ham United FC,563,Chelsea FC,61,3.0,1.0,1.0,1.0,HOME_TEAM,,John Brooks,,,
435954,2023,2,2023-08-21T19:00:00Z,FINISHED,Crystal Palace FC,354,Arsenal FC,57,0.0,1.0,0.0,0.0,AWAY_TEAM,,David Coote,,,
435968,2023,3,2023-08-25T19:00:00Z,FINISHED,Chelsea FC,61,Luton Town FC,389,3.0,0.0,1.0,0.0,HOME_TEAM,,Robert Jones,,,
435963,2023,3,2023-08-26T11:30:00Z,FINISHED,AFC Bournemouth,1044,Tottenham Hotspur FC,73,0.0,2.0,0.0,1.0,AWAY_TEAM,,Tim Robinson,,,
435969,2023,3,2023-08-26T14:00:00Z,FINISHED,Everton FC,62,Wolverhampton Wanderers FC,76,0.0,1.0,0.0,0.0,AWAY_TEAM,,Craig Pawson,,,
435970,2023,3,2023-08-26T14:00:00Z,FINISHED,Manchester United FC,66,Nottingham Forest FC,351,3.0,2.0,1.0,2.0,HOME_TEAM,,Stuart Attwell,,,
435964,2023,3,2023-08-26T14:00:00Z,FINISHED,Arsenal FC,57,Fulham FC,63,2.0,2.0,0.0,1.0,DRAW,,Paul Tierney,,,
435965,2023,3,2023-08-26T14:00:00Z,FINISHED,Brentford FC,402,Crystal Palace FC,354,1.0,1.0,1.0,0.0,DRAW,,Peter Bankes,,,
435966,2023,3,2023-08-26T16:30:00Z,FINISHED,Brighton & Hove Albion FC,397,West Ham United FC,563,1.0,3.0,0.0,1.0,AWAY_TEAM,,Anthony Taylor,,,
435972,2023,3,2023-08-27T13:00:00Z,FINISHED,Sheffield United FC,356,Manchester City FC,65,1.0,2.0,0.0,0.0,AWAY_TEAM,,Jarred Gillett,,,
435967,2023,3,2023-08-27T13:00:00Z,FINISHED,Burnley FC,328,Aston Villa FC,58,1.0,3.0,0.0,2.0,AWAY_TEAM,,Michael Salisbury,,,
435971,2023,3,2023-08-27T15:30:00Z,FINISHED,Newcastle United FC,67,Liverpool FC,64,1.0,2.0,1.0,0.0,AWAY_TEAM,,John Brooks,,,
435980,2023,4,2023-09-01T19:00:00Z,FINISHED,Luton Town FC,389,West Ham United FC,563,1.0,2.0,0.0,1.0,AWAY_TEAM,,Paul Tierney,,,
435982,2023,4,2023-09-02T11:30:00Z,FINISHED,Sheffield United FC,356,Everton FC,62,2.0,2.0,2.0,1.0,DRAW,,Andy Madley,,,
435974,2023,4,2023-09-02T14:00:00Z,FINISHED,Brentford FC,402,AFC Bournemouth,1044,2.0,2.0,1.0,1.0,DRAW,,Bobby Madley,,,
435976,2023,4,2023-09-02T14:00:00Z,FINISHED,Burnley FC,328,Tottenham Hotspur FC,73,2.0,5.0,1.0,2.0,AWAY_TEAM,,Darren England,,,
435977,2023,4,2023-09-02T14:00:00Z,FINISHED,Chelsea FC,61,Nottingham Forest FC,351,0.0,1.0,0.0,0.0,AWAY_TEAM,,Tim Robinson,,,
435981,2023,4,2023-09-02T14:00:00Z,FINISHED,Manchester City FC,65,Fulham FC,63,5.0,1.0,2.0,1.0,HOME_TEAM,,Michael Oliver,,,
435975,2023,4,2023-09-02T16:30:00Z,FINISHED,Brighton & Hove Albion FC,397,Newcastle United FC,67,3.0,1.0,1.0,0.0,HOME_TEAM,,Stuart Attwell,,,
435978,2023,4,2023-09-03T13:00:00Z,FINISHED,Crystal Palace FC,354,Wolverhampton Wanderers FC,76,3.0,2.0,0.0,0.0,HOME_TEAM,,Robert Jones,,,
435979,2023,4,2023-09-03T13:00:00Z,FINISHED,Liverpool FC,64,Aston Villa FC,58,3.0,0.0,2.0,0.0,HOME_TEAM,,Simon Hooper,,,
435973,2023,4,2023-09-03T15:30:00Z,FINISHED,Arsenal FC,57,Manchester United FC,66,3.0,1.0,1.0,1.0,HOME_TEAM,,Anthony Taylor,,,
435992,2023,5,2023-09-16T11:30:00Z,FINISHED,Wolverhampton Wanderers FC,76,Liverpool FC,64,1.0,3.0,1.0,0.0,AWAY_TEAM,,Michael Oliver,,,
435984,2023,5,2023-09-16T14:00:00Z,FINISHED,Aston Villa FC,58,Crystal Palace FC,354,3.0,1.0,0.0,0.0,HOME_TEAM,,Darren England,,,
435986,2023,5,2023-09-16T14:00:00Z,FINISHED,Fulham FC,63,Luton Town FC,389,1.0,0.0,0.0,0.0,HOME_TEAM,,Michael Salisbury,,,
435987,2023,5,2023-09-16T14:00:00Z,FINISHED,Manchester United FC,66,Brighton & Hove Albion FC,397,1.0,3.0,0.0,1.0,AWAY_TEAM,,Jarred Gillett,,,
435990,2023,5,2023-09-16T14:00:00Z,FINISHED,Tottenham Hotspur FC,73,Sheffield United FC,356,2.0,1.0,0.0,0.0,HOME_TEAM,,Peter Bankes,,,
435991,2023,5,2023-09-16T14:00:00Z,FINISHED,West Ham United FC,563,Manchester City FC,65,1.0,3.0,1.0,0.0,AWAY_TEAM,,Andy Madley,,,
435988,2023,5,2023-09-16T16:30:00Z,FINISHED,Newcastle United FC,67,Brentford FC,402,1.0,0.0,0.0,0.0,HOME_TEAM,,Craig Pawson,,,
435983,2023,5,2023-09-17T13:00:00Z,FINISHED,AFC Bournemouth,1044,Chelsea FC,61,0.0,0.0,0.0,0.0,DRAW,,David Coote,,,
435985,2023,5,2023-09-17T15:30:00Z,FINISHED,Everton FC,62,Arsenal FC,57,0.0,1.0,0.0,0.0,AWAY_TEAM,,Simon Hooper,,,
435989,2023,5,2023-09-18T18:45:00Z,FINISHED,Nottingham Forest FC,351,Burnley FC,328,1.0,1.0,0.0,1.0,DRAW,,Robert Jones,,,
435998,2023,6,2023-09-23T14:00:00Z,FINISHED,Crystal Palace FC,354,Fulham FC,63,0.0,0.0,0.0,0.0,DRAW,,Paul Tierney,,,
436000,2023,6,2023-09-23T14:00:00Z,FINISHED,Luton Town FC,389,Wolverhampton Wanderers FC,76,1.0,1.0,0.0,0.0,DRAW,,Josh Smith,,,
436001,2023,6,2023-09-23T14:00:00Z,FINISHED,Manchester City FC,65,Nottingham Forest FC,351,2.0,0.0,2.0,0.0,HOME_TEAM,,Anthony Taylor,,,
435994,2023,6,2023-09-23T16:30:00Z,FINISHED,Brentford FC,402,Everton FC,62,1.0,3.0,1.0,1.0,AWAY_TEAM,,Michael Oliver,,,
435996,2023,6,2023-09-23T19:00:00Z,FINISHED,Burnley FC,328,Manchester United FC,66,0.0,1.0,0.0,1.0,AWAY_TEAM,,Tony Harrington,,,
435993,2023,6,2023-09-24T13:00:00Z,FINISHED,Arsenal FC,57,Tottenham Hotspur FC,73,2.0,2.0,1.0,1.0,DRAW,,Robert Jones,,,
435995,2023,6,2023-09-24T13:00:00Z,FINISHED,Brighton & Hove Albion FC,397,AFC Bournemouth,1044,3.0,1.0,1.0,1.0,HOME_TEAM,,John Brooks,,,
435997,2023,6,2023-09-24T13:00:00Z,FINISHED,Chelsea FC,61,Aston Villa FC,58,0.0,1.0,0.0,0.0,AWAY_TEAM,,Jarred Gillett,,,
435999,2023,6,2023-09-24T13:00:00Z,FINISHED,Liverpool FC,64,West Ham United FC,563,3.0,1.0,1.0,1.0,HOME_TEAM,,Chris Kavanagh,,,
436002,2023,6,2023-09-24T15:30:00Z,FINISHED,Sheffield United FC,356,Newcastle United FC,67,0.0,8.0,0.0,3.0,AWAY_TEAM,,Stuart Attwell,,,
436004,2023,7,2023-09-30T11:30:00Z,FINISHED,Aston Villa FC,58,Brighton & Hove Albion FC,397,6.0,1.0,3.0,0.0,HOME_TEAM,,Andy Madley,,,
436003,2023,7,2023-09-30T14:00:00Z,FINISHED,AFC Bournemouth,1044,Arsenal FC,57,0.0,4.0,0.0,2.0,AWAY_TEAM,,Michael Salisbury,,,
436005,2023,7,2023-09-30T14:00:00Z,FINISHED,Everton FC,62,Luton Town FC,389,1.0,2.0,1.0,2.0,AWAY_TEAM,,Anthony Taylor,,,
436007,2023,7,2023-09-30T14:00:00Z,FINISHED,Manchester United FC,66,Crystal Palace FC,354,0.0,1.0,0.0,1.0,AWAY_TEAM,,Chris Kavanagh,,,
436008,2023,7,2023-09-30T14:00:00Z,FINISHED,Newcastle United FC,67,Burnley FC,328,2.0,0.0,1.0,0.0,HOME_TEAM,,Thomas Bramall,,,
436011,2023,7,2023-09-30T14:00:00Z,FINISHED,West Ham United FC,563,Sheffield United FC,356,2.0,0.0,2.0,0.0,HOME_TEAM,,Graham Scott,,,
436012,2023,7,2023-09-30T14:00:00Z,FINISHED,Wolverhampton Wanderers FC,76,Manchester City FC,65,2.0,1.0,1.0,0.0,HOME_TEAM,,Craig Pawson,,,
436010,2023,7,2023-09-30T16:30:00Z,FINISHED,Tottenham Hotspur FC,73,Liverpool FC,64,2.0,1.0,1.0,1.0,HOME_TEAM,,Simon Hooper,,,
436009,2023,7,2023-10-01T13:00:00Z,FINISHED,Nottingham Forest FC,351,Brentford FC,402,1.0,1.0,0.0,0.0,DRAW,,Paul Tierney,,,
436006,2023,7,2023-10-02T19:00:00Z,FINISHED,Fulham FC,63,Chelsea FC,61,0.0,2.0,0.0,2.0,AWAY_TEAM,,Tim Robinson,,,
435957,2023,2,2023-10-03T18:30:00Z,FINISHED,Luton Town FC,389,Burnley FC,328,1.0,2.0,0.0,1.0,AWAY_TEAM,,Peter Bankes,,,
436019,2023,8,2023-10-07T11:30:00Z,FINISHED,Luton Town FC,389,Tottenham Hotspur FC,73,0.0,1.0,0.0,0.0,AWAY_TEAM,,John Brooks,,,
436015,2023,8,2023-10-07T14:00:00Z,FINISHED,Burnley FC,328,Chelsea FC,61,1.0,4.0,1.0,1.0,AWAY_TEAM,,Stuart Attwell,,,
436017,2023,8,2023-10-07T14:00:00Z,FINISHED,Everton FC,62,AFC Bournemouth,1044,3.0,0.0,2.0,0.0,HOME_TEAM,,David Coote,,,
436018,2023,8,2023-10-07T14:00:00Z,FINISHED,Fulham FC,63,Sheffield United FC,356,3.0,1.0,0.0,0.0,HOME_TEAM,,Sam Barrott,,,
436020,2023,8,2023-10-07T14:00:00Z,FINISHED,Manchester United FC,66,Brentford FC,402,2.0,1.0,0.0,1.0,HOME_TEAM,,Bobby Madley,,,
436016,2023,8,2023-10-07T16:30:00Z,FINISHED,Crystal Palace FC,354,Nottingham Forest FC,351,0.0,0.0,0.0,0.0,DRAW,,Craig Pawson,,,
436014,2023,8,2023-10-08T13:00:00Z,FINISHED,Brighton & Hove Albion FC,397,Liverpool FC,64,2.0,2.0,1.0,2.0,DRAW,,Anthony Taylor,,,
436021,2023,8,2023-10-08T13:00:00Z,FINISHED,West Ham United FC,563,Newcastle United FC,67,2.0,2.0,1.0,0.0,DRAW,,Peter Bankes,,,
436022,2023,8,2023-10-08T13:00:00Z,FINISHED,Wolverhampton Wanderers FC,76,Aston Villa FC,58,1.0,1.0,0.0,0.0,DRAW,,Robert Jones,,,
436013,2023,8,2023-10-08T15:30:00Z,FINISHED,Arsenal FC,57,Manchester City FC,65,1.0,0.0,0.0,0.0,HOME_TEAM,,Michael Oliver,,,
436027,2023,9,2023-10-21T11:30:00Z,FINISHED,Liverpool FC,64,Everton FC,62,2.0,0.0,0.0,0.0,HOME_TEAM,,Craig Pawson,,,
436023,2023,9,2023-10-21T14:00:00Z,FINISHED,AFC Bournemouth,1044,Wolverhampton Wanderers FC,76,1.0,2.0,1.0,0.0,AWAY_TEAM,,Paul Tierney,,,
436025,2023,9,2023-10-21T14:00:00Z,FINISHED,Brentford FC,402,Burnley FC,328,3.0,0.0,1.0,0.0,HOME_TEAM,,Josh Smith,,,
436028,2023,9,2023-10-21T14:00:00Z,FINISHED,Manchester City FC,65,Brighton & Hove Albion FC,397,2.0,1.0,2.0,0.0,HOME_TEAM,,Robert Jones,,,
436029,2023,9,2023-10-21T14:00:00Z,FINISHED,Newcastle United FC,67,Crystal Palace FC,354,4.0,0.0,3.0,0.0,HOME_TEAM,,Tim Robinson,,,
436030,2023,9,2023-10-21T14:00:00Z,FINISHED,Nottingham Forest FC,351,Luton Town FC,389,2.0,2.0,0.0,0.0,DRAW,,Sam Barrott,,,
436026,2023,9,2023-10-21T16:30:00Z,FINISHED,Chelsea FC,61,Arsenal FC,57,2.0,2.0,1.0,0.0,DRAW,,Chris Kavanagh,,,
436031,2023,9,2023-10-21T19:00:00Z,FINISHED,Sheffield United FC,356,Manchester United FC,66,1.0,2.0,1.0,1.0,AWAY_TEAM,,Michael Oliver,,,
436024,2023,9,2023-10-22T15:30:00Z,FINISHED,Aston Villa FC,58,West Ham United FC,563,4.0,1.0,1.0,0.0,HOME_TEAM,,David Coote,,,
436032,2023,9,2023-10-23T19:00:00Z,FINISHED,Tottenham Hotspur FC,73,Fulham FC,63,2.0,0.0,1.0,0.0,HOME_TEAM,,Anthony Taylor,,,
436038,2023,10,2023-10-27T19:00:00Z,FINISHED,Crystal Palace FC,354,Tottenham Hotspur FC,73,1.0,2.0,0.0,0.0,AWAY_TEAM,,Andy Madley,,,
436037,2023,10,2023-10-28T11:30:00Z,FINISHED,Chelsea FC,61,Brentford FC,402,0.0,2.0,0.0,0.0,AWAY_TEAM,,Simon Hooper,,,
436033,2023,10,2023-10-28T14:00:00Z,FINISHED,AFC Bournemouth,1044,Burnley FC,328,2.0,1.0,1.0,1.0,HOME_TEAM,,Sam Barrott,,,
436034,2023,10,2023-10-28T14:00:00Z,FINISHED,Arsenal FC,57,Sheffield United FC,356,5.0,0.0,1.0,0.0,HOME_TEAM,,Tim Robinson,,,
436042,2023,10,2023-10-28T16:30:00Z,FINISHED,Wolverhampton Wanderers FC,76,Newcastle United FC,67,2.0,2.0,1.0,2.0,DRAW,,Anthony Taylor,,,
436041,2023,10,2023-10-29T13:00:00Z,FINISHED,West Ham United FC,563,Everton FC,62,0.0,1.0,0.0,0.0,AWAY_TEAM,,Stuart Attwell,,,
436035,2023,10,2023-10-29T14:00:00Z,FINISHED,Aston Villa FC,58,Luton Town FC,389,3.0,1.0,1.0,0.0,HOME_TEAM,,John Brooks,,,
436036,2023,10,2023-10-29T14:00:00Z,FINISHED,Brighton & Hove Albion FC,397,Fulham FC,63,1.0,1.0,1.0,0.0,DRAW,,Michael Salisbury,,,
436039,2023,10,2023-10-29T14:00:00Z,FINISHED,Liverpool FC,64,Nottingham Forest FC,351,3.0,0.0,2.0,0.0,HOME_TEAM,,Chris Kavanagh,,,
436040,2023,10,2023-10-29T15:30:00Z,FINISHED,Manchester United FC,66,Manchester City FC,65,0.0,3.0,0.0,1.0,AWAY_TEAM,,Paul Tierney,,,
436046,2023,11,2023-11-04T12:30:00Z,FINISHED,Fulham FC,63,Manchester United FC,66,0.0,1.0,0.0,0.0,AWAY_TEAM,,John Brooks,,,
436043,2023,11,2023-11-04T15:00:00Z,FINISHED,Brentford FC,402,West Ham United FC,563,3.0,2.0,1.0,2.0,HOME_TEAM,,Thomas Bramall,,,
436044,2023,11,2023-11-04T15:00:00Z,FINISHED,Burnley FC,328,Crystal Palace FC,354,0.0,2.0,0.0,1.0,AWAY_TEAM,,Peter Bankes,,,
436045,2023,11,2023-11-04T15:00:00Z,FINISHED,Everton FC,62,Brighton & Hove Albion FC,397,1.0,1.0,1.0,0.0,DRAW,,Tim Robinson,,,
436048,2023,11,2023-11-04T15:00:00Z,FINISHED,Manchester City FC,65,AFC Bournemouth,1044,6.0,1.0,3.0,0.0,HOME_TEAM,,Craig Pawson,,,
436051,2023,11,2023-11-04T15:00:00Z,FINISHED,Sheffield United FC,356,Wolverhampton Wanderers FC,76,2.0,1.0,0.0,0.0,HOME_TEAM,,Robert Jones,,,
436049,2023,11,2023-11-04T17:30:00Z,FINISHED,Newcastle United FC,67,Arsenal FC,57,1.0,0.0,0.0,0.0,HOME_TEAM,,Stuart Attwell,,,
436050,2023,11,2023-11-05T14:00:00Z,FINISHED,Nottingham Forest FC,351,Aston Villa FC,58,2.0,0.0,1.0,0.0,HOME_TEAM,,Jarred Gillett,,,
436047,2023,11,2023-11-05T16:30:00Z,FINISHED,Luton Town FC,389,Liverpool FC,64,1.0,1.0,0.0,0.0,DRAW,,Andy Madley,,,
436052,2023,11,2023-11-06T20:00:00Z,FINISHED,Tottenham Hotspur FC,73,Chelsea FC,61,1.0,4.0,1.0,1.0,AWAY_TEAM,,Michael Oliver,,,
436062,2023,12,2023-11-11T12:30:00Z,FINISHED,Wolverhampton Wanderers FC,76,Tottenham Hotspur FC,73,2.0,1.0,0.0,1.0,HOME_TEAM,,Tim Robinson,,,
436054,2023,12,2023-11-11T15:00:00Z,FINISHED,Arsenal FC,57,Burnley FC,328,3.0,1.0,1.0,0.0,HOME_TEAM,,Michael Oliver,,,
436058,2023,12,2023-11-11T15:00:00Z,FINISHED,Crystal Palace FC,354,Everton FC,62,2.0,3.0,1.0,1.0,AWAY_TEAM,,Sam Barrott,,,
436060,2023,12,2023-11-11T15:00:00Z,FINISHED,Manchester United FC,66,Luton Town FC,389,1.0,0.0,0.0,0.0,HOME_TEAM,,Graham Scott,,,
436053,2023,12,2023-11-11T17:30:00Z,FINISHED,AFC Bournemouth,1044,Newcastle United FC,67,2.0,0.0,0.0,0.0,HOME_TEAM,,Chris Kavanagh,,,
436055,2023,12,2023-11-12T14:00:00Z,FINISHED,Aston Villa FC,58,Fulham FC,63,3.0,1.0,2.0,0.0,HOME_TEAM,,Simon Hooper,,,
436056,2023,12,2023-11-12T14:00:00Z,FINISHED,Brighton & Hove Albion FC,397,Sheffield United FC,356,1.0,1.0,1.0,0.0,DRAW,,John Brooks,,,
436059,2023,12,2023-11-12T14:00:00Z,FINISHED,Liverpool FC,64,Brentford FC,402,3.0,0.0,1.0,0.0,HOME_TEAM,,Paul Tierney,,,
436061,2023,12,2023-11-12T14:00:00Z,FINISHED,West Ham United FC,563,Nottingham Forest FC,351,3.0,2.0,1.0,1.0,HOME_TEAM,,Michael Salisbury,,,
436057,2023,12,2023-11-12T16:30:00Z,FINISHED,Chelsea FC,61,Manchester City FC,65,4.0,4.0,2.0,2.0,DRAW,,Anthony Taylor,,,
436068,2023,13,2023-11-25T12:30:00Z,FINISHED,Manchester City FC,65,Liverpool FC,64,1.0,1.0,1.0,0.0,DRAW,,Chris Kavanagh,,,
436064,2023,13,2023-11-25T15:00:00Z,FINISHED,Burnley FC,328,West Ham United FC,563,1.0,2.0,0.0,0.0,AWAY_TEAM,,Sam Barrott,,,
436067,2023,13,2023-11-25T15:00:00Z,FINISHED,Luton Town FC,389,Crystal Palace FC,354,2.0,1.0,0.0,0.0,HOME_TEAM,,Jarred Gillett,,,
436069,2023,13,2023-11-25T15:00:00Z,FINISHED,Newcastle United FC,67,Chelsea FC,61,4.0,1.0,1.0,1.0,HOME_TEAM,,Simon Hooper,,,
436070,2023,13,2023-11-25T15:00:00Z,FINISHED,Nottingham Forest FC,351,Brighton & Hove Albion FC,397,2.0,3.0,1.0,2.0,AWAY_TEAM,,Anthony Taylor,,,
436071,2023,13,2023-11-25T15:00:00Z,FINISHED,Sheffield United FC,356,AFC Bournemouth,1044,1.0,3.0,0.0,2.0,AWAY_TEAM,,Bobby Madley,,,
436063,2023,13,2023-11-25T17:30:00Z,FINISHED,Brentford FC,402,Arsenal FC,57,0.0,1.0,0.0,0.0,AWAY_TEAM,,Tim Robinson,,,
436072,2023,13,2023-11-26T14:00:00Z,FINISHED,Tottenham Hotspur FC,73,Aston Villa FC,58,1.0,2.0,1.0,1.0,AWAY_TEAM,,Robert Jones,,,
436065,2023,13,2023-11-26T16:30:00Z,FINISHED,Everton FC,62,Manchester United FC,66,0.0,3.0,0.0,1.0,AWAY_TEAM,,John Brooks,,,
436066,2023,13,2023-11-27T20:00:00Z,FINISHED,Fulham FC,63,Wolverhampton Wanderers FC,76,3.0,2.0,1.0,1.0,HOME_TEAM,,Michael Salisbury,,,
436074,2023,14,2023-12-02T15:00:00Z,FINISHED,Arsenal FC,57,Wolverhampton Wanderers FC,76,2.0,1.0,2.0,0.0,HOME_TEAM,,Peter Bankes,,,
436075,2023,14,2023-12-02T15:00:00Z,FINISHED,Brentford FC,402,Luton Town FC,389,3.0,1.0,0.0,0.0,HOME_TEAM,,Anthony Taylor,,,
436076,2023,14,2023-12-02T15:00:00Z,FINISHED,Burnley FC,328,Sheffield United FC,356,5.0,0.0,2.0,0.0,HOME_TEAM,,Chris Kavanagh,,,
436081,2023,14,2023-12-02T17:30:00Z,FINISHED,Nottingham Forest FC,351,Everton FC,62,0.0,1.0,0.0,0.0,AWAY_TEAM,,Paul Tierney,,,
436080,2023,14,2023-12-02T20:00:00Z,FINISHED,Newcastle United FC,67,Manchester United FC,66,1.0,0.0,0.0,0.0,HOME_TEAM,,Robert Jones,,,
436073,2023,14,2023-12-03T14:00:00Z,FINISHED,AFC Bournemouth,1044,Aston Villa FC,58,2.0,2.0,1.0,1.0,DRAW,,Thomas Bramall,,,
436077,2023,14,2023-12-03T14:00:00Z,FINISHED,Chelsea FC,61,Brighton & Hove Albion FC,397,3.0,2.0,2.0,1.0,HOME_TEAM,,Craig Pawson,,,
436078,2023,14,2023-12-03T14:00:00Z,FINISHED,Liverpool FC,64,Fulham FC,63,4.0,3.0,2.0,2.0,HOME_TEAM,,Stuart Attwell,,,
436082,2023,14,2023-12-03T14:00:00Z,FINISHED,West Ham United FC,563,Crystal Palace FC,354,1.0,1.0,1.0,0.0,DRAW,,Michael Oliver,,,
436079,2023,14,2023-12-03T16:30:00Z,FINISHED,Manchester City FC,65,Tottenham Hotspur FC,73,3.0,3.0,2.0,1.0,DRAW,,Simon Hooper,,,
436090,2023,15,2023-12-05T19:30:00Z,FINISHED,Wolverhampton Wanderers FC,76,Burnley FC,328,1.0,0.0,1.0,0.0,HOME_TEAM,,Jarred Gillett,,,
436087,2023,15,2023-12-05T20:15:00Z,FINISHED,Luton Town FC,389,Arsenal FC,57,3.0,4.0,1.0,2.0,AWAY_TEAM,,Sam Barrott,,,
436084,2023,15,2023-12-06T19:30:00Z,FINISHED,Brighton & Hove Albion FC,397,Brentford FC,402,2.0,1.0,1.0,1.0,HOME_TEAM,,Peter Bankes,,,
436086,2023,15,2023-12-06T19:30:00Z,FINISHED,Fulham FC,63,Nottingham Forest FC,351,5.0,0.0,2.0,0.0,HOME_TEAM,,Josh Smith,,,
436088,2023,15,2023-12-06T19:30:00Z,FINISHED,Sheffield United FC,356,Liverpool FC,64,0.0,2.0,0.0,1.0,AWAY_TEAM,,Simon Hooper,,,
436091,2023,15,2023-12-06T19:30:00Z,FINISHED,Crystal Palace FC,354,AFC Bournemouth,1044,0.0,2.0,0.0,1.0,AWAY_TEAM,,Craig Pawson,,,
436083,2023,15,2023-12-06T20:15:00Z,FINISHED,Aston Villa FC,58,Manchester City FC,65,1.0,0.0,0.0,0.0,HOME_TEAM,,John Brooks,,,
436092,2023,15,2023-12-06T20:15:00Z,FINISHED,Manchester United FC,66,Chelsea FC,61,2.0,1.0,1.0,1.0,HOME_TEAM,,Chris Kavanagh,,,
436085,2023,15,2023-12-07T19:30:00Z,FINISHED,Everton FC,62,Newcastle United FC,67,3.0,0.0,0.0,0.0,HOME_TEAM,,Tim Robinson,,,
436089,2023,15,2023-12-07T20:15:00Z,FINISHED,Tottenham Hotspur FC,73,West Ham United FC,563,1.0,2.0,1.0,0.0,AWAY_TEAM,,Michael Salisbury,,,
436095,2023,16,2023-12-09T12:30:00Z,FINISHED,Crystal Palace FC,354,Liverpool FC,64,1.0,2.0,0.0,0.0,AWAY_TEAM,,Andy Madley,,,
436094,2023,16,2023-12-09T15:00:00Z,FINISHED,Brighton & Hove Albion FC,397,Burnley FC,328,1.0,1.0,0.0,1.0,DRAW,,Simon Hooper,,,
436099,2023,16,2023-12-09T15:00:00Z,FINISHED,Manchester United FC,66,AFC Bournemouth,1044,0.0,3.0,0.0,1.0,AWAY_TEAM,,Peter Bankes,,,
436100,2023,16,2023-12-09T15:00:00Z,FINISHED,Sheffield United FC,356,Brentford FC,402,1.0,0.0,1.0,0.0,HOME_TEAM,,Stuart Attwell,,,
436102,2023,16,2023-12-09T15:00:00Z,FINISHED,Wolverhampton Wanderers FC,76,Nottingham Forest FC,351,1.0,1.0,1.0,1.0,DRAW,,Sam Barrott,,,
436093,2023,16,2023-12-09T17:30:00Z,FINISHED,Aston Villa FC,58,Arsenal FC,57,1.0,0.0,1.0,0.0,HOME_TEAM,,Jarred Gillett,,,
436096,2023,16,2023-12-10T14:00:00Z,FINISHED,Everton FC,62,Chelsea FC,61,2.0,0.0,0.0,0.0,HOME_TEAM,,Michael Oliver,,,
436097,2023,16,2023-12-10T14:00:00Z,FINISHED,Fulham FC,63,West Ham United FC,563,5.0,0.0,3.0,0.0,HOME_TEAM,,Paul Tierney,,,
436098,2023,16,2023-12-10T14:00:00Z,FINISHED,Luton Town FC,389,Manchester City FC,65,1.0,2.0,1.0,0.0,AWAY_TEAM,,Tim Robinson,,,
436101,2023,16,2023-12-10T16:30:00Z,FINISHED,Tottenham Hotspur FC,73,Newcastle United FC,67,4.0,1.0,2.0,0.0,HOME_TEAM,,Chris Kavanagh,,,
436111,2023,17,2023-12-15T20:00:00Z,FINISHED,Nottingham Forest FC,351,Tottenham Hotspur FC,73,0.0,2.0,0.0,1.0,AWAY_TEAM,,Jarred Gillett,,,
436107,2023,17,2023-12-16T15:00:00Z,FINISHED,Chelsea FC,61,Sheffield United FC,356,2.0,0.0,0.0,0.0,HOME_TEAM,,Andy Madley,,,
436109,2023,17,2023-12-16T15:00:00Z,FINISHED,Manchester City FC,65,Crystal Palace FC,354,2.0,2.0,1.0,0.0,DRAW,,Paul Tierney,,,
436110,2023,17,2023-12-16T15:00:00Z,FINISHED,Newcastle United FC,67,Fulham FC,63,3.0,0.0,0.0,0.0,HOME_TEAM,,Sam Barrott,,,
436106,2023,17,2023-12-16T17:30:00Z,FINISHED,Burnley FC,328,Everton FC,62,0.0,2.0,0.0,2.0,AWAY_TEAM,,Anthony Taylor,,,
436104,2023,17,2023-12-17T14:00:00Z,FINISHED,Arsenal FC,57,Brighton & Hove Albion FC,397,2.0,0.0,0.0,0.0,HOME_TEAM,,Tim Robinson,,,
436105,2023,17,2023-12-17T14:00:00Z,FINISHED,Brentford FC,402,Aston Villa FC,58,1.0,2.0,1.0,0.0,AWAY_TEAM,,David Coote,,,
436112,2023,17,2023-12-17T14:00:00Z,FINISHED,West Ham United FC,563,Wolverhampton Wanderers FC,76,3.0,0.0,2.0,0.0,HOME_TEAM,,Chris Kavanagh,,,
436108,2023,17,2023-12-17T16:30:00Z,FINISHED,Liverpool FC,64,Manchester United FC,66,0.0,0.0,0.0,0.0,DRAW,,Michael Oliver,,,
436114,2023,18,2023-12-21T20:00:00Z,FINISHED,Crystal Palace FC,354,Brighton & Hove Albion FC,397,1.0,1.0,1.0,0.0,DRAW,,John Brooks,,,
436113,2023,18,2023-12-22T20:00:00Z,FINISHED,Aston Villa FC,58,Sheffield United FC,356,1.0,1.0,0.0,0.0,DRAW,,Anthony Taylor,,,
436121,2023,18,2023-12-23T12:30:00Z,FINISHED,West Ham United FC,563,Manchester United FC,66,2.0,0.0,0.0,0.0,HOME_TEAM,,Simon Hooper,,,
436115,2023,18,2023-12-23T15:00:00Z,FINISHED,Fulham FC,63,Burnley FC,328,0.0,2.0,0.0,0.0,AWAY_TEAM,,Rebecca Welch,,,
436117,2023,18,2023-12-23T15:00:00Z,FINISHED,Luton Town FC,389,Newcastle United FC,67,1.0,0.0,1.0,0.0,HOME_TEAM,,Darren England,,,
436119,2023,18,2023-12-23T15:00:00Z,FINISHED,Nottingham Forest FC,351,AFC Bournemouth,1044,2.0,3.0,0.0,0.0,AWAY_TEAM,,Robert Jones,,,
436120,2023,18,2023-12-23T15:00:00Z,FINISHED,Tottenham Hotspur FC,73,Everton FC,62,2.0,1.0,2.0,0.0,HOME_TEAM,,Stuart Attwell,,,
436116,2023,18,2023-12-23T17:30:00Z,FINISHED,Liverpool FC,64,Arsenal FC,57,1.0,1.0,1.0,1.0,DRAW,,Chris Kavanagh,,,
436122,2023,18,2023-12-24T13:00:00Z,FINISHED,Wolverhampton Wanderers FC,76,Chelsea FC,61,2.0,1.0,0.0,0.0,HOME_TEAM,,David Coote,,,
436131,2023,19,2023-12-26T12:30:00Z,FINISHED,Newcastle United FC,67,Nottingham Forest FC,351,1.0,3.0,1.0,1.0,AWAY_TEAM,,Chris Kavanagh,,,
436123,2023,19,2023-12-26T15:00:00Z,FINISHED,AFC Bournemouth,1044,Fulham FC,63,3.0,0.0,1.0,0.0,HOME_TEAM,,Tim Robinson,,,
436132,2023,19,2023-12-26T15:00:00Z,FINISHED,Sheffield United FC,356,Luton Town FC,389,2.0,3.0,0.0,1.0,AWAY_TEAM,,Samuel Allison,,,
436127,2023,19,2023-12-26T17:30:00Z,FINISHED,Burnley FC,328,Liverpool FC,64,0.0,2.0,0.0,1.0,AWAY_TEAM,,Paul Tierney,,,
436130,2023,19,2023-12-26T20:00:00Z,FINISHED,Manchester United FC,66,Aston Villa FC,58,3.0,2.0,0.0,2.0,HOME_TEAM,,Craig Pawson,,,
436125,2023,19,2023-12-27T19:30:00Z,FINISHED,Brentford FC,402,Wolverhampton Wanderers FC,76,1.0,4.0,1.0,3.0,AWAY_TEAM,,Andy Madley,,,
436128,2023,19,2023-12-27T19:30:00Z,FINISHED,Chelsea FC,61,Crystal Palace FC,354,2.0,1.0,1.0,1.0,HOME_TEAM,,Michael Salisbury,,,
436129,2023,19,2023-12-27T20:15:00Z,FINISHED,Everton FC,62,Manchester City FC,65,1.0,3.0,1.0,0.0,AWAY_TEAM,,John Brooks,,,
436126,2023,19,2023-12-28T19:30:00Z,FINISHED,Brighton & Hove Albion FC,397,Tottenham Hotspur FC,73,4.0,2.0,2.0,0.0,HOME_TEAM,,Jarred Gillett,,,
436124,2023,19,2023-12-28T20:15:00Z,FINISHED,Arsenal FC,57,West Ham United FC,563,0.0,2.0,0.0,1.0,AWAY_TEAM,,Michael Oliver,,,
436137,2023,20,2023-12-30T12:30:00Z,FINISHED,Luton Town FC,389,Chelsea FC,61,2.0,3.0,0.0,2.0,AWAY_TEAM,,Paul Tierney,,,
436133,2023,20,2023-12-30T15:00:00Z,FINISHED,Aston Villa FC,58,Burnley FC,328,3.0,2.0,2.0,1.0,HOME_TEAM,,Stuart Attwell,,,
436134,2023,20,2023-12-30T15:00:00Z,FINISHED,Crystal Palace FC,354,Brentford FC,402,3.0,1.0,2.0,1.0,HOME_TEAM,,Robert Jones,,,
436138,2023,20,2023-12-30T15:00:00Z,FINISHED,Manchester City FC,65,Sheffield United FC,356,2.0,0.0,1.0,0.0,HOME_TEAM,,David Coote,,,
436142,2023,20,2023-12-30T15:00:00Z,FINISHED,Wolverhampton Wanderers FC,76,Everton FC,62,3.0,0.0,1.0,0.0,HOME_TEAM,,Thomas Bramall,,,
436139,2023,20,2023-12-30T17:30:00Z,FINISHED,Nottingham Forest FC,351,Manchester United FC,66,2.0,1.0,0.0,0.0,HOME_TEAM,,Tim Robinson,,,
436135,2023,20,2023-12-31T14:00:00Z,FINISHED,Fulham FC,63,Arsenal FC,57,2.0,1.0,1.0,1.0,HOME_TEAM,,Peter Bankes,,,
436140,2023,20,2023-12-31T14:00:00Z,FINISHED,Tottenham Hotspur FC,73,AFC Bournemouth,1044,3.0,1.0,1.0,0.0,HOME_TEAM,,Simon Hooper,,,
436136,2023,20,2024-01-01T20:00:00Z,FINISHED,Liverpool FC,64,Newcastle United FC,67,4.0,2.0,0.0,0.0,HOME_TEAM,,Anthony Taylor,,,
436141,2023,20,2024-01-02T19:30:00Z,FINISHED,West Ham United FC,563,Brighton & Hove Albion FC,397,0.0,0.0,0.0,0.0,DRAW,,Sam Barrott,,,
436147,2023,21,2024-01-12T19:45:00Z,FINISHED,Burnley FC,328,Luton Town FC,389,1.0,1.0,1.0,0.0,DRAW,,Tony Harrington,,,
436148,2023,21,2024-01-13T12:30:00Z,FINISHED,Chelsea FC,61,Fulham FC,63,1.0,0.0,1.0,0.0,HOME_TEAM,,Anthony Taylor,,,
436151,2023,21,2024-01-13T17:30:00Z,FINISHED,Newcastle United FC,67,Manchester City FC,65,2.0,3.0,2.0,1.0,AWAY_TEAM,,Chris Kavanagh,,,
436149,2023,21,2024-01-14T14:00:00Z,FINISHED,Everton FC,62,Aston Villa FC,58,0.0,0.0,0.0,0.0,DRAW,,David Coote,,,
436150,2023,21,2024-01-14T16:30:00Z,FINISHED,Manchester United FC,66,Tottenham Hotspur FC,73,2.0,2.0,2.0,1.0,DRAW,,John Brooks,,,
436144,2023,21,2024-01-20T12:30:00Z,FINISHED,Arsenal FC,57,Crystal Palace FC,354,5.0,0.0,2.0,0.0,HOME_TEAM,,Paul Tierney,,,
436145,2023,21,2024-01-20T17:30:00Z,FINISHED,Brentford FC,402,Nottingham Forest FC,351,3.0,2.0,1.0,1.0,HOME_TEAM,,Darren England,,,
436152,2023,21,2024-01-21T14:00:00Z,FINISHED,Sheffield United FC,356,West Ham United FC,563,2.0,2.0,1.0,1.0,DRAW,,Michael Salisbury,,,
436143,2023,21,2024-01-21T16:30:00Z,FINISHED,AFC Bournemouth,1044,Liverpool FC,64,0.0,4.0,0.0,0.0,AWAY_TEAM,,Bobby Madley,,,
436146,2023,21,2024-01-22T19:45:00Z,FINISHED,Brighton & Hove Albion FC,397,Wolverhampton Wanderers FC,76,0.0,0.0,0.0,0.0,DRAW,,Craig Pawson,,,
436153,2023,22,2024-01-30T19:30:00Z,FINISHED,Nottingham Forest FC,351,Arsenal FC,57,1.0,2.0,0.0,0.0,AWAY_TEAM,,Simon Hooper,,,
436155,2023,22,2024-01-30T19:45:00Z,FINISHED,Luton Town FC,389,Brighton & Hove Albion FC,397,4.0,0.0,3.0,0.0,HOME_TEAM,,Robert Jones,,,
436156,2023,22,2024-01-30T19:45:00Z,FINISHED,Fulham FC,63,Everton FC,62,0.0,0.0,0.0,0.0,DRAW,,Thomas Bramall,,,
436157,2023,22,2024-01-30T20:00:00Z,FINISHED,Crystal Palace FC,354,Sheffield United FC,356,3.0,2.0,2.0,2.0,HOME_TEAM,,Tony Harrington,,,
436158,2023,22,2024-01-30T20:15:00Z,FINISHED,Aston Villa FC,58,Newcastle United FC,67,1.0,3.0,0.0,2.0,AWAY_TEAM,,John Brooks,,,
436159,2023,22,2024-01-31T19:30:00Z,FINISHED,Tottenham Hotspur FC,73,Brentford FC,402,3.0,2.0,0.0,1.0,HOME_TEAM,,David Coote,,,
436161,2023,22,2024-01-31T19:30:00Z,FINISHED,Manchester City FC,65,Burnley FC,328,3.0,1.0,2.0,0.0,HOME_TEAM,,Sam Barrott,,,
436162,2023,22,2024-01-31T20:15:00Z,FINISHED,Liverpool FC,64,Chelsea FC,61,4.0,1.0,2.0,0.0,HOME_TEAM,,Paul Tierney,,,
436154,2023,22,2024-02-01T19:30:00Z,FINISHED,West Ham United FC,563,AFC Bournemouth,1044,1.0,1.0,0.0,1.0,DRAW,,Tim Robinson,,,
436160,2023,22,2024-02-01T20:15:00Z,FINISHED,Wolverhampton Wanderers FC,76,Manchester United FC,66,3.0,4.0,0.0,2.0,AWAY_TEAM,,Jarred Gillett,,,
436169,2023,23,2024-02-03T12:30:00Z,FINISHED,Everton FC,62,Tottenham Hotspur FC,73,2.0,2.0,1.0,2.0,DRAW,,Michael Oliver,,,
436166,2023,23,2024-02-03T15:00:00Z,FINISHED,Brighton & Hove Albion FC,397,Crystal Palace FC,354,4.0,1.0,3.0,0.0,HOME_TEAM,,Simon Hooper,,,
436167,2023,23,2024-02-03T15:00:00Z,FINISHED,Burnley FC,328,Fulham FC,63,2.0,2.0,0.0,2.0,DRAW,,Darren Bond,,,
436171,2023,23,2024-02-03T15:00:00Z,FINISHED,Newcastle United FC,67,Luton Town FC,389,4.0,4.0,2.0,2.0,DRAW,,Thomas Bramall,,,
436172,2023,23,2024-02-03T17:30:00Z,FINISHED,Sheffield United FC,356,Aston Villa FC,58,0.0,5.0,0.0,4.0,AWAY_TEAM,,Paul Tierney,,,
436163,2023,23,2024-02-04T14:00:00Z,FINISHED,AFC Bournemouth,1044,Nottingham Forest FC,351,1.0,1.0,1.0,1.0,DRAW,,Rebecca Welch,,,
436168,2023,23,2024-02-04T14:00:00Z,FINISHED,Chelsea FC,61,Wolverhampton Wanderers FC,76,2.0,4.0,1.0,2.0,AWAY_TEAM,,Tim Robinson,,,
436170,2023,23,2024-02-04T14:00:00Z,FINISHED,Manchester United FC,66,West Ham United FC,563,3.0,0.0,1.0,0.0,HOME_TEAM,,Andy Madley,,,
436164,2023,23,2024-02-04T16:30:00Z,FINISHED,Arsenal FC,57,Liverpool FC,64,3.0,1.0,1.0,1.0,HOME_TEAM,,Anthony Taylor,,,
436165,2023,23,2024-02-05T20:00:00Z,FINISHED,Brentford FC,402,Manchester City FC,65,1.0,3.0,1.0,1.0,AWAY_TEAM,,Jarred Gillett,,,
436178,2023,24,2024-02-10T12:30:00Z,FINISHED,Manchester City FC,65,Everton FC,62,2.0,0.0,0.0,0.0,HOME_TEAM,,John Brooks,,,
436175,2023,24,2024-02-10T15:00:00Z,FINISHED,Fulham FC,63,AFC Bournemouth,1044,3.0,1.0,2.0,0.0,HOME_TEAM,,Darren England,,,
436176,2023,24,2024-02-10T15:00:00Z,FINISHED,Liverpool FC,64,Burnley FC,328,3.0,1.0,1.0,1.0,HOME_TEAM,,Tim Robinson,,,
436177,2023,24,2024-02-10T15:00:00Z,FINISHED,Luton Town FC,389,Sheffield United FC,356,1.0,3.0,0.0,2.0,AWAY_TEAM,,Chris Kavanagh,,,
436180,2023,24,2024-02-10T15:00:00Z,FINISHED,Tottenham Hotspur FC,73,Brighton & Hove Albion FC,397,2.0,1.0,0.0,1.0,HOME_TEAM,,Sam Barrott,,,
436182,2023,24,2024-02-10T15:00:00Z,FINISHED,Wolverhampton Wanderers FC,76,Brentford FC,402,0.0,2.0,0.0,1.0,AWAY_TEAM,,Simon Hooper,,,
436179,2023,24,2024-02-10T17:30:00Z,FINISHED,Nottingham Forest FC,351,Newcastle United FC,67,2.0,3.0,2.0,2.0,AWAY_TEAM,,Anthony Taylor,,,
436181,2023,24,2024-02-11T14:00:00Z,FINISHED,West Ham United FC,563,Arsenal FC,57,0.0,6.0,0.0,4.0,AWAY_TEAM,,Craig Pawson,,,
436173,2023,24,2024-02-11T16:30:00Z,FINISHED,Aston Villa FC,58,Manchester United FC,66,1.0,2.0,0.0,1.0,AWAY_TEAM,,Robert Jones,,,
436174,2023,24,2024-02-12T20:00:00Z,FINISHED,Crystal Palace FC,354,Chelsea FC,61,1.0,3.0,1.0,0.0,AWAY_TEAM,,Michael Oliver,,,
436183,2023,25,2024-02-17T12:30:00Z,FINISHED,Brentford FC,402,Liverpool FC,64,1.0,4.0,0.0,1.0,AWAY_TEAM,,Michael Oliver,,,
436184,2023,25,2024-02-17T15:00:00Z,FINISHED,Burnley FC,328,Arsenal FC,57,0.0,5.0,0.0,2.0,AWAY_TEAM,,Jarred Gillett,,,
436186,2023,25,2024-02-17T15:00:00Z,FINISHED,Fulham FC,63,Aston Villa FC,58,1.0,2.0,0.0,1.0,AWAY_TEAM,,Lewis Smith,,,
436189,2023,25,2024-02-17T15:00:00Z,FINISHED,Newcastle United FC,67,AFC Bournemouth,1044,2.0,2.0,0.0,0.0,DRAW,,Michael Salisbury,,,
436190,2023,25,2024-02-17T15:00:00Z,FINISHED,Nottingham Forest FC,351,West Ham United FC,563,2.0,0.0,1.0,0.0,HOME_TEAM,,Thomas Bramall,,,
436192,2023,25,2024-02-17T15:00:00Z,FINISHED,Tottenham Hotspur FC,73,Wolverhampton Wanderers FC,76,1.0,2.0,0.0,1.0,AWAY_TEAM,,Anthony Taylor,,,
436188,2023,25,2024-02-17T17:30:00Z,FINISHED,Manchester City FC,65,Chelsea FC,61,1.0,1.0,0.0,1.0,DRAW,,Andy Madley,,,
436191,2023,25,2024-02-18T14:00:00Z,FINISHED,Sheffield United FC,356,Brighton & Hove Albion FC,397,0.0,5.0,0.0,2.0,AWAY_TEAM,,Stuart Attwell,,,
436187,2023,25,2024-02-18T16:30:00Z,FINISHED,Luton Town FC,389,Manchester United FC,66,1.0,2.0,1.0,2.0,AWAY_TEAM,,David Coote,,,
436185,2023,25,2024-02-19T20:00:00Z,FINISHED,Everton FC,62,Crystal Palace FC,354,1.0,1.0,0.0,0.0,DRAW,,Paul Tierney,,,
436118,2023,18,2024-02-20T19:30:00Z,FINISHED,Manchester City FC,65,Brentford FC,402,1.0,0.0,0.0,0.0,HOME_TEAM,,Darren England,,,
436199,2023,26,2024-02-21T19:30:00Z,FINISHED,Liverpool FC,64,Luton Town FC,389,4.0,1.0,0.0,1.0,HOME_TEAM,,Andy Madley,,,
436195,2023,26,2024-02-24T15:00:00Z,FINISHED,Aston Villa FC,58,Nottingham Forest FC,351,4.0,2.0,3.0,1.0,HOME_TEAM,,Sam Barrott,,,
436196,2023,26,2024-02-24T15:00:00Z,FINISHED,Brighton & Hove Albion FC,397,Everton FC,62,1.0,1.0,0.0,0.0,DRAW,,Tony Harrington,,,
436198,2023,26,2024-02-24T15:00:00Z,FINISHED,Crystal Palace FC,354,Burnley FC,328,3.0,0.0,0.0,0.0,HOME_TEAM,,Lewis Smith,,,
436200,2023,26,2024-02-24T15:00:00Z,FINISHED,Manchester United FC,66,Fulham FC,63,1.0,2.0,0.0,0.0,AWAY_TEAM,,Michael Oliver,,,
436193,2023,26,2024-02-24T17:30:00Z,FINISHED,AFC Bournemouth,1044,Manchester City FC,65,0.0,1.0,0.0,1.0,AWAY_TEAM,,Jarred Gillett,,,
436194,2023,26,2024-02-24T20:00:00Z,FINISHED,Arsenal FC,57,Newcastle United FC,67,4.0,1.0,2.0,0.0,HOME_TEAM,,Paul Tierney,,,
436202,2023,26,2024-02-25T13:30:00Z,FINISHED,Wolverhampton Wanderers FC,76,Sheffield United FC,356,1.0,0.0,1.0,0.0,HOME_TEAM,,Darren Bond,,,
436201,2023,26,2024-02-26T20:00:00Z,FINISHED,West Ham United FC,563,Brentford FC,402,4.0,2.0,2.0,1.0,HOME_TEAM,,Simon Hooper,,,
436203,2023,27,2024-03-02T15:00:00Z,FINISHED,Brentford FC,402,Chelsea FC,61,2.0,2.0,0.0,1.0,DRAW,,Jarred Gillett,,,
436205,2023,27,2024-03-02T15:00:00Z,FINISHED,Everton FC,62,West Ham United FC,563,1.0,3.0,0.0,0.0,AWAY_TEAM,,Craig Pawson,,,
436206,2023,27,2024-03-02T15:00:00Z,FINISHED,Fulham FC,63,Brighton & Hove Albion FC,397,3.0,0.0,2.0,0.0,HOME_TEAM,,Simon Hooper,,,
436209,2023,27,2024-03-02T15:00:00Z,FINISHED,Newcastle United FC,67,Wolverhampton Wanderers FC,76,3.0,0.0,2.0,0.0,HOME_TEAM,,Tim Robinson,,,
436210,2023,27,2024-03-02T15:00:00Z,FINISHED,Nottingham Forest FC,351,Liverpool FC,64,0.0,1.0,0.0,0.0,AWAY_TEAM,,Paul Tierney,,,
436212,2023,27,2024-03-02T15:00:00Z,FINISHED,Tottenham Hotspur FC,73,Crystal Palace FC,354,3.0,1.0,0.0,0.0,HOME_TEAM,,John Brooks,,,
436207,2023,27,2024-03-02T17:30:00Z,FINISHED,Luton Town FC,389,Aston Villa FC,58,2.0,3.0,0.0,2.0,AWAY_TEAM,,Michael Oliver,,,
436204,2023,27,2024-03-03T13:00:00Z,FINISHED,Burnley FC,328,AFC Bournemouth,1044,0.0,2.0,0.0,1.0,AWAY_TEAM,,David Coote,,,
436208,2023,27,2024-03-03T15:30:00Z,FINISHED,Manchester City FC,65,Manchester United FC,66,3.0,1.0,0.0,1.0,HOME_TEAM,,Andy Madley,,,
436211,2023,27,2024-03-04T20:00:00Z,FINISHED,Sheffield United FC,356,Arsenal FC,57,0.0,6.0,0.0,5.0,AWAY_TEAM,,Sam Barrott,,,
436220,2023,28,2024-03-09T12:30:00Z,FINISHED,Manchester United FC,66,Everton FC,62,2.0,0.0,2.0,0.0,HOME_TEAM,,Simon Hooper,,,
436213,2023,28,2024-03-09T15:00:00Z,FINISHED,AFC Bournemouth,1044,Sheffield United FC,356,2.0,2.0,0.0,1.0,DRAW,,Anthony Taylor,,,
436218,2023,28,2024-03-09T15:00:00Z,FINISHED,Crystal Palace FC,354,Luton Town FC,389,1.0,1.0,1.0,0.0,DRAW,,Sunny Gill,,,
436222,2023,28,2024-03-09T15:00:00Z,FINISHED,Wolverhampton Wanderers FC,76,Fulham FC,63,2.0,1.0,0.0,0.0,HOME_TEAM,,Tony Harrington,,,
436214,2023,28,2024-03-09T17:30:00Z,FINISHED,Arsenal FC,57,Brentford FC,402,2.0,1.0,1.0,1.0,HOME_TEAM,,Robert Jones,,,
436215,2023,28,2024-03-10T13:00:00Z,FINISHED,Aston Villa FC,58,Tottenham Hotspur FC,73,0.0,4.0,0.0,0.0,AWAY_TEAM,,Chris Kavanagh,,,
436216,2023,28,2024-03-10T14:00:00Z,FINISHED,Brighton & Hove Albion FC,397,Nottingham Forest FC,351,1.0,0.0,1.0,0.0,HOME_TEAM,,Michael Salisbury,,,
436221,2023,28,2024-03-10T14:00:00Z,FINISHED,West Ham United FC,563,Burnley FC,328,2.0,2.0,0.0,2.0,DRAW,,Darren England,,,
436219,2023,28,2024-03-10T15:45:00Z,FINISHED,Liverpool FC,64,Manchester City FC,65,1.0,1.0,0.0,1.0,DRAW,,Michael Oliver,,,
436217,2023,28,2024-03-11T20:00:00Z,FINISHED,Chelsea FC,61,Newcastle United FC,67,3.0,2.0,1.0,1.0,HOME_TEAM,,John Brooks,,,
436103,2023,17,2024-03-13T19:30:00Z,FINISHED,AFC Bournemouth,1044,Luton Town FC,389,4.0,3.0,0.0,3.0,HOME_TEAM,,Samuel Allison,,,
436225,2023,29,2024-03-16T15:00:00Z,FINISHED,Burnley FC,328,Brentford FC,402,2.0,1.0,1.0,0.0,HOME_TEAM,,Darren Bond,,,
436229,2023,29,2024-03-16T15:00:00Z,FINISHED,Luton Town FC,389,Nottingham Forest FC,351,1.0,1.0,0.0,1.0,DRAW,,Darren England,,,
436228,2023,29,2024-03-16T17:30:00Z,FINISHED,Fulham FC,63,Tottenham Hotspur FC,73,3.0,0.0,1.0,0.0,HOME_TEAM,,Robert Jones,,,
436231,2023,29,2024-03-17T14:00:00Z,FINISHED,West Ham United FC,563,Aston Villa FC,58,1.0,1.0,1.0,0.0,DRAW,,Jarred Gillett,,,
436239,2023,30,2024-03-30T12:30:00Z,FINISHED,Newcastle United FC,67,West Ham United FC,563,4.0,3.0,1.0,2.0,HOME_TEAM,,Robert Jones,,,
436233,2023,30,2024-03-30T15:00:00Z,FINISHED,AFC Bournemouth,1044,Everton FC,62,2.0,1.0,0.0,0.0,HOME_TEAM,,Sam Barrott,,,
436236,2023,30,2024-03-30T15:00:00Z,FINISHED,Chelsea FC,61,Burnley FC,328,2.0,2.0,1.0,0.0,DRAW,,Darren England,,,
436240,2023,30,2024-03-30T15:00:00Z,FINISHED,Nottingham Forest FC,351,Crystal Palace FC,354,1.0,1.0,0.0,1.0,DRAW,,Chris Kavanagh,,,
436241,2023,30,2024-03-30T15:00:00Z,FINISHED,Sheffield United FC,356,Fulham FC,63,3.0,3.0,0.0,0.0,DRAW,,Tim Robinson,,,
436242,2023,30,2024-03-30T15:00:00Z,FINISHED,Tottenham Hotspur FC,73,Luton Town FC,389,2.0,1.0,0.0,1.0,HOME_TEAM,,Jarred Gillett,,,
436234,2023,30,2024-03-30T17:30:00Z,FINISHED,Aston Villa FC,58,Wolverhampton Wanderers FC,76,2.0,0.0,1.0,0.0,HOME_TEAM,,Paul Tierney,,,
436235,2023,30,2024-03-30T20:00:00Z,FINISHED,Brentford FC,402,Manchester United FC,66,1.0,1.0,0.0,0.0,DRAW,,Simon Hooper,,,
436237,2023,30,2024-03-31T13:00:00Z,FINISHED,Liverpool FC,64,Brighton & Hove Albion FC,397,2.0,1.0,1.0,1.0,HOME_TEAM,,David Coote,,,
436238,2023,30,2024-03-31T15:30:00Z,FINISHED,Manchester City FC,65,Arsenal FC,57,0.0,0.0,0.0,0.0,DRAW,,Anthony Taylor,,,
436247,2023,31,2024-04-02T18:30:00Z,FINISHED,Nottingham Forest FC,351,Fulham FC,63,3.0,1.0,3.0,0.0,HOME_TEAM,,Michael Oliver,,,
436250,2023,31,2024-04-02T18:30:00Z,FINISHED,Newcastle United FC,67,Everton FC,62,1.0,1.0,1.0,0.0,DRAW,,Tony Harrington,,,
436243,2023,31,2024-04-02T18:45:00Z,FINISHED,AFC Bournemouth,1044,Crystal Palace FC,354,1.0,0.0,0.0,0.0,HOME_TEAM,,Graham Scott,,,
436246,2023,31,2024-04-02T18:45:00Z,FINISHED,Burnley FC,328,Wolverhampton Wanderers FC,76,1.0,1.0,1.0,1.0,DRAW,,Thomas Bramall,,,
436248,2023,31,2024-04-02T19:15:00Z,FINISHED,West Ham United FC,563,Tottenham Hotspur FC,73,1.0,1.0,1.0,1.0,DRAW,,John Brooks,,,
436244,2023,31,2024-04-03T18:30:00Z,FINISHED,Arsenal FC,57,Luton Town FC,389,2.0,0.0,2.0,0.0,HOME_TEAM,,Craig Pawson,,,
436245,2023,31,2024-04-03T18:30:00Z,FINISHED,Brentford FC,402,Brighton & Hove Albion FC,397,0.0,0.0,0.0,0.0,DRAW,,Bobby Madley,,,
436252,2023,31,2024-04-03T19:15:00Z,FINISHED,Manchester City FC,65,Aston Villa FC,58,4.0,1.0,2.0,1.0,HOME_TEAM,,Darren England,,,
436251,2023,31,2024-04-04T18:30:00Z,FINISHED,Liverpool FC,64,Sheffield United FC,356,3.0,1.0,1.0,0.0,HOME_TEAM,,Stuart Attwell,,,
436249,2023,31,2024-04-04T19:15:00Z,FINISHED,Chelsea FC,61,Manchester United FC,66,4.0,3.0,2.0,2.0,HOME_TEAM,,Jarred Gillett,,,
436255,2023,32,2024-04-06T11:30:00Z,FINISHED,Crystal Palace FC,354,Manchester City FC,65,2.0,4.0,1.0,1.0,AWAY_TEAM,,Paul Tierney,,,
436253,2023,32,2024-04-06T14:00:00Z,FINISHED,Aston Villa FC,58,Brentford FC,402,3.0,3.0,1.0,0.0,DRAW,,Michael Salisbury,,,
436256,2023,32,2024-04-06T14:00:00Z,FINISHED,Everton FC,62,Burnley FC,328,1.0,0.0,1.0,0.0,HOME_TEAM,,Michael Oliver,,,
436257,2023,32,2024-04-06T14:00:00Z,FINISHED,Fulham FC,63,Newcastle United FC,67,0.0,1.0,0.0,0.0,AWAY_TEAM,,Samuel Allison,,,
436258,2023,32,2024-04-06T14:00:00Z,FINISHED,Luton Town FC,389,AFC Bournemouth,1044,2.0,1.0,0.0,0.0,HOME_TEAM,,Andy Madley,,,
436262,2023,32,2024-04-06T14:00:00Z,FINISHED,Wolverhampton Wanderers FC,76,West Ham United FC,563,1.0,2.0,1.0,0.0,AWAY_TEAM,,Tony Harrington,,,
436254,2023,32,2024-04-06T16:30:00Z,FINISHED,Brighton & Hove Albion FC,397,Arsenal FC,57,0.0,3.0,0.0,1.0,AWAY_TEAM,,John Brooks,,,
436259,2023,32,2024-04-07T14:30:00Z,FINISHED,Manchester United FC,66,Liverpool FC,64,2.0,2.0,0.0,1.0,DRAW,,Anthony Taylor,,,
436260,2023,32,2024-04-07T16:30:00Z,FINISHED,Sheffield United FC,356,Chelsea FC,61,2.0,2.0,1.0,1.0,DRAW,,Robert Jones,,,
436261,2023,32,2024-04-07T17:00:00Z,FINISHED,Tottenham Hotspur FC,73,Nottingham Forest FC,351,3.0,1.0,1.0,1.0,HOME_TEAM,,Simon Hooper,,,
436270,2023,33,2024-04-13T11:30:00Z,FINISHED,Newcastle United FC,67,Tottenham Hotspur FC,73,4.0,0.0,2.0,0.0,HOME_TEAM,,Tim Robinson,,,
436265,2023,33,2024-04-13T14:00:00Z,FINISHED,Brentford FC,402,Sheffield United FC,356,2.0,0.0,0.0,0.0,HOME_TEAM,,Sam Barrott,,,
436266,2023,33,2024-04-13T14:00:00Z,FINISHED,Burnley FC,328,Brighton & Hove Albion FC,397,1.0,1.0,0.0,0.0,DRAW,,Simon Hooper,,,
436269,2023,33,2024-04-13T14:00:00Z,FINISHED,Manchester City FC,65,Luton Town FC,389,5.0,1.0,1.0,0.0,HOME_TEAM,,John Brooks,,,
436271,2023,33,2024-04-13T14:00:00Z,FINISHED,Nottingham Forest FC,351,Wolverhampton Wanderers FC,76,2.0,2.0,1.0,1.0,DRAW,,Craig Pawson,,,
436263,2023,33,2024-04-13T16:30:00Z,FINISHED,AFC Bournemouth,1044,Manchester United FC,66,2.0,2.0,2.0,1.0,DRAW,,Tony Harrington,,,
436268,2023,33,2024-04-14T13:00:00Z,FINISHED,Liverpool FC,64,Crystal Palace FC,354,0.0,1.0,0.0,1.0,AWAY_TEAM,,Chris Kavanagh,,,
436272,2023,33,2024-04-14T13:00:00Z,FINISHED,West Ham United FC,563,Fulham FC,63,0.0,2.0,0.0,1.0,AWAY_TEAM,,Stuart Attwell,,,
436264,2023,33,2024-04-14T15:30:00Z,FINISHED,Arsenal FC,57,Aston Villa FC,58,0.0,2.0,0.0,0.0,AWAY_TEAM,,David Coote,,,
436267,2023,33,2024-04-15T19:00:00Z,FINISHED,Chelsea FC,61,Everton FC,62,6.0,0.0,4.0,0.0,HOME_TEAM,,Paul Tierney,,,
436278,2023,34,2024-04-20T14:00:00Z,FINISHED,Luton Town FC,389,Brentford FC,402,1.0,5.0,0.0,2.0,AWAY_TEAM,,Jarred Gillett,,,
436280,2023,34,2024-04-20T14:00:00Z,FINISHED,Sheffield United FC,356,Burnley FC,328,1.0,4.0,0.0,2.0,AWAY_TEAM,,Andy Madley,,,
436282,2023,34,2024-04-20T18:30:00Z,FINISHED,Wolverhampton Wanderers FC,76,Arsenal FC,57,0.0,2.0,0.0,1.0,AWAY_TEAM,,Paul Tierney,,,
436276,2023,34,2024-04-21T12:30:00Z,FINISHED,Everton FC,62,Nottingham Forest FC,351,2.0,0.0,1.0,0.0,HOME_TEAM,,Anthony Taylor,,,
436273,2023,34,2024-04-21T14:00:00Z,FINISHED,Aston Villa FC,58,AFC Bournemouth,1044,3.0,1.0,1.0,1.0,HOME_TEAM,,Tim Robinson,,,
436275,2023,34,2024-04-21T14:00:00Z,FINISHED,Crystal Palace FC,354,West Ham United FC,563,5.0,2.0,4.0,1.0,HOME_TEAM,,Graham Scott,,,
436277,2023,34,2024-04-21T15:30:00Z,FINISHED,Fulham FC,63,Liverpool FC,64,1.0,3.0,1.0,1.0,AWAY_TEAM,,Craig Pawson,,,
436223,2023,29,2024-04-23T19:00:00Z,FINISHED,Arsenal FC,57,Chelsea FC,61,5.0,0.0,1.0,0.0,HOME_TEAM,,Simon Hooper,,,
436232,2023,29,2024-04-24T18:45:00Z,FINISHED,Wolverhampton Wanderers FC,76,AFC Bournemouth,1044,0.0,1.0,0.0,1.0,AWAY_TEAM,,Stuart Attwell,,,
436226,2023,29,2024-04-24T19:00:00Z,FINISHED,Crystal Palace FC,354,Newcastle United FC,67,2.0,0.0,0.0,0.0,HOME_TEAM,,Thomas Bramall,,,
436227,2023,29,2024-04-24T19:00:00Z,FINISHED,Everton FC,62,Liverpool FC,64,2.0,0.0,1.0,0.0,HOME_TEAM,,Andy Madley,,,
436230,2023,29,2024-04-24T19:00:00Z,FINISHED,Manchester United FC,66,Sheffield United FC,356,4.0,2.0,1.0,1.0,HOME_TEAM,,Michael Salisbury,,,
436224,2023,29,2024-04-25T19:00:00Z,FINISHED,Brighton & Hove Albion FC,397,Manchester City FC,65,0.0,4.0,0.0,3.0,AWAY_TEAM,,Jarred Gillett,,,
436291,2023,35,2024-04-27T11:30:00Z,FINISHED,West Ham United FC,563,Liverpool FC,64,2.0,2.0,1.0,0.0,DRAW,,Anthony Taylor,,,
436286,2023,35,2024-04-27T14:00:00Z,FINISHED,Fulham FC,63,Crystal Palace FC,354,1.0,1.0,0.0,0.0,DRAW,,Stuart Attwell,,,
436287,2023,35,2024-04-27T14:00:00Z,FINISHED,Manchester United FC,66,Burnley FC,328,1.0,1.0,0.0,0.0,DRAW,,John Brooks,,,
436288,2023,35,2024-04-27T14:00:00Z,FINISHED,Newcastle United FC,67,Sheffield United FC,356,5.0,1.0,1.0,1.0,HOME_TEAM,,Tony Harrington,,,
436292,2023,35,2024-04-27T14:00:00Z,FINISHED,Wolverhampton Wanderers FC,76,Luton Town FC,389,2.0,1.0,1.0,0.0,HOME_TEAM,,David Coote,,,
436285,2023,35,2024-04-27T16:30:00Z,FINISHED,Everton FC,62,Brentford FC,402,1.0,0.0,0.0,0.0,HOME_TEAM,,Darren England,,,
436284,2023,35,2024-04-27T19:00:00Z,FINISHED,Aston Villa FC,58,Chelsea FC,61,2.0,2.0,2.0,0.0,DRAW,,Craig Pawson,,,
436283,2023,35,2024-04-28T13:00:00Z,FINISHED,AFC Bournemouth,1044,Brighton & Hove Albion FC,397,3.0,0.0,1.0,0.0,HOME_TEAM,,Paul Tierney,,,
436290,2023,35,2024-04-28T13:00:00Z,FINISHED,Tottenham Hotspur FC,73,Arsenal FC,57,2.0,3.0,0.0,3.0,AWAY_TEAM,,Michael Oliver,,,
436289,2023,35,2024-04-28T15:30:00Z,FINISHED,Nottingham Forest FC,351,Manchester City FC,65,0.0,2.0,0.0,1.0,AWAY_TEAM,,Simon Hooper,,,
436197,2023,26,2024-05-02T18:30:00Z,FINISHED,Chelsea FC,61,Tottenham Hotspur FC,73,2.0,0.0,1.0,0.0,HOME_TEAM,,Robert Jones,,,
436300,2023,36,2024-05-03T19:00:00Z,FINISHED,Luton Town FC,389,Everton FC,62,1.0,1.0,1.0,1.0,DRAW,,Tim Robinson,,,
436293,2023,36,2024-05-04T11:30:00Z,FINISHED,Arsenal FC,57,AFC Bournemouth,1044,3.0,0.0,1.0,0.0,HOME_TEAM,,David Coote,,,
436294,2023,36,2024-05-04T14:00:00Z,FINISHED,Brentford FC,402,Fulham FC,63,0.0,0.0,0.0,0.0,DRAW,,Graham Scott,,,
436296,2023,36,2024-05-04T14:00:00Z,FINISHED,Burnley FC,328,Newcastle United FC,67,1.0,4.0,0.0,3.0,AWAY_TEAM,,Anthony Taylor,,,
436302,2023,36,2024-05-04T14:00:00Z,FINISHED,Sheffield United FC,356,Nottingham Forest FC,351,1.0,3.0,1.0,1.0,AWAY_TEAM,,Chris Kavanagh,,,
436301,2023,36,2024-05-04T16:30:00Z,FINISHED,Manchester City FC,65,Wolverhampton Wanderers FC,76,5.0,1.0,3.0,0.0,HOME_TEAM,,Craig Pawson,,,
436295,2023,36,2024-05-05T13:00:00Z,FINISHED,Brighton & Hove Albion FC,397,Aston Villa FC,58,1.0,0.0,0.0,0.0,HOME_TEAM,,Robert Jones,,,
436297,2023,36,2024-05-05T13:00:00Z,FINISHED,Chelsea FC,61,West Ham United FC,563,5.0,0.0,3.0,0.0,HOME_TEAM,,Bobby Madley,,,
436299,2023,36,2024-05-05T15:30:00Z,FINISHED,Liverpool FC,64,Tottenham Hotspur FC,73,4.0,2.0,2.0,0.0,HOME_TEAM,,Paul Tierney,,,
436298,2023,36,2024-05-06T19:00:00Z,FINISHED,Crystal Palace FC,354,Manchester United FC,66,4.0,0.0,2.0,0.0,HOME_TEAM,,Jarred Gillett,,,
436306,2023,37,2024-05-11T11:30:00Z,FINISHED,Fulham FC,63,Manchester City FC,65,0.0,4.0,0.0,1.0,AWAY_TEAM,,Anthony Taylor,,,
436303,2023,37,2024-05-11T14:00:00Z,FINISHED,AFC Bournemouth,1044,Brentford FC,402,1.0,2.0,0.0,0.0,AWAY_TEAM,,Matt Donohue,,,
436305,2023,37,2024-05-11T14:00:00Z,FINISHED,Everton FC,62,Sheffield United FC,356,1.0,0.0,1.0,0.0,HOME_TEAM,,Stuart Attwell,,,
436308,2023,37,2024-05-11T14:00:00Z,FINISHED,Newcastle United FC,67,Brighton & Hove Albion FC,397,1.0,1.0,1.0,1.0,DRAW,,Darren England,,,
436310,2023,37,2024-05-11T14:00:00Z,FINISHED,Tottenham Hotspur FC,73,Burnley FC,328,2.0,1.0,1.0,1.0,HOME_TEAM,,Jarred Gillett,,,
436311,2023,37,2024-05-11T14:00:00Z,FINISHED,West Ham United FC,563,Luton Town FC,389,3.0,1.0,0.0,1.0,HOME_TEAM,,Michael Oliver,,,
436312,2023,37,2024-05-11T14:00:00Z,FINISHED,Wolverhampton Wanderers FC,76,Crystal Palace FC,354,1.0,3.0,0.0,2.0,AWAY_TEAM,,Thomas Bramall,,,
436309,2023,37,2024-05-11T16:30:00Z,FINISHED,Nottingham Forest FC,351,Chelsea FC,61,2.0,3.0,1.0,1.0,AWAY_TEAM,,Tony Harrington,,,
436307,2023,37,2024-05-12T15:30:00Z,FINISHED,Manchester United FC,66,Arsenal FC,57,0.0,1.0,0.0,1.0,AWAY_TEAM,,Paul Tierney,,,
436304,2023,37,2024-05-13T19:00:00Z,FINISHED,Aston Villa FC,58,Liverpool FC,64,3.0,3.0,1.0,2.0,DRAW,,Simon Hooper,,,
436281,2023,34,2024-05-14T19:00:00Z,FINISHED,Tottenham Hotspur FC,73,Manchester City FC,65,0.0,2.0,0.0,0.0,AWAY_TEAM,,Chris Kavanagh,,,
436274,2023,34,2024-05-15T18:45:00Z,FINISHED,Brighton & Hove Albion FC,397,Chelsea FC,61,1.0,2.0,0.0,1.0,AWAY_TEAM,,Michael Salisbury,,,
436279,2023,34,2024-05-15T19:00:00Z,FINISHED,Manchester United FC,66,Newcastle United FC,67,3.0,2.0,1.0,0.0,HOME_TEAM,,Robert Jones,,,
436313,2023,38,2024-05-19T15:00:00Z,FINISHED,Arsenal FC,57,Everton FC,62,2.0,1.0,1.0,1.0,HOME_TEAM,,Michael Oliver,,,
436314,2023,38,2024-05-19T15:00:00Z,FINISHED,Brentford FC,402,Newcastle United FC,67,2.0,4.0,0.0,3.0,AWAY_TEAM,,Simon Hooper,,,
436315,2023,38,2024-05-19T15:00:00Z,FINISHED,Brighton & Hove Albion FC,397,Manchester United FC,66,0.0,2.0,0.0,0.0,AWAY_TEAM,,Craig Pawson,,,
436316,2023,38,2024-05-19T15:00:00Z,FINISHED,Burnley FC,328,Nottingham Forest FC,351,1.0,2.0,0.0,2.0,AWAY_TEAM,,Graham Scott,,,
436317,2023,38,2024-05-19T15:00:00Z,FINISHED,Chelsea FC,61,AFC Bournemouth,1044,2.0,1.0,1.0,0.0,HOME_TEAM,,Anthony Taylor,,,
436318,2023,38,2024-05-19T15:00:00Z,FINISHED,Crystal Palace FC,354,Aston Villa FC,58,5.0,0.0,2.0,0.0,HOME_TEAM,,Darren Bond,,,
436319,2023,38,2024-05-19T15:00:00Z,FINISHED,Liverpool FC,64,Wolverhampton Wanderers FC,76,2.0,0.0,2.0,0.0,HOME_TEAM,,Chris Kavanagh,,,
436320,2023,38,2024-05-19T15:00:00Z,FINISHED,Luton Town FC,389,Fulham FC,63,2.0,4.0,1.0,2.0,AWAY_TEAM,,Matt Donohue,,,
436321,2023,38,2024-05-19T15:00:00Z,FINISHED,Manchester City FC,65,West Ham United FC,563,3.0,1.0,2.0,1.0,HOME_TEAM,,John Brooks,,,
436322,2023,38,2024-05-19T15:00:00Z,FINISHED,Sheffield United FC,356,Tottenham Hotspur FC,73,0.0,3.0,0.0,1.0,AWAY_TEAM,,Bobby Madley,,,
497410,2024,1,2024-08-16T19:00:00Z,FINISHED,Manchester United FC,66,Fulham FC,63,1.0,0.0,0.0,0.0,HOME_TEAM,,Robert Jones,,,
497411,2024,1,2024-08-17T11:30:00Z,FINISHED,Ipswich Town FC,349,Liverpool FC,64,0.0,2.0,0.0,0.0,AWAY_TEAM,,Tim Robinson,,,
497412,2024,1,2024-08-17T14:00:00Z,FINISHED,Arsenal FC,57,Wolverhampton Wanderers FC,76,2.0,0.0,1.0,0.0,HOME_TEAM,,Jarred Gillett,,,
497413,2024,1,2024-08-17T14:00:00Z,FINISHED,Everton FC,62,Brighton & Hove Albion FC,397,0.0,3.0,0.0,1.0,AWAY_TEAM,,Simon Hooper,,,
497414,2024,1,2024-08-17T14:00:00Z,FINISHED,Newcastle United FC,67,Southampton FC,340,1.0,0.0,1.0,0.0,HOME_TEAM,,Craig Pawson,,,
497415,2024,1,2024-08-17T14:00:00Z,FINISHED,Nottingham Forest FC,351,AFC Bournemouth,1044,1.0,1.0,1.0,0.0,DRAW,,Michael Oliver,,,
497416,2024,1,2024-08-17T16:30:00Z,FINISHED,West Ham United FC,563,Aston Villa FC,58,1.0,2.0,1.0,1.0,AWAY_TEAM,,Tony Harrington,,,
497417,2024,1,2024-08-18T13:00:00Z,FINISHED,Brentford FC,402,Crystal Palace FC,354,2.0,1.0,1.0,0.0,HOME_TEAM,,Sam Barrott,,,
497418,2024,1,2024-08-18T15:30:00Z,FINISHED,Chelsea FC,61,Manchester City FC,65,0.0,2.0,0.0,1.0,AWAY_TEAM,,Anthony Taylor,,,
497419,2024,1,2024-08-19T19:00:00Z,FINISHED,Leicester City FC,338,Tottenham Hotspur FC,73,1.0,1.0,0.0,1.0,DRAW,,Chris Kavanagh,,,
497422,2024,2,2024-08-24T11:30:00Z,FINISHED,Brighton & Hove Albion FC,397,Manchester United FC,66,2.0,1.0,1.0,0.0,HOME_TEAM,,Craig Pawson,,,
497423,2024,2,2024-08-24T14:00:00Z,FINISHED,Crystal Palace FC,354,West Ham United FC,563,0.0,2.0,0.0,0.0,AWAY_TEAM,,Robert Jones,,,
497424,2024,2,2024-08-24T14:00:00Z,FINISHED,Fulham FC,63,Leicester City FC,338,2.0,1.0,1.0,1.0,HOME_TEAM,,Darren Bond,,,
497426,2024,2,2024-08-24T14:00:00Z,FINISHED,Manchester City FC,65,Ipswich Town FC,349,4.0,1.0,3.0,1.0,HOME_TEAM,,Michael Salisbury,,,
497427,2024,2,2024-08-24T14:00:00Z,FINISHED,Southampton FC,340,Nottingham Forest FC,351,0.0,1.0,0.0,0.0,AWAY_TEAM,,Sam Barrott,,,
497428,2024,2,2024-08-24T14:00:00Z,FINISHED,Tottenham Hotspur FC,73,Everton FC,62,4.0,0.0,2.0,0.0,HOME_TEAM,,Anthony Taylor,,,
497421,2024,2,2024-08-24T16:30:00Z,FINISHED,Aston Villa FC,58,Arsenal FC,57,0.0,2.0,0.0,0.0,AWAY_TEAM,,Michael Oliver,,,
497420,2024,2,2024-08-25T13:00:00Z,FINISHED,AFC Bournemouth,1044,Newcastle United FC,67,1.0,1.0,1.0,0.0,DRAW,,David Coote,,,
497429,2024,2,2024-08-25T13:00:00Z,FINISHED,Wolverhampton Wanderers FC,76,Chelsea FC,61,2.0,6.0,2.0,2.0,AWAY_TEAM,,Darren England,,,
497425,2024,2,2024-08-25T15:30:00Z,FINISHED,Liverpool FC,64,Brentford FC,402,2.0,0.0,1.0,0.0,HOME_TEAM,,Stuart Attwell,,,
497430,2024,3,2024-08-31T11:30:00Z,FINISHED,Arsenal FC,57,Brighton & Hove Albion FC,397,1.0,1.0,1.0,0.0,DRAW,,Chris Kavanagh,,,
497431,2024,3,2024-08-31T14:00:00Z,FINISHED,Brentford FC,402,Southampton FC,340,3.0,1.0,1.0,0.0,HOME_TEAM,,Joshua Smith,,,
497433,2024,3,2024-08-31T14:00:00Z,FINISHED,Everton FC,62,AFC Bournemouth,1044,2.0,3.0,0.0,0.0,AWAY_TEAM,,Stuart Attwell,,,
497434,2024,3,2024-08-31T14:00:00Z,FINISHED,Ipswich Town FC,349,Fulham FC,63,1.0,1.0,1.0,1.0,DRAW,,Lewis Smith,,,
497435,2024,3,2024-08-31T14:00:00Z,FINISHED,Leicester City FC,338,Aston Villa FC,58,1.0,2.0,0.0,1.0,AWAY_TEAM,,David Coote,,,
497438,2024,3,2024-08-31T14:00:00Z,FINISHED,Nottingham Forest FC,351,Wolverhampton Wanderers FC,76,1.0,1.0,1.0,1.0,DRAW,,Simon Hooper,,,
497439,2024,3,2024-08-31T16:30:00Z,FINISHED,West Ham United FC,563,Manchester City FC,65,1.0,3.0,1.0,2.0,AWAY_TEAM,,Michael Oliver,,,
497432,2024,3,2024-09-01T12:30:00Z,FINISHED,Chelsea FC,61,Crystal Palace FC,354,1.0,1.0,1.0,0.0,DRAW,,Jarred Gillett,,,
497437,2024,3,2024-09-01T12:30:00Z,FINISHED,Newcastle United FC,67,Tottenham Hotspur FC,73,2.0,1.0,1.0,0.0,HOME_TEAM,,Robert Jones,,,
497436,2024,3,2024-09-01T15:00:00Z,FINISHED,Manchester United FC,66,Liverpool FC,64,0.0,3.0,0.0,2.0,AWAY_TEAM,,Anthony Taylor,,,
497447,2024,4,2024-09-14T11:30:00Z,FINISHED,Southampton FC,340,Manchester United FC,66,0.0,3.0,0.0,2.0,AWAY_TEAM,,Stuart Attwell,,,
497442,2024,4,2024-09-14T14:00:00Z,FINISHED,Brighton & Hove Albion FC,397,Ipswich Town FC,349,0.0,0.0,0.0,0.0,DRAW,,Sam Barrott,,,
497443,2024,4,2024-09-14T14:00:00Z,FINISHED,Crystal Palace FC,354,Leicester City FC,338,2.0,2.0,0.0,1.0,DRAW,,Tony Harrington,,,
497444,2024,4,2024-09-14T14:00:00Z,FINISHED,Fulham FC,63,West Ham United FC,563,1.0,1.0,1.0,0.0,DRAW,,Tim Robinson,,,
497445,2024,4,2024-09-14T14:00:00Z,FINISHED,Liverpool FC,64,Nottingham Forest FC,351,0.0,1.0,0.0,0.0,AWAY_TEAM,,Michael Oliver,,,
497446,2024,4,2024-09-14T14:00:00Z,FINISHED,Manchester City FC,65,Brentford FC,402,2.0,1.0,2.0,1.0,HOME_TEAM,,Darren Bond,,,
497441,2024,4,2024-09-14T16:30:00Z,FINISHED,Aston Villa FC,58,Everton FC,62,3.0,2.0,1.0,2.0,HOME_TEAM,,Craig Pawson,,,
497440,2024,4,2024-09-14T19:00:00Z,FINISHED,AFC Bournemouth,1044,Chelsea FC,61,0.0,1.0,0.0,0.0,AWAY_TEAM,,Anthony Taylor,,,
497448,2024,4,2024-09-15T13:00:00Z,FINISHED,Tottenham Hotspur FC,73,Arsenal FC,57,0.0,1.0,0.0,0.0,AWAY_TEAM,,Jarred Gillett,,,
497449,2024,4,2024-09-15T15:30:00Z,FINISHED,Wolverhampton Wanderers FC,76,Newcastle United FC,67,1.0,2.0,1.0,0.0,AWAY_TEAM,,Chris Kavanagh,,,
497459,2024,5,2024-09-21T11:30:00Z,FINISHED,West Ham United FC,563,Chelsea FC,61,0.0,3.0,0.0,2.0,AWAY_TEAM,,Sam Barrott,,,
497450,2024,5,2024-09-21T14:00:00Z,FINISHED,Aston Villa FC,58,Wolverhampton Wanderers FC,76,3.0,1.0,0.0,1.0,HOME_TEAM,,Tim Robinson,,,
497453,2024,5,2024-09-21T14:00:00Z,FINISHED,Fulham FC,63,Newcastle United FC,67,3.0,1.0,2.0,0.0,HOME_TEAM,,Peter Bankes,,,
497454,2024,5,2024-09-21T14:00:00Z,FINISHED,Leicester City FC,338,Everton FC,62,1.0,1.0,0.0,1.0,DRAW,,Darren England,,,
497455,2024,5,2024-09-21T14:00:00Z,FINISHED,Liverpool FC,64,AFC Bournemouth,1044,3.0,0.0,3.0,0.0,HOME_TEAM,,Tony Harrington,,,
497457,2024,5,2024-09-21T14:00:00Z,FINISHED,Southampton FC,340,Ipswich Town FC,349,1.0,1.0,1.0,0.0,DRAW,,Samuel Allison,,,
497458,2024,5,2024-09-21T14:00:00Z,FINISHED,Tottenham Hotspur FC,73,Brentford FC,402,3.0,1.0,2.0,1.0,HOME_TEAM,,John Brooks,,,
497452,2024,5,2024-09-21T16:30:00Z,FINISHED,Crystal Palace FC,354,Manchester United FC,66,0.0,0.0,0.0,0.0,DRAW,,David Coote,,,
497451,2024,5,2024-09-22T13:00:00Z,FINISHED,Brighton & Hove Albion FC,397,Nottingham Forest FC,351,2.0,2.0,2.0,1.0,DRAW,,Robert Jones,,,
497456,2024,5,2024-09-22T15:30:00Z,FINISHED,Manchester City FC,65,Arsenal FC,57,2.0,2.0,1.0,2.0,DRAW,,Michael Oliver,,,
497467,2024,6,2024-09-28T11:30:00Z,FINISHED,Newcastle United FC,67,Manchester City FC,65,1.0,1.0,0.0,1.0,DRAW,,Jarred Gillett,,,
497461,2024,6,2024-09-28T14:00:00Z,FINISHED,Arsenal FC,57,Leicester City FC,338,4.0,2.0,2.0,0.0,HOME_TEAM,,Sam Barrott,,,
497462,2024,6,2024-09-28T14:00:00Z,FINISHED,Brentford FC,402,West Ham United FC,563,1.0,1.0,1.0,0.0,DRAW,,Simon Hooper,,,
497463,2024,6,2024-09-28T14:00:00Z,FINISHED,Chelsea FC,61,Brighton & Hove Albion FC,397,4.0,2.0,4.0,2.0,HOME_TEAM,,Peter Bankes,,,
497464,2024,6,2024-09-28T14:00:00Z,FINISHED,Everton FC,62,Crystal Palace FC,354,2.0,1.0,0.0,1.0,HOME_TEAM,,Andy Madley,,,
497468,2024,6,2024-09-28T14:00:00Z,FINISHED,Nottingham Forest FC,351,Fulham FC,63,0.0,1.0,0.0,0.0,AWAY_TEAM,,Joshua Smith,,,
497469,2024,6,2024-09-28T16:30:00Z,FINISHED,Wolverhampton Wanderers FC,76,Liverpool FC,64,1.0,2.0,0.0,1.0,AWAY_TEAM,,Anthony Taylor,,,
497465,2024,6,2024-09-29T13:00:00Z,FINISHED,Ipswich Town FC,349,Aston Villa FC,58,2.0,2.0,1.0,2.0,DRAW,,Stuart Attwell,,,
497466,2024,6,2024-09-29T15:30:00Z,FINISHED,Manchester United FC,66,Tottenham Hotspur FC,73,0.0,3.0,0.0,1.0,AWAY_TEAM,,Chris Kavanagh,,,
497460,2024,6,2024-09-30T19:00:00Z,FINISHED,AFC Bournemouth,1044,Southampton FC,340,3.0,1.0,3.0,0.0,HOME_TEAM,,Michael Oliver,,,
497475,2024,7,2024-10-05T11:30:00Z,FINISHED,Crystal Palace FC,354,Liverpool FC,64,0.0,1.0,0.0,1.0,AWAY_TEAM,,Simon Hooper,,,
497470,2024,7,2024-10-05T14:00:00Z,FINISHED,Arsenal FC,57,Southampton FC,340,3.0,1.0,0.0,0.0,HOME_TEAM,,Tony Harrington,,,
497472,2024,7,2024-10-05T14:00:00Z,FINISHED,Brentford FC,402,Wolverhampton Wanderers FC,76,5.0,3.0,4.0,2.0,HOME_TEAM,,Andy Madley,,,
497477,2024,7,2024-10-05T14:00:00Z,FINISHED,Leicester City FC,338,AFC Bournemouth,1044,1.0,0.0,1.0,0.0,HOME_TEAM,,Darren Bond,,,
497478,2024,7,2024-10-05T14:00:00Z,FINISHED,Manchester City FC,65,Fulham FC,63,3.0,2.0,1.0,1.0,HOME_TEAM,,Peter Bankes,,,
497479,2024,7,2024-10-05T14:00:00Z,FINISHED,West Ham United FC,563,Ipswich Town FC,349,4.0,1.0,2.0,1.0,HOME_TEAM,,Anthony Taylor,,,
497476,2024,7,2024-10-05T16:30:00Z,FINISHED,Everton FC,62,Newcastle United FC,67,0.0,0.0,0.0,0.0,DRAW,,Craig Pawson,,,
497471,2024,7,2024-10-06T13:00:00Z,FINISHED,Aston Villa FC,58,Manchester United FC,66,0.0,0.0,0.0,0.0,DRAW,,Robert Jones,,,
497474,2024,7,2024-10-06T13:00:00Z,FINISHED,Chelsea FC,61,Nottingham Forest FC,351,1.0,1.0,0.0,0.0,DRAW,,Chris Kavanagh,,,
497473,2024,7,2024-10-06T15:30:00Z,FINISHED,Brighton & Hove Albion FC,397,Tottenham Hotspur FC,73,3.0,2.0,0.0,2.0,HOME_TEAM,,David Coote,,,
497488,2024,8,2024-10-19T11:30:00Z,FINISHED,Tottenham Hotspur FC,73,West Ham United FC,563,4.0,1.0,1.0,1.0,HOME_TEAM,,Andy Madley,,,
497481,2024,8,2024-10-19T14:00:00Z,FINISHED,Fulham FC,63,Aston Villa FC,58,1.0,3.0,1.0,1.0,AWAY_TEAM,,Darren England,,,
497482,2024,8,2024-10-19T14:00:00Z,FINISHED,Ipswich Town FC,349,Everton FC,62,0.0,2.0,0.0,2.0,AWAY_TEAM,,Michael Oliver,,,
497484,2024,8,2024-10-19T14:00:00Z,FINISHED,Manchester United FC,66,Brentford FC,402,2.0,1.0,0.0,1.0,HOME_TEAM,,Sam Barrott,,,
497485,2024,8,2024-10-19T14:00:00Z,FINISHED,Newcastle United FC,67,Brighton & Hove Albion FC,397,0.0,1.0,0.0,1.0,AWAY_TEAM,,Peter Bankes,,,
497487,2024,8,2024-10-19T14:00:00Z,FINISHED,Southampton FC,340,Leicester City FC,338,2.0,3.0,2.0,0.0,AWAY_TEAM,,Anthony Taylor,,,
497480,2024,8,2024-10-19T16:30:00Z,FINISHED,AFC Bournemouth,1044,Arsenal FC,57,2.0,0.0,0.0,0.0,HOME_TEAM,,Robert Jones,,,
497489,2024,8,2024-10-20T13:00:00Z,FINISHED,Wolverhampton Wanderers FC,76,Manchester City FC,65,1.0,2.0,1.0,1.0,AWAY_TEAM,,Chris Kavanagh,,,
497483,2024,8,2024-10-20T15:30:00Z,FINISHED,Liverpool FC,64,Chelsea FC,61,2.0,1.0,1.0,0.0,HOME_TEAM,,John Brooks,,,
497486,2024,8,2024-10-21T19:00:00Z,FINISHED,Nottingham Forest FC,351,Crystal Palace FC,354,1.0,0.0,0.0,0.0,HOME_TEAM,,Tim Robinson,,,
497497,2024,9,2024-10-25T19:00:00Z,FINISHED,Leicester City FC,338,Nottingham Forest FC,351,1.0,3.0,1.0,1.0,AWAY_TEAM,,Craig Pawson,,,
497491,2024,9,2024-10-26T14:00:00Z,FINISHED,Aston Villa FC,58,AFC Bournemouth,1044,1.0,1.0,0.0,0.0,DRAW,,Andy Madley,,,
497492,2024,9,2024-10-26T14:00:00Z,FINISHED,Brentford FC,402,Ipswich Town FC,349,4.0,3.0,2.0,2.0,HOME_TEAM,,Lewis Smith,,,
497493,2024,9,2024-10-26T14:00:00Z,FINISHED,Brighton & Hove Albion FC,397,Wolverhampton Wanderers FC,76,2.0,2.0,1.0,0.0,DRAW,,Michael Oliver,,,
497498,2024,9,2024-10-26T14:00:00Z,FINISHED,Manchester City FC,65,Southampton FC,340,1.0,0.0,1.0,0.0,HOME_TEAM,,Tony Harrington,,,
497496,2024,9,2024-10-26T16:30:00Z,FINISHED,Everton FC,62,Fulham FC,63,1.0,1.0,0.0,0.0,DRAW,,John Brooks,,,
497494,2024,9,2024-10-27T14:00:00Z,FINISHED,Chelsea FC,61,Newcastle United FC,67,2.0,1.0,1.0,1.0,HOME_TEAM,,Simon Hooper,,,
497495,2024,9,2024-10-27T14:00:00Z,FINISHED,Crystal Palace FC,354,Tottenham Hotspur FC,73,1.0,0.0,1.0,0.0,HOME_TEAM,,Darren Bond,,,
497499,2024,9,2024-10-27T14:00:00Z,FINISHED,West Ham United FC,563,Manchester United FC,66,2.0,1.0,0.0,0.0,HOME_TEAM,,David Coote,,,
497490,2024,9,2024-10-27T16:30:00Z,FINISHED,Arsenal FC,57,Liverpool FC,64,2.0,2.0,2.0,1.0,DRAW,,Anthony Taylor,,,
497505,2024,10,2024-11-02T12:30:00Z,FINISHED,Newcastle United FC,67,Arsenal FC,57,1.0,0.0,1.0,0.0,HOME_TEAM,,John Brooks,,,
497500,2024,10,2024-11-02T15:00:00Z,FINISHED,AFC Bournemouth,1044,Manchester City FC,65,2.0,1.0,1.0,0.0,HOME_TEAM,,Michael Oliver,,,
497502,2024,10,2024-11-02T15:00:00Z,FINISHED,Ipswich Town FC,349,Leicester City FC,338,1.0,1.0,0.0,0.0,DRAW,,Tim Robinson,,,
497503,2024,10,2024-11-02T15:00:00Z,FINISHED,Liverpool FC,64,Brighton & Hove Albion FC,397,2.0,1.0,0.0,1.0,HOME_TEAM,,Tony Harrington,,,
497506,2024,10,2024-11-02T15:00:00Z,FINISHED,Nottingham Forest FC,351,West Ham United FC,563,3.0,0.0,1.0,0.0,HOME_TEAM,,Peter Bankes,,,
497507,2024,10,2024-11-02T15:00:00Z,FINISHED,Southampton FC,340,Everton FC,62,1.0,0.0,0.0,0.0,HOME_TEAM,,Andy Madley,,,
497509,2024,10,2024-11-02T17:30:00Z,FINISHED,Wolverhampton Wanderers FC,76,Crystal Palace FC,354,2.0,2.0,0.0,0.0,DRAW,,Anthony Taylor,,,
497508,2024,10,2024-11-03T14:00:00Z,FINISHED,Tottenham Hotspur FC,73,Aston Villa FC,58,4.0,1.0,0.0,1.0,HOME_TEAM,,Craig Pawson,,,
497504,2024,10,2024-11-03T16:30:00Z,FINISHED,Manchester United FC,66,Chelsea FC,61,1.0,1.0,0.0,0.0,DRAW,,Robert Jones,,,
497501,2024,10,2024-11-04T20:00:00Z,FINISHED,Fulham FC,63,Brentford FC,402,2.0,1.0,0.0,1.0,HOME_TEAM,,Stuart Attwell,,,
497510,2024,11,2024-11-09T15:00:00Z,FINISHED,Brentford FC,402,AFC Bournemouth,1044,3.0,2.0,1.0,1.0,HOME_TEAM,,Darren Bond,,,
497513,2024,11,2024-11-09T15:00:00Z,FINISHED,Crystal Palace FC,354,Fulham FC,63,0.0,2.0,0.0,1.0,AWAY_TEAM,,Michael Salisbury,,,
497518,2024,11,2024-11-09T15:00:00Z,FINISHED,West Ham United FC,563,Everton FC,62,0.0,0.0,0.0,0.0,DRAW,,Stuart Attwell,,,
497519,2024,11,2024-11-09T15:00:00Z,FINISHED,Wolverhampton Wanderers FC,76,Southampton FC,340,2.0,0.0,1.0,0.0,HOME_TEAM,,Thomas Bramall,,,
497511,2024,11,2024-11-09T17:30:00Z,FINISHED,Brighton & Hove Albion FC,397,Manchester City FC,65,2.0,1.0,0.0,1.0,HOME_TEAM,,Sam Barrott,,,
497514,2024,11,2024-11-09T20:00:00Z,FINISHED,Liverpool FC,64,Aston Villa FC,58,2.0,0.0,1.0,0.0,HOME_TEAM,,David Coote,,,
497515,2024,11,2024-11-10T14:00:00Z,FINISHED,Manchester United FC,66,Leicester City FC,338,3.0,0.0,2.0,0.0,HOME_TEAM,,Peter Bankes,,,
497516,2024,11,2024-11-10T14:00:00Z,FINISHED,Nottingham Forest FC,351,Newcastle United FC,67,1.0,3.0,1.0,0.0,AWAY_TEAM,,Anthony Taylor,,,
497517,2024,11,2024-11-10T14:00:00Z,FINISHED,Tottenham Hotspur FC,73,Ipswich Town FC,349,1.0,2.0,0.0,2.0,AWAY_TEAM,,Darren England,,,
497512,2024,11,2024-11-10T16:30:00Z,FINISHED,Chelsea FC,61,Arsenal FC,57,1.0,1.0,0.0,0.0,DRAW,,Michael Oliver,,,
497526,2024,12,2024-11-23T12:30:00Z,FINISHED,Leicester City FC,338,Chelsea FC,61,1.0,2.0,0.0,1.0,AWAY_TEAM,,Andy Madley,,,
497520,2024,12,2024-11-23T15:00:00Z,FINISHED,AFC Bournemouth,1044,Brighton & Hove Albion FC,397,1.0,2.0,0.0,1.0,AWAY_TEAM,,Stuart Attwell,,,
497521,2024,12,2024-11-23T15:00:00Z,FINISHED,Arsenal FC,57,Nottingham Forest FC,351,3.0,0.0,1.0,0.0,HOME_TEAM,,Simon Hooper,,,
497522,2024,12,2024-11-23T15:00:00Z,FINISHED,Aston Villa FC,58,Crystal Palace FC,354,2.0,2.0,1.0,2.0,DRAW,,Tim Robinson,,,
497523,2024,12,2024-11-23T15:00:00Z,FINISHED,Everton FC,62,Brentford FC,402,0.0,0.0,0.0,0.0,DRAW,,Chris Kavanagh,,,
497524,2024,12,2024-11-23T15:00:00Z,FINISHED,Fulham FC,63,Wolverhampton Wanderers FC,76,1.0,4.0,1.0,1.0,AWAY_TEAM,,Robert Jones,,,
497527,2024,12,2024-11-23T17:30:00Z,FINISHED,Manchester City FC,65,Tottenham Hotspur FC,73,0.0,4.0,0.0,2.0,AWAY_TEAM,,John Brooks,,,
497529,2024,12,2024-11-24T14:00:00Z,FINISHED,Southampton FC,340,Liverpool FC,64,2.0,3.0,1.0,1.0,AWAY_TEAM,,Sam Barrott,,,
497525,2024,12,2024-11-24T16:30:00Z,FINISHED,Ipswich Town FC,349,Manchester United FC,66,1.0,1.0,1.0,1.0,DRAW,,Anthony Taylor,,,
497528,2024,12,2024-11-25T20:00:00Z,FINISHED,Newcastle United FC,67,West Ham United FC,563,0.0,2.0,0.0,1.0,AWAY_TEAM,,Craig Pawson,,,
497531,2024,13,2024-11-29T20:00:00Z,FINISHED,Brighton & Hove Albion FC,397,Southampton FC,340,1.0,1.0,1.0,0.0,DRAW,,Robert Jones,,,
497530,2024,13,2024-11-30T15:00:00Z,FINISHED,Brentford FC,402,Leicester City FC,338,4.0,1.0,3.0,1.0,HOME_TEAM,,Michael Oliver,,,
497533,2024,13,2024-11-30T15:00:00Z,FINISHED,Crystal Palace FC,354,Newcastle United FC,67,1.0,1.0,0.0,0.0,DRAW,,Darren England,,,
497536,2024,13,2024-11-30T15:00:00Z,FINISHED,Nottingham Forest FC,351,Ipswich Town FC,349,1.0,0.0,0.0,0.0,HOME_TEAM,,Tony Harrington,,,
497539,2024,13,2024-11-30T15:00:00Z,FINISHED,Wolverhampton Wanderers FC,76,AFC Bournemouth,1044,2.0,4.0,1.0,3.0,AWAY_TEAM,,Peter Bankes,,,
497538,2024,13,2024-11-30T17:30:00Z,FINISHED,West Ham United FC,563,Arsenal FC,57,2.0,5.0,2.0,5.0,AWAY_TEAM,,Anthony Taylor,,,
497532,2024,13,2024-12-01T13:30:00Z,FINISHED,Chelsea FC,61,Aston Villa FC,58,3.0,0.0,2.0,0.0,HOME_TEAM,,Stuart Attwell,,,
497535,2024,13,2024-12-01T13:30:00Z,FINISHED,Manchester United FC,66,Everton FC,62,4.0,0.0,2.0,0.0,HOME_TEAM,,John Brooks,,,
497537,2024,13,2024-12-01T13:30:00Z,FINISHED,Tottenham Hotspur FC,73,Fulham FC,63,1.0,1.0,0.0,0.0,DRAW,,Darren Bond,,,
497534,2024,13,2024-12-01T16:00:00Z,FINISHED,Liverpool FC,64,Manchester City FC,65,2.0,0.0,1.0,0.0,HOME_TEAM,,Chris Kavanagh,,,
497545,2024,14,2024-12-03T19:30:00Z,FINISHED,Ipswich Town FC,349,Crystal Palace FC,354,0.0,1.0,0.0,0.0,AWAY_TEAM,,Craig Pawson,,,
497546,2024,14,2024-12-03T20:15:00Z,FINISHED,Leicester City FC,338,West Ham United FC,563,3.0,1.0,1.0,0.0,HOME_TEAM,,Joshua Smith,,,
497543,2024,14,2024-12-04T19:30:00Z,FINISHED,Everton FC,62,Wolverhampton Wanderers FC,76,4.0,0.0,2.0,0.0,HOME_TEAM,,Michael Salisbury,,,
497547,2024,14,2024-12-04T19:30:00Z,FINISHED,Manchester City FC,65,Nottingham Forest FC,351,3.0,0.0,2.0,0.0,HOME_TEAM,,Michael Oliver,,,
497548,2024,14,2024-12-04T19:30:00Z,FINISHED,Newcastle United FC,67,Liverpool FC,64,3.0,3.0,1.0,0.0,DRAW,,Andy Madley,,,
497549,2024,14,2024-12-04T19:30:00Z,FINISHED,Southampton FC,340,Chelsea FC,61,1.0,5.0,1.0,3.0,AWAY_TEAM,,Tony Harrington,,,
497541,2024,14,2024-12-04T20:15:00Z,FINISHED,Arsenal FC,57,Manchester United FC,66,2.0,0.0,0.0,0.0,HOME_TEAM,,Sam Barrott,,,
497542,2024,14,2024-12-04T20:15:00Z,FINISHED,Aston Villa FC,58,Brentford FC,402,3.0,1.0,3.0,0.0,HOME_TEAM,,Lewis Smith,,,
497544,2024,14,2024-12-05T19:30:00Z,FINISHED,Fulham FC,63,Brighton & Hove Albion FC,397,3.0,1.0,1.0,0.0,HOME_TEAM,,Peter Bankes,,,
497540,2024,14,2024-12-05T20:15:00Z,FINISHED,AFC Bournemouth,1044,Tottenham Hotspur FC,73,1.0,0.0,1.0,0.0,HOME_TEAM,,Simon Hooper,,,
497550,2024,15,2024-12-07T15:00:00Z,FINISHED,Aston Villa FC,58,Southampton FC,340,1.0,0.0,1.0,0.0,HOME_TEAM,,Darren Bond,,,
497551,2024,15,2024-12-07T15:00:00Z,FINISHED,Brentford FC,402,Newcastle United FC,67,4.0,2.0,2.0,2.0,HOME_TEAM,,Tim Robinson,,,
497552,2024,15,2024-12-07T15:00:00Z,FINISHED,Crystal Palace FC,354,Manchester City FC,65,2.0,2.0,1.0,1.0,DRAW,,Robert Jones,,,
497557,2024,15,2024-12-07T17:30:00Z,FINISHED,Manchester United FC,66,Nottingham Forest FC,351,2.0,3.0,1.0,1.0,AWAY_TEAM,,Darren England,,,
497554,2024,15,2024-12-08T14:00:00Z,FINISHED,Fulham FC,63,Arsenal FC,57,1.0,1.0,1.0,0.0,DRAW,,Chris Kavanagh,,,
497555,2024,15,2024-12-08T14:00:00Z,FINISHED,Ipswich Town FC,349,AFC Bournemouth,1044,1.0,2.0,1.0,0.0,AWAY_TEAM,,Michael Salisbury,,,
497556,2024,15,2024-12-08T14:00:00Z,FINISHED,Leicester City FC,338,Brighton & Hove Albion FC,397,2.0,2.0,0.0,1.0,DRAW,,Stuart Attwell,,,
497558,2024,15,2024-12-08T16:30:00Z,FINISHED,Tottenham Hotspur FC,73,Chelsea FC,61,3.0,4.0,2.0,1.0,AWAY_TEAM,,Anthony Taylor,,,
497559,2024,15,2024-12-09T20:00:00Z,FINISHED,West Ham United FC,563,Wolverhampton Wanderers FC,76,2.0,1.0,0.0,0.0,HOME_TEAM,,John Brooks,,,
497561,2024,16,2024-12-14T15:00:00Z,FINISHED,Arsenal FC,57,Everton FC,62,0.0,0.0,0.0,0.0,DRAW,,Craig Pawson,,,
497564,2024,16,2024-12-14T15:00:00Z,FINISHED,Liverpool FC,64,Fulham FC,63,2.0,2.0,0.0,1.0,DRAW,,Tony Harrington,,,
497566,2024,16,2024-12-14T15:00:00Z,FINISHED,Newcastle United FC,67,Leicester City FC,338,4.0,0.0,1.0,0.0,HOME_TEAM,,Thomas Bramall,,,
497569,2024,16,2024-12-14T15:00:00Z,FINISHED,Wolverhampton Wanderers FC,76,Ipswich Town FC,349,1.0,2.0,0.0,1.0,AWAY_TEAM,,Simon Hooper,,,
497567,2024,16,2024-12-14T17:30:00Z,FINISHED,Nottingham Forest FC,351,Aston Villa FC,58,2.0,1.0,0.0,0.0,HOME_TEAM,,Sam Barrott,,,
497562,2024,16,2024-12-15T14:00:00Z,FINISHED,Brighton & Hove Albion FC,397,Crystal Palace FC,354,1.0,3.0,0.0,2.0,AWAY_TEAM,,Michael Oliver,,,
497565,2024,16,2024-12-15T16:30:00Z,FINISHED,Manchester City FC,65,Manchester United FC,66,1.0,2.0,1.0,0.0,AWAY_TEAM,,Anthony Taylor,,,
497563,2024,16,2024-12-15T19:00:00Z,FINISHED,Chelsea FC,61,Brentford FC,402,2.0,1.0,1.0,0.0,HOME_TEAM,,Peter Bankes,,,
497568,2024,16,2024-12-15T19:00:00Z,FINISHED,Southampton FC,340,Tottenham Hotspur FC,73,0.0,5.0,0.0,5.0,AWAY_TEAM,,Darren England,,,
497560,2024,16,2024-12-16T20:00:00Z,FINISHED,AFC Bournemouth,1044,West Ham United FC,563,1.0,1.0,0.0,0.0,DRAW,,Chris Kavanagh,,,
497570,2024,17,2024-12-21T12:30:00Z,FINISHED,Aston Villa FC,58,Manchester City FC,65,2.0,1.0,1.0,0.0,HOME_TEAM,,Peter Bankes,,,
497571,2024,17,2024-12-21T15:00:00Z,FINISHED,Brentford FC,402,Nottingham Forest FC,351,0.0,2.0,0.0,1.0,AWAY_TEAM,,Michael Oliver,,,
497575,2024,17,2024-12-21T15:00:00Z,FINISHED,Ipswich Town FC,349,Newcastle United FC,67,0.0,4.0,0.0,3.0,AWAY_TEAM,,Stuart Attwell,,,
497579,2024,17,2024-12-21T15:00:00Z,FINISHED,West Ham United FC,563,Brighton & Hove Albion FC,397,1.0,1.0,0.0,0.0,DRAW,,Robert Jones,,,
497572,2024,17,2024-12-21T17:30:00Z,FINISHED,Crystal Palace FC,354,Arsenal FC,57,1.0,5.0,1.0,3.0,AWAY_TEAM,,Simon Hooper,,,
497573,2024,17,2024-12-22T14:00:00Z,FINISHED,Everton FC,62,Chelsea FC,61,0.0,0.0,0.0,0.0,DRAW,,Chris Kavanagh,,,
497574,2024,17,2024-12-22T14:00:00Z,FINISHED,Fulham FC,63,Southampton FC,340,0.0,0.0,0.0,0.0,DRAW,,Tim Robinson,,,
497576,2024,17,2024-12-22T14:00:00Z,FINISHED,Leicester City FC,338,Wolverhampton Wanderers FC,76,0.0,3.0,0.0,3.0,AWAY_TEAM,,Anthony Taylor,,,
497577,2024,17,2024-12-22T14:00:00Z,FINISHED,Manchester United FC,66,AFC Bournemouth,1044,0.0,3.0,0.0,1.0,AWAY_TEAM,,Craig Pawson,,,
497578,2024,17,2024-12-22T16:30:00Z,FINISHED,Tottenham Hotspur FC,73,Liverpool FC,64,3.0,6.0,1.0,3.0,AWAY_TEAM,,Sam Barrott,,,
497585,2024,18,2024-12-26T12:30:00Z,FINISHED,Manchester City FC,65,Everton FC,62,1.0,1.0,1.0,1.0,DRAW,,Simon Hooper,,,
497580,2024,18,2024-12-26T15:00:00Z,FINISHED,AFC Bournemouth,1044,Crystal Palace FC,354,0.0,0.0,0.0,0.0,DRAW,,Thomas Bramall,,,
497583,2024,18,2024-12-26T15:00:00Z,FINISHED,Chelsea FC,61,Fulham FC,63,1.0,2.0,1.0,0.0,AWAY_TEAM,,Sam Barrott,,,
497586,2024,18,2024-12-26T15:00:00Z,FINISHED,Newcastle United FC,67,Aston Villa FC,58,3.0,0.0,1.0,0.0,HOME_TEAM,,Anthony Taylor,,,
497587,2024,18,2024-12-26T15:00:00Z,FINISHED,Nottingham Forest FC,351,Tottenham Hotspur FC,73,1.0,0.0,1.0,0.0,HOME_TEAM,,Craig Pawson,,,
497588,2024,18,2024-12-26T15:00:00Z,FINISHED,Southampton FC,340,West Ham United FC,563,0.0,1.0,0.0,0.0,AWAY_TEAM,,Lewis Smith,,,
497589,2024,18,2024-12-26T17:30:00Z,FINISHED,Wolverhampton Wanderers FC,76,Manchester United FC,66,2.0,0.0,0.0,0.0,HOME_TEAM,,Tony Harrington,,,
497584,2024,18,2024-12-26T20:00:00Z,FINISHED,Liverpool FC,64,Leicester City FC,338,3.0,1.0,1.0,1.0,HOME_TEAM,,Darren Bond,,,
497582,2024,18,2024-12-27T19:30:00Z,FINISHED,Brighton & Hove Albion FC,397,Brentford FC,402,0.0,0.0,0.0,0.0,DRAW,,Andy Madley,,,
497581,2024,18,2024-12-27T20:15:00Z,FINISHED,Arsenal FC,57,Ipswich Town FC,349,1.0,0.0,1.0,0.0,HOME_TEAM,,Darren England,,,
497596,2024,19,2024-12-29T14:30:00Z,FINISHED,Leicester City FC,338,Manchester City FC,65,0.0,2.0,0.0,1.0,AWAY_TEAM,,Michael Oliver,,,
497592,2024,19,2024-12-29T15:00:00Z,FINISHED,Crystal Palace FC,354,Southampton FC,340,2.0,1.0,1.0,1.0,HOME_TEAM,,Michael Salisbury,,,
497593,2024,19,2024-12-29T15:00:00Z,FINISHED,Everton FC,62,Nottingham Forest FC,351,0.0,2.0,0.0,1.0,AWAY_TEAM,,Tony Harrington,,,
497594,2024,19,2024-12-29T15:00:00Z,FINISHED,Fulham FC,63,AFC Bournemouth,1044,2.0,2.0,1.0,0.0,DRAW,,Robert Jones,,,
497598,2024,19,2024-12-29T15:00:00Z,FINISHED,Tottenham Hotspur FC,73,Wolverhampton Wanderers FC,76,2.0,2.0,2.0,1.0,DRAW,,Chris Kavanagh,,,
497599,2024,19,2024-12-29T17:15:00Z,FINISHED,West Ham United FC,563,Liverpool FC,64,0.0,5.0,0.0,3.0,AWAY_TEAM,,Anthony Taylor,,,
497590,2024,19,2024-12-30T19:45:00Z,FINISHED,Aston Villa FC,58,Brighton & Hove Albion FC,397,2.0,2.0,1.0,1.0,DRAW,,Craig Pawson,,,
497595,2024,19,2024-12-30T19:45:00Z,FINISHED,Ipswich Town FC,349,Chelsea FC,61,2.0,0.0,1.0,0.0,HOME_TEAM,,John Brooks,,,
497597,2024,19,2024-12-30T20:00:00Z,FINISHED,Manchester United FC,66,Newcastle United FC,67,0.0,2.0,0.0,2.0,AWAY_TEAM,,Simon Hooper,,,
497591,2024,19,2025-01-01T17:30:00Z,FINISHED,Brentford FC,402,Arsenal FC,57,1.0,3.0,1.0,1.0,AWAY_TEAM,,Peter Bankes,,,
497607,2024,20,2025-01-04T12:30:00Z,FINISHED,Tottenham Hotspur FC,73,Newcastle United FC,67,1.0,2.0,1.0,2.0,AWAY_TEAM,,Andy Madley,,,
497601,2024,20,2025-01-04T15:00:00Z,FINISHED,Southampton FC,340,Brentford FC,402,0.0,5.0,0.0,1.0,AWAY_TEAM,,Stuart Attwell,,,
497602,2024,20,2025-01-04T15:00:00Z,FINISHED,Crystal Palace FC,354,Chelsea FC,61,1.0,1.0,0.0,1.0,DRAW,,Tim Robinson,,,
497603,2024,20,2025-01-04T15:00:00Z,FINISHED,AFC Bournemouth,1044,Everton FC,62,1.0,0.0,0.0,0.0,HOME_TEAM,,John Brooks,,,
497605,2024,20,2025-01-04T15:00:00Z,FINISHED,Aston Villa FC,58,Leicester City FC,338,2.0,1.0,0.0,0.0,HOME_TEAM,,Jarred Gillett,,,
497609,2024,20,2025-01-04T15:00:00Z,FINISHED,Manchester City FC,65,West Ham United FC,563,4.0,1.0,2.0,0.0,HOME_TEAM,,Michael Salisbury,,,
497600,2024,20,2025-01-04T17:30:00Z,FINISHED,Brighton & Hove Albion FC,397,Arsenal FC,57,1.0,1.0,0.0,1.0,DRAW,,Anthony Taylor,,,
497604,2024,20,2025-01-05T14:00:00Z,FINISHED,Fulham FC,63,Ipswich Town FC,349,2.0,2.0,0.0,1.0,DRAW,,Darren Bond,,,
497606,2024,20,2025-01-05T16:30:00Z,FINISHED,Liverpool FC,64,Manchester United FC,66,2.0,2.0,0.0,0.0,DRAW,,Michael Oliver,,,
497608,2024,20,2025-01-06T20:00:00Z,FINISHED,Wolverhampton Wanderers FC,76,Nottingham Forest FC,351,0.0,3.0,0.0,2.0,AWAY_TEAM,,Peter Bankes,,,
497613,2024,21,2025-01-14T19:30:00Z,FINISHED,West Ham United FC,563,Fulham FC,63,3.0,2.0,2.0,0.0,HOME_TEAM,,Craig Pawson,,,
497615,2024,21,2025-01-14T19:30:00Z,FINISHED,Brentford FC,402,Manchester City FC,65,2.0,2.0,0.0,0.0,DRAW,,Anthony Taylor,,,
497617,2024,21,2025-01-14T19:30:00Z,FINISHED,Chelsea FC,61,AFC Bournemouth,1044,2.0,2.0,1.0,0.0,DRAW,,Robert Jones,,,
497614,2024,21,2025-01-14T20:00:00Z,FINISHED,Nottingham Forest FC,351,Liverpool FC,64,1.0,1.0,1.0,0.0,DRAW,,Chris Kavanagh,,,
497610,2024,21,2025-01-15T19:30:00Z,FINISHED,Everton FC,62,Aston Villa FC,58,0.0,1.0,0.0,0.0,AWAY_TEAM,,Sam Barrott,,,
497612,2024,21,2025-01-15T19:30:00Z,FINISHED,Leicester City FC,338,Crystal Palace FC,354,0.0,2.0,0.0,0.0,AWAY_TEAM,,Andy Madley,,,
497619,2024,21,2025-01-15T19:30:00Z,FINISHED,Newcastle United FC,67,Wolverhampton Wanderers FC,76,3.0,0.0,1.0,0.0,HOME_TEAM,,Darren England,,,
497616,2024,21,2025-01-15T20:00:00Z,FINISHED,Arsenal FC,57,Tottenham Hotspur FC,73,2.0,1.0,2.0,1.0,HOME_TEAM,,Simon Hooper,,,
497611,2024,21,2025-01-16T19:30:00Z,FINISHED,Ipswich Town FC,349,Brighton & Hove Albion FC,397,0.0,2.0,0.0,0.0,AWAY_TEAM,,Tony Harrington,,,
497618,2024,21,2025-01-16T20:00:00Z,FINISHED,Manchester United FC,66,Southampton FC,340,3.0,1.0,0.0,1.0,HOME_TEAM,,John Brooks,,,
497620,2024,22,2025-01-18T12:30:00Z,FINISHED,Newcastle United FC,67,AFC Bournemouth,1044,1.0,4.0,1.0,2.0,AWAY_TEAM,,Stuart Attwell,,,
497623,2024,22,2025-01-18T15:00:00Z,FINISHED,West Ham United FC,563,Crystal Palace FC,354,0.0,2.0,0.0,0.0,AWAY_TEAM,,Thomas Bramall,,,
497624,2024,22,2025-01-18T15:00:00Z,FINISHED,Leicester City FC,338,Fulham FC,63,0.0,2.0,0.0,0.0,AWAY_TEAM,,Michael Salisbury,,,
497625,2024,22,2025-01-18T15:00:00Z,FINISHED,Brentford FC,402,Liverpool FC,64,0.0,2.0,0.0,0.0,AWAY_TEAM,,Andy Madley,,,
497621,2024,22,2025-01-18T17:30:00Z,FINISHED,Arsenal FC,57,Aston Villa FC,58,2.0,2.0,1.0,0.0,DRAW,,Chris Kavanagh,,,
497622,2024,22,2025-01-19T14:00:00Z,FINISHED,Manchester United FC,66,Brighton & Hove Albion FC,397,1.0,3.0,1.0,1.0,AWAY_TEAM,,Peter Bankes,,,
497627,2024,22,2025-01-19T14:00:00Z,FINISHED,Nottingham Forest FC,351,Southampton FC,340,3.0,2.0,3.0,0.0,HOME_TEAM,,Anthony Taylor,,,
497628,2024,22,2025-01-19T14:00:00Z,FINISHED,Everton FC,62,Tottenham Hotspur FC,73,3.0,2.0,3.0,0.0,HOME_TEAM,,Darren England,,,
497626,2024,22,2025-01-19T16:30:00Z,FINISHED,Ipswich Town FC,349,Manchester City FC,65,0.0,6.0,0.0,3.0,AWAY_TEAM,,Sam Barrott,,,
497629,2024,22,2025-01-20T20:00:00Z,FINISHED,Chelsea FC,61,Wolverhampton Wanderers FC,76,3.0,1.0,1.0,1.0,HOME_TEAM,,Simon Hooper,,,
497631,2024,23,2025-01-25T15:00:00Z,FINISHED,Liverpool FC,64,Ipswich Town FC,349,4.0,1.0,3.0,0.0,HOME_TEAM,,Michael Salisbury,,,
497632,2024,23,2025-01-25T15:00:00Z,FINISHED,Wolverhampton Wanderers FC,76,Arsenal FC,57,0.0,1.0,0.0,0.0,AWAY_TEAM,,Michael Oliver,,,
497633,2024,23,2025-01-25T15:00:00Z,FINISHED,Brighton & Hove Albion FC,397,Everton FC,62,0.0,1.0,0.0,1.0,AWAY_TEAM,,Tim Robinson,,,
497634,2024,23,2025-01-25T15:00:00Z,FINISHED,Southampton FC,340,Newcastle United FC,67,1.0,3.0,1.0,2.0,AWAY_TEAM,,Sam Barrott,,,
497635,2024,23,2025-01-25T15:00:00Z,FINISHED,AFC Bournemouth,1044,Nottingham Forest FC,351,5.0,0.0,1.0,0.0,HOME_TEAM,,Craig Pawson,,,
497638,2024,23,2025-01-25T17:30:00Z,FINISHED,Manchester City FC,65,Chelsea FC,61,3.0,1.0,1.0,1.0,HOME_TEAM,,John Brooks,,,
497637,2024,23,2025-01-26T14:00:00Z,FINISHED,Crystal Palace FC,354,Brentford FC,402,1.0,2.0,0.0,0.0,AWAY_TEAM,,Tony Harrington,,,
497639,2024,23,2025-01-26T14:00:00Z,FINISHED,Tottenham Hotspur FC,73,Leicester City FC,338,1.0,2.0,1.0,0.0,AWAY_TEAM,,Robert Jones,,,
497636,2024,23,2025-01-26T16:30:00Z,FINISHED,Aston Villa FC,58,West Ham United FC,563,1.0,1.0,1.0,0.0,DRAW,,Peter Bankes,,,
497630,2024,23,2025-01-26T19:00:00Z,FINISHED,Fulham FC,63,Manchester United FC,66,0.0,1.0,0.0,0.0,AWAY_TEAM,,Anthony Taylor,,,
497641,2024,24,2025-02-01T12:30:00Z,FINISHED,Nottingham Forest FC,351,Brighton & Hove Albion FC,397,7.0,0.0,3.0,0.0,HOME_TEAM,,Simon Hooper,,,
497643,2024,24,2025-02-01T15:00:00Z,FINISHED,Newcastle United FC,67,Fulham FC,63,1.0,2.0,1.0,0.0,AWAY_TEAM,,Chris Kavanagh,,,
497644,2024,24,2025-02-01T15:00:00Z,FINISHED,Everton FC,62,Leicester City FC,338,4.0,0.0,3.0,0.0,HOME_TEAM,,Darren Bond,,,
497645,2024,24,2025-02-01T15:00:00Z,FINISHED,AFC Bournemouth,1044,Liverpool FC,64,0.0,2.0,0.0,1.0,AWAY_TEAM,,Darren England,,,
497647,2024,24,2025-02-01T15:00:00Z,FINISHED,Ipswich Town FC,349,Southampton FC,340,1.0,2.0,1.0,1.0,AWAY_TEAM,,Michael Oliver,,,
497640,2024,24,2025-02-01T17:30:00Z,FINISHED,Wolverhampton Wanderers FC,76,Aston Villa FC,58,2.0,0.0,1.0,0.0,HOME_TEAM,,Andy Madley,,,
497642,2024,24,2025-02-02T14:00:00Z,FINISHED,Manchester United FC,66,Crystal Palace FC,354,0.0,2.0,0.0,0.0,AWAY_TEAM,,John Brooks,,,
497648,2024,24,2025-02-02T14:00:00Z,FINISHED,Brentford FC,402,Tottenham Hotspur FC,73,0.0,2.0,0.0,1.0,AWAY_TEAM,,Jarred Gillett,,,
497646,2024,24,2025-02-02T16:30:00Z,FINISHED,Arsenal FC,57,Manchester City FC,65,5.0,1.0,1.0,0.0,HOME_TEAM,,Peter Bankes,,,
497649,2024,24,2025-02-03T20:00:00Z,FINISHED,Chelsea FC,61,West Ham United FC,563,2.0,1.0,0.0,1.0,HOME_TEAM,,Stuart Attwell,,,
497553,2024,15,2025-02-12T19:30:00Z,FINISHED,Everton FC,62,Liverpool FC,64,2.0,2.0,1.0,1.0,DRAW,,Michael Oliver,,,
497653,2024,25,2025-02-14T20:00:00Z,FINISHED,Brighton & Hove Albion FC,397,Chelsea FC,61,3.0,0.0,2.0,0.0,HOME_TEAM,,Chris Kavanagh,,,
497651,2024,25,2025-02-15T12:30:00Z,FINISHED,Leicester City FC,338,Arsenal FC,57,0.0,2.0,0.0,0.0,AWAY_TEAM,,Sam Barrott,,,
497650,2024,25,2025-02-15T15:00:00Z,FINISHED,Southampton FC,340,AFC Bournemouth,1044,1.0,3.0,0.0,2.0,AWAY_TEAM,,Jarred Gillett,,,
497652,2024,25,2025-02-15T15:00:00Z,FINISHED,West Ham United FC,563,Brentford FC,402,0.0,1.0,0.0,1.0,AWAY_TEAM,,Darren England,,,
497655,2024,25,2025-02-15T15:00:00Z,FINISHED,Aston Villa FC,58,Ipswich Town FC,349,1.0,1.0,0.0,0.0,DRAW,,Robert Jones,,,
497657,2024,25,2025-02-15T15:00:00Z,FINISHED,Manchester City FC,65,Newcastle United FC,67,4.0,0.0,3.0,0.0,HOME_TEAM,,Andy Madley,,,
497658,2024,25,2025-02-15T15:00:00Z,FINISHED,Fulham FC,63,Nottingham Forest FC,351,2.0,1.0,1.0,1.0,HOME_TEAM,,Thomas Bramall,,,
497654,2024,25,2025-02-15T17:30:00Z,FINISHED,Crystal Palace FC,354,Everton FC,62,1.0,2.0,0.0,1.0,AWAY_TEAM,,Anthony Taylor,,,
497659,2024,25,2025-02-16T14:00:00Z,FINISHED,Liverpool FC,64,Wolverhampton Wanderers FC,76,2.0,1.0,2.0,0.0,HOME_TEAM,,Simon Hooper,,,
497656,2024,25,2025-02-16T16:30:00Z,FINISHED,Tottenham Hotspur FC,73,Manchester United FC,66,1.0,0.0,1.0,0.0,HOME_TEAM,,Peter Bankes,,,
497692,2024,29,2025-02-19T19:30:00Z,FINISHED,Aston Villa FC,58,Liverpool FC,64,2.0,2.0,2.0,1.0,DRAW,,Craig Pawson,,,
497660,2024,26,2025-02-21T20:00:00Z,FINISHED,Leicester City FC,338,Brentford FC,402,0.0,4.0,0.0,3.0,AWAY_TEAM,,Tony Harrington,,,
497665,2024,26,2025-02-22T12:30:00Z,FINISHED,Everton FC,62,Manchester United FC,66,2.0,2.0,2.0,0.0,DRAW,,Andy Madley,,,
497666,2024,26,2025-02-22T15:00:00Z,FINISHED,Ipswich Town FC,349,Tottenham Hotspur FC,73,1.0,4.0,1.0,2.0,AWAY_TEAM,,Tim Robinson,,,
497667,2024,26,2025-02-22T15:00:00Z,FINISHED,Fulham FC,63,Crystal Palace FC,354,0.0,2.0,0.0,1.0,AWAY_TEAM,,Robert Jones,,,
497668,2024,26,2025-02-22T15:00:00Z,FINISHED,Arsenal FC,57,West Ham United FC,563,0.0,1.0,0.0,1.0,AWAY_TEAM,,Craig Pawson,,,
497669,2024,26,2025-02-22T15:00:00Z,FINISHED,AFC Bournemouth,1044,Wolverhampton Wanderers FC,76,0.0,1.0,0.0,1.0,AWAY_TEAM,,Michael Salisbury,,,
497661,2024,26,2025-02-22T15:00:00Z,FINISHED,Southampton FC,340,Brighton & Hove Albion FC,397,0.0,4.0,0.0,1.0,AWAY_TEAM,,Darren Bond,,,
497662,2024,26,2025-02-22T17:30:00Z,FINISHED,Aston Villa FC,58,Chelsea FC,61,2.0,1.0,0.0,1.0,HOME_TEAM,,Michael Oliver,,,
497663,2024,26,2025-02-23T14:00:00Z,FINISHED,Newcastle United FC,67,Nottingham Forest FC,351,4.0,3.0,4.0,1.0,HOME_TEAM,,Jarred Gillett,,,
497664,2024,26,2025-02-23T16:30:00Z,FINISHED,Manchester City FC,65,Liverpool FC,64,0.0,2.0,0.0,2.0,AWAY_TEAM,,Anthony Taylor,,,
497670,2024,27,2025-02-25T19:30:00Z,FINISHED,Brighton & Hove Albion FC,397,AFC Bournemouth,1044,2.0,1.0,1.0,0.0,HOME_TEAM,,Michael Oliver,,,
497672,2024,27,2025-02-25T19:30:00Z,FINISHED,Crystal Palace FC,354,Aston Villa FC,58,4.0,1.0,1.0,0.0,HOME_TEAM,,Sam Barrott,,,
497674,2024,27,2025-02-25T19:30:00Z,FINISHED,Wolverhampton Wanderers FC,76,Fulham FC,63,1.0,2.0,1.0,1.0,AWAY_TEAM,,Peter Bankes,,,
497678,2024,27,2025-02-25T20:15:00Z,FINISHED,Chelsea FC,61,Southampton FC,340,4.0,0.0,3.0,0.0,HOME_TEAM,,Thomas Bramall,,,
497671,2024,27,2025-02-26T19:30:00Z,FINISHED,Nottingham Forest FC,351,Arsenal FC,57,0.0,0.0,0.0,0.0,DRAW,,Andy Madley,,,
497673,2024,27,2025-02-26T19:30:00Z,FINISHED,Brentford FC,402,Everton FC,62,1.0,1.0,1.0,0.0,DRAW,,Simon Hooper,,,
497675,2024,27,2025-02-26T19:30:00Z,FINISHED,Tottenham Hotspur FC,73,Manchester City FC,65,0.0,1.0,0.0,1.0,AWAY_TEAM,,Jarred Gillett,,,
497677,2024,27,2025-02-26T19:30:00Z,FINISHED,Manchester United FC,66,Ipswich Town FC,349,3.0,2.0,2.0,2.0,HOME_TEAM,,Darren England,,,
497679,2024,27,2025-02-26T20:15:00Z,FINISHED,Liverpool FC,64,Newcastle United FC,67,2.0,0.0,1.0,0.0,HOME_TEAM,,Chris Kavanagh,,,
497676,2024,27,2025-02-27T20:00:00Z,FINISHED,West Ham United FC,563,Leicester City FC,338,2.0,0.0,2.0,0.0,HOME_TEAM,,Stuart Attwell,,,
497687,2024,28,2025-03-08T12:30:00Z,FINISHED,Nottingham Forest FC,351,Manchester City FC,65,1.0,0.0,0.0,0.0,HOME_TEAM,,Chris Kavanagh,,,
497684,2024,28,2025-03-08T15:00:00Z,FINISHED,Brighton & Hove Albion FC,397,Fulham FC,63,2.0,1.0,1.0,1.0,HOME_TEAM,,Sam Barrott,,,
497685,2024,28,2025-03-08T15:00:00Z,FINISHED,Crystal Palace FC,354,Ipswich Town FC,349,1.0,0.0,0.0,0.0,HOME_TEAM,,Simon Hooper,,,
497688,2024,28,2025-03-08T15:00:00Z,FINISHED,Liverpool FC,64,Southampton FC,340,3.0,1.0,0.0,1.0,HOME_TEAM,,Lewis Smith,,,
497682,2024,28,2025-03-08T17:30:00Z,FINISHED,Brentford FC,402,Aston Villa FC,58,0.0,1.0,0.0,0.0,AWAY_TEAM,,Jarred Gillett,,,
497683,2024,28,2025-03-08T20:00:00Z,FINISHED,Wolverhampton Wanderers FC,76,Everton FC,62,1.0,1.0,1.0,1.0,DRAW,,Stuart Attwell,,,
497680,2024,28,2025-03-09T14:00:00Z,FINISHED,Tottenham Hotspur FC,73,AFC Bournemouth,1044,2.0,2.0,0.0,1.0,DRAW,,John Brooks,,,
497689,2024,28,2025-03-09T14:00:00Z,FINISHED,Chelsea FC,61,Leicester City FC,338,1.0,0.0,0.0,0.0,HOME_TEAM,,Tim Robinson,,,
497681,2024,28,2025-03-09T16:30:00Z,FINISHED,Manchester United FC,66,Arsenal FC,57,1.0,1.0,1.0,0.0,DRAW,,Anthony Taylor,,,
497686,2024,28,2025-03-10T20:00:00Z,FINISHED,West Ham United FC,563,Newcastle United FC,67,0.0,1.0,0.0,0.0,AWAY_TEAM,,Michael Salisbury,,,
497693,2024,29,2025-03-15T15:00:00Z,FINISHED,Everton FC,62,West Ham United FC,563,1.0,1.0,0.0,0.0,DRAW,,Darren Bond,,,
497695,2024,29,2025-03-15T15:00:00Z,FINISHED,Ipswich Town FC,349,Nottingham Forest FC,351,2.0,4.0,0.0,3.0,AWAY_TEAM,,Michael Salisbury,,,
497697,2024,29,2025-03-15T15:00:00Z,FINISHED,Manchester City FC,65,Brighton & Hove Albion FC,397,2.0,2.0,2.0,1.0,DRAW,,Simon Hooper,,,
497699,2024,29,2025-03-15T15:00:00Z,FINISHED,Southampton FC,340,Wolverhampton Wanderers FC,76,1.0,2.0,0.0,1.0,AWAY_TEAM,,Robert Jones,,,
497690,2024,29,2025-03-15T17:30:00Z,FINISHED,AFC Bournemouth,1044,Brentford FC,402,1.0,2.0,1.0,1.0,AWAY_TEAM,,Craig Pawson,,,
497691,2024,29,2025-03-16T13:30:00Z,FINISHED,Arsenal FC,57,Chelsea FC,61,1.0,0.0,1.0,0.0,HOME_TEAM,,Chris Kavanagh,,,
497694,2024,29,2025-03-16T13:30:00Z,FINISHED,Fulham FC,63,Tottenham Hotspur FC,73,2.0,0.0,0.0,0.0,HOME_TEAM,,Andy Madley,,,
497696,2024,29,2025-03-16T19:00:00Z,FINISHED,Leicester City FC,338,Manchester United FC,66,0.0,3.0,0.0,1.0,AWAY_TEAM,,Thomas Bramall,,,
497701,2024,30,2025-04-01T18:45:00Z,FINISHED,Arsenal FC,57,Fulham FC,63,2.0,1.0,1.0,0.0,HOME_TEAM,,John Brooks,,,
497704,2024,30,2025-04-01T18:45:00Z,FINISHED,Wolverhampton Wanderers FC,76,West Ham United FC,563,1.0,0.0,1.0,0.0,HOME_TEAM,,Tony Harrington,,,
497703,2024,30,2025-04-01T19:00:00Z,FINISHED,Nottingham Forest FC,351,Manchester United FC,66,1.0,0.0,1.0,0.0,HOME_TEAM,,Jarred Gillett,,,
497700,2024,30,2025-04-02T18:45:00Z,FINISHED,AFC Bournemouth,1044,Ipswich Town FC,349,1.0,2.0,0.0,1.0,AWAY_TEAM,,Robert Jones,,,
497702,2024,30,2025-04-02T18:45:00Z,FINISHED,Brighton & Hove Albion FC,397,Aston Villa FC,58,0.0,3.0,0.0,0.0,AWAY_TEAM,,Stuart Attwell,,,
497706,2024,30,2025-04-02T18:45:00Z,FINISHED,Manchester City FC,65,Leicester City FC,338,2.0,0.0,2.0,0.0,HOME_TEAM,,Darren England,,,
497707,2024,30,2025-04-02T18:45:00Z,FINISHED,Newcastle United FC,67,Brentford FC,402,2.0,1.0,1.0,0.0,HOME_TEAM,,Peter Bankes,,,
497708,2024,30,2025-04-02T18:45:00Z,FINISHED,Southampton FC,340,Crystal Palace FC,354,1.0,1.0,1.0,0.0,DRAW,,Andy Madley,,,
497709,2024,30,2025-04-02T19:00:00Z,FINISHED,Liverpool FC,64,Everton FC,62,1.0,0.0,0.0,0.0,HOME_TEAM,,Sam Barrott,,,
497705,2024,30,2025-04-03T19:00:00Z,FINISHED,Chelsea FC,61,Tottenham Hotspur FC,73,1.0,0.0,0.0,0.0,HOME_TEAM,,Craig Pawson,,,
497713,2024,31,2025-04-05T11:30:00Z,FINISHED,Everton FC,62,Arsenal FC,57,1.0,1.0,0.0,1.0,DRAW,,Darren England,,,
497712,2024,31,2025-04-05T14:00:00Z,FINISHED,Crystal Palace FC,354,Brighton & Hove Albion FC,397,2.0,1.0,1.0,1.0,HOME_TEAM,,Anthony Taylor,,,
497715,2024,31,2025-04-05T14:00:00Z,FINISHED,Ipswich Town FC,349,Wolverhampton Wanderers FC,76,1.0,2.0,1.0,0.0,AWAY_TEAM,,Peter Bankes,,,
497719,2024,31,2025-04-05T14:00:00Z,FINISHED,West Ham United FC,563,AFC Bournemouth,1044,2.0,2.0,0.0,1.0,DRAW,,Tim Robinson,,,
497710,2024,31,2025-04-05T16:30:00Z,FINISHED,Aston Villa FC,58,Nottingham Forest FC,351,2.0,1.0,2.0,0.0,HOME_TEAM,,Simon Hooper,,,
497711,2024,31,2025-04-06T13:00:00Z,FINISHED,Brentford FC,402,Chelsea FC,61,0.0,0.0,0.0,0.0,DRAW,,Michael Oliver,,,
497714,2024,31,2025-04-06T13:00:00Z,FINISHED,Fulham FC,63,Liverpool FC,64,3.0,2.0,3.0,1.0,HOME_TEAM,,Chris Kavanagh,,,
497718,2024,31,2025-04-06T13:00:00Z,FINISHED,Tottenham Hotspur FC,73,Southampton FC,340,3.0,1.0,2.0,0.0,HOME_TEAM,,Michael Salisbury,,,
497717,2024,31,2025-04-06T15:30:00Z,FINISHED,Manchester United FC,66,Manchester City FC,65,0.0,0.0,0.0,0.0,DRAW,,John Brooks,,,
497716,2024,31,2025-04-07T19:00:00Z,FINISHED,Leicester City FC,338,Newcastle United FC,67,0.0,3.0,0.0,3.0,AWAY_TEAM,,Robert Jones,,,
497725,2024,32,2025-04-12T11:30:00Z,FINISHED,Manchester City FC,65,Crystal Palace FC,354,5.0,2.0,2.0,2.0,HOME_TEAM,,Jarred Gillett,,,
497722,2024,32,2025-04-12T14:00:00Z,FINISHED,Brighton & Hove Albion FC,397,Leicester City FC,338,2.0,2.0,1.0,1.0,DRAW,,Darren Bond,,,
497727,2024,32,2025-04-12T14:00:00Z,FINISHED,Nottingham Forest FC,351,Everton FC,62,0.0,1.0,0.0,0.0,AWAY_TEAM,,Craig Pawson,,,
497728,2024,32,2025-04-12T14:00:00Z,FINISHED,Southampton FC,340,Aston Villa FC,58,0.0,3.0,0.0,0.0,AWAY_TEAM,,Thomas Bramall,,,
497721,2024,32,2025-04-12T16:30:00Z,FINISHED,Arsenal FC,57,Brentford FC,402,1.0,1.0,0.0,0.0,DRAW,,Simon Hooper,,,
497723,2024,32,2025-04-13T13:00:00Z,FINISHED,Chelsea FC,61,Ipswich Town FC,349,2.0,2.0,0.0,2.0,DRAW,,Stuart Attwell,,,
497724,2024,32,2025-04-13T13:00:00Z,FINISHED,Liverpool FC,64,West Ham United FC,563,2.0,1.0,1.0,0.0,HOME_TEAM,,Andy Madley,,,
497729,2024,32,2025-04-13T13:00:00Z,FINISHED,Wolverhampton Wanderers FC,76,Tottenham Hotspur FC,73,4.0,2.0,2.0,0.0,HOME_TEAM,,Anthony Taylor,,,
497726,2024,32,2025-04-13T15:30:00Z,FINISHED,Newcastle United FC,67,Manchester United FC,66,4.0,1.0,1.0,1.0,HOME_TEAM,,Chris Kavanagh,,,
497720,2024,32,2025-04-14T19:00:00Z,FINISHED,AFC Bournemouth,1044,Fulham FC,63,1.0,0.0,1.0,0.0,HOME_TEAM,,Michael Oliver,,,
497698,2024,29,2025-04-16T18:30:00Z,FINISHED,Newcastle United FC,67,Crystal Palace FC,354,5.0,0.0,4.0,0.0,HOME_TEAM,,Darren England,,,
497731,2024,33,2025-04-19T14:00:00Z,FINISHED,Brentford FC,402,Brighton & Hove Albion FC,397,4.0,2.0,1.0,1.0,HOME_TEAM,,Tim Robinson,,,
497732,2024,33,2025-04-19T14:00:00Z,FINISHED,Crystal Palace FC,354,AFC Bournemouth,1044,0.0,0.0,0.0,0.0,DRAW,,Sam Barrott,,,
497733,2024,33,2025-04-19T14:00:00Z,FINISHED,Everton FC,62,Manchester City FC,65,0.0,2.0,0.0,0.0,AWAY_TEAM,,Simon Hooper,,,
497739,2024,33,2025-04-19T14:00:00Z,FINISHED,West Ham United FC,563,Southampton FC,340,1.0,1.0,0.0,0.0,DRAW,,Andrew Kitchen,,,
497730,2024,33,2025-04-19T16:30:00Z,FINISHED,Aston Villa FC,58,Newcastle United FC,67,4.0,1.0,1.0,1.0,HOME_TEAM,,Jarred Gillett,,,
497734,2024,33,2025-04-20T13:00:00Z,FINISHED,Fulham FC,63,Chelsea FC,61,1.0,2.0,1.0,0.0,AWAY_TEAM,,Anthony Taylor,,,
497735,2024,33,2025-04-20T13:00:00Z,FINISHED,Ipswich Town FC,349,Arsenal FC,57,0.0,4.0,0.0,2.0,AWAY_TEAM,,Chris Kavanagh,,,
497737,2024,33,2025-04-20T13:00:00Z,FINISHED,Manchester United FC,66,Wolverhampton Wanderers FC,76,0.0,1.0,0.0,0.0,AWAY_TEAM,,Robert Jones,,,
497736,2024,33,2025-04-20T15:30:00Z,FINISHED,Leicester City FC,338,Liverpool FC,64,0.0,1.0,0.0,0.0,AWAY_TEAM,,Stuart Attwell,,,
497738,2024,33,2025-04-21T19:00:00Z,FINISHED,Tottenham Hotspur FC,73,Nottingham Forest FC,351,1.0,2.0,0.0,2.0,AWAY_TEAM,,Peter Bankes,,,
497745,2024,34,2025-04-22T19:00:00Z,FINISHED,Manchester City FC,65,Aston Villa FC,58,2.0,1.0,1.0,1.0,HOME_TEAM,,Craig Pawson,,,
497741,2024,34,2025-04-23T19:00:00Z,FINISHED,Arsenal FC,57,Crystal Palace FC,354,2.0,2.0,2.0,1.0,DRAW,,Michael Salisbury,,,
497743,2024,34,2025-04-26T11:30:00Z,FINISHED,Chelsea FC,61,Everton FC,62,1.0,0.0,1.0,0.0,HOME_TEAM,,Chris Kavanagh,,,
497742,2024,34,2025-04-26T14:00:00Z,FINISHED,Brighton & Hove Albion FC,397,West Ham United FC,563,3.0,2.0,1.0,0.0,HOME_TEAM,,Darren England,,,
497746,2024,34,2025-04-26T14:00:00Z,FINISHED,Newcastle United FC,67,Ipswich Town FC,349,3.0,0.0,1.0,0.0,HOME_TEAM,,Michael Salisbury,,,
497748,2024,34,2025-04-26T14:00:00Z,FINISHED,Southampton FC,340,Fulham FC,63,1.0,2.0,1.0,0.0,AWAY_TEAM,,Tony Harrington,,,
497749,2024,34,2025-04-26T14:00:00Z,FINISHED,Wolverhampton Wanderers FC,76,Leicester City FC,338,3.0,0.0,1.0,0.0,HOME_TEAM,,Sam Barrott,,,
497740,2024,34,2025-04-27T13:00:00Z,FINISHED,AFC Bournemouth,1044,Manchester United FC,66,1.0,1.0,1.0,0.0,DRAW,,Peter Bankes,,,
497744,2024,34,2025-04-27T15:30:00Z,FINISHED,Liverpool FC,64,Tottenham Hotspur FC,73,5.0,1.0,3.0,1.0,HOME_TEAM,,Thomas Bramall,,,
497747,2024,34,2025-05-01T18:30:00Z,FINISHED,Nottingham Forest FC,351,Brentford FC,402,0.0,2.0,0.0,1.0,AWAY_TEAM,,Darren England,,,
497758,2024,35,2025-05-02T19:00:00Z,FINISHED,Manchester City FC,65,Wolverhampton Wanderers FC,76,1.0,0.0,1.0,0.0,HOME_TEAM,,Peter Bankes,,,
497751,2024,35,2025-05-03T11:30:00Z,FINISHED,Aston Villa FC,58,Fulham FC,63,1.0,0.0,1.0,0.0,HOME_TEAM,,Robert Jones,,,
497756,2024,35,2025-05-03T14:00:00Z,FINISHED,Everton FC,62,Ipswich Town FC,349,2.0,2.0,2.0,1.0,DRAW,,Lewis Smith,,,
497757,2024,35,2025-05-03T14:00:00Z,FINISHED,Leicester City FC,338,Southampton FC,340,2.0,0.0,2.0,0.0,HOME_TEAM,,David Webb,,,
497750,2024,35,2025-05-03T16:30:00Z,FINISHED,Arsenal FC,57,AFC Bournemouth,1044,1.0,2.0,1.0,0.0,AWAY_TEAM,,Jarred Gillett,,,
497752,2024,35,2025-05-04T13:00:00Z,FINISHED,Brentford FC,402,Manchester United FC,66,4.0,3.0,2.0,1.0,HOME_TEAM,,Anthony Taylor,,,
497753,2024,35,2025-05-04T13:00:00Z,FINISHED,Brighton & Hove Albion FC,397,Newcastle United FC,67,1.0,1.0,1.0,0.0,DRAW,,Craig Pawson,,,
497759,2024,35,2025-05-04T13:00:00Z,FINISHED,West Ham United FC,563,Tottenham Hotspur FC,73,1.0,1.0,1.0,1.0,DRAW,,Michael Oliver,,,
497754,2024,35,2025-05-04T15:30:00Z,FINISHED,Chelsea FC,61,Liverpool FC,64,3.0,1.0,1.0,0.0,HOME_TEAM,,Simon Hooper,,,
497755,2024,35,2025-05-05T19:00:00Z,FINISHED,Crystal Palace FC,354,Nottingham Forest FC,351,1.0,1.0,0.0,0.0,DRAW,,Andy Madley,,,
497761,2024,36,2025-05-10T14:00:00Z,FINISHED,Fulham FC,63,Everton FC,62,1.0,3.0,1.0,1.0,AWAY_TEAM,,Michael Salisbury,,,
497762,2024,36,2025-05-10T14:00:00Z,FINISHED,Ipswich Town FC,349,Brentford FC,402,0.0,1.0,0.0,1.0,AWAY_TEAM,,Sam Barrott,,,
497767,2024,36,2025-05-10T14:00:00Z,FINISHED,Southampton FC,340,Manchester City FC,65,0.0,0.0,0.0,0.0,DRAW,,Tim Robinson,,,
497769,2024,36,2025-05-10T14:00:00Z,FINISHED,Wolverhampton Wanderers FC,76,Brighton & Hove Albion FC,397,0.0,2.0,0.0,1.0,AWAY_TEAM,,Michael Oliver,,,
497760,2024,36,2025-05-10T16:30:00Z,FINISHED,AFC Bournemouth,1044,Aston Villa FC,58,0.0,1.0,0.0,1.0,AWAY_TEAM,,Stuart Attwell,,,
497765,2024,36,2025-05-11T11:00:00Z,FINISHED,Newcastle United FC,67,Chelsea FC,61,2.0,0.0,1.0,0.0,HOME_TEAM,,John Brooks,,,
497764,2024,36,2025-05-11T13:15:00Z,FINISHED,Manchester United FC,66,West Ham United FC,563,0.0,2.0,0.0,1.0,AWAY_TEAM,,Jarred Gillett,,,
497766,2024,36,2025-05-11T13:15:00Z,FINISHED,Nottingham Forest FC,351,Leicester City FC,338,2.0,2.0,1.0,1.0,DRAW,,Tony Harrington,,,
497768,2024,36,2025-05-11T13:15:00Z,FINISHED,Tottenham Hotspur FC,73,Crystal Palace FC,354,0.0,2.0,0.0,1.0,AWAY_TEAM,,Chris Kavanagh,,,
497763,2024,36,2025-05-11T15:30:00Z,FINISHED,Liverpool FC,64,Arsenal FC,57,2.0,2.0,2.0,0.0,DRAW,,Anthony Taylor,,,
497771,2024,37,2025-05-16T18:30:00Z,FINISHED,Aston Villa FC,58,Tottenham Hotspur FC,73,2.0,0.0,0.0,0.0,HOME_TEAM,,Peter Bankes,,,
497774,2024,37,2025-05-16T19:15:00Z,FINISHED,Chelsea FC,61,Manchester United FC,66,1.0,0.0,0.0,0.0,HOME_TEAM,,Chris Kavanagh,,,
497776,2024,37,2025-05-18T11:00:00Z,FINISHED,Everton FC,62,Southampton FC,340,2.0,0.0,2.0,0.0,HOME_TEAM,,Michael Oliver,,,
497779,2024,37,2025-05-18T13:15:00Z,FINISHED,West Ham United FC,563,Nottingham Forest FC,351,1.0,2.0,0.0,1.0,AWAY_TEAM,,Sam Barrott,,,
497772,2024,37,2025-05-18T14:00:00Z,FINISHED,Brentford FC,402,Fulham FC,63,2.0,3.0,2.0,1.0,AWAY_TEAM,,Jarred Gillett,,,
497777,2024,37,2025-05-18T14:00:00Z,FINISHED,Leicester City FC,338,Ipswich Town FC,349,2.0,0.0,1.0,0.0,HOME_TEAM,,Andrew Kitchen,,,
497770,2024,37,2025-05-18T15:30:00Z,FINISHED,Arsenal FC,57,Newcastle United FC,67,1.0,0.0,0.0,0.0,HOME_TEAM,,Simon Hooper,,,
497773,2024,37,2025-05-19T19:00:00Z,FINISHED,Brighton & Hove Albion FC,397,Liverpool FC,64,3.0,2.0,1.0,2.0,HOME_TEAM,,John Brooks,,,
497775,2024,37,2025-05-20T19:00:00Z,FINISHED,Crystal Palace FC,354,Wolverhampton Wanderers FC,76,4.0,2.0,2.0,1.0,HOME_TEAM,,David Webb,,,
497778,2024,37,2025-05-20T19:00:00Z,FINISHED,Manchester City FC,65,AFC Bournemouth,1044,3.0,1.0,2.0,0.0,HOME_TEAM,,Thomas Bramall,,,
497780,2024,38,2025-05-25T15:00:00Z,FINISHED,AFC Bournemouth,1044,Leicester City FC,338,2.0,0.0,0.0,0.0,HOME_TEAM,,Lewis Smith,,,
497781,2024,38,2025-05-25T15:00:00Z,FINISHED,Fulham FC,63,Manchester City FC,65,0.0,2.0,0.0,1.0,AWAY_TEAM,,Andy Madley,,,
497782,2024,38,2025-05-25T15:00:00Z,FINISHED,Ipswich Town FC,349,West Ham United FC,563,1.0,3.0,0.0,1.0,AWAY_TEAM,,Tim Robinson,,,
497783,2024,38,2025-05-25T15:00:00Z,FINISHED,Liverpool FC,64,Crystal Palace FC,354,1.0,1.0,0.0,1.0,DRAW,,Darren England,,,
497784,2024,38,2025-05-25T15:00:00Z,FINISHED,Manchester United FC,66,Aston Villa FC,58,2.0,0.0,0.0,0.0,HOME_TEAM,,Thomas Bramall,,,
497785,2024,38,2025-05-25T15:00:00Z,FINISHED,Newcastle United FC,67,Everton FC,62,0.0,1.0,0.0,0.0,AWAY_TEAM,,Tony Harrington,,,
497786,2024,38,2025-05-25T15:00:00Z,FINISHED,Nottingham Forest FC,351,Chelsea FC,61,0.0,1.0,0.0,0.0,AWAY_TEAM,,Anthony Taylor,,,
497787,2024,38,2025-05-25T15:00:00Z,FINISHED,Southampton FC,340,Arsenal FC,57,1.0,2.0,0.0,1.0,AWAY_TEAM,,Darren Bond,,,
497788,2024,38,2025-05-25T15:00:00Z,FINISHED,Tottenham Hotspur FC,73,Brighton & Hove Albion FC,397,1.0,4.0,1.0,0.0,AWAY_TEAM,,Robert Jones,,,
497789,2024,38,2025-05-25T15:00:00Z,FINISHED,Wolverhampton Wanderers FC,76,Brentford FC,402,1.0,1.0,0.0,1.0,DRAW,,Craig Pawson,,,
537785,2025,1,2025-08-15T19:00:00Z,FINISHED,Liverpool FC,64,AFC Bournemouth,1044,4.0,2.0,1.0,0.0,HOME_TEAM,,Anthony Taylor,,,
537786,2025,1,2025-08-16T11:30:00Z,FINISHED,Aston Villa FC,58,Newcastle United FC,67,0.0,0.0,0.0,0.0,DRAW,,Craig Pawson,,,
537787,2025,1,2025-08-16T14:00:00Z,FINISHED,Brighton & Hove Albion FC,397,Fulham FC,63,1.0,1.0,0.0,0.0,DRAW,,Sam Barrott,,,
537789,2025,1,2025-08-16T14:00:00Z,FINISHED,Sunderland AFC,71,West Ham United FC,563,3.0,0.0,0.0,0.0,HOME_TEAM,,Robert Jones,,,
537790,2025,1,2025-08-16T14:00:00Z,FINISHED,Tottenham Hotspur FC,73,Burnley FC,328,3.0,0.0,1.0,0.0,HOME_TEAM,,Michael Oliver,,,
537791,2025,1,2025-08-16T16:30:00Z,FINISHED,Wolverhampton Wanderers FC,76,Manchester City FC,65,0.0,4.0,0.0,2.0,AWAY_TEAM,,Jarred Gillett,,,
537788,2025,1,2025-08-17T13:00:00Z,FINISHED,Nottingham Forest FC,351,Brentford FC,402,3.0,1.0,3.0,0.0,HOME_TEAM,,Peter Bankes,,,
537792,2025,1,2025-08-17T13:00:00Z,FINISHED,Chelsea FC,61,Crystal Palace FC,354,0.0,0.0,0.0,0.0,DRAW,,Darren England,,,
537793,2025,1,2025-08-17T15:30:00Z,FINISHED,Manchester United FC,66,Arsenal FC,57,0.0,1.0,0.0,1.0,AWAY_TEAM,,Simon Hooper,,,
537794,2025,1,2025-08-18T19:00:00Z,FINISHED,Leeds United FC,341,Everton FC,62,1.0,0.0,0.0,0.0,HOME_TEAM,,Chris Kavanagh,,,
537804,2025,2,2025-08-22T19:00:00Z,FINISHED,West Ham United FC,563,Chelsea FC,61,1.0,5.0,1.0,3.0,AWAY_TEAM,,Michael Oliver,,,
537802,2025,2,2025-08-23T11:30:00Z,FINISHED,Manchester City FC,65,Tottenham Hotspur FC,73,0.0,2.0,0.0,2.0,AWAY_TEAM,,Peter Bankes,,,
537795,2025,2,2025-08-23T14:00:00Z,FINISHED,AFC Bournemouth,1044,Wolverhampton Wanderers FC,76,1.0,0.0,1.0,0.0,HOME_TEAM,,Thomas Bramall,,,
537798,2025,2,2025-08-23T14:00:00Z,FINISHED,Brentford FC,402,Aston Villa FC,58,1.0,0.0,1.0,0.0,HOME_TEAM,,Tony Harrington,,,
537799,2025,2,2025-08-23T14:00:00Z,FINISHED,Burnley FC,328,Sunderland AFC,71,2.0,0.0,0.0,0.0,HOME_TEAM,,Michael Salisbury,,,
537797,2025,2,2025-08-23T16:30:00Z,FINISHED,Arsenal FC,57,Leeds United FC,341,5.0,0.0,2.0,0.0,HOME_TEAM,,Jarred Gillett,,,
537796,2025,2,2025-08-24T13:00:00Z,FINISHED,Crystal Palace FC,354,Nottingham Forest FC,351,1.0,1.0,1.0,0.0,DRAW,,Anthony Taylor,,,
537800,2025,2,2025-08-24T13:00:00Z,FINISHED,Everton FC,62,Brighton & Hove Albion FC,397,2.0,0.0,1.0,0.0,HOME_TEAM,,Stuart Attwell,,,
537801,2025,2,2025-08-24T15:30:00Z,FINISHED,Fulham FC,63,Manchester United FC,66,1.0,1.0,0.0,0.0,DRAW,,Chris Kavanagh,,,
537803,2025,2,2025-08-25T19:00:00Z,FINISHED,Newcastle United FC,67,Liverpool FC,64,2.0,3.0,0.0,1.0,AWAY_TEAM,,Simon Hooper,,,
537808,2025,3,2025-08-30T11:30:00Z,FINISHED,Chelsea FC,61,Fulham FC,63,2.0,0.0,1.0,0.0,HOME_TEAM,,Robert Jones,,,
537805,2025,3,2025-08-30T14:00:00Z,FINISHED,Sunderland AFC,71,Brentford FC,402,2.0,1.0,0.0,0.0,HOME_TEAM,,Anthony Taylor,,,
537811,2025,3,2025-08-30T14:00:00Z,FINISHED,Manchester United FC,66,Burnley FC,328,3.0,2.0,1.0,0.0,HOME_TEAM,,Sam Barrott,,,
537813,2025,3,2025-08-30T14:00:00Z,FINISHED,Tottenham Hotspur FC,73,AFC Bournemouth,1044,0.0,1.0,0.0,1.0,AWAY_TEAM,,Simon Hooper,,,
537814,2025,3,2025-08-30T14:00:00Z,FINISHED,Wolverhampton Wanderers FC,76,Everton FC,62,2.0,3.0,1.0,2.0,AWAY_TEAM,,Michael Oliver,,,
537810,2025,3,2025-08-30T16:30:00Z,FINISHED,Leeds United FC,341,Newcastle United FC,67,0.0,0.0,0.0,0.0,DRAW,,Peter Bankes,,,
537807,2025,3,2025-08-31T13:00:00Z,FINISHED,Brighton & Hove Albion FC,397,Manchester City FC,65,2.0,1.0,0.0,1.0,HOME_TEAM,,Darren England,,,
537812,2025,3,2025-08-31T13:00:00Z,FINISHED,Nottingham Forest FC,351,West Ham United FC,563,0.0,3.0,0.0,0.0,AWAY_TEAM,,Craig Pawson,,,
537809,2025,3,2025-08-31T15:30:00Z,FINISHED,Liverpool FC,64,Arsenal FC,57,1.0,0.0,0.0,0.0,HOME_TEAM,,Chris Kavanagh,,,
537806,2025,3,2025-08-31T18:00:00Z,FINISHED,Aston Villa FC,58,Crystal Palace FC,354,0.0,3.0,0.0,1.0,AWAY_TEAM,,Stuart Attwell,,,
537817,2025,4,2025-09-13T11:30:00Z,FINISHED,Arsenal FC,57,Nottingham Forest FC,351,3.0,0.0,1.0,0.0,HOME_TEAM,,Darren England,,,
537815,2025,4,2025-09-13T14:00:00Z,FINISHED,AFC Bournemouth,1044,Brighton & Hove Albion FC,397,2.0,1.0,1.0,0.0,HOME_TEAM,,Peter Bankes,,,
537816,2025,4,2025-09-13T14:00:00Z,FINISHED,Crystal Palace FC,354,Sunderland AFC,71,0.0,0.0,0.0,0.0,DRAW,,Thomas Bramall,,,
537820,2025,4,2025-09-13T14:00:00Z,FINISHED,Everton FC,62,Aston Villa FC,58,0.0,0.0,0.0,0.0,DRAW,,Simon Hooper,,,
537821,2025,4,2025-09-13T14:00:00Z,FINISHED,Fulham FC,63,Leeds United FC,341,1.0,0.0,0.0,0.0,HOME_TEAM,,Craig Pawson,,,
537823,2025,4,2025-09-13T14:00:00Z,FINISHED,Newcastle United FC,67,Wolverhampton Wanderers FC,76,1.0,0.0,1.0,0.0,HOME_TEAM,,Chris Kavanagh,,,
537824,2025,4,2025-09-13T16:30:00Z,FINISHED,West Ham United FC,563,Tottenham Hotspur FC,73,0.0,3.0,0.0,0.0,AWAY_TEAM,,Jarred Gillett,,,
537818,2025,4,2025-09-13T19:00:00Z,FINISHED,Brentford FC,402,Chelsea FC,61,2.0,2.0,1.0,0.0,DRAW,,Stuart Attwell,,,
537819,2025,4,2025-09-14T13:00:00Z,FINISHED,Burnley FC,328,Liverpool FC,64,0.0,1.0,0.0,0.0,AWAY_TEAM,,Michael Oliver,,,
537822,2025,4,2025-09-14T15:30:00Z,FINISHED,Manchester City FC,65,Manchester United FC,66,3.0,0.0,1.0,0.0,HOME_TEAM,,Anthony Taylor,,,
537831,2025,5,2025-09-20T11:30:00Z,FINISHED,Liverpool FC,64,Everton FC,62,2.0,1.0,2.0,0.0,HOME_TEAM,,Darren England,,,
537827,2025,5,2025-09-20T14:00:00Z,FINISHED,Brighton & Hove Albion FC,397,Tottenham Hotspur FC,73,2.0,2.0,2.0,1.0,DRAW,,Chris Kavanagh,,,
537829,2025,5,2025-09-20T14:00:00Z,FINISHED,Burnley FC,328,Nottingham Forest FC,351,1.0,1.0,1.0,1.0,DRAW,,Thomas Bramall,,,
537833,2025,5,2025-09-20T14:00:00Z,FINISHED,West Ham United FC,563,Crystal Palace FC,354,1.0,2.0,0.0,1.0,AWAY_TEAM,,Tony Harrington,,,
537834,2025,5,2025-09-20T14:00:00Z,FINISHED,Wolverhampton Wanderers FC,76,Leeds United FC,341,1.0,3.0,1.0,3.0,AWAY_TEAM,,Anthony Taylor,,,
537832,2025,5,2025-09-20T16:30:00Z,FINISHED,Manchester United FC,66,Chelsea FC,61,2.0,1.0,2.0,0.0,HOME_TEAM,,Peter Bankes,,,
537830,2025,5,2025-09-20T19:00:00Z,FINISHED,Fulham FC,63,Brentford FC,402,3.0,1.0,2.0,1.0,HOME_TEAM,,Michael Oliver,,,
537825,2025,5,2025-09-21T13:00:00Z,FINISHED,AFC Bournemouth,1044,Newcastle United FC,67,0.0,0.0,0.0,0.0,DRAW,,Robert Jones,,,
537826,2025,5,2025-09-21T13:00:00Z,FINISHED,Sunderland AFC,71,Aston Villa FC,58,1.0,1.0,0.0,0.0,DRAW,,Sam Barrott,,,
537828,2025,5,2025-09-21T15:30:00Z,FINISHED,Arsenal FC,57,Manchester City FC,65,1.0,1.0,0.0,1.0,DRAW,,Stuart Attwell,,,
537837,2025,6,2025-09-27T11:30:00Z,FINISHED,Brentford FC,402,Manchester United FC,66,3.0,1.0,2.0,1.0,HOME_TEAM,,Craig Pawson,,,
537836,2025,6,2025-09-27T14:00:00Z,FINISHED,Crystal Palace FC,354,Liverpool FC,64,2.0,1.0,1.0,0.0,HOME_TEAM,,Chris Kavanagh,,,
537838,2025,6,2025-09-27T14:00:00Z,FINISHED,Chelsea FC,61,Brighton & Hove Albion FC,397,1.0,3.0,1.0,0.0,AWAY_TEAM,,Simon Hooper,,,
537840,2025,6,2025-09-27T14:00:00Z,FINISHED,Leeds United FC,341,AFC Bournemouth,1044,2.0,2.0,1.0,1.0,DRAW,,Michael Oliver,,,
537841,2025,6,2025-09-27T14:00:00Z,FINISHED,Manchester City FC,65,Burnley FC,328,5.0,1.0,1.0,1.0,HOME_TEAM,,Robert Jones,,,
537843,2025,6,2025-09-27T16:30:00Z,FINISHED,Nottingham Forest FC,351,Sunderland AFC,71,0.0,1.0,0.0,1.0,AWAY_TEAM,,Tony Harrington,,,
537844,2025,6,2025-09-27T19:00:00Z,FINISHED,Tottenham Hotspur FC,73,Wolverhampton Wanderers FC,76,1.0,1.0,0.0,0.0,DRAW,,Michael Salisbury,,,
537835,2025,6,2025-09-28T13:00:00Z,FINISHED,Aston Villa FC,58,Fulham FC,63,3.0,1.0,1.0,1.0,HOME_TEAM,,Andy Madley,,,
537842,2025,6,2025-09-28T15:30:00Z,FINISHED,Newcastle United FC,67,Arsenal FC,57,1.0,2.0,1.0,0.0,AWAY_TEAM,,Jarred Gillett,,,
537839,2025,6,2025-09-29T19:00:00Z,FINISHED,Everton FC,62,West Ham United FC,563,1.0,1.0,1.0,0.0,DRAW,,Sam Barrott,,,
537845,2025,7,2025-10-03T19:00:00Z,FINISHED,AFC Bournemouth,1044,Fulham FC,63,3.0,1.0,0.0,0.0,HOME_TEAM,,Simon Hooper,,,
537851,2025,7,2025-10-04T11:30:00Z,FINISHED,Leeds United FC,341,Tottenham Hotspur FC,73,1.0,2.0,1.0,1.0,AWAY_TEAM,,Thomas Bramall,,,
537847,2025,7,2025-10-04T14:00:00Z,FINISHED,Arsenal FC,57,West Ham United FC,563,2.0,0.0,1.0,0.0,HOME_TEAM,,John Brooks,,,
537852,2025,7,2025-10-04T14:00:00Z,FINISHED,Manchester United FC,66,Sunderland AFC,71,2.0,0.0,2.0,0.0,HOME_TEAM,,Stuart Attwell,,,
537849,2025,7,2025-10-04T16:30:00Z,FINISHED,Chelsea FC,61,Liverpool FC,64,2.0,1.0,1.0,0.0,HOME_TEAM,,Anthony Taylor,,,
537846,2025,7,2025-10-05T13:00:00Z,FINISHED,Aston Villa FC,58,Burnley FC,328,2.0,1.0,1.0,0.0,HOME_TEAM,,Andrew Kitchen,,,
537850,2025,7,2025-10-05T13:00:00Z,FINISHED,Everton FC,62,Crystal Palace FC,354,2.0,1.0,0.0,1.0,HOME_TEAM,,Michael Salisbury,,,
537853,2025,7,2025-10-05T13:00:00Z,FINISHED,Newcastle United FC,67,Nottingham Forest FC,351,2.0,0.0,0.0,0.0,HOME_TEAM,,Peter Bankes,,,
537854,2025,7,2025-10-05T13:00:00Z,FINISHED,Wolverhampton Wanderers FC,76,Brighton & Hove Albion FC,397,1.0,1.0,1.0,0.0,DRAW,,Jarred Gillett,,,
537848,2025,7,2025-10-05T15:30:00Z,FINISHED,Brentford FC,402,Manchester City FC,65,0.0,1.0,0.0,1.0,AWAY_TEAM,,Darren England,,,
537862,2025,8,2025-10-18T11:30:00Z,FINISHED,Nottingham Forest FC,351,Chelsea FC,61,0.0,3.0,0.0,0.0,AWAY_TEAM,,Chris Kavanagh,,,
537856,2025,8,2025-10-18T14:00:00Z,FINISHED,Brighton & Hove Albion FC,397,Newcastle United FC,67,2.0,1.0,1.0,0.0,HOME_TEAM,,Craig Pawson,,,
537857,2025,8,2025-10-18T14:00:00Z,FINISHED,Crystal Palace FC,354,AFC Bournemouth,1044,3.0,3.0,0.0,2.0,DRAW,,Jarred Gillett,,,
537858,2025,8,2025-10-18T14:00:00Z,FINISHED,Burnley FC,328,Leeds United FC,341,2.0,0.0,1.0,0.0,HOME_TEAM,,Tim Robinson,,,
537861,2025,8,2025-10-18T14:00:00Z,FINISHED,Manchester City FC,65,Everton FC,62,2.0,0.0,0.0,0.0,HOME_TEAM,,Tony Harrington,,,
537855,2025,8,2025-10-18T14:00:00Z,FINISHED,Sunderland AFC,71,Wolverhampton Wanderers FC,76,2.0,0.0,1.0,0.0,HOME_TEAM,,Robert Jones,,,
537859,2025,8,2025-10-18T16:30:00Z,FINISHED,Fulham FC,63,Arsenal FC,57,0.0,1.0,0.0,0.0,AWAY_TEAM,,Anthony Taylor,,,
537863,2025,8,2025-10-19T13:00:00Z,FINISHED,Tottenham Hotspur FC,73,Aston Villa FC,58,1.0,2.0,1.0,1.0,AWAY_TEAM,,Simon Hooper,,,
537860,2025,8,2025-10-19T15:30:00Z,FINISHED,Liverpool FC,64,Manchester United FC,66,1.0,2.0,0.0,1.0,AWAY_TEAM,,Michael Oliver,,,
537864,2025,8,2025-10-20T19:00:00Z,FINISHED,West Ham United FC,563,Brentford FC,402,0.0,2.0,0.0,1.0,AWAY_TEAM,,Andy Madley,,,
537871,2025,9,2025-10-24T19:00:00Z,FINISHED,Leeds United FC,341,West Ham United FC,563,2.0,1.0,2.0,0.0,HOME_TEAM,,Stuart Attwell,,,
537869,2025,9,2025-10-25T14:00:00Z,FINISHED,Chelsea FC,61,Sunderland AFC,71,1.0,2.0,1.0,1.0,AWAY_TEAM,,Andy Madley,,,
537873,2025,9,2025-10-25T14:00:00Z,FINISHED,Newcastle United FC,67,Fulham FC,63,2.0,1.0,1.0,0.0,HOME_TEAM,,Tony Harrington,,,
537872,2025,9,2025-10-25T16:30:00Z,FINISHED,Manchester United FC,66,Brighton & Hove Albion FC,397,4.0,2.0,2.0,0.0,HOME_TEAM,,Anthony Taylor,,,
537868,2025,9,2025-10-25T19:00:00Z,FINISHED,Brentford FC,402,Liverpool FC,64,3.0,2.0,2.0,1.0,HOME_TEAM,,Simon Hooper,,,
537865,2025,9,2025-10-26T14:00:00Z,TIMED,AFC Bournemouth,1044,Nottingham Forest FC,351,,,,,,,,,,
537866,2025,9,2025-10-26T14:00:00Z,TIMED,Aston Villa FC,58,Manchester City FC,65,,,,,,,,,,
537867,2025,9,2025-10-26T14:00:00Z,TIMED,Arsenal FC,57,Crystal Palace FC,354,,,,,,,,,,
537874,2025,9,2025-10-26T14:00:00Z,TIMED,Wolverhampton Wanderers FC,76,Burnley FC,328,,,,,,,,,,
537870,2025,9,2025-10-26T16:30:00Z,TIMED,Everton FC,62,Tottenham Hotspur FC,73,,,,,,,,,,
537876,2025,10,2025-11-01T15:00:00Z,TIMED,Brighton & Hove Albion FC,397,Leeds United FC,341,,,,,,,,,,
537877,2025,10,2025-11-01T15:00:00Z,TIMED,Crystal Palace FC,354,Brentford FC,402,,,,,,,,,,
537878,2025,10,2025-11-01T15:00:00Z,TIMED,Burnley FC,328,Arsenal FC,57,,,,,,,,,,
537879,2025,10,2025-11-01T15:00:00Z,TIMED,Fulham FC,63,Wolverhampton Wanderers FC,76,,,,,,,,,,
537882,2025,10,2025-11-01T15:00:00Z,TIMED,Nottingham Forest FC,351,Manchester United FC,66,,,,,,,,,,
537883,2025,10,2025-11-01T17:30:00Z,TIMED,Tottenham Hotspur FC,73,Chelsea FC,61,,,,,,,,,,
537880,2025,10,2025-11-01T20:00:00Z,TIMED,Liverpool FC,64,Aston Villa FC,58,,,,,,,,,,
537884,2025,10,2025-11-02T14:00:00Z,TIMED,West Ham United FC,563,Newcastle United FC,67,,,,,,,,,,
537881,2025,10,2025-11-02T16:30:00Z,TIMED,Manchester City FC,65,AFC Bournemouth,1044,,,,,,,,,,
537875,2025,10,2025-11-03T20:00:00Z,TIMED,Sunderland AFC,71,Everton FC,62,,,,,,,,,,
537893,2025,11,2025-11-08T12:30:00Z,TIMED,Tottenham Hotspur FC,73,Manchester United FC,66,,,,,,,,,,
537890,2025,11,2025-11-08T15:00:00Z,TIMED,Everton FC,62,Fulham FC,63,,,,,,,,,,
537894,2025,11,2025-11-08T15:00:00Z,TIMED,West Ham United FC,563,Burnley FC,328,,,,,,,,,,
537885,2025,11,2025-11-08T17:30:00Z,TIMED,Sunderland AFC,71,Arsenal FC,57,,,,,,,,,,
537889,2025,11,2025-11-08T20:00:00Z,TIMED,Chelsea FC,61,Wolverhampton Wanderers FC,76,,,,,,,,,,
537886,2025,11,2025-11-09T14:00:00Z,TIMED,Aston Villa FC,58,AFC Bournemouth,1044,,,,,,,,,,
537887,2025,11,2025-11-09T14:00:00Z,TIMED,Crystal Palace FC,354,Brighton & Hove Albion FC,397,,,,,,,,,,
537888,2025,11,2025-11-09T14:00:00Z,TIMED,Brentford FC,402,Newcastle United FC,67,,,,,,,,,,
537892,2025,11,2025-11-09T14:00:00Z,TIMED,Nottingham Forest FC,351,Leeds United FC,341,,,,,,,,,,
537891,2025,11,2025-11-09T16:30:00Z,TIMED,Manchester City FC,65,Liverpool FC,64,,,,,,,,,,
537898,2025,12,2025-11-22T12:30:00Z,TIMED,Burnley FC,328,Chelsea FC,61,,,,,,,,,,
537895,2025,12,2025-11-22T15:00:00Z,TIMED,AFC Bournemouth,1044,West Ham United FC,563,,,,,,,,,,
537896,2025,12,2025-11-22T15:00:00Z,TIMED,Brighton & Hove Albion FC,397,Brentford FC,402,,,,,,,,,,
537899,2025,12,2025-11-22T15:00:00Z,TIMED,Fulham FC,63,Sunderland AFC,71,,,,,,,,,,
537900,2025,12,2025-11-22T15:00:00Z,TIMED,Liverpool FC,64,Nottingham Forest FC,351,,,,,,,,,,
537904,2025,12,2025-11-22T15:00:00Z,TIMED,Wolverhampton Wanderers FC,76,Crystal Palace FC,354,,,,,,,,,,
537903,2025,12,2025-11-22T17:30:00Z,TIMED,Newcastle United FC,67,Manchester City FC,65,,,,,,,,,,
537901,2025,12,2025-11-23T14:00:00Z,TIMED,Leeds United FC,341,Aston Villa FC,58,,,,,,,,,,
537897,2025,12,2025-11-23T16:30:00Z,TIMED,Arsenal FC,57,Tottenham Hotspur FC,73,,,,,,,,,,
537902,2025,12,2025-11-24T20:00:00Z,TIMED,Manchester United FC,66,Everton FC,62,,,,,,,,,,
537905,2025,13,2025-11-29T15:00:00Z,TIMED,Sunderland AFC,71,AFC Bournemouth,1044,,,,,,,,,,
537908,2025,13,2025-11-29T15:00:00Z,TIMED,Brentford FC,402,Burnley FC,328,,,,,,,,,,
537911,2025,13,2025-11-29T15:00:00Z,TIMED,Manchester City FC,65,Leeds United FC,341,,,,,,,,,,
537910,2025,13,2025-11-29T17:30:00Z,TIMED,Everton FC,62,Newcastle United FC,67,,,,,,,,,,
537913,2025,13,2025-11-29T20:00:00Z,TIMED,Tottenham Hotspur FC,73,Fulham FC,63,,,,,,,,,,
537907,2025,13,2025-11-30T12:00:00Z,TIMED,Crystal Palace FC,354,Manchester United FC,66,,,,,,,,,,
537906,2025,13,2025-11-30T14:05:00Z,TIMED,Aston Villa FC,58,Wolverhampton Wanderers FC,76,,,,,,,,,,
537912,2025,13,2025-11-30T14:05:00Z,TIMED,Nottingham Forest FC,351,Brighton & Hove Albion FC,397,,,,,,,,,,
537914,2025,13,2025-11-30T14:05:00Z,TIMED,West Ham United FC,563,Liverpool FC,64,,,,,,,,,,
537909,2025,13,2025-11-30T16:30:00Z,TIMED,Chelsea FC,61,Arsenal FC,57,,,,,,,,,,
537915,2025,14,2025-12-02T19:30:00Z,TIMED,AFC Bournemouth,1044,Everton FC,62,,,,,,,,,,
537919,2025,14,2025-12-02T19:30:00Z,TIMED,Fulham FC,63,Manchester City FC,65,,,,,,,,,,
537923,2025,14,2025-12-02T20:15:00Z,TIMED,Newcastle United FC,67,Tottenham Hotspur FC,73,,,,,,,,,,
537916,2025,14,2025-12-03T19:30:00Z,TIMED,Brighton & Hove Albion FC,397,Aston Villa FC,58,,,,,,,,,,
537917,2025,14,2025-12-03T19:30:00Z,TIMED,Arsenal FC,57,Brentford FC,402,,,,,,,,,,
537918,2025,14,2025-12-03T19:30:00Z,TIMED,Burnley FC,328,Crystal Palace FC,354,,,,,,,,,,
537924,2025,14,2025-12-03T19:30:00Z,TIMED,Wolverhampton Wanderers FC,76,Nottingham Forest FC,351,,,,,,,,,,
537920,2025,14,2025-12-03T20:15:00Z,TIMED,Liverpool FC,64,Sunderland AFC,71,,,,,,,,,,
537921,2025,14,2025-12-03T20:15:00Z,TIMED,Leeds United FC,341,Chelsea FC,61,,,,,,,,,,
537922,2025,14,2025-12-04T20:00:00Z,TIMED,Manchester United FC,66,West Ham United FC,563,,,,,,,,,,
537926,2025,15,2025-12-06T12:30:00Z,TIMED,Aston Villa FC,58,Arsenal FC,57,,,,,,,,,,
537925,2025,15,2025-12-06T15:00:00Z,TIMED,AFC Bournemouth,1044,Chelsea FC,61,,,,,,,,,,
537928,2025,15,2025-12-06T15:00:00Z,TIMED,Everton FC,62,Nottingham Forest FC,351,,,,,,,,,,
537931,2025,15,2025-12-06T15:00:00Z,TIMED,Manchester City FC,65,Sunderland AFC,71,,,,,,,,,,
537932,2025,15,2025-12-06T15:00:00Z,TIMED,Newcastle United FC,67,Burnley FC,328,,,,,,,,,,
537933,2025,15,2025-12-06T15:00:00Z,TIMED,Tottenham Hotspur FC,73,Brentford FC,402,,,,,,,,,,
537930,2025,15,2025-12-06T17:30:00Z,TIMED,Leeds United FC,341,Liverpool FC,64,,,,,,,,,,
537927,2025,15,2025-12-07T14:00:00Z,TIMED,Brighton & Hove Albion FC,397,West Ham United FC,563,,,,,,,,,,
537929,2025,15,2025-12-07T16:30:00Z,TIMED,Fulham FC,63,Crystal Palace FC,354,,,,,,,,,,
537934,2025,15,2025-12-08T20:00:00Z,TIMED,Wolverhampton Wanderers FC,76,Manchester United FC,66,,,,,,,,,,
537940,2025,16,2025-12-13T15:00:00Z,TIMED,Chelsea FC,61,Everton FC,62,,,,,,,,,,
537941,2025,16,2025-12-13T15:00:00Z,TIMED,Liverpool FC,64,Brighton & Hove Albion FC,397,,,,,,,,,,
537939,2025,16,2025-12-13T17:30:00Z,TIMED,Burnley FC,328,Fulham FC,63,,,,,,,,,,
537937,2025,16,2025-12-13T20:00:00Z,TIMED,Arsenal FC,57,Wolverhampton Wanderers FC,76,,,,,,,,,,
537935,2025,16,2025-12-14T14:00:00Z,TIMED,Sunderland AFC,71,Newcastle United FC,67,,,,,,,,,,
537936,2025,16,2025-12-14T14:00:00Z,TIMED,Crystal Palace FC,354,Manchester City FC,65,,,,,,,,,,
537943,2025,16,2025-12-14T14:00:00Z,TIMED,Nottingham Forest FC,351,Tottenham Hotspur FC,73,,,,,,,,,,
537944,2025,16,2025-12-14T14:00:00Z,TIMED,West Ham United FC,563,Aston Villa FC,58,,,,,,,,,,
537938,2025,16,2025-12-14T16:30:00Z,TIMED,Brentford FC,402,Leeds United FC,341,,,,,,,,,,
537942,2025,16,2025-12-15T20:00:00Z,TIMED,Manchester United FC,66,AFC Bournemouth,1044,,,,,,,,,,
537952,2025,17,2025-12-20T12:30:00Z,TIMED,Newcastle United FC,67,Chelsea FC,61,,,,,,,,,,
537945,2025,17,2025-12-20T15:00:00Z,TIMED,AFC Bournemouth,1044,Burnley FC,328,,,,,,,,,,
537947,2025,17,2025-12-20T15:00:00Z,TIMED,Brighton & Hove Albion FC,397,Sunderland AFC,71,,,,,,,,,,
537951,2025,17,2025-12-20T15:00:00Z,TIMED,Manchester City FC,65,West Ham United FC,563,,,,,,,,,,
537954,2025,17,2025-12-20T15:00:00Z,TIMED,Wolverhampton Wanderers FC,76,Brentford FC,402,,,,,,,,,,
537953,2025,17,2025-12-20T17:30:00Z,TIMED,Tottenham Hotspur FC,73,Liverpool FC,64,,,,,,,,,,
537948,2025,17,2025-12-21T14:00:00Z,TIMED,Everton FC,62,Arsenal FC,57,,,,,,,,,,
537950,2025,17,2025-12-21T14:00:00Z,TIMED,Leeds United FC,341,Crystal Palace FC,354,,,,,,,,,,
537946,2025,17,2025-12-21T16:30:00Z,TIMED,Aston Villa FC,58,Manchester United FC,66,,,,,,,,,,
537949,2025,17,2025-12-22T20:00:00Z,TIMED,Fulham FC,63,Nottingham Forest FC,351,,,,,,,,,,
537955,2025,18,2025-12-27T00:00:00Z,SCHEDULED,Sunderland AFC,71,Leeds United FC,341,,,,,,,,,,
537956,2025,18,2025-12-27T00:00:00Z,SCHEDULED,Crystal Palace FC,354,Tottenham Hotspur FC,73,,,,,,,,,,
537957,2025,18,2025-12-27T00:00:00Z,SCHEDULED,Arsenal FC,57,Brighton & Hove Albion FC,397,,,,,,,,,,
537958,2025,18,2025-12-27T00:00:00Z,SCHEDULED,Brentford FC,402,AFC Bournemouth,1044,,,,,,,,,,
537959,2025,18,2025-12-27T00:00:00Z,SCHEDULED,Burnley FC,328,Everton FC,62,,,,,,,,,,
537960,2025,18,2025-12-27T00:00:00Z,SCHEDULED,Chelsea FC,61,Aston Villa FC,58,,,,,,,,,,
537961,2025,18,2025-12-27T00:00:00Z,SCHEDULED,Liverpool FC,64,Wolverhampton Wanderers FC,76,,,,,,,,,,
537962,2025,18,2025-12-27T00:00:00Z,SCHEDULED,Manchester United FC,66,Newcastle United FC,67,,,,,,,,,,
537963,2025,18,2025-12-27T00:00:00Z,SCHEDULED,Nottingham Forest FC,351,Manchester City FC,65,,,,,,,,,,
537964,2025,18,2025-12-27T00:00:00Z,SCHEDULED,West Ham United FC,563,Fulham FC,63,,,,,,,,,,
537965,2025,19,2025-12-30T00:00:00Z,SCHEDULED,Sunderland AFC,71,Manchester City FC,65,,,,,,,,,,
537966,2025,19,2025-12-30T00:00:00Z,SCHEDULED,Crystal Palace FC,354,Fulham FC,63,,,,,,,,,,
537967,2025,19,2025-12-30T00:00:00Z,SCHEDULED,Arsenal FC,57,Aston Villa FC,58,,,,,,,,,,
537968,2025,19,2025-12-30T00:00:00Z,SCHEDULED,Brentford FC,402,Tottenham Hotspur FC,73,,,,,,,,,,
537969,2025,19,2025-12-30T00:00:00Z,SCHEDULED,Burnley FC,328,Newcastle United FC,67,,,,,,,,,,
537970,2025,19,2025-12-30T00:00:00Z,SCHEDULED,Chelsea FC,61,AFC Bournemouth,1044,,,,,,,,,,
537971,2025,19,2025-12-30T00:00:00Z,SCHEDULED,Liverpool FC,64,Leeds United FC,341,,,,,,,,,,
537972,2025,19,2025-12-30T00:00:00Z,SCHEDULED,Manchester United FC,66,Wolverhampton Wanderers FC,76,,,,,,,,,,
537973,2025,19,2025-12-30T00:00:00Z,SCHEDULED,Nottingham Forest FC,351,Everton FC,62,,,,,,,,,,
537974,2025,19,2025-12-30T00:00:00Z,SCHEDULED,West Ham United FC,563,Brighton & Hove Albion FC,397,,,,,,,,,,
537975,2025,20,2026-01-03T00:00:00Z,SCHEDULED,AFC Bournemouth,1044,Arsenal FC,57,,,,,,,,,,
537976,2025,20,2026-01-03T00:00:00Z,SCHEDULED,Aston Villa FC,58,Nottingham Forest FC,351,,,,,,,,,,
537977,2025,20,2026-01-03T00:00:00Z,SCHEDULED,Brighton & Hove Albion FC,397,Burnley FC,328,,,,,,,,,,
537978,2025,20,2026-01-03T00:00:00Z,SCHEDULED,Everton FC,62,Brentford FC,402,,,,,,,,,,
537979,2025,20,2026-01-03T00:00:00Z,SCHEDULED,Fulham FC,63,Liverpool FC,64,,,,,,,,,,
537980,2025,20,2026-01-03T00:00:00Z,SCHEDULED,Leeds United FC,341,Manchester United FC,66,,,,,,,,,,
537981,2025,20,2026-01-03T00:00:00Z,SCHEDULED,Manchester City FC,65,Chelsea FC,61,,,,,,,,,,
537982,2025,20,2026-01-03T00:00:00Z,SCHEDULED,Newcastle United FC,67,Crystal Palace FC,354,,,,,,,,,,
537983,2025,20,2026-01-03T00:00:00Z,SCHEDULED,Tottenham Hotspur FC,73,Sunderland AFC,71,,,,,,,,,,
537984,2025,20,2026-01-03T00:00:00Z,SCHEDULED,Wolverhampton Wanderers FC,76,West Ham United FC,563,,,,,,,,,,
537985,2025,21,2026-01-07T00:00:00Z,SCHEDULED,AFC Bournemouth,1044,Tottenham Hotspur FC,73,,,,,,,,,,
537986,2025,21,2026-01-07T00:00:00Z,SCHEDULED,Crystal Palace FC,354,Aston Villa FC,58,,,,,,,,,,
537987,2025,21,2026-01-07T00:00:00Z,SCHEDULED,Arsenal FC,57,Liverpool FC,64,,,,,,,,,,
537988,2025,21,2026-01-07T00:00:00Z,SCHEDULED,Brentford FC,402,Sunderland AFC,71,,,,,,,,,,
537989,2025,21,2026-01-07T00:00:00Z,SCHEDULED,Burnley FC,328,Manchester United FC,66,,,,,,,,,,
537990,2025,21,2026-01-07T00:00:00Z,SCHEDULED,Everton FC,62,Wolverhampton Wanderers FC,76,,,,,,,,,,
537991,2025,21,2026-01-07T00:00:00Z,SCHEDULED,Fulham FC,63,Chelsea FC,61,,,,,,,,,,
537992,2025,21,2026-01-07T00:00:00Z,SCHEDULED,Manchester City FC,65,Brighton & Hove Albion FC,397,,,,,,,,,,
537993,2025,21,2026-01-07T00:00:00Z,SCHEDULED,Newcastle United FC,67,Leeds United FC,341,,,,,,,,,,
537994,2025,21,2026-01-07T00:00:00Z,SCHEDULED,West Ham United FC,563,Nottingham Forest FC,351,,,,,,,,,,
537995,2025,22,2026-01-17T00:00:00Z,SCHEDULED,Sunderland AFC,71,Crystal Palace FC,354,,,,,,,,,,
537996,2025,22,2026-01-17T00:00:00Z,SCHEDULED,Aston Villa FC,58,Everton FC,62,,,,,,,,,,
537997,2025,22,2026-01-17T00:00:00Z,SCHEDULED,Brighton & Hove Albion FC,397,AFC Bournemouth,1044,,,,,,,,,,
537998,2025,22,2026-01-17T00:00:00Z,SCHEDULED,Chelsea FC,61,Brentford FC,402,,,,,,,,,,
537999,2025,22,2026-01-17T00:00:00Z,SCHEDULED,Liverpool FC,64,Burnley FC,328,,,,,,,,,,
538000,2025,22,2026-01-17T00:00:00Z,SCHEDULED,Leeds United FC,341,Fulham FC,63,,,,,,,,,,
538001,2025,22,2026-01-17T00:00:00Z,SCHEDULED,Manchester United FC,66,Manchester City FC,65,,,,,,,,,,
538002,2025,22,2026-01-17T00:00:00Z,SCHEDULED,Nottingham Forest FC,351,Arsenal FC,57,,,,,,,,,,
538003,2025,22,2026-01-17T00:00:00Z,SCHEDULED,Tottenham Hotspur FC,73,West Ham United FC,563,,,,,,,,,,
538004,2025,22,2026-01-17T00:00:00Z,SCHEDULED,Wolverhampton Wanderers FC,76,Newcastle United FC,67,,,,,,,,,,
538005,2025,23,2026-01-24T00:00:00Z,SCHEDULED,AFC Bournemouth,1044,Liverpool FC,64,,,,,,,,,,
538006,2025,23,2026-01-24T00:00:00Z,SCHEDULED,Crystal Palace FC,354,Chelsea FC,61,,,,,,,,,,
538007,2025,23,2026-01-24T00:00:00Z,SCHEDULED,Arsenal FC,57,Manchester United FC,66,,,,,,,,,,
538008,2025,23,2026-01-24T00:00:00Z,SCHEDULED,Brentford FC,402,Nottingham Forest FC,351,,,,,,,,,,
538009,2025,23,2026-01-24T00:00:00Z,SCHEDULED,Burnley FC,328,Tottenham Hotspur FC,73,,,,,,,,,,
538010,2025,23,2026-01-24T00:00:00Z,SCHEDULED,Everton FC,62,Leeds United FC,341,,,,,,,,,,
538011,2025,23,2026-01-24T00:00:00Z,SCHEDULED,Fulham FC,63,Brighton & Hove Albion FC,397,,,,,,,,,,
538012,2025,23,2026-01-24T00:00:00Z,SCHEDULED,Manchester City FC,65,Wolverhampton Wanderers FC,76,,,,,,,,,,
538013,2025,23,2026-01-24T00:00:00Z,SCHEDULED,Newcastle United FC,67,Aston Villa FC,58,,,,,,,,,,
538014,2025,23,2026-01-24T00:00:00Z,SCHEDULED,West Ham United FC,563,Sunderland AFC,71,,,,,,,,,,
538015,2025,24,2026-01-31T00:00:00Z,SCHEDULED,Sunderland AFC,71,Burnley FC,328,,,,,,,,,,
538016,2025,24,2026-01-31T00:00:00Z,SCHEDULED,Aston Villa FC,58,Brentford FC,402,,,,,,,,,,
538017,2025,24,2026-01-31T00:00:00Z,SCHEDULED,Brighton & Hove Albion FC,397,Everton FC,62,,,,,,,,,,
538018,2025,24,2026-01-31T00:00:00Z,SCHEDULED,Chelsea FC,61,West Ham United FC,563,,,,,,,,,,
538019,2025,24,2026-01-31T00:00:00Z,SCHEDULED,Liverpool FC,64,Newcastle United FC,67,,,,,,,,,,
538020,2025,24,2026-01-31T00:00:00Z,SCHEDULED,Leeds United FC,341,Arsenal FC,57,,,,,,,,,,
538021,2025,24,2026-01-31T00:00:00Z,SCHEDULED,Manchester United FC,66,Fulham FC,63,,,,,,,,,,
538022,2025,24,2026-01-31T00:00:00Z,SCHEDULED,Nottingham Forest FC,351,Crystal Palace FC,354,,,,,,,,,,
538023,2025,24,2026-01-31T00:00:00Z,SCHEDULED,Tottenham Hotspur FC,73,Manchester City FC,65,,,,,,,,,,
538024,2025,24,2026-01-31T00:00:00Z,SCHEDULED,Wolverhampton Wanderers FC,76,AFC Bournemouth,1044,,,,,,,,,,
538025,2025,25,2026-02-07T00:00:00Z,SCHEDULED,AFC Bournemouth,1044,Aston Villa FC,58,,,,,,,,,,
538026,2025,25,2026-02-07T00:00:00Z,SCHEDULED,Brighton & Hove Albion FC,397,Crystal Palace FC,354,,,,,,,,,,
538027,2025,25,2026-02-07T00:00:00Z,SCHEDULED,Arsenal FC,57,Sunderland AFC,71,,,,,,,,,,
538028,2025,25,2026-02-07T00:00:00Z,SCHEDULED,Burnley FC,328,West Ham United FC,563,,,,,,,,,,
538029,2025,25,2026-02-07T00:00:00Z,SCHEDULED,Fulham FC,63,Everton FC,62,,,,,,,,,,
538030,2025,25,2026-02-07T00:00:00Z,SCHEDULED,Liverpool FC,64,Manchester City FC,65,,,,,,,,,,
538031,2025,25,2026-02-07T00:00:00Z,SCHEDULED,Leeds United FC,341,Nottingham Forest FC,351,,,,,,,,,,
538032,2025,25,2026-02-07T00:00:00Z,SCHEDULED,Manchester United FC,66,Tottenham Hotspur FC,73,,,,,,,,,,
538033,2025,25,2026-02-07T00:00:00Z,SCHEDULED,Newcastle United FC,67,Brentford FC,402,,,,,,,,,,
538034,2025,25,2026-02-07T00:00:00Z,SCHEDULED,Wolverhampton Wanderers FC,76,Chelsea FC,61,,,,,,,,,,
538035,2025,26,2026-02-11T00:00:00Z,SCHEDULED,Sunderland AFC,71,Liverpool FC,64,,,,,,,,,,
538036,2025,26,2026-02-11T00:00:00Z,SCHEDULED,Aston Villa FC,58,Brighton & Hove Albion FC,397,,,,,,,,,,
538037,2025,26,2026-02-11T00:00:00Z,SCHEDULED,Crystal Palace FC,354,Burnley FC,328,,,,,,,,,,
538038,2025,26,2026-02-11T00:00:00Z,SCHEDULED,Brentford FC,402,Arsenal FC,57,,,,,,,,,,
538039,2025,26,2026-02-11T00:00:00Z,SCHEDULED,Chelsea FC,61,Leeds United FC,341,,,,,,,,,,
538040,2025,26,2026-02-11T00:00:00Z,SCHEDULED,Everton FC,62,AFC Bournemouth,1044,,,,,,,,,,
538041,2025,26,2026-02-11T00:00:00Z,SCHEDULED,Manchester City FC,65,Fulham FC,63,,,,,,,,,,
538042,2025,26,2026-02-11T00:00:00Z,SCHEDULED,Nottingham Forest FC,351,Wolverhampton Wanderers FC,76,,,,,,,,,,
538043,2025,26,2026-02-11T00:00:00Z,SCHEDULED,Tottenham Hotspur FC,73,Newcastle United FC,67,,,,,,,,,,
538044,2025,26,2026-02-11T00:00:00Z,SCHEDULED,West Ham United FC,563,Manchester United FC,66,,,,,,,,,,
538045,2025,27,2026-02-21T00:00:00Z,SCHEDULED,Sunderland AFC,71,Fulham FC,63,,,,,,,,,,
538046,2025,27,2026-02-21T00:00:00Z,SCHEDULED,Aston Villa FC,58,Leeds United FC,341,,,,,,,,,,
538047,2025,27,2026-02-21T00:00:00Z,SCHEDULED,Crystal Palace FC,354,Wolverhampton Wanderers FC,76,,,,,,,,,,
538048,2025,27,2026-02-21T00:00:00Z,SCHEDULED,Brentford FC,402,Brighton & Hove Albion FC,397,,,,,,,,,,
538049,2025,27,2026-02-21T00:00:00Z,SCHEDULED,Chelsea FC,61,Burnley FC,328,,,,,,,,,,
538050,2025,27,2026-02-21T00:00:00Z,SCHEDULED,Everton FC,62,Manchester United FC,66,,,,,,,,,,
538051,2025,27,2026-02-21T00:00:00Z,SCHEDULED,Manchester City FC,65,Newcastle United FC,67,,,,,,,,,,
538052,2025,27,2026-02-21T00:00:00Z,SCHEDULED,Nottingham Forest FC,351,Liverpool FC,64,,,,,,,,,,
538053,2025,27,2026-02-21T00:00:00Z,SCHEDULED,Tottenham Hotspur FC,73,Arsenal FC,57,,,,,,,,,,
538054,2025,27,2026-02-21T00:00:00Z,SCHEDULED,West Ham United FC,563,AFC Bournemouth,1044,,,,,,,,,,
538055,2025,28,2026-02-28T00:00:00Z,SCHEDULED,AFC Bournemouth,1044,Sunderland AFC,71,,,,,,,,,,
538056,2025,28,2026-02-28T00:00:00Z,SCHEDULED,Brighton & Hove Albion FC,397,Nottingham Forest FC,351,,,,,,,,,,
538057,2025,28,2026-02-28T00:00:00Z,SCHEDULED,Arsenal FC,57,Chelsea FC,61,,,,,,,,,,
538058,2025,28,2026-02-28T00:00:00Z,SCHEDULED,Burnley FC,328,Brentford FC,402,,,,,,,,,,
538059,2025,28,2026-02-28T00:00:00Z,SCHEDULED,Fulham FC,63,Tottenham Hotspur FC,73,,,,,,,,,,
538060,2025,28,2026-02-28T00:00:00Z,SCHEDULED,Liverpool FC,64,West Ham United FC,563,,,,,,,,,,
538061,2025,28,2026-02-28T00:00:00Z,SCHEDULED,Leeds United FC,341,Manchester City FC,65,,,,,,,,,,
538062,2025,28,2026-02-28T00:00:00Z,SCHEDULED,Manchester United FC,66,Crystal Palace FC,354,,,,,,,,,,
538063,2025,28,2026-02-28T00:00:00Z,SCHEDULED,Newcastle United FC,67,Everton FC,62,,,,,,,,,,
538064,2025,28,2026-02-28T00:00:00Z,SCHEDULED,Wolverhampton Wanderers FC,76,Aston Villa FC,58,,,,,,,,,,
538065,2025,29,2026-03-04T00:00:00Z,SCHEDULED,AFC Bournemouth,1044,Brentford FC,402,,,,,,,,,,
538066,2025,29,2026-03-04T00:00:00Z,SCHEDULED,Aston Villa FC,58,Chelsea FC,61,,,,,,,,,,
538067,2025,29,2026-03-04T00:00:00Z,SCHEDULED,Brighton & Hove Albion FC,397,Arsenal FC,57,,,,,,,,,,
538068,2025,29,2026-03-04T00:00:00Z,SCHEDULED,Everton FC,62,Burnley FC,328,,,,,,,,,,
538069,2025,29,2026-03-04T00:00:00Z,SCHEDULED,Fulham FC,63,West Ham United FC,563,,,,,,,,,,
538070,2025,29,2026-03-04T00:00:00Z,SCHEDULED,Leeds United FC,341,Sunderland AFC,71,,,,,,,,,,
538071,2025,29,2026-03-04T00:00:00Z,SCHEDULED,Manchester City FC,65,Nottingham Forest FC,351,,,,,,,,,,
538072,2025,29,2026-03-04T00:00:00Z,SCHEDULED,Newcastle United FC,67,Manchester United FC,66,,,,,,,,,,
538073,2025,29,2026-03-04T00:00:00Z,SCHEDULED,Tottenham Hotspur FC,73,Crystal Palace FC,354,,,,,,,,,,
538074,2025,29,2026-03-04T00:00:00Z,SCHEDULED,Wolverhampton Wanderers FC,76,Liverpool FC,64,,,,,,,,,,
538075,2025,30,2026-03-14T00:00:00Z,SCHEDULED,Sunderland AFC,71,Brighton & Hove Albion FC,397,,,,,,,,,,
538076,2025,30,2026-03-14T00:00:00Z,SCHEDULED,Crystal Palace FC,354,Leeds United FC,341,,,,,,,,,,
538077,2025,30,2026-03-14T00:00:00Z,SCHEDULED,Arsenal FC,57,Everton FC,62,,,,,,,,,,
538078,2025,30,2026-03-14T00:00:00Z,SCHEDULED,Brentford FC,402,Wolverhampton Wanderers FC,76,,,,,,,,,,
538079,2025,30,2026-03-14T00:00:00Z,SCHEDULED,Burnley FC,328,AFC Bournemouth,1044,,,,,,,,,,
538080,2025,30,2026-03-14T00:00:00Z,SCHEDULED,Chelsea FC,61,Newcastle United FC,67,,,,,,,,,,
538081,2025,30,2026-03-14T00:00:00Z,SCHEDULED,Liverpool FC,64,Tottenham Hotspur FC,73,,,,,,,,,,
538082,2025,30,2026-03-14T00:00:00Z,SCHEDULED,Manchester United FC,66,Aston Villa FC,58,,,,,,,,,,
538083,2025,30,2026-03-14T00:00:00Z,SCHEDULED,Nottingham Forest FC,351,Fulham FC,63,,,,,,,,,,
538084,2025,30,2026-03-14T00:00:00Z,SCHEDULED,West Ham United FC,563,Manchester City FC,65,,,,,,,,,,
538085,2025,31,2026-03-21T00:00:00Z,SCHEDULED,AFC Bournemouth,1044,Manchester United FC,66,,,,,,,,,,
538086,2025,31,2026-03-21T00:00:00Z,SCHEDULED,Aston Villa FC,58,West Ham United FC,563,,,,,,,,,,
538087,2025,31,2026-03-21T00:00:00Z,SCHEDULED,Brighton & Hove Albion FC,397,Liverpool FC,64,,,,,,,,,,
538088,2025,31,2026-03-21T00:00:00Z,SCHEDULED,Everton FC,62,Chelsea FC,61,,,,,,,,,,
538089,2025,31,2026-03-21T00:00:00Z,SCHEDULED,Fulham FC,63,Burnley FC,328,,,,,,,,,,
538090,2025,31,2026-03-21T00:00:00Z,SCHEDULED,Leeds United FC,341,Brentford FC,402,,,,,,,,,,
538091,2025,31,2026-03-21T00:00:00Z,SCHEDULED,Manchester City FC,65,Crystal Palace FC,354,,,,,,,,,,
538092,2025,31,2026-03-21T00:00:00Z,SCHEDULED,Newcastle United FC,67,Sunderland AFC,71,,,,,,,,,,
538093,2025,31,2026-03-21T00:00:00Z,SCHEDULED,Tottenham Hotspur FC,73,Nottingham Forest FC,351,,,,,,,,,,
538094,2025,31,2026-03-21T00:00:00Z,SCHEDULED,Wolverhampton Wanderers FC,76,Arsenal FC,57,,,,,,,,,,
538095,2025,32,2026-04-11T00:00:00Z,SCHEDULED,Sunderland AFC,71,Tottenham Hotspur FC,73,,,,,,,,,,
538096,2025,32,2026-04-11T00:00:00Z,SCHEDULED,Crystal Palace FC,354,Newcastle United FC,67,,,,,,,,,,
538097,2025,32,2026-04-11T00:00:00Z,SCHEDULED,Arsenal FC,57,AFC Bournemouth,1044,,,,,,,,,,
538098,2025,32,2026-04-11T00:00:00Z,SCHEDULED,Brentford FC,402,Everton FC,62,,,,,,,,,,
538099,2025,32,2026-04-11T00:00:00Z,SCHEDULED,Burnley FC,328,Brighton & Hove Albion FC,397,,,,,,,,,,
538100,2025,32,2026-04-11T00:00:00Z,SCHEDULED,Chelsea FC,61,Manchester City FC,65,,,,,,,,,,
538101,2025,32,2026-04-11T00:00:00Z,SCHEDULED,Liverpool FC,64,Fulham FC,63,,,,,,,,,,
538102,2025,32,2026-04-11T00:00:00Z,SCHEDULED,Manchester United FC,66,Leeds United FC,341,,,,,,,,,,
538103,2025,32,2026-04-11T00:00:00Z,SCHEDULED,Nottingham Forest FC,351,Aston Villa FC,58,,,,,,,,,,
538104,2025,32,2026-04-11T00:00:00Z,SCHEDULED,West Ham United FC,563,Wolverhampton Wanderers FC,76,,,,,,,,,,
538112,2025,33,2026-04-18T00:00:00Z,SCHEDULED,Newcastle United FC,67,AFC Bournemouth,1044,,,,,,,,,,
538113,2025,33,2026-04-18T00:00:00Z,SCHEDULED,Nottingham Forest FC,351,Burnley FC,328,,,,,,,,,,
538114,2025,33,2026-04-18T00:00:00Z,SCHEDULED,Tottenham Hotspur FC,73,Brighton & Hove Albion FC,397,,,,,,,,,,
538105,2025,33,2026-04-18T00:00:00Z,SCHEDULED,Aston Villa FC,58,Sunderland AFC,71,,,,,,,,,,
538106,2025,33,2026-04-18T00:00:00Z,SCHEDULED,Crystal Palace FC,354,West Ham United FC,563,,,,,,,,,,
538107,2025,33,2026-04-18T00:00:00Z,SCHEDULED,Brentford FC,402,Fulham FC,63,,,,,,,,,,
538108,2025,33,2026-04-18T00:00:00Z,SCHEDULED,Chelsea FC,61,Manchester United FC,66,,,,,,,,,,
538109,2025,33,2026-04-18T00:00:00Z,SCHEDULED,Everton FC,62,Liverpool FC,64,,,,,,,,,,
538110,2025,33,2026-04-18T00:00:00Z,SCHEDULED,Leeds United FC,341,Wolverhampton Wanderers FC,76,,,,,,,,,,
538111,2025,33,2026-04-18T00:00:00Z,SCHEDULED,Manchester City FC,65,Arsenal FC,57,,,,,,,,,,
538115,2025,34,2026-04-25T00:00:00Z,SCHEDULED,AFC Bournemouth,1044,Leeds United FC,341,,,,,,,,,,
538116,2025,34,2026-04-25T00:00:00Z,SCHEDULED,Sunderland AFC,71,Nottingham Forest FC,351,,,,,,,,,,
538117,2025,34,2026-04-25T00:00:00Z,SCHEDULED,Brighton & Hove Albion FC,397,Chelsea FC,61,,,,,,,,,,
538118,2025,34,2026-04-25T00:00:00Z,SCHEDULED,Arsenal FC,57,Newcastle United FC,67,,,,,,,,,,
538119,2025,34,2026-04-25T00:00:00Z,SCHEDULED,Burnley FC,328,Manchester City FC,65,,,,,,,,,,
538120,2025,34,2026-04-25T00:00:00Z,SCHEDULED,Fulham FC,63,Aston Villa FC,58,,,,,,,,,,
538121,2025,34,2026-04-25T00:00:00Z,SCHEDULED,Liverpool FC,64,Crystal Palace FC,354,,,,,,,,,,
538122,2025,34,2026-04-25T00:00:00Z,SCHEDULED,Manchester United FC,66,Brentford FC,402,,,,,,,,,,
538123,2025,34,2026-04-25T00:00:00Z,SCHEDULED,West Ham United FC,563,Everton FC,62,,,,,,,,,,
538124,2025,34,2026-04-25T00:00:00Z,SCHEDULED,Wolverhampton Wanderers FC,76,Tottenham Hotspur FC,73,,,,,,,,,,
538125,2025,35,2026-05-02T00:00:00Z,SCHEDULED,AFC Bournemouth,1044,Crystal Palace FC,354,,,,,,,,,,
538126,2025,35,2026-05-02T00:00:00Z,SCHEDULED,Aston Villa FC,58,Tottenham Hotspur FC,73,,,,,,,,,,
538127,2025,35,2026-05-02T00:00:00Z,SCHEDULED,Arsenal FC,57,Fulham FC,63,,,,,,,,,,
538128,2025,35,2026-05-02T00:00:00Z,SCHEDULED,Brentford FC,402,West Ham United FC,563,,,,,,,,,,
538129,2025,35,2026-05-02T00:00:00Z,SCHEDULED,Chelsea FC,61,Nottingham Forest FC,351,,,,,,,,,,
538130,2025,35,2026-05-02T00:00:00Z,SCHEDULED,Everton FC,62,Manchester City FC,65,,,,,,,,,,
538131,2025,35,2026-05-02T00:00:00Z,SCHEDULED,Leeds United FC,341,Burnley FC,328,,,,,,,,,,
538132,2025,35,2026-05-02T00:00:00Z,SCHEDULED,Manchester United FC,66,Liverpool FC,64,,,,,,,,,,
538133,2025,35,2026-05-02T00:00:00Z,SCHEDULED,Newcastle United FC,67,Brighton & Hove Albion FC,397,,,,,,,,,,
538134,2025,35,2026-05-02T00:00:00Z,SCHEDULED,Wolverhampton Wanderers FC,76,Sunderland AFC,71,,,,,,,,,,
538135,2025,36,2026-05-09T00:00:00Z,SCHEDULED,Sunderland AFC,71,Manchester United FC,66,,,,,,,,,,
538136,2025,36,2026-05-09T00:00:00Z,SCHEDULED,Brighton & Hove Albion FC,397,Wolverhampton Wanderers FC,76,,,,,,,,,,
538137,2025,36,2026-05-09T00:00:00Z,SCHEDULED,Crystal Palace FC,354,Everton FC,62,,,,,,,,,,
538138,2025,36,2026-05-09T00:00:00Z,SCHEDULED,Burnley FC,328,Aston Villa FC,58,,,,,,,,,,
538139,2025,36,2026-05-09T00:00:00Z,SCHEDULED,Fulham FC,63,AFC Bournemouth,1044,,,,,,,,,,
538140,2025,36,2026-05-09T00:00:00Z,SCHEDULED,Liverpool FC,64,Chelsea FC,61,,,,,,,,,,
538141,2025,36,2026-05-09T00:00:00Z,SCHEDULED,Manchester City FC,65,Brentford FC,402,,,,,,,,,,
538142,2025,36,2026-05-09T00:00:00Z,SCHEDULED,Nottingham Forest FC,351,Newcastle United FC,67,,,,,,,,,,
538143,2025,36,2026-05-09T00:00:00Z,SCHEDULED,Tottenham Hotspur FC,73,Leeds United FC,341,,,,,,,,,,
538144,2025,36,2026-05-09T00:00:00Z,SCHEDULED,West Ham United FC,563,Arsenal FC,57,,,,,,,,,,
538145,2025,37,2026-05-17T00:00:00Z,SCHEDULED,AFC Bournemouth,1044,Manchester City FC,65,,,,,,,,,,
538146,2025,37,2026-05-17T00:00:00Z,SCHEDULED,Aston Villa FC,58,Liverpool FC,64,,,,,,,,,,
538147,2025,37,2026-05-17T00:00:00Z,SCHEDULED,Arsenal FC,57,Burnley FC,328,,,,,,,,,,
538148,2025,37,2026-05-17T00:00:00Z,SCHEDULED,Brentford FC,402,Crystal Palace FC,354,,,,,,,,,,
538149,2025,37,2026-05-17T00:00:00Z,SCHEDULED,Chelsea FC,61,Tottenham Hotspur FC,73,,,,,,,,,,
538150,2025,37,2026-05-17T00:00:00Z,SCHEDULED,Everton FC,62,Sunderland AFC,71,,,,,,,,,,
538151,2025,37,2026-05-17T00:00:00Z,SCHEDULED,Leeds United FC,341,Brighton & Hove Albion FC,397,,,,,,,,,,
538152,2025,37,2026-05-17T00:00:00Z,SCHEDULED,Manchester United FC,66,Nottingham Forest FC,351,,,,,,,,,,
538153,2025,37,2026-05-17T00:00:00Z,SCHEDULED,Newcastle United FC,67,West Ham United FC,563,,,,,,,,,,
538154,2025,37,2026-05-17T00:00:00Z,SCHEDULED,Wolverhampton Wanderers FC,76,Fulham FC,63,,,,,,,,,,
538155,2025,38,2026-05-24T00:00:00Z,SCHEDULED,Sunderland AFC,71,Chelsea FC,61,,,,,,,,,,
538156,2025,38,2026-05-24T00:00:00Z,SCHEDULED,Brighton & Hove Albion FC,397,Manchester United FC,66,,,,,,,,,,
538157,2025,38,2026-05-24T00:00:00Z,SCHEDULED,Crystal Palace FC,354,Arsenal FC,57,,,,,,,,,,
538158,2025,38,2026-05-24T00:00:00Z,SCHEDULED,Burnley FC,328,Wolverhampton Wanderers FC,76,,,,,,,,,,
538159,2025,38,2026-05-24T00:00:00Z,SCHEDULED,Fulham FC,63,Newcastle United FC,67,,,,,,,,,,
538160,2025,38,2026-05-24T00:00:00Z,SCHEDULED,Liverpool FC,64,Brentford FC,402,,,,,,,,,,
538161,2025,38,2026-05-24T00:00:00Z,SCHEDULED,Manchester City FC,65,Aston Villa FC,58,,,,,,,,,,
538162,2025,38,2026-05-24T00:00:00Z,SCHEDULED,Nottingham Forest FC,351,AFC Bournemouth,1044,,,,,,,,,,
538163,2025,38,2026-05-24T00:00:00Z,SCHEDULED,Tottenham Hotspur FC,73,Everton FC,62,,,,,,,,,,
538164,2025,38,2026-05-24T00:00:00Z,SCHEDULED,West Ham United FC,563,Leeds United FC,341,,,,,,,,,,
