league,season,game,team,player,league_id,season_id,game_id,date,shot_id,team_id,player_id,assist_player_id,assist_player,xg,location_x,location_y,minute,body_part,situation,result
ENG-Premier League,2526,2025-08-15 Liverpool-Bournemouth,Bournemouth,Antoine Semenyo,1,2025,28778,2025-08-15 19:00:00,637503,73,11363,731590,Adrien Truffert,0.3169209659099579,0.9080000305175782,0.44400001525878907,5,Right Foot,Open Play,Missed Shot
ENG-Premier League,2526,2025-08-15 Liverpool-Bournemouth,Bournemouth,Antoine Semenyo,1,2025,28778,2025-08-15 19:00:00,637519,73,11363,731595,David Brooks,0.42599424719810486,0.9080000305175782,0.5129999923706055,63,Left Foot,Open Play,Goal
ENG-Premier League,2526,2025-08-15 Liverpool-Bournemouth,Bournemouth,Antoine Semenyo,1,2025,28778,2025-08-15 19:00:00,637523,73,11363,731599,Hamed Junior Traore,0.09559009969234467,0.825,0.4829999923706055,75,Left Foot,Open Play,Goal
ENG-Premier League,2526,2025-08-15 Liverpool-Bournemouth,Bournemouth,David Brooks,1,2025,28778,2025-08-15 19:00:00,637509,73,6820,,,0.038630276918411255,0.855,0.685,41,Right Foot,Open Play,Blocked Shot
ENG-Premier League,2526,2025-08-15 Liverpool-Bournemouth,Bournemouth,David Brooks,1,2025,28778,2025-08-15 19:00:00,637521,73,6820,731594,Marcus Tavernier,0.07709097117185593,0.8959999847412109,0.63,70,Left Foot,Open Play,Blocked Shot
ENG-Premier League,2526,2025-08-15 Liverpool-Bournemouth,Bournemouth,Evanilson,1,2025,28778,2025-08-15 19:00:00,637504,73,12963,731595,David Brooks,0.071727454662323,0.9490000152587891,0.4109999847412109,9,,From Corner,Missed Shot
ENG-Premier League,2526,2025-08-15 Liverpool-Bournemouth,Bournemouth,Evanilson,1,2025,28778,2025-08-15 19:00:00,637512,73,12963,731595,David Brooks,0.09731415659189224,0.8769999694824219,0.6559999847412109,48,Left Foot,Open Play,Missed Shot
ENG-Premier League,2526,2025-08-15 Liverpool-Bournemouth,Bournemouth,Evanilson,1,2025,28778,2025-08-15 19:00:00,637522,73,12963,731588,Marcos Senesi,0.05321967601776123,0.9119999694824219,0.595,70,,Open Play,Missed Shot
ENG-Premier League,2526,2025-08-15 Liverpool-Bournemouth,Bournemouth,Marcus Tavernier,1,2025,28778,2025-08-15 19:00:00,637506,73,10741,731587,Adam Smith,0.35100075602531433,0.87,0.5209999847412109,34,Right Foot,Open Play,Saved Shot
ENG-Premier League,2526,2025-08-15 Liverpool-Bournemouth,Bournemouth,Marcus Tavernier,1,2025,28778,2025-08-15 19:00:00,637510,73,10741,,,0.045542508363723755,0.75,0.315,46,Left Foot,Direct Freekick,Blocked Shot
ENG-Premier League,2526,2025-08-15 Liverpool-Bournemouth,Liverpool,Alexis Mac Allister,1,2025,28778,2025-08-15 19:00:00,637515,87,8379,731578,Florian Wirtz,0.027150798588991165,0.76,0.34799999237060547,51,Right Foot,Open Play,Saved Shot
ENG-Premier League,2526,2025-08-15 Liverpool-Bournemouth,Liverpool,Cody Gakpo,1,2025,28778,2025-08-15 19:00:00,637514,87,11296,731580,Hugo Ekitike,0.0957067683339119,0.850999984741211,0.49200000762939455,48,Right Foot,Open Play,Goal
ENG-Premier League,2526,2025-08-15 Liverpool-Bournemouth,Liverpool,Cody Gakpo,1,2025,28778,2025-08-15 19:00:00,637520,87,11296,731576,Dominik Szoboszlai,0.03299751132726669,0.8519999694824218,0.7609999847412109,69,Right Foot,Open Play,Saved Shot
ENG-Premier League,2526,2025-08-15 Liverpool-Bournemouth,Liverpool,Cody Gakpo,1,2025,28778,2025-08-15 19:00:00,637526,87,11296,,,0.07005230337381363,0.909000015258789,0.624000015258789,87,Right Foot,Set Piece,Missed Shot
ENG-Premier League,2526,2025-08-15 Liverpool-Bournemouth,Liverpool,Dominik Szoboszlai,1,2025,28778,2025-08-15 19:00:00,637517,87,9788,,,0.014567305333912373,0.7090000152587891,0.5570000076293945,53,Right Foot,Open Play,Missed Shot
ENG-Premier League,2526,2025-08-15 Liverpool-Bournemouth,Liverpool,Dominik Szoboszlai,1,2025,28778,2025-08-15 19:00:00,637524,87,9788,731584,Curtis Jones,0.09390604496002197,0.855,0.4420000076293945,79,Left Foot,Open Play,Missed Shot
ENG-Premier League,2526,2025-08-15 Liverpool-Bournemouth,Liverpool,Dominik Szoboszlai,1,2025,28778,2025-08-15 19:00:00,637525,87,9788,731577,Mohamed Salah,0.05117299035191536,0.865,0.33599998474121096,80,Right Foot,Open Play,Saved Shot
ENG-Premier League,2526,2025-08-15 Liverpool-Bournemouth,Liverpool,Federico Chiesa,1,2025,28778,2025-08-15 19:00:00,637527,87,1433,,,0.09901324659585953,0.8980000305175782,0.534000015258789,87,Right Foot,Open Play,Goal
ENG-Premier League,2526,2025-08-15 Liverpool-Bournemouth,Liverpool,Florian Wirtz,1,2025,28778,2025-08-15 19:00:00,637518,87,8397,731576,Dominik Szoboszlai,0.11103862524032593,0.84,0.45799999237060546,62,Right Foot,Open Play,Missed Shot
ENG-Premier League,2526,2025-08-15 Liverpool-Bournemouth,Liverpool,Hugo Ekitike,1,2025,28778,2025-08-15 19:00:00,637500,87,8995,731579,Cody Gakpo,0.014601008035242558,0.7619999694824219,0.6990000152587891,2,Right Foot,Open Play,Saved Shot
ENG-Premier League,2526,2025-08-15 Liverpool-Bournemouth,Liverpool,Hugo Ekitike,1,2025,28778,2025-08-15 19:00:00,637507,87,8995,731575,Alexis Mac Allister,0.40409132838249207,0.8909999847412109,0.524000015258789,36,Right Foot,Open Play,Goal
ENG-Premier League,2526,2025-08-15 Liverpool-Bournemouth,Liverpool,Hugo Ekitike,1,2025,28778,2025-08-15 19:00:00,637508,87,8995,731579,Cody Gakpo,0.534849226474762,0.9419999694824219,0.4829999923706055,38,,Open Play,Missed Shot
ENG-Premier League,2526,2025-08-15 Liverpool-Bournemouth,Liverpool,Hugo Ekitike,1,2025,28778,2025-08-15 19:00:00,637513,87,8995,731578,Florian Wirtz,0.1347046047449112,0.960999984741211,0.5209999847412109,46,,From Corner,Missed Shot
ENG-Premier League,2526,2025-08-15 Liverpool-Bournemouth,Liverpool,Jeremie Frimpong,1,2025,28778,2025-08-15 19:00:00,637516,87,9328,,,0.015647554770112038,0.754000015258789,0.37200000762939456,52,Right Foot,From Corner,Blocked Shot
ENG-Premier League,2526,2025-08-15 Liverpool-Bournemouth,Liverpool,Mohamed Salah,1,2025,28778,2025-08-15 19:00:00,637501,87,1250,731580,Hugo Ekitike,0.04265604913234711,0.855999984741211,0.3129999923706055,3,Left Foot,Open Play,Saved Shot
ENG-Premier League,2526,2025-08-15 Liverpool-Bournemouth,Liverpool,Mohamed Salah,1,2025,28778,2025-08-15 19:00:00,637511,87,1250,731579,Cody Gakpo,0.11337560415267944,0.85,0.42700000762939455,47,Left Foot,Open Play,Blocked Shot
ENG-Premier League,2526,2025-08-15 Liverpool-Bournemouth,Liverpool,Mohamed Salah,1,2025,28778,2025-08-15 19:00:00,637528,87,1250,731582,Wataru Endo,0.13890482485294342,0.899000015258789,0.6129999923706054,93,Right Foot,Open Play,Goal
ENG-Premier League,2526,2025-08-15 Liverpool-Bournemouth,Liverpool,Virgil van Dijk,1,2025,28778,2025-08-15 19:00:00,637502,87,833,731577,Mohamed Salah,0.25797542929649353,0.914000015258789,0.505,4,,From Corner,Missed Shot
ENG-Premier League,2526,2025-08-15 Liverpool-Bournemouth,Liverpool,Virgil van Dijk,1,2025,28778,2025-08-15 19:00:00,637505,87,833,731578,Florian Wirtz,0.0776621475815773,0.9119999694824219,0.5320000076293945,30,,From Corner,Saved Shot
ENG-Premier League,2526,2025-08-16 Aston Villa-Newcastle United,Aston Villa,Boubacar Kamara,1,2025,28779,2025-08-16 11:30:00,637626,71,5789,731704,John McGinn,0.17516101896762848,0.9009999847412109,0.47299999237060547,46,,From Corner,Saved Shot
ENG-Premier League,2526,2025-08-16 Aston Villa-Newcastle United,Aston Villa,Donyell Malen,1,2025,28779,2025-08-16 11:30:00,637632,71,9749,731707,Ollie Watkins,0.06348427385091782,0.894000015258789,0.265,86,Right Foot,Open Play,Saved Shot
ENG-Premier League,2526,2025-08-16 Aston Villa-Newcastle United,Aston Villa,Ollie Watkins,1,2025,28779,2025-08-16 11:30:00,637627,71,8865,731706,Morgan Rogers,0.0799555703997612,0.8469999694824218,0.41700000762939454,64,Left Foot,Open Play,Saved Shot
ENG-Premier League,2526,2025-08-16 Aston Villa-Newcastle United,Newcastle United,Anthony Elanga,1,2025,28779,2025-08-16 11:30:00,637618,86,9524,731716,Sandro Tonali,0.5098440051078796,0.8680000305175781,0.4329999923706055,2,Right Foot,Open Play,Saved Shot
ENG-Premier League,2526,2025-08-16 Aston Villa-Newcastle United,Newcastle United,Anthony Elanga,1,2025,28779,2025-08-16 11:30:00,637622,86,9524,731719,Harvey Barnes,0.05925820395350456,0.9119999694824219,0.36200000762939455,12,Right Foot,Open Play,Missed Shot
ENG-Premier League,2526,2025-08-16 Aston Villa-Newcastle United,Newcastle United,Anthony Gordon,1,2025,28779,2025-08-16 11:30:00,637619,86,8150,,,0.053771644830703735,0.8469999694824218,0.6480000305175782,2,Right Foot,Open Play,Blocked Shot
ENG-Premier League,2526,2025-08-16 Aston Villa-Newcastle United,Newcastle United,Anthony Gordon,1,2025,28779,2025-08-16 11:30:00,637620,86,8150,,,0.020615313202142715,0.8480000305175781,0.6170000076293946,7,Right Foot,Set Piece,Blocked Shot
ENG-Premier League,2526,2025-08-16 Aston Villa-Newcastle United,Newcastle United,Anthony Gordon,1,2025,28779,2025-08-16 11:30:00,637621,86,8150,731719,Harvey Barnes,0.4054856300354004,0.93,0.47,10,,Open Play,Missed Shot
ENG-Premier League,2526,2025-08-16 Aston Villa-Newcastle United,Newcastle United,Anthony Gordon,1,2025,28779,2025-08-16 11:30:00,637623,86,8150,731719,Harvey Barnes,0.023262882605195045,0.784000015258789,0.6129999923706054,15,Right Foot,Set Piece,Saved Shot
ENG-Premier League,2526,2025-08-16 Aston Villa-Newcastle United,Newcastle United,Anthony Gordon,1,2025,28779,2025-08-16 11:30:00,637624,86,8150,731719,Harvey Barnes,0.07491640001535416,0.8490000152587891,0.6509999847412109,26,Right Foot,Open Play,Blocked Shot
ENG-Premier League,2526,2025-08-16 Aston Villa-Newcastle United,Newcastle United,Anthony Gordon,1,2025,28779,2025-08-16 11:30:00,637629,86,8150,731713,Valentino Livramento,0.015197288244962692,0.6769999694824219,0.5929999923706055,71,Right Foot,From Corner,Blocked Shot
ENG-Premier League,2526,2025-08-16 Aston Villa-Newcastle United,Newcastle United,Anthony Gordon,1,2025,28779,2025-08-16 11:30:00,637634,86,8150,731715,Bruno Guimarães,0.010546272620558739,0.685,0.5109999847412109,90,Right Foot,Open Play,Saved Shot
ENG-Premier League,2526,2025-08-16 Aston Villa-Newcastle United,Newcastle United,Fabian Schär,1,2025,28779,2025-08-16 11:30:00,637625,86,76,731713,Valentino Livramento,0.014461319893598557,0.7380000305175781,0.34599998474121096,27,Right Foot,Open Play,Missed Shot
ENG-Premier League,2526,2025-08-16 Aston Villa-Newcastle United,Newcastle United,Fabian Schär,1,2025,28779,2025-08-16 11:30:00,637628,86,76,731716,Sandro Tonali,0.02261822111904621,0.7630000305175781,0.455,67,Right Foot,Set Piece,Missed Shot
ENG-Premier League,2526,2025-08-16 Aston Villa-Newcastle United,Newcastle United,Fabian Schär,1,2025,28779,2025-08-16 11:30:00,637636,86,76,731710,Kieran Trippier,0.005802980158478022,0.355,0.3089999961853027,96,Right Foot,Open Play,Missed Shot
ENG-Premier League,2526,2025-08-16 Aston Villa-Newcastle United,Newcastle United,Harvey Barnes,1,2025,28779,2025-08-16 11:30:00,637630,86,6681,731717,Anthony Elanga,0.07132836431264877,0.8980000305175782,0.6090000152587891,72,Right Foot,Open Play,Blocked Shot
ENG-Premier League,2526,2025-08-16 Aston Villa-Newcastle United,Newcastle United,Harvey Barnes,1,2025,28779,2025-08-16 11:30:00,637631,86,6681,731717,Anthony Elanga,0.04700176417827606,0.8019999694824219,0.46900001525878904,76,Right Foot,Open Play,Blocked Shot
ENG-Premier League,2526,2025-08-16 Aston Villa-Newcastle United,Newcastle United,Harvey Barnes,1,2025,28779,2025-08-16 11:30:00,637633,86,6681,731718,Anthony Gordon,0.02660728245973587,0.825,0.685,87,Right Foot,Open Play,Missed Shot
ENG-Premier League,2526,2025-08-16 Aston Villa-Newcastle United,Newcastle United,William Osula,1,2025,28779,2025-08-16 11:30:00,637635,86,9556,731722,Lewis Miley,0.040263328701257706,0.835999984741211,0.31799999237060544,93,Left Foot,Open Play,Blocked Shot
ENG-Premier League,2526,2025-08-16 Brighton-Fulham,Brighton,Brajan Gruda,1,2025,28780,2025-08-16 14:00:00,638437,220,11310,732714,Diego Gómez,0.3136118948459625,0.919000015258789,0.3609999847412109,88,Right Foot,Open Play,Missed Shot
ENG-Premier League,2526,2025-08-16 Brighton-Fulham,Brighton,Carlos Baleba,1,2025,28780,2025-08-16 14:00:00,638424,220,10527,,,0.019268060103058815,0.74,0.4640000152587891,13,Right Foot,Open Play,Missed Shot
ENG-Premier League,2526,2025-08-16 Brighton-Fulham,Brighton,Diego Gómez,1,2025,28780,2025-08-16 14:00:00,638435,220,13364,732710,Matt O'Riley,0.02465054765343666,0.749000015258789,0.46,75,Right Foot,Open Play,Saved Shot
ENG-Premier League,2526,2025-08-16 Brighton-Fulham,Brighton,Georginio Rutter,1,2025,28780,2025-08-16 14:00:00,638425,220,6937,732706,Maxim De Cuyper,0.022232800722122192,0.75,0.6320000076293946,25,Right Foot,Open Play,Saved Shot
ENG-Premier League,2526,2025-08-16 Brighton-Fulham,Brighton,Georginio Rutter,1,2025,28780,2025-08-16 14:00:00,638427,220,6937,732707,Carlos Baleba,0.033206358551979065,0.7959999847412109,0.4490000152587891,37,Left Foot,Open Play,Blocked Shot
ENG-Premier League,2526,2025-08-16 Brighton-Fulham,Brighton,Kaoru Mitoma,1,2025,28780,2025-08-16 14:00:00,638426,220,10806,732710,Matt O'Riley,0.08075278252363205,0.9330000305175781,0.5970000076293945,27,,Open Play,Missed Shot
ENG-Premier League,2526,2025-08-16 Brighton-Fulham,Brighton,Lewis Dunk,1,2025,28780,2025-08-16 14:00:00,638436,220,6048,732710,Matt O'Riley,0.030780566856265068,0.9619999694824218,0.5870000076293945,86,,From Corner,Missed Shot
ENG-Premier League,2526,2025-08-16 Brighton-Fulham,Brighton,Mats Wieffer,1,2025,28780,2025-08-16 14:00:00,638428,220,12758,732706,Maxim De Cuyper,0.013008378446102142,0.89,0.4229999923706055,42,,Set Piece,Saved Shot
ENG-Premier League,2526,2025-08-16 Brighton-Fulham,Brighton,Matt O&#039;Riley,1,2025,28780,2025-08-16 14:00:00,638432,220,13206,,,0.7611688375473022,0.885,0.5,54,Left Foot,,Goal
ENG-Premier League,2526,2025-08-16 Brighton-Fulham,Brighton,Yankuba Minteh,1,2025,28780,2025-08-16 14:00:00,638434,220,12759,,,0.1413981318473816,0.8969999694824219,0.40200000762939453,64,Left Foot,Open Play,Missed Shot
ENG-Premier League,2526,2025-08-16 Brighton-Fulham,Fulham,Alex Iwobi,1,2025,28780,2025-08-16 14:00:00,638433,228,500,732726,Joshua King,0.01406861376017332,0.7390000152587891,0.765,57,Right Foot,Open Play,Missed Shot
ENG-Premier League,2526,2025-08-16 Brighton-Fulham,Fulham,Emile Smith-Rowe,1,2025,28780,2025-08-16 14:00:00,638438,228,7230,732724,Sasa Lukic,0.03846864774823189,0.7969999694824219,0.57,95,Right Foot,Open Play,Blocked Shot
ENG-Premier League,2526,2025-08-16 Brighton-Fulham,Fulham,Harry Wilson,1,2025,28780,2025-08-16 14:00:00,638429,228,5596,732727,Alex Iwobi,0.04193772003054619,0.965999984741211,0.385,42,,Open Play,Missed Shot
ENG-Premier League,2526,2025-08-16 Brighton-Fulham,Fulham,Joshua King,1,2025,28780,2025-08-16 14:00:00,638430,228,12410,732727,Alex Iwobi,0.09185106307268143,0.960999984741211,0.644000015258789,47,Left Foot,Open Play,Saved Shot
ENG-Premier League,2526,2025-08-16 Brighton-Fulham,Fulham,Raúl Jiménez,1,2025,28780,2025-08-16 14:00:00,638423,228,4105,732727,Alex Iwobi,0.09471102803945541,0.93,0.644000015258789,1,Left Foot,Open Play,Missed Shot
ENG-Premier League,2526,2025-08-16 Brighton-Fulham,Fulham,Raúl Jiménez,1,2025,28780,2025-08-16 14:00:00,638431,228,4105,,,0.15028366446495056,0.975999984741211,0.575,47,Right Foot,Open Play,Missed Shot
ENG-Premier League,2526,2025-08-16 Brighton-Fulham,Fulham,Rodrigo Muniz,1,2025,28780,2025-08-16 14:00:00,638439,228,10717,,,0.48536622524261475,0.9490000152587891,0.5790000152587891,96,Left Foot,From Corner,Goal
ENG-Premier League,2526,2025-08-16 Sunderland-West Ham,Sunderland,Dan Ballard,1,2025,28781,2025-08-16 14:00:00,637687,77,13715,731791,Granit Xhaka,0.024895744398236275,0.9730000305175781,0.6120000076293945,6,,From Corner,Missed Shot
ENG-Premier League,2526,2025-08-16 Sunderland-West Ham,Sunderland,Dan Ballard,1,2025,28781,2025-08-16 14:00:00,637693,77,13715,731791,Granit Xhaka,0.03819282352924347,0.9519999694824218,0.610999984741211,43,,From Corner,Saved Shot
ENG-Premier League,2526,2025-08-16 Sunderland-West Ham,Sunderland,Dan Ballard,1,2025,28781,2025-08-16 14:00:00,637695,77,13715,731785,Trai Hume,0.016691947355866432,0.960999984741211,0.600999984741211,57,,From Corner,Missed Shot
ENG-Premier League,2526,2025-08-16 Sunderland-West Ham,Sunderland,Dan Ballard,1,2025,28781,2025-08-16 14:00:00,637698,77,13715,,,0.02813994511961937,0.9069999694824219,0.5420000076293945,72,,From Corner,Goal
ENG-Premier League,2526,2025-08-16 Sunderland-West Ham,Sunderland,Eliezer Mayenda,1,2025,28781,2025-08-16 14:00:00,637692,77,13718,,,0.09001695364713669,0.9169999694824219,0.40900001525878904,43,Right Foot,From Corner,Blocked Shot
ENG-Premier League,2526,2025-08-16 Sunderland-West Ham,Sunderland,Eliezer Mayenda,1,2025,28781,2025-08-16 14:00:00,637697,77,13718,731797,Omar Alderete,0.03667960315942764,0.9019999694824219,0.44299999237060544,60,,Open Play,Goal
ENG-Premier League,2526,2025-08-16 Sunderland-West Ham,Sunderland,Habib Diarra,1,2025,28781,2025-08-16 14:00:00,637686,77,9767,731793,Eliezer Mayenda,0.30460771918296814,0.895,0.3340000152587891,5,Right Foot,Open Play,Saved Shot
ENG-Premier League,2526,2025-08-16 Sunderland-West Ham,Sunderland,Habib Diarra,1,2025,28781,2025-08-16 14:00:00,637696,77,9767,731794,Simon Adingra,0.016927426680922508,0.7240000152587891,0.5209999847412109,59,Left Foot,Open Play,Missed Shot
ENG-Premier League,2526,2025-08-16 Sunderland-West Ham,Sunderland,Simon Adingra,1,2025,28781,2025-08-16 14:00:00,637694,77,11710,,,0.07569392770528793,0.875,0.5790000152587891,47,Right Foot,Open Play,Missed Shot
ENG-Premier League,2526,2025-08-16 Sunderland-West Ham,Sunderland,Wilson Isidor,1,2025,28781,2025-08-16 14:00:00,637704,77,7148,731792,Chemsdine Talbi,0.09252168238162994,0.850999984741211,0.715999984741211,91,Right Foot,Open Play,Goal
ENG-Premier League,2526,2025-08-16 Sunderland-West Ham,West Ham,Callum Wilson,1,2025,28781,2025-08-16 14:00:00,637702,81,468,,,0.02430039644241333,0.8869999694824219,0.5640000152587891,86,,Set Piece,Missed Shot
ENG-Premier League,2526,2025-08-16 Sunderland-West Ham,West Ham,El Hadji Malick Diouf,1,2025,28781,2025-08-16 14:00:00,637685,81,13723,,,0.014434839598834515,0.7240000152587891,0.51,3,Left Foot,From Corner,Missed Shot
ENG-Premier League,2526,2025-08-16 Sunderland-West Ham,West Ham,El Hadji Malick Diouf,1,2025,28781,2025-08-16 14:00:00,637688,81,13723,731808,Niclas Füllkrug,0.0907265841960907,0.8519999694824218,0.5790000152587891,25,Left Foot,Open Play,Blocked Shot
ENG-Premier League,2526,2025-08-16 Sunderland-West Ham,West Ham,El Hadji Malick Diouf,1,2025,28781,2025-08-16 14:00:00,637699,81,13723,,,0.016741380095481873,0.7469999694824219,0.4879999923706055,77,Left Foot,From Corner,Blocked Shot
ENG-Premier League,2526,2025-08-16 Sunderland-West Ham,West Ham,Guido Rodríguez,1,2025,28781,2025-08-16 14:00:00,637691,81,8267,,,0.024249104782938957,0.76,0.5479999923706055,41,Right Foot,Open Play,Blocked Shot
ENG-Premier League,2526,2025-08-16 Sunderland-West Ham,West Ham,Jarrod Bowen,1,2025,28781,2025-08-16 14:00:00,637684,81,1776,731805,James Ward-Prowse,0.0658746063709259,0.9259999847412109,0.3060000038146973,2,Right Foot,Open Play,Saved Shot
ENG-Premier League,2526,2025-08-16 Sunderland-West Ham,West Ham,Jarrod Bowen,1,2025,28781,2025-08-16 14:00:00,637690,81,1776,731806,El Hadji Malick Diouf,0.04136160761117935,0.7980000305175782,0.585999984741211,28,Left Foot,Open Play,Blocked Shot
ENG-Premier League,2526,2025-08-16 Sunderland-West Ham,West Ham,Jarrod Bowen,1,2025,28781,2025-08-16 14:00:00,637700,81,1776,731812,Andy Irving,0.05706255882978439,0.9109999847412109,0.43400001525878906,84,,From Corner,Blocked Shot
ENG-Premier League,2526,2025-08-16 Sunderland-West Ham,West Ham,Jarrod Bowen,1,2025,28781,2025-08-16 14:00:00,637705,81,1776,731802,Max Kilman,0.0328790582716465,0.7919999694824219,0.515,95,Left Foot,Set Piece,Blocked Shot
ENG-Premier League,2526,2025-08-16 Sunderland-West Ham,West Ham,Niclas Füllkrug,1,2025,28781,2025-08-16 14:00:00,637689,81,6098,731806,El Hadji Malick Diouf,0.10130181908607483,0.9069999694824219,0.5690000152587891,26,Right Foot,Open Play,Blocked Shot
ENG-Premier League,2526,2025-08-16 Sunderland-West Ham,West Ham,Niclas Füllkrug,1,2025,28781,2025-08-16 14:00:00,637703,81,6098,731803,Aaron Wan-Bissaka,0.04106655716896057,0.8809999847412109,0.5279999923706055,89,,Open Play,Saved Shot
ENG-Premier League,2526,2025-08-16 Sunderland-West Ham,West Ham,Tomas Soucek,1,2025,28781,2025-08-16 14:00:00,637701,81,8288,,,0.048949770629405975,0.85,0.40900001525878904,84,Left Foot,Open Play,Saved Shot
ENG-Premier League,2526,2025-08-16 Tottenham-Burnley,Burnley,Chimuanya Ugochukwu,1,2025,28782,2025-08-16 14:00:00,637730,92,9451,731839,Lyle Foster,0.074710913002491,0.8230000305175781,0.5120000076293946,67,Right Foot,Open Play,Missed Shot
ENG-Premier League,2526,2025-08-16 Tottenham-Burnley,Burnley,Hannibal Mejbri,1,2025,28782,2025-08-16 14:00:00,637718,92,9558,,,0.04063680022954941,0.784000015258789,0.7819999694824219,31,Right Foot,Direct Freekick,Missed Shot
ENG-Premier League,2526,2025-08-16 Tottenham-Burnley,Burnley,Jaidon Anthony,1,2025,28782,2025-08-16 14:00:00,637710,92,10746,731836,Josh Cullen,0.02793847769498825,0.8909999847412109,0.504000015258789,13,,Set Piece,Missed Shot
ENG-Premier League,2526,2025-08-16 Tottenham-Burnley,Burnley,Jaidon Anthony,1,2025,28782,2025-08-16 14:00:00,637714,92,10746,731836,Josh Cullen,0.02467920072376728,0.774000015258789,0.6359999847412109,23,Right Foot,Open Play,Blocked Shot
ENG-Premier League,2526,2025-08-16 Tottenham-Burnley,Burnley,Jaidon Anthony,1,2025,28782,2025-08-16 14:00:00,637726,92,10746,731839,Lyle Foster,0.12898607552051544,0.9309999847412109,0.54,57,Right Foot,Open Play,Saved Shot
ENG-Premier League,2526,2025-08-16 Tottenham-Burnley,Burnley,Jaidon Anthony,1,2025,28782,2025-08-16 14:00:00,637732,92,10746,731836,Josh Cullen,0.03144283592700958,0.8490000152587891,0.46599998474121096,72,Right Foot,From Corner,Blocked Shot
ENG-Premier League,2526,2025-08-16 Tottenham-Burnley,Burnley,Josh Laurent,1,2025,28782,2025-08-16 14:00:00,637712,92,13728,731838,Jaidon Anthony,0.01934977062046528,0.7430000305175781,0.3990000152587891,22,Right Foot,Open Play,Saved Shot
ENG-Premier League,2526,2025-08-16 Tottenham-Burnley,Burnley,Josh Laurent,1,2025,28782,2025-08-16 14:00:00,637717,92,13728,731834,Quilindschy Hartman,0.03751162067055702,0.865999984741211,0.7019999694824218,29,Right Foot,Open Play,Missed Shot
ENG-Premier League,2526,2025-08-16 Tottenham-Burnley,Burnley,Josh Laurent,1,2025,28782,2025-08-16 14:00:00,637720,92,13728,731830,Oliver Sonne,0.02691812254488468,0.784000015258789,0.41200000762939454,42,Right Foot,Open Play,Saved Shot
ENG-Premier League,2526,2025-08-16 Tottenham-Burnley,Burnley,Kyle Walker,1,2025,28782,2025-08-16 14:00:00,637713,92,638,731836,Josh Cullen,0.01382085494697094,0.7040000152587891,0.37900001525878907,23,Right Foot,Open Play,Missed Shot
ENG-Premier League,2526,2025-08-16 Tottenham-Burnley,Burnley,Lyle Foster,1,2025,28782,2025-08-16 14:00:00,637715,92,7498,731836,Josh Cullen,0.13910795748233795,0.775,0.4129999923706055,26,Right Foot,Open Play,Blocked Shot
ENG-Premier League,2526,2025-08-16 Tottenham-Burnley,Burnley,Lyle Foster,1,2025,28782,2025-08-16 14:00:00,637725,92,7498,731837,Josh Laurent,0.12265605479478836,0.905,0.46299999237060546,57,Left Foot,Open Play,Missed Shot
ENG-Premier League,2526,2025-08-16 Tottenham-Burnley,Burnley,Maxime Estève,1,2025,28782,2025-08-16 14:00:00,637716,92,9487,731838,Jaidon Anthony,0.045311152935028076,0.92,0.505,28,,From Corner,Saved Shot
ENG-Premier League,2526,2025-08-16 Tottenham-Burnley,Burnley,Oliver Sonne,1,2025,28782,2025-08-16 14:00:00,637711,92,13726,,,0.016889376565814018,0.830999984741211,0.665,14,Left Foot,From Corner,Missed Shot
ENG-Premier League,2526,2025-08-16 Tottenham-Burnley,Tottenham,Brennan Johnson,1,2025,28782,2025-08-16 14:00:00,637707,82,10760,,,0.036160849034786224,0.8109999847412109,0.4829999923706055,0,Right Foot,From Corner,Missed Shot
ENG-Premier League,2526,2025-08-16 Tottenham-Burnley,Tottenham,Brennan Johnson,1,2025,28782,2025-08-16 14:00:00,637729,82,10760,731818,Pape Sarr,0.5134420394897461,0.914000015258789,0.5790000152587891,65,Right Foot,Open Play,Goal
ENG-Premier League,2526,2025-08-16 Tottenham-Burnley,Tottenham,Djed Spence,1,2025,28782,2025-08-16 14:00:00,637719,82,10764,731821,Mohammed Kudus,0.03260151296854019,0.774000015258789,0.6170000076293946,39,Right Foot,Open Play,Missed Shot
ENG-Premier League,2526,2025-08-16 Tottenham-Burnley,Tottenham,Djed Spence,1,2025,28782,2025-08-16 14:00:00,637734,82,10764,731825,Wilson Odobert,0.06407608836889267,0.960999984741211,0.669000015258789,83,Right Foot,Open Play,Saved Shot
ENG-Premier League,2526,2025-08-16 Tottenham-Burnley,Tottenham,Dominic Solanke,1,2025,28782,2025-08-16 14:00:00,637733,82,1679,731814,Pedro Porro,0.09272023290395737,0.850999984741211,0.4829999923706055,74,Left Foot,Open Play,Missed Shot
ENG-Premier League,2526,2025-08-16 Tottenham-Burnley,Tottenham,Lucas Bergvall,1,2025,28782,2025-08-16 14:00:00,637706,82,12912,,,0.09277527779340744,0.9769999694824218,0.41200000762939454,0,Right Foot,Open Play,Saved Shot
ENG-Premier League,2526,2025-08-16 Tottenham-Burnley,Tottenham,Micky van de Ven,1,2025,28782,2025-08-16 14:00:00,637721,82,10050,731821,Mohammed Kudus,0.14553724229335785,0.9740000152587891,0.485,48,,From Corner,Missed Shot
ENG-Premier League,2526,2025-08-16 Tottenham-Burnley,Tottenham,Micky van de Ven,1,2025,28782,2025-08-16 14:00:00,637731,82,10050,731821,Mohammed Kudus,0.13427750766277313,0.9640000152587891,0.4640000152587891,69,,From Corner,Missed Shot
ENG-Premier League,2526,2025-08-16 Tottenham-Burnley,Tottenham,Mohammed Kudus,1,2025,28782,2025-08-16 14:00:00,637724,82,12027,,,0.029406428337097168,0.9169999694824219,0.22700000762939454,51,Left Foot,Open Play,Missed Shot
ENG-Premier League,2526,2025-08-16 Tottenham-Burnley,Tottenham,Mohammed Kudus,1,2025,28782,2025-08-16 14:00:00,637735,82,12027,731814,Pedro Porro,0.02667970582842827,0.7619999694824219,0.37099998474121093,84,Left Foot,From Corner,Missed Shot
ENG-Premier League,2526,2025-08-16 Tottenham-Burnley,Tottenham,Pedro Porro,1,2025,28782,2025-08-16 14:00:00,637728,82,6912,731823,Brennan Johnson,0.025929126888513565,0.7669999694824219,0.3220000076293945,63,Right Foot,Open Play,Missed Shot
ENG-Premier League,2526,2025-08-16 Tottenham-Burnley,Tottenham,Richarlison,1,2025,28782,2025-08-16 14:00:00,637708,82,6026,731821,Mohammed Kudus,0.07443246245384216,0.874000015258789,0.46,9,Right Foot,Open Play,Goal
ENG-Premier League,2526,2025-08-16 Tottenham-Burnley,Tottenham,Richarlison,1,2025,28782,2025-08-16 14:00:00,637709,82,6026,731814,Pedro Porro,0.08871733397245407,0.9259999847412109,0.5220000076293946,11,,Open Play,Missed Shot
ENG-Premier League,2526,2025-08-16 Tottenham-Burnley,Tottenham,Richarlison,1,2025,28782,2025-08-16 14:00:00,637722,82,6026,731823,Brennan Johnson,0.08876293897628784,0.885,0.5879999923706055,51,Right Foot,Open Play,Blocked Shot
ENG-Premier League,2526,2025-08-16 Tottenham-Burnley,Tottenham,Richarlison,1,2025,28782,2025-08-16 14:00:00,637723,82,6026,,,0.49988359212875366,0.965,0.5770000076293945,51,Left Foot,Open Play,Saved Shot
ENG-Premier League,2526,2025-08-16 Tottenham-Burnley,Tottenham,Richarlison,1,2025,28782,2025-08-16 14:00:00,637727,82,6026,731821,Mohammed Kudus,0.09355449676513672,0.8859999847412109,0.5429999923706055,59,Right Foot,Open Play,Goal
ENG-Premier League,2526,2025-08-16 Wolverhampton Wanderers-Manchester City,Manchester City,Erling Haaland,1,2025,28783,2025-08-16 16:30:00,638440,88,8260,732756,Bernardo Silva,0.2403138428926468,0.9230000305175782,0.5070000076293946,17,,From Corner,Missed Shot
ENG-Premier League,2526,2025-08-16 Wolverhampton Wanderers-Manchester City,Manchester City,Erling Haaland,1,2025,28783,2025-08-16 16:30:00,638441,88,8260,732756,Bernardo Silva,0.5462837815284729,0.955,0.45799999237060546,18,,Open Play,Missed Shot
ENG-Premier League,2526,2025-08-16 Wolverhampton Wanderers-Manchester City,Manchester City,Erling Haaland,1,2025,28783,2025-08-16 16:30:00,638447,88,8260,732751,Rico Lewis,0.7589436173439026,0.9690000152587891,0.5320000076293945,33,Left Foot,Open Play,Goal
ENG-Premier League,2526,2025-08-16 Wolverhampton Wanderers-Manchester City,Manchester City,Erling Haaland,1,2025,28783,2025-08-16 16:30:00,638449,88,8260,732756,Bernardo Silva,0.11745663732290268,0.9330000305175781,0.46900001525878904,42,,From Corner,Missed Shot
ENG-Premier League,2526,2025-08-16 Wolverhampton Wanderers-Manchester City,Manchester City,Erling Haaland,1,2025,28783,2025-08-16 16:30:00,638450,88,8260,732756,Bernardo Silva,0.03665313497185707,0.914000015258789,0.4829999923706055,48,,From Corner,Missed Shot
ENG-Premier League,2526,2025-08-16 Wolverhampton Wanderers-Manchester City,Manchester City,Erling Haaland,1,2025,28783,2025-08-16 16:30:00,638454,88,8260,732755,Tijjani Reijnders,0.08934725821018219,0.8569999694824219,0.37,60,Left Foot,Open Play,Goal
ENG-Premier League,2526,2025-08-16 Wolverhampton Wanderers-Manchester City,Manchester City,Mathis Cherki,1,2025,28783,2025-08-16 16:30:00,638458,88,8094,,,0.05370163172483444,0.7880000305175782,0.4620000076293945,80,Right Foot,Open Play,Goal
ENG-Premier League,2526,2025-08-16 Wolverhampton Wanderers-Manchester City,Manchester City,Nico González,1,2025,28783,2025-08-16 16:30:00,638444,88,9802,,,0.06871091574430466,0.8159999847412109,0.4,32,Right Foot,Open Play,Blocked Shot
ENG-Premier League,2526,2025-08-16 Wolverhampton Wanderers-Manchester City,Manchester City,Nico González,1,2025,28783,2025-08-16 16:30:00,638446,88,9802,732754,Rayan Ait Nouri,0.017422990873456,0.7369999694824219,0.555,33,Right Foot,Open Play,Blocked Shot
ENG-Premier League,2526,2025-08-16 Wolverhampton Wanderers-Manchester City,Manchester City,Omar Marmoush,1,2025,28783,2025-08-16 16:30:00,638461,88,8393,,,0.1576274335384369,0.8209999847412109,0.5720000076293945,91,Right Foot,Direct Freekick,Blocked Shot
ENG-Premier League,2526,2025-08-16 Wolverhampton Wanderers-Manchester City,Manchester City,Rayan Ait Nouri,1,2025,28783,2025-08-16 16:30:00,638445,88,6674,,,0.01887536235153675,0.7580000305175781,0.49,32,Right Foot,Open Play,Blocked Shot
ENG-Premier League,2526,2025-08-16 Wolverhampton Wanderers-Manchester City,Manchester City,Rayan Ait Nouri,1,2025,28783,2025-08-16 16:30:00,638452,88,6674,,,0.038658253848552704,0.8090000152587891,0.6129999923706054,51,Left Foot,Open Play,Missed Shot
ENG-Premier League,2526,2025-08-16 Wolverhampton Wanderers-Manchester City,Manchester City,Tijjani Reijnders,1,2025,28783,2025-08-16 16:30:00,638448,88,11965,732758,Oscar Bobb,0.08841829001903534,0.8430000305175781,0.65,36,Left Foot,Open Play,Goal
ENG-Premier League,2526,2025-08-16 Wolverhampton Wanderers-Manchester City,Manchester City,Tijjani Reijnders,1,2025,28783,2025-08-16 16:30:00,638459,88,11965,732758,Oscar Bobb,0.03802133724093437,0.775,0.3870000076293945,86,Right Foot,Open Play,Missed Shot
ENG-Premier League,2526,2025-08-16 Wolverhampton Wanderers-Manchester City,Manchester City,Tijjani Reijnders,1,2025,28783,2025-08-16 16:30:00,638462,88,11965,,,0.035485826432704926,0.855,0.6580000305175782,91,Right Foot,Set Piece,Missed Shot
ENG-Premier League,2526,2025-08-16 Wolverhampton Wanderers-Manchester City,Wolverhampton Wanderers,Emmanuel Agbadou,1,2025,28783,2025-08-16 16:30:00,638457,229,10856,732736,Toti,0.01164406817406416,0.7,0.5109999847412109,76,Right Foot,Open Play,Missed Shot
ENG-Premier League,2526,2025-08-16 Wolverhampton Wanderers-Manchester City,Wolverhampton Wanderers,Fernando López,1,2025,28783,2025-08-16 16:30:00,638460,229,13200,732748,Hee-Chan Hwang,0.0520901195704937,0.8219999694824218,0.425,86,Left Foot,Open Play,Blocked Shot
ENG-Premier League,2526,2025-08-16 Wolverhampton Wanderers-Manchester City,Wolverhampton Wanderers,Fernando López,1,2025,28783,2025-08-16 16:30:00,638463,229,13200,732747,Hugo Bueno,0.05436142161488533,0.8719999694824219,0.35400001525878905,92,Left Foot,Open Play,Saved Shot
ENG-Premier League,2526,2025-08-16 Wolverhampton Wanderers-Manchester City,Wolverhampton Wanderers,Jean-Ricner Bellegarde,1,2025,28783,2025-08-16 16:30:00,638443,229,7762,732740,João Gomes,0.03351510688662529,0.81,0.6580000305175782,28,Right Foot,Open Play,Missed Shot
ENG-Premier League,2526,2025-08-16 Wolverhampton Wanderers-Manchester City,Wolverhampton Wanderers,Jørgen Strand Larsen,1,2025,28783,2025-08-16 16:30:00,638442,229,11070,732738,Ki-Jana Hoever,0.07954536378383636,0.88,0.46599998474121096,25,Right Foot,Open Play,Blocked Shot
ENG-Premier League,2526,2025-08-16 Wolverhampton Wanderers-Manchester City,Wolverhampton Wanderers,Jørgen Strand Larsen,1,2025,28783,2025-08-16 16:30:00,638451,229,11070,,,0.07178953289985657,0.8919999694824219,0.43200000762939456,45,Left Foot,Open Play,Missed Shot
ENG-Premier League,2526,2025-08-16 Wolverhampton Wanderers-Manchester City,Wolverhampton Wanderers,Jørgen Strand Larsen,1,2025,28783,2025-08-16 16:30:00,638453,229,11070,732744,Jean-Ricner Bellegarde,0.10767661035060883,0.899000015258789,0.37,57,Right Foot,Set Piece,Saved Shot
ENG-Premier League,2526,2025-08-16 Wolverhampton Wanderers-Manchester City,Wolverhampton Wanderers,Jørgen Strand Larsen,1,2025,28783,2025-08-16 16:30:00,638456,229,11070,732745,Jhon Arias,0.05849302560091019,0.884000015258789,0.6769999694824219,74,Right Foot,Open Play,Saved Shot
ENG-Premier League,2526,2025-08-16 Wolverhampton Wanderers-Manchester City,Wolverhampton Wanderers,Marshall Munetsi,1,2025,28783,2025-08-16 16:30:00,638455,229,7908,,,0.05032111331820488,0.8640000152587891,0.39299999237060546,73,Right Foot,Open Play,Blocked Shot
ENG-Premier League,2526,2025-08-17 Chelsea-Crystal Palace,Chelsea,Andrey Santos,1,2025,28784,2025-08-17 13:00:00,638061,80,11808,732224,Marc Cucurella,0.3392919898033142,0.8590000152587891,0.49900001525878906,92,Left Foot,Open Play,Missed Shot
ENG-Premier League,2526,2025-08-17 Chelsea-Crystal Palace,Chelsea,Andrey Santos,1,2025,28784,2025-08-17 13:00:00,638062,80,11808,732227,Pedro Neto,0.08640170097351074,0.8959999847412109,0.46299999237060546,93,,Open Play,Saved Shot
ENG-Premier League,2526,2025-08-17 Chelsea-Crystal Palace,Chelsea,Cole Palmer,1,2025,28784,2025-08-17 13:00:00,638037,80,8497,732229,Jamie Bynoe-Gittens,0.020660916343331337,0.8319999694824218,0.7319999694824219,20,Left Foot,Open Play,Missed Shot
ENG-Premier League,2526,2025-08-17 Chelsea-Crystal Palace,Chelsea,Cole Palmer,1,2025,28784,2025-08-17 13:00:00,638047,80,8497,732221,Reece James,0.056066226214170456,0.8130000305175781,0.5220000076293946,46,Left Foot,Open Play,Blocked Shot
ENG-Premier League,2526,2025-08-17 Chelsea-Crystal Palace,Chelsea,Cole Palmer,1,2025,28784,2025-08-17 13:00:00,638052,80,8497,,,0.0517423078417778,0.77,0.30100000381469727,58,Left Foot,Direct Freekick,Blocked Shot
ENG-Premier League,2526,2025-08-17 Chelsea-Crystal Palace,Chelsea,Cole Palmer,1,2025,28784,2025-08-17 13:00:00,638054,80,8497,,,0.09504541754722595,0.9209999847412109,0.40700000762939453,63,Right Foot,Open Play,Blocked Shot
ENG-Premier League,2526,2025-08-17 Chelsea-Crystal Palace,Chelsea,Estêvão,1,2025,28784,2025-08-17 13:00:00,638055,80,13775,,,0.09882759302854538,0.9030000305175782,0.534000015258789,65,Left Foot,Open Play,Missed Shot
ENG-Premier League,2526,2025-08-17 Chelsea-Crystal Palace,Chelsea,Jamie Bynoe-Gittens,1,2025,28784,2025-08-17 13:00:00,638041,80,10542,,,0.02257574535906315,0.78,0.45599998474121095,25,Left Foot,From Corner,Blocked Shot
ENG-Premier League,2526,2025-08-17 Chelsea-Crystal Palace,Chelsea,Jamie Bynoe-Gittens,1,2025,28784,2025-08-17 13:00:00,638044,80,10542,,,0.020003335550427437,0.805,0.6730000305175782,29,Right Foot,From Corner,Blocked Shot
ENG-Premier League,2526,2025-08-17 Chelsea-Crystal Palace,Chelsea,Josh Acheampong,1,2025,28784,2025-08-17 13:00:00,638039,80,12535,732221,Reece James,0.08144471794366837,0.9619999694824218,0.5459999847412109,22,,From Corner,Blocked Shot
ENG-Premier League,2526,2025-08-17 Chelsea-Crystal Palace,Chelsea,João Pedro,1,2025,28784,2025-08-17 13:00:00,638042,80,8272,732229,Jamie Bynoe-Gittens,0.10877905040979385,0.8640000152587891,0.5429999923706055,29,Left Foot,Open Play,Blocked Shot
ENG-Premier League,2526,2025-08-17 Chelsea-Crystal Palace,Chelsea,João Pedro,1,2025,28784,2025-08-17 13:00:00,638053,80,8272,732227,Pedro Neto,0.09113326668739319,0.9640000152587891,0.4759999847412109,61,,From Corner,Missed Shot
ENG-Premier League,2526,2025-08-17 Chelsea-Crystal Palace,Chelsea,Liam Delap,1,2025,28784,2025-08-17 13:00:00,638060,80,8868,,,0.04425767436623573,0.8540000152587891,0.32799999237060545,89,Right Foot,Open Play,Saved Shot
ENG-Premier League,2526,2025-08-17 Chelsea-Crystal Palace,Chelsea,Malo Gusto,1,2025,28784,2025-08-17 13:00:00,638059,80,9017,732228,Cole Palmer,0.015278443694114685,0.710999984741211,0.4,88,Right Foot,Open Play,Missed Shot
ENG-Premier League,2526,2025-08-17 Chelsea-Crystal Palace,Chelsea,Marc Cucurella,1,2025,28784,2025-08-17 13:00:00,638032,80,7134,732221,Reece James,0.023999612778425217,0.9769999694824218,0.5870000076293945,2,,From Corner,Blocked Shot
ENG-Premier League,2526,2025-08-17 Chelsea-Crystal Palace,Chelsea,Marc Cucurella,1,2025,28784,2025-08-17 13:00:00,638048,80,7134,,,0.03194068372249603,0.8130000305175781,0.6170000076293946,46,Left Foot,Open Play,Missed Shot
ENG-Premier League,2526,2025-08-17 Chelsea-Crystal Palace,Chelsea,Moisés Caicedo,1,2025,28784,2025-08-17 13:00:00,638043,80,9453,,,0.03899286314845085,0.8109999847412109,0.4779999923706055,29,Right Foot,Open Play,Blocked Shot
ENG-Premier League,2526,2025-08-17 Chelsea-Crystal Palace,Chelsea,Pedro Neto,1,2025,28784,2025-08-17 13:00:00,638038,80,6382,732225,Enzo Fernández,0.01898862048983574,0.7680000305175781,0.37799999237060544,22,Left Foot,Open Play,Blocked Shot
ENG-Premier League,2526,2025-08-17 Chelsea-Crystal Palace,Chelsea,Trevoh Chalobah,1,2025,28784,2025-08-17 13:00:00,638045,80,6615,,,0.13115078210830688,0.914000015258789,0.48400001525878905,29,Right Foot,From Corner,Missed Shot
ENG-Premier League,2526,2025-08-17 Chelsea-Crystal Palace,Crystal Palace,Chris Richards,1,2025,28784,2025-08-17 13:00:00,638034,78,8430,,,0.03623467683792114,0.8980000305175782,0.4640000152587891,8,,Set Piece,Missed Shot
ENG-Premier League,2526,2025-08-17 Chelsea-Crystal Palace,Crystal Palace,Daniel Muñoz,1,2025,28784,2025-08-17 13:00:00,638051,78,12408,,,0.06141011789441109,0.855999984741211,0.4179999923706055,48,Left Foot,Open Play,Missed Shot
ENG-Premier League,2526,2025-08-17 Chelsea-Crystal Palace,Crystal Palace,Eberechi Eze,1,2025,28784,2025-08-17 13:00:00,638033,78,8706,732238,Marc Guehi,0.0071087428368628025,0.57,0.8819999694824219,4,Right Foot,Open Play,Missed Shot
ENG-Premier League,2526,2025-08-17 Chelsea-Crystal Palace,Crystal Palace,Eberechi Eze,1,2025,28784,2025-08-17 13:00:00,638040,78,8706,732242,Adam Wharton,0.011063599027693272,0.7090000152587891,0.7419999694824219,24,Right Foot,Set Piece,Saved Shot
ENG-Premier League,2526,2025-08-17 Chelsea-Crystal Palace,Crystal Palace,Eberechi Eze,1,2025,28784,2025-08-17 13:00:00,638049,78,8706,,,0.07205233722925186,0.8569999694824219,0.555,48,Left Foot,Open Play,Blocked Shot
ENG-Premier League,2526,2025-08-17 Chelsea-Crystal Palace,Crystal Palace,Eberechi Eze,1,2025,28784,2025-08-17 13:00:00,638050,78,8706,,,0.05572766438126564,0.8219999694824218,0.47400001525878904,48,Right Foot,Open Play,Blocked Shot
ENG-Premier League,2526,2025-08-17 Chelsea-Crystal Palace,Crystal Palace,Eberechi Eze,1,2025,28784,2025-08-17 13:00:00,638056,78,8706,,,0.008318526670336723,0.6040000152587891,0.6730000305175782,68,Right Foot,Open Play,Blocked Shot
ENG-Premier League,2526,2025-08-17 Chelsea-Crystal Palace,Crystal Palace,Eberechi Eze,1,2025,28784,2025-08-17 13:00:00,638058,78,8706,732243,Ismaila Sarr,0.025558898225426674,0.7569999694824219,0.5120000076293946,81,Right Foot,Open Play,Saved Shot
ENG-Premier League,2526,2025-08-17 Chelsea-Crystal Palace,Crystal Palace,Jean-Philippe Mateta,1,2025,28784,2025-08-17 13:00:00,638035,78,5735,,,0.0139832254499197,0.74,0.3129999923706055,17,Right Foot,Open Play,Blocked Shot
ENG-Premier League,2526,2025-08-17 Chelsea-Crystal Palace,Crystal Palace,Jean-Philippe Mateta,1,2025,28784,2025-08-17 13:00:00,638036,78,5735,732242,Adam Wharton,0.29825660586357117,0.8530000305175781,0.47400001525878904,18,Right Foot,Open Play,Saved Shot
ENG-Premier League,2526,2025-08-17 Chelsea-Crystal Palace,Crystal Palace,Jean-Philippe Mateta,1,2025,28784,2025-08-17 13:00:00,638057,78,5735,732235,Dean Henderson,0.015475641936063766,0.7180000305175781,0.30700000762939456,76,Right Foot,Open Play,Saved Shot
ENG-Premier League,2526,2025-08-17 Chelsea-Crystal Palace,Crystal Palace,Maxence Lacroix,1,2025,28784,2025-08-17 13:00:00,638046,78,8853,732244,Eberechi Eze,0.4323694705963135,0.9209999847412109,0.4929999923706055,38,Right Foot,Set Piece,Missed Shot
ENG-Premier League,2526,2025-08-17 Manchester United-Arsenal,Arsenal,Ben White,1,2025,28786,2025-08-17 15:30:00,638236,83,7298,,,0.0184373389929533,0.7469999694824219,0.45799999237060546,40,Right Foot,From Corner,Missed Shot
ENG-Premier League,2526,2025-08-17 Manchester United-Arsenal,Arsenal,Bukayo Saka,1,2025,28786,2025-08-17 15:30:00,638252,83,7322,732473,Martin Odegaard,0.13510377705097198,0.9009999847412109,0.425,91,Left Foot,Open Play,Blocked Shot
ENG-Premier League,2526,2025-08-17 Manchester United-Arsenal,Arsenal,Declan Rice,1,2025,28786,2025-08-17 15:30:00,638239,83,5553,732478,Gabriel Martinelli,0.03301990032196045,0.774000015258789,0.519000015258789,58,Right Foot,Open Play,Missed Shot
ENG-Premier League,2526,2025-08-17 Manchester United-Arsenal,Arsenal,Declan Rice,1,2025,28786,2025-08-17 15:30:00,638240,83,5553,732482,Noni Madueke,0.05388079211115837,0.8440000152587891,0.6730000305175782,63,Left Foot,Open Play,Blocked Shot
ENG-Premier League,2526,2025-08-17 Manchester United-Arsenal,Arsenal,Declan Rice,1,2025,28786,2025-08-17 15:30:00,638246,83,5553,,,0.05943479388952255,0.78,0.3129999923706055,81,Right Foot,Direct Freekick,Blocked Shot
ENG-Premier League,2526,2025-08-17 Manchester United-Arsenal,Arsenal,Gabriel Martinelli,1,2025,28786,2025-08-17 15:30:00,638228,83,7752,732476,Bukayo Saka,0.058520082384347916,0.87,0.6930000305175781,25,Right Foot,Open Play,Saved Shot
ENG-Premier League,2526,2025-08-17 Manchester United-Arsenal,Arsenal,Martin Odegaard,1,2025,28786,2025-08-17 15:30:00,638232,83,2517,732469,Ben White,0.060895293951034546,0.7769999694824219,0.42200000762939455,34,Left Foot,Open Play,Saved Shot
ENG-Premier League,2526,2025-08-17 Manchester United-Arsenal,Arsenal,Martin Odegaard,1,2025,28786,2025-08-17 15:30:00,638235,83,2517,,,0.06685280054807663,0.8719999694824219,0.4209999847412109,40,Left Foot,From Corner,Missed Shot
ENG-Premier League,2526,2025-08-17 Manchester United-Arsenal,Arsenal,Riccardo Calafiori,1,2025,28786,2025-08-17 15:30:00,638225,83,8129,,,0.8442546129226685,0.9940000152587891,0.49,12,,From Corner,Goal
ENG-Premier League,2526,2025-08-17 Manchester United-Arsenal,Manchester United,Amad Diallo Traore,1,2025,28786,2025-08-17 15:30:00,638245,89,8127,732465,Manuel Ugarte,0.016931818798184395,0.8209999847412109,0.25799999237060545,76,Left Foot,Open Play,Saved Shot
ENG-Premier League,2526,2025-08-17 Manchester United-Arsenal,Manchester United,Benjamin Sesko,1,2025,28786,2025-08-17 15:30:00,638244,89,11974,732460,Bruno Fernandes,0.04673357680439949,0.9059999847412109,0.4490000152587891,73,,Open Play,Missed Shot
ENG-Premier League,2526,2025-08-17 Manchester United-Arsenal,Manchester United,Benjamin Sesko,1,2025,28786,2025-08-17 15:30:00,638251,89,11974,732460,Bruno Fernandes,0.02999100647866726,0.855999984741211,0.47700000762939454,89,,Open Play,Missed Shot
ENG-Premier League,2526,2025-08-17 Manchester United-Arsenal,Manchester United,Bruno Fernandes,1,2025,28786,2025-08-17 15:30:00,638226,89,1228,,,0.10686822980642319,0.81,0.3729999923706055,16,Right Foot,Direct Freekick,Blocked Shot
ENG-Premier League,2526,2025-08-17 Manchester United-Arsenal,Manchester United,Bruno Fernandes,1,2025,28786,2025-08-17 15:30:00,638234,89,1228,,,0.05738595873117447,0.8430000305175781,0.5690000152587891,37,Left Foot,Open Play,Blocked Shot
ENG-Premier League,2526,2025-08-17 Manchester United-Arsenal,Manchester United,Bryan Mbeumo,1,2025,28786,2025-08-17 15:30:00,638223,89,6552,732462,Mason Mount,0.07126373052597046,0.87,0.37599998474121094,5,Right Foot,Open Play,Saved Shot
ENG-Premier League,2526,2025-08-17 Manchester United-Arsenal,Manchester United,Bryan Mbeumo,1,2025,28786,2025-08-17 15:30:00,638227,89,6552,732459,Casemiro,0.09468268603086472,0.8240000152587891,0.38299999237060545,24,Left Foot,Open Play,Blocked Shot
ENG-Premier League,2526,2025-08-17 Manchester United-Arsenal,Manchester United,Bryan Mbeumo,1,2025,28786,2025-08-17 15:30:00,638241,89,6552,,,0.08600316196680069,0.9009999847412109,0.4470000076293945,68,Right Foot,Open Play,Blocked Shot
ENG-Premier League,2526,2025-08-17 Manchester United-Arsenal,Manchester United,Bryan Mbeumo,1,2025,28786,2025-08-17 15:30:00,638242,89,6552,732460,Bruno Fernandes,0.078298419713974,0.8859999847412109,0.5129999923706055,68,Right Foot,Open Play,Missed Shot
ENG-Premier League,2526,2025-08-17 Manchester United-Arsenal,Manchester United,Bryan Mbeumo,1,2025,28786,2025-08-17 15:30:00,638243,89,6552,,,0.056700605899095535,0.9030000305175782,0.4640000152587891,72,,Open Play,Saved Shot
ENG-Premier League,2526,2025-08-17 Manchester United-Arsenal,Manchester United,Manuel Ugarte,1,2025,28786,2025-08-17 15:30:00,638247,89,11766,732464,Benjamin Sesko,0.015479695983231068,0.7180000305175781,0.53,87,Right Foot,Open Play,Missed Shot
ENG-Premier League,2526,2025-08-17 Manchester United-Arsenal,Manchester United,Mason Mount,1,2025,28786,2025-08-17 15:30:00,638237,89,7768,732463,Matheus Cunha,0.07355441153049469,0.8669999694824219,0.625,43,Right Foot,Open Play,Blocked Shot
ENG-Premier League,2526,2025-08-17 Manchester United-Arsenal,Manchester United,Mason Mount,1,2025,28786,2025-08-17 15:30:00,638238,89,7768,732456,Luke Shaw,0.06331620365381241,0.8719999694824219,0.6359999847412109,48,Left Foot,Open Play,Blocked Shot
ENG-Premier League,2526,2025-08-17 Manchester United-Arsenal,Manchester United,Matheus Cunha,1,2025,28786,2025-08-17 15:30:00,638230,89,7080,732457,Diogo Dalot,0.11505018174648285,0.830999984741211,0.37,32,Right Foot,Open Play,Saved Shot
ENG-Premier League,2526,2025-08-17 Manchester United-Arsenal,Manchester United,Matheus Cunha,1,2025,28786,2025-08-17 15:30:00,638231,89,7080,732461,Bryan Mbeumo,0.01872454211115837,0.749000015258789,0.56,33,Right Foot,Open Play,Saved Shot
ENG-Premier League,2526,2025-08-17 Manchester United-Arsenal,Manchester United,Matheus Cunha,1,2025,28786,2025-08-17 15:30:00,638233,89,7080,732462,Mason Mount,0.06415598094463348,0.9569999694824218,0.66,37,Left Foot,Open Play,Saved Shot
ENG-Premier League,2526,2025-08-17 Manchester United-Arsenal,Manchester United,Matheus Cunha,1,2025,28786,2025-08-17 15:30:00,638249,89,7080,732455,Matthijs de Ligt,0.1362403780221939,0.9309999847412109,0.4929999923706055,88,Right Foot,Open Play,Blocked Shot
ENG-Premier League,2526,2025-08-17 Manchester United-Arsenal,Manchester United,Matthijs de Ligt,1,2025,28786,2025-08-17 15:30:00,638248,89,7902,732467,Amad Diallo Traore,0.06453955918550491,0.905,0.31799999237060544,88,Left Foot,Open Play,Missed Shot
ENG-Premier League,2526,2025-08-17 Manchester United-Arsenal,Manchester United,Matthijs de Ligt,1,2025,28786,2025-08-17 15:30:00,638250,89,7902,732464,Benjamin Sesko,0.07406152784824371,0.9330000305175781,0.33299999237060546,88,Left Foot,Open Play,Blocked Shot
ENG-Premier League,2526,2025-08-17 Manchester United-Arsenal,Manchester United,Matthijs de Ligt,1,2025,28786,2025-08-17 15:30:00,638253,89,7902,,,0.06452064961194992,0.9309999847412109,0.5029999923706054,95,,From Corner,Saved Shot
ENG-Premier League,2526,2025-08-17 Manchester United-Arsenal,Manchester United,Patrick Dorgu,1,2025,28786,2025-08-17 15:30:00,638224,89,11944,732460,Bruno Fernandes,0.01521605160087347,0.6790000152587891,0.5170000076293946,7,Left Foot,Set Piece,Missed Shot
ENG-Premier League,2526,2025-08-17 Manchester United-Arsenal,Manchester United,Patrick Dorgu,1,2025,28786,2025-08-17 15:30:00,638229,89,11944,732460,Bruno Fernandes,0.03560063987970352,0.7930000305175782,0.7280000305175781,29,Left Foot,Open Play,Shot On Post
ENG-Premier League,2526,2025-08-17 Nottingham Forest-Brentford,Brentford,Fabio Carvalho,1,2025,28785,2025-08-17 13:00:00,638077,244,9501,732268,Yehor Yarmolyuk,0.0408463291823864,0.8030000305175782,0.37599998474121094,58,Right Foot,Open Play,Missed Shot
ENG-Premier League,2526,2025-08-17 Nottingham Forest-Brentford,Brentford,Keane Lewis-Potter,1,2025,28785,2025-08-17 13:00:00,638074,244,10809,,,0.045006413012742996,0.8059999847412109,0.48900001525878906,50,Left Foot,Open Play,Missed Shot
ENG-Premier League,2526,2025-08-17 Nottingham Forest-Brentford,Brentford,Keane Lewis-Potter,1,2025,28785,2025-08-17 13:00:00,638075,244,10809,,,0.0196341834962368,0.8530000305175781,0.624000015258789,53,,Open Play,Missed Shot
ENG-Premier League,2526,2025-08-17 Nottingham Forest-Brentford,Brentford,Mathias Jensen,1,2025,28785,2025-08-17 13:00:00,638070,244,7166,732266,Rico Henry,0.07513508200645447,0.8780000305175781,0.605999984741211,39,Right Foot,Open Play,Missed Shot
ENG-Premier League,2526,2025-08-17 Nottingham Forest-Brentford,Brentford,Nathan Collins,1,2025,28785,2025-08-17 13:00:00,638069,244,9733,732267,Mathias Jensen,0.013189978897571564,0.93,0.3870000076293945,25,,From Corner,Blocked Shot
ENG-Premier League,2526,2025-08-17 Nottingham Forest-Brentford,Brentford,Sepp van den Berg,1,2025,28785,2025-08-17 13:00:00,638081,244,10721,732263,Michael Kayode,0.13119171559810638,0.9269999694824219,0.5,72,,Open Play,Saved Shot
ENG-Premier League,2526,2025-08-17 Nottingham Forest-Brentford,Brentford,Sepp van den Berg,1,2025,28785,2025-08-17 13:00:00,638082,244,10721,732263,Michael Kayode,0.08140833675861359,0.9109999847412109,0.47,74,,Open Play,Blocked Shot
ENG-Premier League,2526,2025-08-17 Nottingham Forest-Brentford,Brentford,Thiago,1,2025,28785,2025-08-17 13:00:00,638071,244,13222,732267,Mathias Jensen,0.12306726723909378,0.92,0.4540000152587891,39,Left Foot,Open Play,Blocked Shot
ENG-Premier League,2526,2025-08-17 Nottingham Forest-Brentford,Brentford,Thiago,1,2025,28785,2025-08-17 13:00:00,638083,244,13222,,,0.7611688375473022,0.885,0.5,77,Right Foot,,Goal
ENG-Premier League,2526,2025-08-17 Nottingham Forest-Brentford,Brentford,Yehor Yarmolyuk,1,2025,28785,2025-08-17 13:00:00,638068,244,11772,732272,Thiago,0.043761223554611206,0.815,0.5320000076293945,23,Right Foot,Open Play,Saved Shot
ENG-Premier League,2526,2025-08-17 Nottingham Forest-Brentford,Nottingham Forest,Callum Hudson-Odoi,1,2025,28785,2025-08-17 13:00:00,638078,249,6456,732256,Morgan Gibbs-White,0.015782266855239868,0.7280000305175781,0.664000015258789,60,Right Foot,Open Play,Saved Shot
ENG-Premier League,2526,2025-08-17 Nottingham Forest-Brentford,Nottingham Forest,Chris Wood,1,2025,28785,2025-08-17 13:00:00,638063,249,4456,,,0.08667483180761337,0.9059999847412109,0.415,5,Right Foot,From Corner,Goal
ENG-Premier League,2526,2025-08-17 Nottingham Forest-Brentford,Nottingham Forest,Chris Wood,1,2025,28785,2025-08-17 13:00:00,638073,249,4456,732253,Elliot Anderson,0.3639630973339081,0.960999984741211,0.605,46,Left Foot,Open Play,Goal
ENG-Premier League,2526,2025-08-17 Nottingham Forest-Brentford,Nottingham Forest,Dan Ndoye,1,2025,28785,2025-08-17 13:00:00,638072,249,8662,732256,Morgan Gibbs-White,0.30143463611602783,0.9080000305175782,0.46,41,,Open Play,Goal
ENG-Premier League,2526,2025-08-17 Nottingham Forest-Brentford,Nottingham Forest,Elliot Anderson,1,2025,28785,2025-08-17 13:00:00,638064,249,9154,732256,Morgan Gibbs-White,0.04947927966713905,0.8440000152587891,0.34400001525878904,10,Right Foot,Open Play,Blocked Shot
ENG-Premier League,2526,2025-08-17 Nottingham Forest-Brentford,Nottingham Forest,Elliot Anderson,1,2025,28785,2025-08-17 13:00:00,638065,249,9154,732252,Neco Williams,0.34471628069877625,0.9119999694824219,0.4520000076293945,10,Left Foot,Open Play,Missed Shot
ENG-Premier League,2526,2025-08-17 Nottingham Forest-Brentford,Nottingham Forest,Elliot Anderson,1,2025,28785,2025-08-17 13:00:00,638067,249,9154,,,0.029686104506254196,0.779000015258789,0.3390000152587891,17,Left Foot,Open Play,Saved Shot
ENG-Premier League,2526,2025-08-17 Nottingham Forest-Brentford,Nottingham Forest,Ibrahim Sangare,1,2025,28785,2025-08-17 13:00:00,638076,249,5722,732252,Neco Williams,0.013808981515467167,0.69,0.605,54,Right Foot,Open Play,Missed Shot
ENG-Premier League,2526,2025-08-17 Nottingham Forest-Brentford,Nottingham Forest,Morgan Gibbs-White,1,2025,28785,2025-08-17 13:00:00,638066,249,6857,732249,Ola Aina,0.052031442523002625,0.8169999694824219,0.3579999923706055,17,Right Foot,Open Play,Blocked Shot
ENG-Premier League,2526,2025-08-17 Nottingham Forest-Brentford,Nottingham Forest,Morgan Gibbs-White,1,2025,28785,2025-08-17 13:00:00,638079,249,6857,732257,Callum Hudson-Odoi,0.4768589437007904,0.9169999694824219,0.5209999847412109,62,Right Foot,Open Play,Missed Shot
ENG-Premier League,2526,2025-08-17 Nottingham Forest-Brentford,Nottingham Forest,Morgan Gibbs-White,1,2025,28785,2025-08-17 13:00:00,638080,249,6857,732257,Callum Hudson-Odoi,0.022611716762185097,0.76,0.605,64,Right Foot,Open Play,Missed Shot
ENG-Premier League,2526,2025-08-18 Leeds-Everton,Everton,Beto,1,2025,28787,2025-08-18 19:00:00,638400,72,9983,732664,Idrissa Gueye,0.04186242073774338,0.9009999847412109,0.4909999847412109,87,,Set Piece,Blocked Shot
ENG-Premier League,2526,2025-08-18 Leeds-Everton,Everton,Carlos Alcaraz,1,2025,28787,2025-08-18 19:00:00,638393,72,11297,,,0.06797664612531662,0.945,0.29600000381469727,75,Right Foot,Set Piece,Saved Shot
ENG-Premier League,2526,2025-08-18 Leeds-Everton,Everton,Idrissa Gueye,1,2025,28787,2025-08-18 19:00:00,638389,72,668,732668,Iliman Ndiaye,0.035499490797519684,0.794000015258789,0.5690000152587891,53,Right Foot,Open Play,Missed Shot
ENG-Premier League,2526,2025-08-18 Leeds-Everton,Everton,Jack Grealish,1,2025,28787,2025-08-18 19:00:00,638399,72,675,,,0.07832671701908112,0.88,0.5829999923706055,87,Left Foot,Set Piece,Blocked Shot
ENG-Premier League,2526,2025-08-18 Leeds-Everton,Everton,Jake O&#039;Brien,1,2025,28787,2025-08-18 19:00:00,638394,72,12014,732667,Kiernan Dewsbury-Hall,0.07649127393960953,0.955999984741211,0.455,76,,From Corner,Missed Shot
ENG-Premier League,2526,2025-08-18 Leeds-Everton,Everton,James Garner,1,2025,28787,2025-08-18 19:00:00,638392,72,7438,,,0.032131776213645935,0.6880000305175781,0.39799999237060546,63,Right Foot,Direct Freekick,Blocked Shot
ENG-Premier League,2526,2025-08-18 Leeds-Everton,Everton,James Tarkowski,1,2025,28787,2025-08-18 19:00:00,638401,72,1665,,,0.35699406266212463,0.97,0.5790000152587891,87,,Set Piece,Missed Shot
ENG-Premier League,2526,2025-08-18 Leeds-Everton,Leeds,Anton Stach,1,2025,28787,2025-08-18 19:00:00,638383,245,9910,732647,Gabriel Gudmundsson,0.03217145800590515,0.9,0.5570000076293945,35,,Open Play,Missed Shot
ENG-Premier League,2526,2025-08-18 Leeds-Everton,Leeds,Anton Stach,1,2025,28787,2025-08-18 19:00:00,638397,245,9910,,,0.019304729998111725,0.7519999694824219,0.4490000152587891,81,Right Foot,Open Play,Blocked Shot
ENG-Premier League,2526,2025-08-18 Leeds-Everton,Leeds,Anton Stach,1,2025,28787,2025-08-18 19:00:00,638402,245,9910,732647,Gabriel Gudmundsson,0.027387846261262894,0.7830000305175782,0.649000015258789,90,Right Foot,Open Play,Saved Shot
ENG-Premier League,2526,2025-08-18 Leeds-Everton,Leeds,Anton Stach,1,2025,28787,2025-08-18 19:00:00,638404,245,9910,732656,Brenden Aaronson,0.33152326941490173,0.9569999694824218,0.40299999237060546,91,Left Foot,Open Play,Missed Shot
ENG-Premier League,2526,2025-08-18 Leeds-Everton,Leeds,Ao Tanaka,1,2025,28787,2025-08-18 19:00:00,638382,245,13834,732648,Anton Stach,0.015662821009755135,0.715999984741211,0.580999984741211,30,Right Foot,Open Play,Missed Shot
ENG-Premier League,2526,2025-08-18 Leeds-Everton,Leeds,Ao Tanaka,1,2025,28787,2025-08-18 19:00:00,638395,245,13834,732656,Brenden Aaronson,0.09609762579202652,0.8519999694824218,0.5270000076293946,79,Right Foot,Open Play,Missed Shot
ENG-Premier League,2526,2025-08-18 Leeds-Everton,Leeds,Daniel James,1,2025,28787,2025-08-18 19:00:00,638379,245,5595,,,0.014758638106286526,0.7719999694824219,0.4159999847412109,12,Left Foot,From Corner,Blocked Shot
ENG-Premier League,2526,2025-08-18 Leeds-Everton,Leeds,Daniel James,1,2025,28787,2025-08-18 19:00:00,638384,245,5595,732648,Anton Stach,0.1070418506860733,0.9119999694824219,0.4759999847412109,35,Right Foot,Open Play,Blocked Shot
ENG-Premier League,2526,2025-08-18 Leeds-Everton,Leeds,Gabriel Gudmundsson,1,2025,28787,2025-08-18 19:00:00,638380,245,9944,,,0.016118241474032402,0.7869999694824219,0.5629999923706055,14,Left Foot,From Corner,Blocked Shot
ENG-Premier League,2526,2025-08-18 Leeds-Everton,Leeds,Gabriel Gudmundsson,1,2025,28787,2025-08-18 19:00:00,638387,245,9944,,,0.042517147958278656,0.8590000152587891,0.7030000305175781,37,Right Foot,Open Play,Blocked Shot
ENG-Premier League,2526,2025-08-18 Leeds-Everton,Leeds,Gabriel Gudmundsson,1,2025,28787,2025-08-18 19:00:00,638391,245,9944,732648,Anton Stach,0.06013450399041176,0.9569999694824218,0.435,59,,From Corner,Blocked Shot
ENG-Premier League,2526,2025-08-18 Leeds-Everton,Leeds,Jayden Bogle,1,2025,28787,2025-08-18 19:00:00,638403,245,9205,,,0.018469899892807007,0.7769999694824219,0.30700000762939456,90,Right Foot,Open Play,Blocked Shot
ENG-Premier League,2526,2025-08-18 Leeds-Everton,Leeds,Joël Piroe,1,2025,28787,2025-08-18 19:00:00,638377,245,13835,,,0.4093262255191803,0.9490000152587891,0.5970000076293945,4,Left Foot,Open Play,Saved Shot
ENG-Premier League,2526,2025-08-18 Leeds-Everton,Leeds,Joël Piroe,1,2025,28787,2025-08-18 19:00:00,638378,245,13835,732645,Pascal Struijk,0.024318870157003403,0.7819999694824219,0.34799999237060547,9,Right Foot,Open Play,Blocked Shot
ENG-Premier League,2526,2025-08-18 Leeds-Everton,Leeds,Joël Piroe,1,2025,28787,2025-08-18 19:00:00,638381,245,13835,732651,Daniel James,0.09029436856508255,0.8880000305175781,0.534000015258789,20,Right Foot,Open Play,Blocked Shot
ENG-Premier League,2526,2025-08-18 Leeds-Everton,Leeds,Lukas Nmecha,1,2025,28787,2025-08-18 19:00:00,638396,245,6544,732649,Ao Tanaka,0.06670711189508438,0.860999984741211,0.6419999694824219,81,Right Foot,Open Play,Blocked Shot
ENG-Premier League,2526,2025-08-18 Leeds-Everton,Leeds,Lukas Nmecha,1,2025,28787,2025-08-18 19:00:00,638398,245,6544,,,0.7611688375473022,0.885,0.5,83,Right Foot,,Goal
ENG-Premier League,2526,2025-08-18 Leeds-Everton,Leeds,Pascal Struijk,1,2025,28787,2025-08-18 19:00:00,638385,245,8717,732648,Anton Stach,0.11817356944084167,0.9690000152587891,0.57,36,,From Corner,Missed Shot
ENG-Premier League,2526,2025-08-18 Leeds-Everton,Leeds,Wilfried Gnonto,1,2025,28787,2025-08-18 19:00:00,638386,245,11155,,,0.03316649794578552,0.7780000305175782,0.47900001525878905,36,Right Foot,From Corner,Blocked Shot
ENG-Premier League,2526,2025-08-18 Leeds-Everton,Leeds,Wilfried Gnonto,1,2025,28787,2025-08-18 19:00:00,638388,245,11155,732649,Ao Tanaka,0.015106682665646076,0.7880000305175782,0.735,43,Left Foot,Open Play,Missed Shot
ENG-Premier League,2526,2025-08-18 Leeds-Everton,Leeds,Wilfried Gnonto,1,2025,28787,2025-08-18 19:00:00,638390,245,11155,,,0.08617589622735977,0.9259999847412109,0.3890000152587891,54,Right Foot,Open Play,Missed Shot
ENG-Premier League,2526,2025-08-22 West Ham-Chelsea,Chelsea,Enzo Fernández,1,2025,28788,2025-08-22 19:00:00,638574,80,11356,732909,Estêvão,0.7091479897499084,0.9640000152587891,0.52,33,Right Foot,Open Play,Goal
ENG-Premier League,2526,2025-08-22 West Ham-Chelsea,Chelsea,Enzo Fernández,1,2025,28788,2025-08-22 19:00:00,638578,80,11356,732911,Pedro Neto,0.43584325909614563,0.8730000305175781,0.5209999847412109,49,Right Foot,Open Play,Missed Shot
ENG-Premier League,2526,2025-08-22 West Ham-Chelsea,Chelsea,Enzo Fernández,1,2025,28788,2025-08-22 19:00:00,638582,80,11356,,,0.04919792339205742,0.8269999694824218,0.37799999237060544,60,Right Foot,Open Play,Missed Shot
ENG-Premier League,2526,2025-08-22 West Ham-Chelsea,Chelsea,Estêvão,1,2025,28788,2025-08-22 19:00:00,638586,80,13775,732916,Reece James,0.47674334049224854,0.8919999694824219,0.47,72,Left Foot,Open Play,Saved Shot
ENG-Premier League,2526,2025-08-22 West Ham-Chelsea,Chelsea,João Pedro,1,2025,28788,2025-08-22 19:00:00,638569,80,8272,732906,Marc Cucurella,0.5352728962898254,0.9669999694824218,0.5059999847412109,14,,From Corner,Goal
ENG-Premier League,2526,2025-08-22 West Ham-Chelsea,Chelsea,João Pedro,1,2025,28788,2025-08-22 19:00:00,638573,80,8272,,,0.01688173972070217,0.715,0.445,26,Right Foot,Open Play,Missed Shot
ENG-Premier League,2526,2025-08-22 West Ham-Chelsea,Chelsea,João Pedro,1,2025,28788,2025-08-22 19:00:00,638580,80,8272,,,0.04047083854675293,0.9169999694824219,0.5359999847412109,57,,From Corner,Missed Shot
ENG-Premier League,2526,2025-08-22 West Ham-Chelsea,Chelsea,Liam Delap,1,2025,28788,2025-08-22 19:00:00,638571,80,8868,,,0.13271735608577728,0.915,0.43599998474121093,18,Right Foot,Open Play,Saved Shot
ENG-Premier League,2526,2025-08-22 West Ham-Chelsea,Chelsea,Moisés Caicedo,1,2025,28788,2025-08-22 19:00:00,638579,80,9453,,,0.5002027153968811,0.9309999847412109,0.44299999237060544,53,Right Foot,From Corner,Goal
ENG-Premier League,2526,2025-08-22 West Ham-Chelsea,Chelsea,Pedro Neto,1,2025,28788,2025-08-22 19:00:00,638572,80,6382,732910,João Pedro,0.38758036494255066,0.9380000305175781,0.565,22,Left Foot,Open Play,Goal
ENG-Premier League,2526,2025-08-22 West Ham-Chelsea,Chelsea,Pedro Neto,1,2025,28788,2025-08-22 19:00:00,638591,80,6382,732913,Andrey Santos,0.052929092198610306,0.8419999694824218,0.2979999923706055,90,Left Foot,Open Play,Blocked Shot
ENG-Premier League,2526,2025-08-22 West Ham-Chelsea,Chelsea,Trevoh Chalobah,1,2025,28788,2025-08-22 19:00:00,638581,80,6615,732910,João Pedro,0.638831615447998,0.9569999694824218,0.48400001525878905,57,Left Foot,From Corner,Goal
ENG-Premier League,2526,2025-08-22 West Ham-Chelsea,West Ham,Callum Wilson,1,2025,28788,2025-08-22 19:00:00,638583,81,468,732898,Jarrod Bowen,0.021384084597229958,0.9180000305175782,0.5740000152587891,64,,From Corner,Missed Shot
ENG-Premier League,2526,2025-08-22 West Ham-Chelsea,West Ham,James Ward-Prowse,1,2025,28788,2025-08-22 19:00:00,638589,81,843,,,0.09799826145172119,0.7969999694824219,0.39099998474121095,89,Right Foot,Direct Freekick,Blocked Shot
ENG-Premier League,2526,2025-08-22 West Ham-Chelsea,West Ham,Jarrod Bowen,1,2025,28788,2025-08-22 19:00:00,638576,81,1776,732896,Lucas Paquetá,0.05442730337381363,0.915,0.28899999618530275,43,Left Foot,Open Play,Blocked Shot
ENG-Premier League,2526,2025-08-22 West Ham-Chelsea,West Ham,Jarrod Bowen,1,2025,28788,2025-08-22 19:00:00,638577,81,1776,732892,Aaron Wan-Bissaka,0.040309593081474304,0.9069999694824219,0.345,48,Left Foot,Open Play,Saved Shot
ENG-Premier League,2526,2025-08-22 West Ham-Chelsea,West Ham,Kyle Walker-Peters,1,2025,28788,2025-08-22 19:00:00,638585,81,885,732900,Callum Wilson,0.08269345760345459,0.9730000305175781,0.3729999923706055,70,Right Foot,Open Play,Missed Shot
ENG-Premier League,2526,2025-08-22 West Ham-Chelsea,West Ham,Lucas Paquetá,1,2025,28788,2025-08-22 19:00:00,638568,81,7365,732895,El Hadji Malick Diouf,0.015151547268033028,0.754000015258789,0.7290000152587891,5,Left Foot,Open Play,Goal
ENG-Premier League,2526,2025-08-22 West Ham-Chelsea,West Ham,Lucas Paquetá,1,2025,28788,2025-08-22 19:00:00,638575,81,7365,732897,Niclas Füllkrug,0.021286431699991226,0.8180000305175781,0.49700000762939456,38,Left Foot,Open Play,Saved Shot
ENG-Premier League,2526,2025-08-22 West Ham-Chelsea,West Ham,Max Kilman,1,2025,28788,2025-08-22 19:00:00,638590,81,7332,732894,James Ward-Prowse,0.4724774956703186,0.9580000305175781,0.4640000152587891,89,,From Corner,Missed Shot
ENG-Premier League,2526,2025-08-22 West Ham-Chelsea,West Ham,Naif Aguerd,1,2025,28788,2025-08-22 19:00:00,638587,81,6935,732894,James Ward-Prowse,0.026649724692106247,0.9109999847412109,0.54,80,,From Corner,Missed Shot
ENG-Premier League,2526,2025-08-22 West Ham-Chelsea,West Ham,Naif Aguerd,1,2025,28788,2025-08-22 19:00:00,638588,81,6935,732894,James Ward-Prowse,0.061928026378154755,0.924000015258789,0.5790000152587891,85,,From Corner,Missed Shot
ENG-Premier League,2526,2025-08-22 West Ham-Chelsea,West Ham,Tomas Soucek,1,2025,28788,2025-08-22 19:00:00,638570,81,8288,732894,James Ward-Prowse,0.007524879649281502,0.9180000305175782,0.3270000076293945,16,,Set Piece,Blocked Shot
ENG-Premier League,2526,2025-08-22 West Ham-Chelsea,West Ham,Tomas Soucek,1,2025,28788,2025-08-22 19:00:00,638584,81,8288,,,0.07674121111631393,0.9080000305175782,0.41900001525878905,66,Left Foot,Open Play,Saved Shot
ENG-Premier League,2526,2025-08-23 Arsenal-Leeds,Arsenal,Bukayo Saka,1,2025,28793,2025-08-23 16:30:00,638952,83,7322,733386,Jurriën Timber,0.2574816644191742,0.950999984741211,0.3189999961853027,45,Right Foot,Open Play,Goal
ENG-Premier League,2526,2025-08-23 Arsenal-Leeds,Arsenal,Ethan Nwaneri,1,2025,28793,2025-08-23 16:30:00,638955,83,11132,733386,Jurriën Timber,0.049042925238609314,0.835,0.3189999961853027,54,Left Foot,Open Play,Blocked Shot
ENG-Premier League,2526,2025-08-23 Arsenal-Leeds,Arsenal,Gabriel,1,2025,28793,2025-08-23 16:30:00,638946,83,5613,733392,Declan Rice,0.027241261675953865,0.9009999847412109,0.5540000152587891,14,,Set Piece,Missed Shot
ENG-Premier League,2526,2025-08-23 Arsenal-Leeds,Arsenal,Jurriën Timber,1,2025,28793,2025-08-23 16:30:00,638950,83,11707,733392,Declan Rice,0.13262973725795746,0.9540000152587891,0.5020000076293946,33,,From Corner,Goal
ENG-Premier League,2526,2025-08-23 Arsenal-Leeds,Arsenal,Jurriën Timber,1,2025,28793,2025-08-23 16:30:00,638956,83,11707,733392,Declan Rice,0.16368675231933594,0.950999984741211,0.49700000762939456,55,,From Corner,Missed Shot
ENG-Premier League,2526,2025-08-23 Arsenal-Leeds,Arsenal,Jurriën Timber,1,2025,28793,2025-08-23 16:30:00,638958,83,11707,733389,Riccardo Calafiori,0.16958780586719513,0.9690000152587891,0.5079999923706054,55,Right Foot,From Corner,Goal
ENG-Premier League,2526,2025-08-23 Arsenal-Leeds,Arsenal,Leandro Trossard,1,2025,28793,2025-08-23 16:30:00,638959,83,7698,733395,Noni Madueke,0.13619814813137054,0.92,0.5740000152587891,61,Right Foot,Open Play,Missed Shot
ENG-Premier League,2526,2025-08-23 Arsenal-Leeds,Arsenal,Martin Odegaard,1,2025,28793,2025-08-23 16:30:00,638943,83,2517,733395,Noni Madueke,0.016188528388738632,0.740999984741211,0.6270000076293946,4,Left Foot,Open Play,Blocked Shot
ENG-Premier League,2526,2025-08-23 Arsenal-Leeds,Arsenal,Martin Odegaard,1,2025,28793,2025-08-23 16:30:00,638944,83,2517,733393,Bukayo Saka,0.02186695486307144,0.7959999847412109,0.3189999961853027,7,Left Foot,Open Play,Missed Shot
ENG-Premier League,2526,2025-08-23 Arsenal-Leeds,Arsenal,Martín Zubimendi,1,2025,28793,2025-08-23 16:30:00,638951,83,7526,,,0.030602192506194115,0.759000015258789,0.40099998474121096,37,Right Foot,Open Play,Missed Shot
ENG-Premier League,2526,2025-08-23 Arsenal-Leeds,Arsenal,Max Dowman,1,2025,28793,2025-08-23 16:30:00,638961,83,13872,733396,Leandro Trossard,0.06878400593996048,0.794000015258789,0.38,74,Left Foot,Open Play,Missed Shot
ENG-Premier League,2526,2025-08-23 Arsenal-Leeds,Arsenal,Max Dowman,1,2025,28793,2025-08-23 16:30:00,638962,83,13872,,,0.024374008178710938,0.8369999694824218,0.4640000152587891,80,Left Foot,Set Piece,Missed Shot
ENG-Premier League,2526,2025-08-23 Arsenal-Leeds,Arsenal,Riccardo Calafiori,1,2025,28793,2025-08-23 16:30:00,638954,83,8129,733393,Bukayo Saka,0.05860637128353119,0.7909999847412109,0.585,50,Right Foot,Open Play,Blocked Shot
ENG-Premier League,2526,2025-08-23 Arsenal-Leeds,Arsenal,Riccardo Calafiori,1,2025,28793,2025-08-23 16:30:00,638957,83,8129,733386,Jurriën Timber,0.12197952717542648,0.9580000305175781,0.5170000076293946,55,Right Foot,From Corner,Blocked Shot
ENG-Premier League,2526,2025-08-23 Arsenal-Leeds,Arsenal,Riccardo Calafiori,1,2025,28793,2025-08-23 16:30:00,638960,83,8129,,,0.06429559737443924,0.8530000305175781,0.5520000076293945,61,Right Foot,Open Play,Missed Shot
ENG-Premier League,2526,2025-08-23 Arsenal-Leeds,Arsenal,Viktor Gyokeres,1,2025,28793,2025-08-23 16:30:00,638947,83,7254,,,0.48488649725914,0.905,0.4809999847412109,15,Right Foot,Open Play,Missed Shot
ENG-Premier League,2526,2025-08-23 Arsenal-Leeds,Arsenal,Viktor Gyokeres,1,2025,28793,2025-08-23 16:30:00,638953,83,7254,733389,Riccardo Calafiori,0.17842997610569,0.899000015258789,0.605,47,Right Foot,Open Play,Goal
ENG-Premier League,2526,2025-08-23 Arsenal-Leeds,Arsenal,Viktor Gyokeres,1,2025,28793,2025-08-23 16:30:00,638963,83,7254,,,0.7611688375473022,0.885,0.5,94,Right Foot,,Goal
ENG-Premier League,2526,2025-08-23 Arsenal-Leeds,Leeds,Daniel James,1,2025,28793,2025-08-23 16:30:00,638945,245,5595,733407,Anton Stach,0.024242989718914032,0.7909999847412109,0.34200000762939453,10,Left Foot,Open Play,Blocked Shot
ENG-Premier League,2526,2025-08-23 Arsenal-Leeds,Leeds,Daniel James,1,2025,28793,2025-08-23 16:30:00,638948,245,5595,733407,Anton Stach,0.049264952540397644,0.8780000305175781,0.3029999923706055,18,Right Foot,Open Play,Blocked Shot
ENG-Premier League,2526,2025-08-23 Arsenal-Leeds,Leeds,Pascal Struijk,1,2025,28793,2025-08-23 16:30:00,638949,245,8717,733407,Anton Stach,0.08325286954641342,0.9119999694824219,0.47900001525878905,19,,From Corner,Saved Shot
ENG-Premier League,2526,2025-08-23 Bournemouth-Wolverhampton Wanderers,Bournemouth,Alex Scott,1,2025,28792,2025-08-23 14:00:00,638819,73,12149,733204,Antoine Semenyo,0.0467701330780983,0.7909999847412109,0.4329999923706055,46,Right Foot,Open Play,Missed Shot
ENG-Premier League,2526,2025-08-23 Bournemouth-Wolverhampton Wanderers,Bournemouth,Antoine Semenyo,1,2025,28792,2025-08-23 14:00:00,638815,73,11363,733201,David Brooks,0.6948128342628479,0.970999984741211,0.5170000076293946,9,Left Foot,Open Play,Shot On Post
ENG-Premier League,2526,2025-08-23 Bournemouth-Wolverhampton Wanderers,Bournemouth,Antoine Semenyo,1,2025,28792,2025-08-23 14:00:00,638823,73,11363,733205,Evanilson,0.42502182722091675,0.8930000305175781,0.5520000076293945,55,Right Foot,Open Play,Missed Shot
ENG-Premier League,2526,2025-08-23 Bournemouth-Wolverhampton Wanderers,Bournemouth,Antoine Semenyo,1,2025,28792,2025-08-23 14:00:00,638825,73,11363,733210,Ryan Christie,0.05596928298473358,0.9269999694824219,0.7030000305175781,66,Left Foot,Open Play,Saved Shot
ENG-Premier League,2526,2025-08-23 Bournemouth-Wolverhampton Wanderers,Bournemouth,Antoine Semenyo,1,2025,28792,2025-08-23 14:00:00,638829,73,11363,733208,Justin Kluivert,0.07840017974376678,0.8719999694824219,0.624000015258789,84,Right Foot,Open Play,Blocked Shot
ENG-Premier League,2526,2025-08-23 Bournemouth-Wolverhampton Wanderers,Bournemouth,David Brooks,1,2025,28792,2025-08-23 14:00:00,638812,73,6820,733199,Adrien Truffert,0.04893709346652031,0.899000015258789,0.36200000762939455,1,Right Foot,Open Play,Missed Shot
ENG-Premier League,2526,2025-08-23 Bournemouth-Wolverhampton Wanderers,Bournemouth,David Brooks,1,2025,28792,2025-08-23 14:00:00,638816,73,6820,733205,Evanilson,0.033127523958683014,0.7230000305175781,0.46099998474121096,10,Left Foot,Open Play,Blocked Shot
ENG-Premier League,2526,2025-08-23 Bournemouth-Wolverhampton Wanderers,Bournemouth,David Brooks,1,2025,28792,2025-08-23 14:00:00,638820,73,6820,733205,Evanilson,0.05224015936255455,0.8490000152587891,0.31,49,Right Foot,Open Play,Blocked Shot
ENG-Premier League,2526,2025-08-23 Bournemouth-Wolverhampton Wanderers,Bournemouth,Justin Kluivert,1,2025,28792,2025-08-23 14:00:00,638828,73,6963,733204,Antoine Semenyo,0.016698511317372322,0.7140000152587891,0.625,80,Right Foot,Open Play,Missed Shot
ENG-Premier League,2526,2025-08-23 Bournemouth-Wolverhampton Wanderers,Bournemouth,Justin Kluivert,1,2025,28792,2025-08-23 14:00:00,638830,73,6963,,,0.08547540009021759,0.7759999847412109,0.43900001525878907,85,Right Foot,Direct Freekick,Blocked Shot
ENG-Premier League,2526,2025-08-23 Bournemouth-Wolverhampton Wanderers,Bournemouth,Marcus Tavernier,1,2025,28792,2025-08-23 14:00:00,638814,73,10741,733204,Antoine Semenyo,0.06315497308969498,0.895,0.6809999847412109,4,Left Foot,Open Play,Goal
ENG-Premier League,2526,2025-08-23 Bournemouth-Wolverhampton Wanderers,Bournemouth,Marcus Tavernier,1,2025,28792,2025-08-23 14:00:00,638822,73,10741,733202,Alex Scott,0.04446212202310562,0.8059999847412109,0.48,50,Left Foot,Set Piece,Saved Shot
ENG-Premier League,2526,2025-08-23 Bournemouth-Wolverhampton Wanderers,Bournemouth,Ryan Christie,1,2025,28792,2025-08-23 14:00:00,638827,73,10744,733207,Amine Adli,0.1083729937672615,0.865,0.4929999923706055,74,Left Foot,Open Play,Blocked Shot
ENG-Premier League,2526,2025-08-23 Bournemouth-Wolverhampton Wanderers,Bournemouth,Tyler Adams,1,2025,28792,2025-08-23 14:00:00,638826,73,7352,733205,Evanilson,0.031180398538708687,0.7709999847412109,0.44299999237060544,69,Right Foot,Open Play,Saved Shot
ENG-Premier League,2526,2025-08-23 Bournemouth-Wolverhampton Wanderers,Wolverhampton Wanderers,Emmanuel Agbadou,1,2025,28792,2025-08-23 14:00:00,638824,229,10856,,,0.09845529496669769,0.8030000305175782,0.625999984741211,64,Right Foot,Direct Freekick,Blocked Shot
ENG-Premier League,2526,2025-08-23 Bournemouth-Wolverhampton Wanderers,Wolverhampton Wanderers,Hugo Bueno,1,2025,28792,2025-08-23 14:00:00,638831,229,10140,,,0.043096158653497696,0.83,0.5679999923706055,95,Left Foot,From Corner,Missed Shot
ENG-Premier League,2526,2025-08-23 Bournemouth-Wolverhampton Wanderers,Wolverhampton Wanderers,Jean-Ricner Bellegarde,1,2025,28792,2025-08-23 14:00:00,638818,229,7762,733223,Jackson Tchatchoua,0.013421253301203251,0.7919999694824219,0.32,44,Right Foot,Open Play,Blocked Shot
ENG-Premier League,2526,2025-08-23 Bournemouth-Wolverhampton Wanderers,Wolverhampton Wanderers,Jhon Arias,1,2025,28792,2025-08-23 14:00:00,638821,229,13741,733224,Hugo Bueno,0.07650242745876312,0.884000015258789,0.5629999923706055,45,Left Foot,Open Play,Missed Shot
ENG-Premier League,2526,2025-08-23 Bournemouth-Wolverhampton Wanderers,Wolverhampton Wanderers,Jørgen Strand Larsen,1,2025,28792,2025-08-23 14:00:00,638817,229,11070,733215,Ki-Jana Hoever,0.05876665189862251,0.8859999847412109,0.47099998474121096,17,,Open Play,Saved Shot
ENG-Premier League,2526,2025-08-23 Bournemouth-Wolverhampton Wanderers,Wolverhampton Wanderers,Marshall Munetsi,1,2025,28792,2025-08-23 14:00:00,638813,229,7908,733211,José Sá,0.08312523365020752,0.875999984741211,0.4490000152587891,1,Right Foot,Open Play,Missed Shot
ENG-Premier League,2526,2025-08-23 Brentford-Aston Villa,Aston Villa,Amadou Onana,1,2025,28790,2025-08-23 14:00:00,638850,71,9667,733253,Ollie Watkins,0.08094324171543121,0.8530000305175781,0.5479999923706055,56,Right Foot,Open Play,Blocked Shot
ENG-Premier League,2526,2025-08-23 Brentford-Aston Villa,Aston Villa,Amadou Onana,1,2025,28790,2025-08-23 14:00:00,638851,71,9667,733250,John McGinn,0.01685994677245617,0.730999984741211,0.45099998474121095,59,Left Foot,Open Play,Saved Shot
ENG-Premier League,2526,2025-08-23 Brentford-Aston Villa,Aston Villa,Emiliano Buendía,1,2025,28790,2025-08-23 14:00:00,638848,71,2203,733252,Morgan Rogers,0.08912360668182373,0.895,0.48700000762939455,51,Right Foot,Open Play,Missed Shot
ENG-Premier League,2526,2025-08-23 Brentford-Aston Villa,Aston Villa,Emiliano Buendía,1,2025,28790,2025-08-23 14:00:00,638849,71,2203,733251,Youri Tielemans,0.02074592374265194,0.7380000305175781,0.48700000762939455,54,Right Foot,Open Play,Missed Shot
ENG-Premier League,2526,2025-08-23 Brentford-Aston Villa,Aston Villa,Ian Maatsen,1,2025,28790,2025-08-23 14:00:00,638855,71,11807,,,0.020515576004981995,0.8040000152587891,0.6869999694824219,77,Right Foot,From Corner,Blocked Shot
ENG-Premier League,2526,2025-08-23 Brentford-Aston Villa,Aston Villa,John McGinn,1,2025,28790,2025-08-23 14:00:00,638842,71,7723,733251,Youri Tielemans,0.04055987671017647,0.8090000152587891,0.41700000762939454,30,Left Foot,From Corner,Saved Shot
ENG-Premier League,2526,2025-08-23 Brentford-Aston Villa,Aston Villa,Morgan Rogers,1,2025,28790,2025-08-23 14:00:00,638847,71,12412,733254,Emiliano Buendía,0.07412169128656387,0.874000015258789,0.624000015258789,48,Left Foot,Open Play,Blocked Shot
ENG-Premier League,2526,2025-08-23 Brentford-Aston Villa,Aston Villa,Morgan Rogers,1,2025,28790,2025-08-23 14:00:00,638852,71,12412,733250,John McGinn,0.03304028883576393,0.9009999847412109,0.5159999847412109,62,,Open Play,Missed Shot
ENG-Premier League,2526,2025-08-23 Brentford-Aston Villa,Aston Villa,Ollie Watkins,1,2025,28790,2025-08-23 14:00:00,638845,71,8865,733251,Youri Tielemans,0.06666376441717148,0.8369999694824218,0.5640000152587891,50,Left Foot,Open Play,Blocked Shot
ENG-Premier League,2526,2025-08-23 Brentford-Aston Villa,Aston Villa,Ollie Watkins,1,2025,28790,2025-08-23 14:00:00,638853,71,8865,733246,Tyrone Mings,0.10142877697944641,0.874000015258789,0.664000015258789,69,Right Foot,Open Play,Blocked Shot
ENG-Premier League,2526,2025-08-23 Brentford-Aston Villa,Aston Villa,Ollie Watkins,1,2025,28790,2025-08-23 14:00:00,638856,71,8865,733244,Matthew Cash,0.1262531578540802,0.9180000305175782,0.445,80,Right Foot,Open Play,Missed Shot
ENG-Premier League,2526,2025-08-23 Brentford-Aston Villa,Aston Villa,Ollie Watkins,1,2025,28790,2025-08-23 14:00:00,638857,71,8865,733257,Ian Maatsen,0.055343665182590485,0.8969999694824219,0.5609999847412109,88,,Open Play,Missed Shot
ENG-Premier League,2526,2025-08-23 Brentford-Aston Villa,Aston Villa,Pau Torres,1,2025,28790,2025-08-23 14:00:00,638846,71,6221,,,0.06733081489801407,0.8680000305175781,0.45599998474121095,51,Left Foot,Open Play,Blocked Shot
ENG-Premier League,2526,2025-08-23 Brentford-Aston Villa,Aston Villa,Tyrone Mings,1,2025,28790,2025-08-23 14:00:00,638843,71,1024,,,0.0852608010172844,0.895,0.4129999923706055,30,Left Foot,From Corner,Missed Shot
ENG-Premier League,2526,2025-08-23 Brentford-Aston Villa,Aston Villa,Tyrone Mings,1,2025,28790,2025-08-23 14:00:00,638844,71,1024,733244,Matthew Cash,0.04187241196632385,0.915,0.47,37,,Open Play,Blocked Shot
ENG-Premier League,2526,2025-08-23 Brentford-Aston Villa,Aston Villa,Youri Tielemans,1,2025,28790,2025-08-23 14:00:00,638835,71,5956,,,0.015370823442935944,0.755,0.6419999694824219,18,Right Foot,From Corner,Missed Shot
ENG-Premier League,2526,2025-08-23 Brentford-Aston Villa,Aston Villa,Youri Tielemans,1,2025,28790,2025-08-23 14:00:00,638841,71,5956,,,0.044875774532556534,0.8919999694824219,0.6669999694824219,30,Left Foot,From Corner,Blocked Shot
ENG-Premier League,2526,2025-08-23 Brentford-Aston Villa,Brentford,Dango Ouattara,1,2025,28790,2025-08-23 14:00:00,638833,244,9662,733237,Thiago,0.399488627910614,0.899000015258789,0.580999984741211,11,Right Foot,Open Play,Saved Shot
ENG-Premier League,2526,2025-08-23 Brentford-Aston Villa,Brentford,Dango Ouattara,1,2025,28790,2025-08-23 14:00:00,638834,244,9662,,,0.6180344223976135,0.950999984741211,0.54,12,Left Foot,Open Play,Goal
ENG-Premier League,2526,2025-08-23 Brentford-Aston Villa,Brentford,Jordan Henderson,1,2025,28790,2025-08-23 14:00:00,638837,244,605,,,0.029967214912176132,0.9,0.68,25,Left Foot,Open Play,Blocked Shot
ENG-Premier League,2526,2025-08-23 Brentford-Aston Villa,Brentford,Kevin Schade,1,2025,28790,2025-08-23 14:00:00,638839,244,9156,733235,Mikkel Damsgaard,0.07772877812385559,0.935,0.5770000076293945,26,Right Foot,From Corner,Blocked Shot
ENG-Premier League,2526,2025-08-23 Brentford-Aston Villa,Brentford,Mikkel Damsgaard,1,2025,28790,2025-08-23 14:00:00,638832,244,8859,733236,Kevin Schade,0.033606838434934616,0.9269999694824219,0.6919999694824219,2,Right Foot,Open Play,Missed Shot
ENG-Premier League,2526,2025-08-23 Brentford-Aston Villa,Brentford,Thiago,1,2025,28790,2025-08-23 14:00:00,638836,244,13222,,,0.043944086879491806,0.8980000305175782,0.49200000762939455,25,,Open Play,Missed Shot
ENG-Premier League,2526,2025-08-23 Brentford-Aston Villa,Brentford,Thiago,1,2025,28790,2025-08-23 14:00:00,638838,244,13222,733235,Mikkel Damsgaard,0.04421475902199745,0.9109999847412109,0.5059999847412109,26,,From Corner,Blocked Shot
ENG-Premier League,2526,2025-08-23 Brentford-Aston Villa,Brentford,Thiago,1,2025,28790,2025-08-23 14:00:00,638854,244,13222,733235,Mikkel Damsgaard,0.10612580925226212,0.889000015258789,0.6709999847412109,76,Left Foot,Open Play,Missed Shot
ENG-Premier League,2526,2025-08-23 Brentford-Aston Villa,Brentford,Yehor Yarmolyuk,1,2025,28790,2025-08-23 14:00:00,638840,244,11772,,,0.02342926897108555,0.7809999847412109,0.4829999923706055,26,Right Foot,From Corner,Missed Shot
ENG-Premier League,2526,2025-08-23 Burnley-Sunderland,Burnley,Chimuanya Ugochukwu,1,2025,28791,2025-08-23 14:00:00,638861,92,9451,,,0.036420367658138275,0.8169999694824219,0.6459999847412109,32,Left Foot,Open Play,Missed Shot
ENG-Premier League,2526,2025-08-23 Burnley-Sunderland,Burnley,Hannibal Mejbri,1,2025,28791,2025-08-23 14:00:00,638859,92,9558,733262,Hjalmar Ekdal,0.017524203285574913,0.789000015258789,0.3370000076293945,13,Right Foot,Set Piece,Blocked Shot
ENG-Premier League,2526,2025-08-23 Burnley-Sunderland,Burnley,Jacob Bruun Larsen,1,2025,28791,2025-08-23 14:00:00,638866,92,5355,733264,Chimuanya Ugochukwu,0.07150717824697495,0.87,0.3370000076293945,52,Left Foot,Open Play,Missed Shot
ENG-Premier League,2526,2025-08-23 Burnley-Sunderland,Burnley,Jaidon Anthony,1,2025,28791,2025-08-23 14:00:00,638863,92,10746,733267,Hannibal Mejbri,0.2906883656978607,0.9540000152587891,0.5870000076293945,49,,Open Play,Missed Shot
ENG-Premier League,2526,2025-08-23 Burnley-Sunderland,Burnley,Jaidon Anthony,1,2025,28791,2025-08-23 14:00:00,638869,92,10746,733265,Josh Cullen,0.48248472809791565,0.8869999694824219,0.6519999694824219,87,Left Foot,Open Play,Goal
ENG-Premier League,2526,2025-08-23 Burnley-Sunderland,Burnley,Josh Cullen,1,2025,28791,2025-08-23 14:00:00,638864,92,1018,733268,Jaidon Anthony,0.05117474123835564,0.85,0.6480000305175782,46,Right Foot,Open Play,Goal
ENG-Premier League,2526,2025-08-23 Burnley-Sunderland,Burnley,Loum Tchaouna,1,2025,28791,2025-08-23 14:00:00,638871,92,9977,733271,Zian Flemming,0.05401439964771271,0.7869999694824219,0.4909999847412109,95,Left Foot,Open Play,Shot On Post
ENG-Premier League,2526,2025-08-23 Burnley-Sunderland,Sunderland,Chemsdine Talbi,1,2025,28791,2025-08-23 14:00:00,638860,77,13717,733285,Simon Adingra,0.31338781118392944,0.9269999694824219,0.67,13,Left Foot,Open Play,Missed Shot
ENG-Premier League,2526,2025-08-23 Burnley-Sunderland,Sunderland,Eliezer Mayenda,1,2025,28791,2025-08-23 14:00:00,638858,77,13718,733278,Dan Ballard,0.5299577713012695,0.93,0.5220000076293946,3,Right Foot,Set Piece,Saved Shot
ENG-Premier League,2526,2025-08-23 Burnley-Sunderland,Sunderland,Enzo Le Fée,1,2025,28791,2025-08-23 14:00:00,638872,77,8651,,,0.05001133307814598,0.8090000152587891,0.5,98,Right Foot,Open Play,Blocked Shot
ENG-Premier League,2526,2025-08-23 Burnley-Sunderland,Sunderland,Granit Xhaka,1,2025,28791,2025-08-23 14:00:00,638862,77,204,733283,Chemsdine Talbi,0.02128206007182598,0.7959999847412109,0.3160000038146973,41,Left Foot,Open Play,Missed Shot
ENG-Premier League,2526,2025-08-23 Burnley-Sunderland,Sunderland,Marc Guiu,1,2025,28791,2025-08-23 14:00:00,638868,77,11633,733282,Granit Xhaka,0.04138287156820297,0.8769999694824219,0.33299999237060546,81,Right Foot,Open Play,Missed Shot
ENG-Premier League,2526,2025-08-23 Burnley-Sunderland,Sunderland,Omar Alderete,1,2025,28791,2025-08-23 14:00:00,638867,77,8986,,,0.0237965639680624,0.8569999694824219,0.600999984741211,80,Left Foot,From Corner,Blocked Shot
ENG-Premier League,2526,2025-08-23 Burnley-Sunderland,Sunderland,Omar Alderete,1,2025,28791,2025-08-23 14:00:00,638873,77,8986,733287,Enzo Le Fée,0.04758099466562271,0.8590000152587891,0.3920000076293945,99,Left Foot,From Corner,Blocked Shot
ENG-Premier League,2526,2025-08-23 Burnley-Sunderland,Sunderland,Patrick Roberts,1,2025,28791,2025-08-23 14:00:00,638870,77,925,733276,Trai Hume,0.06801629066467285,0.855999984741211,0.3579999923706055,90,Left Foot,Open Play,Blocked Shot
ENG-Premier League,2526,2025-08-23 Burnley-Sunderland,Sunderland,Trai Hume,1,2025,28791,2025-08-23 14:00:00,638865,77,13713,733281,Habib Diarra,0.025854649022221565,0.7930000305175782,0.34200000762939453,50,Right Foot,Open Play,Blocked Shot
ENG-Premier League,2526,2025-08-23 Manchester City-Tottenham,Manchester City,Erling Haaland,1,2025,28789,2025-08-23 11:30:00,638647,88,8260,732987,Mathis Cherki,0.4975411593914032,0.9519999694824218,0.485,51,,From Corner,Missed Shot
ENG-Premier League,2526,2025-08-23 Manchester City-Tottenham,Manchester City,Nathan Aké,1,2025,28789,2025-08-23 11:30:00,638648,88,579,732981,Rico Lewis,0.0981948971748352,0.8959999847412109,0.605,47,Left Foot,Open Play,Blocked Shot
ENG-Premier League,2526,2025-08-23 Manchester City-Tottenham,Manchester City,Omar Marmoush,1,2025,28789,2025-08-23 11:30:00,638641,88,8393,,,0.04282860457897186,0.96,0.7169999694824218,9,Left Foot,Open Play,Missed Shot
ENG-Premier League,2526,2025-08-23 Manchester City-Tottenham,Manchester City,Omar Marmoush,1,2025,28789,2025-08-23 11:30:00,638642,88,8393,732986,Oscar Bobb,0.023535283282399178,0.7930000305175782,0.7090000152587891,17,Right Foot,Open Play,Saved Shot
ENG-Premier League,2526,2025-08-23 Manchester City-Tottenham,Manchester City,Omar Marmoush,1,2025,28789,2025-08-23 11:30:00,638644,88,8393,732990,Erling Haaland,0.36525797843933105,0.875,0.43200000762939456,27,Right Foot,Open Play,Saved Shot
ENG-Premier League,2526,2025-08-23 Manchester City-Tottenham,Manchester City,Phil Foden,1,2025,28789,2025-08-23 11:30:00,638656,88,6055,732991,Jéremy Doku,0.10486970096826553,0.9259999847412109,0.5529999923706055,78,Left Foot,Open Play,Blocked Shot
ENG-Premier League,2526,2025-08-23 Manchester City-Tottenham,Manchester City,Phil Foden,1,2025,28789,2025-08-23 11:30:00,638657,88,6055,732994,Rodri,0.020318936556577682,0.755,0.57,84,Left Foot,Open Play,Saved Shot
ENG-Premier League,2526,2025-08-23 Manchester City-Tottenham,Manchester City,Rico Lewis,1,2025,28789,2025-08-23 11:30:00,638654,88,10847,,,0.017117779701948166,0.7569999694824219,0.41700000762939454,69,Right Foot,From Corner,Missed Shot
ENG-Premier League,2526,2025-08-23 Manchester City-Tottenham,Manchester City,Rodri,1,2025,28789,2025-08-23 11:30:00,638655,88,2496,732995,Phil Foden,0.019334079697728157,0.914000015258789,0.43200000762939456,75,,From Corner,Saved Shot
ENG-Premier League,2526,2025-08-23 Manchester City-Tottenham,Manchester City,Tijjani Reijnders,1,2025,28789,2025-08-23 11:30:00,638643,88,11965,732986,Oscar Bobb,0.05850129574537277,0.8119999694824219,0.544000015258789,18,Right Foot,Open Play,Blocked Shot
ENG-Premier League,2526,2025-08-23 Manchester City-Tottenham,Tottenham,Brennan Johnson,1,2025,28789,2025-08-23 11:30:00,638645,82,10760,733005,Richarlison,0.37564074993133545,0.8869999694824219,0.5279999923706055,34,Right Foot,Open Play,Goal
ENG-Premier League,2526,2025-08-23 Manchester City-Tottenham,Tottenham,Brennan Johnson,1,2025,28789,2025-08-23 11:30:00,638651,82,10760,733003,Rodrigo Bentancur,0.07568179816007614,0.7930000305175782,0.7240000152587891,56,Right Foot,Open Play,Missed Shot
ENG-Premier League,2526,2025-08-23 Manchester City-Tottenham,Tottenham,Dominic Solanke,1,2025,28789,2025-08-23 11:30:00,638659,82,1679,,,0.09157638251781464,0.8619999694824219,0.40099998474121096,92,Right Foot,Open Play,Saved Shot
ENG-Premier League,2526,2025-08-23 Manchester City-Tottenham,Tottenham,João Palhinha,1,2025,28789,2025-08-23 11:30:00,638646,82,10715,,,0.38038206100463867,0.899000015258789,0.41700000762939454,46,Right Foot,Open Play,Goal
ENG-Premier League,2526,2025-08-23 Manchester City-Tottenham,Tottenham,Pape Sarr,1,2025,28789,2025-08-23 11:30:00,638649,82,9021,733006,Brennan Johnson,0.0277139563113451,0.9059999847412109,0.585,53,,Open Play,Saved Shot
ENG-Premier League,2526,2025-08-23 Manchester City-Tottenham,Tottenham,Pedro Porro,1,2025,28789,2025-08-23 11:30:00,638639,82,6912,,,0.05749478563666344,0.78,0.695,8,Right Foot,Direct Freekick,Blocked Shot
ENG-Premier League,2526,2025-08-23 Manchester City-Tottenham,Tottenham,Pedro Porro,1,2025,28789,2025-08-23 11:30:00,638640,82,6912,,,0.025627147406339645,0.845999984741211,0.685,8,Right Foot,Set Piece,Missed Shot
ENG-Premier League,2526,2025-08-23 Manchester City-Tottenham,Tottenham,Richarlison,1,2025,28789,2025-08-23 11:30:00,638650,82,6026,732997,Pedro Porro,0.02252925932407379,0.9119999694824219,0.5829999923706055,55,,Open Play,Blocked Shot
ENG-Premier League,2526,2025-08-23 Manchester City-Tottenham,Tottenham,Richarlison,1,2025,28789,2025-08-23 11:30:00,638652,82,6026,732997,Pedro Porro,0.017172716557979584,0.92,0.605,60,,Set Piece,Missed Shot
ENG-Premier League,2526,2025-08-23 Manchester City-Tottenham,Tottenham,Richarlison,1,2025,28789,2025-08-23 11:30:00,638653,82,6026,733004,Mohammed Kudus,0.05051447078585625,0.93,0.6079999923706054,61,,Open Play,Missed Shot
ENG-Premier League,2526,2025-08-23 Manchester City-Tottenham,Tottenham,Wilson Odobert,1,2025,28789,2025-08-23 11:30:00,638658,82,10822,733009,Lucas Bergvall,0.1438920646905899,0.860999984741211,0.47,86,Right Foot,Open Play,Missed Shot
ENG-Premier League,2526,2025-08-23 Manchester City-Tottenham,Tottenham,Wilson Odobert,1,2025,28789,2025-08-23 11:30:00,638660,82,10822,,,0.014750823378562927,0.9009999847412109,0.580999984741211,92,,Open Play,Saved Shot
ENG-Premier League,2526,2025-08-24 Crystal Palace-Nottingham Forest,Crystal Palace,Ismaila Sarr,1,2025,28794,2025-08-24 13:00:00,639279,78,5675,733798,Daniel Muñoz,0.5025284886360168,0.9159999847412109,0.5079999923706054,36,Right Foot,Open Play,Goal
ENG-Premier League,2526,2025-08-24 Crystal Palace-Nottingham Forest,Crystal Palace,Jean-Philippe Mateta,1,2025,28794,2025-08-24 13:00:00,639274,78,5735,733800,Will Hughes,0.11285779625177383,0.9119999694824219,0.475,10,,Open Play,Missed Shot
ENG-Premier League,2526,2025-08-24 Crystal Palace-Nottingham Forest,Crystal Palace,Jean-Philippe Mateta,1,2025,28794,2025-08-24 13:00:00,639276,78,5735,733800,Will Hughes,0.03153494372963905,0.775,0.5359999847412109,28,Right Foot,Open Play,Saved Shot
ENG-Premier League,2526,2025-08-24 Crystal Palace-Nottingham Forest,Crystal Palace,Justin Devenny,1,2025,28794,2025-08-24 13:00:00,639285,78,13038,733799,Tyrick Mitchell,0.04736410826444626,0.8819999694824219,0.515,58,,Open Play,Saved Shot
ENG-Premier League,2526,2025-08-24 Crystal Palace-Nottingham Forest,Crystal Palace,Marc Guehi,1,2025,28794,2025-08-24 13:00:00,639281,78,7603,733801,Adam Wharton,0.24888570606708527,0.9369999694824219,0.3970000076293945,46,,Set Piece,Shot On Post
ENG-Premier League,2526,2025-08-24 Crystal Palace-Nottingham Forest,Crystal Palace,Maxence Lacroix,1,2025,28794,2025-08-24 13:00:00,639277,78,8853,733800,Will Hughes,0.05522843450307846,0.93,0.529000015258789,30,,From Corner,Saved Shot
ENG-Premier League,2526,2025-08-24 Crystal Palace-Nottingham Forest,Crystal Palace,Will Hughes,1,2025,28794,2025-08-24 13:00:00,639280,78,6104,733799,Tyrick Mitchell,0.06025010719895363,0.84,0.669000015258789,41,Left Foot,Open Play,Missed Shot
ENG-Premier League,2526,2025-08-24 Crystal Palace-Nottingham Forest,Crystal Palace,Will Hughes,1,2025,28794,2025-08-24 13:00:00,639283,78,6104,,,0.04322683438658714,0.874000015258789,0.6120000076293945,54,Left Foot,Open Play,Missed Shot
ENG-Premier League,2526,2025-08-24 Crystal Palace-Nottingham Forest,Nottingham Forest,Callum Hudson-Odoi,1,2025,28794,2025-08-24 13:00:00,639275,249,6456,733813,Elliot Anderson,0.05840739607810974,0.8619999694824219,0.715999984741211,20,Right Foot,Open Play,Blocked Shot
ENG-Premier League,2526,2025-08-24 Crystal Palace-Nottingham Forest,Nottingham Forest,Callum Hudson-Odoi,1,2025,28794,2025-08-24 13:00:00,639284,249,6456,733815,Dan Ndoye,0.3002963066101074,0.9069999694824219,0.37,56,Right Foot,Open Play,Goal
ENG-Premier League,2526,2025-08-24 Crystal Palace-Nottingham Forest,Nottingham Forest,Chris Wood,1,2025,28794,2025-08-24 13:00:00,639272,249,4456,733816,Morgan Gibbs-White,0.1072101816534996,0.9180000305175782,0.44599998474121094,4,Right Foot,Open Play,Missed Shot
ENG-Premier League,2526,2025-08-24 Crystal Palace-Nottingham Forest,Nottingham Forest,Chris Wood,1,2025,28794,2025-08-24 13:00:00,639282,249,4456,733815,Dan Ndoye,0.0687883272767067,0.970999984741211,0.3940000152587891,51,Right Foot,Open Play,Missed Shot
ENG-Premier League,2526,2025-08-24 Crystal Palace-Nottingham Forest,Nottingham Forest,Ibrahim Sangare,1,2025,28794,2025-08-24 13:00:00,639273,249,5722,,,0.01772196590900421,0.7680000305175781,0.3870000076293945,9,Right Foot,From Corner,Missed Shot
ENG-Premier League,2526,2025-08-24 Crystal Palace-Nottingham Forest,Nottingham Forest,Igor Jesus,1,2025,28794,2025-08-24 13:00:00,639286,249,13778,,,0.10780687630176544,0.914000015258789,0.6559999847412109,92,Left Foot,Open Play,Shot On Post
ENG-Premier League,2526,2025-08-24 Crystal Palace-Nottingham Forest,Nottingham Forest,Morgan Gibbs-White,1,2025,28794,2025-08-24 13:00:00,639278,249,6857,733818,Chris Wood,0.09181983023881912,0.855999984741211,0.46599998474121096,33,Right Foot,Open Play,Missed Shot
ENG-Premier League,2526,2025-08-24 Crystal Palace-Nottingham Forest,Nottingham Forest,Omari Hutchinson,1,2025,28794,2025-08-24 13:00:00,639287,249,10348,733822,James McAtee,0.0875384509563446,0.925,0.3060000038146973,92,Right Foot,Open Play,Missed Shot
ENG-Premier League,2526,2025-08-24 Crystal Palace-Nottingham Forest,Nottingham Forest,Omari Hutchinson,1,2025,28794,2025-08-24 13:00:00,639288,249,10348,,,0.49028462171554565,0.9340000152587891,0.5640000152587891,94,Left Foot,Open Play,Missed Shot
ENG-Premier League,2526,2025-08-24 Everton-Brighton,Brighton,Brajan Gruda,1,2025,28795,2025-08-24 13:00:00,639312,220,11310,,,0.06514828652143478,0.9119999694824219,0.3870000076293945,92,Left Foot,Open Play,Missed Shot
ENG-Premier League,2526,2025-08-24 Everton-Brighton,Brighton,Danny Welbeck,1,2025,28795,2025-08-24 13:00:00,639292,220,501,733846,Yankuba Minteh,0.5846896767616272,0.9330000305175781,0.49599998474121093,18,Right Foot,Open Play,Missed Shot
ENG-Premier League,2526,2025-08-24 Everton-Brighton,Brighton,Danny Welbeck,1,2025,28795,2025-08-24 13:00:00,639307,220,501,,,0.7611688375473022,0.885,0.5,76,Right Foot,,Saved Shot
ENG-Premier League,2526,2025-08-24 Everton-Brighton,Brighton,Jan Paul van Hecke,1,2025,28795,2025-08-24 13:00:00,639299,220,10807,733844,Carlos Baleba,0.02201191522181034,0.7659999847412109,0.3579999923706055,37,Right Foot,Open Play,Blocked Shot
ENG-Premier League,2526,2025-08-24 Everton-Brighton,Brighton,Kaoru Mitoma,1,2025,28795,2025-08-24 13:00:00,639291,220,10806,733839,Bart Verbruggen,0.07646425813436508,0.8719999694824219,0.5870000076293945,17,Right Foot,Open Play,Shot On Post
ENG-Premier League,2526,2025-08-24 Everton-Brighton,Brighton,Matt O&#039;Riley,1,2025,28795,2025-08-24 13:00:00,639295,220,13206,733846,Yankuba Minteh,0.013895886950194836,0.715,0.675,27,Left Foot,Open Play,Missed Shot
ENG-Premier League,2526,2025-08-24 Everton-Brighton,Brighton,Matt O&#039;Riley,1,2025,28795,2025-08-24 13:00:00,639301,220,13206,,,0.33806195855140686,0.9590000152587891,0.595999984741211,45,Left Foot,Open Play,Saved Shot
ENG-Premier League,2526,2025-08-24 Everton-Brighton,Brighton,Matt O&#039;Riley,1,2025,28795,2025-08-24 13:00:00,639305,220,13206,733848,Kaoru Mitoma,0.02659415453672409,0.875,0.435,73,,Open Play,Missed Shot
ENG-Premier League,2526,2025-08-24 Everton-Brighton,Brighton,Yankuba Minteh,1,2025,28795,2025-08-24 13:00:00,639306,220,12759,733848,Kaoru Mitoma,0.03493177145719528,0.924000015258789,0.34200000762939453,74,Left Foot,Open Play,Blocked Shot
ENG-Premier League,2526,2025-08-24 Everton-Brighton,Brighton,Yasin Ayari,1,2025,28795,2025-08-24 13:00:00,639290,220,11385,733846,Yankuba Minteh,0.028836553916335106,0.7969999694824219,0.639000015258789,11,Right Foot,Open Play,Saved Shot
ENG-Premier League,2526,2025-08-24 Everton-Brighton,Brighton,Yasin Ayari,1,2025,28795,2025-08-24 13:00:00,639296,220,11385,733846,Yankuba Minteh,0.054174624383449554,0.8190000152587891,0.5379999923706055,31,Right Foot,Open Play,Blocked Shot
ENG-Premier League,2526,2025-08-24 Everton-Brighton,Brighton,Yasin Ayari,1,2025,28795,2025-08-24 13:00:00,639298,220,11385,733847,Matt O'Riley,0.013415592722594738,0.7119999694824218,0.4879999923706055,36,Right Foot,Open Play,Blocked Shot
ENG-Premier League,2526,2025-08-24 Everton-Brighton,Brighton,Yasin Ayari,1,2025,28795,2025-08-24 13:00:00,639304,220,11385,733848,Kaoru Mitoma,0.06547748297452927,0.8109999847412109,0.534000015258789,59,Right Foot,Open Play,Saved Shot
ENG-Premier League,2526,2025-08-24 Everton-Brighton,Everton,Beto,1,2025,28795,2025-08-24 13:00:00,639310,72,9983,733836,Dwight McNeil,0.13025180995464325,0.9,0.46900001525878904,87,Right Foot,Open Play,Missed Shot
ENG-Premier League,2526,2025-08-24 Everton-Brighton,Everton,Dwight McNeil,1,2025,28795,2025-08-24 13:00:00,639309,72,6756,733833,Jack Grealish,0.1297798901796341,0.870999984741211,0.5420000076293945,87,Left Foot,Open Play,Missed Shot
ENG-Premier League,2526,2025-08-24 Everton-Brighton,Everton,Dwight McNeil,1,2025,28795,2025-08-24 13:00:00,639311,72,6756,733832,Kiernan Dewsbury-Hall,0.10404142737388611,0.845,0.34400001525878904,87,Left Foot,Open Play,Missed Shot
ENG-Premier League,2526,2025-08-24 Everton-Brighton,Everton,Iliman Ndiaye,1,2025,28795,2025-08-24 13:00:00,639289,72,9307,,,0.056633301079273224,0.795,0.54,3,Left Foot,Open Play,Saved Shot
ENG-Premier League,2526,2025-08-24 Everton-Brighton,Everton,Iliman Ndiaye,1,2025,28795,2025-08-24 13:00:00,639294,72,9307,733833,Jack Grealish,0.6847929954528809,0.960999984741211,0.47,22,Right Foot,Open Play,Goal
ENG-Premier League,2526,2025-08-24 Everton-Brighton,Everton,Jack Grealish,1,2025,28795,2025-08-24 13:00:00,639308,72,675,,,0.0206347294151783,0.8040000152587891,0.7340000152587891,82,Right Foot,Open Play,Blocked Shot
ENG-Premier League,2526,2025-08-24 Everton-Brighton,Everton,James Garner,1,2025,28795,2025-08-24 13:00:00,639300,72,7438,733832,Kiernan Dewsbury-Hall,0.022522952407598495,0.7730000305175782,0.6809999847412109,40,Right Foot,Open Play,Missed Shot
ENG-Premier League,2526,2025-08-24 Everton-Brighton,Everton,James Garner,1,2025,28795,2025-08-24 13:00:00,639302,72,7438,733833,Jack Grealish,0.020522214472293854,0.769000015258789,0.6840000152587891,51,Right Foot,Open Play,Goal
ENG-Premier League,2526,2025-08-24 Everton-Brighton,Everton,Thierno Barry,1,2025,28795,2025-08-24 13:00:00,639293,72,12916,733828,James Garner,0.027446050196886063,0.9790000152587891,0.5840000152587891,20,,From Corner,Missed Shot
ENG-Premier League,2526,2025-08-24 Everton-Brighton,Everton,Thierno Barry,1,2025,28795,2025-08-24 13:00:00,639303,72,12916,733832,Kiernan Dewsbury-Hall,0.5270939469337463,0.9669999694824218,0.4779999923706055,57,,From Corner,Missed Shot
ENG-Premier League,2526,2025-08-24 Everton-Brighton,Everton,Tim Iroegbunam,1,2025,28795,2025-08-24 13:00:00,639297,72,9554,733828,James Garner,0.09434588998556137,0.815,0.509000015258789,33,Left Foot,Open Play,Missed Shot
ENG-Premier League,2526,2025-08-24 Fulham-Manchester United,Fulham,Alex Iwobi,1,2025,28796,2025-08-24 15:30:00,639495,228,500,,,0.04733048379421234,0.8119999694824219,0.4640000152587891,15,Right Foot,From Corner,Saved Shot
ENG-Premier League,2526,2025-08-24 Fulham-Manchester United,Fulham,Alex Iwobi,1,2025,28796,2025-08-24 15:30:00,639506,228,500,734083,Rodrigo Muniz,0.05015697330236435,0.8869999694824219,0.669000015258789,62,Right Foot,Open Play,Blocked Shot
ENG-Premier League,2526,2025-08-24 Fulham-Manchester United,Fulham,Alex Iwobi,1,2025,28796,2025-08-24 15:30:00,639507,228,500,,,0.024094408378005028,0.7859999847412109,0.45,68,Right Foot,From Corner,Missed Shot
ENG-Premier League,2526,2025-08-24 Fulham-Manchester United,Fulham,Calvin Bassey,1,2025,28796,2025-08-24 15:30:00,639496,228,11728,,,0.057050276547670364,0.9569999694824218,0.43,16,,From Corner,Missed Shot
ENG-Premier League,2526,2025-08-24 Fulham-Manchester United,Fulham,Emile Smith-Rowe,1,2025,28796,2025-08-24 15:30:00,639508,228,7230,734082,Alex Iwobi,0.5498435497283936,0.96,0.534000015258789,72,Right Foot,Open Play,Goal
ENG-Premier League,2526,2025-08-24 Fulham-Manchester United,Fulham,Emile Smith-Rowe,1,2025,28796,2025-08-24 15:30:00,639511,228,7230,734085,Antonee Robinson,0.07385880500078201,0.8859999847412109,0.66,92,Left Foot,Open Play,Blocked Shot
ENG-Premier League,2526,2025-08-24 Fulham-Manchester United,Fulham,Joshua King,1,2025,28796,2025-08-24 15:30:00,639492,228,12410,734077,Ryan Sessegnon,0.3176833391189575,0.8930000305175781,0.6619999694824219,12,Right Foot,Open Play,Saved Shot
ENG-Premier League,2526,2025-08-24 Fulham-Manchester United,Fulham,Joshua King,1,2025,28796,2025-08-24 15:30:00,639497,228,12410,734079,Sasa Lukic,0.015599883161485195,0.7130000305175781,0.5170000076293946,24,Right Foot,Open Play,Blocked Shot
ENG-Premier League,2526,2025-08-24 Fulham-Manchester United,Fulham,Rodrigo Muniz,1,2025,28796,2025-08-24 15:30:00,639499,228,10717,734079,Sasa Lukic,0.250501811504364,0.9569999694824218,0.41900001525878905,40,,From Corner,Missed Shot
ENG-Premier League,2526,2025-08-24 Fulham-Manchester United,Fulham,Rodrigo Muniz,1,2025,28796,2025-08-24 15:30:00,639501,228,10717,,,0.05955209583044052,0.905,0.34400001525878904,45,Right Foot,From Corner,Blocked Shot
ENG-Premier League,2526,2025-08-24 Fulham-Manchester United,Fulham,Rodrigo Muniz,1,2025,28796,2025-08-24 15:30:00,639504,228,10717,,,0.0,0.05,0.46,57,,From Corner,Own Goal
ENG-Premier League,2526,2025-08-24 Fulham-Manchester United,Fulham,Rodrigo Muniz,1,2025,28796,2025-08-24 15:30:00,639505,228,10717,734074,Kenny Tete,0.05479348078370094,0.93,0.5320000076293945,60,,Open Play,Missed Shot
ENG-Premier League,2526,2025-08-24 Fulham-Manchester United,Fulham,Timothy Castagne,1,2025,28796,2025-08-24 15:30:00,639494,228,6157,734079,Sasa Lukic,0.013400333002209663,0.945,0.624000015258789,15,,From Corner,Blocked Shot
ENG-Premier League,2526,2025-08-24 Fulham-Manchester United,Fulham,Timothy Castagne,1,2025,28796,2025-08-24 15:30:00,639500,228,6157,734075,Joachim Andersen,0.14897450804710388,0.960999984741211,0.46599998474121096,45,Right Foot,From Corner,Blocked Shot
ENG-Premier League,2526,2025-08-24 Fulham-Manchester United,Manchester United,Amad Diallo Traore,1,2025,28796,2025-08-24 15:30:00,639490,89,8127,734096,Bryan Mbeumo,0.12020741403102875,0.905,0.35200000762939454,2,Left Foot,Open Play,Blocked Shot
ENG-Premier League,2526,2025-08-24 Fulham-Manchester United,Manchester United,Amad Diallo Traore,1,2025,28796,2025-08-24 15:30:00,639502,89,8127,734097,Mason Mount,0.04627896100282669,0.919000015258789,0.29700000762939455,47,Left Foot,From Corner,Saved Shot
ENG-Premier League,2526,2025-08-24 Fulham-Manchester United,Manchester United,Bruno Fernandes,1,2025,28796,2025-08-24 15:30:00,639491,89,1228,734098,Matheus Cunha,0.01803870126605034,0.7319999694824219,0.47700000762939454,9,Right Foot,Open Play,Saved Shot
ENG-Premier League,2526,2025-08-24 Fulham-Manchester United,Manchester United,Bruno Fernandes,1,2025,28796,2025-08-24 15:30:00,639498,89,1228,,,0.7611688375473022,0.885,0.5,37,Right Foot,,Missed Shot
ENG-Premier League,2526,2025-08-24 Fulham-Manchester United,Manchester United,Diogo Dalot,1,2025,28796,2025-08-24 15:30:00,639509,89,7281,734089,Leny Yoro,0.04197749122977257,0.8580000305175781,0.34,75,Right Foot,Set Piece,Missed Shot
ENG-Premier League,2526,2025-08-24 Fulham-Manchester United,Manchester United,Harry Maguire,1,2025,28796,2025-08-24 15:30:00,639510,89,1687,734096,Bryan Mbeumo,0.05127892270684242,0.9269999694824219,0.53,87,,From Corner,Missed Shot
ENG-Premier League,2526,2025-08-24 Fulham-Manchester United,Manchester United,Leny Yoro,1,2025,28796,2025-08-24 15:30:00,639503,89,10564,734099,Diogo Dalot,0.0627330094575882,0.96,0.535,57,,From Corner,Missed Shot
ENG-Premier League,2526,2025-08-24 Fulham-Manchester United,Manchester United,Matheus Cunha,1,2025,28796,2025-08-24 15:30:00,639488,89,7080,734095,Bruno Fernandes,0.018572082743048668,0.7280000305175781,0.4129999923706055,1,Right Foot,Open Play,Missed Shot
ENG-Premier League,2526,2025-08-24 Fulham-Manchester United,Manchester United,Matheus Cunha,1,2025,28796,2025-08-24 15:30:00,639489,89,7080,734097,Mason Mount,0.13185425102710724,0.860999984741211,0.57,1,Right Foot,Open Play,Shot On Post
ENG-Premier League,2526,2025-08-24 Fulham-Manchester United,Manchester United,Matheus Cunha,1,2025,28796,2025-08-24 15:30:00,639493,89,7080,734088,Altay Bayindir,0.2939172387123108,0.89,0.500999984741211,13,Left Foot,Open Play,Saved Shot
ENG-Premier League,2526,2025-08-25 Newcastle United-Liverpool,Liverpool,Cody Gakpo,1,2025,28797,2025-08-25 19:00:00,639851,87,11296,734540,Hugo Ekitike,0.0686119794845581,0.81,0.6379999923706055,45,Right Foot,Open Play,Blocked Shot
ENG-Premier League,2526,2025-08-25 Newcastle United-Liverpool,Liverpool,Florian Wirtz,1,2025,28797,2025-08-25 19:00:00,639843,87,8397,734540,Hugo Ekitike,0.032718610018491745,0.875999984741211,0.7419999694824219,12,Right Foot,Open Play,Saved Shot
ENG-Premier League,2526,2025-08-25 Newcastle United-Liverpool,Liverpool,Hugo Ekitike,1,2025,28797,2025-08-25 19:00:00,639852,87,8995,734539,Cody Gakpo,0.1354801058769226,0.8469999694824218,0.51,45,Right Foot,Open Play,Goal
ENG-Premier League,2526,2025-08-25 Newcastle United-Liverpool,Liverpool,Rio Ngumoha,1,2025,28797,2025-08-25 19:00:00,639857,87,13692,734537,Mohamed Salah,0.3935171365737915,0.894000015258789,0.5429999923706055,99,Right Foot,Open Play,Goal
ENG-Premier League,2526,2025-08-25 Newcastle United-Liverpool,Liverpool,Ryan Gravenberch,1,2025,28797,2025-08-25 19:00:00,639848,87,10697,734539,Cody Gakpo,0.01623125746846199,0.759000015258789,0.6580000305175782,34,Right Foot,Open Play,Goal
ENG-Premier League,2526,2025-08-25 Newcastle United-Liverpool,Newcastle United,Anthony Gordon,1,2025,28797,2025-08-25 19:00:00,639845,86,8150,734524,Harvey Barnes,0.42806151509284973,0.9309999847412109,0.46,27,,Open Play,Missed Shot
ENG-Premier League,2526,2025-08-25 Newcastle United-Liverpool,Newcastle United,Anthony Gordon,1,2025,28797,2025-08-25 19:00:00,639846,86,8150,,,0.6201263070106506,0.950999984741211,0.500999984741211,28,Right Foot,Open Play,Saved Shot
ENG-Premier League,2526,2025-08-25 Newcastle United-Liverpool,Newcastle United,Anthony Gordon,1,2025,28797,2025-08-25 19:00:00,639847,86,8150,734522,Anthony Elanga,0.048419058322906494,0.9109999847412109,0.40299999237060546,28,,Open Play,Missed Shot
ENG-Premier League,2526,2025-08-25 Newcastle United-Liverpool,Newcastle United,Bruno Guimarães,1,2025,28797,2025-08-25 19:00:00,639853,86,8327,734518,Valentino Livramento,0.32823312282562256,0.9230000305175782,0.46599998474121096,56,,Open Play,Goal
ENG-Premier League,2526,2025-08-25 Newcastle United-Liverpool,Newcastle United,Dan Burn,1,2025,28797,2025-08-25 19:00:00,639850,86,7382,734515,Kieran Trippier,0.011306950822472572,0.8859999847412109,0.37799999237060544,39,,From Corner,Missed Shot
ENG-Premier League,2526,2025-08-25 Newcastle United-Liverpool,Newcastle United,Joelinton,1,2025,28797,2025-08-25 19:00:00,639854,86,87,734517,Dan Burn,0.015618962235748768,0.9069999694824219,0.585,63,,From Corner,Blocked Shot
ENG-Premier League,2526,2025-08-25 Newcastle United-Liverpool,Newcastle United,Lewis Miley,1,2025,28797,2025-08-25 19:00:00,639856,86,11386,734529,Jacob Ramsey,0.03532935678958893,0.7819999694824219,0.519000015258789,92,Left Foot,From Corner,Blocked Shot
ENG-Premier League,2526,2025-08-25 Newcastle United-Liverpool,Newcastle United,Sandro Tonali,1,2025,28797,2025-08-25 19:00:00,639844,86,7958,,,0.045722298324108124,0.855999984741211,0.8380000305175781,16,Right Foot,Direct Freekick,Missed Shot
ENG-Premier League,2526,2025-08-25 Newcastle United-Liverpool,Newcastle United,Sandro Tonali,1,2025,28797,2025-08-25 19:00:00,639849,86,7958,734523,Anthony Gordon,0.03488535061478615,0.8390000152587891,0.34799999237060547,38,Right Foot,Open Play,Blocked Shot
ENG-Premier League,2526,2025-08-25 Newcastle United-Liverpool,Newcastle United,William Osula,1,2025,28797,2025-08-25 19:00:00,639855,86,9556,,,0.3957216441631317,0.9009999847412109,0.6070000076293945,87,Left Foot,Set Piece,Goal
ENG-Premier League,2526,2025-08-30 Chelsea-Fulham,Chelsea,Enzo Fernández,1,2025,28798,2025-08-30 11:30:00,640089,80,11356,,,0.7611688375473022,0.885,0.5,55,Right Foot,,Goal
ENG-Premier League,2526,2025-08-30 Chelsea-Fulham,Chelsea,Estêvão,1,2025,28798,2025-08-30 11:30:00,640090,80,13775,734825,João Pedro,0.2655908167362213,0.89,0.405,57,Left Foot,Open Play,Saved Shot
ENG-Premier League,2526,2025-08-30 Chelsea-Fulham,Chelsea,Jamie Bynoe-Gittens,1,2025,28798,2025-08-30 11:30:00,640092,80,10542,734821,Marc Cucurella,0.05014733225107193,0.8680000305175781,0.7440000152587891,68,Right Foot,Open Play,Blocked Shot
ENG-Premier League,2526,2025-08-30 Chelsea-Fulham,Chelsea,João Pedro,1,2025,28798,2025-08-30 11:30:00,640076,80,8272,734818,Malo Gusto,0.01612526923418045,0.764000015258789,0.29600000381469727,4,Left Foot,Open Play,Saved Shot
ENG-Premier League,2526,2025-08-30 Chelsea-Fulham,Chelsea,João Pedro,1,2025,28798,2025-08-30 11:30:00,640087,80,8272,734822,Enzo Fernández,0.530866265296936,0.965,0.5029999923706054,53,,From Corner,Goal
ENG-Premier League,2526,2025-08-30 Chelsea-Fulham,Chelsea,João Pedro,1,2025,28798,2025-08-30 11:30:00,640091,80,8272,734824,Estêvão,0.1092817634344101,0.8390000152587891,0.5459999847412109,64,Left Foot,Open Play,Blocked Shot
ENG-Premier League,2526,2025-08-30 Chelsea-Fulham,Chelsea,Liam Delap,1,2025,28798,2025-08-30 11:30:00,640077,80,8868,734821,Marc Cucurella,0.05726464092731476,0.9080000305175782,0.685,5,Right Foot,Open Play,Blocked Shot
ENG-Premier League,2526,2025-08-30 Chelsea-Fulham,Chelsea,Moisés Caicedo,1,2025,28798,2025-08-30 11:30:00,640085,80,9453,734822,Enzo Fernández,0.09488017112016678,0.8959999847412109,0.54,53,Right Foot,From Corner,Blocked Shot
ENG-Premier League,2526,2025-08-30 Chelsea-Fulham,Chelsea,Reece James,1,2025,28798,2025-08-30 11:30:00,640095,80,8067,734828,Andrey Santos,0.03327659144997597,0.784000015258789,0.39299999237060546,89,Right Foot,Open Play,Saved Shot
ENG-Premier League,2526,2025-08-30 Chelsea-Fulham,Chelsea,Trevoh Chalobah,1,2025,28798,2025-08-30 11:30:00,640083,80,6615,734822,Enzo Fernández,0.014343147166073322,0.7480000305175781,0.28200000762939453,52,Right Foot,Open Play,Blocked Shot
ENG-Premier League,2526,2025-08-30 Chelsea-Fulham,Chelsea,Trevoh Chalobah,1,2025,28798,2025-08-30 11:30:00,640084,80,6615,734826,Pedro Neto,0.02400510013103485,0.970999984741211,0.39599998474121095,53,,From Corner,Blocked Shot
ENG-Premier League,2526,2025-08-30 Chelsea-Fulham,Chelsea,Trevoh Chalobah,1,2025,28798,2025-08-30 11:30:00,640093,80,6615,734826,Pedro Neto,0.018741512671113014,0.9669999694824218,0.40299999237060546,70,,From Corner,Missed Shot
ENG-Premier League,2526,2025-08-30 Chelsea-Fulham,Chelsea,Tyrique George,1,2025,28798,2025-08-30 11:30:00,640086,80,12573,,,0.45670846104621887,0.9740000152587891,0.585,53,Left Foot,From Corner,Saved Shot
ENG-Premier League,2526,2025-08-30 Chelsea-Fulham,Fulham,Alex Iwobi,1,2025,28798,2025-08-30 11:30:00,640079,228,500,,,0.011777715757489204,0.6980000305175781,0.6270000076293946,18,Right Foot,Open Play,Missed Shot
ENG-Premier League,2526,2025-08-30 Chelsea-Fulham,Fulham,Harry Wilson,1,2025,28798,2025-08-30 11:30:00,640099,228,5596,734846,Emile Smith-Rowe,0.06276560574769974,0.9569999694824218,0.6830000305175781,97,Left Foot,Open Play,Blocked Shot
ENG-Premier League,2526,2025-08-30 Chelsea-Fulham,Fulham,Joachim Andersen,1,2025,28798,2025-08-30 11:30:00,640078,228,6314,734839,Timothy Castagne,0.07422585040330887,0.8590000152587891,0.3890000152587891,6,Left Foot,Open Play,Missed Shot
ENG-Premier League,2526,2025-08-30 Chelsea-Fulham,Fulham,Joachim Andersen,1,2025,28798,2025-08-30 11:30:00,640096,228,6314,734838,Sasa Lukic,0.06327102333307266,0.9340000152587891,0.49400001525878906,92,,From Corner,Blocked Shot
ENG-Premier League,2526,2025-08-30 Chelsea-Fulham,Fulham,Joshua King,1,2025,28798,2025-08-30 11:30:00,640080,228,12410,734842,Rodrigo Muniz,0.05410286784172058,0.8090000152587891,0.4829999923706055,26,Left Foot,Open Play,Saved Shot
ENG-Premier League,2526,2025-08-30 Chelsea-Fulham,Fulham,Kenny Tete,1,2025,28798,2025-08-30 11:30:00,640082,228,5973,734838,Sasa Lukic,0.08857805281877518,0.9109999847412109,0.48900001525878906,49,Right Foot,From Corner,Missed Shot
ENG-Premier League,2526,2025-08-30 Chelsea-Fulham,Fulham,Raúl Jiménez,1,2025,28798,2025-08-30 11:30:00,640094,228,4105,734844,Adama Traoré,0.054294388741254807,0.884000015258789,0.5109999847412109,86,,Open Play,Missed Shot
ENG-Premier League,2526,2025-08-30 Chelsea-Fulham,Fulham,Raúl Jiménez,1,2025,28798,2025-08-30 11:30:00,640098,228,4105,,,0.04984423890709877,0.73,0.43900001525878907,94,Right Foot,Direct Freekick,Missed Shot
ENG-Premier League,2526,2025-08-30 Chelsea-Fulham,Fulham,Rodrigo Muniz,1,2025,28798,2025-08-30 11:30:00,640088,228,10717,734838,Sasa Lukic,0.03478805720806122,0.8680000305175781,0.47200000762939454,47,,Open Play,Missed Shot
ENG-Premier League,2526,2025-08-30 Chelsea-Fulham,Fulham,Sander Berge,1,2025,28798,2025-08-30 11:30:00,640097,228,8285,734834,Joachim Andersen,0.13514438271522522,0.98,0.4640000152587891,92,Right Foot,From Corner,Blocked Shot
ENG-Premier League,2526,2025-08-30 Chelsea-Fulham,Fulham,Timothy Castagne,1,2025,28798,2025-08-30 11:30:00,640081,228,6157,734840,Joshua King,0.10743560642004013,0.9019999694824219,0.40099998474121096,49,Right Foot,Open Play,Blocked Shot
ENG-Premier League,2526,2025-08-30 Leeds-Newcastle United,Leeds,Anton Stach,1,2025,28803,2025-08-30 16:30:00,640384,245,9910,735229,Daniel James,0.11391013860702515,0.87,0.5270000076293946,6,Right Foot,Open Play,Blocked Shot
ENG-Premier League,2526,2025-08-30 Leeds-Newcastle United,Leeds,Anton Stach,1,2025,28803,2025-08-30 16:30:00,640385,245,9910,,,0.027065396308898926,0.6980000305175781,0.25299999237060544,8,Right Foot,Direct Freekick,Missed Shot
ENG-Premier League,2526,2025-08-30 Leeds-Newcastle United,Leeds,Anton Stach,1,2025,28803,2025-08-30 16:30:00,640388,245,9910,735228,Sean Longstaff,0.02063303254544735,0.7530000305175781,0.5529999923706055,32,Left Foot,Open Play,Missed Shot
ENG-Premier League,2526,2025-08-30 Leeds-Newcastle United,Leeds,Daniel James,1,2025,28803,2025-08-30 16:30:00,640389,245,5595,735225,Gabriel Gudmundsson,0.2603457570075989,0.970999984741211,0.3659999847412109,33,Right Foot,Open Play,Missed Shot
ENG-Premier League,2526,2025-08-30 Leeds-Newcastle United,Leeds,Dominic Calvert-Lewin,1,2025,28803,2025-08-30 16:30:00,640398,245,5555,,,0.013565645553171635,0.7340000152587891,0.600999984741211,73,Right Foot,Open Play,Missed Shot
ENG-Premier League,2526,2025-08-30 Leeds-Newcastle United,Leeds,Dominic Calvert-Lewin,1,2025,28803,2025-08-30 16:30:00,640399,245,5555,735222,Jayden Bogle,0.08403205126523972,0.905,0.30700000762939456,89,Right Foot,Open Play,Saved Shot
ENG-Premier League,2526,2025-08-30 Leeds-Newcastle United,Leeds,Jayden Bogle,1,2025,28803,2025-08-30 16:30:00,640395,245,9205,735231,Wilfried Gnonto,0.051310401409864426,0.805,0.465,50,Left Foot,Open Play,Missed Shot
ENG-Premier League,2526,2025-08-30 Leeds-Newcastle United,Leeds,Lukas Nmecha,1,2025,28803,2025-08-30 16:30:00,640383,245,6544,735227,Anton Stach,0.0727955773472786,0.8819999694824219,0.5790000152587891,6,Right Foot,Open Play,Blocked Shot
ENG-Premier League,2526,2025-08-30 Leeds-Newcastle United,Leeds,Wilfried Gnonto,1,2025,28803,2025-08-30 16:30:00,640390,245,11155,735225,Gabriel Gudmundsson,0.024785464629530907,0.8030000305175782,0.72,37,Right Foot,Open Play,Blocked Shot
ENG-Premier League,2526,2025-08-30 Leeds-Newcastle United,Leeds,Wilfried Gnonto,1,2025,28803,2025-08-30 16:30:00,640391,245,11155,735227,Anton Stach,0.008856137283146381,0.7530000305175781,0.73,38,Right Foot,From Corner,Missed Shot
ENG-Premier League,2526,2025-08-30 Leeds-Newcastle United,Newcastle United,Fabian Schär,1,2025,28803,2025-08-30 16:30:00,640394,86,76,735243,Sandro Tonali,0.016076162457466125,0.715,0.43200000762939456,45,Left Foot,Open Play,Missed Shot
ENG-Premier League,2526,2025-08-30 Leeds-Newcastle United,Newcastle United,Harvey Barnes,1,2025,28803,2025-08-30 16:30:00,640400,86,6681,735243,Sandro Tonali,0.020135929808020592,0.775,0.6719999694824219,91,Right Foot,Open Play,Blocked Shot
ENG-Premier League,2526,2025-08-30 Leeds-Newcastle United,Newcastle United,Jacob Murphy,1,2025,28803,2025-08-30 16:30:00,640392,86,6063,735244,Jacob Ramsey,0.040007248520851135,0.9830000305175781,0.63,40,Left Foot,Open Play,Missed Shot
ENG-Premier League,2526,2025-08-30 Leeds-Newcastle United,Newcastle United,Jacob Murphy,1,2025,28803,2025-08-30 16:30:00,640393,86,6063,735237,Kieran Trippier,0.028935182839632034,0.860999984741211,0.2610000038146973,42,Right Foot,Open Play,Saved Shot
ENG-Premier League,2526,2025-08-30 Leeds-Newcastle United,Newcastle United,Jacob Murphy,1,2025,28803,2025-08-30 16:30:00,640396,86,6063,735239,Fabian Schär,0.014349977485835552,0.7330000305175781,0.47299999237060547,53,Left Foot,Open Play,Saved Shot
ENG-Premier League,2526,2025-08-30 Leeds-Newcastle United,Newcastle United,Jacob Ramsey,1,2025,28803,2025-08-30 16:30:00,640387,86,8941,,,0.05618707090616226,0.845999984741211,0.39,27,Right Foot,Open Play,Blocked Shot
ENG-Premier League,2526,2025-08-30 Leeds-Newcastle United,Newcastle United,Lewis Hall,1,2025,28803,2025-08-30 16:30:00,640397,86,10216,735243,Sandro Tonali,0.02208450809121132,0.749000015258789,0.5940000152587891,70,Left Foot,Open Play,Missed Shot
ENG-Premier League,2526,2025-08-30 Leeds-Newcastle United,Newcastle United,William Osula,1,2025,28803,2025-08-30 16:30:00,640386,86,9556,735244,Jacob Ramsey,0.10585911571979523,0.9009999847412109,0.4620000076293945,15,Left Foot,Open Play,Blocked Shot
ENG-Premier League,2526,2025-08-30 Manchester United-Burnley,Burnley,Hannibal Mejbri,1,2025,28802,2025-08-30 14:00:00,640292,92,9558,735118,Jacob Bruun Larsen,0.11064935475587845,0.8909999847412109,0.46299999237060546,36,Right Foot,Open Play,Missed Shot
ENG-Premier League,2526,2025-08-30 Manchester United-Burnley,Burnley,Jacob Bruun Larsen,1,2025,28802,2025-08-30 14:00:00,640304,92,5355,,,0.04195509850978851,0.7130000305175781,0.4420000076293945,47,Right Foot,Direct Freekick,Blocked Shot
ENG-Premier League,2526,2025-08-30 Manchester United-Burnley,Burnley,Jaidon Anthony,1,2025,28802,2025-08-30 14:00:00,640311,92,10746,,,0.6409280300140381,0.9569999694824218,0.5159999847412109,65,Left Foot,Open Play,Goal
ENG-Premier League,2526,2025-08-30 Manchester United-Burnley,Burnley,Josh Cullen,1,2025,28802,2025-08-30 14:00:00,640291,92,1018,,,0.0,0.02700000047683716,0.47400001525878904,26,,Set Piece,Own Goal
ENG-Premier League,2526,2025-08-30 Manchester United-Burnley,Burnley,Loum Tchaouna,1,2025,28802,2025-08-30 14:00:00,640310,92,9977,,,0.07852376997470856,0.9009999847412109,0.43200000762939456,65,Left Foot,Open Play,Saved Shot
ENG-Premier League,2526,2025-08-30 Manchester United-Burnley,Burnley,Lyle Foster,1,2025,28802,2025-08-30 14:00:00,640306,92,7498,735118,Jacob Bruun Larsen,0.47157415747642517,0.935,0.5079999923706054,54,Right Foot,Open Play,Goal
ENG-Premier League,2526,2025-08-30 Manchester United-Burnley,Burnley,Quilindschy Hartman,1,2025,28802,2025-08-30 14:00:00,640301,92,13727,,,0.032877761870622635,0.885,0.6029999923706054,49,Left Foot,Open Play,Blocked Shot
ENG-Premier League,2526,2025-08-30 Manchester United-Burnley,Manchester United,Amad Diallo Traore,1,2025,28802,2025-08-30 14:00:00,640293,89,8127,,,0.06337083131074905,0.8090000152587891,0.46599998474121096,38,Left Foot,Open Play,Blocked Shot
ENG-Premier League,2526,2025-08-30 Manchester United-Burnley,Manchester United,Amad Diallo Traore,1,2025,28802,2025-08-30 14:00:00,640295,89,8127,735103,Bruno Fernandes,0.05334921553730965,0.8909999847412109,0.43599998474121093,44,Left Foot,From Corner,Saved Shot
ENG-Premier League,2526,2025-08-30 Manchester United-Burnley,Manchester United,Amad Diallo Traore,1,2025,28802,2025-08-30 14:00:00,640302,89,8127,735104,Bryan Mbeumo,0.5765154957771301,0.9119999694824219,0.5709999847412109,49,Left Foot,Open Play,Missed Shot
ENG-Premier League,2526,2025-08-30 Manchester United-Burnley,Manchester United,Benjamin Sesko,1,2025,28802,2025-08-30 14:00:00,640316,89,11974,735104,Bryan Mbeumo,0.08751426637172699,0.9390000152587891,0.5279999923706055,85,,Open Play,Missed Shot
ENG-Premier League,2526,2025-08-30 Manchester United-Burnley,Manchester United,Benjamin Sesko,1,2025,28802,2025-08-30 14:00:00,640317,89,11974,735101,Diogo Dalot,0.1322305053472519,0.925,0.544000015258789,86,,Open Play,Missed Shot
ENG-Premier League,2526,2025-08-30 Manchester United-Burnley,Manchester United,Bruno Fernandes,1,2025,28802,2025-08-30 14:00:00,640299,89,1228,735100,Amad Diallo Traore,0.01565505377948284,0.7580000305175781,0.28,47,Right Foot,Open Play,Blocked Shot
ENG-Premier League,2526,2025-08-30 Manchester United-Burnley,Manchester United,Bruno Fernandes,1,2025,28802,2025-08-30 14:00:00,640309,89,1228,735104,Bryan Mbeumo,0.0628451332449913,0.870999984741211,0.500999984741211,62,Right Foot,From Corner,Missed Shot
ENG-Premier League,2526,2025-08-30 Manchester United-Burnley,Manchester United,Bruno Fernandes,1,2025,28802,2025-08-30 14:00:00,640314,89,1228,,,0.045371465384960175,0.8019999694824219,0.5379999923706055,79,Right Foot,Open Play,Blocked Shot
ENG-Premier League,2526,2025-08-30 Manchester United-Burnley,Manchester United,Bruno Fernandes,1,2025,28802,2025-08-30 14:00:00,640318,89,1228,,,0.7611688375473022,0.885,0.5,96,Right Foot,,Goal
ENG-Premier League,2526,2025-08-30 Manchester United-Burnley,Manchester United,Bryan Mbeumo,1,2025,28802,2025-08-30 14:00:00,640287,89,6552,735103,Bruno Fernandes,0.044754162430763245,0.86,0.3060000038146973,13,Left Foot,Open Play,Saved Shot
ENG-Premier League,2526,2025-08-30 Manchester United-Burnley,Manchester United,Bryan Mbeumo,1,2025,28802,2025-08-30 14:00:00,640288,89,6552,735105,Mason Mount,0.10564959794282913,0.8719999694824219,0.3189999961853027,14,Right Foot,Open Play,Missed Shot
ENG-Premier League,2526,2025-08-30 Manchester United-Burnley,Manchester United,Bryan Mbeumo,1,2025,28802,2025-08-30 14:00:00,640307,89,6552,735101,Diogo Dalot,0.552983283996582,0.9259999847412109,0.49,56,Left Foot,Open Play,Goal
ENG-Premier League,2526,2025-08-30 Manchester United-Burnley,Manchester United,Casemiro,1,2025,28802,2025-08-30 14:00:00,640290,89,2248,735103,Bruno Fernandes,0.13354156911373138,0.924000015258789,0.5129999923706055,26,,Set Piece,Shot On Post
ENG-Premier League,2526,2025-08-30 Manchester United-Burnley,Manchester United,Joshua Zirkzee,1,2025,28802,2025-08-30 14:00:00,640297,89,8044,735103,Bruno Fernandes,0.03189197927713394,0.850999984741211,0.33599998474121096,47,Left Foot,Set Piece,Blocked Shot
ENG-Premier League,2526,2025-08-30 Manchester United-Burnley,Manchester United,Joshua Zirkzee,1,2025,28802,2025-08-30 14:00:00,640298,89,8044,,,0.1092650294303894,0.9690000152587891,0.39,47,Right Foot,Open Play,Blocked Shot
ENG-Premier League,2526,2025-08-30 Manchester United-Burnley,Manchester United,Joshua Zirkzee,1,2025,28802,2025-08-30 14:00:00,640300,89,8044,735103,Bruno Fernandes,0.15762284398078918,0.9109999847412109,0.504000015258789,47,Right Foot,Open Play,Missed Shot
ENG-Premier League,2526,2025-08-30 Manchester United-Burnley,Manchester United,Joshua Zirkzee,1,2025,28802,2025-08-30 14:00:00,640305,89,8044,735110,Kobbie Mainoo,0.1224026083946228,0.9259999847412109,0.5729999923706055,48,Right Foot,Open Play,Missed Shot
ENG-Premier League,2526,2025-08-30 Manchester United-Burnley,Manchester United,Joshua Zirkzee,1,2025,28802,2025-08-30 14:00:00,640303,89,8044,,,0.6215313076972961,0.9180000305175782,0.46900001525878904,50,Left Foot,Open Play,Saved Shot
ENG-Premier League,2526,2025-08-30 Manchester United-Burnley,Manchester United,Joshua Zirkzee,1,2025,28802,2025-08-30 14:00:00,640313,89,8044,735104,Bryan Mbeumo,0.044400278478860855,0.9630000305175781,0.5940000152587891,74,,Open Play,Missed Shot
ENG-Premier League,2526,2025-08-30 Manchester United-Burnley,Manchester United,Joshua Zirkzee,1,2025,28802,2025-08-30 14:00:00,640315,89,8044,735100,Amad Diallo Traore,0.07238197326660156,0.8209999847412109,0.47200000762939454,81,Right Foot,Open Play,Missed Shot
ENG-Premier League,2526,2025-08-30 Manchester United-Burnley,Manchester United,Kobbie Mainoo,1,2025,28802,2025-08-30 14:00:00,640308,89,11174,735103,Bruno Fernandes,0.031477075070142746,0.775,0.35400001525878905,62,Right Foot,Open Play,Blocked Shot
ENG-Premier League,2526,2025-08-30 Manchester United-Burnley,Manchester United,Kobbie Mainoo,1,2025,28802,2025-08-30 14:00:00,640312,89,11174,735108,Joshua Zirkzee,0.027649320662021637,0.7819999694824219,0.600999984741211,68,Right Foot,Open Play,Missed Shot
ENG-Premier League,2526,2025-08-30 Manchester United-Burnley,Manchester United,Leny Yoro,1,2025,28802,2025-08-30 14:00:00,640289,89,10564,735106,Matheus Cunha,0.059393320232629776,0.9309999847412109,0.5579999923706055,21,,Open Play,Missed Shot
ENG-Premier League,2526,2025-08-30 Manchester United-Burnley,Manchester United,Mason Mount,1,2025,28802,2025-08-30 14:00:00,640294,89,7768,735104,Bryan Mbeumo,0.035149261355400085,0.9490000152587891,0.41900001525878905,39,,From Corner,Shot On Post
ENG-Premier League,2526,2025-08-30 Manchester United-Burnley,Manchester United,Matheus Cunha,1,2025,28802,2025-08-30 14:00:00,640286,89,7080,,,0.02157522924244404,0.7530000305175781,0.5229999923706055,4,Left Foot,Open Play,Saved Shot
ENG-Premier League,2526,2025-08-30 Manchester United-Burnley,Manchester United,Matthijs de Ligt,1,2025,28802,2025-08-30 14:00:00,640296,89,7902,,,0.055150218307971954,0.9290000152587891,0.534000015258789,44,,From Corner,Blocked Shot
ENG-Premier League,2526,2025-08-30 Sunderland-Brentford,Brentford,Dango Ouattara,1,2025,28801,2025-08-30 14:00:00,640283,244,9662,735092,Thiago,0.09696149826049805,0.909000015258789,0.5579999923706055,85,,Open Play,Saved Shot
ENG-Premier League,2526,2025-08-30 Sunderland-Brentford,Brentford,Kevin Schade,1,2025,28801,2025-08-30 14:00:00,640269,244,9156,735090,Mikkel Damsgaard,0.08092895895242691,0.9009999847412109,0.47700000762939454,16,,Open Play,Missed Shot
ENG-Premier League,2526,2025-08-30 Sunderland-Brentford,Brentford,Kevin Schade,1,2025,28801,2025-08-30 14:00:00,640270,244,9156,735090,Mikkel Damsgaard,0.07343056052923203,0.9219999694824219,0.43599998474121093,41,,From Corner,Missed Shot
ENG-Premier League,2526,2025-08-30 Sunderland-Brentford,Brentford,Kevin Schade,1,2025,28801,2025-08-30 14:00:00,640275,244,9156,,,0.7611688375473022,0.885,0.5,58,Right Foot,,Saved Shot
ENG-Premier League,2526,2025-08-30 Sunderland-Brentford,Brentford,Mikkel Damsgaard,1,2025,28801,2025-08-30 14:00:00,640284,244,8859,,,0.023226918652653694,0.78,0.555,94,Left Foot,Set Piece,Blocked Shot
ENG-Premier League,2526,2025-08-30 Sunderland-Brentford,Brentford,Rico Henry,1,2025,28801,2025-08-30 14:00:00,640281,244,9679,,,0.022529616951942444,0.7780000305175782,0.47900001525878905,82,Left Foot,From Corner,Blocked Shot
ENG-Premier League,2526,2025-08-30 Sunderland-Brentford,Brentford,Thiago,1,2025,28801,2025-08-30 14:00:00,640279,244,13222,735093,Frank Onyeka,0.3706037104129791,0.9290000152587891,0.5220000076293946,76,,Open Play,Goal
ENG-Premier League,2526,2025-08-30 Sunderland-Brentford,Brentford,Yehor Yarmolyuk,1,2025,28801,2025-08-30 14:00:00,640272,244,11772,,,0.01719302125275135,0.815,0.49700000762939456,45,,Open Play,Saved Shot
ENG-Premier League,2526,2025-08-30 Sunderland-Brentford,Sunderland,Chemsdine Talbi,1,2025,28801,2025-08-30 14:00:00,640266,77,13717,,,0.10804285854101181,0.9230000305175782,0.4420000076293945,8,Right Foot,From Corner,Missed Shot
ENG-Premier League,2526,2025-08-30 Sunderland-Brentford,Sunderland,Enzo Le Fée,1,2025,28801,2025-08-30 14:00:00,640280,77,8651,,,0.7611688375473022,0.885,0.5,81,Right Foot,,Goal
ENG-Premier League,2526,2025-08-30 Sunderland-Brentford,Sunderland,Habib Diarra,1,2025,28801,2025-08-30 14:00:00,640274,77,9767,,,0.06268350780010223,0.8430000305175781,0.514000015258789,45,Right Foot,Open Play,Missed Shot
ENG-Premier League,2526,2025-08-30 Sunderland-Brentford,Sunderland,Habib Diarra,1,2025,28801,2025-08-30 14:00:00,640276,77,9767,735078,Enzo Le Fée,0.11225918680429459,0.8619999694824219,0.519000015258789,67,Right Foot,Open Play,Missed Shot
ENG-Premier League,2526,2025-08-30 Sunderland-Brentford,Sunderland,Habib Diarra,1,2025,28801,2025-08-30 14:00:00,640282,77,9767,735080,Simon Adingra,0.035103410482406616,0.8719999694824219,0.2589999961853027,84,Right Foot,Open Play,Missed Shot
ENG-Premier League,2526,2025-08-30 Sunderland-Brentford,Sunderland,Nordi Mukiele,1,2025,28801,2025-08-30 14:00:00,640267,77,5659,,,0.08286460489034653,0.9359999847412109,0.3870000076293945,8,Right Foot,From Corner,Missed Shot
ENG-Premier League,2526,2025-08-30 Sunderland-Brentford,Sunderland,Omar Alderete,1,2025,28801,2025-08-30 14:00:00,640271,77,8986,,,0.04248378053307533,0.8340000152587891,0.6519999694824219,43,Left Foot,Open Play,Blocked Shot
ENG-Premier League,2526,2025-08-30 Sunderland-Brentford,Sunderland,Reinildo,1,2025,28801,2025-08-30 14:00:00,640268,77,7432,,,0.01499317865818739,0.7219999694824218,0.5879999923706055,11,Right Foot,Open Play,Blocked Shot
ENG-Premier League,2526,2025-08-30 Sunderland-Brentford,Sunderland,Trai Hume,1,2025,28801,2025-08-30 14:00:00,640273,77,13713,,,0.02939181961119175,0.7780000305175782,0.44099998474121094,45,Left Foot,Open Play,Blocked Shot
ENG-Premier League,2526,2025-08-30 Sunderland-Brentford,Sunderland,Wilson Isidor,1,2025,28801,2025-08-30 14:00:00,640277,77,7148,735073,Noah Sadiki,0.012669884599745274,0.7530000305175781,0.74,72,Right Foot,Open Play,Missed Shot
ENG-Premier League,2526,2025-08-30 Sunderland-Brentford,Sunderland,Wilson Isidor,1,2025,28801,2025-08-30 14:00:00,640278,77,7148,735073,Noah Sadiki,0.05640295520424843,0.9290000152587891,0.5670000076293945,74,,Open Play,Saved Shot
ENG-Premier League,2526,2025-08-30 Sunderland-Brentford,Sunderland,Wilson Isidor,1,2025,28801,2025-08-30 14:00:00,640285,77,7148,735075,Granit Xhaka,0.25504574179649353,0.92,0.5509999847412109,95,,Open Play,Goal
ENG-Premier League,2526,2025-08-30 Tottenham-Bournemouth,Bournemouth,Adrien Truffert,1,2025,28799,2025-08-30 14:00:00,640229,73,8640,,,0.016705336049199104,0.7040000152587891,0.49900001525878906,45,Left Foot,Open Play,Missed Shot
ENG-Premier League,2526,2025-08-30 Tottenham-Bournemouth,Bournemouth,Alex Scott,1,2025,28799,2025-08-30 14:00:00,640236,73,12149,735030,Antoine Semenyo,0.04566556587815285,0.8340000152587891,0.695,61,Right Foot,Open Play,Blocked Shot
ENG-Premier League,2526,2025-08-30 Tottenham-Bournemouth,Bournemouth,Antoine Semenyo,1,2025,28799,2025-08-30 14:00:00,640222,73,11363,735028,David Brooks,0.44312477111816406,0.9309999847412109,0.514000015258789,10,,Open Play,Missed Shot
ENG-Premier League,2526,2025-08-30 Tottenham-Bournemouth,Bournemouth,Antoine Semenyo,1,2025,28799,2025-08-30 14:00:00,640230,73,11363,735029,Marcus Tavernier,0.06928935647010803,0.855999984741211,0.6730000305175782,45,Left Foot,Open Play,Saved Shot
ENG-Premier League,2526,2025-08-30 Tottenham-Bournemouth,Bournemouth,Antoine Semenyo,1,2025,28799,2025-08-30 14:00:00,640233,73,11363,,,0.05085977911949158,0.919000015258789,0.7090000152587891,48,Left Foot,Open Play,Blocked Shot
ENG-Premier League,2526,2025-08-30 Tottenham-Bournemouth,Bournemouth,David Brooks,1,2025,28799,2025-08-30 14:00:00,640224,73,6820,,,0.02855549193918705,0.71,0.75,20,Left Foot,Direct Freekick,Saved Shot
ENG-Premier League,2526,2025-08-30 Tottenham-Bournemouth,Bournemouth,David Brooks,1,2025,28799,2025-08-30 14:00:00,640225,73,6820,735027,Alex Scott,0.10050594806671143,0.9269999694824219,0.544000015258789,20,,From Corner,Missed Shot
ENG-Premier League,2526,2025-08-30 Tottenham-Bournemouth,Bournemouth,David Brooks,1,2025,28799,2025-08-30 14:00:00,640232,73,6820,735031,Evanilson,0.06823419034481049,0.895,0.33299999237060546,48,Left Foot,Open Play,Blocked Shot
ENG-Premier League,2526,2025-08-30 Tottenham-Bournemouth,Bournemouth,David Brooks,1,2025,28799,2025-08-30 14:00:00,640234,73,6820,735031,Evanilson,0.08793351799249649,0.8630000305175781,0.6279999923706054,52,Left Foot,Open Play,Saved Shot
ENG-Premier League,2526,2025-08-30 Tottenham-Bournemouth,Bournemouth,Evanilson,1,2025,28799,2025-08-30 14:00:00,640220,73,12963,735023,Marcos Senesi,0.06930409371852875,0.9159999847412109,0.674000015258789,4,Left Foot,Open Play,Goal
ENG-Premier League,2526,2025-08-30 Tottenham-Bournemouth,Bournemouth,Evanilson,1,2025,28799,2025-08-30 14:00:00,640221,73,12963,,,0.0680580884218216,0.815,0.5109999847412109,6,Right Foot,Open Play,Missed Shot
ENG-Premier League,2526,2025-08-30 Tottenham-Bournemouth,Bournemouth,Evanilson,1,2025,28799,2025-08-30 14:00:00,640223,73,12963,735027,Alex Scott,0.053629983216524124,0.9030000305175782,0.5420000076293945,16,,Open Play,Missed Shot
ENG-Premier League,2526,2025-08-30 Tottenham-Bournemouth,Bournemouth,Evanilson,1,2025,28799,2025-08-30 14:00:00,640227,73,12963,735025,Adrien Truffert,0.08631952106952667,0.9330000305175781,0.534000015258789,42,,Open Play,Missed Shot
ENG-Premier League,2526,2025-08-30 Tottenham-Bournemouth,Bournemouth,Evanilson,1,2025,28799,2025-08-30 14:00:00,640231,73,12963,735028,David Brooks,0.3890567719936371,0.9530000305175781,0.40200000762939453,48,Right Foot,Open Play,Saved Shot
ENG-Premier League,2526,2025-08-30 Tottenham-Bournemouth,Bournemouth,Marcos Senesi,1,2025,28799,2025-08-30 14:00:00,640228,73,10864,,,0.020391372963786125,0.725,0.45,44,Left Foot,Open Play,Blocked Shot
ENG-Premier League,2526,2025-08-30 Tottenham-Bournemouth,Bournemouth,Marcus Tavernier,1,2025,28799,2025-08-30 14:00:00,640226,73,10741,735030,Antoine Semenyo,0.09486189484596252,0.874000015258789,0.6379999923706055,27,Left Foot,Open Play,Blocked Shot
ENG-Premier League,2526,2025-08-30 Tottenham-Bournemouth,Bournemouth,Marcus Tavernier,1,2025,28799,2025-08-30 14:00:00,640237,73,10741,,,0.360321968793869,0.9619999694824218,0.37799999237060544,65,Right Foot,Open Play,Missed Shot
ENG-Premier League,2526,2025-08-30 Tottenham-Bournemouth,Bournemouth,Marcus Tavernier,1,2025,28799,2025-08-30 14:00:00,640238,73,10741,735033,Amine Adli,0.02112388238310814,0.7680000305175781,0.36400001525878906,66,Left Foot,Set Piece,Missed Shot
ENG-Premier League,2526,2025-08-30 Tottenham-Bournemouth,Bournemouth,Tyler Adams,1,2025,28799,2025-08-30 14:00:00,640240,73,7352,735024,Bafode Diakite,0.04962950944900513,0.9430000305175781,0.32099998474121094,74,Right Foot,From Corner,Saved Shot
ENG-Premier League,2526,2025-08-30 Tottenham-Bournemouth,Tottenham,Iyenoma Destiny Udogie,1,2025,28799,2025-08-30 14:00:00,640243,82,8831,735014,Mohammed Kudus,0.010849026031792164,0.885,0.5879999923706055,97,,Set Piece,Missed Shot
ENG-Premier League,2526,2025-08-30 Tottenham-Bournemouth,Tottenham,Lucas Bergvall,1,2025,28799,2025-08-30 14:00:00,640239,82,12912,735015,Richarlison,0.06134890392422676,0.8430000305175781,0.47200000762939454,67,Left Foot,Open Play,Saved Shot
ENG-Premier League,2526,2025-08-30 Tottenham-Bournemouth,Tottenham,Mathys Tel,1,2025,28799,2025-08-30 14:00:00,640242,82,9780,735010,Djed Spence,0.03729104623198509,0.8159999847412109,0.495,91,Right Foot,Open Play,Missed Shot
ENG-Premier League,2526,2025-08-30 Tottenham-Bournemouth,Tottenham,Pedro Porro,1,2025,28799,2025-08-30 14:00:00,640235,82,6912,,,0.011876707896590233,0.7090000152587891,0.41700000762939454,54,Right Foot,Open Play,Blocked Shot
ENG-Premier League,2526,2025-08-30 Tottenham-Bournemouth,Tottenham,Wilson Odobert,1,2025,28799,2025-08-30 14:00:00,640241,82,10822,,,0.049304671585559845,0.870999984741211,0.654000015258789,78,Right Foot,Open Play,Missed Shot
ENG-Premier League,2526,2025-08-30 Wolverhampton Wanderers-Everton,Everton,Beto,1,2025,28800,2025-08-30 14:00:00,640245,72,9983,735062,Jack Grealish,0.6768185496330261,0.975999984741211,0.4759999847412109,6,,Open Play,Goal
ENG-Premier League,2526,2025-08-30 Wolverhampton Wanderers-Everton,Everton,Idrissa Gueye,1,2025,28800,2025-08-30 14:00:00,640251,72,668,735063,Beto,0.10769732296466827,0.8519999694824218,0.46799999237060547,45,Right Foot,Open Play,Blocked Shot
ENG-Premier League,2526,2025-08-30 Wolverhampton Wanderers-Everton,Everton,Idrissa Gueye,1,2025,28800,2025-08-30 14:00:00,640255,72,668,735060,Iliman Ndiaye,0.07528137415647507,0.8159999847412109,0.524000015258789,62,Left Foot,Open Play,Blocked Shot
ENG-Premier League,2526,2025-08-30 Wolverhampton Wanderers-Everton,Everton,Idrissa Gueye,1,2025,28800,2025-08-30 14:00:00,640256,72,668,735060,Iliman Ndiaye,0.010578927583992481,0.6279999923706054,0.06400000095367432,69,Right Foot,Open Play,Missed Shot
ENG-Premier League,2526,2025-08-30 Wolverhampton Wanderers-Everton,Everton,Iliman Ndiaye,1,2025,28800,2025-08-30 14:00:00,640250,72,9307,735061,Kiernan Dewsbury-Hall,0.5479457378387451,0.9290000152587891,0.46799999237060547,32,Left Foot,Open Play,Goal
ENG-Premier League,2526,2025-08-30 Wolverhampton Wanderers-Everton,Everton,Jack Grealish,1,2025,28800,2025-08-30 14:00:00,640247,72,675,735058,Idrissa Gueye,0.08991742134094238,0.9080000305175782,0.649000015258789,25,Left Foot,Open Play,Blocked Shot
ENG-Premier League,2526,2025-08-30 Wolverhampton Wanderers-Everton,Everton,Jack Grealish,1,2025,28800,2025-08-30 14:00:00,640249,72,675,735061,Kiernan Dewsbury-Hall,0.331046462059021,0.9430000305175781,0.685,32,Right Foot,Set Piece,Saved Shot
ENG-Premier League,2526,2025-08-30 Wolverhampton Wanderers-Everton,Everton,Jake O&#039;Brien,1,2025,28800,2025-08-30 14:00:00,640258,72,12014,735061,Kiernan Dewsbury-Hall,0.053000710904598236,0.9119999694824219,0.5120000076293946,75,,Set Piece,Missed Shot
ENG-Premier League,2526,2025-08-30 Wolverhampton Wanderers-Everton,Everton,Kiernan Dewsbury-Hall,1,2025,28800,2025-08-30 14:00:00,640254,72,9739,735062,Jack Grealish,0.13513396680355072,0.874000015258789,0.6680000305175782,54,Left Foot,Open Play,Goal
ENG-Premier League,2526,2025-08-30 Wolverhampton Wanderers-Everton,Everton,Tim Iroegbunam,1,2025,28800,2025-08-30 14:00:00,640263,72,9554,,,0.010492978617548943,0.7319999694824219,0.37099998474121093,85,Right Foot,Set Piece,Blocked Shot
ENG-Premier League,2526,2025-08-30 Wolverhampton Wanderers-Everton,Wolverhampton Wanderers,Emmanuel Agbadou,1,2025,28800,2025-08-30 14:00:00,640248,229,10856,,,0.11522666364908218,0.9230000305175782,0.4809999847412109,27,Right Foot,From Corner,Missed Shot
ENG-Premier League,2526,2025-08-30 Wolverhampton Wanderers-Everton,Wolverhampton Wanderers,Fernando López,1,2025,28800,2025-08-30 14:00:00,640262,229,13200,,,0.027839479967951775,0.7909999847412109,0.34900001525878904,83,Right Foot,From Corner,Blocked Shot
ENG-Premier League,2526,2025-08-30 Wolverhampton Wanderers-Everton,Wolverhampton Wanderers,Hee-Chan Hwang,1,2025,28800,2025-08-30 14:00:00,640246,229,8845,735045,Marshall Munetsi,0.2901219427585602,0.8880000305175781,0.425,20,Left Foot,Open Play,Goal
ENG-Premier League,2526,2025-08-30 Wolverhampton Wanderers-Everton,Wolverhampton Wanderers,Jean-Ricner Bellegarde,1,2025,28800,2025-08-30 14:00:00,640257,229,7762,735042,Hugo Bueno,0.00935379508882761,0.759000015258789,0.710999984741211,69,Right Foot,Open Play,Blocked Shot
ENG-Premier League,2526,2025-08-30 Wolverhampton Wanderers-Everton,Wolverhampton Wanderers,Jean-Ricner Bellegarde,1,2025,28800,2025-08-30 14:00:00,640264,229,7762,735044,João Gomes,0.01821996085345745,0.7619999694824219,0.7019999694824218,93,Right Foot,Open Play,Saved Shot
ENG-Premier League,2526,2025-08-30 Wolverhampton Wanderers-Everton,Wolverhampton Wanderers,Jhon Arias,1,2025,28800,2025-08-30 14:00:00,640244,229,13741,735040,Emmanuel Agbadou,0.008969185873866081,0.6780000305175782,0.4809999847412109,3,Right Foot,Open Play,Saved Shot
ENG-Premier League,2526,2025-08-30 Wolverhampton Wanderers-Everton,Wolverhampton Wanderers,João Gomes,1,2025,28800,2025-08-30 14:00:00,640253,229,11384,735038,Toti,0.014118862338364124,0.69,0.46,48,Right Foot,Open Play,Missed Shot
ENG-Premier League,2526,2025-08-30 Wolverhampton Wanderers-Everton,Wolverhampton Wanderers,Marshall Munetsi,1,2025,28800,2025-08-30 14:00:00,640252,229,7908,735039,Santiago Bueno,0.022240687161684036,0.8859999847412109,0.5509999847412109,48,,Open Play,Blocked Shot
ENG-Premier League,2526,2025-08-30 Wolverhampton Wanderers-Everton,Wolverhampton Wanderers,Rodrigo Gomes,1,2025,28800,2025-08-30 14:00:00,640259,229,12756,735045,Marshall Munetsi,0.010102429427206516,0.7519999694824219,0.23,76,Right Foot,Open Play,Blocked Shot
ENG-Premier League,2526,2025-08-30 Wolverhampton Wanderers-Everton,Wolverhampton Wanderers,Rodrigo Gomes,1,2025,28800,2025-08-30 14:00:00,640260,229,12756,735052,David Møller Wolfe,0.3058866262435913,0.919000015258789,0.47400001525878904,78,Right Foot,Open Play,Goal
ENG-Premier League,2526,2025-08-30 Wolverhampton Wanderers-Everton,Wolverhampton Wanderers,Rodrigo Gomes,1,2025,28800,2025-08-30 14:00:00,640265,229,12756,,,0.08049774914979935,0.8780000305175781,0.5220000076293946,93,Left Foot,Open Play,Missed Shot
ENG-Premier League,2526,2025-08-30 Wolverhampton Wanderers-Everton,Wolverhampton Wanderers,Toti,1,2025,28800,2025-08-30 14:00:00,640261,229,10293,735049,Jean-Ricner Bellegarde,0.04335310682654381,0.93,0.585,83,,From Corner,Blocked Shot
ENG-Premier League,2526,2025-08-31 Aston Villa-Crystal Palace,Aston Villa,Donyell Malen,1,2025,28807,2025-08-31 18:00:00,641132,71,9749,,,0.2824046313762665,0.9640000152587891,0.35,72,Right Foot,Open Play,Missed Shot
ENG-Premier League,2526,2025-08-31 Aston Villa-Crystal Palace,Aston Villa,Donyell Malen,1,2025,28807,2025-08-31 18:00:00,641134,71,9749,,,0.025419285520911217,0.7709999847412109,0.519000015258789,81,Right Foot,Open Play,Missed Shot
ENG-Premier League,2526,2025-08-31 Aston Villa-Crystal Palace,Aston Villa,Emiliano Buendía,1,2025,28807,2025-08-31 18:00:00,641135,71,2203,,,0.03309221938252449,0.8469999694824218,0.32099998474121094,83,Right Foot,Set Piece,Missed Shot
ENG-Premier League,2526,2025-08-31 Aston Villa-Crystal Palace,Aston Villa,Evann Guessand,1,2025,28807,2025-08-31 18:00:00,641121,71,8006,736189,Ollie Watkins,0.06263919174671173,0.8630000305175781,0.6430000305175781,23,Right Foot,Open Play,Saved Shot
ENG-Premier League,2526,2025-08-31 Aston Villa-Crystal Palace,Aston Villa,Ian Maatsen,1,2025,28807,2025-08-31 18:00:00,641131,71,11807,736190,Emiliano Buendía,0.07754640281200409,0.8769999694824219,0.63,72,Left Foot,Open Play,Blocked Shot
ENG-Premier League,2526,2025-08-31 Aston Villa-Crystal Palace,Aston Villa,Matthew Cash,1,2025,28807,2025-08-31 18:00:00,641128,71,8864,736184,Youri Tielemans,0.01937158778309822,0.7180000305175781,0.40099998474121096,58,Right Foot,From Corner,Missed Shot
ENG-Premier League,2526,2025-08-31 Aston Villa-Crystal Palace,Aston Villa,Morgan Rogers,1,2025,28807,2025-08-31 18:00:00,641127,71,12412,736190,Emiliano Buendía,0.09427406638860703,0.8569999694824219,0.6419999694824219,58,Right Foot,Open Play,Saved Shot
ENG-Premier League,2526,2025-08-31 Aston Villa-Crystal Palace,Aston Villa,Ollie Watkins,1,2025,28807,2025-08-31 18:00:00,641123,71,8865,736185,John McGinn,0.41721436381340027,0.9430000305175781,0.5409999847412109,40,Right Foot,Open Play,Saved Shot
ENG-Premier League,2526,2025-08-31 Aston Villa-Crystal Palace,Aston Villa,Ollie Watkins,1,2025,28807,2025-08-31 18:00:00,641125,71,8865,736181,Ezri Konsa Ngoyo,0.04962930828332901,0.89,0.325,47,Right Foot,Open Play,Missed Shot
ENG-Premier League,2526,2025-08-31 Aston Villa-Crystal Palace,Aston Villa,Ollie Watkins,1,2025,28807,2025-08-31 18:00:00,641130,71,8865,736180,Matthew Cash,0.0745130330324173,0.89,0.4809999847412109,70,,Open Play,Missed Shot
ENG-Premier League,2526,2025-08-31 Aston Villa-Crystal Palace,Aston Villa,Youri Tielemans,1,2025,28807,2025-08-31 18:00:00,641119,71,5956,736183,Ian Maatsen,0.04001225531101227,0.909000015258789,0.585,1,,From Corner,Missed Shot
ENG-Premier League,2526,2025-08-31 Aston Villa-Crystal Palace,Aston Villa,Youri Tielemans,1,2025,28807,2025-08-31 18:00:00,641124,71,5956,736183,Ian Maatsen,0.035743918269872665,0.9290000152587891,0.6070000076293945,40,,From Corner,Missed Shot
ENG-Premier League,2526,2025-08-31 Aston Villa-Crystal Palace,Aston Villa,Youri Tielemans,1,2025,28807,2025-08-31 18:00:00,641126,71,5956,736190,Emiliano Buendía,0.015896538272500038,0.7230000305175781,0.535,53,Right Foot,Open Play,Saved Shot
ENG-Premier League,2526,2025-08-31 Aston Villa-Crystal Palace,Crystal Palace,Ismaila Sarr,1,2025,28807,2025-08-31 18:00:00,641122,78,5675,736199,Daniel Muñoz,0.8677292466163635,0.980999984741211,0.5220000076293946,28,,Open Play,Missed Shot
ENG-Premier League,2526,2025-08-31 Aston Villa-Crystal Palace,Crystal Palace,Ismaila Sarr,1,2025,28807,2025-08-31 18:00:00,641133,78,5675,736196,Maxence Lacroix,0.5764108896255493,0.97,0.5379999923706055,77,,Open Play,Goal
ENG-Premier League,2526,2025-08-31 Aston Villa-Crystal Palace,Crystal Palace,Jean-Philippe Mateta,1,2025,28807,2025-08-31 18:00:00,641120,78,5735,,,0.7611688375473022,0.885,0.5,20,Right Foot,,Goal
ENG-Premier League,2526,2025-08-31 Aston Villa-Crystal Palace,Crystal Palace,Jefferson Lerma,1,2025,28807,2025-08-31 18:00:00,641136,78,2182,736207,Yeremi Pino,0.31956174969673157,0.8969999694824219,0.629000015258789,90,Left Foot,Open Play,Saved Shot
ENG-Premier League,2526,2025-08-31 Aston Villa-Crystal Palace,Crystal Palace,Marc Guehi,1,2025,28807,2025-08-31 18:00:00,641129,78,7603,,,0.05063970759510994,0.8440000152587891,0.6940000152587891,67,Right Foot,Open Play,Goal
ENG-Premier League,2526,2025-08-31 Aston Villa-Crystal Palace,Crystal Palace,Yeremi Pino,1,2025,28807,2025-08-31 18:00:00,641137,78,9024,736200,Tyrick Mitchell,0.02161698043346405,0.7469999694824219,0.5729999923706055,92,Right Foot,Open Play,Blocked Shot
ENG-Premier League,2526,2025-08-31 Brighton-Manchester City,Brighton,Brajan Gruda,1,2025,28805,2025-08-31 13:00:00,640762,220,11310,735697,Yasin Ayari,0.024503638967871666,0.775,0.6630000305175782,82,Left Foot,Open Play,Saved Shot
ENG-Premier League,2526,2025-08-31 Brighton-Manchester City,Brighton,Brajan Gruda,1,2025,28805,2025-08-31 13:00:00,640763,220,11310,735692,Kaoru Mitoma,0.08022035658359528,0.865999984741211,0.31799999237060544,86,Left Foot,Open Play,Blocked Shot
ENG-Premier League,2526,2025-08-31 Brighton-Manchester City,Brighton,Brajan Gruda,1,2025,28805,2025-08-31 13:00:00,640766,220,11310,735692,Kaoru Mitoma,0.36753395199775696,0.905,0.435,88,Right Foot,Open Play,Goal
ENG-Premier League,2526,2025-08-31 Brighton-Manchester City,Brighton,Georginio Rutter,1,2025,28805,2025-08-31 13:00:00,640761,220,6937,735690,Yankuba Minteh,0.07031069695949554,0.894000015258789,0.67,80,Left Foot,Open Play,Saved Shot
ENG-Premier League,2526,2025-08-31 Brighton-Manchester City,Brighton,James Milner,1,2025,28805,2025-08-31 13:00:00,640756,220,489,,,0.7611688375473022,0.885,0.5,66,Right Foot,,Goal
ENG-Premier League,2526,2025-08-31 Brighton-Manchester City,Brighton,Jan Paul van Hecke,1,2025,28805,2025-08-31 13:00:00,640764,220,10807,,,0.6146281957626343,0.9590000152587891,0.509000015258789,87,Left Foot,From Corner,Saved Shot
ENG-Premier League,2526,2025-08-31 Brighton-Manchester City,Brighton,Kaoru Mitoma,1,2025,28805,2025-08-31 13:00:00,640746,220,10806,735693,Danny Welbeck,0.050700414925813675,0.7819999694824219,0.36,18,Right Foot,Open Play,Saved Shot
ENG-Premier League,2526,2025-08-31 Brighton-Manchester City,Brighton,Kaoru Mitoma,1,2025,28805,2025-08-31 13:00:00,640760,220,10806,735694,Georginio Rutter,0.054669469594955444,0.865,0.675,78,Right Foot,Open Play,Blocked Shot
ENG-Premier League,2526,2025-08-31 Brighton-Manchester City,Brighton,Lewis Dunk,1,2025,28805,2025-08-31 13:00:00,640755,220,6048,735697,Yasin Ayari,0.017949020490050316,0.915,0.7090000152587891,64,Right Foot,Set Piece,Blocked Shot
ENG-Premier League,2526,2025-08-31 Brighton-Manchester City,Brighton,Lewis Dunk,1,2025,28805,2025-08-31 13:00:00,640765,220,6048,,,0.022686446085572243,0.860999984741211,0.6220000076293946,87,Right Foot,From Corner,Missed Shot
ENG-Premier League,2526,2025-08-31 Brighton-Manchester City,Brighton,Yankuba Minteh,1,2025,28805,2025-08-31 13:00:00,640754,220,12759,735692,Kaoru Mitoma,0.09575819969177246,0.8419999694824218,0.6170000076293946,61,Left Foot,Open Play,Saved Shot
ENG-Premier League,2526,2025-08-31 Brighton-Manchester City,Brighton,Yankuba Minteh,1,2025,28805,2025-08-31 13:00:00,640757,220,12759,735695,Brajan Gruda,0.048511818051338196,0.8690000152587891,0.37,70,Left Foot,Open Play,Missed Shot
ENG-Premier League,2526,2025-08-31 Brighton-Manchester City,Manchester City,Erling Haaland,1,2025,28805,2025-08-31 13:00:00,640745,88,8260,735709,Omar Marmoush,0.20762209594249725,0.855999984741211,0.625,8,Left Foot,Open Play,Saved Shot
ENG-Premier League,2526,2025-08-31 Brighton-Manchester City,Manchester City,Erling Haaland,1,2025,28805,2025-08-31 13:00:00,640747,88,8260,735704,Tijjani Reijnders,0.06028285622596741,0.8169999694824219,0.5329999923706055,23,Left Foot,Open Play,Missed Shot
ENG-Premier League,2526,2025-08-31 Brighton-Manchester City,Manchester City,Erling Haaland,1,2025,28805,2025-08-31 13:00:00,640748,88,8260,735703,Rayan Ait Nouri,0.1493370234966278,0.9690000152587891,0.4329999923706055,24,,Open Play,Saved Shot
ENG-Premier League,2526,2025-08-31 Brighton-Manchester City,Manchester City,Erling Haaland,1,2025,28805,2025-08-31 13:00:00,640749,88,8260,735706,Rodri,0.04459486901760101,0.9209999847412109,0.5720000076293945,25,,Open Play,Missed Shot
ENG-Premier League,2526,2025-08-31 Brighton-Manchester City,Manchester City,Erling Haaland,1,2025,28805,2025-08-31 13:00:00,640751,88,8260,735709,Omar Marmoush,0.788413941860199,0.9519999694824218,0.500999984741211,33,Left Foot,Open Play,Goal
ENG-Premier League,2526,2025-08-31 Brighton-Manchester City,Manchester City,Erling Haaland,1,2025,28805,2025-08-31 13:00:00,640759,88,8260,735704,Tijjani Reijnders,0.05085253715515137,0.9230000305175782,0.505,76,,From Corner,Missed Shot
ENG-Premier League,2526,2025-08-31 Brighton-Manchester City,Manchester City,Erling Haaland,1,2025,28805,2025-08-31 13:00:00,640767,88,8260,,,0.06539377570152283,0.8880000305175781,0.3970000076293945,95,Left Foot,Open Play,Missed Shot
ENG-Premier League,2526,2025-08-31 Brighton-Manchester City,Manchester City,Nico O&#039;Reilly,1,2025,28805,2025-08-31 13:00:00,640758,88,11592,735710,Jéremy Doku,0.013379187323153019,0.6980000305175781,0.5170000076293946,76,Left Foot,Open Play,Blocked Shot
ENG-Premier League,2526,2025-08-31 Brighton-Manchester City,Manchester City,Omar Marmoush,1,2025,28805,2025-08-31 13:00:00,640750,88,8393,,,0.08242393285036087,0.9130000305175782,0.3990000152587891,27,Left Foot,From Corner,Missed Shot
ENG-Premier League,2526,2025-08-31 Brighton-Manchester City,Manchester City,Oscar Bobb,1,2025,28805,2025-08-31 13:00:00,640753,88,11903,,,0.6138288378715515,0.9119999694824219,0.4590000152587891,59,Right Foot,Open Play,Missed Shot
ENG-Premier League,2526,2025-08-31 Brighton-Manchester City,Manchester City,Rodri,1,2025,28805,2025-08-31 13:00:00,640752,88,2496,,,0.04254832863807678,0.7819999694824219,0.6070000076293945,42,Left Foot,Open Play,Missed Shot
ENG-Premier League,2526,2025-08-31 Brighton-Manchester City,Manchester City,Tijjani Reijnders,1,2025,28805,2025-08-31 13:00:00,640768,88,11965,735710,Jéremy Doku,0.01550334319472313,0.76,0.6919999694824219,97,Right Foot,Open Play,Missed Shot
ENG-Premier League,2526,2025-08-31 Liverpool-Arsenal,Arsenal,Declan Rice,1,2025,28806,2025-08-31 15:30:00,640941,83,5553,,,0.02633870579302311,0.6869999694824219,0.7330000305175781,28,Right Foot,Direct Freekick,Missed Shot
ENG-Premier League,2526,2025-08-31 Liverpool-Arsenal,Arsenal,Gabriel,1,2025,28806,2025-08-31 15:30:00,640950,83,5613,,,0.02105015330016613,0.77,0.55,62,Left Foot,Open Play,Blocked Shot
ENG-Premier League,2526,2025-08-31 Liverpool-Arsenal,Arsenal,Jurriën Timber,1,2025,28806,2025-08-31 15:30:00,640944,83,11707,735956,Viktor Gyokeres,0.08937656879425049,0.855,0.445,38,Right Foot,Open Play,Blocked Shot
ENG-Premier League,2526,2025-08-31 Liverpool-Arsenal,Arsenal,Martín Zubimendi,1,2025,28806,2025-08-31 15:30:00,640957,83,7526,735956,Viktor Gyokeres,0.027894919738173485,0.8769999694824219,0.48900001525878906,96,,Open Play,Blocked Shot
ENG-Premier League,2526,2025-08-31 Liverpool-Arsenal,Arsenal,Max Dowman,1,2025,28806,2025-08-31 15:30:00,640956,83,13872,,,0.061159078031778336,0.9380000305175781,0.35400001525878905,94,Left Foot,Open Play,Blocked Shot
ENG-Premier League,2526,2025-08-31 Liverpool-Arsenal,Arsenal,Noni Madueke,1,2025,28806,2025-08-31 15:30:00,640940,83,11357,,,0.06363651156425476,0.860999984741211,0.5620000076293945,21,Left Foot,From Corner,Saved Shot
ENG-Premier League,2526,2025-08-31 Liverpool-Arsenal,Arsenal,Noni Madueke,1,2025,28806,2025-08-31 15:30:00,640943,83,11357,735947,David Raya,0.049500007182359695,0.9069999694824219,0.3129999923706055,35,Left Foot,Open Play,Blocked Shot
ENG-Premier League,2526,2025-08-31 Liverpool-Arsenal,Arsenal,Noni Madueke,1,2025,28806,2025-08-31 15:30:00,640951,83,11357,,,0.02296319603919983,0.870999984741211,0.634000015258789,63,Left Foot,From Corner,Missed Shot
ENG-Premier League,2526,2025-08-31 Liverpool-Arsenal,Arsenal,Riccardo Calafiori,1,2025,28806,2025-08-31 15:30:00,640945,83,8129,,,0.041967615485191345,0.865999984741211,0.67,38,Right Foot,Open Play,Blocked Shot
ENG-Premier League,2526,2025-08-31 Liverpool-Arsenal,Arsenal,Riccardo Calafiori,1,2025,28806,2025-08-31 15:30:00,640946,83,8129,735954,Declan Rice,0.02815292961895466,0.91,0.5320000076293945,39,,From Corner,Missed Shot
ENG-Premier League,2526,2025-08-31 Liverpool-Arsenal,Arsenal,Riccardo Calafiori,1,2025,28806,2025-08-31 15:30:00,640949,83,8129,735948,Jurriën Timber,0.05862429365515709,0.8159999847412109,0.5179999923706055,62,Left Foot,Open Play,Blocked Shot
ENG-Premier League,2526,2025-08-31 Liverpool-Arsenal,Liverpool,Alexis Mac Allister,1,2025,28806,2025-08-31 15:30:00,640942,87,8379,,,0.06511340290307999,0.8380000305175781,0.49,33,Right Foot,Open Play,Blocked Shot
ENG-Premier League,2526,2025-08-31 Liverpool-Arsenal,Liverpool,Cody Gakpo,1,2025,28806,2025-08-31 15:30:00,640939,87,11296,735938,Ryan Gravenberch,0.024450471624732018,0.7880000305175782,0.6859999847412109,12,Right Foot,Open Play,Missed Shot
ENG-Premier League,2526,2025-08-31 Liverpool-Arsenal,Liverpool,Cody Gakpo,1,2025,28806,2025-08-31 15:30:00,640952,87,11296,735946,Curtis Jones,0.037899378687143326,0.8369999694824218,0.6790000152587891,65,Right Foot,Open Play,Saved Shot
ENG-Premier League,2526,2025-08-31 Liverpool-Arsenal,Liverpool,Dominik Szoboszlai,1,2025,28806,2025-08-31 15:30:00,640955,87,9788,,,0.036956995725631714,0.6969999694824218,0.5109999847412109,82,Right Foot,Direct Freekick,Goal
ENG-Premier League,2526,2025-08-31 Liverpool-Arsenal,Liverpool,Federico Chiesa,1,2025,28806,2025-08-31 15:30:00,640958,87,1433,735941,Cody Gakpo,0.09697931259870529,0.8159999847412109,0.5359999847412109,96,Left Foot,Open Play,Blocked Shot
ENG-Premier League,2526,2025-08-31 Liverpool-Arsenal,Liverpool,Florian Wirtz,1,2025,28806,2025-08-31 15:30:00,640948,87,8397,735937,Alexis Mac Allister,0.09152144193649292,0.8640000152587891,0.40900001525878904,59,Left Foot,Open Play,Saved Shot
ENG-Premier League,2526,2025-08-31 Liverpool-Arsenal,Liverpool,Florian Wirtz,1,2025,28806,2025-08-31 15:30:00,640954,87,8397,735933,Dominik Szoboszlai,0.03474712371826172,0.8209999847412109,0.425,73,Right Foot,From Corner,Blocked Shot
ENG-Premier League,2526,2025-08-31 Liverpool-Arsenal,Liverpool,Mohamed Salah,1,2025,28806,2025-08-31 15:30:00,640953,87,1250,735940,Florian Wirtz,0.07573796063661575,0.845999984741211,0.39799999237060546,72,Left Foot,Open Play,Blocked Shot
ENG-Premier League,2526,2025-08-31 Liverpool-Arsenal,Liverpool,Ryan Gravenberch,1,2025,28806,2025-08-31 15:30:00,640947,87,10697,735937,Alexis Mac Allister,0.017997510731220245,0.700999984741211,0.44299999237060544,51,Right Foot,Open Play,Missed Shot
ENG-Premier League,2526,2025-08-31 Nottingham Forest-West Ham,Nottingham Forest,Callum Hudson-Odoi,1,2025,28804,2025-08-31 13:00:00,640733,249,6456,735659,Elliot Anderson,0.04034300148487091,0.9080000305175782,0.74,62,Right Foot,Open Play,Saved Shot
ENG-Premier League,2526,2025-08-31 Nottingham Forest-West Ham,Nottingham Forest,Chris Wood,1,2025,28804,2025-08-31 13:00:00,640726,249,4456,735663,Callum Hudson-Odoi,0.2730753421783447,0.9059999847412109,0.46599998474121096,46,,Open Play,Saved Shot
ENG-Premier League,2526,2025-08-31 Nottingham Forest-West Ham,Nottingham Forest,Chris Wood,1,2025,28804,2025-08-31 13:00:00,640730,249,4456,735667,James McAtee,0.10693097114562988,0.865999984741211,0.45099998474121095,60,Right Foot,Open Play,Missed Shot
ENG-Premier League,2526,2025-08-31 Nottingham Forest-West Ham,Nottingham Forest,Chris Wood,1,2025,28804,2025-08-31 13:00:00,640734,249,4456,735655,Ola Aina,0.040244463831186295,0.8930000305175781,0.5470000076293945,66,,Open Play,Missed Shot
ENG-Premier League,2526,2025-08-31 Nottingham Forest-West Ham,Nottingham Forest,Elliot Anderson,1,2025,28804,2025-08-31 13:00:00,640732,249,9154,735663,Callum Hudson-Odoi,0.015127431601285934,0.774000015258789,0.7069999694824218,61,Right Foot,Open Play,Blocked Shot
ENG-Premier League,2526,2025-08-31 Nottingham Forest-West Ham,Nottingham Forest,Morgan Gibbs-White,1,2025,28804,2025-08-31 13:00:00,640724,249,6857,735659,Elliot Anderson,0.019577354192733765,0.9619999694824218,0.5970000076293945,17,,From Corner,Blocked Shot
ENG-Premier League,2526,2025-08-31 Nottingham Forest-West Ham,Nottingham Forest,Morgan Gibbs-White,1,2025,28804,2025-08-31 13:00:00,640729,249,6857,735663,Callum Hudson-Odoi,0.04551553353667259,0.960999984741211,0.7180000305175781,59,Left Foot,Open Play,Saved Shot
ENG-Premier League,2526,2025-08-31 Nottingham Forest-West Ham,Nottingham Forest,Neco Williams,1,2025,28804,2025-08-31 13:00:00,640731,249,8204,,,0.06776181608438492,0.8490000152587891,0.55,61,Right Foot,Open Play,Blocked Shot
ENG-Premier League,2526,2025-08-31 Nottingham Forest-West Ham,Nottingham Forest,Nikola Milenkovic,1,2025,28804,2025-08-31 13:00:00,640737,249,6174,735659,Elliot Anderson,0.0842909961938858,0.9169999694824219,0.539000015258789,71,,From Corner,Missed Shot
ENG-Premier League,2526,2025-08-31 Nottingham Forest-West Ham,Nottingham Forest,Ola Aina,1,2025,28804,2025-08-31 13:00:00,640741,249,725,,,0.014259714633226395,0.855,0.23200000762939454,89,Right Foot,Open Play,Blocked Shot
ENG-Premier League,2526,2025-08-31 Nottingham Forest-West Ham,Nottingham Forest,Ola Aina,1,2025,28804,2025-08-31 13:00:00,640744,249,725,,,0.008891460485756397,0.764000015258789,0.26299999237060545,99,Right Foot,Open Play,Blocked Shot
ENG-Premier League,2526,2025-08-31 Nottingham Forest-West Ham,West Ham,Callum Wilson,1,2025,28804,2025-08-31 13:00:00,640735,81,468,735677,Lucas Paquetá,0.03393476828932762,0.8119999694824219,0.38299999237060545,67,Right Foot,Open Play,Saved Shot
ENG-Premier League,2526,2025-08-31 Nottingham Forest-West Ham,West Ham,Callum Wilson,1,2025,28804,2025-08-31 13:00:00,640738,81,468,735677,Lucas Paquetá,0.06967318803071976,0.9680000305175781,0.3240000152587891,80,Right Foot,Set Piece,Saved Shot
ENG-Premier League,2526,2025-08-31 Nottingham Forest-West Ham,West Ham,Callum Wilson,1,2025,28804,2025-08-31 13:00:00,640742,81,468,735673,El Hadji Malick Diouf,0.31998011469841003,0.919000015258789,0.48,90,,Open Play,Goal
ENG-Premier League,2526,2025-08-31 Nottingham Forest-West Ham,West Ham,Callum Wilson,1,2025,28804,2025-08-31 13:00:00,640743,81,468,735676,Jarrod Bowen,0.5732597708702087,0.9180000305175782,0.44400001525878907,97,Right Foot,Open Play,Saved Shot
ENG-Premier League,2526,2025-08-31 Nottingham Forest-West Ham,West Ham,Jarrod Bowen,1,2025,28804,2025-08-31 13:00:00,640739,81,1776,735680,Crysencio Summerville,0.06273777037858963,0.815,0.5259999847412109,83,Left Foot,Open Play,Goal
ENG-Premier League,2526,2025-08-31 Nottingham Forest-West Ham,West Ham,Konstantinos Mavropanos,1,2025,28804,2025-08-31 13:00:00,640736,81,6722,735675,James Ward-Prowse,0.08467678725719452,0.9169999694824219,0.5379999923706055,68,,From Corner,Missed Shot
ENG-Premier League,2526,2025-08-31 Nottingham Forest-West Ham,West Ham,Lucas Paquetá,1,2025,28804,2025-08-31 13:00:00,640725,81,7365,735678,Mateus Fernandes,0.09636712819337845,0.87,0.5729999923706055,38,Left Foot,Open Play,Saved Shot
ENG-Premier League,2526,2025-08-31 Nottingham Forest-West Ham,West Ham,Lucas Paquetá,1,2025,28804,2025-08-31 13:00:00,640727,81,7365,735676,Jarrod Bowen,0.13509510457515717,0.9230000305175782,0.425,46,Right Foot,Open Play,Missed Shot
ENG-Premier League,2526,2025-08-31 Nottingham Forest-West Ham,West Ham,Lucas Paquetá,1,2025,28804,2025-08-31 13:00:00,640740,81,7365,,,0.7611688375473022,0.885,0.5,87,Left Foot,,Goal
ENG-Premier League,2526,2025-08-31 Nottingham Forest-West Ham,West Ham,Niclas Füllkrug,1,2025,28804,2025-08-31 13:00:00,640722,81,6098,735675,James Ward-Prowse,0.03938474506139755,0.9490000152587891,0.39,2,,From Corner,Missed Shot
ENG-Premier League,2526,2025-08-31 Nottingham Forest-West Ham,West Ham,Niclas Füllkrug,1,2025,28804,2025-08-31 13:00:00,640723,81,6098,735675,James Ward-Prowse,0.024818886071443558,0.9619999694824218,0.40900001525878904,14,,From Corner,Missed Shot
ENG-Premier League,2526,2025-08-31 Nottingham Forest-West Ham,West Ham,Niclas Füllkrug,1,2025,28804,2025-08-31 13:00:00,640728,81,6098,735678,Mateus Fernandes,0.034899093210697174,0.870999984741211,0.725999984741211,55,Left Foot,Open Play,Saved Shot
ENG-Premier League,2526,2025-09-13 Arsenal-Nottingham Forest,Arsenal,Eberechi Eze,1,2025,28808,2025-09-13 11:30:00,641374,83,8706,736534,Viktor Gyokeres,0.034516386687755585,0.799000015258789,0.6220000076293946,13,Right Foot,Open Play,Blocked Shot
ENG-Premier League,2526,2025-09-13 Arsenal-Nottingham Forest,Arsenal,Eberechi Eze,1,2025,28808,2025-09-13 11:30:00,641377,83,8706,736531,Martín Zubimendi,0.04990798607468605,0.845999984741211,0.6580000305175782,26,Right Foot,Open Play,Blocked Shot
ENG-Premier League,2526,2025-09-13 Arsenal-Nottingham Forest,Arsenal,Ethan Nwaneri,1,2025,28808,2025-09-13 11:30:00,641376,83,11132,,,0.0504547581076622,0.840999984741211,0.43599998474121093,22,Left Foot,From Corner,Blocked Shot
ENG-Premier League,2526,2025-09-13 Arsenal-Nottingham Forest,Arsenal,Ethan Nwaneri,1,2025,28808,2025-09-13 11:30:00,641386,83,11132,736533,Noni Madueke,0.057088371366262436,0.865999984741211,0.29100000381469726,51,Left Foot,Open Play,Missed Shot
ENG-Premier League,2526,2025-09-13 Arsenal-Nottingham Forest,Arsenal,Ethan Nwaneri,1,2025,28808,2025-09-13 11:30:00,641387,83,11132,736532,Mikel Merino,0.13176925480365753,0.865999984741211,0.48400001525878905,56,Left Foot,Open Play,Missed Shot
ENG-Premier League,2526,2025-09-13 Arsenal-Nottingham Forest,Arsenal,Gabriel,1,2025,28808,2025-09-13 11:30:00,641373,83,5613,736533,Noni Madueke,0.47992590069770813,0.960999984741211,0.45799999237060546,9,,From Corner,Missed Shot
ENG-Premier League,2526,2025-09-13 Arsenal-Nottingham Forest,Arsenal,Gabriel,1,2025,28808,2025-09-13 11:30:00,641380,83,5613,736529,Riccardo Calafiori,0.01870153471827507,0.8030000305175782,0.7480000305175781,35,Left Foot,Open Play,Blocked Shot
ENG-Premier League,2526,2025-09-13 Arsenal-Nottingham Forest,Arsenal,Jurriën Timber,1,2025,28808,2025-09-13 11:30:00,641378,83,11707,736533,Noni Madueke,0.0841638445854187,0.960999984741211,0.4640000152587891,28,,From Corner,Saved Shot
ENG-Premier League,2526,2025-09-13 Arsenal-Nottingham Forest,Arsenal,Martín Zubimendi,1,2025,28808,2025-09-13 11:30:00,641379,83,7526,,,0.031676262617111206,0.8019999694824219,0.5,31,Right Foot,From Corner,Goal
ENG-Premier League,2526,2025-09-13 Arsenal-Nottingham Forest,Arsenal,Martín Zubimendi,1,2025,28808,2025-09-13 11:30:00,641381,83,7526,736539,Ethan Nwaneri,0.048408184200525284,0.7809999847412109,0.49599998474121093,35,Right Foot,Open Play,Missed Shot
ENG-Premier League,2526,2025-09-13 Arsenal-Nottingham Forest,Arsenal,Martín Zubimendi,1,2025,28808,2025-09-13 11:30:00,641390,83,7526,736536,Leandro Trossard,0.0945623442530632,0.9290000152587891,0.4620000076293945,78,,Set Piece,Goal
ENG-Premier League,2526,2025-09-13 Arsenal-Nottingham Forest,Arsenal,Mikel Merino,1,2025,28808,2025-09-13 11:30:00,641372,83,5304,,,0.565120279788971,0.96,0.43599998474121093,6,Right Foot,Set Piece,Saved Shot
ENG-Premier League,2526,2025-09-13 Arsenal-Nottingham Forest,Arsenal,Viktor Gyokeres,1,2025,28808,2025-09-13 11:30:00,641375,83,7254,736533,Noni Madueke,0.05540473386645317,0.9269999694824219,0.5590000152587891,20,,Open Play,Missed Shot
ENG-Premier League,2526,2025-09-13 Arsenal-Nottingham Forest,Arsenal,Viktor Gyokeres,1,2025,28808,2025-09-13 11:30:00,641384,83,7254,736535,Eberechi Eze,0.5980789661407471,0.9369999694824219,0.5,45,Right Foot,Open Play,Goal
ENG-Premier League,2526,2025-09-13 Arsenal-Nottingham Forest,Arsenal,Viktor Gyokeres,1,2025,28808,2025-09-13 11:30:00,641383,83,7254,,,0.48044416308403015,0.955,0.5870000076293945,48,Right Foot,Open Play,Blocked Shot
ENG-Premier League,2526,2025-09-13 Arsenal-Nottingham Forest,Arsenal,Viktor Gyokeres,1,2025,28808,2025-09-13 11:30:00,641388,83,7254,736533,Noni Madueke,0.10147476941347122,0.93,0.3340000152587891,58,Right Foot,Open Play,Shot On Post
ENG-Premier League,2526,2025-09-13 Arsenal-Nottingham Forest,Nottingham Forest,Arnaud Kalimuendo Muinga,1,2025,28808,2025-09-13 11:30:00,641389,249,8056,,,0.01928887516260147,0.8119999694824219,0.29200000762939454,66,Right Foot,Open Play,Blocked Shot
ENG-Premier League,2526,2025-09-13 Arsenal-Nottingham Forest,Nottingham Forest,Arnaud Kalimuendo Muinga,1,2025,28808,2025-09-13 11:30:00,641392,249,8056,736555,James McAtee,0.09902611374855042,0.8719999694824219,0.35900001525878905,94,Right Foot,Open Play,Blocked Shot
ENG-Premier League,2526,2025-09-13 Arsenal-Nottingham Forest,Nottingham Forest,Chris Wood,1,2025,28808,2025-09-13 11:30:00,641385,249,4456,736548,Dan Ndoye,0.092880979180336,0.8630000305175781,0.37599998474121094,51,,Open Play,Saved Shot
ENG-Premier League,2526,2025-09-13 Arsenal-Nottingham Forest,Nottingham Forest,Morgan Gibbs-White,1,2025,28808,2025-09-13 11:30:00,641382,249,6857,736551,Chris Wood,0.071136474609375,0.8640000152587891,0.6090000152587891,45,Right Foot,Open Play,Missed Shot
ENG-Premier League,2526,2025-09-13 Arsenal-Nottingham Forest,Nottingham Forest,Neco Williams,1,2025,28808,2025-09-13 11:30:00,641391,249,8204,736553,Arnaud Kalimuendo Muinga,0.011348750442266464,0.78,0.7180000305175781,92,Right Foot,Open Play,Blocked Shot
ENG-Premier League,2526,2025-09-13 Bournemouth-Brighton,Bournemouth,Alex Scott,1,2025,28810,2025-09-13 14:00:00,641674,73,12149,736910,Antoine Semenyo,0.05486525595188141,0.8119999694824219,0.4379999923706055,17,Left Foot,Open Play,Goal
ENG-Premier League,2526,2025-09-13 Bournemouth-Brighton,Bournemouth,Amine Adli,1,2025,28810,2025-09-13 14:00:00,641687,73,8211,,,0.048346079885959625,0.7419999694824219,0.36,74,Left Foot,Direct Freekick,Saved Shot
ENG-Premier League,2526,2025-09-13 Bournemouth-Brighton,Bournemouth,Antoine Semenyo,1,2025,28810,2025-09-13 14:00:00,641677,73,11363,736911,Marcus Tavernier,0.07956228405237198,0.904000015258789,0.32599998474121095,35,Right Foot,Open Play,Missed Shot
ENG-Premier League,2526,2025-09-13 Bournemouth-Brighton,Bournemouth,Antoine Semenyo,1,2025,28810,2025-09-13 14:00:00,641685,73,11363,,,0.7611688375473022,0.885,0.5,60,Right Foot,,Goal
ENG-Premier League,2526,2025-09-13 Bournemouth-Brighton,Bournemouth,David Brooks,1,2025,28810,2025-09-13 14:00:00,641675,73,6820,736906,Veljko Milosavljevic,0.06701014190912247,0.87,0.5929999923706055,25,Right Foot,Open Play,Blocked Shot
ENG-Premier League,2526,2025-09-13 Bournemouth-Brighton,Bournemouth,David Brooks,1,2025,28810,2025-09-13 14:00:00,641681,73,6820,,,0.04584584757685661,0.7390000152587891,0.649000015258789,47,Left Foot,Direct Freekick,Missed Shot
ENG-Premier League,2526,2025-09-13 Bournemouth-Brighton,Bournemouth,Evanilson,1,2025,28810,2025-09-13 14:00:00,641676,73,12963,736907,Adrien Truffert,0.04853740707039833,0.874000015258789,0.47400001525878904,25,,Open Play,Missed Shot
ENG-Premier League,2526,2025-09-13 Bournemouth-Brighton,Bournemouth,Evanilson,1,2025,28810,2025-09-13 14:00:00,641679,73,12963,736907,Adrien Truffert,0.033230289816856384,0.865999984741211,0.4590000152587891,47,,Open Play,Saved Shot
ENG-Premier League,2526,2025-09-13 Bournemouth-Brighton,Bournemouth,Evanilson,1,2025,28810,2025-09-13 14:00:00,641680,73,12963,,,0.09722869843244553,0.860999984741211,0.44,47,Right Foot,Open Play,Blocked Shot
ENG-Premier League,2526,2025-09-13 Bournemouth-Brighton,Bournemouth,James Hill,1,2025,28810,2025-09-13 14:00:00,641691,73,10747,736916,Justin Kluivert,0.06587860733270645,0.9540000152587891,0.44299999237060544,84,,From Corner,Saved Shot
ENG-Premier League,2526,2025-09-13 Bournemouth-Brighton,Bournemouth,Justin Kluivert,1,2025,28810,2025-09-13 14:00:00,641688,73,6963,736910,Antoine Semenyo,0.06551827490329742,0.81,0.5379999923706055,77,Right Foot,Open Play,Blocked Shot
ENG-Premier League,2526,2025-09-13 Bournemouth-Brighton,Bournemouth,Justin Kluivert,1,2025,28810,2025-09-13 14:00:00,641690,73,6963,736908,Tyler Adams,0.03533139452338219,0.8219999694824218,0.7119999694824218,80,Right Foot,Open Play,Blocked Shot
ENG-Premier League,2526,2025-09-13 Bournemouth-Brighton,Bournemouth,Marcus Tavernier,1,2025,28810,2025-09-13 14:00:00,641686,73,10741,736909,Alex Scott,0.0393516980111599,0.8090000152587891,0.5,65,Left Foot,From Corner,Missed Shot
ENG-Premier League,2526,2025-09-13 Bournemouth-Brighton,Brighton,Carlos Baleba,1,2025,28810,2025-09-13 14:00:00,641692,220,10527,,,0.023395296186208725,0.76,0.4929999923706055,85,Left Foot,Open Play,Missed Shot
ENG-Premier League,2526,2025-09-13 Bournemouth-Brighton,Brighton,Danny Welbeck,1,2025,28810,2025-09-13 14:00:00,641684,220,501,,,0.08615773916244507,0.8880000305175781,0.45,54,Right Foot,From Corner,Missed Shot
ENG-Premier League,2526,2025-09-13 Bournemouth-Brighton,Brighton,Kaoru Mitoma,1,2025,28810,2025-09-13 14:00:00,641682,220,10806,736926,Yankuba Minteh,0.16583633422851562,0.9740000152587891,0.5940000152587891,47,,Open Play,Goal
ENG-Premier League,2526,2025-09-13 Bournemouth-Brighton,Brighton,Yankuba Minteh,1,2025,28810,2025-09-13 14:00:00,641678,220,12759,736927,Georginio Rutter,0.2618991434574127,0.935,0.31799999237060544,39,Right Foot,Open Play,Saved Shot
ENG-Premier League,2526,2025-09-13 Bournemouth-Brighton,Brighton,Yankuba Minteh,1,2025,28810,2025-09-13 14:00:00,641683,220,12759,736920,Joël Veltman,0.05745750293135643,0.9430000305175781,0.2989999961853027,53,Left Foot,Open Play,Blocked Shot
ENG-Premier League,2526,2025-09-13 Bournemouth-Brighton,Brighton,Yankuba Minteh,1,2025,28810,2025-09-13 14:00:00,641689,220,12759,736922,Lewis Dunk,0.030177410691976547,0.860999984741211,0.27100000381469724,79,Left Foot,Set Piece,Blocked Shot
ENG-Premier League,2526,2025-09-13 Brentford-Chelsea,Brentford,Fabio Carvalho,1,2025,28815,2025-09-13 19:00:00,642012,244,9501,737284,Kristoffer Ajer,0.6487218737602234,0.975,0.4620000076293945,92,Right Foot,Open Play,Goal
ENG-Premier League,2526,2025-09-13 Brentford-Chelsea,Brentford,Kevin Schade,1,2025,28815,2025-09-13 19:00:00,641992,244,9156,737282,Thiago,0.14841710031032562,0.8919999694824219,0.5520000076293945,5,Right Foot,Open Play,Blocked Shot
ENG-Premier League,2526,2025-09-13 Brentford-Chelsea,Brentford,Kevin Schade,1,2025,28815,2025-09-13 19:00:00,641993,244,9156,737280,Yehor Yarmolyuk,0.03294559568166733,0.8830000305175781,0.534000015258789,5,,From Corner,Missed Shot
ENG-Premier League,2526,2025-09-13 Brentford-Chelsea,Brentford,Kevin Schade,1,2025,28815,2025-09-13 19:00:00,641995,244,9156,737279,Jordan Henderson,0.12247287482023239,0.889000015258789,0.595,34,Right Foot,Open Play,Goal
ENG-Premier League,2526,2025-09-13 Brentford-Chelsea,Brentford,Kevin Schade,1,2025,28815,2025-09-13 19:00:00,642003,244,9156,737278,Mathias Jensen,0.0486978180706501,0.8440000152587891,0.4859999847412109,61,Right Foot,Open Play,Saved Shot
ENG-Premier League,2526,2025-09-13 Brentford-Chelsea,Brentford,Kristoffer Ajer,1,2025,28815,2025-09-13 19:00:00,642011,244,9677,737277,Keane Lewis-Potter,0.08690817654132843,0.9130000305175782,0.4859999847412109,88,,From Corner,Saved Shot
ENG-Premier League,2526,2025-09-13 Brentford-Chelsea,Brentford,Rico Henry,1,2025,28815,2025-09-13 19:00:00,642009,244,9679,737274,Nathan Collins,0.08716833591461182,0.9080000305175782,0.5620000076293945,76,Left Foot,From Corner,Missed Shot
ENG-Premier League,2526,2025-09-13 Brentford-Chelsea,Chelsea,Cole Palmer,1,2025,28815,2025-09-13 19:00:00,642002,80,8497,737298,João Pedro,0.07754337042570114,0.9,0.48,60,Left Foot,Open Play,Goal
ENG-Premier League,2526,2025-09-13 Brentford-Chelsea,Chelsea,Cole Palmer,1,2025,28815,2025-09-13 19:00:00,642004,80,8497,,,0.0318642295897007,0.685,0.5890000152587891,64,Left Foot,Direct Freekick,Blocked Shot
ENG-Premier League,2526,2025-09-13 Brentford-Chelsea,Chelsea,Cole Palmer,1,2025,28815,2025-09-13 19:00:00,642005,80,8497,,,0.012451309710741043,0.725999984741211,0.575999984741211,64,Left Foot,Set Piece,Blocked Shot
ENG-Premier League,2526,2025-09-13 Brentford-Chelsea,Chelsea,Cole Palmer,1,2025,28815,2025-09-13 19:00:00,642008,80,8497,737295,Pedro Neto,0.09508585184812546,0.8490000152587891,0.485,74,Left Foot,Open Play,Saved Shot
ENG-Premier League,2526,2025-09-13 Brentford-Chelsea,Chelsea,Cole Palmer,1,2025,28815,2025-09-13 19:00:00,642013,80,8497,737299,Alejandro Garnacho,0.08198987692594528,0.8809999847412109,0.6229999923706054,95,Left Foot,Open Play,Missed Shot
ENG-Premier League,2526,2025-09-13 Brentford-Chelsea,Chelsea,Enzo Fernández,1,2025,28815,2025-09-13 19:00:00,641998,80,11356,737296,Facundo Buonanotte,0.06262177973985672,0.8809999847412109,0.67,44,Left Foot,Open Play,Blocked Shot
ENG-Premier League,2526,2025-09-13 Brentford-Chelsea,Chelsea,Jamie Bynoe-Gittens,1,2025,28815,2025-09-13 19:00:00,641997,80,10542,737291,Trevoh Chalobah,0.019906282424926758,0.765,0.6730000305175782,42,Right Foot,Open Play,Saved Shot
ENG-Premier League,2526,2025-09-13 Brentford-Chelsea,Chelsea,João Pedro,1,2025,28815,2025-09-13 19:00:00,641991,80,8272,737296,Facundo Buonanotte,0.10635886341333389,0.8669999694824219,0.5359999847412109,4,Left Foot,Open Play,Blocked Shot
ENG-Premier League,2526,2025-09-13 Brentford-Chelsea,Chelsea,Marc Cucurella,1,2025,28815,2025-09-13 19:00:00,642000,80,7134,737297,Jamie Bynoe-Gittens,0.04027736932039261,0.84,0.6519999694824219,53,Right Foot,Open Play,Saved Shot
ENG-Premier League,2526,2025-09-13 Brentford-Chelsea,Chelsea,Moisés Caicedo,1,2025,28815,2025-09-13 19:00:00,642010,80,9453,,,0.04658273607492447,0.805,0.514000015258789,84,Right Foot,Open Play,Goal
ENG-Premier League,2526,2025-09-13 Brentford-Chelsea,Chelsea,Pedro Neto,1,2025,28815,2025-09-13 19:00:00,642006,80,6382,737293,Enzo Fernández,0.07125579565763474,0.915,0.35400001525878905,66,Left Foot,Open Play,Blocked Shot
ENG-Premier League,2526,2025-09-13 Brentford-Chelsea,Chelsea,Pedro Neto,1,2025,28815,2025-09-13 19:00:00,642007,80,6382,737300,Marc Cucurella,0.01535288617014885,0.8480000305175781,0.6559999847412109,71,Left Foot,From Corner,Blocked Shot
ENG-Premier League,2526,2025-09-13 Brentford-Chelsea,Chelsea,Reece James,1,2025,28815,2025-09-13 19:00:00,642001,80,8067,737300,Marc Cucurella,0.015657218173146248,0.75,0.505,59,Left Foot,Open Play,Blocked Shot
ENG-Premier League,2526,2025-09-13 Brentford-Chelsea,Chelsea,Trevoh Chalobah,1,2025,28815,2025-09-13 19:00:00,641994,80,6615,737293,Enzo Fernández,0.027894023805856705,0.865999984741211,0.53,14,,Set Piece,Missed Shot
ENG-Premier League,2526,2025-09-13 Brentford-Chelsea,Chelsea,Trevoh Chalobah,1,2025,28815,2025-09-13 19:00:00,641996,80,6615,737295,Pedro Neto,0.018075326457619667,0.7280000305175781,0.5640000152587891,40,Right Foot,Open Play,Missed Shot
ENG-Premier League,2526,2025-09-13 Brentford-Chelsea,Chelsea,Tyrique George,1,2025,28815,2025-09-13 19:00:00,641999,80,12573,737295,Pedro Neto,0.03347869962453842,0.8880000305175781,0.2620000076293945,50,Right Foot,Open Play,Saved Shot
ENG-Premier League,2526,2025-09-13 Crystal Palace-Sunderland,Crystal Palace,Chris Richards,1,2025,28811,2025-09-13 14:00:00,641709,78,8430,736942,Will Hughes,0.08138538897037506,0.9540000152587891,0.5170000076293946,89,,From Corner,Blocked Shot
ENG-Premier League,2526,2025-09-13 Crystal Palace-Sunderland,Crystal Palace,Christantus Uche,1,2025,28811,2025-09-13 14:00:00,641707,78,12726,736937,Chris Richards,0.06011005491018295,0.9209999847412109,0.32799999237060545,87,Right Foot,Set Piece,Saved Shot
ENG-Premier League,2526,2025-09-13 Crystal Palace-Sunderland,Crystal Palace,Daichi Kamada,1,2025,28811,2025-09-13 14:00:00,641704,78,6145,,,0.03141447901725769,0.8119999694824219,0.66,71,Right Foot,Open Play,Saved Shot
ENG-Premier League,2526,2025-09-13 Crystal Palace-Sunderland,Crystal Palace,Daichi Kamada,1,2025,28811,2025-09-13 14:00:00,641708,78,6145,,,0.016900397837162018,0.7719999694824219,0.3940000152587891,87,Right Foot,Set Piece,Saved Shot
ENG-Premier League,2526,2025-09-13 Crystal Palace-Sunderland,Crystal Palace,Daniel Muñoz,1,2025,28811,2025-09-13 14:00:00,641705,78,12408,736947,Justin Devenny,0.018717065453529358,0.76,0.33599998474121096,77,Right Foot,Open Play,Blocked Shot
ENG-Premier League,2526,2025-09-13 Crystal Palace-Sunderland,Crystal Palace,Daniel Muñoz,1,2025,28811,2025-09-13 14:00:00,641712,78,12408,736947,Justin Devenny,0.09489134699106216,0.9730000305175781,0.5870000076293945,94,Left Foot,Open Play,Saved Shot
ENG-Premier League,2526,2025-09-13 Crystal Palace-Sunderland,Crystal Palace,Jean-Philippe Mateta,1,2025,28811,2025-09-13 14:00:00,641699,78,5735,736940,Tyrick Mitchell,0.10853661596775055,0.9430000305175781,0.5829999923706055,49,Right Foot,Open Play,Saved Shot
ENG-Premier League,2526,2025-09-13 Crystal Palace-Sunderland,Crystal Palace,Jean-Philippe Mateta,1,2025,28811,2025-09-13 14:00:00,641706,78,5735,,,0.562492847442627,0.9259999847412109,0.4979999923706055,78,Left Foot,Open Play,Saved Shot
ENG-Premier League,2526,2025-09-13 Crystal Palace-Sunderland,Crystal Palace,Jefferson Lerma,1,2025,28811,2025-09-13 14:00:00,641693,78,2182,736938,Marc Guehi,0.015649624168872833,0.77,0.7230000305175781,8,Right Foot,Open Play,Missed Shot
ENG-Premier League,2526,2025-09-13 Crystal Palace-Sunderland,Crystal Palace,Marc Guehi,1,2025,28811,2025-09-13 14:00:00,641711,78,7603,,,0.02337864227592945,0.905,0.555,92,,From Corner,Missed Shot
ENG-Premier League,2526,2025-09-13 Crystal Palace-Sunderland,Crystal Palace,Will Hughes,1,2025,28811,2025-09-13 14:00:00,641710,78,6104,,,0.04396381601691246,0.7980000305175782,0.505,91,Right Foot,Open Play,Blocked Shot
ENG-Premier League,2526,2025-09-13 Crystal Palace-Sunderland,Crystal Palace,Yeremi Pino,1,2025,28811,2025-09-13 14:00:00,641696,78,9024,736942,Will Hughes,0.022644711658358574,0.7680000305175781,0.3170000076293945,19,Right Foot,Open Play,Missed Shot
ENG-Premier League,2526,2025-09-13 Crystal Palace-Sunderland,Crystal Palace,Yeremi Pino,1,2025,28811,2025-09-13 14:00:00,641697,78,9024,736943,Daichi Kamada,0.3241446316242218,0.8530000305175781,0.4620000076293945,35,Right Foot,Open Play,Missed Shot
ENG-Premier League,2526,2025-09-13 Crystal Palace-Sunderland,Crystal Palace,Yeremi Pino,1,2025,28811,2025-09-13 14:00:00,641700,78,9024,,,0.3980400860309601,0.91,0.5570000076293945,49,Right Foot,Open Play,Blocked Shot
ENG-Premier League,2526,2025-09-13 Crystal Palace-Sunderland,Sunderland,Chemsdine Talbi,1,2025,28811,2025-09-13 14:00:00,641698,77,13717,736958,Simon Adingra,0.10243286937475204,0.9359999847412109,0.41900001525878905,40,Right Foot,Open Play,Blocked Shot
ENG-Premier League,2526,2025-09-13 Crystal Palace-Sunderland,Sunderland,Habib Diarra,1,2025,28811,2025-09-13 14:00:00,641703,77,9767,736956,Chemsdine Talbi,0.026251330971717834,0.7869999694824219,0.36,70,Left Foot,Open Play,Missed Shot
ENG-Premier League,2526,2025-09-13 Crystal Palace-Sunderland,Sunderland,Noah Sadiki,1,2025,28811,2025-09-13 14:00:00,641694,77,13716,736955,Granit Xhaka,0.03912274166941643,0.9340000152587891,0.6790000152587891,14,Left Foot,Set Piece,Missed Shot
ENG-Premier League,2526,2025-09-13 Crystal Palace-Sunderland,Sunderland,Wilson Isidor,1,2025,28811,2025-09-13 14:00:00,641695,77,7148,736949,Trai Hume,0.0347789041697979,0.8419999694824218,0.43599998474121093,15,Right Foot,Open Play,Missed Shot
ENG-Premier League,2526,2025-09-13 Crystal Palace-Sunderland,Sunderland,Wilson Isidor,1,2025,28811,2025-09-13 14:00:00,641701,77,7148,736949,Trai Hume,0.030397489666938782,0.9519999694824218,0.23700000762939452,55,Right Foot,Open Play,Blocked Shot
ENG-Premier League,2526,2025-09-13 Crystal Palace-Sunderland,Sunderland,Wilson Isidor,1,2025,28811,2025-09-13 14:00:00,641702,77,7148,736950,Nordi Mukiele,0.12114540487527847,0.9009999847412109,0.43,57,Right Foot,Open Play,Missed Shot
ENG-Premier League,2526,2025-09-13 Everton-Aston Villa,Aston Villa,Emiliano Buendía,1,2025,28812,2025-09-13 14:00:00,641718,71,2203,,,0.010297061875462532,0.664000015258789,0.4329999923706055,23,Right Foot,Open Play,Missed Shot
ENG-Premier League,2526,2025-09-13 Everton-Aston Villa,Aston Villa,Emiliano Buendía,1,2025,28812,2025-09-13 14:00:00,641726,71,2203,,,0.025294044986367226,0.78,0.38799999237060545,49,Right Foot,Open Play,Blocked Shot
ENG-Premier League,2526,2025-09-13 Everton-Aston Villa,Aston Villa,Emiliano Buendía,1,2025,28812,2025-09-13 14:00:00,641729,71,2203,736985,Ollie Watkins,0.0572931282222271,0.8469999694824218,0.5209999847412109,58,Right Foot,Open Play,Blocked Shot
ENG-Premier League,2526,2025-09-13 Everton-Aston Villa,Aston Villa,Lucas Digne,1,2025,28812,2025-09-13 14:00:00,641724,71,1823,,,0.05105186998844147,0.735999984741211,0.5879999923706055,46,Left Foot,Direct Freekick,Blocked Shot
ENG-Premier League,2526,2025-09-13 Everton-Aston Villa,Aston Villa,Lucas Digne,1,2025,28812,2025-09-13 14:00:00,641728,71,1823,,,0.017628788948059082,0.8730000305175781,0.7030000305175781,54,Left Foot,From Corner,Blocked Shot
ENG-Premier League,2526,2025-09-13 Everton-Aston Villa,Aston Villa,Morgan Rogers,1,2025,28812,2025-09-13 14:00:00,641721,71,12412,736984,Emiliano Buendía,0.061500489711761475,0.8109999847412109,0.49700000762939456,35,Right Foot,Open Play,Saved Shot
ENG-Premier League,2526,2025-09-13 Everton-Aston Villa,Aston Villa,Tyrone Mings,1,2025,28812,2025-09-13 14:00:00,641727,71,1024,736976,Matthew Cash,0.13126161694526672,0.96,0.5420000076293945,54,,From Corner,Blocked Shot
ENG-Premier League,2526,2025-09-13 Everton-Aston Villa,Everton,Beto,1,2025,28812,2025-09-13 14:00:00,641713,72,9983,736969,Iliman Ndiaye,0.15289561450481415,0.8980000305175782,0.4979999923706055,1,Right Foot,Open Play,Missed Shot
ENG-Premier League,2526,2025-09-13 Everton-Aston Villa,Everton,Beto,1,2025,28812,2025-09-13 14:00:00,641716,72,9983,736964,Michael Keane,0.097673699259758,0.8909999847412109,0.5120000076293946,15,Right Foot,Open Play,Blocked Shot
ENG-Premier League,2526,2025-09-13 Everton-Aston Villa,Everton,Beto,1,2025,28812,2025-09-13 14:00:00,641719,72,9983,,,0.1694575995206833,0.9630000305175781,0.5070000076293946,31,,Open Play,Blocked Shot
ENG-Premier League,2526,2025-09-13 Everton-Aston Villa,Everton,Beto,1,2025,28812,2025-09-13 14:00:00,641725,72,9983,736966,James Garner,0.10211174935102463,0.9059999847412109,0.5109999847412109,47,Right Foot,Open Play,Missed Shot
ENG-Premier League,2526,2025-09-13 Everton-Aston Villa,Everton,Idrissa Gueye,1,2025,28812,2025-09-13 14:00:00,641714,72,668,736970,Kiernan Dewsbury-Hall,0.05689322203397751,0.815,0.524000015258789,7,Right Foot,Open Play,Missed Shot
ENG-Premier League,2526,2025-09-13 Everton-Aston Villa,Everton,Idrissa Gueye,1,2025,28812,2025-09-13 14:00:00,641723,72,668,736966,James Garner,0.016052626073360443,0.7390000152587891,0.6780000305175782,43,Right Foot,From Corner,Missed Shot
ENG-Premier League,2526,2025-09-13 Everton-Aston Villa,Everton,Iliman Ndiaye,1,2025,28812,2025-09-13 14:00:00,641737,72,9307,736971,Jack Grealish,0.023306213319301605,0.8019999694824219,0.36,89,Left Foot,From Corner,Blocked Shot
ENG-Premier League,2526,2025-09-13 Everton-Aston Villa,Everton,Jack Grealish,1,2025,28812,2025-09-13 14:00:00,641717,72,675,736965,James Tarkowski,0.07919476926326752,0.8530000305175781,0.544000015258789,15,Right Foot,Open Play,Saved Shot
ENG-Premier League,2526,2025-09-13 Everton-Aston Villa,Everton,Jack Grealish,1,2025,28812,2025-09-13 14:00:00,641722,72,675,736969,Iliman Ndiaye,0.020058663561940193,0.9109999847412109,0.7369999694824219,39,Right Foot,Open Play,Blocked Shot
ENG-Premier League,2526,2025-09-13 Everton-Aston Villa,Everton,Jake O&#039;Brien,1,2025,28812,2025-09-13 14:00:00,641730,72,12014,,,0.047719068825244904,0.8590000152587891,0.3290000152587891,61,Right Foot,Open Play,Blocked Shot
ENG-Premier League,2526,2025-09-13 Everton-Aston Villa,Everton,James Garner,1,2025,28812,2025-09-13 14:00:00,641736,72,7438,736971,Jack Grealish,0.033003758639097214,0.835999984741211,0.644000015258789,89,Right Foot,From Corner,Blocked Shot
ENG-Premier League,2526,2025-09-13 Everton-Aston Villa,Everton,Kiernan Dewsbury-Hall,1,2025,28812,2025-09-13 14:00:00,641735,72,9739,736971,Jack Grealish,0.04020765796303749,0.8340000152587891,0.5790000152587891,88,Left Foot,From Corner,Blocked Shot
ENG-Premier League,2526,2025-09-13 Everton-Aston Villa,Everton,Merlin Röhl,1,2025,28812,2025-09-13 14:00:00,641733,72,11331,736966,James Garner,0.018728220835328102,0.7340000152587891,0.47700000762939454,84,Right Foot,Set Piece,Missed Shot
ENG-Premier League,2526,2025-09-13 Everton-Aston Villa,Everton,Michael Keane,1,2025,28812,2025-09-13 14:00:00,641715,72,1653,736970,Kiernan Dewsbury-Hall,0.05495233088731766,0.9130000305175782,0.4979999923706055,10,,Set Piece,Missed Shot
ENG-Premier League,2526,2025-09-13 Everton-Aston Villa,Everton,Michael Keane,1,2025,28812,2025-09-13 14:00:00,641720,72,1653,736966,James Garner,0.3184798061847687,0.970999984741211,0.5609999847412109,32,,From Corner,Missed Shot
ENG-Premier League,2526,2025-09-13 Everton-Aston Villa,Everton,Michael Keane,1,2025,28812,2025-09-13 14:00:00,641732,72,1653,736971,Jack Grealish,0.06211274489760399,0.9180000305175782,0.5940000152587891,71,,Set Piece,Saved Shot
ENG-Premier League,2526,2025-09-13 Everton-Aston Villa,Everton,Michael Keane,1,2025,28812,2025-09-13 14:00:00,641738,72,1653,736971,Jack Grealish,0.4606477618217468,0.9319999694824219,0.515,90,,Open Play,Missed Shot
ENG-Premier League,2526,2025-09-13 Everton-Aston Villa,Everton,Thierno Barry,1,2025,28812,2025-09-13 14:00:00,641734,72,12916,736974,Merlin Röhl,0.08966526389122009,0.8909999847412109,0.6759999847412109,88,Left Foot,Open Play,Blocked Shot
ENG-Premier League,2526,2025-09-13 Everton-Aston Villa,Everton,Thierno Barry,1,2025,28812,2025-09-13 14:00:00,641739,72,12916,736963,Jake O'Brien,0.03559846803545952,0.8859999847412109,0.4759999847412109,93,,Open Play,Missed Shot
ENG-Premier League,2526,2025-09-13 Everton-Aston Villa,Everton,Tim Iroegbunam,1,2025,28812,2025-09-13 14:00:00,641731,72,9554,,,0.014639721252024174,0.76,0.34,61,Right Foot,Open Play,Blocked Shot
ENG-Premier League,2526,2025-09-13 Fulham-Leeds,Fulham,Adama Traoré,1,2025,28813,2025-09-13 14:00:00,641753,228,900,737005,Kevin,0.03330588713288307,0.89,0.44599998474121094,84,,Open Play,Missed Shot
ENG-Premier League,2526,2025-09-13 Fulham-Leeds,Fulham,Harry Wilson,1,2025,28813,2025-09-13 14:00:00,641748,228,5596,,,0.07876777648925781,0.7709999847412109,0.43,57,Left Foot,Direct Freekick,Saved Shot
ENG-Premier League,2526,2025-09-13 Fulham-Leeds,Fulham,Kevin,1,2025,28813,2025-09-13 14:00:00,641754,228,14030,736994,Ryan Sessegnon,0.020808398723602295,0.81,0.705999984741211,93,Right Foot,Open Play,Saved Shot
ENG-Premier League,2526,2025-09-13 Fulham-Leeds,Fulham,Rodrigo Muniz,1,2025,28813,2025-09-13 14:00:00,641749,228,10717,736995,Sander Berge,0.408113569021225,0.92,0.545,69,,Open Play,Saved Shot
ENG-Premier League,2526,2025-09-13 Fulham-Leeds,Fulham,Sasa Lukic,1,2025,28813,2025-09-13 14:00:00,641752,228,1537,736994,Ryan Sessegnon,0.5987980365753174,0.9540000152587891,0.5309999847412109,82,Right Foot,Open Play,Missed Shot
ENG-Premier League,2526,2025-09-13 Fulham-Leeds,Leeds,Anton Stach,1,2025,28813,2025-09-13 14:00:00,641741,245,9910,,,0.046400513499975204,0.845999984741211,0.6569999694824219,29,Left Foot,Open Play,Blocked Shot
ENG-Premier League,2526,2025-09-13 Fulham-Leeds,Leeds,Anton Stach,1,2025,28813,2025-09-13 14:00:00,641750,245,9910,,,0.017342116683721542,0.9319999694824219,0.725,74,Left Foot,Open Play,Blocked Shot
ENG-Premier League,2526,2025-09-13 Fulham-Leeds,Leeds,Anton Stach,1,2025,28813,2025-09-13 14:00:00,641751,245,9910,,,0.019769959151744843,0.764000015258789,0.385,76,Right Foot,Open Play,Missed Shot
ENG-Premier League,2526,2025-09-13 Fulham-Leeds,Leeds,Brenden Aaronson,1,2025,28813,2025-09-13 14:00:00,641744,245,10751,737011,Anton Stach,0.3879980444908142,0.92,0.600999984741211,47,Right Foot,Open Play,Saved Shot
ENG-Premier League,2526,2025-09-13 Fulham-Leeds,Leeds,Dominic Calvert-Lewin,1,2025,28813,2025-09-13 14:00:00,641740,245,5555,737014,Brenden Aaronson,0.06038069725036621,0.919000015258789,0.534000015258789,15,,From Corner,Saved Shot
ENG-Premier League,2526,2025-09-13 Fulham-Leeds,Leeds,Gabriel Gudmundsson,1,2025,28813,2025-09-13 14:00:00,641755,245,9944,,,0.0,0.09899999618530274,0.45099998474121095,93,,From Corner,Own Goal
ENG-Premier League,2526,2025-09-13 Fulham-Leeds,Leeds,Jayden Bogle,1,2025,28813,2025-09-13 14:00:00,641742,245,9205,737016,Noah Okafor,0.03432764112949371,0.8669999694824219,0.28600000381469726,34,Right Foot,Open Play,Blocked Shot
ENG-Premier League,2526,2025-09-13 Fulham-Leeds,Leeds,Jayden Bogle,1,2025,28813,2025-09-13 14:00:00,641747,245,9205,,,0.05580814182758331,0.7930000305175782,0.33099998474121095,54,Right Foot,Open Play,Saved Shot
ENG-Premier League,2526,2025-09-13 Fulham-Leeds,Leeds,Noah Okafor,1,2025,28813,2025-09-13 14:00:00,641745,245,11966,,,0.08090850710868835,0.9130000305175782,0.6370000076293946,52,Left Foot,Open Play,Blocked Shot
ENG-Premier League,2526,2025-09-13 Fulham-Leeds,Leeds,Noah Okafor,1,2025,28813,2025-09-13 14:00:00,641746,245,11966,,,0.08985226601362228,0.9340000152587891,0.6090000152587891,52,Left Foot,Open Play,Missed Shot
ENG-Premier League,2526,2025-09-13 Fulham-Leeds,Leeds,Sean Longstaff,1,2025,28813,2025-09-13 14:00:00,641743,245,7078,737015,Dominic Calvert-Lewin,0.037609655410051346,0.8180000305175781,0.549000015258789,42,Right Foot,Open Play,Shot On Post
ENG-Premier League,2526,2025-09-13 Newcastle United-Wolverhampton Wanderers,Newcastle United,Bruno Guimarães,1,2025,28809,2025-09-13 14:00:00,641673,86,8327,736883,William Osula,0.060651179403066635,0.799000015258789,0.5070000076293946,96,Right Foot,Open Play,Blocked Shot
ENG-Premier League,2526,2025-09-13 Newcastle United-Wolverhampton Wanderers,Newcastle United,Dan Burn,1,2025,28809,2025-09-13 14:00:00,641659,86,7382,736873,Kieran Trippier,0.024346500635147095,0.9080000305175782,0.5379999923706055,27,,From Corner,Blocked Shot
ENG-Premier League,2526,2025-09-13 Newcastle United-Wolverhampton Wanderers,Newcastle United,Harvey Barnes,1,2025,28809,2025-09-13 14:00:00,641655,86,6681,,,0.03400454670190811,0.78,0.5029999923706054,12,Right Foot,Open Play,Missed Shot
ENG-Premier League,2526,2025-09-13 Newcastle United-Wolverhampton Wanderers,Newcastle United,Harvey Barnes,1,2025,28809,2025-09-13 14:00:00,641661,86,6681,736873,Kieran Trippier,0.032908760011196136,0.8330000305175781,0.7419999694824219,36,Right Foot,Open Play,Blocked Shot
ENG-Premier League,2526,2025-09-13 Newcastle United-Wolverhampton Wanderers,Newcastle United,Harvey Barnes,1,2025,28809,2025-09-13 14:00:00,641669,86,6681,736878,Bruno Guimarães,0.032171860337257385,0.79,0.6090000152587891,73,Right Foot,Open Play,Missed Shot
ENG-Premier League,2526,2025-09-13 Newcastle United-Wolverhampton Wanderers,Newcastle United,Jacob Murphy,1,2025,28809,2025-09-13 14:00:00,641652,86,6063,736881,Nick Woltemade,0.017971137538552284,0.76,0.3820000076293945,4,Left Foot,Open Play,Missed Shot
ENG-Premier League,2526,2025-09-13 Newcastle United-Wolverhampton Wanderers,Newcastle United,Jacob Murphy,1,2025,28809,2025-09-13 14:00:00,641654,86,6063,736877,Joelinton,0.6109824776649475,0.955,0.485,12,Left Foot,Open Play,Saved Shot
ENG-Premier League,2526,2025-09-13 Newcastle United-Wolverhampton Wanderers,Newcastle United,Jacob Murphy,1,2025,28809,2025-09-13 14:00:00,641664,86,6063,736873,Kieran Trippier,0.030443387106060982,0.7619999694824219,0.3890000152587891,42,Right Foot,Open Play,Missed Shot
ENG-Premier League,2526,2025-09-13 Newcastle United-Wolverhampton Wanderers,Newcastle United,Jacob Murphy,1,2025,28809,2025-09-13 14:00:00,641665,86,6063,,,0.03931630030274391,0.7659999847412109,0.47400001525878904,48,Left Foot,Open Play,Blocked Shot
ENG-Premier League,2526,2025-09-13 Newcastle United-Wolverhampton Wanderers,Newcastle United,Joe Willock,1,2025,28809,2025-09-13 14:00:00,641670,86,6630,736874,Fabian Schär,0.05826233699917793,0.88,0.37,84,Left Foot,Set Piece,Missed Shot
ENG-Premier League,2526,2025-09-13 Newcastle United-Wolverhampton Wanderers,Newcastle United,Nick Woltemade,1,2025,28809,2025-09-13 14:00:00,641656,86,8117,736873,Kieran Trippier,0.048371315002441406,0.925,0.5309999847412109,15,,From Corner,Missed Shot
ENG-Premier League,2526,2025-09-13 Newcastle United-Wolverhampton Wanderers,Newcastle United,Nick Woltemade,1,2025,28809,2025-09-13 14:00:00,641658,86,8117,736878,Bruno Guimarães,0.02996467426419258,0.860999984741211,0.34,24,Right Foot,Open Play,Blocked Shot
ENG-Premier League,2526,2025-09-13 Newcastle United-Wolverhampton Wanderers,Newcastle United,Nick Woltemade,1,2025,28809,2025-09-13 14:00:00,641660,86,8117,736880,Jacob Murphy,0.08534660935401917,0.9459999847412109,0.55,29,,Open Play,Goal
ENG-Premier League,2526,2025-09-13 Newcastle United-Wolverhampton Wanderers,Newcastle United,Sandro Tonali,1,2025,28809,2025-09-13 14:00:00,641666,86,7958,,,0.03023167885839939,0.774000015258789,0.4929999923706055,49,Left Foot,Open Play,Shot On Post
ENG-Premier League,2526,2025-09-13 Newcastle United-Wolverhampton Wanderers,Newcastle United,Sandro Tonali,1,2025,28809,2025-09-13 14:00:00,641668,86,7958,,,0.022709323093295097,0.830999984741211,0.48900001525878906,49,Right Foot,From Corner,Saved Shot
ENG-Premier League,2526,2025-09-13 Newcastle United-Wolverhampton Wanderers,Newcastle United,Sandro Tonali,1,2025,28809,2025-09-13 14:00:00,641667,86,7958,736873,Kieran Trippier,0.035368550568819046,0.85,0.3659999847412109,50,Right Foot,From Corner,Saved Shot
ENG-Premier League,2526,2025-09-13 Newcastle United-Wolverhampton Wanderers,Wolverhampton Wanderers,Hee-Chan Hwang,1,2025,28809,2025-09-13 14:00:00,641651,229,8845,,,0.04107072204351425,0.8569999694824219,0.6409999847412109,0,Left Foot,From Corner,Saved Shot
ENG-Premier League,2526,2025-09-13 Newcastle United-Wolverhampton Wanderers,Wolverhampton Wanderers,Hee-Chan Hwang,1,2025,28809,2025-09-13 14:00:00,641662,229,8845,736894,João Gomes,0.05461355298757553,0.9590000152587891,0.3970000076293945,38,,Open Play,Missed Shot
ENG-Premier League,2526,2025-09-13 Newcastle United-Wolverhampton Wanderers,Wolverhampton Wanderers,Jean-Ricner Bellegarde,1,2025,28809,2025-09-13 14:00:00,641671,229,7762,,,0.051015447825193405,0.7480000305175781,0.3579999923706055,88,Right Foot,Direct Freekick,Blocked Shot
ENG-Premier League,2526,2025-09-13 Newcastle United-Wolverhampton Wanderers,Wolverhampton Wanderers,Jhon Arias,1,2025,28809,2025-09-13 14:00:00,641672,229,13741,736902,Fernando López,0.062919020652771,0.9390000152587891,0.325,90,Right Foot,Open Play,Blocked Shot
ENG-Premier League,2526,2025-09-13 Newcastle United-Wolverhampton Wanderers,Wolverhampton Wanderers,Rodrigo Gomes,1,2025,28809,2025-09-13 14:00:00,641650,229,12756,,,0.01985236071050167,0.8830000305175781,0.6819999694824219,0,Right Foot,Open Play,Saved Shot
ENG-Premier League,2526,2025-09-13 Newcastle United-Wolverhampton Wanderers,Wolverhampton Wanderers,Rodrigo Gomes,1,2025,28809,2025-09-13 14:00:00,641653,229,12756,736895,Ladislav Krejcí,0.07214269042015076,0.9019999694824219,0.675,10,Right Foot,Open Play,Missed Shot
ENG-Premier League,2526,2025-09-13 Newcastle United-Wolverhampton Wanderers,Wolverhampton Wanderers,Rodrigo Gomes,1,2025,28809,2025-09-13 14:00:00,641663,229,12756,736891,Hugo Bueno,0.06368297338485718,0.9119999694824219,0.44,40,,Open Play,Missed Shot
ENG-Premier League,2526,2025-09-13 Newcastle United-Wolverhampton Wanderers,Wolverhampton Wanderers,Toti,1,2025,28809,2025-09-13 14:00:00,641657,229,10293,736891,Hugo Bueno,0.010645215399563313,0.915,0.6509999847412109,18,,From Corner,Saved Shot
ENG-Premier League,2526,2025-09-13 West Ham-Tottenham,Tottenham,Cristian Romero,1,2025,28814,2025-09-13 16:30:00,641895,82,7218,737163,Micky van de Ven,0.10526277869939804,0.945,0.415,42,Left Foot,From Corner,Saved Shot
ENG-Premier League,2526,2025-09-13 West Ham-Tottenham,Tottenham,João Palhinha,1,2025,28814,2025-09-13 16:30:00,641903,82,10715,737168,Mohammed Kudus,0.029265418648719788,0.975999984741211,0.415,59,,From Corner,Missed Shot
ENG-Premier League,2526,2025-09-13 West Ham-Tottenham,Tottenham,João Palhinha,1,2025,28814,2025-09-13 16:30:00,641907,82,10715,737174,Iyenoma Destiny Udogie,0.028478236868977547,0.7880000305175782,0.63,73,Right Foot,Open Play,Blocked Shot
ENG-Premier League,2526,2025-09-13 West Ham-Tottenham,Tottenham,João Palhinha,1,2025,28814,2025-09-13 16:30:00,641910,82,10715,737168,Mohammed Kudus,0.05041293799877167,0.9640000152587891,0.3990000152587891,94,,From Corner,Missed Shot
ENG-Premier League,2526,2025-09-13 West Ham-Tottenham,Tottenham,Lucas Bergvall,1,2025,28814,2025-09-13 16:30:00,641902,82,12912,737162,Cristian Romero,0.21987707912921906,0.9080000305175782,0.5709999847412109,56,,Open Play,Goal
ENG-Premier League,2526,2025-09-13 West Ham-Tottenham,Tottenham,Mathys Tel,1,2025,28814,2025-09-13 16:30:00,641900,82,9780,,,0.022355901077389717,0.769000015258789,0.705999984741211,50,Right Foot,Open Play,Blocked Shot
ENG-Premier League,2526,2025-09-13 West Ham-Tottenham,Tottenham,Micky van de Ven,1,2025,28814,2025-09-13 16:30:00,641904,82,10050,737167,Lucas Bergvall,0.06834226846694946,0.8819999694824219,0.45299999237060545,63,Right Foot,From Corner,Goal
ENG-Premier League,2526,2025-09-13 West Ham-Tottenham,Tottenham,Mohammed Kudus,1,2025,28814,2025-09-13 16:30:00,641890,82,12027,,,0.03891247138381004,0.8490000152587891,0.315,0,Right Foot,Open Play,Blocked Shot
ENG-Premier League,2526,2025-09-13 West Ham-Tottenham,Tottenham,Mohammed Kudus,1,2025,28814,2025-09-13 16:30:00,641905,82,12027,,,0.05813427269458771,0.8119999694824219,0.47900001525878905,66,Left Foot,Open Play,Missed Shot
ENG-Premier League,2526,2025-09-13 West Ham-Tottenham,Tottenham,Mohammed Kudus,1,2025,28814,2025-09-13 16:30:00,641908,82,12027,737161,Pedro Porro,0.4398770332336426,0.9180000305175782,0.47,90,Right Foot,Open Play,Saved Shot
ENG-Premier League,2526,2025-09-13 West Ham-Tottenham,Tottenham,Mohammed Kudus,1,2025,28814,2025-09-13 16:30:00,641909,82,12027,737172,Richarlison,0.12657597661018372,0.9180000305175782,0.5570000076293945,92,Left Foot,Open Play,Blocked Shot
ENG-Premier League,2526,2025-09-13 West Ham-Tottenham,Tottenham,Pape Sarr,1,2025,28814,2025-09-13 16:30:00,641894,82,9021,737161,Pedro Porro,0.07163672894239426,0.9640000152587891,0.44299999237060544,37,,From Corner,Blocked Shot
ENG-Premier League,2526,2025-09-13 West Ham-Tottenham,Tottenham,Pape Sarr,1,2025,28814,2025-09-13 16:30:00,641897,82,9021,737170,Xavi Simons,0.23158390820026398,0.9740000152587891,0.41700000762939454,46,,From Corner,Goal
ENG-Premier League,2526,2025-09-13 West Ham-Tottenham,Tottenham,Xavi Simons,1,2025,28814,2025-09-13 16:30:00,641892,82,8700,737162,Cristian Romero,0.02330196090042591,0.7819999694824219,0.634000015258789,17,Right Foot,Open Play,Missed Shot
ENG-Premier League,2526,2025-09-13 West Ham-Tottenham,West Ham,El Hadji Malick Diouf,1,2025,28814,2025-09-13 16:30:00,641899,81,13723,,,0.03183525800704956,0.8480000305175781,0.534000015258789,49,,From Corner,Saved Shot
ENG-Premier League,2526,2025-09-13 West Ham-Tottenham,West Ham,Jarrod Bowen,1,2025,28814,2025-09-13 16:30:00,641896,81,1776,737155,Lucas Paquetá,0.01826786994934082,0.74,0.505,45,Left Foot,Open Play,Missed Shot
ENG-Premier League,2526,2025-09-13 West Ham-Tottenham,West Ham,Jarrod Bowen,1,2025,28814,2025-09-13 16:30:00,641898,81,1776,737153,Mateus Fernandes,0.05773388221859932,0.8490000152587891,0.519000015258789,48,Left Foot,Open Play,Saved Shot
ENG-Premier League,2526,2025-09-13 West Ham-Tottenham,West Ham,Jarrod Bowen,1,2025,28814,2025-09-13 16:30:00,641906,81,1776,737146,Kyle Walker-Peters,0.04995102062821388,0.8859999847412109,0.28299999237060547,68,Left Foot,Open Play,Saved Shot
ENG-Premier League,2526,2025-09-13 West Ham-Tottenham,West Ham,Lucas Paquetá,1,2025,28814,2025-09-13 16:30:00,641891,81,7365,737153,Mateus Fernandes,0.13077595829963684,0.9,0.5359999847412109,13,Left Foot,Open Play,Missed Shot
ENG-Premier League,2526,2025-09-13 West Ham-Tottenham,West Ham,Max Kilman,1,2025,28814,2025-09-13 16:30:00,641901,81,7332,737151,James Ward-Prowse,0.4949305057525635,0.9640000152587891,0.55,52,,Set Piece,Missed Shot
ENG-Premier League,2526,2025-09-13 West Ham-Tottenham,West Ham,Tomas Soucek,1,2025,28814,2025-09-13 16:30:00,641893,81,8288,737151,James Ward-Prowse,0.009753167629241943,0.955,0.3189999961853027,21,,From Corner,Saved Shot
ENG-Premier League,2526,2025-09-14 Burnley-Liverpool,Burnley,Hjalmar Ekdal,1,2025,28816,2025-09-14 13:00:00,642145,92,11704,737467,Quilindschy Hartman,0.007637503556907177,0.879000015258789,0.3629999923706055,33,,Set Piece,Missed Shot
ENG-Premier League,2526,2025-09-14 Burnley-Liverpool,Burnley,Jaidon Anthony,1,2025,28816,2025-09-14 13:00:00,642138,92,10746,737468,Loum Tchaouna,0.14699222147464752,0.81,0.515,6,Right Foot,Open Play,Missed Shot
ENG-Premier League,2526,2025-09-14 Burnley-Liverpool,Burnley,Josh Laurent,1,2025,28816,2025-09-14 13:00:00,642159,92,13728,,,0.013411472551524639,0.764000015258789,0.355,73,Right Foot,Set Piece,Missed Shot
ENG-Premier League,2526,2025-09-14 Burnley-Liverpool,Liverpool,Andrew Robertson,1,2025,28816,2025-09-14 13:00:00,642146,87,1688,737483,Ryan Gravenberch,0.15037815272808075,0.865,0.5979999923706054,38,Left Foot,Open Play,Saved Shot
ENG-Premier League,2526,2025-09-14 Burnley-Liverpool,Liverpool,Cody Gakpo,1,2025,28816,2025-09-14 13:00:00,642137,87,11296,737481,Milos Kerkez,0.023823529481887817,0.795,0.705999984741211,4,Right Foot,Open Play,Missed Shot
ENG-Premier League,2526,2025-09-14 Burnley-Liverpool,Liverpool,Cody Gakpo,1,2025,28816,2025-09-14 13:00:00,642142,87,11296,737485,Florian Wirtz,0.05158913508057594,0.8690000152587891,0.685,23,Right Foot,Open Play,Blocked Shot
ENG-Premier League,2526,2025-09-14 Burnley-Liverpool,Liverpool,Cody Gakpo,1,2025,28816,2025-09-14 13:00:00,642148,87,11296,737490,Andrew Robertson,0.022505223751068115,0.7830000305175782,0.7040000152587891,41,Right Foot,Open Play,Blocked Shot
ENG-Premier League,2526,2025-09-14 Burnley-Liverpool,Liverpool,Cody Gakpo,1,2025,28816,2025-09-14 13:00:00,642162,87,11296,737485,Florian Wirtz,0.060515519231557846,0.925,0.4209999847412109,79,,From Corner,Missed Shot
ENG-Premier League,2526,2025-09-14 Burnley-Liverpool,Liverpool,Cody Gakpo,1,2025,28816,2025-09-14 13:00:00,642164,87,11296,737490,Andrew Robertson,0.05777569115161896,0.905,0.4929999923706055,91,,Open Play,Missed Shot
ENG-Premier League,2526,2025-09-14 Burnley-Liverpool,Liverpool,Conor Bradley,1,2025,28816,2025-09-14 13:00:00,642150,87,10120,737490,Andrew Robertson,0.01457576360553503,0.87,0.4490000152587891,48,,Open Play,Blocked Shot
ENG-Premier League,2526,2025-09-14 Burnley-Liverpool,Liverpool,Dominik Szoboszlai,1,2025,28816,2025-09-14 13:00:00,642144,87,9788,,,0.014150264672935009,0.7819999694824219,0.2929999923706055,30,Right Foot,Open Play,Blocked Shot
ENG-Premier League,2526,2025-09-14 Burnley-Liverpool,Liverpool,Dominik Szoboszlai,1,2025,28816,2025-09-14 13:00:00,642153,87,9788,,,0.039645060896873474,0.8440000152587891,0.355,57,Right Foot,Open Play,Blocked Shot
ENG-Premier League,2526,2025-09-14 Burnley-Liverpool,Liverpool,Dominik Szoboszlai,1,2025,28816,2025-09-14 13:00:00,642154,87,9788,737483,Ryan Gravenberch,0.015561393462121487,0.7090000152587891,0.500999984741211,58,Right Foot,Open Play,Saved Shot
ENG-Premier League,2526,2025-09-14 Burnley-Liverpool,Liverpool,Dominik Szoboszlai,1,2025,28816,2025-09-14 13:00:00,642157,87,9788,737485,Florian Wirtz,0.034806348383426666,0.7909999847412109,0.4829999923706055,66,Right Foot,Open Play,Blocked Shot
ENG-Premier League,2526,2025-09-14 Burnley-Liverpool,Liverpool,Dominik Szoboszlai,1,2025,28816,2025-09-14 13:00:00,642160,87,9788,737484,Mohamed Salah,0.02073691412806511,0.7819999694824219,0.325,74,Left Foot,Open Play,Missed Shot
ENG-Premier League,2526,2025-09-14 Burnley-Liverpool,Liverpool,Dominik Szoboszlai,1,2025,28816,2025-09-14 13:00:00,642163,87,9788,,,0.06967753171920776,0.7730000305175782,0.375,86,Right Foot,Direct Freekick,Missed Shot
ENG-Premier League,2526,2025-09-14 Burnley-Liverpool,Liverpool,Federico Chiesa,1,2025,28816,2025-09-14 13:00:00,642158,87,1433,737490,Andrew Robertson,0.23407764732837677,0.9,0.47200000762939454,71,,Open Play,Missed Shot
ENG-Premier League,2526,2025-09-14 Burnley-Liverpool,Liverpool,Florian Wirtz,1,2025,28816,2025-09-14 13:00:00,642141,87,8397,737483,Ryan Gravenberch,0.05145777389407158,0.8069999694824219,0.445,21,Right Foot,Open Play,Blocked Shot
ENG-Premier League,2526,2025-09-14 Burnley-Liverpool,Liverpool,Florian Wirtz,1,2025,28816,2025-09-14 13:00:00,642151,87,8397,737490,Andrew Robertson,0.08190401643514633,0.8669999694824219,0.6220000076293946,54,Right Foot,Open Play,Missed Shot
ENG-Premier League,2526,2025-09-14 Burnley-Liverpool,Liverpool,Florian Wirtz,1,2025,28816,2025-09-14 13:00:00,642155,87,8397,737486,Cody Gakpo,0.02584098093211651,0.7909999847412109,0.6220000076293946,61,Right Foot,Open Play,Blocked Shot
ENG-Premier League,2526,2025-09-14 Burnley-Liverpool,Liverpool,Hugo Ekitike,1,2025,28816,2025-09-14 13:00:00,642147,87,8995,737483,Ryan Gravenberch,0.05306900292634964,0.970999984741211,0.664000015258789,39,Right Foot,Open Play,Missed Shot
ENG-Premier League,2526,2025-09-14 Burnley-Liverpool,Liverpool,Hugo Ekitike,1,2025,28816,2025-09-14 13:00:00,642152,87,8995,737485,Florian Wirtz,0.06180001422762871,0.8080000305175781,0.5079999923706054,57,Right Foot,Open Play,Blocked Shot
ENG-Premier League,2526,2025-09-14 Burnley-Liverpool,Liverpool,Ibrahima Konaté,1,2025,28816,2025-09-14 13:00:00,642140,87,6326,737486,Cody Gakpo,0.6393164992332458,0.98,0.5220000076293946,11,,From Corner,Missed Shot
ENG-Premier League,2526,2025-09-14 Burnley-Liverpool,Liverpool,Jeremie Frimpong,1,2025,28816,2025-09-14 13:00:00,642165,87,9328,737492,Rio Ngumoha,0.0795217901468277,0.9019999694824219,0.34,92,Right Foot,Open Play,Saved Shot
ENG-Premier League,2526,2025-09-14 Burnley-Liverpool,Liverpool,Milos Kerkez,1,2025,28816,2025-09-14 13:00:00,642139,87,11709,737479,Ibrahima Konaté,0.0987921804189682,0.924000015258789,0.544000015258789,8,Right Foot,From Corner,Missed Shot
ENG-Premier League,2526,2025-09-14 Burnley-Liverpool,Liverpool,Mohamed Salah,1,2025,28816,2025-09-14 13:00:00,642166,87,1250,,,0.7611688375473022,0.885,0.5,94,Left Foot,,Goal
ENG-Premier League,2526,2025-09-14 Burnley-Liverpool,Liverpool,Ryan Gravenberch,1,2025,28816,2025-09-14 13:00:00,642143,87,10697,,,0.04411753639578819,0.8030000305175782,0.5459999847412109,30,Right Foot,Open Play,Blocked Shot
ENG-Premier League,2526,2025-09-14 Burnley-Liverpool,Liverpool,Ryan Gravenberch,1,2025,28816,2025-09-14 13:00:00,642149,87,10697,,,0.05093751102685928,0.8569999694824219,0.605999984741211,47,Right Foot,From Corner,Missed Shot
ENG-Premier League,2526,2025-09-14 Burnley-Liverpool,Liverpool,Ryan Gravenberch,1,2025,28816,2025-09-14 13:00:00,642156,87,10697,737480,Virgil van Dijk,0.01874399557709694,0.7130000305175781,0.58,65,Right Foot,Open Play,Blocked Shot
ENG-Premier League,2526,2025-09-14 Burnley-Liverpool,Liverpool,Ryan Gravenberch,1,2025,28816,2025-09-14 13:00:00,642161,87,10697,737479,Ibrahima Konaté,0.02150971256196499,0.8030000305175782,0.3220000076293945,79,Right Foot,Open Play,Blocked Shot
ENG-Premier League,2526,2025-09-14 Manchester City-Manchester United,Manchester City,Bernardo Silva,1,2025,28817,2025-09-14 15:30:00,642431,88,3635,,,0.06499067693948746,0.9490000152587891,0.35,54,Right Foot,Open Play,Missed Shot
ENG-Premier League,2526,2025-09-14 Manchester City-Manchester United,Manchester City,Erling Haaland,1,2025,28817,2025-09-14 15:30:00,642424,88,8260,,,0.03976140543818474,0.9230000305175782,0.7280000305175781,0,Left Foot,Open Play,Missed Shot
ENG-Premier League,2526,2025-09-14 Manchester City-Manchester United,Manchester City,Erling Haaland,1,2025,28817,2025-09-14 15:30:00,642429,88,8260,737817,Jéremy Doku,0.33433863520622253,0.93,0.64,52,Left Foot,Open Play,Goal
ENG-Premier League,2526,2025-09-14 Manchester City-Manchester United,Manchester City,Erling Haaland,1,2025,28817,2025-09-14 15:30:00,642430,88,8260,737817,Jéremy Doku,0.24343574047088623,0.950999984741211,0.575999984741211,54,Left Foot,Open Play,Shot On Post
ENG-Premier League,2526,2025-09-14 Manchester City-Manchester United,Manchester City,Erling Haaland,1,2025,28817,2025-09-14 15:30:00,642433,88,8260,737814,Bernardo Silva,0.13467881083488464,0.8980000305175782,0.44799999237060545,63,Left Foot,Open Play,Saved Shot
ENG-Premier League,2526,2025-09-14 Manchester City-Manchester United,Manchester City,Erling Haaland,1,2025,28817,2025-09-14 15:30:00,642434,88,8260,737814,Bernardo Silva,0.4635861814022064,0.860999984741211,0.3890000152587891,67,Left Foot,Open Play,Goal
ENG-Premier League,2526,2025-09-14 Manchester City-Manchester United,Manchester City,Nico O&#039;Reilly,1,2025,28817,2025-09-14 15:30:00,642428,88,11592,737815,Tijjani Reijnders,0.05417587235569954,0.8,0.5770000076293945,38,Right Foot,Open Play,Missed Shot
ENG-Premier League,2526,2025-09-14 Manchester City-Manchester United,Manchester City,Phil Foden,1,2025,28817,2025-09-14 15:30:00,642426,88,6055,737817,Jéremy Doku,0.057905472815036774,0.9169999694824219,0.47,17,,Open Play,Goal
ENG-Premier League,2526,2025-09-14 Manchester City-Manchester United,Manchester City,Phil Foden,1,2025,28817,2025-09-14 15:30:00,642448,88,6055,737821,Oscar Bobb,0.12191330641508102,0.87,0.40799999237060547,93,Right Foot,Open Play,Missed Shot
ENG-Premier League,2526,2025-09-14 Manchester City-Manchester United,Manchester City,Tijjani Reijnders,1,2025,28817,2025-09-14 15:30:00,642427,88,11965,737817,Jéremy Doku,0.1384190022945404,0.8959999847412109,0.5420000076293945,23,Right Foot,Open Play,Saved Shot
ENG-Premier League,2526,2025-09-14 Manchester City-Manchester United,Manchester City,Tijjani Reijnders,1,2025,28817,2025-09-14 15:30:00,642437,88,11965,737818,Erling Haaland,0.2935310900211334,0.8959999847412109,0.34799999237060547,74,Right Foot,Open Play,Missed Shot
ENG-Premier League,2526,2025-09-14 Manchester City-Manchester United,Manchester City,Tijjani Reijnders,1,2025,28817,2025-09-14 15:30:00,642445,88,11965,,,0.06633555889129639,0.965,0.6790000152587891,90,Left Foot,Open Play,Missed Shot
ENG-Premier League,2526,2025-09-14 Manchester City-Manchester United,Manchester United,Amad Diallo Traore,1,2025,28817,2025-09-14 15:30:00,642435,89,8127,737828,Patrick Dorgu,0.03941400349140167,0.935,0.3370000076293945,72,Left Foot,Open Play,Blocked Shot
ENG-Premier League,2526,2025-09-14 Manchester City-Manchester United,Manchester United,Amad Diallo Traore,1,2025,28817,2025-09-14 15:30:00,642440,89,8127,737829,Bruno Fernandes,0.03871883079409599,0.9459999847412109,0.3129999923706055,83,Right Foot,Open Play,Missed Shot
ENG-Premier League,2526,2025-09-14 Manchester City-Manchester United,Manchester United,Benjamin Sesko,1,2025,28817,2025-09-14 15:30:00,642425,89,11974,,,0.03495940566062927,0.7769999694824219,0.5129999923706055,3,Left Foot,Open Play,Saved Shot
ENG-Premier League,2526,2025-09-14 Manchester City-Manchester United,Manchester United,Bruno Fernandes,1,2025,28817,2025-09-14 15:30:00,642442,89,1228,,,0.01749836467206478,0.8140000152587891,0.6120000076293945,84,Left Foot,From Corner,Missed Shot
ENG-Premier League,2526,2025-09-14 Manchester City-Manchester United,Manchester United,Bryan Mbeumo,1,2025,28817,2025-09-14 15:30:00,642432,89,6552,737828,Patrick Dorgu,0.022772084921598434,0.8869999694824219,0.3160000038146973,60,Left Foot,Open Play,Saved Shot
ENG-Premier League,2526,2025-09-14 Manchester City-Manchester United,Manchester United,Bryan Mbeumo,1,2025,28817,2025-09-14 15:30:00,642438,89,6552,737828,Patrick Dorgu,0.03856297954916954,0.9480000305175781,0.34200000762939453,79,Right Foot,Open Play,Missed Shot
ENG-Premier League,2526,2025-09-14 Manchester City-Manchester United,Manchester United,Bryan Mbeumo,1,2025,28817,2025-09-14 15:30:00,642439,89,6552,737836,Kobbie Mainoo,0.012711523100733757,0.7609999847412109,0.355,81,Left Foot,Open Play,Missed Shot
ENG-Premier League,2526,2025-09-14 Manchester City-Manchester United,Manchester United,Bryan Mbeumo,1,2025,28817,2025-09-14 15:30:00,642441,89,6552,737832,Amad Diallo Traore,0.6350149512290955,0.9669999694824218,0.4540000152587891,83,Left Foot,Open Play,Missed Shot
ENG-Premier League,2526,2025-09-14 Manchester City-Manchester United,Manchester United,Casemiro,1,2025,28817,2025-09-14 15:30:00,642443,89,2248,737829,Bruno Fernandes,0.4507070779800415,0.9690000152587891,0.41900001525878905,84,Right Foot,From Corner,Missed Shot
ENG-Premier League,2526,2025-09-14 Manchester City-Manchester United,Manchester United,Casemiro,1,2025,28817,2025-09-14 15:30:00,642446,89,2248,737832,Amad Diallo Traore,0.015268869698047638,0.74,0.4929999923706055,91,Right Foot,Open Play,Blocked Shot
ENG-Premier League,2526,2025-09-14 Manchester City-Manchester United,Manchester United,Manuel Ugarte,1,2025,28817,2025-09-14 15:30:00,642436,89,11766,737836,Kobbie Mainoo,0.016685636714100838,0.7469999694824219,0.51,72,Right Foot,Open Play,Missed Shot
ENG-Premier League,2526,2025-09-14 Manchester City-Manchester United,Manchester United,Patrick Dorgu,1,2025,28817,2025-09-14 15:30:00,642444,89,11944,,,0.1686217337846756,0.879000015258789,0.590999984741211,85,Right Foot,Open Play,Missed Shot
ENG-Premier League,2526,2025-09-14 Manchester City-Manchester United,Manchester United,Patrick Dorgu,1,2025,28817,2025-09-14 15:30:00,642447,89,11944,737829,Bruno Fernandes,0.06068973243236542,0.925,0.5670000076293945,92,,Open Play,Missed Shot
ENG-Premier League,2526,2025-09-20 Brighton-Tottenham,Brighton,Brajan Gruda,1,2025,28821,2025-09-20 14:00:00,643111,220,11310,738622,Yankuba Minteh,0.03572119399905205,0.775,0.395,26,Left Foot,Open Play,Missed Shot
ENG-Premier League,2526,2025-09-20 Brighton-Tottenham,Brighton,Danny Welbeck,1,2025,28821,2025-09-20 14:00:00,643128,220,501,738629,James Milner,0.14432482421398163,0.874000015258789,0.6120000076293945,83,Left Foot,Open Play,Blocked Shot
ENG-Premier League,2526,2025-09-20 Brighton-Tottenham,Brighton,Diego Gómez,1,2025,28821,2025-09-20 14:00:00,643123,220,13364,738621,Yasin Ayari,0.027654215693473816,0.639000015258789,0.3679999923706055,75,Right Foot,Open Play,Missed Shot
ENG-Premier League,2526,2025-09-20 Brighton-Tottenham,Brighton,Ferdi Kadioglu,1,2025,28821,2025-09-20 14:00:00,643125,220,13066,738624,Kaoru Mitoma,0.07813909649848938,0.960999984741211,0.675,79,Right Foot,Open Play,Missed Shot
ENG-Premier League,2526,2025-09-20 Brighton-Tottenham,Brighton,Jan Paul van Hecke,1,2025,28821,2025-09-20 14:00:00,643127,220,10807,,,0.0,0.07300000190734864,0.4979999923706055,81,Right Foot,Open Play,Own Goal
ENG-Premier League,2526,2025-09-20 Brighton-Tottenham,Brighton,Kaoru Mitoma,1,2025,28821,2025-09-20 14:00:00,643124,220,10806,738619,Ferdi Kadioglu,0.21523454785346985,0.9009999847412109,0.6480000305175782,78,Right Foot,Open Play,Saved Shot
ENG-Premier League,2526,2025-09-20 Brighton-Tottenham,Brighton,Lewis Dunk,1,2025,28821,2025-09-20 14:00:00,643118,220,6048,,,0.015729200094938278,0.43900001525878907,0.915,58,Right Foot,Direct Freekick,Missed Shot
ENG-Premier League,2526,2025-09-20 Brighton-Tottenham,Brighton,Yankuba Minteh,1,2025,28821,2025-09-20 14:00:00,643108,220,12759,738625,Georginio Rutter,0.6801360845565796,0.970999984741211,0.40700000762939453,7,Left Foot,Open Play,Goal
ENG-Premier League,2526,2025-09-20 Brighton-Tottenham,Brighton,Yasin Ayari,1,2025,28821,2025-09-20 14:00:00,643110,220,11385,738623,Brajan Gruda,0.029110973700881004,0.7530000305175781,0.4470000076293945,26,Right Foot,Open Play,Saved Shot
ENG-Premier League,2526,2025-09-20 Brighton-Tottenham,Brighton,Yasin Ayari,1,2025,28821,2025-09-20 14:00:00,643113,220,11385,,,0.016534868627786636,0.7680000305175781,0.7709999847412109,30,Right Foot,Open Play,Goal
ENG-Premier League,2526,2025-09-20 Brighton-Tottenham,Brighton,Yasin Ayari,1,2025,28821,2025-09-20 14:00:00,643119,220,11385,738625,Georginio Rutter,0.041304536163806915,0.7909999847412109,0.5509999847412109,61,Right Foot,Open Play,Missed Shot
ENG-Premier League,2526,2025-09-20 Brighton-Tottenham,Brighton,Yasin Ayari,1,2025,28821,2025-09-20 14:00:00,643129,220,11385,738628,Diego Gómez,0.08411257714033127,0.8819999694824219,0.48900001525878906,86,Right Foot,Open Play,Missed Shot
ENG-Premier League,2526,2025-09-20 Brighton-Tottenham,Brighton,Yasin Ayari,1,2025,28821,2025-09-20 14:00:00,643130,220,11385,,,0.03666158393025398,0.8119999694824219,0.519000015258789,87,Right Foot,From Corner,Missed Shot
ENG-Premier League,2526,2025-09-20 Brighton-Tottenham,Tottenham,Mohammed Kudus,1,2025,28821,2025-09-20 14:00:00,643116,82,12027,738638,Rodrigo Bentancur,0.09663721919059753,0.87,0.415,42,Left Foot,Open Play,Missed Shot
ENG-Premier League,2526,2025-09-20 Brighton-Tottenham,Tottenham,Mohammed Kudus,1,2025,28821,2025-09-20 14:00:00,643131,82,12027,738644,Archie Gray,0.019953982904553413,0.764000015258789,0.27299999237060546,93,Left Foot,Open Play,Blocked Shot
ENG-Premier League,2526,2025-09-20 Brighton-Tottenham,Tottenham,Richarlison,1,2025,28821,2025-09-20 14:00:00,643109,82,6026,738632,Pedro Porro,0.056550201028585434,0.9359999847412109,0.6580000305175782,24,Left Foot,Open Play,Missed Shot
ENG-Premier League,2526,2025-09-20 Brighton-Tottenham,Tottenham,Richarlison,1,2025,28821,2025-09-20 14:00:00,643114,82,6026,738638,Rodrigo Bentancur,0.11073101311922073,0.9130000305175782,0.61,40,Left Foot,Open Play,Blocked Shot
ENG-Premier League,2526,2025-09-20 Brighton-Tottenham,Tottenham,Richarlison,1,2025,28821,2025-09-20 14:00:00,643115,82,6026,738632,Pedro Porro,0.023174528032541275,0.9309999847412109,0.41900001525878905,41,,From Corner,Missed Shot
ENG-Premier League,2526,2025-09-20 Brighton-Tottenham,Tottenham,Richarlison,1,2025,28821,2025-09-20 14:00:00,643117,82,6026,738639,Mohammed Kudus,0.650574803352356,0.955,0.4909999847412109,42,Right Foot,Open Play,Goal
ENG-Premier League,2526,2025-09-20 Brighton-Tottenham,Tottenham,Richarlison,1,2025,28821,2025-09-20 14:00:00,643126,82,6026,738642,Xavi Simons,0.07350193709135056,0.874000015258789,0.6919999694824219,80,Right Foot,Open Play,Saved Shot
ENG-Premier League,2526,2025-09-20 Brighton-Tottenham,Tottenham,Wilson Odobert,1,2025,28821,2025-09-20 14:00:00,643112,82,10822,,,0.0659448653459549,0.904000015258789,0.6179999923706054,27,Right Foot,Open Play,Missed Shot
ENG-Premier League,2526,2025-09-20 Brighton-Tottenham,Tottenham,Xavi Simons,1,2025,28821,2025-09-20 14:00:00,643120,82,8700,738640,Richarlison,0.03264937177300453,0.8169999694824219,0.615,63,Right Foot,Open Play,Missed Shot
ENG-Premier League,2526,2025-09-20 Brighton-Tottenham,Tottenham,Xavi Simons,1,2025,28821,2025-09-20 14:00:00,643121,82,8700,738635,Iyenoma Destiny Udogie,0.06090184673666954,0.865,0.655,67,Right Foot,Open Play,Saved Shot
ENG-Premier League,2526,2025-09-20 Brighton-Tottenham,Tottenham,Xavi Simons,1,2025,28821,2025-09-20 14:00:00,643122,82,8700,738639,Mohammed Kudus,0.06405803561210632,0.8519999694824218,0.4809999847412109,69,Right Foot,Open Play,Missed Shot
ENG-Premier League,2526,2025-09-20 Burnley-Nottingham Forest,Burnley,Hjalmar Ekdal,1,2025,28822,2025-09-20 14:00:00,643152,92,11704,738651,Quilindschy Hartman,0.05270278826355934,0.9219999694824219,0.48700000762939455,74,,From Corner,Missed Shot
ENG-Premier League,2526,2025-09-20 Burnley-Nottingham Forest,Burnley,Hjalmar Ekdal,1,2025,28822,2025-09-20 14:00:00,643159,92,11704,,,0.3998783230781555,0.955999984741211,0.3840000152587891,92,Right Foot,Set Piece,Saved Shot
ENG-Premier League,2526,2025-09-20 Burnley-Nottingham Forest,Burnley,Jaidon Anthony,1,2025,28822,2025-09-20 14:00:00,643138,92,10746,738656,Lyle Foster,0.2772907614707947,0.93,0.6090000152587891,19,Left Foot,Open Play,Goal
ENG-Premier League,2526,2025-09-20 Burnley-Nottingham Forest,Burnley,Jaidon Anthony,1,2025,28822,2025-09-20 14:00:00,643147,92,10746,738656,Lyle Foster,0.0993557944893837,0.8619999694824219,0.43599998474121093,45,Right Foot,Open Play,Saved Shot
ENG-Premier League,2526,2025-09-20 Burnley-Nottingham Forest,Burnley,Jaidon Anthony,1,2025,28822,2025-09-20 14:00:00,643149,92,10746,738654,Florentino Luís,0.01673516072332859,0.7830000305175782,0.7319999694824219,57,Right Foot,Open Play,Saved Shot
ENG-Premier League,2526,2025-09-20 Burnley-Nottingham Forest,Burnley,Loum Tchaouna,1,2025,28822,2025-09-20 14:00:00,643137,92,9977,738651,Quilindschy Hartman,0.056749194860458374,0.89,0.46799999237060547,19,,Open Play,Blocked Shot
ENG-Premier League,2526,2025-09-20 Burnley-Nottingham Forest,Burnley,Loum Tchaouna,1,2025,28822,2025-09-20 14:00:00,643144,92,9977,,,0.046683862805366516,0.8,0.225,44,Left Foot,Direct Freekick,Shot On Post
ENG-Premier League,2526,2025-09-20 Burnley-Nottingham Forest,Burnley,Lyle Foster,1,2025,28822,2025-09-20 14:00:00,643146,92,7498,738648,Maxime Estève,0.03489569202065468,0.9209999847412109,0.2929999923706055,44,Right Foot,Set Piece,Blocked Shot
ENG-Premier League,2526,2025-09-20 Burnley-Nottingham Forest,Burnley,Maxime Estève,1,2025,28822,2025-09-20 14:00:00,643145,92,9487,738651,Quilindschy Hartman,0.02126903086900711,0.8930000305175781,0.44599998474121094,44,,Set Piece,Missed Shot
ENG-Premier League,2526,2025-09-20 Burnley-Nottingham Forest,Burnley,Maxime Estève,1,2025,28822,2025-09-20 14:00:00,643150,92,9487,738655,Jaidon Anthony,0.05264423415064812,0.9230000305175782,0.4779999923706055,63,,From Corner,Missed Shot
ENG-Premier League,2526,2025-09-20 Burnley-Nottingham Forest,Burnley,Quilindschy Hartman,1,2025,28822,2025-09-20 14:00:00,643134,92,13727,738654,Florentino Luís,0.00983856525272131,0.7619999694824219,0.7680000305175781,13,Left Foot,Open Play,Saved Shot
ENG-Premier League,2526,2025-09-20 Burnley-Nottingham Forest,Burnley,Zian Flemming,1,2025,28822,2025-09-20 14:00:00,643158,92,13729,738658,Hannibal Mejbri,0.074290931224823,0.9130000305175782,0.4470000076293945,92,Left Foot,Set Piece,Blocked Shot
ENG-Premier League,2526,2025-09-20 Burnley-Nottingham Forest,Nottingham Forest,Arnaud Kalimuendo Muinga,1,2025,28822,2025-09-20 14:00:00,643156,249,8056,,,0.09371966868638992,0.915,0.42700000762939455,82,Right Foot,Open Play,Blocked Shot
ENG-Premier League,2526,2025-09-20 Burnley-Nottingham Forest,Nottingham Forest,Callum Hudson-Odoi,1,2025,28822,2025-09-20 14:00:00,643157,249,6456,738667,Morgan Gibbs-White,0.0160379596054554,0.7430000305175781,0.7519999694824219,91,Right Foot,Open Play,Blocked Shot
ENG-Premier League,2526,2025-09-20 Burnley-Nottingham Forest,Nottingham Forest,Chris Wood,1,2025,28822,2025-09-20 14:00:00,643140,249,4456,738661,Nikola Milenkovic,0.12305343151092529,0.8919999694824219,0.5079999923706054,32,Right Foot,Open Play,Saved Shot
ENG-Premier League,2526,2025-09-20 Burnley-Nottingham Forest,Nottingham Forest,Chris Wood,1,2025,28822,2025-09-20 14:00:00,643148,249,4456,738668,Dan Ndoye,0.10997253656387329,0.95,0.5740000152587891,53,Right Foot,Open Play,Missed Shot
ENG-Premier League,2526,2025-09-20 Burnley-Nottingham Forest,Nottingham Forest,Dilane Bakwa,1,2025,28822,2025-09-20 14:00:00,643136,249,8920,738663,Oleksandr Zinchenko,0.03983639180660248,0.765,0.4809999847412109,17,Left Foot,Open Play,Saved Shot
ENG-Premier League,2526,2025-09-20 Burnley-Nottingham Forest,Nottingham Forest,Dilane Bakwa,1,2025,28822,2025-09-20 14:00:00,643139,249,8920,738667,Morgan Gibbs-White,0.05544506758451462,0.8730000305175781,0.3139999961853027,28,Left Foot,Open Play,Saved Shot
ENG-Premier League,2526,2025-09-20 Burnley-Nottingham Forest,Nottingham Forest,Douglas Luiz,1,2025,28822,2025-09-20 14:00:00,643151,249,6122,738672,Callum Hudson-Odoi,0.023048534989356995,0.8030000305175782,0.7140000152587891,66,Right Foot,Open Play,Blocked Shot
ENG-Premier League,2526,2025-09-20 Burnley-Nottingham Forest,Nottingham Forest,Elliot Anderson,1,2025,28822,2025-09-20 14:00:00,643155,249,9154,738672,Callum Hudson-Odoi,0.05121012032032013,0.8540000152587891,0.6759999847412109,82,Right Foot,Open Play,Blocked Shot
ENG-Premier League,2526,2025-09-20 Burnley-Nottingham Forest,Nottingham Forest,Igor Jesus,1,2025,28822,2025-09-20 14:00:00,643153,249,13778,738665,Elliot Anderson,0.03826466575264931,0.8930000305175781,0.46099998474121096,77,,Open Play,Saved Shot
ENG-Premier League,2526,2025-09-20 Burnley-Nottingham Forest,Nottingham Forest,Morgan Gibbs-White,1,2025,28822,2025-09-20 14:00:00,643143,249,6857,,,0.04042156785726547,0.8059999847412109,0.5890000152587891,39,Right Foot,From Corner,Blocked Shot
ENG-Premier League,2526,2025-09-20 Burnley-Nottingham Forest,Nottingham Forest,Morgan Gibbs-White,1,2025,28822,2025-09-20 14:00:00,643160,249,6857,738670,Igor Jesus,0.07473224401473999,0.88,0.5820000076293945,95,Left Foot,Set Piece,Saved Shot
ENG-Premier League,2526,2025-09-20 Burnley-Nottingham Forest,Nottingham Forest,Neco Williams,1,2025,28822,2025-09-20 14:00:00,643132,249,8204,,,0.06084294989705086,0.875,0.395,1,Right Foot,From Corner,Goal
ENG-Premier League,2526,2025-09-20 Burnley-Nottingham Forest,Nottingham Forest,Neco Williams,1,2025,28822,2025-09-20 14:00:00,643141,249,8204,738664,Douglas Luiz,0.016963817179203033,0.740999984741211,0.30100000381469727,35,Right Foot,Open Play,Missed Shot
ENG-Premier League,2526,2025-09-20 Burnley-Nottingham Forest,Nottingham Forest,Neco Williams,1,2025,28822,2025-09-20 14:00:00,643154,249,8204,738665,Elliot Anderson,0.04752502590417862,0.8569999694824219,0.40400001525878904,80,Right Foot,Open Play,Saved Shot
ENG-Premier League,2526,2025-09-20 Burnley-Nottingham Forest,Nottingham Forest,Oleksandr Zinchenko,1,2025,28822,2025-09-20 14:00:00,643133,249,2958,738669,Chris Wood,0.011339347809553146,0.7119999694824218,0.749000015258789,12,Left Foot,Open Play,Blocked Shot
ENG-Premier League,2526,2025-09-20 Burnley-Nottingham Forest,Nottingham Forest,Oleksandr Zinchenko,1,2025,28822,2025-09-20 14:00:00,643135,249,2958,738666,Dilane Bakwa,0.014094803482294083,0.7040000152587891,0.6730000305175782,16,Left Foot,Set Piece,Saved Shot
ENG-Premier League,2526,2025-09-20 Burnley-Nottingham Forest,Nottingham Forest,Oleksandr Zinchenko,1,2025,28822,2025-09-20 14:00:00,643142,249,2958,,,0.014871579594910145,0.8209999847412109,0.705,39,Left Foot,From Corner,Blocked Shot
ENG-Premier League,2526,2025-09-20 Fulham-Brentford,Brentford,Dango Ouattara,1,2025,28825,2025-09-20 19:00:00,643426,244,9662,,,0.07856263220310211,0.8959999847412109,0.4520000076293945,77,Left Foot,Open Play,Blocked Shot
ENG-Premier League,2526,2025-09-20 Fulham-Brentford,Brentford,Dango Ouattara,1,2025,28825,2025-09-20 19:00:00,643427,244,9662,739016,Yehor Yarmolyuk,0.06301672756671906,0.8540000152587891,0.34799999237060547,82,Left Foot,Open Play,Missed Shot
ENG-Premier League,2526,2025-09-20 Fulham-Brentford,Brentford,Ethan Pinnock,1,2025,28825,2025-09-20 19:00:00,643423,244,9678,,,0.0,0.03,0.5320000076293945,49,,Open Play,Own Goal
ENG-Premier League,2526,2025-09-20 Fulham-Brentford,Brentford,Kevin Schade,1,2025,28825,2025-09-20 19:00:00,643415,244,9156,,,0.08209934085607529,0.9490000152587891,0.33,28,Right Foot,Open Play,Blocked Shot
ENG-Premier League,2526,2025-09-20 Fulham-Brentford,Brentford,Kristoffer Ajer,1,2025,28825,2025-09-20 19:00:00,643428,244,9677,739009,Michael Kayode,0.07351893186569214,0.909000015258789,0.45599998474121095,89,,Open Play,Missed Shot
ENG-Premier League,2526,2025-09-20 Fulham-Brentford,Brentford,Mikkel Damsgaard,1,2025,28825,2025-09-20 19:00:00,643406,244,8859,,,0.07613291591405869,0.8619999694824219,0.4540000152587891,0,Right Foot,Open Play,Blocked Shot
ENG-Premier League,2526,2025-09-20 Fulham-Brentford,Brentford,Mikkel Damsgaard,1,2025,28825,2025-09-20 19:00:00,643414,244,8859,,,0.34177395701408386,0.8490000152587891,0.5379999923706055,19,Right Foot,Open Play,Goal
ENG-Premier League,2526,2025-09-20 Fulham-Brentford,Brentford,Nathan Collins,1,2025,28825,2025-09-20 19:00:00,643422,244,9733,739009,Michael Kayode,0.05109793692827225,0.9619999694824218,0.4109999847412109,46,,Open Play,Saved Shot
ENG-Premier League,2526,2025-09-20 Fulham-Brentford,Brentford,Thiago,1,2025,28825,2025-09-20 19:00:00,643424,244,13222,739017,Kevin Schade,0.06035369634628296,0.9109999847412109,0.47299999237060547,57,,Open Play,Saved Shot
ENG-Premier League,2526,2025-09-20 Fulham-Brentford,Fulham,Alex Iwobi,1,2025,28825,2025-09-20 19:00:00,643407,228,500,,,0.024419136345386505,0.7680000305175781,0.39299999237060546,5,Right Foot,Open Play,Blocked Shot
ENG-Premier League,2526,2025-09-20 Fulham-Brentford,Fulham,Alex Iwobi,1,2025,28825,2025-09-20 19:00:00,643419,228,500,739002,Rodrigo Muniz,0.3372924029827118,0.905,0.5770000076293945,37,Right Foot,Open Play,Goal
ENG-Premier League,2526,2025-09-20 Fulham-Brentford,Fulham,Calvin Bassey,1,2025,28825,2025-09-20 19:00:00,643421,228,11728,,,0.017050273716449738,0.7290000152587891,0.644000015258789,41,Left Foot,Open Play,Blocked Shot
ENG-Premier League,2526,2025-09-20 Fulham-Brentford,Fulham,Harry Wilson,1,2025,28825,2025-09-20 19:00:00,643410,228,5596,739002,Rodrigo Muniz,0.09372397512197495,0.8690000152587891,0.4909999847412109,13,Left Foot,Open Play,Blocked Shot
ENG-Premier League,2526,2025-09-20 Fulham-Brentford,Fulham,Harry Wilson,1,2025,28825,2025-09-20 19:00:00,643420,228,5596,739001,Alex Iwobi,0.27521511912345886,0.8819999694824219,0.3679999923706055,39,Left Foot,Open Play,Goal
ENG-Premier League,2526,2025-09-20 Fulham-Brentford,Fulham,Joachim Andersen,1,2025,28825,2025-09-20 19:00:00,643411,228,6314,738998,Sasa Lukic,0.13591426610946655,0.960999984741211,0.495,15,,From Corner,Missed Shot
ENG-Premier League,2526,2025-09-20 Fulham-Brentford,Fulham,Joshua King,1,2025,28825,2025-09-20 19:00:00,643408,228,12410,738998,Sasa Lukic,0.05917340889573097,0.8119999694824219,0.4620000076293945,10,Left Foot,Open Play,Blocked Shot
ENG-Premier League,2526,2025-09-20 Fulham-Brentford,Fulham,Joshua King,1,2025,28825,2025-09-20 19:00:00,643425,228,12410,738999,Harry Wilson,0.10162357240915298,0.9219999694824219,0.295,62,Right Foot,Set Piece,Missed Shot
ENG-Premier League,2526,2025-09-20 Fulham-Brentford,Fulham,Rodrigo Muniz,1,2025,28825,2025-09-20 19:00:00,643412,228,10717,738999,Harry Wilson,0.04019144922494888,0.894000015258789,0.55,15,,From Corner,Missed Shot
ENG-Premier League,2526,2025-09-20 Fulham-Brentford,Fulham,Rodrigo Muniz,1,2025,28825,2025-09-20 19:00:00,643417,228,10717,,,0.3472999036312103,0.9690000152587891,0.605999984741211,30,Right Foot,Open Play,Missed Shot
ENG-Premier League,2526,2025-09-20 Fulham-Brentford,Fulham,Ryan Sessegnon,1,2025,28825,2025-09-20 19:00:00,643416,228,6837,739001,Alex Iwobi,0.0368385910987854,0.855999984741211,0.7030000305175781,30,Left Foot,Open Play,Saved Shot
ENG-Premier League,2526,2025-09-20 Fulham-Brentford,Fulham,Sasa Lukic,1,2025,28825,2025-09-20 19:00:00,643409,228,1537,738999,Harry Wilson,0.018745847046375275,0.7730000305175782,0.3089999961853027,12,Right Foot,Open Play,Blocked Shot
ENG-Premier League,2526,2025-09-20 Fulham-Brentford,Fulham,Sasa Lukic,1,2025,28825,2025-09-20 19:00:00,643413,228,1537,738997,Sander Berge,0.019162286072969437,0.7559999847412109,0.35700000762939454,17,Right Foot,Open Play,Missed Shot
ENG-Premier League,2526,2025-09-20 Fulham-Brentford,Fulham,Sasa Lukic,1,2025,28825,2025-09-20 19:00:00,643418,228,1537,738993,Kenny Tete,0.030452972277998924,0.794000015258789,0.35400001525878905,37,Left Foot,Open Play,Blocked Shot
ENG-Premier League,2526,2025-09-20 Liverpool-Everton,Everton,Beto,1,2025,28818,2025-09-20 11:30:00,642857,72,9983,738329,Iliman Ndiaye,0.08580797910690308,0.9130000305175782,0.4570000076293945,36,Right Foot,Open Play,Missed Shot
ENG-Premier League,2526,2025-09-20 Liverpool-Everton,Everton,Idrissa Gueye,1,2025,28818,2025-09-20 11:30:00,642853,72,668,738331,Jack Grealish,0.019041072577238083,0.7730000305175782,0.705999984741211,23,Right Foot,From Corner,Blocked Shot
ENG-Premier League,2526,2025-09-20 Liverpool-Everton,Everton,Idrissa Gueye,1,2025,28818,2025-09-20 11:30:00,642859,72,668,738330,Kiernan Dewsbury-Hall,0.08362530916929245,0.8440000152587891,0.5170000076293946,45,Left Foot,Open Play,Saved Shot
ENG-Premier League,2526,2025-09-20 Liverpool-Everton,Everton,Idrissa Gueye,1,2025,28818,2025-09-20 11:30:00,642863,72,668,738329,Iliman Ndiaye,0.31301936507225037,0.8669999694824219,0.42700000762939455,57,Right Foot,Open Play,Goal
ENG-Premier League,2526,2025-09-20 Liverpool-Everton,Everton,Jack Grealish,1,2025,28818,2025-09-20 11:30:00,642868,72,675,738330,Kiernan Dewsbury-Hall,0.03386339545249939,0.905,0.6930000305175781,89,Right Foot,From Corner,Missed Shot
ENG-Premier League,2526,2025-09-20 Liverpool-Everton,Everton,James Garner,1,2025,28818,2025-09-20 11:30:00,642858,72,7438,738331,Jack Grealish,0.019569212570786476,0.8030000305175782,0.715999984741211,42,Right Foot,From Corner,Blocked Shot
ENG-Premier League,2526,2025-09-20 Liverpool-Everton,Everton,James Garner,1,2025,28818,2025-09-20 11:30:00,642866,72,7438,,,0.03387372940778732,0.7390000152587891,0.75,79,Right Foot,Direct Freekick,Missed Shot
ENG-Premier League,2526,2025-09-20 Liverpool-Everton,Everton,Kiernan Dewsbury-Hall,1,2025,28818,2025-09-20 11:30:00,642855,72,9739,738331,Jack Grealish,0.06359004229307175,0.9209999847412109,0.6780000305175782,26,Left Foot,Open Play,Missed Shot
ENG-Premier League,2526,2025-09-20 Liverpool-Everton,Everton,Kiernan Dewsbury-Hall,1,2025,28818,2025-09-20 11:30:00,642861,72,9739,738326,Vitalii Mykolenko,0.06898057460784912,0.9369999694824219,0.6630000305175782,54,Left Foot,Open Play,Blocked Shot
ENG-Premier League,2526,2025-09-20 Liverpool-Everton,Liverpool,Alexis Mac Allister,1,2025,28818,2025-09-20 11:30:00,642851,87,8379,738317,Cody Gakpo,0.0890515074133873,0.85,0.5559999847412109,18,Left Foot,Open Play,Blocked Shot
ENG-Premier League,2526,2025-09-20 Liverpool-Everton,Liverpool,Cody Gakpo,1,2025,28818,2025-09-20 11:30:00,642854,87,11296,,,0.1346806436777115,0.860999984741211,0.4420000076293945,23,Right Foot,Open Play,Missed Shot
ENG-Premier League,2526,2025-09-20 Liverpool-Everton,Liverpool,Conor Bradley,1,2025,28818,2025-09-20 11:30:00,642852,87,10120,,,0.045539069920778275,0.8809999847412109,0.295,18,Right Foot,Open Play,Blocked Shot
ENG-Premier League,2526,2025-09-20 Liverpool-Everton,Liverpool,Dominik Szoboszlai,1,2025,28818,2025-09-20 11:30:00,642865,87,9788,,,0.03755884990096092,0.71,0.3820000076293945,73,Right Foot,Direct Freekick,Missed Shot
ENG-Premier League,2526,2025-09-20 Liverpool-Everton,Liverpool,Dominik Szoboszlai,1,2025,28818,2025-09-20 11:30:00,642867,87,9788,738319,Florian Wirtz,0.0700811892747879,0.855999984741211,0.37,83,Right Foot,Open Play,Blocked Shot
ENG-Premier League,2526,2025-09-20 Liverpool-Everton,Liverpool,Hugo Ekitike,1,2025,28818,2025-09-20 11:30:00,642856,87,8995,738314,Ryan Gravenberch,0.3504309058189392,0.9119999694824219,0.375,28,Right Foot,Open Play,Goal
ENG-Premier League,2526,2025-09-20 Liverpool-Everton,Liverpool,Hugo Ekitike,1,2025,28818,2025-09-20 11:30:00,642860,87,8995,738312,Milos Kerkez,0.051776569336652756,0.825999984741211,0.685,53,Right Foot,Open Play,Blocked Shot
ENG-Premier League,2526,2025-09-20 Liverpool-Everton,Liverpool,Ibrahima Konaté,1,2025,28818,2025-09-20 11:30:00,642864,87,6326,738316,Dominik Szoboszlai,0.025867801159620285,0.905,0.5,71,,From Corner,Blocked Shot
ENG-Premier League,2526,2025-09-20 Liverpool-Everton,Liverpool,Mohamed Salah,1,2025,28818,2025-09-20 11:30:00,642850,87,1250,,,0.05772396922111511,0.8530000305175781,0.3189999961853027,15,Left Foot,Open Play,Missed Shot
ENG-Premier League,2526,2025-09-20 Liverpool-Everton,Liverpool,Mohamed Salah,1,2025,28818,2025-09-20 11:30:00,642862,87,1250,738317,Cody Gakpo,0.1356126070022583,0.8580000305175781,0.3609999847412109,55,Left Foot,Open Play,Saved Shot
ENG-Premier League,2526,2025-09-20 Liverpool-Everton,Liverpool,Ryan Gravenberch,1,2025,28818,2025-09-20 11:30:00,642849,87,10697,738315,Mohamed Salah,0.06738808751106262,0.9019999694824219,0.34599998474121096,9,Right Foot,Open Play,Goal
ENG-Premier League,2526,2025-09-20 Manchester United-Chelsea,Chelsea,Andrey Santos,1,2025,28824,2025-09-20 16:30:00,643303,80,11808,738859,João Pedro,0.08383796364068985,0.894000015258789,0.514000015258789,93,Right Foot,Open Play,Blocked Shot
ENG-Premier League,2526,2025-09-20 Manchester United-Chelsea,Chelsea,Marc Cucurella,1,2025,28824,2025-09-20 16:30:00,643298,80,7134,738855,Moisés Caicedo,0.02825935371220112,0.905,0.27700000762939453,51,Right Foot,Set Piece,Missed Shot
ENG-Premier League,2526,2025-09-20 Manchester United-Chelsea,Chelsea,Moisés Caicedo,1,2025,28824,2025-09-20 16:30:00,643295,80,9453,,,0.022669004276394844,0.779000015258789,0.529000015258789,22,Right Foot,From Corner,Blocked Shot
ENG-Premier League,2526,2025-09-20 Manchester United-Chelsea,Chelsea,Tosin Adarabioyo,1,2025,28824,2025-09-20 16:30:00,643299,80,5590,738850,Reece James,0.03566968813538551,0.955999984741211,0.38799999237060545,62,,From Corner,Missed Shot
ENG-Premier League,2526,2025-09-20 Manchester United-Chelsea,Chelsea,Trevoh Chalobah,1,2025,28824,2025-09-20 16:30:00,643301,80,6615,738850,Reece James,0.2994072735309601,0.9309999847412109,0.5470000076293945,79,,From Corner,Goal
ENG-Premier League,2526,2025-09-20 Manchester United-Chelsea,Manchester United,Amad Diallo Traore,1,2025,28824,2025-09-20 16:30:00,643292,89,8127,,,0.02186133898794651,0.775,0.5079999923706054,9,Right Foot,From Corner,Blocked Shot
ENG-Premier League,2526,2025-09-20 Manchester United-Chelsea,Manchester United,Amad Diallo Traore,1,2025,28824,2025-09-20 16:30:00,643300,89,8127,738834,Matthijs de Ligt,0.09552733600139618,0.9269999694824219,0.44799999237060545,74,Left Foot,Set Piece,Missed Shot
ENG-Premier League,2526,2025-09-20 Manchester United-Chelsea,Manchester United,Bruno Fernandes,1,2025,28824,2025-09-20 16:30:00,643289,89,1228,,,0.10298559814691544,0.785,0.49,7,Right Foot,Direct Freekick,Blocked Shot
ENG-Premier League,2526,2025-09-20 Manchester United-Chelsea,Manchester United,Bruno Fernandes,1,2025,28824,2025-09-20 16:30:00,643293,89,1228,738838,Patrick Dorgu,0.6159805059432983,0.9580000305175781,0.4759999847412109,13,Right Foot,Open Play,Goal
ENG-Premier League,2526,2025-09-20 Manchester United-Chelsea,Manchester United,Bruno Fernandes,1,2025,28824,2025-09-20 16:30:00,643302,89,1228,,,0.04517577961087227,0.7819999694824219,0.4209999847412109,82,Right Foot,Open Play,Saved Shot
ENG-Premier League,2526,2025-09-20 Manchester United-Chelsea,Manchester United,Bryan Mbeumo,1,2025,28824,2025-09-20 16:30:00,643288,89,6552,738838,Patrick Dorgu,0.06756933778524399,0.9330000305175781,0.3970000076293945,2,,Open Play,Saved Shot
ENG-Premier League,2526,2025-09-20 Manchester United-Chelsea,Manchester United,Bryan Mbeumo,1,2025,28824,2025-09-20 16:30:00,643290,89,6552,,,0.022691035643219948,0.785,0.46,7,Left Foot,Set Piece,Blocked Shot
ENG-Premier League,2526,2025-09-20 Manchester United-Chelsea,Manchester United,Bryan Mbeumo,1,2025,28824,2025-09-20 16:30:00,643294,89,6552,738840,Bruno Fernandes,0.04373050853610039,0.8119999694824219,0.34599998474121096,17,Left Foot,Open Play,Missed Shot
ENG-Premier League,2526,2025-09-20 Manchester United-Chelsea,Manchester United,Casemiro,1,2025,28824,2025-09-20 16:30:00,643297,89,2248,738835,Harry Maguire,0.19499868154525757,0.97,0.435,36,,From Corner,Goal
ENG-Premier League,2526,2025-09-20 Manchester United-Chelsea,Manchester United,Harry Maguire,1,2025,28824,2025-09-20 16:30:00,643291,89,1687,738839,Casemiro,0.052745867520570755,0.9230000305175782,0.5279999923706055,8,,From Corner,Missed Shot
ENG-Premier League,2526,2025-09-20 Manchester United-Chelsea,Manchester United,Luke Shaw,1,2025,28824,2025-09-20 16:30:00,643296,89,1006,,,0.08364910632371902,0.9490000152587891,0.529000015258789,36,,From Corner,Blocked Shot
ENG-Premier League,2526,2025-09-20 West Ham-Crystal Palace,Crystal Palace,Adam Wharton,1,2025,28819,2025-09-20 14:00:00,643063,78,12409,738577,Daichi Kamada,0.023688603192567825,0.7819999694824219,0.3970000076293945,34,Left Foot,Open Play,Blocked Shot
ENG-Premier League,2526,2025-09-20 West Ham-Crystal Palace,Crystal Palace,Daichi Kamada,1,2025,28819,2025-09-20 14:00:00,643062,78,6145,738578,Yeremi Pino,0.12507210671901703,0.9519999694824218,0.47200000762939454,31,,Open Play,Missed Shot
ENG-Premier League,2526,2025-09-20 West Ham-Crystal Palace,Crystal Palace,Daniel Muñoz,1,2025,28819,2025-09-20 14:00:00,643067,78,12408,738575,Adam Wharton,0.05065634846687317,0.9169999694824219,0.5829999923706055,43,,From Corner,Missed Shot
ENG-Premier League,2526,2025-09-20 West Ham-Crystal Palace,Crystal Palace,Daniel Muñoz,1,2025,28819,2025-09-20 14:00:00,643071,78,12408,738574,Tyrick Mitchell,0.058721721172332764,0.9269999694824219,0.37099998474121093,52,Right Foot,Open Play,Missed Shot
ENG-Premier League,2526,2025-09-20 West Ham-Crystal Palace,Crystal Palace,Daniel Muñoz,1,2025,28819,2025-09-20 14:00:00,643078,78,12408,738574,Tyrick Mitchell,0.06963186711072922,0.9169999694824219,0.3270000076293945,72,Right Foot,Open Play,Blocked Shot
ENG-Premier League,2526,2025-09-20 West Ham-Crystal Palace,Crystal Palace,Eddie Nketiah,1,2025,28819,2025-09-20 14:00:00,643079,78,6482,738580,Jefferson Lerma,0.07470468431711197,0.88,0.5620000076293945,75,Right Foot,Set Piece,Blocked Shot
ENG-Premier League,2526,2025-09-20 West Ham-Crystal Palace,Crystal Palace,Jean-Philippe Mateta,1,2025,28819,2025-09-20 14:00:00,643066,78,5735,,,0.6040295958518982,0.970999984741211,0.4829999923706055,36,,From Corner,Goal
ENG-Premier League,2526,2025-09-20 West Ham-Crystal Palace,Crystal Palace,Jean-Philippe Mateta,1,2025,28819,2025-09-20 14:00:00,643072,78,5735,738575,Adam Wharton,0.09870889037847519,0.955,0.46700000762939453,58,,Set Piece,Missed Shot
ENG-Premier League,2526,2025-09-20 West Ham-Crystal Palace,Crystal Palace,Jefferson Lerma,1,2025,28819,2025-09-20 14:00:00,643080,78,2182,,,0.060068778693675995,0.8469999694824218,0.56,75,Left Foot,Set Piece,Saved Shot
ENG-Premier League,2526,2025-09-20 West Ham-Crystal Palace,Crystal Palace,Jefferson Lerma,1,2025,28819,2025-09-20 14:00:00,643083,78,2182,738581,Eddie Nketiah,0.01508393231779337,0.685,0.5,84,Right Foot,Open Play,Missed Shot
ENG-Premier League,2526,2025-09-20 West Ham-Crystal Palace,Crystal Palace,Justin Devenny,1,2025,28819,2025-09-20 14:00:00,643075,78,13038,738574,Tyrick Mitchell,0.04117116704583168,0.895,0.46599998474121096,63,,Open Play,Missed Shot
ENG-Premier League,2526,2025-09-20 West Ham-Crystal Palace,Crystal Palace,Justin Devenny,1,2025,28819,2025-09-20 14:00:00,643084,78,13038,738577,Daichi Kamada,0.029941219836473465,0.7559999847412109,0.40299999237060546,87,Left Foot,Open Play,Missed Shot
ENG-Premier League,2526,2025-09-20 West Ham-Crystal Palace,Crystal Palace,Marc Guehi,1,2025,28819,2025-09-20 14:00:00,643065,78,7603,738577,Daichi Kamada,0.08119462430477142,0.9669999694824218,0.45599998474121095,36,,From Corner,Blocked Shot
ENG-Premier League,2526,2025-09-20 West Ham-Crystal Palace,Crystal Palace,Maxence Lacroix,1,2025,28819,2025-09-20 14:00:00,643068,78,8853,738575,Adam Wharton,0.4896112382411957,0.9580000305175781,0.47099998474121096,46,,From Corner,Shot On Post
ENG-Premier League,2526,2025-09-20 West Ham-Crystal Palace,Crystal Palace,Tyrick Mitchell,1,2025,28819,2025-09-20 14:00:00,643077,78,8214,,,0.3862307667732239,0.92,0.5990000152587891,67,Right Foot,Open Play,Goal
ENG-Premier League,2526,2025-09-20 West Ham-Crystal Palace,Crystal Palace,Tyrick Mitchell,1,2025,28819,2025-09-20 14:00:00,643081,78,8214,738573,Daniel Muñoz,0.0794183760881424,0.860999984741211,0.6359999847412109,78,Left Foot,Open Play,Missed Shot
ENG-Premier League,2526,2025-09-20 West Ham-Crystal Palace,Crystal Palace,Yeremi Pino,1,2025,28819,2025-09-20 14:00:00,643061,78,9024,,,0.01626068539917469,0.7530000305175781,0.5990000152587891,8,Right Foot,From Corner,Blocked Shot
ENG-Premier League,2526,2025-09-20 West Ham-Crystal Palace,Crystal Palace,Yeremi Pino,1,2025,28819,2025-09-20 14:00:00,643064,78,9024,,,0.084990955889225,0.8830000305175781,0.565,35,Left Foot,Open Play,Blocked Shot
ENG-Premier League,2526,2025-09-20 West Ham-Crystal Palace,West Ham,James Ward-Prowse,1,2025,28819,2025-09-20 14:00:00,643070,81,843,738563,Lucas Paquetá,0.01174372062087059,0.7190000152587891,0.664000015258789,51,Right Foot,Open Play,Blocked Shot
ENG-Premier League,2526,2025-09-20 West Ham-Crystal Palace,West Ham,Jarrod Bowen,1,2025,28819,2025-09-20 14:00:00,643069,81,1776,738559,El Hadji Malick Diouf,0.11966060101985931,0.9340000152587891,0.47400001525878904,48,,From Corner,Goal
ENG-Premier League,2526,2025-09-20 West Ham-Crystal Palace,West Ham,Jarrod Bowen,1,2025,28819,2025-09-20 14:00:00,643082,81,1776,738568,Niclas Füllkrug,0.07159095257520676,0.835999984741211,0.5229999923706055,80,Left Foot,Open Play,Missed Shot
ENG-Premier League,2526,2025-09-20 West Ham-Crystal Palace,West Ham,Konstantinos Mavropanos,1,2025,28819,2025-09-20 14:00:00,643060,81,6722,738561,James Ward-Prowse,0.13340333104133606,0.965,0.46700000762939453,5,,From Corner,Saved Shot
ENG-Premier League,2526,2025-09-20 West Ham-Crystal Palace,West Ham,Kyle Walker-Peters,1,2025,28819,2025-09-20 14:00:00,643074,81,885,738561,James Ward-Prowse,0.03792275860905647,0.8969999694824219,0.2589999961853027,63,Right Foot,Open Play,Saved Shot
ENG-Premier League,2526,2025-09-20 West Ham-Crystal Palace,West Ham,Kyle Walker-Peters,1,2025,28819,2025-09-20 14:00:00,643076,81,885,738563,Lucas Paquetá,0.035743195563554764,0.9630000305175781,0.3970000076293945,66,,Open Play,Missed Shot
ENG-Premier League,2526,2025-09-20 West Ham-Crystal Palace,West Ham,Lucas Paquetá,1,2025,28819,2025-09-20 14:00:00,643073,81,7365,738562,Jarrod Bowen,0.01695026457309723,0.9730000305175781,0.625999984741211,62,,Open Play,Missed Shot
ENG-Premier League,2526,2025-09-20 West Ham-Crystal Palace,West Ham,Luis Guilherme,1,2025,28819,2025-09-20 14:00:00,643085,81,13026,738559,El Hadji Malick Diouf,0.039350125938653946,0.8969999694824219,0.5279999923706055,92,,Open Play,Missed Shot
ENG-Premier League,2526,2025-09-20 Wolverhampton Wanderers-Leeds,Leeds,Anton Stach,1,2025,28820,2025-09-20 14:00:00,643090,245,9910,,,0.0657067522406578,0.750999984741211,0.48700000762939455,38,Right Foot,Direct Freekick,Goal
ENG-Premier League,2526,2025-09-20 Wolverhampton Wanderers-Leeds,Leeds,Brenden Aaronson,1,2025,28820,2025-09-20 14:00:00,643088,245,10751,738608,Dominic Calvert-Lewin,0.043977849185466766,0.8080000305175781,0.39299999237060546,25,Right Foot,Open Play,Missed Shot
ENG-Premier League,2526,2025-09-20 Wolverhampton Wanderers-Leeds,Leeds,Dominic Calvert-Lewin,1,2025,28820,2025-09-20 14:00:00,643089,245,5555,,,0.040250737220048904,0.9059999847412109,0.5070000076293946,30,,Open Play,Goal
ENG-Premier League,2526,2025-09-20 Wolverhampton Wanderers-Leeds,Leeds,Ethan Ampadu,1,2025,28820,2025-09-20 14:00:00,643087,245,6369,,,0.011771920137107372,0.6919999694824219,0.5820000076293945,13,Right Foot,Open Play,Missed Shot
ENG-Premier League,2526,2025-09-20 Wolverhampton Wanderers-Leeds,Leeds,Noah Okafor,1,2025,28820,2025-09-20 14:00:00,643094,245,11966,738604,Anton Stach,0.2599199414253235,0.889000015258789,0.6559999847412109,44,Left Foot,Open Play,Goal
ENG-Premier League,2526,2025-09-20 Wolverhampton Wanderers-Leeds,Leeds,Sean Longstaff,1,2025,28820,2025-09-20 14:00:00,643098,245,7078,,,0.03536045923829079,0.7930000305175782,0.57,57,Left Foot,Open Play,Saved Shot
ENG-Premier League,2526,2025-09-20 Wolverhampton Wanderers-Leeds,Wolverhampton Wanderers,André,1,2025,28820,2025-09-20 14:00:00,643107,229,13022,738590,Ladislav Krejcí,0.008202716708183289,0.6969999694824218,0.7269999694824218,91,Right Foot,Open Play,Blocked Shot
ENG-Premier League,2526,2025-09-20 Wolverhampton Wanderers-Leeds,Wolverhampton Wanderers,Emmanuel Agbadou,1,2025,28820,2025-09-20 14:00:00,643095,229,10856,738588,Rodrigo Gomes,0.04556407406926155,0.9159999847412109,0.4929999923706055,47,,From Corner,Saved Shot
ENG-Premier League,2526,2025-09-20 Wolverhampton Wanderers-Leeds,Wolverhampton Wanderers,Emmanuel Agbadou,1,2025,28820,2025-09-20 14:00:00,643100,229,10856,,,0.006837877910584211,0.6940000152587891,0.325,64,Left Foot,Open Play,Blocked Shot
ENG-Premier League,2526,2025-09-20 Wolverhampton Wanderers-Leeds,Wolverhampton Wanderers,Emmanuel Agbadou,1,2025,28820,2025-09-20 14:00:00,643106,229,10856,738595,Jhon Arias,0.009405452758073807,0.7080000305175781,0.3170000076293945,86,Right Foot,Open Play,Saved Shot
ENG-Premier League,2526,2025-09-20 Wolverhampton Wanderers-Leeds,Wolverhampton Wanderers,João Gomes,1,2025,28820,2025-09-20 14:00:00,643092,229,11384,738591,Jean-Ricner Bellegarde,0.0674143061041832,0.8440000152587891,0.425,43,Right Foot,Open Play,Blocked Shot
ENG-Premier League,2526,2025-09-20 Wolverhampton Wanderers-Leeds,Wolverhampton Wanderers,João Gomes,1,2025,28820,2025-09-20 14:00:00,643102,229,11384,738587,Jackson Tchatchoua,0.03644731640815735,0.8040000152587891,0.3970000076293945,73,Right Foot,Open Play,Blocked Shot
ENG-Premier League,2526,2025-09-20 Wolverhampton Wanderers-Leeds,Wolverhampton Wanderers,Jørgen Strand Larsen,1,2025,28820,2025-09-20 14:00:00,643103,229,11070,738595,Jhon Arias,0.04801524803042412,0.9069999694824219,0.5690000152587891,76,,Open Play,Missed Shot
ENG-Premier League,2526,2025-09-20 Wolverhampton Wanderers-Leeds,Wolverhampton Wanderers,Ladislav Krejcí,1,2025,28820,2025-09-20 14:00:00,643086,229,12721,738592,Fernando López,0.42917048931121826,0.9080000305175782,0.5059999847412109,7,Left Foot,Open Play,Goal
ENG-Premier League,2526,2025-09-20 Wolverhampton Wanderers-Leeds,Wolverhampton Wanderers,Marshall Munetsi,1,2025,28820,2025-09-20 14:00:00,643097,229,7908,738593,Tolu Arokodare,0.290688157081604,0.8619999694824219,0.5329999923706055,54,Left Foot,Open Play,Saved Shot
ENG-Premier League,2526,2025-09-20 Wolverhampton Wanderers-Leeds,Wolverhampton Wanderers,Marshall Munetsi,1,2025,28820,2025-09-20 14:00:00,643105,229,7908,,,0.3427233397960663,0.9180000305175782,0.44,83,Left Foot,Open Play,Missed Shot
ENG-Premier League,2526,2025-09-20 Wolverhampton Wanderers-Leeds,Wolverhampton Wanderers,Rodrigo Gomes,1,2025,28820,2025-09-20 14:00:00,643096,229,12756,738587,Jackson Tchatchoua,0.016913721337914467,0.9080000305175782,0.710999984741211,48,Right Foot,Open Play,Missed Shot
ENG-Premier League,2526,2025-09-20 Wolverhampton Wanderers-Leeds,Wolverhampton Wanderers,Tolu Arokodare,1,2025,28820,2025-09-20 14:00:00,643093,229,8875,738586,Emmanuel Agbadou,0.07478383183479309,0.919000015258789,0.6020000076293945,44,Right Foot,Open Play,Saved Shot
ENG-Premier League,2526,2025-09-20 Wolverhampton Wanderers-Leeds,Wolverhampton Wanderers,Tolu Arokodare,1,2025,28820,2025-09-20 14:00:00,643099,229,8875,738597,Hugo Bueno,0.07116623967885971,0.919000015258789,0.5229999923706055,59,,Open Play,Missed Shot
ENG-Premier League,2526,2025-09-20 Wolverhampton Wanderers-Leeds,Wolverhampton Wanderers,Tolu Arokodare,1,2025,28820,2025-09-20 14:00:00,643104,229,8875,738597,Hugo Bueno,0.06471956521272659,0.9169999694824219,0.48700000762939455,78,,Open Play,Missed Shot
ENG-Premier League,2526,2025-09-20 Wolverhampton Wanderers-Leeds,Wolverhampton Wanderers,Yerson Mosquera,1,2025,28820,2025-09-20 14:00:00,643091,229,9958,738592,Fernando López,0.01990661211311817,0.8869999694824219,0.529000015258789,40,,Set Piece,Missed Shot
ENG-Premier League,2526,2025-09-20 Wolverhampton Wanderers-Leeds,Wolverhampton Wanderers,Yerson Mosquera,1,2025,28820,2025-09-20 14:00:00,643101,229,9958,738597,Hugo Bueno,0.03413645923137665,0.870999984741211,0.500999984741211,70,,Open Play,Saved Shot
ENG-Premier League,2526,2025-09-21 Arsenal-Manchester City,Arsenal,Bukayo Saka,1,2025,28827,2025-09-21 15:30:00,643861,83,7322,739594,Martín Zubimendi,0.04680842161178589,0.874000015258789,0.315,51,Left Foot,Open Play,Blocked Shot
ENG-Premier League,2526,2025-09-21 Arsenal-Manchester City,Arsenal,Eberechi Eze,1,2025,28827,2025-09-21 15:30:00,643860,83,8706,,,0.025194693356752396,0.860999984741211,0.40700000762939453,49,Right Foot,Open Play,Saved Shot
ENG-Premier League,2526,2025-09-21 Arsenal-Manchester City,Arsenal,Gabriel Martinelli,1,2025,28827,2025-09-21 15:30:00,643868,83,7752,739603,Eberechi Eze,0.09973180294036865,0.8490000152587891,0.610999984741211,92,Right Foot,Open Play,Goal
ENG-Premier League,2526,2025-09-21 Arsenal-Manchester City,Arsenal,Leandro Trossard,1,2025,28827,2025-09-21 15:30:00,643862,83,7698,739590,Jurriën Timber,0.03394317999482155,0.8969999694824219,0.32099998474121094,55,Left Foot,From Corner,Blocked Shot
ENG-Premier League,2526,2025-09-21 Arsenal-Manchester City,Arsenal,Leandro Trossard,1,2025,28827,2025-09-21 15:30:00,643864,83,7698,739602,Bukayo Saka,0.04437032341957092,0.9690000152587891,0.6179999923706054,59,Right Foot,From Corner,Blocked Shot
ENG-Premier League,2526,2025-09-21 Arsenal-Manchester City,Arsenal,Martín Zubimendi,1,2025,28827,2025-09-21 15:30:00,643859,83,7526,,,0.02714330516755581,0.8619999694824219,0.4179999923706055,47,Right Foot,Open Play,Missed Shot
ENG-Premier League,2526,2025-09-21 Arsenal-Manchester City,Arsenal,Noni Madueke,1,2025,28827,2025-09-21 15:30:00,643854,83,11357,739596,Declan Rice,0.22239868342876434,0.9019999694824219,0.45599998474121095,31,,Open Play,Missed Shot
ENG-Premier League,2526,2025-09-21 Arsenal-Manchester City,Arsenal,Noni Madueke,1,2025,28827,2025-09-21 15:30:00,643858,83,11357,739595,Mikel Merino,0.061104971915483475,0.9369999694824219,0.3189999961853027,45,Right Foot,Open Play,Saved Shot
ENG-Premier League,2526,2025-09-21 Arsenal-Manchester City,Arsenal,Riccardo Calafiori,1,2025,28827,2025-09-21 15:30:00,643857,83,8129,,,0.03855420649051666,0.835999984741211,0.6580000305175782,43,Left Foot,Open Play,Missed Shot
ENG-Premier League,2526,2025-09-21 Arsenal-Manchester City,Arsenal,Riccardo Calafiori,1,2025,28827,2025-09-21 15:30:00,643865,83,8129,739602,Bukayo Saka,0.027703458443284035,0.9169999694824219,0.580999984741211,75,,Open Play,Missed Shot
ENG-Premier League,2526,2025-09-21 Arsenal-Manchester City,Arsenal,Riccardo Calafiori,1,2025,28827,2025-09-21 15:30:00,643866,83,8129,739596,Declan Rice,0.02390633150935173,0.7959999847412109,0.6890000152587891,80,Right Foot,Open Play,Missed Shot
ENG-Premier League,2526,2025-09-21 Arsenal-Manchester City,Arsenal,William Saliba,1,2025,28827,2025-09-21 15:30:00,643856,83,6888,,,0.06771591305732727,0.9330000305175781,0.49599998474121093,41,,From Corner,Missed Shot
ENG-Premier League,2526,2025-09-21 Arsenal-Manchester City,Manchester City,Erling Haaland,1,2025,28827,2025-09-21 15:30:00,643852,88,8260,739612,Tijjani Reijnders,0.5452440977096558,0.9059999847412109,0.44099998474121094,8,Right Foot,Open Play,Goal
ENG-Premier League,2526,2025-09-21 Arsenal-Manchester City,Manchester City,Erling Haaland,1,2025,28827,2025-09-21 15:30:00,643863,88,8260,739614,Jéremy Doku,0.08190350979566574,0.86,0.6730000305175782,56,Left Foot,Open Play,Saved Shot
ENG-Premier League,2526,2025-09-21 Arsenal-Manchester City,Manchester City,Jéremy Doku,1,2025,28827,2025-09-21 15:30:00,643867,88,8981,739612,Tijjani Reijnders,0.3822949230670929,0.9540000152587891,0.610999984741211,81,Right Foot,Open Play,Missed Shot
ENG-Premier League,2526,2025-09-21 Arsenal-Manchester City,Manchester City,Rodri,1,2025,28827,2025-09-21 15:30:00,643855,88,2496,739614,Jéremy Doku,0.039945926517248154,0.784000015258789,0.519000015258789,37,Left Foot,Open Play,Missed Shot
ENG-Premier League,2526,2025-09-21 Arsenal-Manchester City,Manchester City,Tijjani Reijnders,1,2025,28827,2025-09-21 15:30:00,643853,88,11965,739613,Bernardo Silva,0.07330891489982605,0.8369999694824218,0.624000015258789,19,Right Foot,Open Play,Saved Shot
ENG-Premier League,2526,2025-09-21 Bournemouth-Newcastle United,Bournemouth,Alejandro Jiménez,1,2025,28823,2025-09-21 13:00:00,643591,73,12168,739219,Bafode Diakite,0.034936562180519104,0.8340000152587891,0.34799999237060547,6,Right Foot,Open Play,Blocked Shot
ENG-Premier League,2526,2025-09-21 Bournemouth-Newcastle United,Bournemouth,Alejandro Jiménez,1,2025,28823,2025-09-21 13:00:00,643593,73,12168,,,0.015041940845549107,0.78,0.28600000381469726,8,Right Foot,From Corner,Blocked Shot
ENG-Premier League,2526,2025-09-21 Bournemouth-Newcastle United,Bournemouth,Alex Scott,1,2025,28823,2025-09-21 13:00:00,643600,73,12149,739218,Marcos Senesi,0.05896493420004845,0.8219999694824218,0.5520000076293945,26,Right Foot,Open Play,Missed Shot
ENG-Premier League,2526,2025-09-21 Bournemouth-Newcastle United,Bournemouth,Antoine Semenyo,1,2025,28823,2025-09-21 13:00:00,643602,73,11363,,,0.09898174554109573,0.8480000305175781,0.555,52,Right Foot,Open Play,Missed Shot
ENG-Premier League,2526,2025-09-21 Bournemouth-Newcastle United,Bournemouth,Evanilson,1,2025,28823,2025-09-21 13:00:00,643598,73,12963,739224,Marcus Tavernier,0.08964236825704575,0.899000015258789,0.435,14,Right Foot,Open Play,Blocked Shot
ENG-Premier League,2526,2025-09-21 Bournemouth-Newcastle United,Bournemouth,James Hill,1,2025,28823,2025-09-21 13:00:00,643605,73,10747,,,0.008657212369143963,0.6630000305175782,0.39,92,Right Foot,Open Play,Missed Shot
ENG-Premier League,2526,2025-09-21 Bournemouth-Newcastle United,Bournemouth,Justin Kluivert,1,2025,28823,2025-09-21 13:00:00,643604,73,6963,,,0.12941735982894897,0.8080000305175781,0.5740000152587891,90,Right Foot,Direct Freekick,Saved Shot
ENG-Premier League,2526,2025-09-21 Bournemouth-Newcastle United,Bournemouth,Marcus Tavernier,1,2025,28823,2025-09-21 13:00:00,643597,73,10741,739223,Antoine Semenyo,0.01888270489871502,0.7469999694824219,0.515,14,Left Foot,Open Play,Blocked Shot
ENG-Premier League,2526,2025-09-21 Bournemouth-Newcastle United,Bournemouth,Marcus Tavernier,1,2025,28823,2025-09-21 13:00:00,643601,73,10741,739226,Evanilson,0.03985908254981041,0.7930000305175782,0.42400001525878905,49,Left Foot,Open Play,Blocked Shot
ENG-Premier League,2526,2025-09-21 Bournemouth-Newcastle United,Bournemouth,Ryan Christie,1,2025,28823,2025-09-21 13:00:00,643603,73,10744,,,0.01893874630331993,0.7669999694824219,0.5379999923706055,89,Left Foot,Set Piece,Blocked Shot
ENG-Premier League,2526,2025-09-21 Bournemouth-Newcastle United,Bournemouth,Tyler Adams,1,2025,28823,2025-09-21 13:00:00,643592,73,7352,739225,David Brooks,0.03733758255839348,0.8530000305175781,0.32099998474121094,8,Right Foot,Open Play,Saved Shot
ENG-Premier League,2526,2025-09-21 Bournemouth-Newcastle United,Newcastle United,Jacob Murphy,1,2025,28823,2025-09-21 13:00:00,643594,86,6063,739237,Sandro Tonali,0.09077014029026031,0.9490000152587891,0.3559999847412109,10,Right Foot,Open Play,Saved Shot
ENG-Premier League,2526,2025-09-21 Bournemouth-Newcastle United,Newcastle United,Jacob Murphy,1,2025,28823,2025-09-21 13:00:00,643596,86,6063,739237,Sandro Tonali,0.014184875413775444,0.75,0.6509999847412109,13,Right Foot,Open Play,Missed Shot
ENG-Premier League,2526,2025-09-21 Bournemouth-Newcastle United,Newcastle United,Sandro Tonali,1,2025,28823,2025-09-21 13:00:00,643595,86,7958,,,0.012615949846804142,0.6969999694824218,0.5570000076293945,11,Right Foot,From Corner,Blocked Shot
ENG-Premier League,2526,2025-09-21 Bournemouth-Newcastle United,Newcastle United,Sandro Tonali,1,2025,28823,2025-09-21 13:00:00,643599,86,7958,739238,Lewis Miley,0.03605787828564644,0.785,0.4520000076293945,24,Right Foot,Open Play,Missed Shot
ENG-Premier League,2526,2025-09-21 Sunderland-Aston Villa,Aston Villa,Donyell Malen,1,2025,28826,2025-09-21 13:00:00,643630,71,9749,,,0.05224158614873886,0.8219999694824218,0.5659999847412109,92,Right Foot,Open Play,Blocked Shot
ENG-Premier League,2526,2025-09-21 Sunderland-Aston Villa,Aston Villa,Emiliano Buendía,1,2025,28826,2025-09-21 13:00:00,643613,71,2203,,,0.05007219687104225,0.815,0.5479999923706055,41,Left Foot,Open Play,Missed Shot
ENG-Premier League,2526,2025-09-21 Sunderland-Aston Villa,Aston Villa,Emiliano Buendía,1,2025,28826,2025-09-21 13:00:00,643615,71,2203,,,0.0449473038315773,0.97,0.7069999694824218,45,Left Foot,Open Play,Blocked Shot
ENG-Premier League,2526,2025-09-21 Sunderland-Aston Villa,Aston Villa,Evann Guessand,1,2025,28826,2025-09-21 13:00:00,643610,71,8006,739270,Morgan Rogers,0.5027073621749878,0.9059999847412109,0.5279999923706055,25,Right Foot,Set Piece,Saved Shot
ENG-Premier League,2526,2025-09-21 Sunderland-Aston Villa,Aston Villa,Harvey Elliott,1,2025,28826,2025-09-21 13:00:00,643619,71,7546,739270,Morgan Rogers,0.06307501345872879,0.8590000152587891,0.3559999847412109,60,Left Foot,Open Play,Blocked Shot
ENG-Premier League,2526,2025-09-21 Sunderland-Aston Villa,Aston Villa,Harvey Elliott,1,2025,28826,2025-09-21 13:00:00,643627,71,7546,739275,Donyell Malen,0.0680796355009079,0.8419999694824218,0.42700000762939455,82,Left Foot,Open Play,Missed Shot
ENG-Premier League,2526,2025-09-21 Sunderland-Aston Villa,Aston Villa,Jadon Sancho,1,2025,28826,2025-09-21 13:00:00,643629,71,6345,739264,Tyrone Mings,0.04608212038874626,0.8440000152587891,0.6730000305175782,86,Right Foot,Open Play,Blocked Shot
ENG-Premier League,2526,2025-09-21 Sunderland-Aston Villa,Aston Villa,John McGinn,1,2025,28826,2025-09-21 13:00:00,643612,71,7723,739267,Boubacar Kamara,0.061517272144556046,0.8119999694824219,0.46799999237060547,37,Left Foot,Open Play,Blocked Shot
ENG-Premier League,2526,2025-09-21 Sunderland-Aston Villa,Aston Villa,John McGinn,1,2025,28826,2025-09-21 13:00:00,643616,71,7723,,,0.011377587914466858,0.7040000152587891,0.44799999237060545,46,Left Foot,Open Play,Missed Shot
ENG-Premier League,2526,2025-09-21 Sunderland-Aston Villa,Aston Villa,Matthew Cash,1,2025,28826,2025-09-21 13:00:00,643622,71,8864,739267,Boubacar Kamara,0.022162923589348793,0.7240000152587891,0.44099998474121094,66,Right Foot,From Corner,Goal
ENG-Premier League,2526,2025-09-21 Sunderland-Aston Villa,Aston Villa,Matthew Cash,1,2025,28826,2025-09-21 13:00:00,643628,71,8864,739264,Tyrone Mings,0.017091330140829086,0.7369999694824219,0.37200000762939456,86,Right Foot,Open Play,Blocked Shot
ENG-Premier League,2526,2025-09-21 Sunderland-Aston Villa,Sunderland,Chemsdine Talbi,1,2025,28826,2025-09-21 13:00:00,643617,77,13717,,,0.018578199669718742,0.855,0.664000015258789,48,Left Foot,Open Play,Missed Shot
ENG-Premier League,2526,2025-09-21 Sunderland-Aston Villa,Sunderland,Chemsdine Talbi,1,2025,28826,2025-09-21 13:00:00,643625,77,13717,739251,Noah Sadiki,0.022139864042401314,0.8009999847412109,0.73,74,Right Foot,Open Play,Blocked Shot
ENG-Premier League,2526,2025-09-21 Sunderland-Aston Villa,Sunderland,Chris Rigg,1,2025,28826,2025-09-21 13:00:00,643611,77,13719,739248,Nordi Mukiele,0.07086944580078125,0.860999984741211,0.5259999847412109,31,Right Foot,Set Piece,Missed Shot
ENG-Premier League,2526,2025-09-21 Sunderland-Aston Villa,Sunderland,Dan Ballard,1,2025,28826,2025-09-21 13:00:00,643614,77,13715,739252,Granit Xhaka,0.007273717783391476,0.8159999847412109,0.4379999923706055,46,,Set Piece,Missed Shot
ENG-Premier League,2526,2025-09-21 Sunderland-Aston Villa,Sunderland,Granit Xhaka,1,2025,28826,2025-09-21 13:00:00,643623,77,204,739261,Dan Ballard,0.04233251512050629,0.8119999694824219,0.44,69,Left Foot,Open Play,Saved Shot
ENG-Premier League,2526,2025-09-21 Sunderland-Aston Villa,Sunderland,Nordi Mukiele,1,2025,28826,2025-09-21 13:00:00,643620,77,5659,739247,Trai Hume,0.02466207556426525,0.9630000305175781,0.40900001525878904,63,,From Corner,Blocked Shot
ENG-Premier League,2526,2025-09-21 Sunderland-Aston Villa,Sunderland,Omar Alderete,1,2025,28826,2025-09-21 13:00:00,643609,77,8986,739248,Nordi Mukiele,0.034359678626060486,0.9080000305175782,0.590999984741211,19,,Open Play,Saved Shot
ENG-Premier League,2526,2025-09-21 Sunderland-Aston Villa,Sunderland,Omar Alderete,1,2025,28826,2025-09-21 13:00:00,643618,77,8986,739248,Nordi Mukiele,0.05181761085987091,0.9209999847412109,0.5820000076293945,50,,Open Play,Shot On Post
ENG-Premier League,2526,2025-09-21 Sunderland-Aston Villa,Sunderland,Wilson Isidor,1,2025,28826,2025-09-21 13:00:00,643606,77,7148,739254,Chemsdine Talbi,0.029756717383861542,0.9259999847412109,0.405,12,,Open Play,Missed Shot
ENG-Premier League,2526,2025-09-21 Sunderland-Aston Villa,Sunderland,Wilson Isidor,1,2025,28826,2025-09-21 13:00:00,643607,77,7148,,,0.012449417263269424,0.7290000152587891,0.7119999694824218,13,Right Foot,Open Play,Saved Shot
ENG-Premier League,2526,2025-09-21 Sunderland-Aston Villa,Sunderland,Wilson Isidor,1,2025,28826,2025-09-21 13:00:00,643608,77,7148,739253,Chris Rigg,0.06845347583293915,0.9080000305175782,0.33,17,Right Foot,Open Play,Blocked Shot
ENG-Premier League,2526,2025-09-21 Sunderland-Aston Villa,Sunderland,Wilson Isidor,1,2025,28826,2025-09-21 13:00:00,643621,77,7148,,,0.15331143140792847,0.960999984741211,0.5170000076293946,63,Right Foot,From Corner,Missed Shot
ENG-Premier League,2526,2025-09-21 Sunderland-Aston Villa,Sunderland,Wilson Isidor,1,2025,28826,2025-09-21 13:00:00,643624,77,7148,,,0.04955695942044258,0.8859999847412109,0.665,74,Right Foot,Open Play,Blocked Shot
ENG-Premier League,2526,2025-09-21 Sunderland-Aston Villa,Sunderland,Wilson Isidor,1,2025,28826,2025-09-21 13:00:00,643626,77,7148,739252,Granit Xhaka,0.35653162002563477,0.9080000305175782,0.5670000076293945,74,Right Foot,Open Play,Goal
ENG-Premier League,2526,2025-09-27 Brentford-Manchester United,Brentford,Dango Ouattara,1,2025,28828,2025-09-27 11:30:00,644497,244,9662,740351,Kevin Schade,0.36608558893203735,0.87,0.5459999847412109,62,Left Foot,Open Play,Saved Shot
ENG-Premier League,2526,2025-09-27 Brentford-Manchester United,Brentford,Kevin Schade,1,2025,28828,2025-09-27 11:30:00,644504,244,9156,740354,Vitaly Janelt,0.026606498286128044,0.93,0.34200000762939453,97,Right Foot,Set Piece,Saved Shot
ENG-Premier League,2526,2025-09-27 Brentford-Manchester United,Brentford,Mathias Jensen,1,2025,28828,2025-09-27 11:30:00,644503,244,7166,740348,Yehor Yarmolyuk,0.05464768409729004,0.7869999694824219,0.6409999847412109,94,Right Foot,Open Play,Goal
ENG-Premier League,2526,2025-09-27 Brentford-Manchester United,Brentford,Nathan Collins,1,2025,28828,2025-09-27 11:30:00,644485,244,9733,740347,Jordan Henderson,0.2888352572917938,0.91,0.44799999237060545,16,,From Corner,Saved Shot
ENG-Premier League,2526,2025-09-27 Brentford-Manchester United,Brentford,Sepp van den Berg,1,2025,28828,2025-09-27 11:30:00,644484,244,10721,740349,Dango Ouattara,0.4428175985813141,0.955999984741211,0.4879999923706055,16,,From Corner,Saved Shot
ENG-Premier League,2526,2025-09-27 Brentford-Manchester United,Brentford,Sepp van den Berg,1,2025,28828,2025-09-27 11:30:00,644496,244,10721,740346,Aaron Hickey,0.6038424372673035,0.9569999694824218,0.47900001525878905,60,Right Foot,Set Piece,Saved Shot
ENG-Premier League,2526,2025-09-27 Brentford-Manchester United,Brentford,Thiago,1,2025,28828,2025-09-27 11:30:00,644482,244,13222,740347,Jordan Henderson,0.32880347967147827,0.8530000305175781,0.6140000152587891,7,Left Foot,Open Play,Goal
ENG-Premier League,2526,2025-09-27 Brentford-Manchester United,Brentford,Thiago,1,2025,28828,2025-09-27 11:30:00,644486,244,13222,,,0.5758193731307983,0.9269999694824219,0.48200000762939454,19,Left Foot,Open Play,Goal
ENG-Premier League,2526,2025-09-27 Brentford-Manchester United,Brentford,Thiago,1,2025,28828,2025-09-27 11:30:00,644499,244,13222,740342,Caoimhin Kelleher,0.025028405711054802,0.7619999694824219,0.5740000152587891,77,Left Foot,Open Play,Missed Shot
ENG-Premier League,2526,2025-09-27 Brentford-Manchester United,Brentford,Yehor Yarmolyuk,1,2025,28828,2025-09-27 11:30:00,644500,244,11772,,,0.0747782289981842,0.8219999694824218,0.4759999847412109,79,Left Foot,Open Play,Blocked Shot
ENG-Premier League,2526,2025-09-27 Brentford-Manchester United,Manchester United,Benjamin Sesko,1,2025,28828,2025-09-27 11:30:00,644481,89,11974,740366,Matheus Cunha,0.14662878215312958,0.8680000305175781,0.34,4,Right Foot,Open Play,Blocked Shot
ENG-Premier League,2526,2025-09-27 Brentford-Manchester United,Manchester United,Benjamin Sesko,1,2025,28828,2025-09-27 11:30:00,644487,89,11974,740362,Diogo Dalot,0.027179712429642677,0.7630000305175781,0.46799999237060547,22,Right Foot,Open Play,Saved Shot
ENG-Premier League,2526,2025-09-27 Brentford-Manchester United,Manchester United,Benjamin Sesko,1,2025,28828,2025-09-27 11:30:00,644488,89,11974,,,0.6919364333152771,0.9580000305175781,0.47900001525878905,25,,Open Play,Saved Shot
ENG-Premier League,2526,2025-09-27 Brentford-Manchester United,Manchester United,Benjamin Sesko,1,2025,28828,2025-09-27 11:30:00,644489,89,11974,,,0.6124233603477478,0.9519999694824218,0.4829999923706055,25,Right Foot,Open Play,Saved Shot
ENG-Premier League,2526,2025-09-27 Brentford-Manchester United,Manchester United,Benjamin Sesko,1,2025,28828,2025-09-27 11:30:00,644490,89,11974,,,0.6560744643211365,0.9640000152587891,0.5179999923706055,25,Left Foot,Open Play,Goal
ENG-Premier League,2526,2025-09-27 Brentford-Manchester United,Manchester United,Benjamin Sesko,1,2025,28828,2025-09-27 11:30:00,644492,89,11974,740367,Bryan Mbeumo,0.032091788947582245,0.9290000152587891,0.4209999847412109,31,,From Corner,Blocked Shot
ENG-Premier League,2526,2025-09-27 Brentford-Manchester United,Manchester United,Bruno Fernandes,1,2025,28828,2025-09-27 11:30:00,644498,89,1228,,,0.7611688375473022,0.885,0.5,75,Right Foot,,Saved Shot
ENG-Premier League,2526,2025-09-27 Brentford-Manchester United,Manchester United,Harry Maguire,1,2025,28828,2025-09-27 11:30:00,644494,89,1687,740367,Bryan Mbeumo,0.011196505278348923,0.97,0.6279999923706054,37,,From Corner,Missed Shot
ENG-Premier League,2526,2025-09-27 Brentford-Manchester United,Manchester United,Joshua Zirkzee,1,2025,28828,2025-09-27 11:30:00,644502,89,8044,740362,Diogo Dalot,0.08036608248949051,0.9209999847412109,0.555,91,,Open Play,Missed Shot
ENG-Premier League,2526,2025-09-27 Brentford-Manchester United,Manchester United,Matheus Cunha,1,2025,28828,2025-09-27 11:30:00,644483,89,7080,740364,Bruno Fernandes,0.02199307270348072,0.7709999847412109,0.3659999847412109,12,Right Foot,Open Play,Missed Shot
ENG-Premier League,2526,2025-09-27 Brentford-Manchester United,Manchester United,Matheus Cunha,1,2025,28828,2025-09-27 11:30:00,644491,89,7080,740362,Diogo Dalot,0.0206352137029171,0.7680000305175781,0.4,30,Right Foot,Set Piece,Blocked Shot
ENG-Premier League,2526,2025-09-27 Brentford-Manchester United,Manchester United,Matheus Cunha,1,2025,28828,2025-09-27 11:30:00,644493,89,7080,740368,Benjamin Sesko,0.05628003180027008,0.8119999694824219,0.4620000076293945,36,Right Foot,Open Play,Blocked Shot
ENG-Premier League,2526,2025-09-27 Brentford-Manchester United,Manchester United,Matheus Cunha,1,2025,28828,2025-09-27 11:30:00,644495,89,7080,740367,Bryan Mbeumo,0.030238481238484383,0.789000015258789,0.37200000762939456,51,Right Foot,Open Play,Saved Shot
ENG-Premier League,2526,2025-09-27 Brentford-Manchester United,Manchester United,Matthijs de Ligt,1,2025,28828,2025-09-27 11:30:00,644501,89,7902,,,0.08937100321054459,0.909000015258789,0.48900001525878906,82,Left Foot,Open Play,Missed Shot
ENG-Premier League,2526,2025-09-27 Chelsea-Brighton,Brighton,Carlos Baleba,1,2025,28829,2025-09-27 14:00:00,644668,220,10527,,,0.012917870655655861,0.7469999694824219,0.27600000381469725,5,Left Foot,Open Play,Blocked Shot
ENG-Premier League,2526,2025-09-27 Chelsea-Brighton,Brighton,Danny Welbeck,1,2025,28829,2025-09-27 14:00:00,644682,220,501,,,0.3398641049861908,0.9159999847412109,0.3820000076293945,71,Right Foot,Open Play,Missed Shot
ENG-Premier League,2526,2025-09-27 Chelsea-Brighton,Brighton,Danny Welbeck,1,2025,28829,2025-09-27 14:00:00,644684,220,501,740617,Yankuba Minteh,0.46309441328048706,0.9359999847412109,0.5020000076293946,76,,Open Play,Goal
ENG-Premier League,2526,2025-09-27 Chelsea-Brighton,Brighton,Danny Welbeck,1,2025,28829,2025-09-27 14:00:00,644688,220,501,740622,Brajan Gruda,0.60951828956604,0.95,0.5570000076293945,99,Left Foot,Open Play,Goal
ENG-Premier League,2526,2025-09-27 Chelsea-Brighton,Brighton,Diego Gómez,1,2025,28829,2025-09-27 14:00:00,644677,220,13364,,,0.08320274949073792,0.77,0.519000015258789,54,Right Foot,Direct Freekick,Missed Shot
ENG-Premier League,2526,2025-09-27 Chelsea-Brighton,Brighton,Jan Paul van Hecke,1,2025,28829,2025-09-27 14:00:00,644681,220,10807,,,0.03411123529076576,0.785,0.500999984741211,71,Right Foot,Open Play,Blocked Shot
ENG-Premier League,2526,2025-09-27 Chelsea-Brighton,Brighton,Lewis Dunk,1,2025,28829,2025-09-27 14:00:00,644676,220,6048,740616,Yasin Ayari,0.10247869044542313,0.9059999847412109,0.47900001525878905,41,,Set Piece,Missed Shot
ENG-Premier League,2526,2025-09-27 Chelsea-Brighton,Brighton,Maxim De Cuyper,1,2025,28829,2025-09-27 14:00:00,644687,220,13711,740624,Mats Wieffer,0.4856862723827362,0.965,0.48200000762939454,91,,From Corner,Goal
ENG-Premier League,2526,2025-09-27 Chelsea-Brighton,Brighton,Stefanos Tzimas,1,2025,28829,2025-09-27 14:00:00,644685,220,14028,740614,Ferdi Kadioglu,0.11290231347084045,0.9219999694824219,0.445,86,,Open Play,Missed Shot
ENG-Premier League,2526,2025-09-27 Chelsea-Brighton,Brighton,Yankuba Minteh,1,2025,28829,2025-09-27 14:00:00,644680,220,12759,740620,Georginio Rutter,0.1492491215467453,0.8969999694824219,0.524000015258789,68,Left Foot,Open Play,Missed Shot
ENG-Premier League,2526,2025-09-27 Chelsea-Brighton,Brighton,Yankuba Minteh,1,2025,28829,2025-09-27 14:00:00,644686,220,12759,740623,Stefanos Tzimas,0.05174189805984497,0.9259999847412109,0.5379999923706055,86,,Open Play,Missed Shot
ENG-Premier League,2526,2025-09-27 Chelsea-Brighton,Brighton,Yasin Ayari,1,2025,28829,2025-09-27 14:00:00,644675,220,11385,,,0.04777100309729576,0.725999984741211,0.5609999847412109,30,Right Foot,Direct Freekick,Missed Shot
ENG-Premier League,2526,2025-09-27 Chelsea-Brighton,Chelsea,Enzo Fernández,1,2025,28829,2025-09-27 14:00:00,644665,80,11356,,,0.058469995856285095,0.7419999694824219,0.534000015258789,2,Right Foot,Direct Freekick,Saved Shot
ENG-Premier League,2526,2025-09-27 Chelsea-Brighton,Chelsea,Enzo Fernández,1,2025,28829,2025-09-27 14:00:00,644673,80,11356,,,0.8962834477424622,0.980999984741211,0.5120000076293946,23,,Open Play,Goal
ENG-Premier League,2526,2025-09-27 Chelsea-Brighton,Chelsea,Enzo Fernández,1,2025,28829,2025-09-27 14:00:00,644683,80,11356,740599,Marc Cucurella,0.018925782293081284,0.745,0.545,75,Right Foot,Set Piece,Missed Shot
ENG-Premier League,2526,2025-09-27 Chelsea-Brighton,Chelsea,Enzo Fernández,1,2025,28829,2025-09-27 14:00:00,644689,80,11356,740596,Reece James,0.5552152991294861,0.9690000152587891,0.445,102,,Open Play,Missed Shot
ENG-Premier League,2526,2025-09-27 Chelsea-Brighton,Chelsea,Estêvão,1,2025,28829,2025-09-27 14:00:00,644669,80,13775,740604,João Pedro,0.06670285016298294,0.8440000152587891,0.38299999237060545,7,Left Foot,Open Play,Blocked Shot
ENG-Premier League,2526,2025-09-27 Chelsea-Brighton,Chelsea,Estêvão,1,2025,28829,2025-09-27 14:00:00,644671,80,13775,740595,Robert Sánchez,0.13102763891220093,0.9209999847412109,0.3120000076293945,11,Right Foot,Open Play,Blocked Shot
ENG-Premier League,2526,2025-09-27 Chelsea-Brighton,Chelsea,Estêvão,1,2025,28829,2025-09-27 14:00:00,644672,80,13775,740604,João Pedro,0.09045208990573883,0.8919999694824219,0.3679999923706055,14,Left Foot,Open Play,Blocked Shot
ENG-Premier League,2526,2025-09-27 Chelsea-Brighton,Chelsea,Marc Cucurella,1,2025,28829,2025-09-27 14:00:00,644667,80,7134,,,0.021900545805692673,0.8019999694824219,0.3559999847412109,4,Left Foot,From Corner,Missed Shot
ENG-Premier League,2526,2025-09-27 Chelsea-Brighton,Chelsea,Moisés Caicedo,1,2025,28829,2025-09-27 14:00:00,644678,80,9453,,,0.03930129110813141,0.805,0.48,57,Right Foot,Set Piece,Blocked Shot
ENG-Premier League,2526,2025-09-27 Chelsea-Brighton,Chelsea,Pedro Neto,1,2025,28829,2025-09-27 14:00:00,644666,80,6382,740601,Andrey Santos,0.04814089834690094,0.865,0.6869999694824219,3,Left Foot,Open Play,Blocked Shot
ENG-Premier League,2526,2025-09-27 Chelsea-Brighton,Chelsea,Pedro Neto,1,2025,28829,2025-09-27 14:00:00,644674,80,6382,740595,Robert Sánchez,0.0600149966776371,0.850999984741211,0.705999984741211,27,Left Foot,Open Play,Missed Shot
ENG-Premier League,2526,2025-09-27 Chelsea-Brighton,Chelsea,Reece James,1,2025,28829,2025-09-27 14:00:00,644670,80,8067,740605,Pedro Neto,0.017577754333615303,0.759000015258789,0.69,9,Right Foot,Set Piece,Saved Shot
ENG-Premier League,2526,2025-09-27 Chelsea-Brighton,Chelsea,Reece James,1,2025,28829,2025-09-27 14:00:00,644679,80,8067,740600,Enzo Fernández,0.02251484990119934,0.9230000305175782,0.8159999847412109,64,Right Foot,Set Piece,Blocked Shot
ENG-Premier League,2526,2025-09-27 Crystal Palace-Liverpool,Crystal Palace,Adam Wharton,1,2025,28830,2025-09-27 14:00:00,644698,78,12409,,,0.019078325480222702,0.7480000305175781,0.585,22,Left Foot,Open Play,Missed Shot
ENG-Premier League,2526,2025-09-27 Crystal Palace-Liverpool,Crystal Palace,Daniel Muñoz,1,2025,28830,2025-09-27 14:00:00,644695,78,12408,740631,Tyrick Mitchell,0.1408037394285202,0.8980000305175782,0.48400001525878905,21,Left Foot,Open Play,Saved Shot
ENG-Premier League,2526,2025-09-27 Crystal Palace-Liverpool,Crystal Palace,Daniel Muñoz,1,2025,28830,2025-09-27 14:00:00,644696,78,12408,,,0.03457946702837944,0.8980000305175782,0.48400001525878905,21,,Open Play,Missed Shot
ENG-Premier League,2526,2025-09-27 Crystal Palace-Liverpool,Crystal Palace,Daniel Muñoz,1,2025,28830,2025-09-27 14:00:00,644723,78,12408,740638,Eddie Nketiah,0.0978936105966568,0.8619999694824219,0.43099998474121093,85,Left Foot,Open Play,Saved Shot
ENG-Premier League,2526,2025-09-27 Crystal Palace-Liverpool,Crystal Palace,Eddie Nketiah,1,2025,28830,2025-09-27 14:00:00,644719,78,6482,740636,Jean-Philippe Mateta,0.3203686773777008,0.909000015258789,0.48900001525878906,78,,Open Play,Missed Shot
ENG-Premier League,2526,2025-09-27 Crystal Palace-Liverpool,Crystal Palace,Eddie Nketiah,1,2025,28830,2025-09-27 14:00:00,644725,78,6482,740629,Marc Guehi,0.4320649802684784,0.924000015258789,0.5540000152587891,96,Left Foot,Open Play,Goal
ENG-Premier League,2526,2025-09-27 Crystal Palace-Liverpool,Crystal Palace,Ismaila Sarr,1,2025,28830,2025-09-27 14:00:00,644690,78,5675,,,0.8101592063903809,0.9769999694824218,0.4859999847412109,8,Right Foot,From Corner,Goal
ENG-Premier League,2526,2025-09-27 Crystal Palace-Liverpool,Crystal Palace,Ismaila Sarr,1,2025,28830,2025-09-27 14:00:00,644701,78,5675,740633,Adam Wharton,0.13811001181602478,0.9619999694824218,0.5990000152587891,39,Right Foot,Open Play,Missed Shot
ENG-Premier League,2526,2025-09-27 Crystal Palace-Liverpool,Crystal Palace,Ismaila Sarr,1,2025,28830,2025-09-27 14:00:00,644702,78,5675,740630,Daniel Muñoz,0.08872662484645844,0.8930000305175781,0.3160000038146973,41,Right Foot,Open Play,Blocked Shot
ENG-Premier League,2526,2025-09-27 Crystal Palace-Liverpool,Crystal Palace,Jean-Philippe Mateta,1,2025,28830,2025-09-27 14:00:00,644697,78,5735,740633,Adam Wharton,0.3227490782737732,0.8590000152587891,0.624000015258789,22,Right Foot,Open Play,Saved Shot
ENG-Premier League,2526,2025-09-27 Crystal Palace-Liverpool,Crystal Palace,Jean-Philippe Mateta,1,2025,28830,2025-09-27 14:00:00,644703,78,5735,740633,Adam Wharton,0.02767280861735344,0.7530000305175781,0.5420000076293945,50,Right Foot,Open Play,Shot On Post
ENG-Premier League,2526,2025-09-27 Crystal Palace-Liverpool,Crystal Palace,Jean-Philippe Mateta,1,2025,28830,2025-09-27 14:00:00,644704,78,5735,740633,Adam Wharton,0.32119253277778625,0.899000015258789,0.6120000076293945,51,Left Foot,Open Play,Missed Shot
ENG-Premier League,2526,2025-09-27 Crystal Palace-Liverpool,Crystal Palace,Jean-Philippe Mateta,1,2025,28830,2025-09-27 14:00:00,644713,78,5735,740635,Yeremi Pino,0.23649154603481293,0.8830000305175781,0.5129999923706055,64,,Open Play,Saved Shot
ENG-Premier League,2526,2025-09-27 Crystal Palace-Liverpool,Crystal Palace,Jefferson Lerma,1,2025,28830,2025-09-27 14:00:00,644720,78,2182,,,0.020115099847316742,0.7809999847412109,0.39799999237060546,79,Right Foot,Set Piece,Missed Shot
ENG-Premier League,2526,2025-09-27 Crystal Palace-Liverpool,Crystal Palace,Jefferson Lerma,1,2025,28830,2025-09-27 14:00:00,644722,78,2182,740632,Daichi Kamada,0.01893117092549801,0.725,0.5870000076293945,85,Right Foot,Open Play,Blocked Shot
ENG-Premier League,2526,2025-09-27 Crystal Palace-Liverpool,Crystal Palace,Yeremi Pino,1,2025,28830,2025-09-27 14:00:00,644691,78,9024,740634,Ismaila Sarr,0.5153206586837769,0.884000015258789,0.5770000076293945,10,Left Foot,Open Play,Saved Shot
ENG-Premier League,2526,2025-09-27 Crystal Palace-Liverpool,Liverpool,Alexander Isak,1,2025,28830,2025-09-27 14:00:00,644699,87,5232,740648,Mohamed Salah,0.07774045318365097,0.894000015258789,0.27899999618530275,27,Right Foot,Open Play,Missed Shot
ENG-Premier League,2526,2025-09-27 Crystal Palace-Liverpool,Liverpool,Alexander Isak,1,2025,28830,2025-09-27 14:00:00,644712,87,5232,740646,Alexis Mac Allister,0.4024654030799866,0.9330000305175781,0.585,63,Right Foot,Open Play,Missed Shot
ENG-Premier League,2526,2025-09-27 Crystal Palace-Liverpool,Liverpool,Alexander Isak,1,2025,28830,2025-09-27 14:00:00,644715,87,5232,740655,Curtis Jones,0.3938963711261749,0.9540000152587891,0.4590000152587891,69,,From Corner,Missed Shot
ENG-Premier League,2526,2025-09-27 Crystal Palace-Liverpool,Liverpool,Alexis Mac Allister,1,2025,28830,2025-09-27 14:00:00,644707,87,8379,740645,Milos Kerkez,0.06512843072414398,0.8209999847412109,0.509000015258789,46,Right Foot,Open Play,Blocked Shot
ENG-Premier League,2526,2025-09-27 Crystal Palace-Liverpool,Liverpool,Cody Gakpo,1,2025,28830,2025-09-27 14:00:00,644708,87,11296,740650,Florian Wirtz,0.03944385051727295,0.7869999694824219,0.55,51,Right Foot,Open Play,Missed Shot
ENG-Premier League,2526,2025-09-27 Crystal Palace-Liverpool,Liverpool,Cody Gakpo,1,2025,28830,2025-09-27 14:00:00,644710,87,11296,,,0.026001110672950745,0.8730000305175781,0.7169999694824218,59,Left Foot,From Corner,Blocked Shot
ENG-Premier League,2526,2025-09-27 Crystal Palace-Liverpool,Liverpool,Cody Gakpo,1,2025,28830,2025-09-27 14:00:00,644714,87,11296,740649,Dominik Szoboszlai,0.07172448188066483,0.899000015258789,0.5429999923706055,65,,Open Play,Missed Shot
ENG-Premier League,2526,2025-09-27 Crystal Palace-Liverpool,Liverpool,Curtis Jones,1,2025,28830,2025-09-27 14:00:00,644716,87,6665,,,0.01863868720829487,0.7469999694824219,0.534000015258789,75,Left Foot,Open Play,Missed Shot
ENG-Premier League,2526,2025-09-27 Crystal Palace-Liverpool,Liverpool,Dominik Szoboszlai,1,2025,28830,2025-09-27 14:00:00,644717,87,9788,,,0.04575251415371895,0.88,0.32099998474121094,75,Right Foot,Open Play,Blocked Shot
ENG-Premier League,2526,2025-09-27 Crystal Palace-Liverpool,Liverpool,Federico Chiesa,1,2025,28830,2025-09-27 14:00:00,644721,87,1433,740648,Mohamed Salah,0.050919756293296814,0.815,0.48900001525878906,84,Left Foot,Open Play,Missed Shot
ENG-Premier League,2526,2025-09-27 Crystal Palace-Liverpool,Liverpool,Federico Chiesa,1,2025,28830,2025-09-27 14:00:00,644724,87,1433,,,0.45563381910324097,0.914000015258789,0.5559999847412109,86,Right Foot,Open Play,Goal
ENG-Premier League,2526,2025-09-27 Crystal Palace-Liverpool,Liverpool,Florian Wirtz,1,2025,28830,2025-09-27 14:00:00,644706,87,8397,,,0.08775600045919418,0.865999984741211,0.5929999923706055,45,Left Foot,Open Play,Blocked Shot
ENG-Premier League,2526,2025-09-27 Crystal Palace-Liverpool,Liverpool,Florian Wirtz,1,2025,28830,2025-09-27 14:00:00,644709,87,8397,740649,Dominik Szoboszlai,0.473807692527771,0.93,0.519000015258789,58,Right Foot,Open Play,Saved Shot
ENG-Premier League,2526,2025-09-27 Crystal Palace-Liverpool,Liverpool,Ibrahima Konaté,1,2025,28830,2025-09-27 14:00:00,644700,87,6326,740649,Dominik Szoboszlai,0.3558376729488373,0.9280000305175782,0.4809999847412109,37,,From Corner,Missed Shot
ENG-Premier League,2526,2025-09-27 Crystal Palace-Liverpool,Liverpool,Milos Kerkez,1,2025,28830,2025-09-27 14:00:00,644694,87,11709,,,0.04265880957245827,0.9269999694824219,0.69,18,Left Foot,Set Piece,Missed Shot
ENG-Premier League,2526,2025-09-27 Crystal Palace-Liverpool,Liverpool,Mohamed Salah,1,2025,28830,2025-09-27 14:00:00,644692,87,1250,,,0.10607809573411942,0.7909999847412109,0.5559999847412109,18,Left Foot,Direct Freekick,Blocked Shot
ENG-Premier League,2526,2025-09-27 Crystal Palace-Liverpool,Liverpool,Mohamed Salah,1,2025,28830,2025-09-27 14:00:00,644705,87,1250,740643,Ibrahima Konaté,0.23416182398796082,0.914000015258789,0.32099998474121094,53,Left Foot,Open Play,Saved Shot
ENG-Premier League,2526,2025-09-27 Crystal Palace-Liverpool,Liverpool,Mohamed Salah,1,2025,28830,2025-09-27 14:00:00,644718,87,1250,740649,Dominik Szoboszlai,0.13148462772369385,0.9309999847412109,0.46299999237060546,75,Left Foot,Open Play,Missed Shot
ENG-Premier League,2526,2025-09-27 Crystal Palace-Liverpool,Liverpool,Ryan Gravenberch,1,2025,28830,2025-09-27 14:00:00,644693,87,10697,,,0.01760987378656864,0.7909999847412109,0.6519999694824219,18,Right Foot,Set Piece,Saved Shot
ENG-Premier League,2526,2025-09-27 Crystal Palace-Liverpool,Liverpool,Ryan Gravenberch,1,2025,28830,2025-09-27 14:00:00,644711,87,10697,740654,Cody Gakpo,0.01809746026992798,0.759000015258789,0.6459999847412109,59,Right Foot,Open Play,Missed Shot
ENG-Premier League,2526,2025-09-27 Leeds-Bournemouth,Bournemouth,Amine Adli,1,2025,28832,2025-09-27 14:00:00,644738,73,8211,740680,Justin Kluivert,0.07953527569770813,0.8430000305175781,0.35400001525878905,39,Left Foot,Open Play,Saved Shot
ENG-Premier League,2526,2025-09-27 Leeds-Bournemouth,Bournemouth,Antoine Semenyo,1,2025,28832,2025-09-27 14:00:00,644735,73,11363,,,0.15621031820774078,0.8169999694824219,0.5559999847412109,25,Right Foot,Direct Freekick,Goal
ENG-Premier League,2526,2025-09-27 Leeds-Bournemouth,Bournemouth,Ben Doak,1,2025,28832,2025-09-27 14:00:00,644756,73,11231,,,0.08515836298465729,0.874000015258789,0.47900001525878905,96,Right Foot,Open Play,Blocked Shot
ENG-Premier League,2526,2025-09-27 Leeds-Bournemouth,Bournemouth,David Brooks,1,2025,28832,2025-09-27 14:00:00,644747,73,6820,740672,Alejandro Jiménez,0.04596828296780586,0.9580000305175781,0.33099998474121095,69,Left Foot,Open Play,Saved Shot
ENG-Premier League,2526,2025-09-27 Leeds-Bournemouth,Bournemouth,David Brooks,1,2025,28832,2025-09-27 14:00:00,644755,73,6820,,,0.012017984874546528,0.75,0.51,95,Left Foot,Open Play,Missed Shot
ENG-Premier League,2526,2025-09-27 Leeds-Bournemouth,Bournemouth,Eli Junior Kroupi,1,2025,28832,2025-09-27 14:00:00,644751,73,11504,740684,Marcus Tavernier,0.019791070371866226,0.7319999694824219,0.49,83,Right Foot,Open Play,Blocked Shot
ENG-Premier League,2526,2025-09-27 Leeds-Bournemouth,Bournemouth,Eli Junior Kroupi,1,2025,28832,2025-09-27 14:00:00,644752,73,11504,740681,Evanilson,0.07590590417385101,0.855,0.58,84,Right Foot,Open Play,Saved Shot
ENG-Premier League,2526,2025-09-27 Leeds-Bournemouth,Bournemouth,Eli Junior Kroupi,1,2025,28832,2025-09-27 14:00:00,644754,73,11504,740673,Marcos Senesi,0.45427587628364563,0.9359999847412109,0.5740000152587891,92,Right Foot,Set Piece,Goal
ENG-Premier League,2526,2025-09-27 Leeds-Bournemouth,Bournemouth,Evanilson,1,2025,28832,2025-09-27 14:00:00,644744,73,12963,,,0.05434005334973335,0.8480000305175781,0.3990000152587891,58,Left Foot,Set Piece,Missed Shot
ENG-Premier League,2526,2025-09-27 Leeds-Bournemouth,Bournemouth,Ryan Christie,1,2025,28832,2025-09-27 14:00:00,644727,73,10744,740678,Antoine Semenyo,0.015981025993824005,0.7390000152587891,0.5259999847412109,4,Left Foot,Open Play,Missed Shot
ENG-Premier League,2526,2025-09-27 Leeds-Bournemouth,Bournemouth,Ryan Christie,1,2025,28832,2025-09-27 14:00:00,644728,73,10744,740679,Amine Adli,0.03374139964580536,0.83,0.5790000152587891,5,Left Foot,From Corner,Missed Shot
ENG-Premier League,2526,2025-09-27 Leeds-Bournemouth,Bournemouth,Tyler Adams,1,2025,28832,2025-09-27 14:00:00,644729,73,7352,740679,Amine Adli,0.027403391897678375,0.795,0.3579999923706055,9,Right Foot,Open Play,Blocked Shot
ENG-Premier League,2526,2025-09-27 Leeds-Bournemouth,Leeds,Brenden Aaronson,1,2025,28832,2025-09-27 14:00:00,644732,245,10751,740667,Noah Okafor,0.5234494209289551,0.9390000152587891,0.48700000762939455,17,,Open Play,Saved Shot
ENG-Premier League,2526,2025-09-27 Leeds-Bournemouth,Leeds,Brenden Aaronson,1,2025,28832,2025-09-27 14:00:00,644733,245,10751,740658,Jayden Bogle,0.05241433158516884,0.8730000305175781,0.37799999237060544,18,Right Foot,Open Play,Missed Shot
ENG-Premier League,2526,2025-09-27 Leeds-Bournemouth,Leeds,Brenden Aaronson,1,2025,28832,2025-09-27 14:00:00,644739,245,10751,740659,Pascal Struijk,0.015542044304311275,0.8280000305175781,0.33599998474121096,43,Right Foot,Open Play,Blocked Shot
ENG-Premier League,2526,2025-09-27 Leeds-Bournemouth,Leeds,Brenden Aaronson,1,2025,28832,2025-09-27 14:00:00,644740,245,10751,740663,Sean Longstaff,0.06817736476659775,0.8330000305175781,0.47099998474121096,51,Right Foot,Open Play,Blocked Shot
ENG-Premier League,2526,2025-09-27 Leeds-Bournemouth,Leeds,Brenden Aaronson,1,2025,28832,2025-09-27 14:00:00,644742,245,10751,,,0.08042635768651962,0.8780000305175781,0.5640000152587891,53,Right Foot,From Corner,Blocked Shot
ENG-Premier League,2526,2025-09-27 Leeds-Bournemouth,Leeds,Dominic Calvert-Lewin,1,2025,28832,2025-09-27 14:00:00,644726,245,5555,740663,Sean Longstaff,0.29511862993240356,0.8919999694824219,0.3920000076293945,0,Right Foot,Open Play,Saved Shot
ENG-Premier League,2526,2025-09-27 Leeds-Bournemouth,Leeds,Dominic Calvert-Lewin,1,2025,28832,2025-09-27 14:00:00,644731,245,5555,740663,Sean Longstaff,0.14390301704406738,0.93,0.5409999847412109,17,Right Foot,Open Play,Saved Shot
ENG-Premier League,2526,2025-09-27 Leeds-Bournemouth,Leeds,Dominic Calvert-Lewin,1,2025,28832,2025-09-27 14:00:00,644734,245,5555,740665,Brenden Aaronson,0.2850116491317749,0.9080000305175782,0.5479999923706055,18,,Open Play,Saved Shot
ENG-Premier League,2526,2025-09-27 Leeds-Bournemouth,Leeds,Jack Harrison,1,2025,28832,2025-09-27 14:00:00,644748,245,8720,740662,Anton Stach,0.03881917893886566,0.769000015258789,0.5590000152587891,69,Left Foot,Open Play,Saved Shot
ENG-Premier League,2526,2025-09-27 Leeds-Bournemouth,Leeds,Jack Harrison,1,2025,28832,2025-09-27 14:00:00,644749,245,8720,740666,Dominic Calvert-Lewin,0.05195796489715576,0.88,0.7119999694824218,73,Left Foot,Open Play,Missed Shot
ENG-Premier League,2526,2025-09-27 Leeds-Bournemouth,Leeds,Joe Rodon,1,2025,28832,2025-09-27 14:00:00,644737,245,6377,740663,Sean Longstaff,0.040956467390060425,0.904000015258789,0.5770000076293945,36,,From Corner,Goal
ENG-Premier League,2526,2025-09-27 Leeds-Bournemouth,Leeds,Joe Rodon,1,2025,28832,2025-09-27 14:00:00,644745,245,6377,740663,Sean Longstaff,0.055537186563014984,0.9359999847412109,0.544000015258789,64,,From Corner,Blocked Shot
ENG-Premier League,2526,2025-09-27 Leeds-Bournemouth,Leeds,Joe Rodon,1,2025,28832,2025-09-27 14:00:00,644746,245,6377,,,0.1397479772567749,0.9359999847412109,0.5409999847412109,64,Right Foot,From Corner,Saved Shot
ENG-Premier League,2526,2025-09-27 Leeds-Bournemouth,Leeds,Joe Rodon,1,2025,28832,2025-09-27 14:00:00,644753,245,6377,740663,Sean Longstaff,0.031115632504224777,0.9269999694824219,0.565,85,,From Corner,Missed Shot
ENG-Premier League,2526,2025-09-27 Leeds-Bournemouth,Leeds,Noah Okafor,1,2025,28832,2025-09-27 14:00:00,644736,245,11966,,,0.019042979925870895,0.7830000305175782,0.634000015258789,36,Right Foot,From Corner,Blocked Shot
ENG-Premier League,2526,2025-09-27 Leeds-Bournemouth,Leeds,Noah Okafor,1,2025,28832,2025-09-27 14:00:00,644741,245,11966,,,0.030303258448839188,0.9230000305175782,0.7230000305175781,53,Right Foot,From Corner,Blocked Shot
ENG-Premier League,2526,2025-09-27 Leeds-Bournemouth,Leeds,Pascal Struijk,1,2025,28832,2025-09-27 14:00:00,644750,245,8717,740663,Sean Longstaff,0.09580859541893005,0.9180000305175782,0.519000015258789,78,,From Corner,Missed Shot
ENG-Premier League,2526,2025-09-27 Leeds-Bournemouth,Leeds,Sean Longstaff,1,2025,28832,2025-09-27 14:00:00,644730,245,7078,,,0.05882275477051735,0.8530000305175781,0.39299999237060546,17,Right Foot,Open Play,Missed Shot
ENG-Premier League,2526,2025-09-27 Leeds-Bournemouth,Leeds,Sean Longstaff,1,2025,28832,2025-09-27 14:00:00,644743,245,7078,,,0.05472564324736595,0.8630000305175781,0.39599998474121095,53,Right Foot,From Corner,Goal
ENG-Premier League,2526,2025-09-27 Manchester City-Burnley,Burnley,Jaidon Anthony,1,2025,28833,2025-09-27 14:00:00,644769,92,10746,740707,Quilindschy Hartman,0.10541720688343048,0.8969999694824219,0.5529999923706055,37,Left Foot,Open Play,Goal
ENG-Premier League,2526,2025-09-27 Manchester City-Burnley,Burnley,Josh Laurent,1,2025,28833,2025-09-27 14:00:00,644768,92,13728,,,0.0366329625248909,0.8590000152587891,0.2989999961853027,29,Right Foot,Open Play,Blocked Shot
ENG-Premier League,2526,2025-09-27 Manchester City-Burnley,Burnley,Kyle Walker,1,2025,28833,2025-09-27 14:00:00,644763,92,638,740709,Josh Cullen,0.02084440365433693,0.7719999694824219,0.325,22,Right Foot,Open Play,Blocked Shot
ENG-Premier League,2526,2025-09-27 Manchester City-Burnley,Burnley,Loum Tchaouna,1,2025,28833,2025-09-27 14:00:00,644767,92,9977,740712,Lyle Foster,0.07338956743478775,0.86,0.3970000076293945,29,Left Foot,Open Play,Blocked Shot
ENG-Premier League,2526,2025-09-27 Manchester City-Burnley,Burnley,Lyle Foster,1,2025,28833,2025-09-27 14:00:00,644771,92,7498,740705,Hjalmar Ekdal,0.11199194192886353,0.9130000305175782,0.5370000076293945,43,Right Foot,Open Play,Missed Shot
ENG-Premier League,2526,2025-09-27 Manchester City-Burnley,Burnley,Lyle Foster,1,2025,28833,2025-09-27 14:00:00,644774,92,7498,740711,Jaidon Anthony,0.053459253162145615,0.8159999847412109,0.6869999694824219,46,Right Foot,Open Play,Blocked Shot
ENG-Premier League,2526,2025-09-27 Manchester City-Burnley,Burnley,Lyle Foster,1,2025,28833,2025-09-27 14:00:00,644777,92,7498,740711,Jaidon Anthony,0.0722714439034462,0.904000015258789,0.435,55,,Open Play,Blocked Shot
ENG-Premier League,2526,2025-09-27 Manchester City-Burnley,Burnley,Maxime Estève,1,2025,28833,2025-09-27 14:00:00,644761,92,9487,,,0.0,0.04300000190734863,0.47400001525878904,11,Left Foot,Open Play,Own Goal
ENG-Premier League,2526,2025-09-27 Manchester City-Burnley,Burnley,Maxime Estève,1,2025,28833,2025-09-27 14:00:00,644778,92,9487,,,0.018914276733994484,0.8019999694824219,0.69,56,Left Foot,Open Play,Missed Shot
ENG-Premier League,2526,2025-09-27 Manchester City-Burnley,Burnley,Maxime Estève,1,2025,28833,2025-09-27 14:00:00,644781,92,9487,,,0.0,0.08899999618530273,0.580999984741211,64,Right Foot,Open Play,Own Goal
ENG-Premier League,2526,2025-09-27 Manchester City-Burnley,Burnley,Quilindschy Hartman,1,2025,28833,2025-09-27 14:00:00,644776,92,13727,740711,Jaidon Anthony,0.020625118166208267,0.784000015258789,0.6959999847412109,55,Left Foot,Open Play,Saved Shot
ENG-Premier League,2526,2025-09-27 Manchester City-Burnley,Manchester City,Erling Haaland,1,2025,28833,2025-09-27 14:00:00,644766,88,8260,740692,Nico González,0.4720453917980194,0.9369999694824219,0.45799999237060546,24,Left Foot,From Corner,Missed Shot
ENG-Premier League,2526,2025-09-27 Manchester City-Burnley,Manchester City,Erling Haaland,1,2025,28833,2025-09-27 14:00:00,644770,88,8260,740689,Josko Gvardiol,0.07865875214338303,0.8869999694824219,0.4490000152587891,39,Left Foot,Open Play,Missed Shot
ENG-Premier League,2526,2025-09-27 Manchester City-Burnley,Manchester City,Erling Haaland,1,2025,28833,2025-09-27 14:00:00,644775,88,8260,740695,Phil Foden,0.012025133706629276,0.9169999694824219,0.34700000762939454,52,,From Corner,Blocked Shot
ENG-Premier League,2526,2025-09-27 Manchester City-Burnley,Manchester City,Erling Haaland,1,2025,28833,2025-09-27 14:00:00,644782,88,8260,740691,Nico O'Reilly,0.04706777259707451,0.9209999847412109,0.43400001525878906,69,,Open Play,Missed Shot
ENG-Premier League,2526,2025-09-27 Manchester City-Burnley,Manchester City,Erling Haaland,1,2025,28833,2025-09-27 14:00:00,644785,88,8260,,,0.09785023331642151,0.87,0.4,85,Left Foot,Open Play,Saved Shot
ENG-Premier League,2526,2025-09-27 Manchester City-Burnley,Manchester City,Erling Haaland,1,2025,28833,2025-09-27 14:00:00,644787,88,8260,740696,Jéremy Doku,0.5415464043617249,0.919000015258789,0.435,89,Left Foot,Open Play,Goal
ENG-Premier League,2526,2025-09-27 Manchester City-Burnley,Manchester City,Erling Haaland,1,2025,28833,2025-09-27 14:00:00,644788,88,8260,,,0.4944879412651062,0.8809999847412109,0.5159999847412109,92,Left Foot,Open Play,Goal
ENG-Premier League,2526,2025-09-27 Manchester City-Burnley,Manchester City,Josko Gvardiol,1,2025,28833,2025-09-27 14:00:00,644757,88,9790,740695,Phil Foden,0.015029344707727432,0.735,0.61,5,Left Foot,Open Play,Blocked Shot
ENG-Premier League,2526,2025-09-27 Manchester City-Burnley,Manchester City,Josko Gvardiol,1,2025,28833,2025-09-27 14:00:00,644773,88,9790,740696,Jéremy Doku,0.016622938215732574,0.7769999694824219,0.6840000152587891,45,Right Foot,Open Play,Blocked Shot
ENG-Premier League,2526,2025-09-27 Manchester City-Burnley,Manchester City,Jéremy Doku,1,2025,28833,2025-09-27 14:00:00,644760,88,8981,740697,Erling Haaland,0.11835430562496185,0.925,0.6609999847412109,11,Left Foot,Open Play,Saved Shot
ENG-Premier League,2526,2025-09-27 Manchester City-Burnley,Manchester City,Jéremy Doku,1,2025,28833,2025-09-27 14:00:00,644764,88,8981,,,0.34700143337249756,0.9330000305175781,0.644000015258789,24,Left Foot,Open Play,Saved Shot
ENG-Premier League,2526,2025-09-27 Manchester City-Burnley,Manchester City,Jéremy Doku,1,2025,28833,2025-09-27 14:00:00,644784,88,8981,740698,Nathan Aké,0.1935984045267105,0.9259999847412109,0.615,74,Right Foot,Open Play,Saved Shot
ENG-Premier League,2526,2025-09-27 Manchester City-Burnley,Manchester City,Matheus Nunes,1,2025,28833,2025-09-27 14:00:00,644772,88,11000,,,0.014534319750964642,0.73,0.5720000076293945,45,Left Foot,From Corner,Missed Shot
ENG-Premier League,2526,2025-09-27 Manchester City-Burnley,Manchester City,Matheus Nunes,1,2025,28833,2025-09-27 14:00:00,644780,88,11000,740697,Erling Haaland,0.5216270089149475,0.9330000305175781,0.47200000762939454,60,Right Foot,Open Play,Goal
ENG-Premier League,2526,2025-09-27 Manchester City-Burnley,Manchester City,Nathan Aké,1,2025,28833,2025-09-27 14:00:00,644786,88,579,740695,Phil Foden,0.030900202691555023,0.9130000305175782,0.534000015258789,86,,From Corner,Missed Shot
ENG-Premier League,2526,2025-09-27 Manchester City-Burnley,Manchester City,Nico González,1,2025,28833,2025-09-27 14:00:00,644765,88,9802,,,0.06629744172096252,0.7809999847412109,0.485,24,Right Foot,Open Play,Blocked Shot
ENG-Premier League,2526,2025-09-27 Manchester City-Burnley,Manchester City,Nico O&#039;Reilly,1,2025,28833,2025-09-27 14:00:00,644758,88,11592,,,0.011042925529181957,0.7680000305175781,0.685,10,Left Foot,Open Play,Blocked Shot
ENG-Premier League,2526,2025-09-27 Manchester City-Burnley,Manchester City,Sávio,1,2025,28833,2025-09-27 14:00:00,644759,88,11735,,,0.0183347649872303,0.8569999694824219,0.325,10,Left Foot,From Corner,Missed Shot
ENG-Premier League,2526,2025-09-27 Manchester City-Burnley,Manchester City,Tijjani Reijnders,1,2025,28833,2025-09-27 14:00:00,644762,88,11965,740696,Jéremy Doku,0.0644005835056305,0.8130000305175781,0.500999984741211,20,Right Foot,Open Play,Blocked Shot
ENG-Premier League,2526,2025-09-27 Manchester City-Burnley,Manchester City,Tijjani Reijnders,1,2025,28833,2025-09-27 14:00:00,644779,88,11965,740692,Nico González,0.03158290684223175,0.8059999847412109,0.5529999923706055,58,Right Foot,From Corner,Missed Shot
ENG-Premier League,2526,2025-09-27 Manchester City-Burnley,Manchester City,Tijjani Reijnders,1,2025,28833,2025-09-27 14:00:00,644783,88,11965,740691,Nico O'Reilly,0.028325989842414856,0.73,0.5229999923706055,72,Right Foot,Open Play,Saved Shot
ENG-Premier League,2526,2025-09-27 Nottingham Forest-Sunderland,Nottingham Forest,Chris Wood,1,2025,28834,2025-09-27 16:30:00,644918,249,4456,740872,Neco Williams,0.03518540412187576,0.91,0.5,22,,From Corner,Missed Shot
ENG-Premier League,2526,2025-09-27 Nottingham Forest-Sunderland,Nottingham Forest,Chris Wood,1,2025,28834,2025-09-27 16:30:00,644920,249,4456,740872,Neco Williams,0.03311945125460625,0.8880000305175781,0.46799999237060547,26,,Open Play,Missed Shot
ENG-Premier League,2526,2025-09-27 Nottingham Forest-Sunderland,Nottingham Forest,Chris Wood,1,2025,28834,2025-09-27 16:30:00,644924,249,4456,740878,Dilane Bakwa,0.13360798358917236,0.9730000305175781,0.544000015258789,47,,From Corner,Missed Shot
ENG-Premier League,2526,2025-09-27 Nottingham Forest-Sunderland,Nottingham Forest,Chris Wood,1,2025,28834,2025-09-27 16:30:00,644942,249,4456,740886,Omari Hutchinson,0.11196960508823395,0.93,0.47099998474121096,79,Right Foot,Open Play,Saved Shot
ENG-Premier League,2526,2025-09-27 Nottingham Forest-Sunderland,Nottingham Forest,Chris Wood,1,2025,28834,2025-09-27 16:30:00,644943,249,4456,,,0.05336592346429825,0.96,0.33099998474121095,79,Right Foot,Open Play,Missed Shot
ENG-Premier League,2526,2025-09-27 Nottingham Forest-Sunderland,Nottingham Forest,Chris Wood,1,2025,28834,2025-09-27 16:30:00,644944,249,4456,740886,Omari Hutchinson,0.3272562325000763,0.93,0.5459999847412109,80,,Open Play,Missed Shot
ENG-Premier League,2526,2025-09-27 Nottingham Forest-Sunderland,Nottingham Forest,Dan Ndoye,1,2025,28834,2025-09-27 16:30:00,644923,249,8662,,,0.05085190013051033,0.87,0.6459999847412109,46,Right Foot,Open Play,Blocked Shot
ENG-Premier League,2526,2025-09-27 Nottingham Forest-Sunderland,Nottingham Forest,Dilane Bakwa,1,2025,28834,2025-09-27 16:30:00,644936,249,8920,,,0.054700203239917755,0.835999984741211,0.4779999923706055,67,Left Foot,Open Play,Saved Shot
ENG-Premier League,2526,2025-09-27 Nottingham Forest-Sunderland,Nottingham Forest,Elliot Anderson,1,2025,28834,2025-09-27 16:30:00,644919,249,9154,740878,Dilane Bakwa,0.11582688987255096,0.8480000305175781,0.5559999847412109,25,Left Foot,Open Play,Blocked Shot
ENG-Premier League,2526,2025-09-27 Nottingham Forest-Sunderland,Nottingham Forest,Elliot Anderson,1,2025,28834,2025-09-27 16:30:00,644933,249,9154,740884,Callum Hudson-Odoi,0.024488838389515877,0.8240000152587891,0.700999984741211,64,Right Foot,Open Play,Missed Shot
ENG-Premier League,2526,2025-09-27 Nottingham Forest-Sunderland,Nottingham Forest,Elliot Anderson,1,2025,28834,2025-09-27 16:30:00,644935,249,9154,740875,Oleksandr Zinchenko,0.019006147980690002,0.784000015258789,0.7030000305175781,66,Right Foot,From Corner,Missed Shot
ENG-Premier League,2526,2025-09-27 Nottingham Forest-Sunderland,Nottingham Forest,Elliot Anderson,1,2025,28834,2025-09-27 16:30:00,644941,249,9154,740885,Morgan Gibbs-White,0.019598819315433502,0.76,0.6370000076293946,73,Right Foot,Open Play,Saved Shot
ENG-Premier League,2526,2025-09-27 Nottingham Forest-Sunderland,Nottingham Forest,Igor Jesus,1,2025,28834,2025-09-27 16:30:00,644938,249,13778,740886,Omari Hutchinson,0.06851232051849365,0.9030000305175782,0.39,72,Right Foot,Open Play,Blocked Shot
ENG-Premier League,2526,2025-09-27 Nottingham Forest-Sunderland,Nottingham Forest,Igor Jesus,1,2025,28834,2025-09-27 16:30:00,644940,249,13778,740886,Omari Hutchinson,0.05337727442383766,0.8819999694824219,0.48700000762939455,73,,Open Play,Saved Shot
ENG-Premier League,2526,2025-09-27 Nottingham Forest-Sunderland,Nottingham Forest,James McAtee,1,2025,28834,2025-09-27 16:30:00,644930,249,10126,740878,Dilane Bakwa,0.01315337885171175,0.6859999847412109,0.42,57,Left Foot,Open Play,Blocked Shot
ENG-Premier League,2526,2025-09-27 Nottingham Forest-Sunderland,Nottingham Forest,Morato,1,2025,28834,2025-09-27 16:30:00,644948,249,13068,740884,Callum Hudson-Odoi,0.026082856580615044,0.8169999694824219,0.675,92,Left Foot,Open Play,Missed Shot
ENG-Premier League,2526,2025-09-27 Nottingham Forest-Sunderland,Nottingham Forest,Morgan Gibbs-White,1,2025,28834,2025-09-27 16:30:00,644931,249,6857,,,0.02340538427233696,0.7630000305175781,0.5729999923706055,63,Left Foot,Open Play,Blocked Shot
ENG-Premier League,2526,2025-09-27 Nottingham Forest-Sunderland,Nottingham Forest,Morgan Gibbs-White,1,2025,28834,2025-09-27 16:30:00,644932,249,6857,,,0.06003512814640999,0.9059999847412109,0.64,63,Right Foot,From Corner,Missed Shot
ENG-Premier League,2526,2025-09-27 Nottingham Forest-Sunderland,Nottingham Forest,Morgan Gibbs-White,1,2025,28834,2025-09-27 16:30:00,644946,249,6857,740877,Elliot Anderson,0.04506363719701767,0.86,0.3029999923706055,87,Right Foot,Open Play,Blocked Shot
ENG-Premier League,2526,2025-09-27 Nottingham Forest-Sunderland,Nottingham Forest,Nikola Milenkovic,1,2025,28834,2025-09-27 16:30:00,644934,249,6174,740872,Neco Williams,0.04757982864975929,0.889000015258789,0.5159999847412109,65,,From Corner,Missed Shot
ENG-Premier League,2526,2025-09-27 Nottingham Forest-Sunderland,Nottingham Forest,Omari Hutchinson,1,2025,28834,2025-09-27 16:30:00,644939,249,10348,,,0.08545434474945068,0.889000015258789,0.44799999237060545,72,Left Foot,Open Play,Saved Shot
ENG-Premier League,2526,2025-09-27 Nottingham Forest-Sunderland,Nottingham Forest,Omari Hutchinson,1,2025,28834,2025-09-27 16:30:00,644945,249,10348,740872,Neco Williams,0.03048582375049591,0.8209999847412109,0.3029999923706055,83,Left Foot,Open Play,Saved Shot
ENG-Premier League,2526,2025-09-27 Nottingham Forest-Sunderland,Sunderland,Arthur Masuaku,1,2025,28834,2025-09-27 16:30:00,644927,77,1760,,,0.07842346280813217,0.8880000305175781,0.445,49,Left Foot,Set Piece,Blocked Shot
ENG-Premier League,2526,2025-09-27 Nottingham Forest-Sunderland,Sunderland,Bertrand Traoré,1,2025,28834,2025-09-27 16:30:00,644937,77,695,740896,Enzo Le Fée,0.08234591782093048,0.8590000152587891,0.35900001525878905,68,Left Foot,Open Play,Saved Shot
ENG-Premier League,2526,2025-09-27 Nottingham Forest-Sunderland,Sunderland,Chemsdine Talbi,1,2025,28834,2025-09-27 16:30:00,644928,77,13717,,,0.03673868253827095,0.855,0.34599998474121096,49,Left Foot,Set Piece,Missed Shot
ENG-Premier League,2526,2025-09-27 Nottingham Forest-Sunderland,Sunderland,Chris Rigg,1,2025,28834,2025-09-27 16:30:00,644929,77,13719,,,0.04101390019059181,0.8190000152587891,0.4879999923706055,50,Left Foot,From Corner,Missed Shot
ENG-Premier League,2526,2025-09-27 Nottingham Forest-Sunderland,Sunderland,Dan Ballard,1,2025,28834,2025-09-27 16:30:00,644947,77,13715,,,0.537736713886261,0.960999984741211,0.5679999923706055,89,Right Foot,From Corner,Missed Shot
ENG-Premier League,2526,2025-09-27 Nottingham Forest-Sunderland,Sunderland,Lutsharel Geertruida,1,2025,28834,2025-09-27 16:30:00,644949,77,13064,740898,Bertrand Traoré,0.48065900802612305,0.915,0.4420000076293945,93,Right Foot,Open Play,Saved Shot
ENG-Premier League,2526,2025-09-27 Nottingham Forest-Sunderland,Sunderland,Noah Sadiki,1,2025,28834,2025-09-27 16:30:00,644921,77,13716,740887,Robin Roefs,0.02774260938167572,0.7930000305175782,0.6379999923706055,35,Left Foot,Open Play,Blocked Shot
ENG-Premier League,2526,2025-09-27 Nottingham Forest-Sunderland,Sunderland,Omar Alderete,1,2025,28834,2025-09-27 16:30:00,644922,77,8986,740893,Granit Xhaka,0.4132494628429413,0.9480000305175781,0.549000015258789,37,,Set Piece,Goal
ENG-Premier League,2526,2025-09-27 Nottingham Forest-Sunderland,Sunderland,Trai Hume,1,2025,28834,2025-09-27 16:30:00,644926,77,13713,,,0.021325044333934784,0.7609999847412109,0.32099998474121094,47,Right Foot,Open Play,Missed Shot
ENG-Premier League,2526,2025-09-27 Nottingham Forest-Sunderland,Sunderland,Wilson Isidor,1,2025,28834,2025-09-27 16:30:00,644917,77,7148,,,0.06955966353416443,0.8519999694824218,0.47,8,Right Foot,Open Play,Missed Shot
ENG-Premier League,2526,2025-09-27 Nottingham Forest-Sunderland,Sunderland,Wilson Isidor,1,2025,28834,2025-09-27 16:30:00,644925,77,7148,740887,Robin Roefs,0.15563036501407623,0.8919999694824219,0.610999984741211,47,Right Foot,Open Play,Blocked Shot
ENG-Premier League,2526,2025-09-27 Tottenham-Wolverhampton Wanderers,Tottenham,Cristian Romero,1,2025,28835,2025-09-27 19:00:00,645080,82,7218,741033,Micky van de Ven,0.018122714012861252,0.730999984741211,0.4620000076293945,81,Right Foot,Open Play,Missed Shot
ENG-Premier League,2526,2025-09-27 Tottenham-Wolverhampton Wanderers,Tottenham,João Palhinha,1,2025,28835,2025-09-27 19:00:00,645081,82,10715,,,0.015520984306931496,0.7330000305175781,0.5629999923706055,82,Right Foot,Open Play,Missed Shot
ENG-Premier League,2526,2025-09-27 Tottenham-Wolverhampton Wanderers,Tottenham,João Palhinha,1,2025,28835,2025-09-27 19:00:00,645082,82,10715,741043,Pape Sarr,0.050286512821912766,0.8169999694824219,0.629000015258789,93,Right Foot,Open Play,Goal
ENG-Premier League,2526,2025-09-27 Tottenham-Wolverhampton Wanderers,Tottenham,Lucas Bergvall,1,2025,28835,2025-09-27 19:00:00,645066,82,12912,,,0.13262152671813965,0.8640000152587891,0.5029999923706054,22,Right Foot,Open Play,Missed Shot
ENG-Premier League,2526,2025-09-27 Tottenham-Wolverhampton Wanderers,Tottenham,Lucas Bergvall,1,2025,28835,2025-09-27 19:00:00,645070,82,12912,741037,Mohammed Kudus,0.061938971281051636,0.889000015258789,0.47900001525878905,40,Right Foot,From Corner,Missed Shot
ENG-Premier League,2526,2025-09-27 Tottenham-Wolverhampton Wanderers,Tottenham,Micky van de Ven,1,2025,28835,2025-09-27 19:00:00,645068,82,10050,741031,Djed Spence,0.021339932456612587,0.8930000305175781,0.4,29,,From Corner,Blocked Shot
ENG-Premier League,2526,2025-09-27 Tottenham-Wolverhampton Wanderers,Tottenham,Mohammed Kudus,1,2025,28835,2025-09-27 19:00:00,645065,82,12027,741039,Xavi Simons,0.4103844463825226,0.9719999694824218,0.43200000762939456,14,,Open Play,Saved Shot
ENG-Premier League,2526,2025-09-27 Tottenham-Wolverhampton Wanderers,Tottenham,Mohammed Kudus,1,2025,28835,2025-09-27 19:00:00,645071,82,12027,741035,João Palhinha,0.03407825157046318,0.8530000305175781,0.28399999618530275,42,Left Foot,Open Play,Saved Shot
ENG-Premier League,2526,2025-09-27 Tottenham-Wolverhampton Wanderers,Tottenham,Richarlison,1,2025,28835,2025-09-27 19:00:00,645079,82,6026,741044,Pedro Porro,0.013495173305273056,0.8680000305175781,0.585999984741211,79,,Open Play,Missed Shot
ENG-Premier League,2526,2025-09-27 Tottenham-Wolverhampton Wanderers,Tottenham,Rodrigo Bentancur,1,2025,28835,2025-09-27 19:00:00,645076,82,6108,,,0.06092238053679466,0.8930000305175781,0.625999984741211,60,Right Foot,Open Play,Blocked Shot
ENG-Premier League,2526,2025-09-27 Tottenham-Wolverhampton Wanderers,Wolverhampton Wanderers,Hee-Chan Hwang,1,2025,28835,2025-09-27 19:00:00,645067,229,8845,741053,Jhon Arias,0.01300862617790699,0.7130000305175781,0.7180000305175781,24,Right Foot,From Corner,Missed Shot
ENG-Premier League,2526,2025-09-27 Tottenham-Wolverhampton Wanderers,Wolverhampton Wanderers,Hugo Bueno,1,2025,28835,2025-09-27 19:00:00,645078,229,10140,741053,Jhon Arias,0.2580723166465759,0.8930000305175781,0.6940000152587891,73,Left Foot,Open Play,Saved Shot
ENG-Premier League,2526,2025-09-27 Tottenham-Wolverhampton Wanderers,Wolverhampton Wanderers,Jean-Ricner Bellegarde,1,2025,28835,2025-09-27 19:00:00,645077,229,7762,741048,Ladislav Krejcí,0.0792684480547905,0.8969999694824219,0.645,67,Left Foot,Open Play,Missed Shot
ENG-Premier League,2526,2025-09-27 Tottenham-Wolverhampton Wanderers,Wolverhampton Wanderers,Jhon Arias,1,2025,28835,2025-09-27 19:00:00,645069,229,13741,741049,Santiago Bueno,0.02225051261484623,0.8080000305175781,0.2560000038146973,37,Right Foot,Open Play,Missed Shot
ENG-Premier League,2526,2025-09-27 Tottenham-Wolverhampton Wanderers,Wolverhampton Wanderers,Jhon Arias,1,2025,28835,2025-09-27 19:00:00,645072,229,13741,,,0.03637189418077469,0.765,0.639000015258789,47,Left Foot,Open Play,Blocked Shot
ENG-Premier League,2526,2025-09-27 Tottenham-Wolverhampton Wanderers,Wolverhampton Wanderers,Jørgen Strand Larsen,1,2025,28835,2025-09-27 19:00:00,645064,229,11070,,,0.06253957748413086,0.945,0.57,5,,Open Play,Missed Shot
ENG-Premier League,2526,2025-09-27 Tottenham-Wolverhampton Wanderers,Wolverhampton Wanderers,Ladislav Krejcí,1,2025,28835,2025-09-27 19:00:00,645074,229,12721,741053,Jhon Arias,0.0227481909096241,0.899000015258789,0.4,53,,From Corner,Saved Shot
ENG-Premier League,2526,2025-09-27 Tottenham-Wolverhampton Wanderers,Wolverhampton Wanderers,Matt Doherty,1,2025,28835,2025-09-27 19:00:00,645073,229,6852,,,0.05208981782197952,0.9309999847412109,0.335,48,Right Foot,From Corner,Shot On Post
ENG-Premier League,2526,2025-09-27 Tottenham-Wolverhampton Wanderers,Wolverhampton Wanderers,Santiago Bueno,1,2025,28835,2025-09-27 19:00:00,645075,229,10945,,,0.627437174320221,0.9569999694824218,0.524000015258789,53,Right Foot,From Corner,Goal
ENG-Premier League,2526,2025-09-28 Aston Villa-Fulham,Aston Villa,Emiliano Buendía,1,2025,28831,2025-09-28 13:00:00,645296,71,2203,741322,Morgan Rogers,0.6291019916534424,0.955999984741211,0.5379999923706055,50,Right Foot,Open Play,Goal
ENG-Premier League,2526,2025-09-28 Aston Villa-Fulham,Aston Villa,Emiliano Buendía,1,2025,28831,2025-09-28 13:00:00,645298,71,2203,741318,Lamare Bogarde,0.024937927722930908,0.740999984741211,0.40299999237060546,63,Right Foot,Open Play,Missed Shot
ENG-Premier League,2526,2025-09-28 Aston Villa-Fulham,Aston Villa,Harvey Elliott,1,2025,28831,2025-09-28 13:00:00,645284,71,7546,741319,John McGinn,0.036054305732250214,0.9569999694824218,0.664000015258789,15,Left Foot,From Corner,Blocked Shot
ENG-Premier League,2526,2025-09-28 Aston Villa-Fulham,Aston Villa,John McGinn,1,2025,28831,2025-09-28 13:00:00,645285,71,7723,741322,Morgan Rogers,0.26074323058128357,0.9019999694824219,0.39099998474121095,16,Left Foot,Open Play,Missed Shot
ENG-Premier League,2526,2025-09-28 Aston Villa-Fulham,Aston Villa,John McGinn,1,2025,28831,2025-09-28 13:00:00,645292,71,7723,741322,Morgan Rogers,0.019020991399884224,0.7440000152587891,0.5820000076293945,42,Left Foot,Open Play,Blocked Shot
ENG-Premier League,2526,2025-09-28 Aston Villa-Fulham,Aston Villa,John McGinn,1,2025,28831,2025-09-28 13:00:00,645295,71,7723,741324,Emiliano Buendía,0.033619143068790436,0.78,0.534000015258789,48,Left Foot,Open Play,Goal
ENG-Premier League,2526,2025-09-28 Aston Villa-Fulham,Aston Villa,Lucas Digne,1,2025,28831,2025-09-28 13:00:00,645294,71,1823,,,0.0548059418797493,0.7630000305175781,0.3340000152587891,53,Left Foot,Direct Freekick,Saved Shot
ENG-Premier League,2526,2025-09-28 Aston Villa-Fulham,Aston Villa,Matthew Cash,1,2025,28831,2025-09-28 13:00:00,645288,71,8864,,,0.011156515218317509,0.740999984741211,0.6329999923706054,34,Right Foot,Set Piece,Missed Shot
ENG-Premier League,2526,2025-09-28 Aston Villa-Fulham,Aston Villa,Ollie Watkins,1,2025,28831,2025-09-28 13:00:00,645289,71,8865,741317,Lucas Digne,0.2963070869445801,0.879000015258789,0.5220000076293946,36,Right Foot,Open Play,Goal
ENG-Premier League,2526,2025-09-28 Aston Villa-Fulham,Fulham,Harry Wilson,1,2025,28831,2025-09-28 13:00:00,645287,228,5596,741332,Calvin Bassey,0.023829974234104156,0.754000015258789,0.4179999923706055,28,Left Foot,Open Play,Blocked Shot
ENG-Premier League,2526,2025-09-28 Aston Villa-Fulham,Fulham,Harry Wilson,1,2025,28831,2025-09-28 13:00:00,645290,228,5596,741337,Joshua King,0.029906651005148888,0.749000015258789,0.5729999923706055,39,Left Foot,Open Play,Blocked Shot
ENG-Premier League,2526,2025-09-28 Aston Villa-Fulham,Fulham,Harry Wilson,1,2025,28831,2025-09-28 13:00:00,645293,228,5596,741335,Sasa Lukic,0.09630493074655533,0.855999984741211,0.525,47,Left Foot,Open Play,Missed Shot
ENG-Premier League,2526,2025-09-28 Aston Villa-Fulham,Fulham,Joshua King,1,2025,28831,2025-09-28 13:00:00,645283,228,12410,,,0.06625490635633469,0.865,0.66,11,Right Foot,Open Play,Saved Shot
ENG-Premier League,2526,2025-09-28 Aston Villa-Fulham,Fulham,Joshua King,1,2025,28831,2025-09-28 13:00:00,645286,228,12410,,,0.2218199074268341,0.8540000152587891,0.590999984741211,22,Right Foot,Open Play,Blocked Shot
ENG-Premier League,2526,2025-09-28 Aston Villa-Fulham,Fulham,Joshua King,1,2025,28831,2025-09-28 13:00:00,645291,228,12410,741341,Adama Traoré,0.050965968519449234,0.8819999694824219,0.5359999847412109,42,,Open Play,Saved Shot
ENG-Premier League,2526,2025-09-28 Aston Villa-Fulham,Fulham,Raúl Jiménez,1,2025,28831,2025-09-28 13:00:00,645282,228,4105,741335,Sasa Lukic,0.0814206451177597,0.9480000305175781,0.5829999923706055,2,,From Corner,Goal
ENG-Premier League,2526,2025-09-28 Aston Villa-Fulham,Fulham,Samuel Chukwueze,1,2025,28831,2025-09-28 13:00:00,645299,228,7208,,,0.03951043635606766,0.865999984741211,0.42700000762939455,81,Left Foot,Open Play,Missed Shot
ENG-Premier League,2526,2025-09-28 Aston Villa-Fulham,Fulham,Samuel Chukwueze,1,2025,28831,2025-09-28 13:00:00,645301,228,7208,,,0.025148577988147736,0.8490000152587891,0.6029999923706054,90,Left Foot,Open Play,Missed Shot
ENG-Premier League,2526,2025-09-28 Aston Villa-Fulham,Fulham,Sasa Lukic,1,2025,28831,2025-09-28 13:00:00,645297,228,1537,741341,Adama Traoré,0.3094286322593689,0.9080000305175782,0.37099998474121093,53,Right Foot,Open Play,Blocked Shot
ENG-Premier League,2526,2025-09-28 Aston Villa-Fulham,Fulham,Sasa Lukic,1,2025,28831,2025-09-28 13:00:00,645300,228,1537,741330,Timothy Castagne,0.008021335117518902,0.8530000305175781,0.37099998474121093,85,,Open Play,Missed Shot
ENG-Premier League,2526,2025-09-28 Newcastle United-Arsenal,Arsenal,Bukayo Saka,1,2025,28836,2025-09-28 15:30:00,645466,83,7322,741588,Viktor Gyokeres,0.07395860552787781,0.9219999694824219,0.27399999618530274,31,Right Foot,Open Play,Saved Shot
ENG-Premier League,2526,2025-09-28 Newcastle United-Arsenal,Arsenal,Bukayo Saka,1,2025,28836,2025-09-28 15:30:00,645475,83,7322,741579,Jurriën Timber,0.028277697041630745,0.8530000305175781,0.2720000076293945,68,Left Foot,Open Play,Blocked Shot
ENG-Premier League,2526,2025-09-28 Newcastle United-Arsenal,Arsenal,Eberechi Eze,1,2025,28836,2025-09-28 15:30:00,645457,83,8706,,,0.06574471294879913,0.8580000305175781,0.5929999923706055,4,Left Foot,Open Play,Saved Shot
ENG-Premier League,2526,2025-09-28 Newcastle United-Arsenal,Arsenal,Eberechi Eze,1,2025,28836,2025-09-28 15:30:00,645464,83,8706,741579,Jurriën Timber,0.09040358662605286,0.8430000305175781,0.505,27,Left Foot,Open Play,Blocked Shot
ENG-Premier League,2526,2025-09-28 Newcastle United-Arsenal,Arsenal,Eberechi Eze,1,2025,28836,2025-09-28 15:30:00,645465,83,8706,,,0.0644865557551384,0.8390000152587891,0.46599998474121096,28,Right Foot,Open Play,Saved Shot
ENG-Premier League,2526,2025-09-28 Newcastle United-Arsenal,Arsenal,Eberechi Eze,1,2025,28836,2025-09-28 15:30:00,645470,83,8706,741587,Leandro Trossard,0.08038090169429779,0.8859999847412109,0.505,54,Left Foot,Open Play,Missed Shot
ENG-Premier League,2526,2025-09-28 Newcastle United-Arsenal,Arsenal,Gabriel,1,2025,28836,2025-09-28 15:30:00,645482,83,5613,741591,Martin Odegaard,0.5005578398704529,0.9580000305175781,0.485,95,,From Corner,Goal
ENG-Premier League,2526,2025-09-28 Newcastle United-Arsenal,Arsenal,Gabriel Martinelli,1,2025,28836,2025-09-28 15:30:00,645481,83,7752,,,0.042304981499910355,0.8209999847412109,0.51,94,Left Foot,From Corner,Blocked Shot
ENG-Premier League,2526,2025-09-28 Newcastle United-Arsenal,Arsenal,Jurriën Timber,1,2025,28836,2025-09-28 15:30:00,645472,83,11707,741583,Martín Zubimendi,0.25163203477859497,0.9230000305175782,0.519000015258789,58,,Open Play,Saved Shot
ENG-Premier League,2526,2025-09-28 Newcastle United-Arsenal,Arsenal,Jurriën Timber,1,2025,28836,2025-09-28 15:30:00,645473,83,11707,741590,William Saliba,0.09533271938562393,0.9169999694824219,0.5829999923706055,59,Right Foot,From Corner,Missed Shot
ENG-Premier League,2526,2025-09-28 Newcastle United-Arsenal,Arsenal,Leandro Trossard,1,2025,28836,2025-09-28 15:30:00,645462,83,7698,741584,Declan Rice,0.3624851405620575,0.9180000305175782,0.605,24,Left Foot,Open Play,Shot On Post
ENG-Premier League,2526,2025-09-28 Newcastle United-Arsenal,Arsenal,Mikel Merino,1,2025,28836,2025-09-28 15:30:00,645479,83,5304,741584,Declan Rice,0.032971903681755066,0.909000015258789,0.5279999923706055,83,,From Corner,Goal
ENG-Premier League,2526,2025-09-28 Newcastle United-Arsenal,Arsenal,Riccardo Calafiori,1,2025,28836,2025-09-28 15:30:00,645461,83,8129,741588,Viktor Gyokeres,0.06120205298066139,0.945,0.425,23,,Set Piece,Missed Shot
ENG-Premier League,2526,2025-09-28 Newcastle United-Arsenal,Arsenal,Riccardo Calafiori,1,2025,28836,2025-09-28 15:30:00,645468,83,8129,741583,Martín Zubimendi,0.011338875629007816,0.8830000305175781,0.85,48,Left Foot,Open Play,Missed Shot
ENG-Premier League,2526,2025-09-28 Newcastle United-Arsenal,Arsenal,Viktor Gyokeres,1,2025,28836,2025-09-28 15:30:00,645456,83,7254,741584,Declan Rice,0.02406321093440056,0.865,0.4229999923706055,1,,Set Piece,Saved Shot
ENG-Premier League,2526,2025-09-28 Newcastle United-Arsenal,Arsenal,Viktor Gyokeres,1,2025,28836,2025-09-28 15:30:00,645458,83,7254,741579,Jurriën Timber,0.10123506933450699,0.8680000305175781,0.4259999847412109,6,Right Foot,Open Play,Blocked Shot
ENG-Premier League,2526,2025-09-28 Newcastle United-Arsenal,Arsenal,Viktor Gyokeres,1,2025,28836,2025-09-28 15:30:00,645469,83,7254,741582,Riccardo Calafiori,0.018635112792253494,0.860999984741211,0.580999984741211,50,,Open Play,Missed Shot
ENG-Premier League,2526,2025-09-28 Newcastle United-Arsenal,Arsenal,Viktor Gyokeres,1,2025,28836,2025-09-28 15:30:00,645476,83,7254,,,0.05164819583296776,0.9540000152587891,0.325,70,Right Foot,Open Play,Blocked Shot
ENG-Premier League,2526,2025-09-28 Newcastle United-Arsenal,Arsenal,Viktor Gyokeres,1,2025,28836,2025-09-28 15:30:00,645477,83,7254,741586,Eberechi Eze,0.05949404463171959,0.835999984741211,0.4159999847412109,81,Right Foot,Open Play,Blocked Shot
ENG-Premier League,2526,2025-09-28 Newcastle United-Arsenal,Arsenal,Viktor Gyokeres,1,2025,28836,2025-09-28 15:30:00,645478,83,7254,,,0.057766225188970566,0.865,0.3990000152587891,81,Right Foot,Open Play,Missed Shot
ENG-Premier League,2526,2025-09-28 Newcastle United-Arsenal,Newcastle United,Anthony Elanga,1,2025,28836,2025-09-28 15:30:00,645480,86,9524,741568,Bruno Guimarães,0.058944594115018845,0.9019999694824219,0.3089999961853027,85,Right Foot,Open Play,Blocked Shot
ENG-Premier League,2526,2025-09-28 Newcastle United-Arsenal,Newcastle United,Anthony Gordon,1,2025,28836,2025-09-28 15:30:00,645463,86,8150,741567,Joelinton,0.04746071621775627,0.815,0.7230000305175781,25,Right Foot,Open Play,Saved Shot
ENG-Premier League,2526,2025-09-28 Newcastle United-Arsenal,Newcastle United,Jacob Murphy,1,2025,28836,2025-09-28 15:30:00,645474,86,6063,741568,Bruno Guimarães,0.15196345746517181,0.9069999694824219,0.6659999847412109,64,Left Foot,Open Play,Blocked Shot
ENG-Premier League,2526,2025-09-28 Newcastle United-Arsenal,Newcastle United,Jamaal Lascelles,1,2025,28836,2025-09-28 15:30:00,645483,86,766,741565,Sven Botman,0.0783025473356247,0.8859999847412109,0.55,98,Left Foot,Set Piece,Blocked Shot
ENG-Premier League,2526,2025-09-28 Newcastle United-Arsenal,Newcastle United,Joelinton,1,2025,28836,2025-09-28 15:30:00,645471,86,87,741572,Anthony Gordon,0.021990980952978134,0.8490000152587891,0.7430000305175781,56,Left Foot,Set Piece,Missed Shot
ENG-Premier League,2526,2025-09-28 Newcastle United-Arsenal,Newcastle United,Malick Thiaw,1,2025,28836,2025-09-28 15:30:00,645459,86,8378,741569,Sandro Tonali,0.01677485555410385,0.8909999847412109,0.5170000076293946,10,,From Corner,Saved Shot
ENG-Premier League,2526,2025-09-28 Newcastle United-Arsenal,Newcastle United,Malick Thiaw,1,2025,28836,2025-09-28 15:30:00,645460,86,8378,741569,Sandro Tonali,0.02546302229166031,0.905,0.5170000076293946,12,,From Corner,Blocked Shot
ENG-Premier League,2526,2025-09-28 Newcastle United-Arsenal,Newcastle United,Nick Woltemade,1,2025,28836,2025-09-28 15:30:00,645467,86,8117,741569,Sandro Tonali,0.3389509320259094,0.924000015258789,0.49700000762939456,33,,From Corner,Goal
ENG-Premier League,2526,2025-09-29 Everton-West Ham,Everton,Beto,1,2025,28837,2025-09-29 19:00:00,645722,72,9983,741878,James Tarkowski,0.259369432926178,0.9109999847412109,0.455,14,,Open Play,Saved Shot
ENG-Premier League,2526,2025-09-29 Everton-West Ham,Everton,Idrissa Gueye,1,2025,28837,2025-09-29 19:00:00,645730,72,668,741884,Jack Grealish,0.040562789887189865,0.8219999694824218,0.39099998474121095,48,Right Foot,From Corner,Missed Shot
ENG-Premier League,2526,2025-09-29 Everton-West Ham,Everton,Iliman Ndiaye,1,2025,28837,2025-09-29 19:00:00,645723,72,9307,741883,Kiernan Dewsbury-Hall,0.07146254181861877,0.840999984741211,0.33599998474121096,15,Left Foot,Open Play,Saved Shot
ENG-Premier League,2526,2025-09-29 Everton-West Ham,Everton,Jake O&#039;Brien,1,2025,28837,2025-09-29 19:00:00,645729,72,12014,,,0.07636772096157074,0.9359999847412109,0.33099998474121095,47,Right Foot,Open Play,Blocked Shot
ENG-Premier League,2526,2025-09-29 Everton-West Ham,Everton,James Garner,1,2025,28837,2025-09-29 19:00:00,645731,72,7438,741882,Iliman Ndiaye,0.08038363605737686,0.884000015258789,0.3290000152587891,49,Right Foot,Open Play,Blocked Shot
ENG-Premier League,2526,2025-09-29 Everton-West Ham,Everton,James Garner,1,2025,28837,2025-09-29 19:00:00,645732,72,7438,741884,Jack Grealish,0.08670539408922195,0.8440000152587891,0.5820000076293945,51,Right Foot,Open Play,Saved Shot
ENG-Premier League,2526,2025-09-29 Everton-West Ham,Everton,James Garner,1,2025,28837,2025-09-29 19:00:00,645735,72,7438,,,0.027368303388357162,0.855,0.30700000762939456,57,Right Foot,From Corner,Saved Shot
ENG-Premier League,2526,2025-09-29 Everton-West Ham,Everton,James Garner,1,2025,28837,2025-09-29 19:00:00,645742,72,7438,,,0.04392853006720543,0.7980000305175782,0.785,82,Right Foot,Direct Freekick,Missed Shot
ENG-Premier League,2526,2025-09-29 Everton-West Ham,Everton,James Garner,1,2025,28837,2025-09-29 19:00:00,645745,72,7438,741884,Jack Grealish,0.03966496139764786,0.8159999847412109,0.6029999923706054,89,Right Foot,Set Piece,Saved Shot
ENG-Premier League,2526,2025-09-29 Everton-West Ham,Everton,Kiernan Dewsbury-Hall,1,2025,28837,2025-09-29 19:00:00,645727,72,9739,741882,Iliman Ndiaye,0.03163493052124977,0.9009999847412109,0.5520000076293945,34,,Set Piece,Missed Shot
ENG-Premier League,2526,2025-09-29 Everton-West Ham,Everton,Kiernan Dewsbury-Hall,1,2025,28837,2025-09-29 19:00:00,645734,72,9739,741884,Jack Grealish,0.08681735396385193,0.850999984741211,0.5770000076293945,55,Left Foot,Open Play,Blocked Shot
ENG-Premier League,2526,2025-09-29 Everton-West Ham,Everton,Michael Keane,1,2025,28837,2025-09-29 19:00:00,645725,72,1653,741881,James Garner,0.06543771922588348,0.895,0.5220000076293946,17,,From Corner,Goal
ENG-Premier League,2526,2025-09-29 Everton-West Ham,West Ham,Crysencio Summerville,1,2025,28837,2025-09-29 19:00:00,645721,81,9492,741898,Niclas Füllkrug,0.07681732624769211,0.8719999694824219,0.39299999237060546,12,Right Foot,Open Play,Blocked Shot
ENG-Premier League,2526,2025-09-29 Everton-West Ham,West Ham,Crysencio Summerville,1,2025,28837,2025-09-29 19:00:00,645736,81,9492,,,0.027432063594460487,0.830999984741211,0.705,57,Right Foot,Open Play,Missed Shot
ENG-Premier League,2526,2025-09-29 Everton-West Ham,West Ham,Crysencio Summerville,1,2025,28837,2025-09-29 19:00:00,645737,81,9492,,,0.08749948441982269,0.909000015258789,0.505,62,Right Foot,Set Piece,Saved Shot
ENG-Premier League,2526,2025-09-29 Everton-West Ham,West Ham,El Hadji Malick Diouf,1,2025,28837,2025-09-29 19:00:00,645741,81,13723,,,0.017835404723882675,0.7880000305175782,0.669000015258789,79,Left Foot,From Corner,Missed Shot
ENG-Premier League,2526,2025-09-29 Everton-West Ham,West Ham,Jarrod Bowen,1,2025,28837,2025-09-29 19:00:00,645738,81,1776,,,0.061372317373752594,0.8719999694824219,0.27399999618530274,64,Left Foot,Open Play,Goal
ENG-Premier League,2526,2025-09-29 Everton-West Ham,West Ham,Jarrod Bowen,1,2025,28837,2025-09-29 19:00:00,645739,81,1776,741895,Lucas Paquetá,0.07005307078361511,0.9030000305175782,0.3189999961853027,71,Left Foot,Open Play,Blocked Shot
ENG-Premier League,2526,2025-09-29 Everton-West Ham,West Ham,Jarrod Bowen,1,2025,28837,2025-09-29 19:00:00,645743,81,1776,741889,Kyle Walker-Peters,0.06768626719713211,0.9209999847412109,0.32099998474121094,87,Left Foot,Open Play,Blocked Shot
ENG-Premier League,2526,2025-09-29 Everton-West Ham,West Ham,Konstantinos Mavropanos,1,2025,28837,2025-09-29 19:00:00,645728,81,6722,741895,Lucas Paquetá,0.044574204832315445,0.945,0.4129999923706055,36,,Set Piece,Blocked Shot
ENG-Premier League,2526,2025-09-29 Everton-West Ham,West Ham,Konstantinos Mavropanos,1,2025,28837,2025-09-29 19:00:00,645740,81,6722,741895,Lucas Paquetá,0.036147017031908035,0.9209999847412109,0.4540000152587891,72,,From Corner,Missed Shot
ENG-Premier League,2526,2025-09-29 Everton-West Ham,West Ham,Lucas Paquetá,1,2025,28837,2025-09-29 19:00:00,645720,81,7365,741898,Niclas Füllkrug,0.07278106361627579,0.825999984741211,0.5379999923706055,8,Left Foot,Open Play,Blocked Shot
ENG-Premier League,2526,2025-09-29 Everton-West Ham,West Ham,Mateus Fernandes,1,2025,28837,2025-09-29 19:00:00,645733,81,12948,741889,Kyle Walker-Peters,0.015659164637327194,0.725999984741211,0.39099998474121095,54,Right Foot,Open Play,Blocked Shot
ENG-Premier League,2526,2025-09-29 Everton-West Ham,West Ham,Mateus Fernandes,1,2025,28837,2025-09-29 19:00:00,645744,81,12948,741898,Niclas Füllkrug,0.05451938882470131,0.8130000305175781,0.5259999847412109,87,Left Foot,Open Play,Missed Shot
ENG-Premier League,2526,2025-09-29 Everton-West Ham,West Ham,Niclas Füllkrug,1,2025,28837,2025-09-29 19:00:00,645724,81,6098,741897,Crysencio Summerville,0.07815655320882797,0.875999984741211,0.49700000762939456,15,Left Foot,Open Play,Missed Shot
ENG-Premier League,2526,2025-09-29 Everton-West Ham,West Ham,Niclas Füllkrug,1,2025,28837,2025-09-29 19:00:00,645726,81,6098,741891,Max Kilman,0.06523264199495316,0.9430000305175781,0.5459999847412109,25,,Open Play,Saved Shot
ENG-Premier League,2526,2025-10-03 Bournemouth-Fulham,Bournemouth,Adrien Truffert,1,2025,28838,2025-10-03 19:00:00,645842,73,8640,742038,Marcus Tavernier,0.029585767537355423,0.85,0.7,4,Right Foot,Open Play,Missed Shot
ENG-Premier League,2526,2025-10-03 Bournemouth-Fulham,Bournemouth,Alex Scott,1,2025,28838,2025-10-03 19:00:00,645847,73,12149,,,0.01463584415614605,0.730999984741211,0.5320000076293945,43,Right Foot,Open Play,Blocked Shot
ENG-Premier League,2526,2025-10-03 Bournemouth-Fulham,Bournemouth,Alex Scott,1,2025,28838,2025-10-03 19:00:00,645849,73,12149,742040,Evanilson,0.05144083499908447,0.815,0.500999984741211,46,Right Foot,Open Play,Blocked Shot
ENG-Premier League,2526,2025-10-03 Bournemouth-Fulham,Bournemouth,Alex Scott,1,2025,28838,2025-10-03 19:00:00,645858,73,12149,742041,Justin Kluivert,0.02374020777642727,0.759000015258789,0.5740000152587891,82,Right Foot,Open Play,Blocked Shot
ENG-Premier League,2526,2025-10-03 Bournemouth-Fulham,Bournemouth,Antoine Semenyo,1,2025,28838,2025-10-03 19:00:00,645846,73,11363,,,0.04779558628797531,0.91,0.7030000305175781,41,Left Foot,Open Play,Saved Shot
ENG-Premier League,2526,2025-10-03 Bournemouth-Fulham,Bournemouth,Antoine Semenyo,1,2025,28838,2025-10-03 19:00:00,645857,73,11363,742034,Adrien Truffert,0.07629428058862686,0.975999984741211,0.654000015258789,77,Right Foot,Open Play,Goal
ENG-Premier League,2526,2025-10-03 Bournemouth-Fulham,Bournemouth,Antoine Semenyo,1,2025,28838,2025-10-03 19:00:00,645864,73,11363,742044,Ben Doak,0.45716217160224915,0.850999984741211,0.5629999923706055,95,Left Foot,Open Play,Goal
ENG-Premier League,2526,2025-10-03 Bournemouth-Fulham,Bournemouth,Evanilson,1,2025,28838,2025-10-03 19:00:00,645850,73,12963,,,0.5538159608840942,0.975,0.4329999923706055,51,Right Foot,From Corner,Missed Shot
ENG-Premier League,2526,2025-10-03 Bournemouth-Fulham,Bournemouth,Evanilson,1,2025,28838,2025-10-03 19:00:00,645851,73,12963,742038,Marcus Tavernier,0.04415521025657654,0.84,0.46799999237060547,52,Left Foot,Open Play,Saved Shot
ENG-Premier League,2526,2025-10-03 Bournemouth-Fulham,Bournemouth,Justin Kluivert,1,2025,28838,2025-10-03 19:00:00,645860,73,6963,742039,Antoine Semenyo,0.016847336664795876,0.7069999694824218,0.48400001525878905,83,Right Foot,Open Play,Goal
ENG-Premier League,2526,2025-10-03 Bournemouth-Fulham,Bournemouth,Tyler Adams,1,2025,28838,2025-10-03 19:00:00,645843,73,7352,,,0.019104434177279472,0.759000015258789,0.6419999694824219,9,Right Foot,Open Play,Saved Shot
ENG-Premier League,2526,2025-10-03 Bournemouth-Fulham,Fulham,Alex Iwobi,1,2025,28838,2025-10-03 19:00:00,645845,228,500,742050,Timothy Castagne,0.07047992199659348,0.8119999694824219,0.4909999847412109,29,Right Foot,Open Play,Blocked Shot
ENG-Premier League,2526,2025-10-03 Bournemouth-Fulham,Fulham,Alex Iwobi,1,2025,28838,2025-10-03 19:00:00,645848,228,500,742060,Tom Cairney,0.04145493730902672,0.8119999694824219,0.6220000076293946,45,Left Foot,Open Play,Saved Shot
ENG-Premier League,2526,2025-10-03 Bournemouth-Fulham,Fulham,Alex Iwobi,1,2025,28838,2025-10-03 19:00:00,645852,228,500,,,0.020594114437699318,0.7480000305175781,0.47299999237060547,56,Right Foot,Open Play,Blocked Shot
ENG-Premier League,2526,2025-10-03 Bournemouth-Fulham,Fulham,Harry Wilson,1,2025,28838,2025-10-03 19:00:00,645854,228,5596,742054,Alex Iwobi,0.06420940160751343,0.875,0.6559999847412109,57,Left Foot,Open Play,Saved Shot
ENG-Premier League,2526,2025-10-03 Bournemouth-Fulham,Fulham,Joshua King,1,2025,28838,2025-10-03 19:00:00,645855,228,12410,742055,Harry Wilson,0.016472890973091125,0.7630000305175781,0.7140000152587891,59,Right Foot,From Corner,Missed Shot
ENG-Premier League,2526,2025-10-03 Bournemouth-Fulham,Fulham,Kevin,1,2025,28838,2025-10-03 19:00:00,645859,228,14030,742054,Alex Iwobi,0.04249051958322525,0.805,0.6,82,Right Foot,Open Play,Saved Shot
ENG-Premier League,2526,2025-10-03 Bournemouth-Fulham,Fulham,Ryan Sessegnon,1,2025,28838,2025-10-03 19:00:00,645856,228,6837,742057,Samuel Chukwueze,0.3523477613925934,0.9130000305175782,0.6090000152587891,69,Left Foot,Open Play,Goal
ENG-Premier League,2526,2025-10-03 Bournemouth-Fulham,Fulham,Timothy Castagne,1,2025,28838,2025-10-03 19:00:00,645853,228,6157,742054,Alex Iwobi,0.04700719565153122,0.8919999694824219,0.43900001525878907,57,,Open Play,Blocked Shot
ENG-Premier League,2526,2025-10-03 Bournemouth-Fulham,Fulham,Tom Cairney,1,2025,28838,2025-10-03 19:00:00,645844,228,6835,,,0.014666230417788029,0.7269999694824218,0.48400001525878905,22,Left Foot,From Corner,Missed Shot
ENG-Premier League,2526,2025-10-03 Bournemouth-Fulham,Fulham,Tom Cairney,1,2025,28838,2025-10-03 19:00:00,645861,228,6835,,,0.06398298591375351,0.8640000152587891,0.56,86,Left Foot,Open Play,Missed Shot
ENG-Premier League,2526,2025-10-03 Bournemouth-Fulham,Fulham,Tom Cairney,1,2025,28838,2025-10-03 19:00:00,645862,228,6835,742057,Samuel Chukwueze,0.03199862316250801,0.7719999694824219,0.509000015258789,93,Left Foot,Open Play,Missed Shot
ENG-Premier League,2526,2025-10-03 Bournemouth-Fulham,Fulham,Tom Cairney,1,2025,28838,2025-10-03 19:00:00,645863,228,6835,742051,Ryan Sessegnon,0.07764577120542526,0.965,0.634000015258789,94,Left Foot,Open Play,Blocked Shot
ENG-Premier League,2526,2025-10-04 Arsenal-West Ham,Arsenal,Bukayo Saka,1,2025,28839,2025-10-04 14:00:00,646134,83,7322,742399,Jurriën Timber,0.024067921563982964,0.7609999847412109,0.37900001525878907,34,Left Foot,Open Play,Blocked Shot
ENG-Premier League,2526,2025-10-04 Arsenal-West Ham,Arsenal,Bukayo Saka,1,2025,28839,2025-10-04 14:00:00,646138,83,7322,742408,Leandro Trossard,0.019174732267856598,0.8590000152587891,0.31,46,Left Foot,Set Piece,Blocked Shot
ENG-Premier League,2526,2025-10-04 Arsenal-West Ham,Arsenal,Bukayo Saka,1,2025,28839,2025-10-04 14:00:00,646141,83,7322,,,0.014539040625095367,0.7730000305175782,0.285,50,Left Foot,From Corner,Missed Shot
ENG-Premier League,2526,2025-10-04 Arsenal-West Ham,Arsenal,Bukayo Saka,1,2025,28839,2025-10-04 14:00:00,646143,83,7322,,,0.7611688375473022,0.885,0.5,66,Left Foot,,Goal
ENG-Premier League,2526,2025-10-04 Arsenal-West Ham,Arsenal,Declan Rice,1,2025,28839,2025-10-04 14:00:00,646128,83,5553,,,0.01003951020538807,0.7090000152587891,0.6270000076293946,7,Right Foot,Open Play,Blocked Shot
ENG-Premier League,2526,2025-10-04 Arsenal-West Ham,Arsenal,Declan Rice,1,2025,28839,2025-10-04 14:00:00,646137,83,5553,,,0.37883827090263367,0.8919999694824219,0.5320000076293945,37,Right Foot,Open Play,Goal
ENG-Premier League,2526,2025-10-04 Arsenal-West Ham,Arsenal,Eberechi Eze,1,2025,28839,2025-10-04 14:00:00,646127,83,8706,742408,Leandro Trossard,0.06429284065961838,0.8780000305175781,0.67,7,Left Foot,Open Play,Blocked Shot
ENG-Premier League,2526,2025-10-04 Arsenal-West Ham,Arsenal,Eberechi Eze,1,2025,28839,2025-10-04 14:00:00,646131,83,8706,,,0.10911359637975693,0.9280000305175782,0.5170000076293946,12,Right Foot,Open Play,Missed Shot
ENG-Premier League,2526,2025-10-04 Arsenal-West Ham,Arsenal,Eberechi Eze,1,2025,28839,2025-10-04 14:00:00,646135,83,8706,,,0.05131840705871582,0.8780000305175781,0.6370000076293946,34,Right Foot,From Corner,Blocked Shot
ENG-Premier League,2526,2025-10-04 Arsenal-West Ham,Arsenal,Eberechi Eze,1,2025,28839,2025-10-04 14:00:00,646136,83,8706,742411,Martín Zubimendi,0.11961250007152557,0.8909999847412109,0.3160000038146973,37,Right Foot,Open Play,Saved Shot
ENG-Premier League,2526,2025-10-04 Arsenal-West Ham,Arsenal,Ethan Nwaneri,1,2025,28839,2025-10-04 14:00:00,646147,83,11132,,,0.013910985551774502,0.7769999694824219,0.34,95,Left Foot,From Corner,Blocked Shot
ENG-Premier League,2526,2025-10-04 Arsenal-West Ham,Arsenal,Jurriën Timber,1,2025,28839,2025-10-04 14:00:00,646124,83,11707,742403,Martin Odegaard,0.12182920426130295,0.8869999694824219,0.335,4,Right Foot,Open Play,Saved Shot
ENG-Premier League,2526,2025-10-04 Arsenal-West Ham,Arsenal,Jurriën Timber,1,2025,28839,2025-10-04 14:00:00,646125,83,11707,,,0.042594149708747864,0.9230000305175782,0.3029999923706055,4,Right Foot,Open Play,Missed Shot
ENG-Premier League,2526,2025-10-04 Arsenal-West Ham,Arsenal,Leandro Trossard,1,2025,28839,2025-10-04 14:00:00,646133,83,7698,,,0.09151963144540787,0.9109999847412109,0.605,32,Right Foot,Open Play,Blocked Shot
ENG-Premier League,2526,2025-10-04 Arsenal-West Ham,Arsenal,Leandro Trossard,1,2025,28839,2025-10-04 14:00:00,646142,83,7698,742404,Declan Rice,0.044321924448013306,0.9830000305175781,0.6609999847412109,52,Right Foot,From Corner,Blocked Shot
ENG-Premier League,2526,2025-10-04 Arsenal-West Ham,Arsenal,Mikel Merino,1,2025,28839,2025-10-04 14:00:00,646144,83,5304,,,0.10903028398752213,0.9180000305175782,0.544000015258789,81,Right Foot,From Corner,Blocked Shot
ENG-Premier League,2526,2025-10-04 Arsenal-West Ham,Arsenal,Mikel Merino,1,2025,28839,2025-10-04 14:00:00,646145,83,5304,742409,Gabriel Martinelli,0.07299593836069107,0.9590000152587891,0.6029999923706054,84,,Set Piece,Missed Shot
ENG-Premier League,2526,2025-10-04 Arsenal-West Ham,Arsenal,Riccardo Calafiori,1,2025,28839,2025-10-04 14:00:00,646129,83,8129,742404,Declan Rice,0.06606438010931015,0.96,0.5729999923706055,9,,Set Piece,Blocked Shot
ENG-Premier League,2526,2025-10-04 Arsenal-West Ham,Arsenal,Riccardo Calafiori,1,2025,28839,2025-10-04 14:00:00,646139,83,8129,,,0.08314328640699387,0.8080000305175781,0.47200000762939454,49,Right Foot,Open Play,Shot On Post
ENG-Premier League,2526,2025-10-04 Arsenal-West Ham,Arsenal,Viktor Gyokeres,1,2025,28839,2025-10-04 14:00:00,646130,83,7254,742406,Bukayo Saka,0.7928289175033569,0.97,0.4809999847412109,12,Right Foot,Open Play,Saved Shot
ENG-Premier League,2526,2025-10-04 Arsenal-West Ham,Arsenal,Viktor Gyokeres,1,2025,28839,2025-10-04 14:00:00,646132,83,7254,742406,Bukayo Saka,0.1312565952539444,0.955999984741211,0.51,32,,Open Play,Missed Shot
ENG-Premier League,2526,2025-10-04 Arsenal-West Ham,West Ham,Callum Marshall,1,2025,28839,2025-10-04 14:00:00,646146,81,12359,742421,Lucas Paquetá,0.2289344072341919,0.9490000152587891,0.5520000076293945,91,,From Corner,Missed Shot
ENG-Premier League,2526,2025-10-04 Arsenal-West Ham,West Ham,Crysencio Summerville,1,2025,28839,2025-10-04 14:00:00,646140,81,9492,742418,El Hadji Malick Diouf,0.03380563482642174,0.855,0.6940000152587891,46,Right Foot,Open Play,Blocked Shot
ENG-Premier League,2526,2025-10-04 Arsenal-West Ham,West Ham,Lucas Paquetá,1,2025,28839,2025-10-04 14:00:00,646126,81,7365,742420,Jarrod Bowen,0.041546858847141266,0.904000015258789,0.27600000381469725,6,Left Foot,Open Play,Missed Shot
ENG-Premier League,2526,2025-10-04 Arsenal-West Ham,West Ham,Niclas Füllkrug,1,2025,28839,2025-10-04 14:00:00,646123,81,6098,742421,Lucas Paquetá,0.5602625012397766,0.97,0.5029999923706054,0,,From Corner,Missed Shot
ENG-Premier League,2526,2025-10-04 Chelsea-Liverpool,Chelsea,Alejandro Garnacho,1,2025,28842,2025-10-04 16:30:00,646284,80,10552,742590,Marc Cucurella,0.03857651725411415,0.8090000152587891,0.4809999847412109,37,Right Foot,From Corner,Shot On Post
ENG-Premier League,2526,2025-10-04 Chelsea-Liverpool,Chelsea,Enzo Fernández,1,2025,28842,2025-10-04 16:30:00,646300,80,11356,742587,Reece James,0.016044115647673607,0.879000015258789,0.605999984741211,88,,From Corner,Saved Shot
ENG-Premier League,2526,2025-10-04 Chelsea-Liverpool,Chelsea,Enzo Fernández,1,2025,28842,2025-10-04 16:30:00,646302,80,11356,742601,Estêvão,0.32295143604278564,0.925,0.5559999847412109,90,,Open Play,Shot On Post
ENG-Premier League,2526,2025-10-04 Chelsea-Liverpool,Chelsea,Estêvão,1,2025,28842,2025-10-04 16:30:00,646298,80,13775,,,0.021545832976698875,0.885,0.24100000381469727,83,Left Foot,Open Play,Saved Shot
ENG-Premier League,2526,2025-10-04 Chelsea-Liverpool,Chelsea,Estêvão,1,2025,28842,2025-10-04 16:30:00,646304,80,13775,742590,Marc Cucurella,0.6285974383354187,0.9619999694824218,0.45299999237060545,95,Right Foot,Open Play,Goal
ENG-Premier League,2526,2025-10-04 Chelsea-Liverpool,Chelsea,Jamie Bynoe-Gittens,1,2025,28842,2025-10-04 16:30:00,646297,80,10542,742587,Reece James,0.023817962035536766,0.799000015258789,0.6730000305175782,83,Right Foot,Open Play,Saved Shot
ENG-Premier League,2526,2025-10-04 Chelsea-Liverpool,Chelsea,João Pedro,1,2025,28842,2025-10-04 16:30:00,646288,80,8272,742594,Enzo Fernández,0.02694791927933693,0.7340000152587891,0.49599998474121093,51,Right Foot,Open Play,Blocked Shot
ENG-Premier League,2526,2025-10-04 Chelsea-Liverpool,Chelsea,Malo Gusto,1,2025,28842,2025-10-04 16:30:00,646283,80,9017,,,0.018794216215610504,0.765,0.4929999923706055,25,Left Foot,Set Piece,Missed Shot
ENG-Premier League,2526,2025-10-04 Chelsea-Liverpool,Chelsea,Marc Guiu,1,2025,28842,2025-10-04 16:30:00,646294,80,11633,742601,Estêvão,0.04020346701145172,0.870999984741211,0.45599998474121095,75,,Open Play,Missed Shot
ENG-Premier League,2526,2025-10-04 Chelsea-Liverpool,Chelsea,Moisés Caicedo,1,2025,28842,2025-10-04 16:30:00,646281,80,9453,742592,Malo Gusto,0.03168066218495369,0.78,0.415,13,Right Foot,Open Play,Goal
ENG-Premier League,2526,2025-10-04 Chelsea-Liverpool,Chelsea,Moisés Caicedo,1,2025,28842,2025-10-04 16:30:00,646299,80,9453,,,0.011946183629333973,0.7069999694824218,0.5020000076293946,88,Right Foot,Open Play,Saved Shot
ENG-Premier League,2526,2025-10-04 Chelsea-Liverpool,Chelsea,Pedro Neto,1,2025,28842,2025-10-04 16:30:00,646290,80,6382,742590,Marc Cucurella,0.05661715194582939,0.9119999694824219,0.4,58,,Open Play,Blocked Shot
ENG-Premier League,2526,2025-10-04 Chelsea-Liverpool,Liverpool,Alexander Isak,1,2025,28842,2025-10-04 16:30:00,646285,87,5232,742609,Mohamed Salah,0.23024055361747742,0.9130000305175782,0.544000015258789,43,,Open Play,Missed Shot
ENG-Premier League,2526,2025-10-04 Chelsea-Liverpool,Liverpool,Alexis Mac Allister,1,2025,28842,2025-10-04 16:30:00,646293,87,8379,742611,Cody Gakpo,0.021458212286233902,0.7680000305175781,0.590999984741211,70,Right Foot,Open Play,Blocked Shot
ENG-Premier League,2526,2025-10-04 Chelsea-Liverpool,Liverpool,Andrew Robertson,1,2025,28842,2025-10-04 16:30:00,646292,87,1688,,,0.05444929376244545,0.914000015258789,0.6819999694824219,68,Right Foot,Open Play,Blocked Shot
ENG-Premier League,2526,2025-10-04 Chelsea-Liverpool,Liverpool,Cody Gakpo,1,2025,28842,2025-10-04 16:30:00,646291,87,11296,742612,Alexander Isak,0.8188285231590271,0.960999984741211,0.5020000076293946,62,Right Foot,Open Play,Goal
ENG-Premier League,2526,2025-10-04 Chelsea-Liverpool,Liverpool,Curtis Jones,1,2025,28842,2025-10-04 16:30:00,646303,87,6665,742609,Mohamed Salah,0.12311115860939026,0.8969999694824219,0.345,93,Right Foot,Open Play,Missed Shot
ENG-Premier League,2526,2025-10-04 Chelsea-Liverpool,Liverpool,Dominik Szoboszlai,1,2025,28842,2025-10-04 16:30:00,646282,87,9788,742611,Cody Gakpo,0.4609438180923462,0.9109999847412109,0.5429999923706055,18,Right Foot,Open Play,Blocked Shot
ENG-Premier League,2526,2025-10-04 Chelsea-Liverpool,Liverpool,Dominik Szoboszlai,1,2025,28842,2025-10-04 16:30:00,646296,87,9788,,,0.017731547355651855,0.7580000305175781,0.46099998474121096,80,Left Foot,Open Play,Blocked Shot
ENG-Premier League,2526,2025-10-04 Chelsea-Liverpool,Liverpool,Dominik Szoboszlai,1,2025,28842,2025-10-04 16:30:00,646301,87,9788,742609,Mohamed Salah,0.04240086302161217,0.7580000305175781,0.4909999847412109,89,Right Foot,Open Play,Missed Shot
ENG-Premier League,2526,2025-10-04 Chelsea-Liverpool,Liverpool,Hugo Ekitike,1,2025,28842,2025-10-04 16:30:00,646295,87,8995,742611,Cody Gakpo,0.08405257761478424,0.84,0.5379999923706055,80,Left Foot,Open Play,Blocked Shot
ENG-Premier League,2526,2025-10-04 Chelsea-Liverpool,Liverpool,Mohamed Salah,1,2025,28842,2025-10-04 16:30:00,646286,87,1250,742614,Florian Wirtz,0.08475294709205627,0.8980000305175782,0.39799999237060546,45,Right Foot,Open Play,Missed Shot
ENG-Premier League,2526,2025-10-04 Chelsea-Liverpool,Liverpool,Mohamed Salah,1,2025,28842,2025-10-04 16:30:00,646289,87,1250,742607,Alexis Mac Allister,0.10611916333436966,0.835999984741211,0.485,52,Left Foot,Open Play,Missed Shot
ENG-Premier League,2526,2025-10-04 Chelsea-Liverpool,Liverpool,Ryan Gravenberch,1,2025,28842,2025-10-04 16:30:00,646287,87,10697,742609,Mohamed Salah,0.0172115471214056,0.775,0.27299999237060546,50,Right Foot,Open Play,Saved Shot
ENG-Premier League,2526,2025-10-04 Leeds-Tottenham,Leeds,Anton Stach,1,2025,28844,2025-10-04 11:30:00,645900,245,9910,742128,Sean Longstaff,0.03810622915625572,0.8719999694824219,0.3679999923706055,4,Right Foot,From Corner,Missed Shot
ENG-Premier League,2526,2025-10-04 Leeds-Tottenham,Leeds,Brenden Aaronson,1,2025,28844,2025-10-04 11:30:00,645908,245,10751,742131,Dominic Calvert-Lewin,0.07747303694486618,0.879000015258789,0.37799999237060544,33,Left Foot,Open Play,Saved Shot
ENG-Premier League,2526,2025-10-04 Leeds-Tottenham,Leeds,Dominic Calvert-Lewin,1,2025,28844,2025-10-04 11:30:00,645906,245,5555,742132,Noah Okafor,0.060694314539432526,0.8590000152587891,0.585999984741211,25,Right Foot,Open Play,Missed Shot
ENG-Premier League,2526,2025-10-04 Leeds-Tottenham,Leeds,Dominic Calvert-Lewin,1,2025,28844,2025-10-04 11:30:00,645914,245,5555,742132,Noah Okafor,0.09731337428092957,0.86,0.43400001525878906,47,Right Foot,Open Play,Saved Shot
ENG-Premier League,2526,2025-10-04 Leeds-Tottenham,Leeds,Jayden Bogle,1,2025,28844,2025-10-04 11:30:00,645919,245,9205,742128,Sean Longstaff,0.013216808438301086,0.725999984741211,0.33599998474121096,77,Right Foot,Open Play,Missed Shot
ENG-Premier League,2526,2025-10-04 Leeds-Tottenham,Leeds,Joe Rodon,1,2025,28844,2025-10-04 11:30:00,645901,245,6377,742128,Sean Longstaff,0.2322663515806198,0.97,0.40099998474121096,6,,Set Piece,Shot On Post
ENG-Premier League,2526,2025-10-04 Leeds-Tottenham,Leeds,Joe Rodon,1,2025,28844,2025-10-04 11:30:00,645917,245,6377,742128,Sean Longstaff,0.007910280488431454,0.955999984741211,0.6480000305175782,61,,Set Piece,Missed Shot
ENG-Premier League,2526,2025-10-04 Leeds-Tottenham,Leeds,Joël Piroe,1,2025,28844,2025-10-04 11:30:00,645923,245,13835,742131,Dominic Calvert-Lewin,0.058323636651039124,0.8469999694824218,0.5109999847412109,93,Left Foot,Open Play,Saved Shot
ENG-Premier League,2526,2025-10-04 Leeds-Tottenham,Leeds,Noah Okafor,1,2025,28844,2025-10-04 11:30:00,645909,245,11966,,,0.6810007095336914,0.9669999694824218,0.54,33,Right Foot,Open Play,Goal
ENG-Premier League,2526,2025-10-04 Leeds-Tottenham,Leeds,Pascal Struijk,1,2025,28844,2025-10-04 11:30:00,645902,245,8717,742131,Dominic Calvert-Lewin,0.06113003194332123,0.914000015258789,0.48700000762939455,6,,Set Piece,Missed Shot
ENG-Premier League,2526,2025-10-04 Leeds-Tottenham,Leeds,Pascal Struijk,1,2025,28844,2025-10-04 11:30:00,645922,245,8717,742129,Ethan Ampadu,0.010916526429355145,0.909000015258789,0.634000015258789,91,,Open Play,Missed Shot
ENG-Premier League,2526,2025-10-04 Leeds-Tottenham,Leeds,Pascal Struijk,1,2025,28844,2025-10-04 11:30:00,645924,245,8717,742128,Sean Longstaff,0.06115124002099037,0.9380000305175781,0.5359999847412109,93,,From Corner,Blocked Shot
ENG-Premier League,2526,2025-10-04 Leeds-Tottenham,Leeds,Sean Longstaff,1,2025,28844,2025-10-04 11:30:00,645910,245,7078,742130,Brenden Aaronson,0.032637957483530045,0.784000015258789,0.5509999847412109,36,Right Foot,Open Play,Blocked Shot
ENG-Premier League,2526,2025-10-04 Leeds-Tottenham,Leeds,Sean Longstaff,1,2025,28844,2025-10-04 11:30:00,645911,245,7078,,,0.044881537556648254,0.8159999847412109,0.5359999847412109,36,Right Foot,Open Play,Missed Shot
ENG-Premier League,2526,2025-10-04 Leeds-Tottenham,Leeds,Sean Longstaff,1,2025,28844,2025-10-04 11:30:00,645918,245,7078,742134,Ao Tanaka,0.03436124697327614,0.7769999694824219,0.5209999847412109,70,Right Foot,Open Play,Missed Shot
ENG-Premier League,2526,2025-10-04 Leeds-Tottenham,Leeds,Sean Longstaff,1,2025,28844,2025-10-04 11:30:00,645921,245,7078,,,0.023350631818175316,0.7680000305175781,0.40099998474121096,90,Right Foot,Open Play,Missed Shot
ENG-Premier League,2526,2025-10-04 Leeds-Tottenham,Tottenham,João Palhinha,1,2025,28844,2025-10-04 11:30:00,645903,82,10715,,,0.04990726336836815,0.8130000305175781,0.46099998474121096,9,Right Foot,Open Play,Missed Shot
ENG-Premier League,2526,2025-10-04 Leeds-Tottenham,Tottenham,João Palhinha,1,2025,28844,2025-10-04 11:30:00,645904,82,10715,742146,Xavi Simons,0.032749954611063004,0.775,0.509000015258789,15,Right Foot,Open Play,Blocked Shot
ENG-Premier League,2526,2025-10-04 Leeds-Tottenham,Tottenham,Mathys Tel,1,2025,28844,2025-10-04 11:30:00,645905,82,9780,742145,Mohammed Kudus,0.0721215233206749,0.87,0.3060000038146973,22,Right Foot,Open Play,Goal
ENG-Premier League,2526,2025-10-04 Leeds-Tottenham,Tottenham,Mathys Tel,1,2025,28844,2025-10-04 11:30:00,645913,82,9780,742147,Wilson Odobert,0.05292653664946556,0.9180000305175782,0.5429999923706055,45,,Open Play,Shot On Post
ENG-Premier League,2526,2025-10-04 Leeds-Tottenham,Tottenham,Mohammed Kudus,1,2025,28844,2025-10-04 11:30:00,645907,82,12027,742142,Iyenoma Destiny Udogie,0.32727721333503723,0.8590000152587891,0.425,26,Left Foot,Open Play,Missed Shot
ENG-Premier League,2526,2025-10-04 Leeds-Tottenham,Tottenham,Mohammed Kudus,1,2025,28844,2025-10-04 11:30:00,645915,82,12027,,,0.07763850688934326,0.7930000305175782,0.34599998474121096,54,Left Foot,Direct Freekick,Saved Shot
ENG-Premier League,2526,2025-10-04 Leeds-Tottenham,Tottenham,Mohammed Kudus,1,2025,28844,2025-10-04 11:30:00,645916,82,12027,,,0.03842801973223686,0.7969999694824219,0.425,56,Left Foot,Open Play,Goal
ENG-Premier League,2526,2025-10-04 Leeds-Tottenham,Tottenham,Richarlison,1,2025,28844,2025-10-04 11:30:00,645920,82,6026,,,0.023208579048514366,0.8919999694824219,0.28899999618530275,86,Right Foot,Open Play,Blocked Shot
ENG-Premier League,2526,2025-10-04 Leeds-Tottenham,Tottenham,Rodrigo Bentancur,1,2025,28844,2025-10-04 11:30:00,645912,82,6108,742146,Xavi Simons,0.013940145261585712,0.7090000152587891,0.5229999923706055,44,Right Foot,Open Play,Missed Shot
ENG-Premier League,2526,2025-10-04 Manchester United-Sunderland,Manchester United,Amad Diallo Traore,1,2025,28845,2025-10-04 14:00:00,646149,89,8127,742438,Benjamin Sesko,0.06006554514169693,0.845,0.34700000762939454,20,Left Foot,Open Play,Saved Shot
ENG-Premier League,2526,2025-10-04 Manchester United-Sunderland,Manchester United,Amad Diallo Traore,1,2025,28845,2025-10-04 14:00:00,646153,89,8127,,,0.4014262557029724,0.97,0.4229999923706055,24,,Open Play,Missed Shot
ENG-Premier League,2526,2025-10-04 Manchester United-Sunderland,Manchester United,Benjamin Sesko,1,2025,28845,2025-10-04 14:00:00,646154,89,11974,,,0.6503399610519409,0.9580000305175781,0.49200000762939455,30,Right Foot,Open Play,Goal
ENG-Premier League,2526,2025-10-04 Manchester United-Sunderland,Manchester United,Bruno Fernandes,1,2025,28845,2025-10-04 14:00:00,646151,89,1228,,,0.07455573230981827,0.8369999694824218,0.595999984741211,22,Left Foot,Open Play,Missed Shot
ENG-Premier League,2526,2025-10-04 Manchester United-Sunderland,Manchester United,Bruno Fernandes,1,2025,28845,2025-10-04 14:00:00,646152,89,1228,742437,Mason Mount,0.08677645027637482,0.8240000152587891,0.54,24,Right Foot,Open Play,Saved Shot
ENG-Premier League,2526,2025-10-04 Manchester United-Sunderland,Manchester United,Bruno Fernandes,1,2025,28845,2025-10-04 14:00:00,646159,89,1228,742432,Amad Diallo Traore,0.021685965359210968,0.764000015258789,0.3,46,Right Foot,Open Play,Blocked Shot
ENG-Premier League,2526,2025-10-04 Manchester United-Sunderland,Manchester United,Bryan Mbeumo,1,2025,28845,2025-10-04 14:00:00,646150,89,6552,742432,Amad Diallo Traore,0.03234534710645676,0.7959999847412109,0.32099998474121094,21,Left Foot,Open Play,Saved Shot
ENG-Premier League,2526,2025-10-04 Manchester United-Sunderland,Manchester United,Bryan Mbeumo,1,2025,28845,2025-10-04 14:00:00,646161,89,6552,742438,Benjamin Sesko,0.09342284500598907,0.86,0.37900001525878907,54,Left Foot,Open Play,Missed Shot
ENG-Premier League,2526,2025-10-04 Manchester United-Sunderland,Manchester United,Casemiro,1,2025,28845,2025-10-04 14:00:00,646165,89,2248,742432,Amad Diallo Traore,0.04226280748844147,0.784000015258789,0.504000015258789,69,Right Foot,Open Play,Missed Shot
ENG-Premier League,2526,2025-10-04 Manchester United-Sunderland,Manchester United,Diogo Dalot,1,2025,28845,2025-10-04 14:00:00,646157,89,7281,,,0.09964308887720108,0.8819999694824219,0.669000015258789,40,Left Foot,Open Play,Missed Shot
ENG-Premier League,2526,2025-10-04 Manchester United-Sunderland,Manchester United,Leny Yoro,1,2025,28845,2025-10-04 14:00:00,646162,89,10564,742435,Bruno Fernandes,0.06414623558521271,0.914000015258789,0.3370000076293945,56,Right Foot,Set Piece,Blocked Shot
ENG-Premier League,2526,2025-10-04 Manchester United-Sunderland,Manchester United,Mason Mount,1,2025,28845,2025-10-04 14:00:00,646148,89,7768,742436,Bryan Mbeumo,0.074598029255867,0.8680000305175781,0.5,7,Right Foot,Open Play,Goal
ENG-Premier League,2526,2025-10-04 Manchester United-Sunderland,Manchester United,Matheus Cunha,1,2025,28845,2025-10-04 14:00:00,646167,89,7080,742435,Bruno Fernandes,0.08349582552909851,0.8669999694824219,0.34599998474121096,80,Right Foot,Open Play,Missed Shot
ENG-Premier League,2526,2025-10-04 Manchester United-Sunderland,Manchester United,Matheus Cunha,1,2025,28845,2025-10-04 14:00:00,646168,89,7080,742435,Bruno Fernandes,0.1371987760066986,0.9630000305175781,0.49900001525878906,83,,From Corner,Missed Shot
ENG-Premier League,2526,2025-10-04 Manchester United-Sunderland,Manchester United,Matheus Cunha,1,2025,28845,2025-10-04 14:00:00,646169,89,7080,742440,Patrick Dorgu,0.042673029005527496,0.8380000305175781,0.6359999847412109,88,Right Foot,Open Play,Saved Shot
ENG-Premier League,2526,2025-10-04 Manchester United-Sunderland,Sunderland,Bertrand Traoré,1,2025,28845,2025-10-04 14:00:00,646155,77,695,742448,Arthur Masuaku,0.05806344375014305,0.914000015258789,0.4540000152587891,32,,Open Play,Saved Shot
ENG-Premier League,2526,2025-10-04 Manchester United-Sunderland,Sunderland,Bertrand Traoré,1,2025,28845,2025-10-04 14:00:00,646156,77,695,742453,Simon Adingra,0.0696401596069336,0.8830000305175781,0.5309999847412109,34,Left Foot,Open Play,Missed Shot
ENG-Premier League,2526,2025-10-04 Manchester United-Sunderland,Sunderland,Chemsdine Talbi,1,2025,28845,2025-10-04 14:00:00,646164,77,13717,,,0.037513796240091324,0.8490000152587891,0.649000015258789,65,Right Foot,Open Play,Blocked Shot
ENG-Premier League,2526,2025-10-04 Manchester United-Sunderland,Sunderland,Chemsdine Talbi,1,2025,28845,2025-10-04 14:00:00,646170,77,13717,742458,Eliezer Mayenda,0.2839544713497162,0.8830000305175781,0.6170000076293946,89,Right Foot,Open Play,Saved Shot
ENG-Premier League,2526,2025-10-04 Manchester United-Sunderland,Sunderland,Dan Ballard,1,2025,28845,2025-10-04 14:00:00,646160,77,13715,742450,Granit Xhaka,0.2619534730911255,0.9730000305175781,0.5790000152587891,51,,From Corner,Missed Shot
ENG-Premier League,2526,2025-10-04 Manchester United-Sunderland,Sunderland,Eliezer Mayenda,1,2025,28845,2025-10-04 14:00:00,646166,77,13718,742455,Chemsdine Talbi,0.0658116266131401,0.8159999847412109,0.4620000076293945,78,Left Foot,Open Play,Missed Shot
ENG-Premier League,2526,2025-10-04 Manchester United-Sunderland,Sunderland,Granit Xhaka,1,2025,28845,2025-10-04 14:00:00,646158,77,204,742451,Bertrand Traoré,0.010196632705628872,0.7369999694824219,0.3129999923706055,43,Left Foot,Open Play,Saved Shot
ENG-Premier League,2526,2025-10-04 Manchester United-Sunderland,Sunderland,Trai Hume,1,2025,28845,2025-10-04 14:00:00,646163,77,13713,,,0.019985053688287735,0.774000015258789,0.5790000152587891,62,Right Foot,From Corner,Missed Shot
ENG-Premier League,2526,2025-10-05 Aston Villa-Burnley,Aston Villa,Boubacar Kamara,1,2025,28840,2025-10-05 13:00:00,646651,71,5789,743015,Matthew Cash,0.013707851059734821,0.8869999694824219,0.4209999847412109,13,,From Corner,Blocked Shot
ENG-Premier League,2526,2025-10-05 Aston Villa-Burnley,Aston Villa,Donyell Malen,1,2025,28840,2025-10-05 13:00:00,646648,71,9749,743018,Lucas Digne,0.3817027807235718,0.970999984741211,0.57,9,,From Corner,Missed Shot
ENG-Premier League,2526,2025-10-05 Aston Villa-Burnley,Aston Villa,Donyell Malen,1,2025,28840,2025-10-05 13:00:00,646653,71,9749,743019,Boubacar Kamara,0.12220802158117294,0.91,0.385,24,Right Foot,Open Play,Goal
ENG-Premier League,2526,2025-10-05 Aston Villa-Burnley,Aston Villa,Donyell Malen,1,2025,28840,2025-10-05 13:00:00,646659,71,9749,743023,Morgan Rogers,0.30903878808021545,0.89,0.3579999923706055,62,Right Foot,Open Play,Goal
ENG-Premier League,2526,2025-10-05 Aston Villa-Burnley,Aston Villa,Ezri Konsa Ngoyo,1,2025,28840,2025-10-05 13:00:00,646650,71,7726,743018,Lucas Digne,0.02329982817173004,0.9030000305175782,0.47900001525878905,12,,From Corner,Saved Shot
ENG-Premier League,2526,2025-10-05 Aston Villa-Burnley,Aston Villa,John McGinn,1,2025,28840,2025-10-05 13:00:00,646658,71,7723,743021,Donyell Malen,0.040840666741132736,0.8090000152587891,0.5159999847412109,54,Left Foot,From Corner,Missed Shot
ENG-Premier League,2526,2025-10-05 Aston Villa-Burnley,Aston Villa,Lucas Digne,1,2025,28840,2025-10-05 13:00:00,646664,71,1823,,,0.11445166915655136,0.8869999694824219,0.625,88,Left Foot,Open Play,Saved Shot
ENG-Premier League,2526,2025-10-05 Aston Villa-Burnley,Aston Villa,Matthew Cash,1,2025,28840,2025-10-05 13:00:00,646660,71,8864,743020,Lamare Bogarde,0.01621449738740921,0.7119999694824218,0.3160000038146973,66,Right Foot,Open Play,Saved Shot
ENG-Premier League,2526,2025-10-05 Aston Villa-Burnley,Aston Villa,Morgan Rogers,1,2025,28840,2025-10-05 13:00:00,646649,71,12412,743021,Donyell Malen,0.04305170103907585,0.850999984741211,0.685,11,Right Foot,Open Play,Blocked Shot
ENG-Premier League,2526,2025-10-05 Aston Villa-Burnley,Aston Villa,Morgan Rogers,1,2025,28840,2025-10-05 13:00:00,646657,71,12412,,,0.33187082409858704,0.8719999694824219,0.5770000076293945,53,Right Foot,Open Play,Saved Shot
ENG-Premier League,2526,2025-10-05 Aston Villa-Burnley,Aston Villa,Morgan Rogers,1,2025,28840,2025-10-05 13:00:00,646663,71,12412,743019,Boubacar Kamara,0.019574031233787537,0.7169999694824218,0.3940000152587891,80,Right Foot,Open Play,Saved Shot
ENG-Premier League,2526,2025-10-05 Aston Villa-Burnley,Aston Villa,Ollie Watkins,1,2025,28840,2025-10-05 13:00:00,646654,71,8865,743018,Lucas Digne,0.03613422438502312,0.9169999694824219,0.6070000076293945,29,,Open Play,Blocked Shot
ENG-Premier League,2526,2025-10-05 Aston Villa-Burnley,Aston Villa,Ollie Watkins,1,2025,28840,2025-10-05 13:00:00,646656,71,8865,743022,John McGinn,0.13864462077617645,0.91,0.5620000076293945,47,Left Foot,Open Play,Missed Shot
ENG-Premier League,2526,2025-10-05 Aston Villa-Burnley,Aston Villa,Pau Torres,1,2025,28840,2025-10-05 13:00:00,646652,71,6221,743018,Lucas Digne,0.02297056093811989,0.9069999694824219,0.4420000076293945,13,,From Corner,Missed Shot
ENG-Premier League,2526,2025-10-05 Aston Villa-Burnley,Aston Villa,Ross Barkley,1,2025,28840,2025-10-05 13:00:00,646665,71,592,743018,Lucas Digne,0.12200502306222916,0.95,0.445,89,,From Corner,Missed Shot
ENG-Premier League,2526,2025-10-05 Aston Villa-Burnley,Burnley,Chimuanya Ugochukwu,1,2025,28840,2025-10-05 13:00:00,646662,92,9451,743036,Quilindschy Hartman,0.3644039034843445,0.93,0.4779999923706055,77,,From Corner,Goal
ENG-Premier League,2526,2025-10-05 Aston Villa-Burnley,Burnley,Chimuanya Ugochukwu,1,2025,28840,2025-10-05 13:00:00,646666,92,9451,,,0.05538790673017502,0.9009999847412109,0.664000015258789,91,Right Foot,Set Piece,Missed Shot
ENG-Premier League,2526,2025-10-05 Aston Villa-Burnley,Burnley,Josh Cullen,1,2025,28840,2025-10-05 13:00:00,646655,92,1018,,,0.019664721563458443,0.8269999694824218,0.4859999847412109,34,Right Foot,Open Play,Saved Shot
ENG-Premier League,2526,2025-10-05 Aston Villa-Burnley,Burnley,Kyle Walker,1,2025,28840,2025-10-05 13:00:00,646661,92,638,743036,Quilindschy Hartman,0.04588526859879494,0.924000015258789,0.534000015258789,76,,From Corner,Blocked Shot
ENG-Premier League,2526,2025-10-05 Aston Villa-Burnley,Burnley,Zian Flemming,1,2025,28840,2025-10-05 13:00:00,646667,92,13729,743039,Florentino Luís,0.016949784010648727,0.715,0.475,92,Right Foot,Open Play,Blocked Shot
ENG-Premier League,2526,2025-10-05 Brentford-Manchester City,Brentford,Aaron Hickey,1,2025,28841,2025-10-05 15:30:00,646934,244,8942,743365,Kevin Schade,0.015899255871772766,0.71,0.49700000762939456,91,Right Foot,Open Play,Missed Shot
ENG-Premier League,2526,2025-10-05 Brentford-Manchester City,Brentford,Michael Kayode,1,2025,28841,2025-10-05 15:30:00,646931,244,11281,743365,Kevin Schade,0.018799951300024986,0.889000015258789,0.38,57,,Open Play,Missed Shot
ENG-Premier League,2526,2025-10-05 Brentford-Manchester City,Brentford,Thiago,1,2025,28841,2025-10-05 15:30:00,646927,244,13222,743362,Jordan Henderson,0.04148175194859505,0.7959999847412109,0.48700000762939455,35,Right Foot,Open Play,Blocked Shot
ENG-Premier League,2526,2025-10-05 Brentford-Manchester City,Brentford,Thiago,1,2025,28841,2025-10-05 15:30:00,646929,244,13222,,,0.5277394652366638,0.8430000305175781,0.5070000076293946,47,Right Foot,Open Play,Saved Shot
ENG-Premier League,2526,2025-10-05 Brentford-Manchester City,Brentford,Vitaly Janelt,1,2025,28841,2025-10-05 15:30:00,646933,244,9680,743358,Sepp van den Berg,0.07653624564409256,0.85,0.5379999923706055,90,Left Foot,Open Play,Missed Shot
ENG-Premier League,2526,2025-10-05 Brentford-Manchester City,Brentford,Yehor Yarmolyuk,1,2025,28841,2025-10-05 15:30:00,646932,244,11772,,,0.013301693834364414,0.835999984741211,0.3129999923706055,60,Right Foot,Open Play,Blocked Shot
ENG-Premier League,2526,2025-10-05 Brentford-Manchester City,Manchester City,Erling Haaland,1,2025,28841,2025-10-05 15:30:00,646921,88,8260,743373,Josko Gvardiol,0.2928302586078644,0.899000015258789,0.610999984741211,8,Left Foot,Open Play,Goal
ENG-Premier League,2526,2025-10-05 Brentford-Manchester City,Manchester City,Josko Gvardiol,1,2025,28841,2025-10-05 15:30:00,646920,88,9790,743379,Phil Foden,0.08271034806966782,0.9119999694824219,0.5220000076293946,7,,From Corner,Saved Shot
ENG-Premier League,2526,2025-10-05 Brentford-Manchester City,Manchester City,Oscar Bobb,1,2025,28841,2025-10-05 15:30:00,646930,88,11903,743379,Phil Foden,0.09196644276380539,0.85,0.3579999923706055,52,Left Foot,Open Play,Blocked Shot
ENG-Premier League,2526,2025-10-05 Brentford-Manchester City,Manchester City,Phil Foden,1,2025,28841,2025-10-05 15:30:00,646919,88,6055,743376,Rodri,0.02714923396706581,0.77,0.6029999923706054,6,Left Foot,Open Play,Blocked Shot
ENG-Premier League,2526,2025-10-05 Brentford-Manchester City,Manchester City,Phil Foden,1,2025,28841,2025-10-05 15:30:00,646923,88,6055,743378,Tijjani Reijnders,0.04854302480816841,0.8190000152587891,0.39299999237060546,18,Left Foot,Open Play,Saved Shot
ENG-Premier League,2526,2025-10-05 Brentford-Manchester City,Manchester City,Phil Foden,1,2025,28841,2025-10-05 15:30:00,646924,88,6055,743377,Oscar Bobb,0.030010638758540154,0.750999984741211,0.46299999237060546,26,Left Foot,Open Play,Blocked Shot
ENG-Premier League,2526,2025-10-05 Brentford-Manchester City,Manchester City,Phil Foden,1,2025,28841,2025-10-05 15:30:00,646925,88,6055,743377,Oscar Bobb,0.13160130381584167,0.8919999694824219,0.4570000076293945,28,Left Foot,Open Play,Blocked Shot
ENG-Premier League,2526,2025-10-05 Brentford-Manchester City,Manchester City,Phil Foden,1,2025,28841,2025-10-05 15:30:00,646926,88,6055,743377,Oscar Bobb,0.0848473310470581,0.874000015258789,0.3659999847412109,30,Right Foot,Open Play,Missed Shot
ENG-Premier League,2526,2025-10-05 Brentford-Manchester City,Manchester City,Tijjani Reijnders,1,2025,28841,2025-10-05 15:30:00,646922,88,11965,743375,Nico O'Reilly,0.017935506999492645,0.754000015258789,0.69,14,Right Foot,Open Play,Missed Shot
ENG-Premier League,2526,2025-10-05 Brentford-Manchester City,Manchester City,Tijjani Reijnders,1,2025,28841,2025-10-05 15:30:00,646928,88,11965,743375,Nico O'Reilly,0.28888022899627686,0.899000015258789,0.38,38,Right Foot,Open Play,Saved Shot
ENG-Premier League,2526,2025-10-05 Everton-Crystal Palace,Crystal Palace,Adam Wharton,1,2025,28843,2025-10-05 13:00:00,646643,78,12409,,,0.038950271904468536,0.79,0.5709999847412109,91,Left Foot,Open Play,Blocked Shot
ENG-Premier League,2526,2025-10-05 Everton-Crystal Palace,Crystal Palace,Chris Richards,1,2025,28843,2025-10-05 13:00:00,646619,78,8430,743006,Adam Wharton,0.048302698880434036,0.925,0.46900001525878904,1,,From Corner,Blocked Shot
ENG-Premier League,2526,2025-10-05 Everton-Crystal Palace,Crystal Palace,Daichi Kamada,1,2025,28843,2025-10-05 13:00:00,646623,78,6145,743000,Maxence Lacroix,0.039466917514801025,0.8190000152587891,0.47700000762939454,11,Right Foot,Open Play,Blocked Shot
ENG-Premier League,2526,2025-10-05 Everton-Crystal Palace,Crystal Palace,Daichi Kamada,1,2025,28843,2025-10-05 13:00:00,646631,78,6145,743007,Ismaila Sarr,0.04143211990594864,0.785,0.595,56,Left Foot,Open Play,Missed Shot
ENG-Premier League,2526,2025-10-05 Everton-Crystal Palace,Crystal Palace,Daniel Muñoz,1,2025,28843,2025-10-05 13:00:00,646628,78,12408,743007,Ismaila Sarr,0.2719878554344177,0.9290000152587891,0.34799999237060547,36,Right Foot,Open Play,Goal
ENG-Premier League,2526,2025-10-05 Everton-Crystal Palace,Crystal Palace,Ismaila Sarr,1,2025,28843,2025-10-05 13:00:00,646635,78,5675,743008,Yeremi Pino,0.1355862319469452,0.8669999694824219,0.6220000076293946,63,Right Foot,Open Play,Blocked Shot
ENG-Premier League,2526,2025-10-05 Everton-Crystal Palace,Crystal Palace,Jean-Philippe Mateta,1,2025,28843,2025-10-05 13:00:00,646627,78,5735,743007,Ismaila Sarr,0.0553666315972805,0.84,0.36400001525878906,26,Right Foot,Open Play,Saved Shot
ENG-Premier League,2526,2025-10-05 Everton-Crystal Palace,Crystal Palace,Jean-Philippe Mateta,1,2025,28843,2025-10-05 13:00:00,646632,78,5735,,,0.3628399670124054,0.9130000305175782,0.375,59,Right Foot,Open Play,Blocked Shot
ENG-Premier League,2526,2025-10-05 Everton-Crystal Palace,Crystal Palace,Jean-Philippe Mateta,1,2025,28843,2025-10-05 13:00:00,646636,78,5735,,,0.4170893430709839,0.9080000305175782,0.45,63,Left Foot,Open Play,Missed Shot
ENG-Premier League,2526,2025-10-05 Everton-Crystal Palace,Crystal Palace,Justin Devenny,1,2025,28843,2025-10-05 13:00:00,646646,78,13038,,,0.05343788489699364,0.8469999694824218,0.3970000076293945,96,Right Foot,Set Piece,Missed Shot
ENG-Premier League,2526,2025-10-05 Everton-Crystal Palace,Crystal Palace,Justin Devenny,1,2025,28843,2025-10-05 13:00:00,646647,78,13038,743001,Chris Richards,0.11750244349241257,0.96,0.5620000076293945,101,Right Foot,Open Play,Saved Shot
ENG-Premier League,2526,2025-10-05 Everton-Crystal Palace,Crystal Palace,Marc Guehi,1,2025,28843,2025-10-05 13:00:00,646625,78,7603,,,0.5758996605873108,0.9430000305175781,0.45799999237060546,18,Left Foot,Open Play,Saved Shot
ENG-Premier League,2526,2025-10-05 Everton-Crystal Palace,Crystal Palace,Tyrick Mitchell,1,2025,28843,2025-10-05 13:00:00,646621,78,8214,,,0.013037488795816898,0.835999984741211,0.7319999694824219,1,Left Foot,Open Play,Saved Shot
ENG-Premier League,2526,2025-10-05 Everton-Crystal Palace,Crystal Palace,Tyrick Mitchell,1,2025,28843,2025-10-05 13:00:00,646626,78,8214,743008,Yeremi Pino,0.029075073078274727,0.87,0.7440000152587891,25,Left Foot,Open Play,Shot On Post
ENG-Premier League,2526,2025-10-05 Everton-Crystal Palace,Crystal Palace,Yeremi Pino,1,2025,28843,2025-10-05 13:00:00,646620,78,9024,,,0.03446919843554497,0.8090000152587891,0.5320000076293945,1,Right Foot,From Corner,Saved Shot
ENG-Premier League,2526,2025-10-05 Everton-Crystal Palace,Everton,Beto,1,2025,28843,2025-10-05 13:00:00,646639,72,9983,,,0.027602793648838997,0.9030000305175782,0.47099998474121096,77,,From Corner,Missed Shot
ENG-Premier League,2526,2025-10-05 Everton-Crystal Palace,Everton,Beto,1,2025,28843,2025-10-05 13:00:00,646644,72,9983,742992,Iliman Ndiaye,0.5476973056793213,0.9480000305175781,0.4929999923706055,92,,Open Play,Saved Shot
ENG-Premier League,2526,2025-10-05 Everton-Crystal Palace,Everton,Carlos Alcaraz,1,2025,28843,2025-10-05 13:00:00,646637,72,11297,742988,Vitalii Mykolenko,0.053547415882349014,0.9,0.664000015258789,65,Left Foot,Open Play,Saved Shot
ENG-Premier League,2526,2025-10-05 Everton-Crystal Palace,Everton,Carlos Alcaraz,1,2025,28843,2025-10-05 13:00:00,646642,72,11297,742996,Beto,0.025597596541047096,0.764000015258789,0.4379999923706055,90,Right Foot,Open Play,Missed Shot
ENG-Premier League,2526,2025-10-05 Everton-Crystal Palace,Everton,Iliman Ndiaye,1,2025,28843,2025-10-05 13:00:00,646638,72,9307,,,0.7611688375473022,0.885,0.5,75,Right Foot,,Goal
ENG-Premier League,2526,2025-10-05 Everton-Crystal Palace,Everton,Jack Grealish,1,2025,28843,2025-10-05 13:00:00,646622,72,675,742992,Iliman Ndiaye,0.049221426248550415,0.8440000152587891,0.6580000305175782,8,Right Foot,Open Play,Saved Shot
ENG-Premier League,2526,2025-10-05 Everton-Crystal Palace,Everton,Jack Grealish,1,2025,28843,2025-10-05 13:00:00,646640,72,675,742998,Carlos Alcaraz,0.03918924927711487,0.89,0.7269999694824218,80,Right Foot,Open Play,Saved Shot
ENG-Premier League,2526,2025-10-05 Everton-Crystal Palace,Everton,Jack Grealish,1,2025,28843,2025-10-05 13:00:00,646645,72,675,,,0.6899271607398987,0.9619999694824218,0.5170000076293946,92,Left Foot,Open Play,Goal
ENG-Premier League,2526,2025-10-05 Everton-Crystal Palace,Everton,Jake O&#039;Brien,1,2025,28843,2025-10-05 13:00:00,646629,72,12014,742990,James Garner,0.05188749358057976,0.9330000305175781,0.43,47,,Set Piece,Saved Shot
ENG-Premier League,2526,2025-10-05 Everton-Crystal Palace,Everton,James Garner,1,2025,28843,2025-10-05 13:00:00,646641,72,7438,,,0.07216107845306396,0.850999984741211,0.4909999847412109,89,Left Foot,Open Play,Missed Shot
ENG-Premier League,2526,2025-10-05 Everton-Crystal Palace,Everton,Michael Keane,1,2025,28843,2025-10-05 13:00:00,646630,72,1653,742985,Jake O'Brien,0.0657150074839592,0.8669999694824219,0.515,48,Right Foot,Set Piece,Blocked Shot
ENG-Premier League,2526,2025-10-05 Everton-Crystal Palace,Everton,Michael Keane,1,2025,28843,2025-10-05 13:00:00,646633,72,1653,742987,James Tarkowski,0.07079925388097763,0.8440000152587891,0.5420000076293945,62,Right Foot,Open Play,Blocked Shot
ENG-Premier League,2526,2025-10-05 Everton-Crystal Palace,Everton,Michael Keane,1,2025,28843,2025-10-05 13:00:00,646634,72,1653,,,0.05184205248951912,0.8269999694824218,0.519000015258789,62,Right Foot,Open Play,Missed Shot
ENG-Premier League,2526,2025-10-05 Everton-Crystal Palace,Everton,Vitalii Mykolenko,1,2025,28843,2025-10-05 13:00:00,646624,72,10291,742994,Thierno Barry,0.013946576043963432,0.71,0.5459999847412109,16,Left Foot,Open Play,Missed Shot
ENG-Premier League,2526,2025-10-05 Newcastle United-Nottingham Forest,Newcastle United,Anthony Gordon,1,2025,28846,2025-10-05 13:00:00,646701,86,8150,743087,Anthony Elanga,0.04353870078921318,0.84,0.575999984741211,48,Right Foot,Open Play,Blocked Shot
ENG-Premier League,2526,2025-10-05 Newcastle United-Nottingham Forest,Newcastle United,Bruno Guimarães,1,2025,28846,2025-10-05 13:00:00,646698,86,8327,743087,Anthony Elanga,0.02039233036339283,0.759000015258789,0.3679999923706055,43,Left Foot,Open Play,Blocked Shot
ENG-Premier League,2526,2025-10-05 Newcastle United-Nottingham Forest,Newcastle United,Bruno Guimarães,1,2025,28846,2025-10-05 13:00:00,646704,86,8327,743083,Dan Burn,0.03325112909078598,0.78,0.5509999847412109,57,Right Foot,Open Play,Goal
ENG-Premier League,2526,2025-10-05 Newcastle United-Nottingham Forest,Newcastle United,Harvey Barnes,1,2025,28846,2025-10-05 13:00:00,646714,86,6681,743092,Jacob Murphy,0.34770241379737854,0.9080000305175782,0.3870000076293945,80,Right Foot,Open Play,Saved Shot
ENG-Premier League,2526,2025-10-05 Newcastle United-Nottingham Forest,Newcastle United,Jacob Murphy,1,2025,28846,2025-10-05 13:00:00,646710,86,6063,743086,Sandro Tonali,0.10466786473989487,0.84,0.4859999847412109,77,Right Foot,Open Play,Blocked Shot
ENG-Premier League,2526,2025-10-05 Newcastle United-Nottingham Forest,Newcastle United,Jacob Murphy,1,2025,28846,2025-10-05 13:00:00,646716,86,6063,743080,Kieran Trippier,0.11522893607616425,0.7880000305175782,0.4640000152587891,96,Left Foot,Open Play,Saved Shot
ENG-Premier League,2526,2025-10-05 Newcastle United-Nottingham Forest,Newcastle United,Joelinton,1,2025,28846,2025-10-05 13:00:00,646694,86,87,743080,Kieran Trippier,0.109211765229702,0.865,0.5070000076293946,10,Left Foot,Open Play,Saved Shot
ENG-Premier League,2526,2025-10-05 Newcastle United-Nottingham Forest,Newcastle United,Joelinton,1,2025,28846,2025-10-05 13:00:00,646695,86,87,743082,Sven Botman,0.42915427684783936,0.9640000152587891,0.5570000076293945,14,,From Corner,Saved Shot
ENG-Premier League,2526,2025-10-05 Newcastle United-Nottingham Forest,Newcastle United,Joelinton,1,2025,28846,2025-10-05 13:00:00,646696,86,87,,,0.010854493826627731,0.5640000152587891,0.615,16,Right Foot,Open Play,Missed Shot
ENG-Premier League,2526,2025-10-05 Newcastle United-Nottingham Forest,Newcastle United,Joelinton,1,2025,28846,2025-10-05 13:00:00,646699,86,87,743088,Nick Woltemade,0.0841904804110527,0.840999984741211,0.485,44,Right Foot,Open Play,Blocked Shot
ENG-Premier League,2526,2025-10-05 Newcastle United-Nottingham Forest,Newcastle United,Malick Thiaw,1,2025,28846,2025-10-05 13:00:00,646707,86,8378,743086,Sandro Tonali,0.03081364370882511,0.9059999847412109,0.595,73,,From Corner,Missed Shot
ENG-Premier League,2526,2025-10-05 Newcastle United-Nottingham Forest,Newcastle United,Malick Thiaw,1,2025,28846,2025-10-05 13:00:00,646713,86,8378,743092,Jacob Murphy,0.4394936263561249,0.9309999847412109,0.529000015258789,79,Left Foot,Open Play,Saved Shot
ENG-Premier League,2526,2025-10-05 Newcastle United-Nottingham Forest,Newcastle United,Nick Woltemade,1,2025,28846,2025-10-05 13:00:00,646702,86,8117,,,0.5783783197402954,0.94,0.54,51,Right Foot,Open Play,Blocked Shot
ENG-Premier League,2526,2025-10-05 Newcastle United-Nottingham Forest,Newcastle United,Nick Woltemade,1,2025,28846,2025-10-05 13:00:00,646708,86,8117,743081,Malick Thiaw,0.6320949792861938,0.9569999694824218,0.5209999847412109,73,Right Foot,From Corner,Shot On Post
ENG-Premier League,2526,2025-10-05 Newcastle United-Nottingham Forest,Newcastle United,Nick Woltemade,1,2025,28846,2025-10-05 13:00:00,646715,86,8117,,,0.7611688375473022,0.885,0.5,83,Right Foot,,Goal
ENG-Premier League,2526,2025-10-05 Newcastle United-Nottingham Forest,Newcastle United,Sandro Tonali,1,2025,28846,2025-10-05 13:00:00,646700,86,7958,743085,Bruno Guimarães,0.024548817425966263,0.7769999694824219,0.36,44,Right Foot,Open Play,Missed Shot
ENG-Premier League,2526,2025-10-05 Newcastle United-Nottingham Forest,Newcastle United,Sandro Tonali,1,2025,28846,2025-10-05 13:00:00,646706,86,7958,743080,Kieran Trippier,0.025159141048789024,0.9080000305175782,0.73,72,Left Foot,From Corner,Saved Shot
ENG-Premier League,2526,2025-10-05 Newcastle United-Nottingham Forest,Newcastle United,Sven Botman,1,2025,28846,2025-10-05 13:00:00,646709,86,8635,743084,Joelinton,0.1296914964914322,0.9180000305175782,0.5409999847412109,73,Left Foot,From Corner,Saved Shot
ENG-Premier League,2526,2025-10-05 Newcastle United-Nottingham Forest,Nottingham Forest,Callum Hudson-Odoi,1,2025,28846,2025-10-05 13:00:00,646711,249,6456,743099,Neco Williams,0.09343824535608292,0.9359999847412109,0.7019999694824218,77,Left Foot,Open Play,Saved Shot
ENG-Premier League,2526,2025-10-05 Newcastle United-Nottingham Forest,Nottingham Forest,Morgan Gibbs-White,1,2025,28846,2025-10-05 13:00:00,646697,249,6857,,,0.07730591297149658,0.7909999847412109,0.65,19,Right Foot,Direct Freekick,Saved Shot
ENG-Premier League,2526,2025-10-05 Newcastle United-Nottingham Forest,Nottingham Forest,Morgan Gibbs-White,1,2025,28846,2025-10-05 13:00:00,646712,249,6857,743106,Dilane Bakwa,0.0428227074444294,0.840999984741211,0.35900001525878905,78,Right Foot,Open Play,Missed Shot
ENG-Premier League,2526,2025-10-05 Newcastle United-Nottingham Forest,Nottingham Forest,Neco Williams,1,2025,28846,2025-10-05 13:00:00,646703,249,8204,743104,Dan Ndoye,0.06952288746833801,0.8730000305175781,0.7119999694824218,55,Left Foot,Open Play,Saved Shot
ENG-Premier League,2526,2025-10-05 Newcastle United-Nottingham Forest,Nottingham Forest,Ryan Yates,1,2025,28846,2025-10-05 13:00:00,646705,249,11003,743104,Dan Ndoye,0.0545988529920578,0.8869999694824219,0.46700000762939453,61,,Open Play,Saved Shot
ENG-Premier League,2526,2025-10-05 Wolverhampton Wanderers-Brighton,Brighton,Bart Verbruggen,1,2025,28847,2025-10-05 13:00:00,646721,220,11711,,,0.0,0.01399999976158142,0.49900001525878906,20,,Set Piece,Own Goal
ENG-Premier League,2526,2025-10-05 Wolverhampton Wanderers-Brighton,Brighton,Brajan Gruda,1,2025,28847,2025-10-05 13:00:00,646723,220,11310,743134,Yankuba Minteh,0.009488767012953758,0.4929999923706055,0.7869999694824219,24,Left Foot,Open Play,Missed Shot
ENG-Premier League,2526,2025-10-05 Wolverhampton Wanderers-Brighton,Brighton,Brajan Gruda,1,2025,28847,2025-10-05 13:00:00,646724,220,11310,,,0.053921349346637726,0.8569999694824219,0.345,25,Right Foot,Open Play,Blocked Shot
ENG-Premier League,2526,2025-10-05 Wolverhampton Wanderers-Brighton,Brighton,Brajan Gruda,1,2025,28847,2025-10-05 13:00:00,646725,220,11310,,,0.5469468235969543,0.9669999694824218,0.5609999847412109,27,Left Foot,Open Play,Saved Shot
ENG-Premier League,2526,2025-10-05 Wolverhampton Wanderers-Brighton,Brighton,Diego Gómez,1,2025,28847,2025-10-05 13:00:00,646727,220,13364,743135,Danny Welbeck,0.022681372240185738,0.7559999847412109,0.5829999923706055,32,Right Foot,Open Play,Saved Shot
ENG-Premier League,2526,2025-10-05 Wolverhampton Wanderers-Brighton,Brighton,Diego Gómez,1,2025,28847,2025-10-05 13:00:00,646733,220,13364,743126,Mats Wieffer,0.07507354766130447,0.899000015258789,0.5170000076293946,61,,Open Play,Missed Shot
ENG-Premier League,2526,2025-10-05 Wolverhampton Wanderers-Brighton,Brighton,Ferdi Kadioglu,1,2025,28847,2025-10-05 13:00:00,646719,220,13066,743134,Yankuba Minteh,0.10398753732442856,0.8909999847412109,0.6120000076293945,13,Right Foot,Open Play,Saved Shot
ENG-Premier League,2526,2025-10-05 Wolverhampton Wanderers-Brighton,Brighton,Georginio Rutter,1,2025,28847,2025-10-05 13:00:00,646731,220,6937,743134,Yankuba Minteh,0.07491902261972427,0.899000015258789,0.41200000762939454,57,Left Foot,Open Play,Saved Shot
ENG-Premier League,2526,2025-10-05 Wolverhampton Wanderers-Brighton,Brighton,Georginio Rutter,1,2025,28847,2025-10-05 13:00:00,646736,220,6937,743138,Stefanos Tzimas,0.07251077890396118,0.8880000305175781,0.5709999847412109,74,Left Foot,Open Play,Blocked Shot
ENG-Premier League,2526,2025-10-05 Wolverhampton Wanderers-Brighton,Brighton,Georginio Rutter,1,2025,28847,2025-10-05 13:00:00,646737,220,6937,743134,Yankuba Minteh,0.04556367173790932,0.8909999847412109,0.5670000076293945,81,,Open Play,Missed Shot
ENG-Premier League,2526,2025-10-05 Wolverhampton Wanderers-Brighton,Brighton,Jan Paul van Hecke,1,2025,28847,2025-10-05 13:00:00,646740,220,10807,743138,Stefanos Tzimas,0.05404830351471901,0.9230000305175782,0.48,85,,From Corner,Goal
ENG-Premier League,2526,2025-10-05 Wolverhampton Wanderers-Brighton,Brighton,Lewis Dunk,1,2025,28847,2025-10-05 13:00:00,646729,220,6048,,,0.06691453605890274,0.76,0.585,51,Right Foot,Direct Freekick,Missed Shot
ENG-Premier League,2526,2025-10-05 Wolverhampton Wanderers-Brighton,Brighton,Mats Wieffer,1,2025,28847,2025-10-05 13:00:00,646717,220,12758,743132,Brajan Gruda,0.014362865127623081,0.7580000305175781,0.3129999923706055,9,Left Foot,Open Play,Blocked Shot
ENG-Premier League,2526,2025-10-05 Wolverhampton Wanderers-Brighton,Brighton,Mats Wieffer,1,2025,28847,2025-10-05 13:00:00,646718,220,12758,743131,Yasin Ayari,0.05650047957897186,0.8830000305175781,0.49599998474121093,10,Right Foot,From Corner,Missed Shot
ENG-Premier League,2526,2025-10-05 Wolverhampton Wanderers-Brighton,Brighton,Maxim De Cuyper,1,2025,28847,2025-10-05 13:00:00,646734,220,13711,,,0.022477824240922928,0.7290000152587891,0.085,72,Left Foot,Direct Freekick,Saved Shot
ENG-Premier League,2526,2025-10-05 Wolverhampton Wanderers-Brighton,Brighton,Stefanos Tzimas,1,2025,28847,2025-10-05 13:00:00,646739,220,14028,743136,Maxim De Cuyper,0.1297849416732788,0.9009999847412109,0.504000015258789,85,,From Corner,Blocked Shot
ENG-Premier League,2526,2025-10-05 Wolverhampton Wanderers-Brighton,Brighton,Yankuba Minteh,1,2025,28847,2025-10-05 13:00:00,646738,220,12759,743139,James Milner,0.013343166559934616,0.8619999694824219,0.8040000152587891,82,Left Foot,Set Piece,Missed Shot
ENG-Premier League,2526,2025-10-05 Wolverhampton Wanderers-Brighton,Brighton,Yasin Ayari,1,2025,28847,2025-10-05 13:00:00,646732,220,11385,743126,Mats Wieffer,0.029058944433927536,0.7719999694824219,0.49900001525878906,58,Right Foot,Open Play,Blocked Shot
ENG-Premier League,2526,2025-10-05 Wolverhampton Wanderers-Brighton,Wolverhampton Wanderers,Hee-Chan Hwang,1,2025,28847,2025-10-05 13:00:00,646726,229,8845,743117,Jhon Arias,0.036102890968322754,0.7959999847412109,0.645,28,Right Foot,Open Play,Missed Shot
ENG-Premier League,2526,2025-10-05 Wolverhampton Wanderers-Brighton,Wolverhampton Wanderers,Jhon Arias,1,2025,28847,2025-10-05 13:00:00,646728,229,13741,,,0.04229426756501198,0.9369999694824219,0.8930000305175781,43,Right Foot,Direct Freekick,Saved Shot
ENG-Premier League,2526,2025-10-05 Wolverhampton Wanderers-Brighton,Wolverhampton Wanderers,Jhon Arias,1,2025,28847,2025-10-05 13:00:00,646730,229,13741,743113,Hugo Bueno,0.1446666270494461,0.9109999847412109,0.5309999847412109,55,Right Foot,Open Play,Missed Shot
ENG-Premier League,2526,2025-10-05 Wolverhampton Wanderers-Brighton,Wolverhampton Wanderers,Jørgen Strand Larsen,1,2025,28847,2025-10-05 13:00:00,646735,229,11070,743115,João Gomes,0.073948934674263,0.9130000305175782,0.685,74,Right Foot,Open Play,Shot On Post
ENG-Premier League,2526,2025-10-05 Wolverhampton Wanderers-Brighton,Wolverhampton Wanderers,Ladislav Krejcí,1,2025,28847,2025-10-05 13:00:00,646722,229,12721,743113,Hugo Bueno,0.009331746026873589,0.855,0.43599998474121093,23,,Set Piece,Saved Shot
ENG-Premier League,2526,2025-10-05 Wolverhampton Wanderers-Brighton,Wolverhampton Wanderers,Marshall Munetsi,1,2025,28847,2025-10-05 13:00:00,646720,229,7908,,,0.063059963285923,0.8480000305175781,0.4590000152587891,20,Right Foot,Set Piece,Saved Shot
ENG-Premier League,2526,2025-10-18 Brighton-Newcastle United,Brighton,Carlos Baleba,1,2025,28848,2025-10-18 14:00:00,647598,220,10527,744192,Yasin Ayari,0.02054816670715809,0.745,0.445,11,Left Foot,Open Play,Blocked Shot
ENG-Premier League,2526,2025-10-18 Brighton-Newcastle United,Brighton,Carlos Baleba,1,2025,28848,2025-10-18 14:00:00,647606,220,10527,,,0.014188283123075962,0.7219999694824218,0.4620000076293945,46,Right Foot,From Corner,Missed Shot
ENG-Premier League,2526,2025-10-18 Brighton-Newcastle United,Brighton,Danny Welbeck,1,2025,28848,2025-10-18 14:00:00,647603,220,501,744194,Georginio Rutter,0.3492225408554077,0.8580000305175781,0.5120000076293946,40,Right Foot,Open Play,Goal
ENG-Premier League,2526,2025-10-18 Brighton-Newcastle United,Brighton,Danny Welbeck,1,2025,28848,2025-10-18 14:00:00,647619,220,501,,,0.04768161475658417,0.8219999694824218,0.49599998474121093,83,Right Foot,Open Play,Goal
ENG-Premier League,2526,2025-10-18 Brighton-Newcastle United,Brighton,Georginio Rutter,1,2025,28848,2025-10-18 14:00:00,647600,220,6937,744192,Yasin Ayari,0.020671498030424118,0.7190000152587891,0.49599998474121093,19,Right Foot,Open Play,Saved Shot
ENG-Premier League,2526,2025-10-18 Brighton-Newcastle United,Brighton,Georginio Rutter,1,2025,28848,2025-10-18 14:00:00,647601,220,6937,744196,Danny Welbeck,0.018719060346484184,0.7480000305175781,0.5029999923706054,19,Left Foot,Open Play,Saved Shot
ENG-Premier League,2526,2025-10-18 Brighton-Newcastle United,Brighton,Lewis Dunk,1,2025,28848,2025-10-18 14:00:00,647605,220,6048,744193,Yankuba Minteh,0.014396097511053085,0.9259999847412109,0.6020000076293945,46,,From Corner,Blocked Shot
ENG-Premier League,2526,2025-10-18 Brighton-Newcastle United,Brighton,Mats Wieffer,1,2025,28848,2025-10-18 14:00:00,647618,220,12758,744192,Yasin Ayari,0.03713472932577133,0.8240000152587891,0.34400001525878904,83,Right Foot,Open Play,Blocked Shot
ENG-Premier League,2526,2025-10-18 Brighton-Newcastle United,Brighton,Maxim De Cuyper,1,2025,28848,2025-10-18 14:00:00,647609,220,13711,,,0.04740219935774803,0.9030000305175782,0.7480000305175781,51,Left Foot,Open Play,Saved Shot
ENG-Premier League,2526,2025-10-18 Brighton-Newcastle United,Brighton,Yankuba Minteh,1,2025,28848,2025-10-18 14:00:00,647597,220,12759,744194,Georginio Rutter,0.09424661099910736,0.8819999694824219,0.27299999237060546,8,Left Foot,Open Play,Blocked Shot
ENG-Premier League,2526,2025-10-18 Brighton-Newcastle United,Brighton,Yankuba Minteh,1,2025,28848,2025-10-18 14:00:00,647599,220,12759,744195,Diego Gómez,0.08176365494728088,0.8490000152587891,0.43099998474121093,17,Left Foot,Open Play,Blocked Shot
ENG-Premier League,2526,2025-10-18 Brighton-Newcastle United,Brighton,Yasin Ayari,1,2025,28848,2025-10-18 14:00:00,647604,220,11385,744196,Danny Welbeck,0.01738312654197216,0.700999984741211,0.549000015258789,42,Right Foot,Open Play,Missed Shot
ENG-Premier League,2526,2025-10-18 Brighton-Newcastle United,Brighton,Yasin Ayari,1,2025,28848,2025-10-18 14:00:00,647608,220,11385,744196,Danny Welbeck,0.09551679342985153,0.885,0.6320000076293946,49,Right Foot,Open Play,Missed Shot
ENG-Premier League,2526,2025-10-18 Brighton-Newcastle United,Newcastle United,Anthony Gordon,1,2025,28848,2025-10-18 14:00:00,647610,86,8150,744215,Lewis Miley,0.05857683718204498,0.8159999847412109,0.544000015258789,52,Right Foot,Open Play,Missed Shot
ENG-Premier League,2526,2025-10-18 Brighton-Newcastle United,Newcastle United,Bruno Guimarães,1,2025,28848,2025-10-18 14:00:00,647596,86,8327,744209,Sandro Tonali,0.07806868106126785,0.8530000305175781,0.4929999923706055,5,Right Foot,Open Play,Missed Shot
ENG-Premier League,2526,2025-10-18 Brighton-Newcastle United,Newcastle United,Bruno Guimarães,1,2025,28848,2025-10-18 14:00:00,647612,86,8327,744212,Anthony Gordon,0.050295475870370865,0.8119999694824219,0.5259999847412109,60,Right Foot,Open Play,Blocked Shot
ENG-Premier League,2526,2025-10-18 Brighton-Newcastle United,Newcastle United,Bruno Guimarães,1,2025,28848,2025-10-18 14:00:00,647614,86,8327,744216,Jacob Ramsey,0.032573338598012924,0.9059999847412109,0.2720000076293945,73,Right Foot,Open Play,Saved Shot
ENG-Premier League,2526,2025-10-18 Brighton-Newcastle United,Newcastle United,Bruno Guimarães,1,2025,28848,2025-10-18 14:00:00,647617,86,8327,,,0.11168073862791061,0.92,0.495,77,Left Foot,Open Play,Blocked Shot
ENG-Premier League,2526,2025-10-18 Brighton-Newcastle United,Newcastle United,Harvey Barnes,1,2025,28848,2025-10-18 14:00:00,647624,86,6681,744206,Dan Burn,0.03989618644118309,0.914000015258789,0.7330000305175781,95,Right Foot,Open Play,Saved Shot
ENG-Premier League,2526,2025-10-18 Brighton-Newcastle United,Newcastle United,Jacob Murphy,1,2025,28848,2025-10-18 14:00:00,647613,86,6063,744208,Bruno Guimarães,0.028281232342123985,0.7869999694824219,0.6120000076293945,64,Left Foot,Open Play,Missed Shot
ENG-Premier League,2526,2025-10-18 Brighton-Newcastle United,Newcastle United,Jacob Murphy,1,2025,28848,2025-10-18 14:00:00,647615,86,6063,,,0.023180440068244934,0.745999984741211,0.5029999923706054,73,Left Foot,Open Play,Missed Shot
ENG-Premier League,2526,2025-10-18 Brighton-Newcastle United,Newcastle United,Jacob Murphy,1,2025,28848,2025-10-18 14:00:00,647622,86,6063,,,0.012982537969946861,0.705,0.485,88,Right Foot,Open Play,Blocked Shot
ENG-Premier League,2526,2025-10-18 Brighton-Newcastle United,Newcastle United,Malick Thiaw,1,2025,28848,2025-10-18 14:00:00,647623,86,8378,744203,Kieran Trippier,0.03331971541047096,0.9109999847412109,0.4879999923706055,89,,From Corner,Missed Shot
ENG-Premier League,2526,2025-10-18 Brighton-Newcastle United,Newcastle United,Nick Woltemade,1,2025,28848,2025-10-18 14:00:00,647607,86,8117,744209,Sandro Tonali,0.42409101128578186,0.945,0.55,50,,Set Piece,Missed Shot
ENG-Premier League,2526,2025-10-18 Brighton-Newcastle United,Newcastle United,Nick Woltemade,1,2025,28848,2025-10-18 14:00:00,647616,86,8117,744215,Lewis Miley,0.12330621480941772,0.914000015258789,0.4759999847412109,75,Right Foot,Open Play,Goal
ENG-Premier League,2526,2025-10-18 Brighton-Newcastle United,Newcastle United,Nick Woltemade,1,2025,28848,2025-10-18 14:00:00,647620,86,8117,744217,Jacob Murphy,0.09126482158899307,0.9009999847412109,0.47400001525878904,87,Right Foot,Open Play,Missed Shot
ENG-Premier League,2526,2025-10-18 Brighton-Newcastle United,Newcastle United,Nick Woltemade,1,2025,28848,2025-10-18 14:00:00,647621,86,8117,,,0.1266394853591919,0.919000015258789,0.5,87,Right Foot,Open Play,Blocked Shot
ENG-Premier League,2526,2025-10-18 Brighton-Newcastle United,Newcastle United,Sandro Tonali,1,2025,28848,2025-10-18 14:00:00,647611,86,7958,,,0.011567860841751099,0.710999984741211,0.6170000076293946,54,Right Foot,Open Play,Blocked Shot
ENG-Premier League,2526,2025-10-18 Brighton-Newcastle United,Newcastle United,Sven Botman,1,2025,28848,2025-10-18 14:00:00,647602,86,8635,744212,Anthony Gordon,0.04896140098571777,0.924000015258789,0.4379999923706055,31,,Set Piece,Missed Shot
ENG-Premier League,2526,2025-10-18 Burnley-Leeds,Burnley,Chimuanya Ugochukwu,1,2025,28849,2025-10-18 14:00:00,647548,92,9451,744129,Kyle Walker,0.4297392666339874,0.9309999847412109,0.4979999923706055,17,,Open Play,Goal
ENG-Premier League,2526,2025-10-18 Burnley-Leeds,Burnley,Florentino Luís,1,2025,28849,2025-10-18 14:00:00,647545,92,8969,744133,Josh Cullen,0.013716273009777069,0.6980000305175781,0.5529999923706055,6,Right Foot,Open Play,Missed Shot
ENG-Premier League,2526,2025-10-18 Burnley-Leeds,Burnley,Jacob Bruun Larsen,1,2025,28849,2025-10-18 14:00:00,647546,92,5355,,,0.0413445420563221,0.7340000152587891,0.33,10,Right Foot,Direct Freekick,Saved Shot
ENG-Premier League,2526,2025-10-18 Burnley-Leeds,Burnley,Loum Tchaouna,1,2025,28849,2025-10-18 14:00:00,647556,92,9977,744134,Florentino Luís,0.02484741620719433,0.7480000305175781,0.3240000152587891,67,Left Foot,Open Play,Goal
ENG-Premier League,2526,2025-10-18 Burnley-Leeds,Leeds,Anton Stach,1,2025,28849,2025-10-18 14:00:00,647551,245,9910,744151,Brenden Aaronson,0.04067462682723999,0.91,0.4829999923706055,40,,Open Play,Missed Shot
ENG-Premier League,2526,2025-10-18 Burnley-Leeds,Leeds,Anton Stach,1,2025,28849,2025-10-18 14:00:00,647552,245,9910,,,0.06179844215512276,0.789000015258789,0.6969999694824218,44,Right Foot,Direct Freekick,Saved Shot
ENG-Premier League,2526,2025-10-18 Burnley-Leeds,Leeds,Brenden Aaronson,1,2025,28849,2025-10-18 14:00:00,647549,245,10751,744153,Jack Harrison,0.3380284607410431,0.889000015258789,0.40900001525878904,31,Right Foot,Open Play,Saved Shot
ENG-Premier League,2526,2025-10-18 Burnley-Leeds,Leeds,Dominic Calvert-Lewin,1,2025,28849,2025-10-18 14:00:00,647547,245,5555,744151,Brenden Aaronson,0.09589267522096634,0.9,0.5120000076293946,10,Right Foot,Open Play,Missed Shot
ENG-Premier League,2526,2025-10-18 Burnley-Leeds,Leeds,Dominic Calvert-Lewin,1,2025,28849,2025-10-18 14:00:00,647557,245,5555,744157,Daniel James,0.08159825205802917,0.950999984741211,0.4420000076293945,69,,Open Play,Missed Shot
ENG-Premier League,2526,2025-10-18 Burnley-Leeds,Leeds,Dominic Calvert-Lewin,1,2025,28849,2025-10-18 14:00:00,647558,245,5555,744149,Sean Longstaff,0.027871089056134224,0.9630000305175781,0.6179999923706054,70,,Open Play,Missed Shot
ENG-Premier League,2526,2025-10-18 Burnley-Leeds,Leeds,Dominic Calvert-Lewin,1,2025,28849,2025-10-18 14:00:00,647567,245,5555,744155,Ao Tanaka,0.036869823932647705,0.8780000305175781,0.52,96,,Open Play,Missed Shot
ENG-Premier League,2526,2025-10-18 Burnley-Leeds,Leeds,Ethan Ampadu,1,2025,28849,2025-10-18 14:00:00,647562,245,6369,,,0.03484008461236954,0.875999984741211,0.6140000152587891,79,Left Foot,Open Play,Missed Shot
ENG-Premier League,2526,2025-10-18 Burnley-Leeds,Leeds,Jack Harrison,1,2025,28849,2025-10-18 14:00:00,647553,245,8720,744149,Sean Longstaff,0.25977885723114014,0.889000015258789,0.6430000305175781,58,Left Foot,Open Play,Missed Shot
ENG-Premier League,2526,2025-10-18 Burnley-Leeds,Leeds,Jack Harrison,1,2025,28849,2025-10-18 14:00:00,647554,245,8720,744146,Joe Rodon,0.018941394984722137,0.8130000305175781,0.5209999847412109,63,Left Foot,From Corner,Missed Shot
ENG-Premier League,2526,2025-10-18 Burnley-Leeds,Leeds,Jayden Bogle,1,2025,28849,2025-10-18 14:00:00,647550,245,9205,744149,Sean Longstaff,0.03433726355433464,0.8680000305175781,0.28899999618530275,35,Right Foot,Open Play,Blocked Shot
ENG-Premier League,2526,2025-10-18 Burnley-Leeds,Leeds,Jayden Bogle,1,2025,28849,2025-10-18 14:00:00,647559,245,9205,744152,Dominic Calvert-Lewin,0.3116726875305176,0.9830000305175781,0.4109999847412109,70,Right Foot,Open Play,Missed Shot
ENG-Premier League,2526,2025-10-18 Burnley-Leeds,Leeds,Joe Rodon,1,2025,28849,2025-10-18 14:00:00,647566,245,6377,744149,Sean Longstaff,0.04194533824920654,0.8859999847412109,0.5079999923706054,90,,From Corner,Saved Shot
ENG-Premier League,2526,2025-10-18 Burnley-Leeds,Leeds,Joël Piroe,1,2025,28849,2025-10-18 14:00:00,647560,245,13835,744147,Gabriel Gudmundsson,0.04786023870110512,0.889000015258789,0.5559999847412109,78,,Open Play,Missed Shot
ENG-Premier League,2526,2025-10-18 Burnley-Leeds,Leeds,Joël Piroe,1,2025,28849,2025-10-18 14:00:00,647565,245,13835,744147,Gabriel Gudmundsson,0.10025794059038162,0.8859999847412109,0.5929999923706055,86,Left Foot,Open Play,Missed Shot
ENG-Premier League,2526,2025-10-18 Burnley-Leeds,Leeds,Lukas Nmecha,1,2025,28849,2025-10-18 14:00:00,647555,245,6544,744147,Gabriel Gudmundsson,0.035416170954704285,0.9030000305175782,0.45,65,,Open Play,Saved Shot
ENG-Premier League,2526,2025-10-18 Burnley-Leeds,Leeds,Lukas Nmecha,1,2025,28849,2025-10-18 14:00:00,647563,245,6544,744147,Gabriel Gudmundsson,0.663292646408081,0.9590000152587891,0.529000015258789,79,,Open Play,Missed Shot
ENG-Premier League,2526,2025-10-18 Burnley-Leeds,Leeds,Pascal Struijk,1,2025,28849,2025-10-18 14:00:00,647561,245,8717,744157,Daniel James,0.016945406794548035,0.9069999694824219,0.6759999847412109,78,,Open Play,Blocked Shot
ENG-Premier League,2526,2025-10-18 Burnley-Leeds,Leeds,Pascal Struijk,1,2025,28849,2025-10-18 14:00:00,647564,245,8717,,,0.09218934178352356,0.9119999694824219,0.4259999847412109,84,Right Foot,Open Play,Blocked Shot
ENG-Premier League,2526,2025-10-18 Crystal Palace-Bournemouth,Bournemouth,Alex Scott,1,2025,28850,2025-10-18 14:00:00,647570,73,12149,744177,Marcus Tavernier,0.05356784164905548,0.775,0.524000015258789,10,Left Foot,Open Play,Missed Shot
ENG-Premier League,2526,2025-10-18 Crystal Palace-Bournemouth,Bournemouth,Antoine Semenyo,1,2025,28850,2025-10-18 14:00:00,647572,73,11363,744176,Alex Scott,0.07274179905653,0.8930000305175781,0.649000015258789,25,Right Foot,Open Play,Saved Shot
ENG-Premier League,2526,2025-10-18 Crystal Palace-Bournemouth,Bournemouth,Antoine Semenyo,1,2025,28850,2025-10-18 14:00:00,647581,73,11363,744178,Justin Kluivert,0.10038416087627411,0.8490000152587891,0.5870000076293945,60,Left Foot,Open Play,Missed Shot
ENG-Premier League,2526,2025-10-18 Crystal Palace-Bournemouth,Bournemouth,Eli Junior Kroupi,1,2025,28850,2025-10-18 14:00:00,647569,73,11504,,,0.8366477489471436,0.9930000305175781,0.47400001525878904,6,,From Corner,Goal
ENG-Premier League,2526,2025-10-18 Crystal Palace-Bournemouth,Bournemouth,Eli Junior Kroupi,1,2025,28850,2025-10-18 14:00:00,647575,73,11504,,,0.14671282470226288,0.9109999847412109,0.47200000762939454,37,Right Foot,Open Play,Goal
ENG-Premier League,2526,2025-10-18 Crystal Palace-Bournemouth,Bournemouth,Marcos Senesi,1,2025,28850,2025-10-18 14:00:00,647594,73,10864,,,0.01802304945886135,0.835999984741211,0.64,98,Left Foot,Open Play,Saved Shot
ENG-Premier League,2526,2025-10-18 Crystal Palace-Bournemouth,Bournemouth,Ryan Christie,1,2025,28850,2025-10-18 14:00:00,647589,73,10744,744177,Marcus Tavernier,0.7941879034042358,0.9690000152587891,0.51,88,Left Foot,Open Play,Goal
ENG-Premier League,2526,2025-10-18 Crystal Palace-Bournemouth,Bournemouth,Tyler Adams,1,2025,28850,2025-10-18 14:00:00,647580,73,7352,,,0.024833977222442627,0.7580000305175781,0.5059999847412109,56,Right Foot,Open Play,Missed Shot
ENG-Premier League,2526,2025-10-18 Crystal Palace-Bournemouth,Crystal Palace,Adam Wharton,1,2025,28850,2025-10-18 14:00:00,647577,78,12409,,,0.04258235543966293,0.8209999847412109,0.519000015258789,47,Left Foot,Open Play,Blocked Shot
ENG-Premier League,2526,2025-10-18 Crystal Palace-Bournemouth,Crystal Palace,Chris Richards,1,2025,28850,2025-10-18 14:00:00,647591,78,8430,,,0.020403051748871803,0.8469999694824218,0.595999984741211,93,Right Foot,Open Play,Blocked Shot
ENG-Premier League,2526,2025-10-18 Crystal Palace-Bournemouth,Crystal Palace,Daniel Muñoz,1,2025,28850,2025-10-18 14:00:00,647584,78,12408,744164,Daichi Kamada,0.05871240794658661,0.915,0.3509999847412109,68,Right Foot,Open Play,Saved Shot
ENG-Premier League,2526,2025-10-18 Crystal Palace-Bournemouth,Crystal Palace,Eddie Nketiah,1,2025,28850,2025-10-18 14:00:00,647590,78,6482,744161,Marc Guehi,0.05772005021572113,0.9069999694824219,0.6940000152587891,92,Left Foot,Open Play,Blocked Shot
ENG-Premier League,2526,2025-10-18 Crystal Palace-Bournemouth,Crystal Palace,Ismaila Sarr,1,2025,28850,2025-10-18 14:00:00,647586,78,5675,744161,Marc Guehi,0.3838312327861786,0.9259999847412109,0.40400001525878904,75,Left Foot,From Corner,Missed Shot
ENG-Premier League,2526,2025-10-18 Crystal Palace-Bournemouth,Crystal Palace,Jean-Philippe Mateta,1,2025,28850,2025-10-18 14:00:00,647568,78,5735,744166,Ismaila Sarr,0.044517576694488525,0.8059999847412109,0.28,3,Right Foot,Open Play,Saved Shot
ENG-Premier League,2526,2025-10-18 Crystal Palace-Bournemouth,Crystal Palace,Jean-Philippe Mateta,1,2025,28850,2025-10-18 14:00:00,647573,78,5735,744167,Yeremi Pino,0.6772577166557312,0.94,0.45,26,,Open Play,Missed Shot
ENG-Premier League,2526,2025-10-18 Crystal Palace-Bournemouth,Crystal Palace,Jean-Philippe Mateta,1,2025,28850,2025-10-18 14:00:00,647576,78,5735,744161,Marc Guehi,0.30818846821784973,0.9130000305175782,0.605999984741211,46,Left Foot,Open Play,Saved Shot
ENG-Premier League,2526,2025-10-18 Crystal Palace-Bournemouth,Crystal Palace,Jean-Philippe Mateta,1,2025,28850,2025-10-18 14:00:00,647578,78,5735,,,0.027399783954024315,0.7680000305175781,0.4879999923706055,49,Left Foot,Open Play,Missed Shot
ENG-Premier League,2526,2025-10-18 Crystal Palace-Bournemouth,Crystal Palace,Jean-Philippe Mateta,1,2025,28850,2025-10-18 14:00:00,647579,78,5735,744165,Adam Wharton,0.08558174967765808,0.9159999847412109,0.5459999847412109,50,Right Foot,Open Play,Missed Shot
ENG-Premier League,2526,2025-10-18 Crystal Palace-Bournemouth,Crystal Palace,Jean-Philippe Mateta,1,2025,28850,2025-10-18 14:00:00,647583,78,5735,744162,Daniel Muñoz,0.6212283968925476,0.9459999847412109,0.4929999923706055,63,Left Foot,Open Play,Goal
ENG-Premier League,2526,2025-10-18 Crystal Palace-Bournemouth,Crystal Palace,Jean-Philippe Mateta,1,2025,28850,2025-10-18 14:00:00,647585,78,5735,,,0.5354506969451904,0.9819999694824219,0.5709999847412109,68,Left Foot,Open Play,Goal
ENG-Premier League,2526,2025-10-18 Crystal Palace-Bournemouth,Crystal Palace,Jean-Philippe Mateta,1,2025,28850,2025-10-18 14:00:00,647587,78,5735,744162,Daniel Muñoz,0.10323813557624817,0.8619999694824219,0.48400001525878905,76,Right Foot,Open Play,Blocked Shot
ENG-Premier League,2526,2025-10-18 Crystal Palace-Bournemouth,Crystal Palace,Jean-Philippe Mateta,1,2025,28850,2025-10-18 14:00:00,647588,78,5735,,,0.08886904269456863,0.914000015258789,0.610999984741211,76,Left Foot,Open Play,Blocked Shot
ENG-Premier League,2526,2025-10-18 Crystal Palace-Bournemouth,Crystal Palace,Jean-Philippe Mateta,1,2025,28850,2025-10-18 14:00:00,647593,78,5735,,,0.7611688375473022,0.885,0.5,96,Right Foot,,Goal
ENG-Premier League,2526,2025-10-18 Crystal Palace-Bournemouth,Crystal Palace,Jean-Philippe Mateta,1,2025,28850,2025-10-18 14:00:00,647595,78,5735,744169,Eddie Nketiah,0.5866917967796326,0.9019999694824219,0.48700000762939455,98,Right Foot,Open Play,Missed Shot
ENG-Premier League,2526,2025-10-18 Crystal Palace-Bournemouth,Crystal Palace,Marc Guehi,1,2025,28850,2025-10-18 14:00:00,647574,78,7603,744165,Adam Wharton,0.08630041778087616,0.960999984741211,0.46700000762939453,28,,From Corner,Blocked Shot
ENG-Premier League,2526,2025-10-18 Crystal Palace-Bournemouth,Crystal Palace,Maxence Lacroix,1,2025,28850,2025-10-18 14:00:00,647592,78,8853,744160,Chris Richards,0.07106912136077881,0.904000015258789,0.3990000152587891,94,Left Foot,From Corner,Blocked Shot
ENG-Premier League,2526,2025-10-18 Crystal Palace-Bournemouth,Crystal Palace,Tyrick Mitchell,1,2025,28850,2025-10-18 14:00:00,647571,78,8214,,,0.03206295892596245,0.7680000305175781,0.575,21,Left Foot,Open Play,Saved Shot
ENG-Premier League,2526,2025-10-18 Crystal Palace-Bournemouth,Crystal Palace,Yeremi Pino,1,2025,28850,2025-10-18 14:00:00,647582,78,9024,,,0.011174270883202553,0.7519999694824219,0.634000015258789,62,Right Foot,Open Play,Missed Shot
ENG-Premier League,2526,2025-10-18 Fulham-Arsenal,Arsenal,Bukayo Saka,1,2025,28851,2025-10-18 16:30:00,647849,83,7322,744482,Jurriën Timber,0.058320965617895126,0.8369999694824218,0.295,21,Left Foot,Open Play,Blocked Shot
ENG-Premier League,2526,2025-10-18 Fulham-Arsenal,Arsenal,Bukayo Saka,1,2025,28851,2025-10-18 16:30:00,647864,83,7322,744491,Leandro Trossard,0.054453182965517044,0.879000015258789,0.664000015258789,63,Left Foot,Open Play,Saved Shot
ENG-Premier League,2526,2025-10-18 Fulham-Arsenal,Arsenal,Declan Rice,1,2025,28851,2025-10-18 16:30:00,647858,83,5553,744489,Bukayo Saka,0.023332854732871056,0.785,0.3659999847412109,51,Right Foot,Open Play,Missed Shot
ENG-Premier League,2526,2025-10-18 Fulham-Arsenal,Arsenal,Eberechi Eze,1,2025,28851,2025-10-18 16:30:00,647853,83,8706,744487,Declan Rice,0.018324917182326317,0.7880000305175782,0.715,35,Right Foot,From Corner,Blocked Shot
ENG-Premier League,2526,2025-10-18 Fulham-Arsenal,Arsenal,Gabriel,1,2025,28851,2025-10-18 16:30:00,647857,83,5613,744489,Bukayo Saka,0.015151637606322765,0.9580000305175781,0.6079999923706054,39,,From Corner,Blocked Shot
ENG-Premier League,2526,2025-10-18 Fulham-Arsenal,Arsenal,Gabriel,1,2025,28851,2025-10-18 16:30:00,647862,83,5613,744489,Bukayo Saka,0.20292691886425018,0.965,0.47099998474121096,57,,From Corner,Missed Shot
ENG-Premier League,2526,2025-10-18 Fulham-Arsenal,Arsenal,Gabriel Martinelli,1,2025,28851,2025-10-18 16:30:00,647866,83,7752,744482,Jurriën Timber,0.06308387219905853,0.8530000305175781,0.509000015258789,82,Right Foot,Open Play,Missed Shot
ENG-Premier League,2526,2025-10-18 Fulham-Arsenal,Arsenal,Gabriel Martinelli,1,2025,28851,2025-10-18 16:30:00,647869,83,7752,,,0.5675927400588989,0.9680000305175781,0.43,93,Right Foot,Open Play,Saved Shot
ENG-Premier League,2526,2025-10-18 Fulham-Arsenal,Arsenal,Leandro Trossard,1,2025,28851,2025-10-18 16:30:00,647855,83,7698,,,0.09787560999393463,0.94,0.5170000076293946,36,,Open Play,Missed Shot
ENG-Premier League,2526,2025-10-18 Fulham-Arsenal,Arsenal,Leandro Trossard,1,2025,28851,2025-10-18 16:30:00,647859,83,7698,744488,Eberechi Eze,0.03307236358523369,0.9019999694824219,0.6680000305175782,47,Right Foot,Open Play,Missed Shot
ENG-Premier League,2526,2025-10-18 Fulham-Arsenal,Arsenal,Leandro Trossard,1,2025,28851,2025-10-18 16:30:00,647863,83,7698,744483,Gabriel,0.6705594062805176,0.98,0.545,57,Right Foot,From Corner,Goal
ENG-Premier League,2526,2025-10-18 Fulham-Arsenal,Arsenal,Riccardo Calafiori,1,2025,28851,2025-10-18 16:30:00,647852,83,8129,744486,Martín Zubimendi,0.032443899661302567,0.8440000152587891,0.715,34,Right Foot,Open Play,Blocked Shot
ENG-Premier League,2526,2025-10-18 Fulham-Arsenal,Arsenal,Riccardo Calafiori,1,2025,28851,2025-10-18 16:30:00,647856,83,8129,744489,Bukayo Saka,0.04022448509931564,0.8880000305175781,0.6680000305175782,37,Left Foot,Open Play,Missed Shot
ENG-Premier League,2526,2025-10-18 Fulham-Arsenal,Arsenal,Viktor Gyokeres,1,2025,28851,2025-10-18 16:30:00,647854,83,7254,744489,Bukayo Saka,0.07806604355573654,0.914000015258789,0.33799999237060546,36,Right Foot,Open Play,Saved Shot
ENG-Premier League,2526,2025-10-18 Fulham-Arsenal,Arsenal,Viktor Gyokeres,1,2025,28851,2025-10-18 16:30:00,647865,83,7254,,,0.08318006247282028,0.914000015258789,0.6530000305175782,79,Left Foot,Open Play,Missed Shot
ENG-Premier League,2526,2025-10-18 Fulham-Arsenal,Arsenal,Viktor Gyokeres,1,2025,28851,2025-10-18 16:30:00,647868,83,7254,744489,Bukayo Saka,0.09163882583379745,0.914000015258789,0.33,93,Right Foot,Open Play,Saved Shot
ENG-Premier League,2526,2025-10-18 Fulham-Arsenal,Fulham,Adama Traoré,1,2025,28851,2025-10-18 16:30:00,647867,228,900,744480,Kevin,0.037051696330308914,0.8919999694824219,0.6580000305175782,89,Right Foot,From Corner,Blocked Shot
ENG-Premier League,2526,2025-10-18 Fulham-Arsenal,Fulham,Harry Wilson,1,2025,28851,2025-10-18 16:30:00,647847,228,5596,744470,Sander Berge,0.04588120058178902,0.8830000305175781,0.3039999961853027,12,Left Foot,Open Play,Missed Shot
ENG-Premier League,2526,2025-10-18 Fulham-Arsenal,Fulham,Harry Wilson,1,2025,28851,2025-10-18 16:30:00,647850,228,5596,744474,Alex Iwobi,0.07671300321817398,0.84,0.43,25,Left Foot,Open Play,Missed Shot
ENG-Premier League,2526,2025-10-18 Fulham-Arsenal,Fulham,Harry Wilson,1,2025,28851,2025-10-18 16:30:00,647860,228,5596,744474,Alex Iwobi,0.04247715324163437,0.7980000305175782,0.4370000076293945,51,Left Foot,Open Play,Missed Shot
ENG-Premier League,2526,2025-10-18 Fulham-Arsenal,Fulham,Harry Wilson,1,2025,28851,2025-10-18 16:30:00,647861,228,5596,744474,Alex Iwobi,0.06168025732040405,0.8569999694824219,0.5070000076293946,54,Left Foot,Open Play,Missed Shot
ENG-Premier League,2526,2025-10-18 Fulham-Arsenal,Fulham,Joshua King,1,2025,28851,2025-10-18 16:30:00,647848,228,12410,744472,Harry Wilson,0.08244583010673523,0.7759999847412109,0.32099998474121094,17,Left Foot,Open Play,Blocked Shot
ENG-Premier League,2526,2025-10-18 Fulham-Arsenal,Fulham,Raúl Jiménez,1,2025,28851,2025-10-18 16:30:00,647845,228,4105,744472,Harry Wilson,0.09752590954303741,0.89,0.34,10,Right Foot,Open Play,Blocked Shot
ENG-Premier League,2526,2025-10-18 Fulham-Arsenal,Fulham,Ryan Sessegnon,1,2025,28851,2025-10-18 16:30:00,647851,228,6837,,,0.012611450627446175,0.6969999694824218,0.4420000076293945,30,Left Foot,From Corner,Missed Shot
ENG-Premier League,2526,2025-10-18 Fulham-Arsenal,Fulham,Tom Cairney,1,2025,28851,2025-10-18 16:30:00,647846,228,6835,744474,Alex Iwobi,0.04594503343105316,0.875,0.43400001525878906,11,Left Foot,From Corner,Blocked Shot
ENG-Premier League,2526,2025-10-18 Manchester City-Everton,Everton,Beto,1,2025,28853,2025-10-18 14:00:00,647626,72,9983,744241,Iliman Ndiaye,0.643643856048584,0.955,0.534000015258789,13,Left Foot,Open Play,Missed Shot
ENG-Premier League,2526,2025-10-18 Manchester City-Everton,Everton,Carlos Alcaraz,1,2025,28853,2025-10-18 14:00:00,647631,72,11297,744235,Jake O'Brien,0.012201840989291668,0.785,0.20899999618530274,24,Right Foot,Open Play,Blocked Shot
ENG-Premier League,2526,2025-10-18 Manchester City-Everton,Everton,Iliman Ndiaye,1,2025,28853,2025-10-18 14:00:00,647633,72,9307,,,0.03773112967610359,0.88,0.29200000762939454,40,Right Foot,Open Play,Saved Shot
ENG-Premier League,2526,2025-10-18 Manchester City-Everton,Everton,James Garner,1,2025,28853,2025-10-18 14:00:00,647639,72,7438,,,0.06448057293891907,0.9059999847412109,0.625,60,Left Foot,Open Play,Blocked Shot
ENG-Premier League,2526,2025-10-18 Manchester City-Everton,Everton,Merlin Röhl,1,2025,28853,2025-10-18 14:00:00,647643,72,11331,744241,Iliman Ndiaye,0.03656488656997681,0.9219999694824219,0.625999984741211,76,,Open Play,Missed Shot
ENG-Premier League,2526,2025-10-18 Manchester City-Everton,Manchester City,Erling Haaland,1,2025,28853,2025-10-18 14:00:00,647638,88,8260,744222,Nico O'Reilly,0.33642709255218506,0.9109999847412109,0.48,57,,Open Play,Goal
ENG-Premier League,2526,2025-10-18 Manchester City-Everton,Manchester City,Erling Haaland,1,2025,28853,2025-10-18 14:00:00,647640,88,8260,744224,Sávio,0.09280124306678772,0.855,0.5829999923706055,62,Left Foot,Open Play,Goal
ENG-Premier League,2526,2025-10-18 Manchester City-Everton,Manchester City,Erling Haaland,1,2025,28853,2025-10-18 14:00:00,647645,88,8260,744226,Phil Foden,0.3933921456336975,0.874000015258789,0.3970000076293945,91,Left Foot,Open Play,Saved Shot
ENG-Premier League,2526,2025-10-18 Manchester City-Everton,Manchester City,Erling Haaland,1,2025,28853,2025-10-18 14:00:00,647646,88,8260,,,0.09566324949264526,0.88,0.565,91,Left Foot,Open Play,Blocked Shot
ENG-Premier League,2526,2025-10-18 Manchester City-Everton,Manchester City,Erling Haaland,1,2025,28853,2025-10-18 14:00:00,647648,88,8260,744230,Mathis Cherki,0.33317339420318604,0.8580000305175781,0.5870000076293945,95,Right Foot,Set Piece,Saved Shot
ENG-Premier League,2526,2025-10-18 Manchester City-Everton,Manchester City,Jéremy Doku,1,2025,28853,2025-10-18 14:00:00,647634,88,8981,744225,Tijjani Reijnders,0.3825669586658478,0.9,0.62,41,Right Foot,Open Play,Saved Shot
ENG-Premier League,2526,2025-10-18 Manchester City-Everton,Manchester City,Matheus Nunes,1,2025,28853,2025-10-18 14:00:00,647628,88,11000,744223,Nico González,0.01616077683866024,0.74,0.3370000076293945,15,Right Foot,Open Play,Missed Shot
ENG-Premier League,2526,2025-10-18 Manchester City-Everton,Manchester City,Mathis Cherki,1,2025,28853,2025-10-18 14:00:00,647647,88,8094,,,0.06907398998737335,0.8490000152587891,0.5120000076293946,91,Left Foot,Open Play,Blocked Shot
ENG-Premier League,2526,2025-10-18 Manchester City-Everton,Manchester City,Nathan Aké,1,2025,28853,2025-10-18 14:00:00,647635,88,579,744226,Phil Foden,0.0486404225230217,0.9219999694824219,0.4859999847412109,44,,From Corner,Missed Shot
ENG-Premier League,2526,2025-10-18 Manchester City-Everton,Manchester City,Nico O&#039;Reilly,1,2025,28853,2025-10-18 14:00:00,647625,88,11592,744223,Nico González,0.017277205362915993,0.755,0.7090000152587891,10,Left Foot,Open Play,Missed Shot
ENG-Premier League,2526,2025-10-18 Manchester City-Everton,Manchester City,Nico O&#039;Reilly,1,2025,28853,2025-10-18 14:00:00,647637,88,11592,744227,Jéremy Doku,0.08970959484577179,0.94,0.6559999847412109,47,Left Foot,Open Play,Blocked Shot
ENG-Premier League,2526,2025-10-18 Manchester City-Everton,Manchester City,Nico O&#039;Reilly,1,2025,28853,2025-10-18 14:00:00,647644,88,11592,744224,Sávio,0.13809417188167572,0.9369999694824219,0.5120000076293946,79,,Open Play,Missed Shot
ENG-Premier League,2526,2025-10-18 Manchester City-Everton,Manchester City,Oscar Bobb,1,2025,28853,2025-10-18 14:00:00,647642,88,11903,744232,Bernardo Silva,0.09409221261739731,0.8619999694824219,0.315,72,Left Foot,Open Play,Blocked Shot
ENG-Premier League,2526,2025-10-18 Manchester City-Everton,Manchester City,Phil Foden,1,2025,28853,2025-10-18 14:00:00,647641,88,6055,744219,Matheus Nunes,0.03806937485933304,0.8169999694824219,0.3060000038146973,69,Left Foot,Open Play,Missed Shot
ENG-Premier League,2526,2025-10-18 Manchester City-Everton,Manchester City,Sávio,1,2025,28853,2025-10-18 14:00:00,647627,88,11735,744219,Matheus Nunes,0.11557155102491379,0.95,0.3139999961853027,14,Left Foot,Open Play,Saved Shot
ENG-Premier League,2526,2025-10-18 Manchester City-Everton,Manchester City,Sávio,1,2025,28853,2025-10-18 14:00:00,647636,88,11735,744225,Tijjani Reijnders,0.047140974551439285,0.895,0.3220000076293945,47,Left Foot,Open Play,Saved Shot
ENG-Premier League,2526,2025-10-18 Manchester City-Everton,Manchester City,Tijjani Reijnders,1,2025,28853,2025-10-18 14:00:00,647629,88,11965,744226,Phil Foden,0.10005144029855728,0.8669999694824219,0.43,17,Right Foot,Open Play,Blocked Shot
ENG-Premier League,2526,2025-10-18 Manchester City-Everton,Manchester City,Tijjani Reijnders,1,2025,28853,2025-10-18 14:00:00,647630,88,11965,744227,Jéremy Doku,0.02352171018719673,0.8569999694824219,0.7280000305175781,23,Right Foot,From Corner,Blocked Shot
ENG-Premier League,2526,2025-10-18 Manchester City-Everton,Manchester City,Tijjani Reijnders,1,2025,28853,2025-10-18 14:00:00,647632,88,11965,744227,Jéremy Doku,0.11729005724191666,0.894000015258789,0.4279999923706055,30,Right Foot,Open Play,Blocked Shot
ENG-Premier League,2526,2025-10-18 Nottingham Forest-Chelsea,Chelsea,Andrey Santos,1,2025,28854,2025-10-18 11:30:00,647289,80,11808,743844,João Pedro,0.06689022481441498,0.8640000152587891,0.4620000076293945,38,Right Foot,Open Play,Missed Shot
ENG-Premier League,2526,2025-10-18 Nottingham Forest-Chelsea,Chelsea,Andrey Santos,1,2025,28854,2025-10-18 11:30:00,647290,80,11808,743844,João Pedro,0.32162848114967346,0.8430000305175781,0.5870000076293945,41,Left Foot,Open Play,Missed Shot
ENG-Premier League,2526,2025-10-18 Nottingham Forest-Chelsea,Chelsea,Estêvão,1,2025,28854,2025-10-18 11:30:00,647307,80,13775,,,0.03155709430575371,0.8730000305175781,0.7680000305175781,81,Left Foot,Open Play,Blocked Shot
ENG-Premier League,2526,2025-10-18 Nottingham Forest-Chelsea,Chelsea,Estêvão,1,2025,28854,2025-10-18 11:30:00,647309,80,13775,743838,Marc Cucurella,0.082034170627594,0.9019999694824219,0.35,82,Right Foot,Open Play,Blocked Shot
ENG-Premier League,2526,2025-10-18 Nottingham Forest-Chelsea,Chelsea,Josh Acheampong,1,2025,28854,2025-10-18 11:30:00,647292,80,12535,743841,Pedro Neto,0.009954600594937801,0.9080000305175782,0.6959999847412109,45,,From Corner,Saved Shot
ENG-Premier League,2526,2025-10-18 Nottingham Forest-Chelsea,Chelsea,Josh Acheampong,1,2025,28854,2025-10-18 11:30:00,647293,80,12535,743841,Pedro Neto,0.5625271201133728,0.9490000152587891,0.4909999847412109,48,,Set Piece,Goal
ENG-Premier League,2526,2025-10-18 Nottingham Forest-Chelsea,Chelsea,João Pedro,1,2025,28854,2025-10-18 11:30:00,647295,80,8272,,,0.05870429798960686,0.8769999694824219,0.7140000152587891,57,Right Foot,Open Play,Missed Shot
ENG-Premier League,2526,2025-10-18 Nottingham Forest-Chelsea,Chelsea,Malo Gusto,1,2025,28854,2025-10-18 11:30:00,647301,80,9017,743841,Pedro Neto,0.023632893338799477,0.7719999694824219,0.38299999237060545,68,Left Foot,Open Play,Blocked Shot
ENG-Premier League,2526,2025-10-18 Nottingham Forest-Chelsea,Chelsea,Marc Guiu,1,2025,28854,2025-10-18 11:30:00,647297,80,11633,743840,Malo Gusto,0.47843483090400696,0.914000015258789,0.40900001525878904,61,Right Foot,Open Play,Blocked Shot
ENG-Premier League,2526,2025-10-18 Nottingham Forest-Chelsea,Chelsea,Marc Guiu,1,2025,28854,2025-10-18 11:30:00,647302,80,11633,743841,Pedro Neto,0.131173774600029,0.925,0.5059999847412109,68,,Open Play,Missed Shot
ENG-Premier League,2526,2025-10-18 Nottingham Forest-Chelsea,Chelsea,Marc Guiu,1,2025,28854,2025-10-18 11:30:00,647304,80,11633,743837,Trevoh Chalobah,0.10206042230129242,0.8109999847412109,0.6079999923706054,70,Right Foot,Open Play,Missed Shot
ENG-Premier League,2526,2025-10-18 Nottingham Forest-Chelsea,Chelsea,Pedro Neto,1,2025,28854,2025-10-18 11:30:00,647288,80,6382,743835,Reece James,0.025479033589363098,0.8819999694824219,0.21700000762939453,31,Right Foot,Open Play,Saved Shot
ENG-Premier League,2526,2025-10-18 Nottingham Forest-Chelsea,Chelsea,Pedro Neto,1,2025,28854,2025-10-18 11:30:00,647291,80,6382,743840,Malo Gusto,0.015169907361268997,0.759000015258789,0.32299999237060545,45,Left Foot,Open Play,Missed Shot
ENG-Premier League,2526,2025-10-18 Nottingham Forest-Chelsea,Chelsea,Pedro Neto,1,2025,28854,2025-10-18 11:30:00,647294,80,6382,,,0.12143916636705399,0.8019999694824219,0.43400001525878906,51,Left Foot,Direct Freekick,Goal
ENG-Premier League,2526,2025-10-18 Nottingham Forest-Chelsea,Chelsea,Reece James,1,2025,28854,2025-10-18 11:30:00,647287,80,8067,,,0.0343979075551033,0.6890000152587891,0.48,28,Right Foot,Direct Freekick,Saved Shot
ENG-Premier League,2526,2025-10-18 Nottingham Forest-Chelsea,Chelsea,Reece James,1,2025,28854,2025-10-18 11:30:00,647308,80,8067,,,0.0191614031791687,0.73,0.49400001525878906,82,Right Foot,Open Play,Blocked Shot
ENG-Premier League,2526,2025-10-18 Nottingham Forest-Chelsea,Chelsea,Reece James,1,2025,28854,2025-10-18 11:30:00,647310,80,8067,,,0.4740513563156128,0.9069999694824219,0.5020000076293946,83,Right Foot,From Corner,Goal
ENG-Premier League,2526,2025-10-18 Nottingham Forest-Chelsea,Nottingham Forest,Ibrahim Sangare,1,2025,28854,2025-10-18 11:30:00,647299,249,5722,,,0.3906587064266205,0.9590000152587891,0.5940000152587891,64,Right Foot,From Corner,Saved Shot
ENG-Premier League,2526,2025-10-18 Nottingham Forest-Chelsea,Nottingham Forest,Ibrahim Sangare,1,2025,28854,2025-10-18 11:30:00,647306,249,5722,,,0.02566802129149437,0.784000015258789,0.49700000762939456,75,Right Foot,Open Play,Missed Shot
ENG-Premier League,2526,2025-10-18 Nottingham Forest-Chelsea,Nottingham Forest,Igor Jesus,1,2025,28854,2025-10-18 11:30:00,647303,249,13778,743833,Callum Hudson-Odoi,0.6059059500694275,0.96,0.5020000076293946,69,Right Foot,Open Play,Shot On Post
ENG-Premier League,2526,2025-10-18 Nottingham Forest-Chelsea,Nottingham Forest,Morgan Gibbs-White,1,2025,28854,2025-10-18 11:30:00,647285,249,6857,743828,Taiwo Awoniyi,0.06287747621536255,0.8209999847412109,0.5379999923706055,18,Right Foot,Open Play,Missed Shot
ENG-Premier League,2526,2025-10-18 Nottingham Forest-Chelsea,Nottingham Forest,Morgan Gibbs-White,1,2025,28854,2025-10-18 11:30:00,647286,249,6857,743825,Douglas Luiz,0.5033846497535706,0.9619999694824218,0.4420000076293945,19,Right Foot,Open Play,Missed Shot
ENG-Premier League,2526,2025-10-18 Nottingham Forest-Chelsea,Nottingham Forest,Morgan Gibbs-White,1,2025,28854,2025-10-18 11:30:00,647300,249,6857,743833,Callum Hudson-Odoi,0.019133802503347397,0.7480000305175781,0.5020000076293946,65,Right Foot,Open Play,Blocked Shot
ENG-Premier League,2526,2025-10-18 Nottingham Forest-Chelsea,Nottingham Forest,Morgan Gibbs-White,1,2025,28854,2025-10-18 11:30:00,647305,249,6857,743827,Ibrahim Sangare,0.03345363214612007,0.8809999847412109,0.27399999618530274,73,Right Foot,Open Play,Blocked Shot
ENG-Premier League,2526,2025-10-18 Nottingham Forest-Chelsea,Nottingham Forest,Neco Williams,1,2025,28854,2025-10-18 11:30:00,647296,249,8204,743824,Oleksandr Zinchenko,0.30302974581718445,0.924000015258789,0.46799999237060547,60,Right Foot,Open Play,Missed Shot
ENG-Premier League,2526,2025-10-18 Nottingham Forest-Chelsea,Nottingham Forest,Nikola Milenkovic,1,2025,28854,2025-10-18 11:30:00,647298,249,6174,743826,Elliot Anderson,0.05389919504523277,0.894000015258789,0.5209999847412109,64,,From Corner,Saved Shot
ENG-Premier League,2526,2025-10-18 Nottingham Forest-Chelsea,Nottingham Forest,Nikola Milenkovic,1,2025,28854,2025-10-18 11:30:00,647311,249,6174,743826,Elliot Anderson,0.02753354050219059,0.9269999694824219,0.57,90,,From Corner,Missed Shot
ENG-Premier League,2526,2025-10-18 Nottingham Forest-Chelsea,Nottingham Forest,Taiwo Awoniyi,1,2025,28854,2025-10-18 11:30:00,647284,249,7814,,,0.051006533205509186,0.8159999847412109,0.590999984741211,0,Left Foot,Open Play,Missed Shot
ENG-Premier League,2526,2025-10-18 Sunderland-Wolverhampton Wanderers,Sunderland,Dan Ballard,1,2025,28855,2025-10-18 14:00:00,647656,77,13715,744256,Granit Xhaka,0.07409484684467316,0.919000015258789,0.5579999923706055,41,,From Corner,Saved Shot
ENG-Premier League,2526,2025-10-18 Sunderland-Wolverhampton Wanderers,Sunderland,Granit Xhaka,1,2025,28855,2025-10-18 14:00:00,647658,77,204,,,0.013943257741630077,0.71,0.5029999923706054,47,Left Foot,Open Play,Blocked Shot
ENG-Premier League,2526,2025-10-18 Sunderland-Wolverhampton Wanderers,Sunderland,Noah Sadiki,1,2025,28855,2025-10-18 14:00:00,647657,77,13716,744253,Dan Ballard,0.05619838088750839,0.8480000305175781,0.6419999694824219,47,Right Foot,Open Play,Blocked Shot
ENG-Premier League,2526,2025-10-18 Sunderland-Wolverhampton Wanderers,Sunderland,Nordi Mukiele,1,2025,28855,2025-10-18 14:00:00,647650,77,5659,744258,Chris Rigg,0.026851192116737366,0.7730000305175782,0.4420000076293945,3,Right Foot,Open Play,Missed Shot
ENG-Premier League,2526,2025-10-18 Sunderland-Wolverhampton Wanderers,Sunderland,Nordi Mukiele,1,2025,28855,2025-10-18 14:00:00,647652,77,5659,744254,Trai Hume,0.4350658655166626,0.9180000305175782,0.575,16,Right Foot,Open Play,Goal
ENG-Premier League,2526,2025-10-18 Sunderland-Wolverhampton Wanderers,Sunderland,Trai Hume,1,2025,28855,2025-10-18 14:00:00,647651,77,13713,744259,Enzo Le Fée,0.027222421020269394,0.78,0.6,13,Right Foot,Open Play,Blocked Shot
ENG-Premier League,2526,2025-10-18 Sunderland-Wolverhampton Wanderers,Sunderland,Trai Hume,1,2025,28855,2025-10-18 14:00:00,647653,77,13713,744253,Dan Ballard,0.3283000886440277,0.9640000152587891,0.59,25,,Open Play,Shot On Post
ENG-Premier League,2526,2025-10-18 Sunderland-Wolverhampton Wanderers,Sunderland,Wilson Isidor,1,2025,28855,2025-10-18 14:00:00,647661,77,7148,744252,Omar Alderete,0.0639173835515976,0.8719999694824219,0.675,62,Right Foot,Open Play,Missed Shot
ENG-Premier League,2526,2025-10-18 Sunderland-Wolverhampton Wanderers,Wolverhampton Wanderers,André,1,2025,28855,2025-10-18 14:00:00,647654,229,13022,744271,João Gomes,0.01654295064508915,0.7119999694824218,0.48900001525878906,28,Right Foot,Open Play,Missed Shot
ENG-Premier League,2526,2025-10-18 Sunderland-Wolverhampton Wanderers,Wolverhampton Wanderers,Fernando López,1,2025,28855,2025-10-18 14:00:00,647670,229,13200,,,0.0674668699502945,0.8569999694824219,0.46,96,Left Foot,Set Piece,Blocked Shot
ENG-Premier League,2526,2025-10-18 Sunderland-Wolverhampton Wanderers,Wolverhampton Wanderers,Jackson Tchatchoua,1,2025,28855,2025-10-18 14:00:00,647664,229,12113,744267,Ladislav Krejcí,0.015242712572216988,0.874000015258789,0.43,77,,Open Play,Missed Shot
ENG-Premier League,2526,2025-10-18 Sunderland-Wolverhampton Wanderers,Wolverhampton Wanderers,Jackson Tchatchoua,1,2025,28855,2025-10-18 14:00:00,647666,229,12113,744274,Jørgen Strand Larsen,0.04586073383688927,0.8180000305175781,0.5559999847412109,85,Right Foot,Open Play,Missed Shot
ENG-Premier League,2526,2025-10-18 Sunderland-Wolverhampton Wanderers,Wolverhampton Wanderers,Jhon Arias,1,2025,28855,2025-10-18 14:00:00,647655,229,13741,,,0.07222910970449448,0.9259999847412109,0.799000015258789,30,Right Foot,Direct Freekick,Blocked Shot
ENG-Premier League,2526,2025-10-18 Sunderland-Wolverhampton Wanderers,Wolverhampton Wanderers,João Gomes,1,2025,28855,2025-10-18 14:00:00,647659,229,11384,744272,Marshall Munetsi,0.08063008636236191,0.8590000152587891,0.5370000076293945,47,Right Foot,Open Play,Missed Shot
ENG-Premier League,2526,2025-10-18 Sunderland-Wolverhampton Wanderers,Wolverhampton Wanderers,João Gomes,1,2025,28855,2025-10-18 14:00:00,647662,229,11384,,,0.01132278237491846,0.789000015258789,0.774000015258789,67,Right Foot,Open Play,Missed Shot
ENG-Premier League,2526,2025-10-18 Sunderland-Wolverhampton Wanderers,Wolverhampton Wanderers,Jørgen Strand Larsen,1,2025,28855,2025-10-18 14:00:00,647667,229,11070,,,0.045114971697330475,0.8119999694824219,0.5229999923706055,90,Left Foot,Open Play,Blocked Shot
ENG-Premier League,2526,2025-10-18 Sunderland-Wolverhampton Wanderers,Wolverhampton Wanderers,Ki-Jana Hoever,1,2025,28855,2025-10-18 14:00:00,647669,229,8351,744276,Jackson Tchatchoua,0.00923213642090559,0.71,0.34400001525878904,95,Right Foot,Open Play,Saved Shot
ENG-Premier League,2526,2025-10-18 Sunderland-Wolverhampton Wanderers,Wolverhampton Wanderers,Ladislav Krejcí,1,2025,28855,2025-10-18 14:00:00,647668,229,12721,,,0.0,0.18399999618530274,0.504000015258789,91,Right Foot,Open Play,Own Goal
ENG-Premier League,2526,2025-10-18 Sunderland-Wolverhampton Wanderers,Wolverhampton Wanderers,Ladislav Krejcí,1,2025,28855,2025-10-18 14:00:00,647671,229,12721,744268,Santiago Bueno,0.042457930743694305,0.9209999847412109,0.3,96,Left Foot,Set Piece,Saved Shot
ENG-Premier League,2526,2025-10-18 Sunderland-Wolverhampton Wanderers,Wolverhampton Wanderers,Ladislav Krejcí,1,2025,28855,2025-10-18 14:00:00,647673,229,12721,,,0.00981266237795353,0.745,0.3659999847412109,97,Left Foot,Open Play,Blocked Shot
ENG-Premier League,2526,2025-10-18 Sunderland-Wolverhampton Wanderers,Wolverhampton Wanderers,Marshall Munetsi,1,2025,28855,2025-10-18 14:00:00,647649,229,7908,,,0.015346447005867958,0.6709999847412109,0.35200000762939454,2,Right Foot,Open Play,Missed Shot
ENG-Premier League,2526,2025-10-18 Sunderland-Wolverhampton Wanderers,Wolverhampton Wanderers,Marshall Munetsi,1,2025,28855,2025-10-18 14:00:00,647663,229,7908,744273,Jhon Arias,0.0673213005065918,0.8669999694824219,0.45599998474121095,69,Right Foot,Open Play,Saved Shot
ENG-Premier League,2526,2025-10-18 Sunderland-Wolverhampton Wanderers,Wolverhampton Wanderers,Rodrigo Gomes,1,2025,28855,2025-10-18 14:00:00,647660,229,12756,744266,Matt Doherty,0.054192230105400085,0.8869999694824219,0.655,50,Left Foot,Open Play,Missed Shot
ENG-Premier League,2526,2025-10-18 Sunderland-Wolverhampton Wanderers,Wolverhampton Wanderers,Tolu Arokodare,1,2025,28855,2025-10-18 14:00:00,647665,229,8875,744274,Jørgen Strand Larsen,0.07739917188882828,0.904000015258789,0.5879999923706055,84,Right Foot,Open Play,Missed Shot
ENG-Premier League,2526,2025-10-18 Sunderland-Wolverhampton Wanderers,Wolverhampton Wanderers,Tolu Arokodare,1,2025,28855,2025-10-18 14:00:00,647672,229,8875,744269,Hugo Bueno,0.04660780727863312,0.8130000305175781,0.63,97,Right Foot,Open Play,Blocked Shot
ENG-Premier League,2526,2025-10-19 Liverpool-Manchester United,Liverpool,Alexander Isak,1,2025,28852,2025-10-19 15:30:00,648295,87,5232,,,0.05322479084134102,0.845999984741211,0.4109999847412109,28,Right Foot,Open Play,Missed Shot
ENG-Premier League,2526,2025-10-19 Liverpool-Manchester United,Liverpool,Alexander Isak,1,2025,28852,2025-10-19 15:30:00,648297,87,5232,745059,Ibrahima Konaté,0.24298451840877533,0.89,0.36200000762939455,34,Right Foot,Open Play,Saved Shot
ENG-Premier League,2526,2025-10-19 Liverpool-Manchester United,Liverpool,Alexis Mac Allister,1,2025,28852,2025-10-19 15:30:00,648291,87,8379,745065,Dominik Szoboszlai,0.04978923127055168,0.8109999847412109,0.4829999923706055,25,Right Foot,Open Play,Saved Shot
ENG-Premier League,2526,2025-10-19 Liverpool-Manchester United,Liverpool,Alexis Mac Allister,1,2025,28852,2025-10-19 15:30:00,648302,87,8379,745064,Mohamed Salah,0.07151411473751068,0.835999984741211,0.44,59,Right Foot,Open Play,Missed Shot
ENG-Premier League,2526,2025-10-19 Liverpool-Manchester United,Liverpool,Cody Gakpo,1,2025,28852,2025-10-19 15:30:00,648289,87,11296,745064,Mohamed Salah,0.04885004088282585,0.8159999847412109,0.5640000152587891,20,Right Foot,Open Play,Shot On Post
ENG-Premier League,2526,2025-10-19 Liverpool-Manchester United,Liverpool,Cody Gakpo,1,2025,28852,2025-10-19 15:30:00,648300,87,11296,745064,Mohamed Salah,0.06544985622167587,0.8780000305175781,0.6229999923706054,49,Right Foot,Set Piece,Shot On Post
ENG-Premier League,2526,2025-10-19 Liverpool-Manchester United,Liverpool,Cody Gakpo,1,2025,28852,2025-10-19 15:30:00,648309,87,11296,745065,Dominik Szoboszlai,0.02395622618496418,0.924000015258789,0.42700000762939455,76,,From Corner,Blocked Shot
ENG-Premier League,2526,2025-10-19 Liverpool-Manchester United,Liverpool,Cody Gakpo,1,2025,28852,2025-10-19 15:30:00,648311,87,11296,745070,Federico Chiesa,0.7863274216651917,0.9680000305175781,0.49700000762939456,77,Right Foot,Open Play,Goal
ENG-Premier League,2526,2025-10-19 Liverpool-Manchester United,Liverpool,Cody Gakpo,1,2025,28852,2025-10-19 15:30:00,648315,87,11296,745071,Jeremie Frimpong,0.5381103157997131,0.9480000305175781,0.5120000076293946,86,,Open Play,Missed Shot
ENG-Premier League,2526,2025-10-19 Liverpool-Manchester United,Liverpool,Curtis Jones,1,2025,28852,2025-10-19 15:30:00,648308,87,6665,745069,Florian Wirtz,0.05974965542554855,0.88,0.6580000305175782,75,Left Foot,Open Play,Saved Shot
ENG-Premier League,2526,2025-10-19 Liverpool-Manchester United,Liverpool,Federico Chiesa,1,2025,28852,2025-10-19 15:30:00,648310,87,1433,745069,Florian Wirtz,0.06949859857559204,0.915,0.6730000305175782,77,Left Foot,Open Play,Missed Shot
ENG-Premier League,2526,2025-10-19 Liverpool-Manchester United,Liverpool,Hugo Ekitike,1,2025,28852,2025-10-19 15:30:00,648304,87,8995,745066,Cody Gakpo,0.029520833864808083,0.7069999694824218,0.610999984741211,63,Right Foot,Open Play,Missed Shot
ENG-Premier League,2526,2025-10-19 Liverpool-Manchester United,Liverpool,Hugo Ekitike,1,2025,28852,2025-10-19 15:30:00,648307,87,8995,745069,Florian Wirtz,0.0628272145986557,0.8490000152587891,0.6859999847412109,68,Right Foot,Open Play,Missed Shot
ENG-Premier League,2526,2025-10-19 Liverpool-Manchester United,Liverpool,Ibrahima Konaté,1,2025,28852,2025-10-19 15:30:00,648317,87,6326,745065,Dominik Szoboszlai,0.01626363955438137,0.865,0.44099998474121094,91,,From Corner,Blocked Shot
ENG-Premier League,2526,2025-10-19 Liverpool-Manchester United,Liverpool,Mohamed Salah,1,2025,28852,2025-10-19 15:30:00,648296,87,1250,745066,Cody Gakpo,0.02346966229379177,0.9340000152587891,0.39099998474121095,32,,Open Play,Saved Shot
ENG-Premier League,2526,2025-10-19 Liverpool-Manchester United,Liverpool,Mohamed Salah,1,2025,28852,2025-10-19 15:30:00,648301,87,1250,745066,Cody Gakpo,0.051351264119148254,0.9569999694824218,0.38799999237060545,53,Left Foot,From Corner,Missed Shot
ENG-Premier League,2526,2025-10-19 Liverpool-Manchester United,Liverpool,Mohamed Salah,1,2025,28852,2025-10-19 15:30:00,648305,87,1250,745061,Milos Kerkez,0.27443599700927734,0.9180000305175782,0.38299999237060545,64,Left Foot,Open Play,Missed Shot
ENG-Premier League,2526,2025-10-19 Liverpool-Manchester United,Liverpool,Virgil van Dijk,1,2025,28852,2025-10-19 15:30:00,648288,87,833,745064,Mohamed Salah,0.18659044802188873,0.9180000305175782,0.43200000762939456,13,,Set Piece,Missed Shot
ENG-Premier League,2526,2025-10-19 Liverpool-Manchester United,Liverpool,Virgil van Dijk,1,2025,28852,2025-10-19 15:30:00,648298,87,833,745058,Conor Bradley,0.010452482849359512,0.9430000305175781,0.6819999694824219,38,,From Corner,Saved Shot
ENG-Premier League,2526,2025-10-19 Liverpool-Manchester United,Manchester United,Benjamin Sesko,1,2025,28852,2025-10-19 15:30:00,648306,89,11974,745078,Diogo Dalot,0.009385992772877216,0.84,0.644000015258789,66,,From Corner,Missed Shot
ENG-Premier League,2526,2025-10-19 Liverpool-Manchester United,Manchester United,Bruno Fernandes,1,2025,28852,2025-10-19 15:30:00,648290,89,1228,745077,Amad Diallo Traore,0.10961603373289108,0.86,0.44400001525878907,23,Right Foot,Open Play,Shot On Post
ENG-Premier League,2526,2025-10-19 Liverpool-Manchester United,Manchester United,Bruno Fernandes,1,2025,28852,2025-10-19 15:30:00,648303,89,1228,745084,Patrick Dorgu,0.06843314319849014,0.8680000305175781,0.6830000305175781,62,Left Foot,Open Play,Blocked Shot
ENG-Premier League,2526,2025-10-19 Liverpool-Manchester United,Manchester United,Bryan Mbeumo,1,2025,28852,2025-10-19 15:30:00,648287,89,6552,745077,Amad Diallo Traore,0.3349863588809967,0.9269999694824219,0.36,1,Right Foot,Open Play,Goal
ENG-Premier League,2526,2025-10-19 Liverpool-Manchester United,Manchester United,Bryan Mbeumo,1,2025,28852,2025-10-19 15:30:00,648293,89,6552,,,0.5278137922286987,0.914000015258789,0.5029999923706054,26,Left Foot,Open Play,Saved Shot
ENG-Premier League,2526,2025-10-19 Liverpool-Manchester United,Manchester United,Bryan Mbeumo,1,2025,28852,2025-10-19 15:30:00,648313,89,6552,745080,Bruno Fernandes,0.03670772537589073,0.845999984741211,0.6559999847412109,83,Left Foot,From Corner,Blocked Shot
ENG-Premier League,2526,2025-10-19 Liverpool-Manchester United,Manchester United,Harry Maguire,1,2025,28852,2025-10-19 15:30:00,648314,89,1687,745080,Bruno Fernandes,0.23580484092235565,0.92,0.4370000076293945,83,,From Corner,Goal
ENG-Premier League,2526,2025-10-19 Liverpool-Manchester United,Manchester United,Mason Mount,1,2025,28852,2025-10-19 15:30:00,648292,89,7768,,,0.5486971139907837,0.924000015258789,0.47,26,Right Foot,Open Play,Missed Shot
ENG-Premier League,2526,2025-10-19 Liverpool-Manchester United,Manchester United,Mason Mount,1,2025,28852,2025-10-19 15:30:00,648294,89,7768,,,0.01935759373009205,0.7469999694824219,0.56,26,Left Foot,Open Play,Saved Shot
ENG-Premier League,2526,2025-10-19 Liverpool-Manchester United,Manchester United,Matheus Cunha,1,2025,28852,2025-10-19 15:30:00,648299,89,7080,745080,Bruno Fernandes,0.029462268576025963,0.784000015258789,0.315,41,Left Foot,Open Play,Missed Shot
ENG-Premier League,2526,2025-10-19 Liverpool-Manchester United,Manchester United,Matheus Cunha,1,2025,28852,2025-10-19 15:30:00,648312,89,7080,745086,Benjamin Sesko,0.08052407950162888,0.909000015258789,0.6559999847412109,82,Left Foot,Open Play,Blocked Shot
ENG-Premier League,2526,2025-10-19 Liverpool-Manchester United,Manchester United,Matthijs de Ligt,1,2025,28852,2025-10-19 15:30:00,648316,89,7902,745081,Bryan Mbeumo,0.5406005382537842,0.9569999694824218,0.5170000076293946,87,,Set Piece,Missed Shot
ENG-Premier League,2526,2025-10-19 Tottenham-Aston Villa,Aston Villa,Donyell Malen,1,2025,28856,2025-10-19 13:00:00,648087,71,9749,744770,John McGinn,0.08622466772794724,0.899000015258789,0.6480000305175782,56,Left Foot,Open Play,Missed Shot
ENG-Premier League,2526,2025-10-19 Tottenham-Aston Villa,Aston Villa,Emiliano Buendía,1,2025,28856,2025-10-19 13:00:00,648091,71,2203,744765,Lucas Digne,0.03128521516919136,0.8209999847412109,0.32599998474121095,76,Left Foot,Open Play,Goal
ENG-Premier League,2526,2025-10-19 Tottenham-Aston Villa,Aston Villa,Ian Maatsen,1,2025,28856,2025-10-19 13:00:00,648092,71,11807,,,0.021490737795829773,0.784000015258789,0.5929999923706055,86,Left Foot,From Corner,Missed Shot
ENG-Premier League,2526,2025-10-19 Tottenham-Aston Villa,Aston Villa,John McGinn,1,2025,28856,2025-10-19 13:00:00,648089,71,7723,744762,Matthew Cash,0.05368897691369057,0.7959999847412109,0.6869999694824219,61,Left Foot,Open Play,Missed Shot
ENG-Premier League,2526,2025-10-19 Tottenham-Aston Villa,Aston Villa,Matthew Cash,1,2025,28856,2025-10-19 13:00:00,648080,71,8864,,,0.017699720337986946,0.8119999694824219,0.28399999618530275,11,Right Foot,From Corner,Blocked Shot
ENG-Premier League,2526,2025-10-19 Tottenham-Aston Villa,Aston Villa,Matthew Cash,1,2025,28856,2025-10-19 13:00:00,648081,71,8864,744768,Evann Guessand,0.028522029519081116,0.7680000305175781,0.4379999923706055,14,Right Foot,Open Play,Missed Shot
ENG-Premier League,2526,2025-10-19 Tottenham-Aston Villa,Aston Villa,Morgan Rogers,1,2025,28856,2025-10-19 13:00:00,648083,71,12412,,,0.025275209918618202,0.795,0.33599998474121096,36,Right Foot,Open Play,Goal
ENG-Premier League,2526,2025-10-19 Tottenham-Aston Villa,Aston Villa,Ollie Watkins,1,2025,28856,2025-10-19 13:00:00,648093,71,8865,744773,Ian Maatsen,0.08804439753293991,0.865,0.37400001525878906,89,Right Foot,Open Play,Blocked Shot
ENG-Premier League,2526,2025-10-19 Tottenham-Aston Villa,Tottenham,Brennan Johnson,1,2025,28856,2025-10-19 13:00:00,648095,82,10760,,,0.05026136338710785,0.8830000305175781,0.6619999694824219,94,Right Foot,Open Play,Missed Shot
ENG-Premier League,2526,2025-10-19 Tottenham-Aston Villa,Tottenham,João Palhinha,1,2025,28856,2025-10-19 13:00:00,648086,82,10715,744751,Rodrigo Bentancur,0.03177473694086075,0.794000015258789,0.37599998474121094,53,Right Foot,Open Play,Saved Shot
ENG-Premier League,2526,2025-10-19 Tottenham-Aston Villa,Tottenham,João Palhinha,1,2025,28856,2025-10-19 13:00:00,648088,82,10715,744753,Xavi Simons,0.031818948686122894,0.7819999694824219,0.4229999923706055,56,Right Foot,Open Play,Missed Shot
ENG-Premier League,2526,2025-10-19 Tottenham-Aston Villa,Tottenham,Micky van de Ven,1,2025,28856,2025-10-19 13:00:00,648084,82,10050,744754,Wilson Odobert,0.2573102116584778,0.9009999847412109,0.4909999847412109,45,,Set Piece,Missed Shot
ENG-Premier League,2526,2025-10-19 Tottenham-Aston Villa,Tottenham,Randal Kolo Muani,1,2025,28856,2025-10-19 13:00:00,648094,82,5743,744756,Richarlison,0.06208477169275284,0.914000015258789,0.519000015258789,92,Right Foot,From Corner,Missed Shot
ENG-Premier League,2526,2025-10-19 Tottenham-Aston Villa,Tottenham,Rodrigo Bentancur,1,2025,28856,2025-10-19 13:00:00,648079,82,6108,744750,João Palhinha,0.4010891914367676,0.9130000305175782,0.5279999923706055,4,Right Foot,From Corner,Goal
ENG-Premier League,2526,2025-10-19 Tottenham-Aston Villa,Tottenham,Rodrigo Bentancur,1,2025,28856,2025-10-19 13:00:00,648090,82,6108,744746,Pedro Porro,0.05909617245197296,0.8180000305175781,0.4859999847412109,66,Left Foot,Open Play,Blocked Shot
ENG-Premier League,2526,2025-10-19 Tottenham-Aston Villa,Tottenham,Wilson Odobert,1,2025,28856,2025-10-19 13:00:00,648082,82,10822,744746,Pedro Porro,0.09124181419610977,0.8469999694824218,0.7240000152587891,26,Right Foot,Open Play,Saved Shot
ENG-Premier League,2526,2025-10-19 Tottenham-Aston Villa,Tottenham,Wilson Odobert,1,2025,28856,2025-10-19 13:00:00,648085,82,10822,,,0.5299350023269653,0.9230000305175782,0.48900001525878906,52,Right Foot,Open Play,Blocked Shot
ENG-Premier League,2526,2025-10-20 West Ham-Brentford,Brentford,Dango Ouattara,1,2025,28857,2025-10-20 19:00:00,648519,244,9662,745353,Michael Kayode,0.14161616563796997,0.9330000305175781,0.495,14,,Open Play,Blocked Shot
ENG-Premier League,2526,2025-10-20 West Ham-Brentford,Brentford,Dango Ouattara,1,2025,28857,2025-10-20 19:00:00,648521,244,9662,745360,Mikkel Damsgaard,0.07098280638456345,0.8490000152587891,0.33,28,Left Foot,Open Play,Blocked Shot
ENG-Premier League,2526,2025-10-20 West Ham-Brentford,Brentford,Dango Ouattara,1,2025,28857,2025-10-20 19:00:00,648522,244,9662,745353,Michael Kayode,0.057083360850811005,0.9130000305175782,0.47400001525878904,29,,Open Play,Missed Shot
ENG-Premier League,2526,2025-10-20 West Ham-Brentford,Brentford,Dango Ouattara,1,2025,28857,2025-10-20 19:00:00,648528,244,9662,745360,Mikkel Damsgaard,0.015740925446152687,0.8919999694824219,0.615999984741211,32,,From Corner,Blocked Shot
ENG-Premier League,2526,2025-10-20 West Ham-Brentford,Brentford,Dango Ouattara,1,2025,28857,2025-10-20 19:00:00,648529,244,9662,745360,Mikkel Damsgaard,0.29765719175338745,0.955999984741211,0.42700000762939455,39,,From Corner,Missed Shot
ENG-Premier League,2526,2025-10-20 West Ham-Brentford,Brentford,Keane Lewis-Potter,1,2025,28857,2025-10-20 19:00:00,648541,244,10809,745358,Yehor Yarmolyuk,0.040230706334114075,0.7669999694824219,0.3270000076293945,85,Left Foot,Open Play,Missed Shot
ENG-Premier League,2526,2025-10-20 West Ham-Brentford,Brentford,Kevin Schade,1,2025,28857,2025-10-20 19:00:00,648515,244,9156,745359,Dango Ouattara,0.06772693246603012,0.924000015258789,0.7369999694824219,3,Left Foot,Open Play,Missed Shot
ENG-Premier League,2526,2025-10-20 West Ham-Brentford,Brentford,Kevin Schade,1,2025,28857,2025-10-20 19:00:00,648516,244,9156,745353,Michael Kayode,0.021479874849319458,0.9830000305175781,0.6170000076293946,8,,Open Play,Saved Shot
ENG-Premier League,2526,2025-10-20 West Ham-Brentford,Brentford,Kevin Schade,1,2025,28857,2025-10-20 19:00:00,648517,244,9156,745353,Michael Kayode,0.06525003165006638,0.915,0.5420000076293945,8,,Open Play,Missed Shot
ENG-Premier League,2526,2025-10-20 West Ham-Brentford,Brentford,Kevin Schade,1,2025,28857,2025-10-20 19:00:00,648538,244,9156,745353,Michael Kayode,0.500971257686615,0.935,0.505,61,,Open Play,Shot On Post
ENG-Premier League,2526,2025-10-20 West Ham-Brentford,Brentford,Kristoffer Ajer,1,2025,28857,2025-10-20 19:00:00,648533,244,9677,,,0.029658615589141846,0.754000015258789,0.41700000762939454,47,Right Foot,Open Play,Blocked Shot
ENG-Premier League,2526,2025-10-20 West Ham-Brentford,Brentford,Kristoffer Ajer,1,2025,28857,2025-10-20 19:00:00,648536,244,9677,745353,Michael Kayode,0.08736815303564072,0.955999984741211,0.43099998474121093,55,,Open Play,Missed Shot
ENG-Premier League,2526,2025-10-20 West Ham-Brentford,Brentford,Mathias Jensen,1,2025,28857,2025-10-20 19:00:00,648543,244,7166,745365,Keane Lewis-Potter,0.12064792215824127,0.875999984741211,0.4620000076293945,94,Right Foot,Open Play,Goal
ENG-Premier League,2526,2025-10-20 West Ham-Brentford,Brentford,Mikkel Damsgaard,1,2025,28857,2025-10-20 19:00:00,648526,244,8859,745353,Michael Kayode,0.0396374873816967,0.8909999847412109,0.5220000076293946,30,,Open Play,Saved Shot
ENG-Premier League,2526,2025-10-20 West Ham-Brentford,Brentford,Nathan Collins,1,2025,28857,2025-10-20 19:00:00,648520,244,9733,745357,Jordan Henderson,0.10135364532470703,0.9019999694824219,0.49700000762939456,24,,Set Piece,Missed Shot
ENG-Premier League,2526,2025-10-20 West Ham-Brentford,Brentford,Sepp van den Berg,1,2025,28857,2025-10-20 19:00:00,648537,244,10721,745360,Mikkel Damsgaard,0.09794063866138458,0.9330000305175781,0.4420000076293945,60,,From Corner,Missed Shot
ENG-Premier League,2526,2025-10-20 West Ham-Brentford,Brentford,Thiago,1,2025,28857,2025-10-20 19:00:00,648523,244,13222,745359,Dango Ouattara,0.5491554737091064,0.9730000305175781,0.57,29,Left Foot,Open Play,Shot On Post
ENG-Premier League,2526,2025-10-20 West Ham-Brentford,Brentford,Thiago,1,2025,28857,2025-10-20 19:00:00,648524,244,13222,745358,Yehor Yarmolyuk,0.11251520365476608,0.8730000305175781,0.4829999923706055,30,Left Foot,Open Play,Blocked Shot
ENG-Premier League,2526,2025-10-20 West Ham-Brentford,Brentford,Thiago,1,2025,28857,2025-10-20 19:00:00,648525,244,13222,745359,Dango Ouattara,0.07769110798835754,0.8719999694824219,0.39099998474121095,30,Right Foot,Open Play,Blocked Shot
ENG-Premier League,2526,2025-10-20 West Ham-Brentford,Brentford,Thiago,1,2025,28857,2025-10-20 19:00:00,648527,244,13222,,,0.5476440787315369,0.9540000152587891,0.44099998474121094,31,Right Foot,From Corner,Saved Shot
ENG-Premier League,2526,2025-10-20 West Ham-Brentford,Brentford,Thiago,1,2025,28857,2025-10-20 19:00:00,648530,244,13222,745361,Kevin Schade,0.3755340874195099,0.895,0.5890000152587891,42,Right Foot,Open Play,Goal
ENG-Premier League,2526,2025-10-20 West Ham-Brentford,Brentford,Thiago,1,2025,28857,2025-10-20 19:00:00,648540,244,13222,745358,Yehor Yarmolyuk,0.07981101423501968,0.9590000152587891,0.3129999923706055,78,Right Foot,Open Play,Saved Shot
ENG-Premier League,2526,2025-10-20 West Ham-Brentford,West Ham,Crysencio Summerville,1,2025,28857,2025-10-20 19:00:00,648534,81,9492,745342,Andy Irving,0.035151321440935135,0.7319999694824219,0.4979999923706055,48,Right Foot,Open Play,Missed Shot
ENG-Premier League,2526,2025-10-20 West Ham-Brentford,West Ham,Crysencio Summerville,1,2025,28857,2025-10-20 19:00:00,648532,81,9492,,,0.013662516139447689,0.7390000152587891,0.6669999694824219,50,Right Foot,From Corner,Blocked Shot
ENG-Premier League,2526,2025-10-20 West Ham-Brentford,West Ham,Jarrod Bowen,1,2025,28857,2025-10-20 19:00:00,648531,81,1776,745341,Tomas Soucek,0.029067160561680794,0.7809999847412109,0.40700000762939453,49,Left Foot,Open Play,Saved Shot
ENG-Premier League,2526,2025-10-20 West Ham-Brentford,West Ham,Jarrod Bowen,1,2025,28857,2025-10-20 19:00:00,648539,81,1776,745344,Crysencio Summerville,0.050188057124614716,0.840999984741211,0.34599998474121096,71,Right Foot,Open Play,Missed Shot
ENG-Premier League,2526,2025-10-20 West Ham-Brentford,West Ham,Lucas Paquetá,1,2025,28857,2025-10-20 19:00:00,648542,81,7365,,,0.033197082579135895,0.8180000305175781,0.6619999694824219,90,Right Foot,Open Play,Missed Shot
ENG-Premier League,2526,2025-10-20 West Ham-Brentford,West Ham,Mateus Fernandes,1,2025,28857,2025-10-20 19:00:00,648518,81,12948,,,0.017190052196383476,0.754000015258789,0.3970000076293945,9,Right Foot,Open Play,Blocked Shot
ENG-Premier League,2526,2025-10-20 West Ham-Brentford,West Ham,Tomas Soucek,1,2025,28857,2025-10-20 19:00:00,648535,81,8288,745343,Jarrod Bowen,0.08179470896720886,0.894000015258789,0.46,54,Right Foot,Open Play,Blocked Shot
ENG-Premier League,2526,2025-10-24 Leeds-West Ham,Leeds,Ao Tanaka,1,2025,28864,2025-10-24 19:00:00,648682,245,13834,745559,Dominic Calvert-Lewin,0.07628515362739563,0.8069999694824219,0.49,29,Right Foot,Open Play,Missed Shot
ENG-Premier League,2526,2025-10-24 Leeds-West Ham,Leeds,Brenden Aaronson,1,2025,28864,2025-10-24 19:00:00,648679,245,10751,,,0.6916036009788513,0.9669999694824218,0.47400001525878904,2,Right Foot,Open Play,Goal
ENG-Premier League,2526,2025-10-24 Leeds-West Ham,Leeds,Brenden Aaronson,1,2025,28864,2025-10-24 19:00:00,648683,245,10751,745554,Gabriel Gudmundsson,0.1419028341770172,0.9109999847412109,0.5109999847412109,31,Left Foot,Open Play,Blocked Shot
ENG-Premier League,2526,2025-10-24 Leeds-West Ham,Leeds,Brenden Aaronson,1,2025,28864,2025-10-24 19:00:00,648691,245,10751,745552,Jaka Bijol,0.12537430226802826,0.775,0.47,58,Right Foot,Open Play,Blocked Shot
ENG-Premier League,2526,2025-10-24 Leeds-West Ham,Leeds,Dominic Calvert-Lewin,1,2025,28864,2025-10-24 19:00:00,648690,245,5555,745558,Brenden Aaronson,0.12785515189170837,0.94,0.3970000076293945,56,Right Foot,Open Play,Missed Shot
ENG-Premier League,2526,2025-10-24 Leeds-West Ham,Leeds,Ethan Ampadu,1,2025,28864,2025-10-24 19:00:00,648685,245,6369,,,0.12419375777244568,0.8440000152587891,0.4159999847412109,38,Left Foot,Open Play,Missed Shot
ENG-Premier League,2526,2025-10-24 Leeds-West Ham,Leeds,Ethan Ampadu,1,2025,28864,2025-10-24 19:00:00,648687,245,6369,,,0.010036813095211983,0.6140000152587891,0.32799999237060545,50,Right Foot,Open Play,Missed Shot
ENG-Premier League,2526,2025-10-24 Leeds-West Ham,Leeds,Jack Harrison,1,2025,28864,2025-10-24 19:00:00,648692,245,8720,,,0.01563643105328083,0.7780000305175782,0.5379999923706055,59,Right Foot,From Corner,Blocked Shot
ENG-Premier League,2526,2025-10-24 Leeds-West Ham,Leeds,Jack Harrison,1,2025,28864,2025-10-24 19:00:00,648693,245,8720,745557,Ethan Ampadu,0.048734478652477264,0.7959999847412109,0.624000015258789,61,Left Foot,Open Play,Saved Shot
ENG-Premier League,2526,2025-10-24 Leeds-West Ham,Leeds,Jayden Bogle,1,2025,28864,2025-10-24 19:00:00,648688,245,9205,745558,Brenden Aaronson,0.137452632188797,0.9480000305175781,0.3139999961853027,54,Right Foot,Open Play,Saved Shot
ENG-Premier League,2526,2025-10-24 Leeds-West Ham,Leeds,Joe Rodon,1,2025,28864,2025-10-24 19:00:00,648681,245,6377,745556,Sean Longstaff,0.49435392022132874,0.9580000305175781,0.524000015258789,14,,From Corner,Goal
ENG-Premier League,2526,2025-10-24 Leeds-West Ham,Leeds,Noah Okafor,1,2025,28864,2025-10-24 19:00:00,648678,245,11966,745551,Jayden Bogle,0.3830646574497223,0.9309999847412109,0.5420000076293945,2,,Open Play,Saved Shot
ENG-Premier League,2526,2025-10-24 Leeds-West Ham,Leeds,Noah Okafor,1,2025,28864,2025-10-24 19:00:00,648686,245,11966,745553,Joe Rodon,0.10983096808195114,0.870999984741211,0.6669999694824219,47,Right Foot,Open Play,Missed Shot
ENG-Premier League,2526,2025-10-24 Leeds-West Ham,West Ham,Callum Wilson,1,2025,28864,2025-10-24 19:00:00,648695,81,468,745567,Aaron Wan-Bissaka,0.07372193038463593,0.909000015258789,0.4209999847412109,73,Right Foot,Open Play,Saved Shot
ENG-Premier League,2526,2025-10-24 Leeds-West Ham,West Ham,El Hadji Malick Diouf,1,2025,28864,2025-10-24 19:00:00,648696,81,13723,,,0.06991071999073029,0.8130000305175781,0.43,77,Left Foot,From Corner,Missed Shot
ENG-Premier League,2526,2025-10-24 Leeds-West Ham,West Ham,El Hadji Malick Diouf,1,2025,28864,2025-10-24 19:00:00,648697,81,13723,745578,Mateus Fernandes,0.01877536065876484,0.7630000305175781,0.644000015258789,82,Left Foot,Open Play,Blocked Shot
ENG-Premier League,2526,2025-10-24 Leeds-West Ham,West Ham,Jarrod Bowen,1,2025,28864,2025-10-24 19:00:00,648680,81,1776,745575,Lucas Paquetá,0.030456937849521637,0.8719999694824219,0.495,9,Left Foot,Open Play,Saved Shot
ENG-Premier League,2526,2025-10-24 Leeds-West Ham,West Ham,Jarrod Bowen,1,2025,28864,2025-10-24 19:00:00,648684,81,1776,,,0.01592916250228882,0.7959999847412109,0.32299999237060545,36,Left Foot,Open Play,Missed Shot
ENG-Premier League,2526,2025-10-24 Leeds-West Ham,West Ham,Lucas Paquetá,1,2025,28864,2025-10-24 19:00:00,648694,81,7365,745576,Jarrod Bowen,0.04341011494398117,0.799000015258789,0.4279999923706055,64,Right Foot,Open Play,Blocked Shot
ENG-Premier League,2526,2025-10-24 Leeds-West Ham,West Ham,Mateus Fernandes,1,2025,28864,2025-10-24 19:00:00,648698,81,12948,745575,Lucas Paquetá,0.01661066897213459,0.7140000152587891,0.49400001525878906,83,Right Foot,Open Play,Blocked Shot
ENG-Premier League,2526,2025-10-24 Leeds-West Ham,West Ham,Mateus Fernandes,1,2025,28864,2025-10-24 19:00:00,648699,81,12948,745576,Jarrod Bowen,0.09133035689592361,0.8969999694824219,0.47,89,,Open Play,Goal
ENG-Premier League,2526,2025-10-24 Leeds-West Ham,West Ham,Tomas Soucek,1,2025,28864,2025-10-24 19:00:00,648689,81,8288,745576,Jarrod Bowen,0.1385073959827423,0.95,0.514000015258789,55,,Open Play,Missed Shot
ENG-Premier League,2526,2025-10-25 Brentford-Liverpool,Brentford,Dango Ouattara,1,2025,28861,2025-10-25 19:00:00,649242,244,9662,,,0.4440733790397644,0.9519999694824218,0.40799999237060547,4,Left Foot,Open Play,Goal
ENG-Premier League,2526,2025-10-25 Brentford-Liverpool,Brentford,Dango Ouattara,1,2025,28861,2025-10-25 19:00:00,649252,244,9662,,,0.04559442773461342,0.7630000305175781,0.575,37,Left Foot,Open Play,Missed Shot
ENG-Premier League,2526,2025-10-25 Brentford-Liverpool,Brentford,Dango Ouattara,1,2025,28861,2025-10-25 19:00:00,649259,244,9662,,,0.02722984552383423,0.875,0.365,54,,Open Play,Missed Shot
ENG-Premier League,2526,2025-10-25 Brentford-Liverpool,Brentford,Dango Ouattara,1,2025,28861,2025-10-25 19:00:00,649264,244,9662,746271,Michael Kayode,0.16312123835086823,0.8919999694824219,0.435,64,,Open Play,Missed Shot
ENG-Premier League,2526,2025-10-25 Brentford-Liverpool,Brentford,Dango Ouattara,1,2025,28861,2025-10-25 19:00:00,649269,244,9662,746285,Keane Lewis-Potter,0.39151811599731445,0.9180000305175782,0.4590000152587891,83,,Open Play,Missed Shot
ENG-Premier League,2526,2025-10-25 Brentford-Liverpool,Brentford,Jordan Henderson,1,2025,28861,2025-10-25 19:00:00,649250,244,605,746279,Kevin Schade,0.020088516175746918,0.7719999694824219,0.6909999847412109,31,Right Foot,Open Play,Missed Shot
ENG-Premier League,2526,2025-10-25 Brentford-Liverpool,Brentford,Kevin Schade,1,2025,28861,2025-10-25 19:00:00,649255,244,9156,746278,Mikkel Damsgaard,0.6057746410369873,0.895,0.47900001525878905,44,Right Foot,Open Play,Goal
ENG-Premier League,2526,2025-10-25 Brentford-Liverpool,Brentford,Kristoffer Ajer,1,2025,28861,2025-10-25 19:00:00,649241,244,9677,,,0.012695089913904667,0.7140000152587891,0.4859999847412109,2,Right Foot,Open Play,Missed Shot
ENG-Premier League,2526,2025-10-25 Brentford-Liverpool,Brentford,Kristoffer Ajer,1,2025,28861,2025-10-25 19:00:00,649251,244,9677,746282,Vitaly Janelt,0.05202661454677582,0.9130000305175782,0.7380000305175781,34,Right Foot,Open Play,Blocked Shot
ENG-Premier League,2526,2025-10-25 Brentford-Liverpool,Brentford,Michael Kayode,1,2025,28861,2025-10-25 19:00:00,649249,244,11281,746279,Kevin Schade,0.07357523590326309,0.8640000152587891,0.63,31,Left Foot,Open Play,Blocked Shot
ENG-Premier League,2526,2025-10-25 Brentford-Liverpool,Brentford,Mikkel Damsgaard,1,2025,28861,2025-10-25 19:00:00,649253,244,8859,,,0.015508263371884823,0.705,0.6179999923706054,38,Right Foot,Open Play,Saved Shot
ENG-Premier League,2526,2025-10-25 Brentford-Liverpool,Brentford,Mikkel Damsgaard,1,2025,28861,2025-10-25 19:00:00,649260,244,8859,746279,Kevin Schade,0.051979247480630875,0.785,0.5620000076293945,54,Right Foot,Open Play,Saved Shot
ENG-Premier League,2526,2025-10-25 Brentford-Liverpool,Brentford,Nathan Collins,1,2025,28861,2025-10-25 19:00:00,649248,244,9733,746271,Michael Kayode,0.0869007408618927,0.91,0.575999984741211,29,,Open Play,Saved Shot
ENG-Premier League,2526,2025-10-25 Brentford-Liverpool,Brentford,Thiago,1,2025,28861,2025-10-25 19:00:00,649257,244,13222,746279,Kevin Schade,0.03345661982893944,0.94,0.675,51,Left Foot,Open Play,Saved Shot
ENG-Premier League,2526,2025-10-25 Brentford-Liverpool,Brentford,Thiago,1,2025,28861,2025-10-25 19:00:00,649258,244,13222,746279,Kevin Schade,0.3877606987953186,0.9690000152587891,0.5970000076293945,53,Left Foot,Open Play,Saved Shot
ENG-Premier League,2526,2025-10-25 Brentford-Liverpool,Brentford,Thiago,1,2025,28861,2025-10-25 19:00:00,649261,244,13222,,,0.7611688375473022,0.885,0.5,59,Right Foot,,Goal
ENG-Premier League,2526,2025-10-25 Brentford-Liverpool,Brentford,Thiago,1,2025,28861,2025-10-25 19:00:00,649271,244,13222,746285,Keane Lewis-Potter,0.09879279881715775,0.905,0.524000015258789,89,,Open Play,Missed Shot
ENG-Premier League,2526,2025-10-25 Brentford-Liverpool,Liverpool,Alexis Mac Allister,1,2025,28861,2025-10-25 19:00:00,649262,87,8379,746296,Hugo Ekitike,0.10235737264156342,0.9109999847412109,0.47400001525878904,63,Left Foot,Open Play,Blocked Shot
ENG-Premier League,2526,2025-10-25 Brentford-Liverpool,Liverpool,Cody Gakpo,1,2025,28861,2025-10-25 19:00:00,649247,87,11296,746289,Virgil van Dijk,0.02186964638531208,0.7909999847412109,0.6990000152587891,23,Right Foot,Open Play,Missed Shot
ENG-Premier League,2526,2025-10-25 Brentford-Liverpool,Liverpool,Curtis Jones,1,2025,28861,2025-10-25 19:00:00,649254,87,6665,,,0.027210287749767303,0.8069999694824219,0.6669999694824219,40,Right Foot,Open Play,Saved Shot
ENG-Premier League,2526,2025-10-25 Brentford-Liverpool,Liverpool,Federico Chiesa,1,2025,28861,2025-10-25 19:00:00,649265,87,1433,746293,Mohamed Salah,0.01924978941679001,0.789000015258789,0.31,68,Left Foot,Open Play,Blocked Shot
ENG-Premier League,2526,2025-10-25 Brentford-Liverpool,Liverpool,Florian Wirtz,1,2025,28861,2025-10-25 19:00:00,649245,87,8397,,,0.37810632586479187,0.8819999694824219,0.524000015258789,19,Left Foot,Open Play,Missed Shot
ENG-Premier League,2526,2025-10-25 Brentford-Liverpool,Liverpool,Hugo Ekitike,1,2025,28861,2025-10-25 19:00:00,649244,87,8995,746294,Florian Wirtz,0.08432405441999435,0.8809999847412109,0.43400001525878906,19,Right Foot,Open Play,Blocked Shot
ENG-Premier League,2526,2025-10-25 Brentford-Liverpool,Liverpool,Hugo Ekitike,1,2025,28861,2025-10-25 19:00:00,649246,87,8995,746295,Cody Gakpo,0.22296051681041718,0.909000015258789,0.47900001525878905,21,,Open Play,Missed Shot
ENG-Premier League,2526,2025-10-25 Brentford-Liverpool,Liverpool,Hugo Ekitike,1,2025,28861,2025-10-25 19:00:00,649266,87,8995,746300,Rio Ngumoha,0.015734096989035606,0.7469999694824219,0.6029999923706054,76,Right Foot,Open Play,Blocked Shot
ENG-Premier League,2526,2025-10-25 Brentford-Liverpool,Liverpool,Hugo Ekitike,1,2025,28861,2025-10-25 19:00:00,649267,87,8995,746291,Dominik Szoboszlai,0.022299597039818764,0.8859999847412109,0.580999984741211,77,,From Corner,Missed Shot
ENG-Premier League,2526,2025-10-25 Brentford-Liverpool,Liverpool,Milos Kerkez,1,2025,28861,2025-10-25 19:00:00,649256,87,11709,,,0.590264618396759,0.960999984741211,0.54,49,Right Foot,Open Play,Goal
ENG-Premier League,2526,2025-10-25 Brentford-Liverpool,Liverpool,Mohamed Salah,1,2025,28861,2025-10-25 19:00:00,649243,87,1250,746295,Cody Gakpo,0.48075342178344727,0.9230000305175782,0.44599998474121094,9,Left Foot,Open Play,Saved Shot
ENG-Premier League,2526,2025-10-25 Brentford-Liverpool,Liverpool,Mohamed Salah,1,2025,28861,2025-10-25 19:00:00,649263,87,1250,,,0.13850493729114532,0.9109999847412109,0.485,64,Left Foot,Open Play,Blocked Shot
ENG-Premier League,2526,2025-10-25 Brentford-Liverpool,Liverpool,Mohamed Salah,1,2025,28861,2025-10-25 19:00:00,649268,87,1250,746288,Ibrahima Konaté,0.014038250781595707,0.784000015258789,0.28200000762939453,82,Left Foot,Open Play,Missed Shot
ENG-Premier League,2526,2025-10-25 Brentford-Liverpool,Liverpool,Mohamed Salah,1,2025,28861,2025-10-25 19:00:00,649270,87,1250,746291,Dominik Szoboszlai,0.04676544666290283,0.875,0.3920000076293945,88,Right Foot,Open Play,Goal
ENG-Premier League,2526,2025-10-25 Chelsea-Sunderland,Chelsea,Alejandro Garnacho,1,2025,28862,2025-10-25 14:00:00,648927,80,10552,745903,Pedro Neto,0.22625580430030823,0.9480000305175781,0.6809999847412109,3,Left Foot,Open Play,Goal
ENG-Premier League,2526,2025-10-25 Chelsea-Sunderland,Chelsea,Alejandro Garnacho,1,2025,28862,2025-10-25 14:00:00,648932,80,10552,745904,João Pedro,0.023275522515177727,0.914000015258789,0.6659999847412109,12,Right Foot,From Corner,Missed Shot
ENG-Premier League,2526,2025-10-25 Chelsea-Sunderland,Chelsea,Alejandro Garnacho,1,2025,28862,2025-10-25 14:00:00,648937,80,10552,745901,Enzo Fernández,0.34333688020706177,0.9669999694824218,0.40299999237060546,39,Right Foot,From Corner,Saved Shot
ENG-Premier League,2526,2025-10-25 Chelsea-Sunderland,Chelsea,Alejandro Garnacho,1,2025,28862,2025-10-25 14:00:00,648940,80,10552,745900,Marc Cucurella,0.020156918093562126,0.8090000152587891,0.7469999694824219,56,Right Foot,Open Play,Missed Shot
ENG-Premier League,2526,2025-10-25 Chelsea-Sunderland,Chelsea,Enzo Fernández,1,2025,28862,2025-10-25 14:00:00,648942,80,11356,745902,Moisés Caicedo,0.09809298068284988,0.895,0.45599998474121095,67,Left Foot,Open Play,Saved Shot
ENG-Premier League,2526,2025-10-25 Chelsea-Sunderland,Chelsea,Enzo Fernández,1,2025,28862,2025-10-25 14:00:00,648943,80,11356,745897,Reece James,0.030527886003255844,0.7680000305175781,0.6630000305175782,70,Right Foot,From Corner,Saved Shot
ENG-Premier League,2526,2025-10-25 Chelsea-Sunderland,Chelsea,Enzo Fernández,1,2025,28862,2025-10-25 14:00:00,648944,80,11356,745911,Estêvão,0.0282236747443676,0.86,0.509000015258789,71,,Open Play,Saved Shot
ENG-Premier League,2526,2025-10-25 Chelsea-Sunderland,Chelsea,Enzo Fernández,1,2025,28862,2025-10-25 14:00:00,648950,80,11356,745909,Jamie Bynoe-Gittens,0.016114259138703346,0.7819999694824219,0.7330000305175781,94,Right Foot,Open Play,Missed Shot
ENG-Premier League,2526,2025-10-25 Chelsea-Sunderland,Chelsea,Estêvão,1,2025,28862,2025-10-25 14:00:00,648941,80,13775,745900,Marc Cucurella,0.0656525194644928,0.8619999694824219,0.46,59,Left Foot,Open Play,Blocked Shot
ENG-Premier League,2526,2025-10-25 Chelsea-Sunderland,Chelsea,Marc Cucurella,1,2025,28862,2025-10-25 14:00:00,648930,80,7134,,,0.0874955803155899,0.895,0.5640000152587891,12,Left Foot,From Corner,Blocked Shot
ENG-Premier League,2526,2025-10-25 Chelsea-Sunderland,Chelsea,Marc Guiu,1,2025,28862,2025-10-25 14:00:00,648929,80,11633,745901,Enzo Fernández,0.10994356870651245,0.9680000305175781,0.5509999847412109,12,,From Corner,Missed Shot
ENG-Premier League,2526,2025-10-25 Chelsea-Sunderland,Chelsea,Marc Guiu,1,2025,28862,2025-10-25 14:00:00,648936,80,11633,745901,Enzo Fernández,0.05157195031642914,0.904000015258789,0.3060000038146973,32,Right Foot,Open Play,Saved Shot
ENG-Premier League,2526,2025-10-25 Chelsea-Sunderland,Chelsea,Moisés Caicedo,1,2025,28862,2025-10-25 14:00:00,648931,80,9453,,,0.020144464448094368,0.754000015258789,0.36700000762939455,12,Right Foot,From Corner,Blocked Shot
ENG-Premier League,2526,2025-10-25 Chelsea-Sunderland,Chelsea,Moisés Caicedo,1,2025,28862,2025-10-25 14:00:00,648948,80,9453,745909,Jamie Bynoe-Gittens,0.026674967259168625,0.7680000305175781,0.525,89,Right Foot,From Corner,Blocked Shot
ENG-Premier League,2526,2025-10-25 Chelsea-Sunderland,Chelsea,Trevoh Chalobah,1,2025,28862,2025-10-25 14:00:00,648939,80,6615,745902,Moisés Caicedo,0.014366714283823967,0.7119999694824218,0.4109999847412109,43,Right Foot,Open Play,Saved Shot
ENG-Premier League,2526,2025-10-25 Chelsea-Sunderland,Chelsea,Tyrique George,1,2025,28862,2025-10-25 14:00:00,648947,80,12573,745900,Marc Cucurella,0.053248196840286255,0.899000015258789,0.51,84,,Open Play,Missed Shot
ENG-Premier League,2526,2025-10-25 Chelsea-Sunderland,Sunderland,Bertrand Traoré,1,2025,28862,2025-10-25 14:00:00,648933,77,695,,,0.07072710990905762,0.8869999694824219,0.43400001525878906,21,Left Foot,Open Play,Blocked Shot
ENG-Premier League,2526,2025-10-25 Chelsea-Sunderland,Sunderland,Bertrand Traoré,1,2025,28862,2025-10-25 14:00:00,648938,77,695,745919,Noah Sadiki,0.04475153237581253,0.7880000305175782,0.33299999237060546,41,Left Foot,Open Play,Saved Shot
ENG-Premier League,2526,2025-10-25 Chelsea-Sunderland,Sunderland,Chemsdine Talbi,1,2025,28862,2025-10-25 14:00:00,648949,77,13717,745924,Brian Brobbey,0.11022110283374786,0.8469999694824218,0.6029999923706054,92,Right Foot,Open Play,Goal
ENG-Premier League,2526,2025-10-25 Chelsea-Sunderland,Sunderland,Dan Ballard,1,2025,28862,2025-10-25 14:00:00,648925,77,13715,745918,Bertrand Traoré,0.2097024917602539,0.92,0.5720000076293945,0,,Set Piece,Saved Shot
ENG-Premier League,2526,2025-10-25 Chelsea-Sunderland,Sunderland,Enzo Le Fée,1,2025,28862,2025-10-25 14:00:00,648928,77,8651,,,0.039230477064847946,0.7369999694824219,0.6969999694824218,9,Right Foot,Direct Freekick,Missed Shot
ENG-Premier League,2526,2025-10-25 Chelsea-Sunderland,Sunderland,Granit Xhaka,1,2025,28862,2025-10-25 14:00:00,648945,77,204,745921,Enzo Le Fée,0.11729858070611954,0.860999984741211,0.5970000076293945,73,Right Foot,Open Play,Blocked Shot
ENG-Premier League,2526,2025-10-25 Chelsea-Sunderland,Sunderland,Lutsharel Geertruida,1,2025,28862,2025-10-25 14:00:00,648946,77,13064,,,0.02701103314757347,0.7909999847412109,0.34200000762939453,81,Right Foot,Open Play,Blocked Shot
ENG-Premier League,2526,2025-10-25 Chelsea-Sunderland,Sunderland,Wilson Isidor,1,2025,28862,2025-10-25 14:00:00,648926,77,7148,745921,Enzo Le Fée,0.07560613006353378,0.8859999847412109,0.6509999847412109,1,Left Foot,Open Play,Blocked Shot
ENG-Premier League,2526,2025-10-25 Chelsea-Sunderland,Sunderland,Wilson Isidor,1,2025,28862,2025-10-25 14:00:00,648934,77,7148,,,0.8045018911361694,0.9730000305175781,0.5,21,Right Foot,Open Play,Goal
ENG-Premier League,2526,2025-10-25 Chelsea-Sunderland,Sunderland,Wilson Isidor,1,2025,28862,2025-10-25 14:00:00,648935,77,7148,745920,Granit Xhaka,0.051553428173065186,0.89,0.6909999847412109,27,Left Foot,Open Play,Missed Shot
ENG-Premier League,2526,2025-10-25 Manchester United-Brighton,Brighton,Carlos Baleba,1,2025,28865,2025-10-25 16:30:00,649086,220,10527,746109,Yankuba Minteh,0.020446961745619774,0.750999984741211,0.4809999847412109,9,Right Foot,Set Piece,Missed Shot
ENG-Premier League,2526,2025-10-25 Manchester United-Brighton,Brighton,Carlos Baleba,1,2025,28865,2025-10-25 16:30:00,649096,220,10527,746101,Mats Wieffer,0.008929295465350151,0.6930000305175781,0.5609999847412109,46,Left Foot,Open Play,Missed Shot
ENG-Premier League,2526,2025-10-25 Manchester United-Brighton,Brighton,Charalampos Kostoulas,1,2025,28865,2025-10-25 16:30:00,649109,220,14118,746111,Stefanos Tzimas,0.09042076766490936,0.8490000152587891,0.52,91,Left Foot,Open Play,Blocked Shot
ENG-Premier League,2526,2025-10-25 Manchester United-Brighton,Brighton,Charalampos Kostoulas,1,2025,28865,2025-10-25 16:30:00,649110,220,14118,746114,James Milner,0.2777058780193329,0.96,0.44099998474121094,91,,From Corner,Goal
ENG-Premier League,2526,2025-10-25 Manchester United-Brighton,Brighton,Danny Welbeck,1,2025,28865,2025-10-25 16:30:00,649087,220,501,746108,Georginio Rutter,0.10591714084148407,0.8930000305175781,0.5979999923706054,14,Left Foot,Open Play,Saved Shot
ENG-Premier League,2526,2025-10-25 Manchester United-Brighton,Brighton,Danny Welbeck,1,2025,28865,2025-10-25 16:30:00,649102,220,501,,,0.0854361429810524,0.7730000305175782,0.535,73,Right Foot,Direct Freekick,Goal
ENG-Premier League,2526,2025-10-25 Manchester United-Brighton,Brighton,Danny Welbeck,1,2025,28865,2025-10-25 16:30:00,649113,220,501,746111,Stefanos Tzimas,0.005543868988752365,0.46900001525878904,0.5259999847412109,97,Right Foot,Open Play,Missed Shot
ENG-Premier League,2526,2025-10-25 Manchester United-Brighton,Brighton,Diego Gómez,1,2025,28865,2025-10-25 16:30:00,649104,220,13364,,,0.03356751799583435,0.8269999694824218,0.3290000152587891,75,Right Foot,Open Play,Blocked Shot
ENG-Premier League,2526,2025-10-25 Manchester United-Brighton,Brighton,Ferdi Kadioglu,1,2025,28865,2025-10-25 16:30:00,649085,220,13066,,,0.031940311193466187,0.850999984741211,0.49599998474121093,9,Right Foot,Set Piece,Blocked Shot
ENG-Premier League,2526,2025-10-25 Manchester United-Brighton,Brighton,Ferdi Kadioglu,1,2025,28865,2025-10-25 16:30:00,649107,220,13066,746110,Danny Welbeck,0.009937935508787632,0.7269999694824218,0.6070000076293945,87,Right Foot,Open Play,Saved Shot
ENG-Premier League,2526,2025-10-25 Manchester United-Brighton,Brighton,Lewis Dunk,1,2025,28865,2025-10-25 16:30:00,649092,220,6048,746104,Maxim De Cuyper,0.08164914697408676,0.96,0.5320000076293945,37,,From Corner,Missed Shot
ENG-Premier League,2526,2025-10-25 Manchester United-Brighton,Brighton,Maxim De Cuyper,1,2025,28865,2025-10-25 16:30:00,649095,220,13711,,,0.027252256870269775,0.8369999694824218,0.6730000305175782,45,Left Foot,Open Play,Missed Shot
ENG-Premier League,2526,2025-10-25 Manchester United-Brighton,Brighton,Stefanos Tzimas,1,2025,28865,2025-10-25 16:30:00,649108,220,14028,746114,James Milner,0.028005775064229965,0.879000015258789,0.44400001525878907,88,,From Corner,Missed Shot
ENG-Premier League,2526,2025-10-25 Manchester United-Brighton,Brighton,Tom Watson,1,2025,28865,2025-10-25 16:30:00,649103,220,14029,746101,Mats Wieffer,0.024704832583665848,0.7730000305175782,0.44400001525878907,74,Left Foot,Open Play,Saved Shot
ENG-Premier League,2526,2025-10-25 Manchester United-Brighton,Brighton,Yankuba Minteh,1,2025,28865,2025-10-25 16:30:00,649105,220,12759,746110,Danny Welbeck,0.04169922694563866,0.8419999694824218,0.3039999961853027,77,Left Foot,Open Play,Missed Shot
ENG-Premier League,2526,2025-10-25 Manchester United-Brighton,Brighton,Yasin Ayari,1,2025,28865,2025-10-25 16:30:00,649091,220,11385,746104,Maxim De Cuyper,0.0556718148291111,0.805,0.4620000076293945,36,Right Foot,Open Play,Blocked Shot
ENG-Premier League,2526,2025-10-25 Manchester United-Brighton,Brighton,Yasin Ayari,1,2025,28865,2025-10-25 16:30:00,649098,220,11385,746102,Jan Paul van Hecke,0.018325041979551315,0.860999984741211,0.5579999923706055,50,,Open Play,Missed Shot
ENG-Premier League,2526,2025-10-25 Manchester United-Brighton,Manchester United,Benjamin Sesko,1,2025,28865,2025-10-25 16:30:00,649094,89,11974,746093,Bryan Mbeumo,0.3791031539440155,0.9030000305175782,0.595,43,Left Foot,Open Play,Missed Shot
ENG-Premier League,2526,2025-10-25 Manchester United-Brighton,Manchester United,Benjamin Sesko,1,2025,28865,2025-10-25 16:30:00,649099,89,11974,,,0.03292085975408554,0.764000015258789,0.5159999847412109,55,Right Foot,Open Play,Saved Shot
ENG-Premier League,2526,2025-10-25 Manchester United-Brighton,Manchester United,Bruno Fernandes,1,2025,28865,2025-10-25 16:30:00,649084,89,1228,746093,Bryan Mbeumo,0.277688592672348,0.904000015258789,0.5209999847412109,0,,Open Play,Missed Shot
ENG-Premier League,2526,2025-10-25 Manchester United-Brighton,Manchester United,Bruno Fernandes,1,2025,28865,2025-10-25 16:30:00,649097,89,1228,746092,Matheus Cunha,0.141866534948349,0.9259999847412109,0.43599998474121093,47,Right Foot,Open Play,Saved Shot
ENG-Premier League,2526,2025-10-25 Manchester United-Brighton,Manchester United,Bruno Fernandes,1,2025,28865,2025-10-25 16:30:00,649106,89,1228,746098,Kobbie Mainoo,0.02774488925933838,0.785,0.629000015258789,83,Right Foot,Open Play,Blocked Shot
ENG-Premier League,2526,2025-10-25 Manchester United-Brighton,Manchester United,Bruno Fernandes,1,2025,28865,2025-10-25 16:30:00,649111,89,1228,746089,Diogo Dalot,0.10174474120140076,0.9619999694824218,0.3340000152587891,95,Right Foot,Set Piece,Saved Shot
ENG-Premier League,2526,2025-10-25 Manchester United-Brighton,Manchester United,Bryan Mbeumo,1,2025,28865,2025-10-25 16:30:00,649100,89,6552,746094,Benjamin Sesko,0.10491649806499481,0.860999984741211,0.405,60,Left Foot,Open Play,Goal
ENG-Premier League,2526,2025-10-25 Manchester United-Brighton,Manchester United,Bryan Mbeumo,1,2025,28865,2025-10-25 16:30:00,649101,89,6552,746091,Bruno Fernandes,0.4397951066493988,0.8680000305175781,0.54,70,Left Foot,Open Play,Saved Shot
ENG-Premier League,2526,2025-10-25 Manchester United-Brighton,Manchester United,Bryan Mbeumo,1,2025,28865,2025-10-25 16:30:00,649112,89,6552,746099,Ayden Heaven,0.34458863735198975,0.8980000305175782,0.5840000152587891,96,Left Foot,Open Play,Goal
ENG-Premier League,2526,2025-10-25 Manchester United-Brighton,Manchester United,Casemiro,1,2025,28865,2025-10-25 16:30:00,649090,89,2248,746087,Luke Shaw,0.023941393941640854,0.7319999694824219,0.47400001525878904,33,Right Foot,Open Play,Goal
ENG-Premier League,2526,2025-10-25 Manchester United-Brighton,Manchester United,Diogo Dalot,1,2025,28865,2025-10-25 16:30:00,649093,89,7281,746092,Matheus Cunha,0.028025293722748756,0.7480000305175781,0.5159999847412109,37,Right Foot,Open Play,Missed Shot
ENG-Premier League,2526,2025-10-25 Manchester United-Brighton,Manchester United,Matheus Cunha,1,2025,28865,2025-10-25 16:30:00,649088,89,7080,746091,Bruno Fernandes,0.019919712096452713,0.77,0.4209999847412109,15,Right Foot,Open Play,Saved Shot
ENG-Premier League,2526,2025-10-25 Manchester United-Brighton,Manchester United,Matheus Cunha,1,2025,28865,2025-10-25 16:30:00,649089,89,7080,746090,Casemiro,0.04005824029445648,0.795,0.5820000076293945,23,Right Foot,Open Play,Goal
ENG-Premier League,2526,2025-10-25 Newcastle United-Fulham,Fulham,Adama Traoré,1,2025,28866,2025-10-25 14:00:00,648960,228,900,,,0.05163850635290146,0.9180000305175782,0.3240000152587891,26,Right Foot,Open Play,Missed Shot
ENG-Premier League,2526,2025-10-25 Newcastle United-Fulham,Fulham,Alex Iwobi,1,2025,28866,2025-10-25 14:00:00,648956,228,500,,,0.05444556474685669,0.8680000305175781,0.674000015258789,16,Left Foot,Open Play,Blocked Shot
ENG-Premier League,2526,2025-10-25 Newcastle United-Fulham,Fulham,Alex Iwobi,1,2025,28866,2025-10-25 14:00:00,648971,228,500,745957,Kevin,0.043869249522686005,0.7769999694824219,0.62,66,Right Foot,Open Play,Blocked Shot
ENG-Premier League,2526,2025-10-25 Newcastle United-Fulham,Fulham,Emile Smith-Rowe,1,2025,28866,2025-10-25 14:00:00,648965,228,7230,745947,Sander Berge,0.024571401998400688,0.7659999847412109,0.4379999923706055,41,Right Foot,Open Play,Saved Shot
ENG-Premier League,2526,2025-10-25 Newcastle United-Fulham,Fulham,Raúl Jiménez,1,2025,28866,2025-10-25 14:00:00,648951,228,4105,,,0.0145478006452322,0.7519999694824219,0.700999984741211,1,Left Foot,Open Play,Blocked Shot
ENG-Premier League,2526,2025-10-25 Newcastle United-Fulham,Fulham,Raúl Jiménez,1,2025,28866,2025-10-25 14:00:00,648955,228,4105,745946,Ryan Sessegnon,0.19742150604724884,0.8809999847412109,0.5590000152587891,12,Left Foot,Open Play,Blocked Shot
ENG-Premier League,2526,2025-10-25 Newcastle United-Fulham,Fulham,Raúl Jiménez,1,2025,28866,2025-10-25 14:00:00,648961,228,4105,745948,Sasa Lukic,0.036745112389326096,0.894000015258789,0.4379999923706055,32,,From Corner,Missed Shot
ENG-Premier League,2526,2025-10-25 Newcastle United-Fulham,Fulham,Raúl Jiménez,1,2025,28866,2025-10-25 14:00:00,648962,228,4105,745948,Sasa Lukic,0.06927651911973953,0.899000015258789,0.3559999847412109,32,Right Foot,Open Play,Blocked Shot
ENG-Premier League,2526,2025-10-25 Newcastle United-Fulham,Fulham,Raúl Jiménez,1,2025,28866,2025-10-25 14:00:00,648967,228,4105,,,0.5307072997093201,0.95,0.435,55,Right Foot,Open Play,Saved Shot
ENG-Premier League,2526,2025-10-25 Newcastle United-Fulham,Fulham,Raúl Jiménez,1,2025,28866,2025-10-25 14:00:00,648970,228,4105,745957,Kevin,0.12977324426174164,0.89,0.5179999923706055,64,Right Foot,Open Play,Saved Shot
ENG-Premier League,2526,2025-10-25 Newcastle United-Fulham,Fulham,Sander Berge,1,2025,28866,2025-10-25 14:00:00,648959,228,8285,745950,Emile Smith-Rowe,0.023419193923473358,0.7909999847412109,0.6270000076293946,26,Right Foot,Open Play,Saved Shot
ENG-Premier League,2526,2025-10-25 Newcastle United-Fulham,Fulham,Sasa Lukic,1,2025,28866,2025-10-25 14:00:00,648968,228,1537,,,0.7347251772880554,0.9769999694824218,0.514000015258789,55,,Open Play,Goal
ENG-Premier League,2526,2025-10-25 Newcastle United-Fulham,Newcastle United,Anthony Elanga,1,2025,28866,2025-10-25 14:00:00,648973,86,9524,745941,Harvey Barnes,0.07902445644140244,0.8909999847412109,0.41400001525878904,79,Right Foot,Open Play,Blocked Shot
ENG-Premier League,2526,2025-10-25 Newcastle United-Fulham,Newcastle United,Bruno Guimarães,1,2025,28866,2025-10-25 14:00:00,648953,86,8327,745935,Nick Woltemade,0.03323383256793022,0.785,0.5990000152587891,4,Right Foot,Open Play,Missed Shot
ENG-Premier League,2526,2025-10-25 Newcastle United-Fulham,Newcastle United,Bruno Guimarães,1,2025,28866,2025-10-25 14:00:00,648969,86,8327,745936,Anthony Gordon,0.4192650318145752,0.9269999694824219,0.5129999923706055,62,,Open Play,Missed Shot
ENG-Premier League,2526,2025-10-25 Newcastle United-Fulham,Newcastle United,Bruno Guimarães,1,2025,28866,2025-10-25 14:00:00,648972,86,8327,745931,Joelinton,0.02920863777399063,0.789000015258789,0.5970000076293945,74,Right Foot,Open Play,Missed Shot
ENG-Premier League,2526,2025-10-25 Newcastle United-Fulham,Newcastle United,Bruno Guimarães,1,2025,28866,2025-10-25 14:00:00,648979,86,8327,,,0.6087774038314819,0.9209999847412109,0.545,89,Right Foot,Open Play,Goal
ENG-Premier League,2526,2025-10-25 Newcastle United-Fulham,Newcastle United,Jacob Murphy,1,2025,28866,2025-10-25 14:00:00,648954,86,6063,745932,Bruno Guimarães,0.04342786222696304,0.9819999694824219,0.28200000762939453,5,Right Foot,Open Play,Saved Shot
ENG-Premier League,2526,2025-10-25 Newcastle United-Fulham,Newcastle United,Jacob Murphy,1,2025,28866,2025-10-25 14:00:00,648957,86,6063,,,0.054868653416633606,0.845,0.3579999923706055,17,Right Foot,Open Play,Goal
ENG-Premier League,2526,2025-10-25 Newcastle United-Fulham,Newcastle United,Jacob Murphy,1,2025,28866,2025-10-25 14:00:00,648958,86,6063,745932,Bruno Guimarães,0.024046946316957474,0.725999984741211,0.5359999847412109,20,Right Foot,Open Play,Blocked Shot
ENG-Premier League,2526,2025-10-25 Newcastle United-Fulham,Newcastle United,Jacob Murphy,1,2025,28866,2025-10-25 14:00:00,648963,86,6063,745936,Anthony Gordon,0.48910683393478394,0.855,0.36400001525878906,38,Right Foot,Open Play,Saved Shot
ENG-Premier League,2526,2025-10-25 Newcastle United-Fulham,Newcastle United,Jacob Murphy,1,2025,28866,2025-10-25 14:00:00,648964,86,6063,745927,Kieran Trippier,0.01731664501130581,0.8009999847412109,0.7609999847412109,39,Right Foot,From Corner,Blocked Shot
ENG-Premier League,2526,2025-10-25 Newcastle United-Fulham,Newcastle United,Joelinton,1,2025,28866,2025-10-25 14:00:00,648975,86,87,745927,Kieran Trippier,0.04020277038216591,0.9780000305175781,0.5920000076293945,83,,Open Play,Missed Shot
ENG-Premier League,2526,2025-10-25 Newcastle United-Fulham,Newcastle United,Malick Thiaw,1,2025,28866,2025-10-25 14:00:00,648977,86,8378,745932,Bruno Guimarães,0.019114045426249504,0.745999984741211,0.40099998474121096,87,Right Foot,Open Play,Missed Shot
ENG-Premier League,2526,2025-10-25 Newcastle United-Fulham,Newcastle United,Nick Woltemade,1,2025,28866,2025-10-25 14:00:00,648952,86,8117,,,0.6356291174888611,0.96,0.48700000762939455,3,Right Foot,Set Piece,Shot On Post
ENG-Premier League,2526,2025-10-25 Newcastle United-Fulham,Newcastle United,Nick Woltemade,1,2025,28866,2025-10-25 14:00:00,648966,86,8117,,,0.07028713822364807,0.8119999694824219,0.45599998474121095,45,Right Foot,Set Piece,Blocked Shot
ENG-Premier League,2526,2025-10-25 Newcastle United-Fulham,Newcastle United,Sandro Tonali,1,2025,28866,2025-10-25 14:00:00,648974,86,7958,745932,Bruno Guimarães,0.0480726882815361,0.8040000152587891,0.4379999923706055,79,Right Foot,Open Play,Saved Shot
ENG-Premier League,2526,2025-10-25 Newcastle United-Fulham,Newcastle United,Sandro Tonali,1,2025,28866,2025-10-25 14:00:00,648976,86,7958,745931,Joelinton,0.04370925948023796,0.914000015258789,0.28200000762939453,85,Right Foot,Open Play,Saved Shot
ENG-Premier League,2526,2025-10-25 Newcastle United-Fulham,Newcastle United,William Osula,1,2025,28866,2025-10-25 14:00:00,648978,86,9556,745939,Anthony Elanga,0.1027308851480484,0.8140000152587891,0.4420000076293945,89,Left Foot,Open Play,Saved Shot
ENG-Premier League,2526,2025-10-25 Newcastle United-Fulham,Newcastle United,William Osula,1,2025,28866,2025-10-25 14:00:00,648980,86,9556,,,0.07257688045501709,0.9230000305175782,0.6969999694824218,96,Left Foot,Open Play,Blocked Shot
ENG-Premier League,2526,2025-10-26 Arsenal-Crystal Palace,Arsenal,Bukayo Saka,1,2025,28859,2025-10-26 13:00:00,649486,83,7322,746587,Jurriën Timber,0.01499542873352766,0.750999984741211,0.3129999923706055,50,Left Foot,Set Piece,Missed Shot
ENG-Premier League,2526,2025-10-26 Arsenal-Crystal Palace,Arsenal,Declan Rice,1,2025,28859,2025-10-26 13:00:00,649484,83,5553,,,0.13906189799308777,0.9369999694824219,0.5420000076293945,49,Right Foot,Set Piece,Saved Shot
ENG-Premier League,2526,2025-10-26 Arsenal-Crystal Palace,Arsenal,Eberechi Eze,1,2025,28859,2025-10-26 13:00:00,649481,83,8706,,,0.06908194720745087,0.8569999694824219,0.4929999923706055,38,Right Foot,Set Piece,Goal
ENG-Premier League,2526,2025-10-26 Arsenal-Crystal Palace,Arsenal,Eberechi Eze,1,2025,28859,2025-10-26 13:00:00,649482,83,8706,746591,Martín Zubimendi,0.017743250355124474,0.7219999694824218,0.4640000152587891,43,Right Foot,Set Piece,Blocked Shot
ENG-Premier League,2526,2025-10-26 Arsenal-Crystal Palace,Arsenal,Gabriel,1,2025,28859,2025-10-26 13:00:00,649483,83,5613,746592,Declan Rice,0.05568093806505203,0.9730000305175781,0.41900001525878905,49,,Set Piece,Shot On Post
ENG-Premier League,2526,2025-10-26 Arsenal-Crystal Palace,Arsenal,Leandro Trossard,1,2025,28859,2025-10-26 13:00:00,649480,83,7698,746592,Declan Rice,0.043759386986494064,0.8640000152587891,0.6959999847412109,32,Right Foot,Open Play,Saved Shot
ENG-Premier League,2526,2025-10-26 Arsenal-Crystal Palace,Arsenal,Leandro Trossard,1,2025,28859,2025-10-26 13:00:00,649485,83,7698,,,0.0967690497636795,0.875,0.4909999847412109,49,Left Foot,Set Piece,Blocked Shot
ENG-Premier League,2526,2025-10-26 Arsenal-Crystal Palace,Arsenal,Leandro Trossard,1,2025,28859,2025-10-26 13:00:00,649487,83,7698,746588,Gabriel,0.3101864457130432,0.9569999694824218,0.6029999923706054,57,Right Foot,Open Play,Missed Shot
ENG-Premier League,2526,2025-10-26 Arsenal-Crystal Palace,Arsenal,Riccardo Calafiori,1,2025,28859,2025-10-26 13:00:00,649490,83,8129,746600,Cristhian Mosquera,0.060570258647203445,0.8,0.49599998474121093,70,Right Foot,Open Play,Blocked Shot
ENG-Premier League,2526,2025-10-26 Arsenal-Crystal Palace,Arsenal,Viktor Gyokeres,1,2025,28859,2025-10-26 13:00:00,649488,83,7254,746592,Declan Rice,0.0741652399301529,0.9669999694824218,0.445,67,,From Corner,Missed Shot
ENG-Premier League,2526,2025-10-26 Arsenal-Crystal Palace,Crystal Palace,Adam Wharton,1,2025,28859,2025-10-26 13:00:00,649479,78,12409,746611,Yeremi Pino,0.013107347302138805,0.7180000305175781,0.53,26,Left Foot,Open Play,Missed Shot
ENG-Premier League,2526,2025-10-26 Arsenal-Crystal Palace,Crystal Palace,Eddie Nketiah,1,2025,28859,2025-10-26 13:00:00,649489,78,6482,,,0.07809228450059891,0.9369999694824219,0.49,69,,Open Play,Saved Shot
ENG-Premier League,2526,2025-10-26 Arsenal-Crystal Palace,Crystal Palace,Ismaila Sarr,1,2025,28859,2025-10-26 13:00:00,649478,78,5675,,,0.047375328838825226,0.870999984741211,0.3029999923706055,21,Right Foot,Open Play,Blocked Shot
ENG-Premier League,2526,2025-10-26 Arsenal-Crystal Palace,Crystal Palace,Jean-Philippe Mateta,1,2025,28859,2025-10-26 13:00:00,649491,78,5735,746617,Eddie Nketiah,0.13988007605075836,0.8859999847412109,0.5640000152587891,78,Right Foot,Open Play,Blocked Shot
ENG-Premier League,2526,2025-10-26 Arsenal-Crystal Palace,Crystal Palace,Marc Guehi,1,2025,28859,2025-10-26 13:00:00,649477,78,7603,746609,Adam Wharton,0.014898398891091347,0.94,0.39,9,,From Corner,Blocked Shot
ENG-Premier League,2526,2025-10-26 Arsenal-Crystal Palace,Crystal Palace,Marc Guehi,1,2025,28859,2025-10-26 13:00:00,649492,78,7603,746616,Will Hughes,0.04626245051622391,0.8959999847412109,0.45,79,,From Corner,Missed Shot
ENG-Premier League,2526,2025-10-26 Arsenal-Crystal Palace,Crystal Palace,Maxence Lacroix,1,2025,28859,2025-10-26 13:00:00,649493,78,8853,,,0.010918347164988518,0.69,0.4859999847412109,90,Right Foot,Open Play,Missed Shot
ENG-Premier League,2526,2025-10-26 Aston Villa-Manchester City,Aston Villa,Emiliano Buendía,1,2025,28860,2025-10-26 13:00:00,649494,71,2203,,,0.014183170162141323,0.8240000152587891,0.6890000152587891,2,Right Foot,Open Play,Missed Shot
ENG-Premier League,2526,2025-10-26 Aston Villa-Manchester City,Aston Villa,Jadon Sancho,1,2025,28860,2025-10-26 13:00:00,649511,71,6345,,,0.07400824129581451,0.98,0.669000015258789,68,Right Foot,Open Play,Saved Shot
ENG-Premier League,2526,2025-10-26 Aston Villa-Manchester City,Aston Villa,Jadon Sancho,1,2025,28860,2025-10-26 13:00:00,649512,71,6345,,,0.3478069007396698,0.9669999694824218,0.6029999923706054,68,Right Foot,Open Play,Saved Shot
ENG-Premier League,2526,2025-10-26 Aston Villa-Manchester City,Aston Villa,John McGinn,1,2025,28860,2025-10-26 13:00:00,649499,71,7723,746624,Boubacar Kamara,0.08092041313648224,0.8240000152587891,0.53,29,Left Foot,Open Play,Blocked Shot
ENG-Premier League,2526,2025-10-26 Aston Villa-Manchester City,Aston Villa,John McGinn,1,2025,28860,2025-10-26 13:00:00,649505,71,7723,746619,Matthew Cash,0.07812505960464478,0.9059999847412109,0.47900001525878905,52,Left Foot,From Corner,Blocked Shot
ENG-Premier League,2526,2025-10-26 Aston Villa-Manchester City,Aston Villa,Lucas Digne,1,2025,28860,2025-10-26 13:00:00,649496,71,1823,746628,Ollie Watkins,0.06123998016119003,0.8719999694824219,0.6379999923706055,16,Right Foot,Open Play,Blocked Shot
ENG-Premier League,2526,2025-10-26 Aston Villa-Manchester City,Aston Villa,Matthew Cash,1,2025,28860,2025-10-26 13:00:00,649497,71,8864,746627,Emiliano Buendía,0.04432624205946922,0.8209999847412109,0.534000015258789,18,Left Foot,From Corner,Goal
ENG-Premier League,2526,2025-10-26 Aston Villa-Manchester City,Aston Villa,Ollie Watkins,1,2025,28860,2025-10-26 13:00:00,649500,71,8865,746622,Lucas Digne,0.06568168103694916,0.9009999847412109,0.500999984741211,30,,From Corner,Blocked Shot
ENG-Premier League,2526,2025-10-26 Aston Villa-Manchester City,Aston Villa,Ollie Watkins,1,2025,28860,2025-10-26 13:00:00,649501,71,8865,746626,Morgan Rogers,0.11062097549438477,0.895,0.5209999847412109,30,Left Foot,From Corner,Blocked Shot
ENG-Premier League,2526,2025-10-26 Aston Villa-Manchester City,Manchester City,Erling Haaland,1,2025,28860,2025-10-26 13:00:00,649498,88,8260,746641,Bernardo Silva,0.3314625322818756,0.8669999694824219,0.3579999923706055,21,Left Foot,Open Play,Saved Shot
ENG-Premier League,2526,2025-10-26 Aston Villa-Manchester City,Manchester City,Erling Haaland,1,2025,28860,2025-10-26 13:00:00,649513,88,8260,746642,Phil Foden,0.06374302506446838,0.905,0.4420000076293945,70,,Open Play,Saved Shot
ENG-Premier League,2526,2025-10-26 Aston Villa-Manchester City,Manchester City,Erling Haaland,1,2025,28860,2025-10-26 13:00:00,649520,88,8260,746647,Mathis Cherki,0.016246741637587547,0.8680000305175781,0.5479999923706055,95,,Open Play,Saved Shot
ENG-Premier League,2526,2025-10-26 Aston Villa-Manchester City,Manchester City,Josko Gvardiol,1,2025,28860,2025-10-26 13:00:00,649509,88,9790,746642,Phil Foden,0.017191026359796524,0.9059999847412109,0.43599998474121093,60,,From Corner,Missed Shot
ENG-Premier League,2526,2025-10-26 Aston Villa-Manchester City,Manchester City,Josko Gvardiol,1,2025,28860,2025-10-26 13:00:00,649510,88,9790,746642,Phil Foden,0.042757581919431686,0.889000015258789,0.46900001525878904,67,,From Corner,Missed Shot
ENG-Premier League,2526,2025-10-26 Aston Villa-Manchester City,Manchester City,Matheus Nunes,1,2025,28860,2025-10-26 13:00:00,649519,88,11000,746636,Rúben Dias,0.022162409499287605,0.779000015258789,0.32099998474121094,93,Left Foot,Open Play,Missed Shot
ENG-Premier League,2526,2025-10-26 Aston Villa-Manchester City,Manchester City,Mathis Cherki,1,2025,28860,2025-10-26 13:00:00,649517,88,8094,,,0.04017318785190582,0.7709999847412109,0.624000015258789,86,Right Foot,Open Play,Blocked Shot
ENG-Premier League,2526,2025-10-26 Aston Villa-Manchester City,Manchester City,Nico González,1,2025,28860,2025-10-26 13:00:00,649514,88,9802,746642,Phil Foden,0.02282697707414627,0.7669999694824219,0.3729999923706055,71,Right Foot,Open Play,Blocked Shot
ENG-Premier League,2526,2025-10-26 Aston Villa-Manchester City,Manchester City,Nico González,1,2025,28860,2025-10-26 13:00:00,649518,88,9802,,,0.05768768489360809,0.8590000152587891,0.590999984741211,92,Right Foot,Open Play,Blocked Shot
ENG-Premier League,2526,2025-10-26 Aston Villa-Manchester City,Manchester City,Nico O&#039;Reilly,1,2025,28860,2025-10-26 13:00:00,649515,88,11592,746645,Jéremy Doku,0.11110709607601166,0.93,0.515,79,,Open Play,Blocked Shot
ENG-Premier League,2526,2025-10-26 Aston Villa-Manchester City,Manchester City,Phil Foden,1,2025,28860,2025-10-26 13:00:00,649502,88,6055,746637,John Stones,0.06276297569274902,0.8640000152587891,0.36200000762939455,47,Left Foot,Open Play,Blocked Shot
ENG-Premier League,2526,2025-10-26 Aston Villa-Manchester City,Manchester City,Phil Foden,1,2025,28860,2025-10-26 13:00:00,649516,88,6055,746649,Nico O'Reilly,0.08893332630395889,0.8640000152587891,0.5259999847412109,82,Right Foot,Open Play,Blocked Shot
ENG-Premier League,2526,2025-10-26 Aston Villa-Manchester City,Manchester City,Rúben Dias,1,2025,28860,2025-10-26 13:00:00,649503,88,8961,746642,Phil Foden,0.04712127149105072,0.9269999694824219,0.46,47,,From Corner,Blocked Shot
ENG-Premier League,2526,2025-10-26 Aston Villa-Manchester City,Manchester City,Rúben Dias,1,2025,28860,2025-10-26 13:00:00,649506,88,8961,746642,Phil Foden,0.022605756297707558,0.919000015258789,0.5690000152587891,59,,From Corner,Blocked Shot
ENG-Premier League,2526,2025-10-26 Aston Villa-Manchester City,Manchester City,Sávio,1,2025,28860,2025-10-26 13:00:00,649507,88,11735,,,0.04174066334962845,0.8719999694824219,0.6580000305175782,59,Left Foot,From Corner,Blocked Shot
ENG-Premier League,2526,2025-10-26 Aston Villa-Manchester City,Manchester City,Sávio,1,2025,28860,2025-10-26 13:00:00,649508,88,11735,,,0.30935049057006836,0.9,0.6459999847412109,59,Left Foot,From Corner,Blocked Shot
ENG-Premier League,2526,2025-10-26 Aston Villa-Manchester City,Manchester City,Tijjani Reijnders,1,2025,28860,2025-10-26 13:00:00,649495,88,11965,746640,Oscar Bobb,0.04259379580616951,0.855999984741211,0.30100000381469727,5,Right Foot,Open Play,Missed Shot
ENG-Premier League,2526,2025-10-26 Aston Villa-Manchester City,Manchester City,Tijjani Reijnders,1,2025,28860,2025-10-26 13:00:00,649504,88,11965,746642,Phil Foden,0.04158521816134453,0.7619999694824219,0.37900001525878907,48,Right Foot,Open Play,Missed Shot
ENG-Premier League,2526,2025-10-26 Bournemouth-Nottingham Forest,Bournemouth,Adrien Truffert,1,2025,28858,2025-10-26 13:00:00,649377,73,8640,746438,Antoine Semenyo,0.01791035756468773,0.7819999694824219,0.7140000152587891,59,Left Foot,Open Play,Missed Shot
ENG-Premier League,2526,2025-10-26 Bournemouth-Nottingham Forest,Bournemouth,Alex Scott,1,2025,28858,2025-10-26 13:00:00,649366,73,12149,746436,Marcus Tavernier,0.1099582090973854,0.87,0.4540000152587891,9,Right Foot,Open Play,Blocked Shot
ENG-Premier League,2526,2025-10-26 Bournemouth-Nottingham Forest,Bournemouth,Alex Scott,1,2025,28858,2025-10-26 13:00:00,649372,73,12149,746436,Marcus Tavernier,0.0535615012049675,0.7619999694824219,0.49700000762939456,35,Right Foot,Open Play,Saved Shot
ENG-Premier League,2526,2025-10-26 Bournemouth-Nottingham Forest,Bournemouth,Antoine Semenyo,1,2025,28858,2025-10-26 13:00:00,649365,73,11363,,,0.03682687506079674,0.9259999847412109,0.7140000152587891,7,Left Foot,Open Play,Saved Shot
ENG-Premier League,2526,2025-10-26 Bournemouth-Nottingham Forest,Bournemouth,David Brooks,1,2025,28858,2025-10-26 13:00:00,649381,73,6820,,,0.04976242780685425,0.815,0.505,82,Left Foot,Open Play,Missed Shot
ENG-Premier League,2526,2025-10-26 Bournemouth-Nottingham Forest,Bournemouth,Eli Junior Kroupi,1,2025,28858,2025-10-26 13:00:00,649362,73,11504,746437,Justin Kluivert,0.09013260900974274,0.8690000152587891,0.5940000152587891,0,Right Foot,Open Play,Missed Shot
ENG-Premier League,2526,2025-10-26 Bournemouth-Nottingham Forest,Bournemouth,Eli Junior Kroupi,1,2025,28858,2025-10-26 13:00:00,649371,73,11504,746436,Marcus Tavernier,0.04989438131451607,0.7909999847412109,0.43,33,Right Foot,Open Play,Blocked Shot
ENG-Premier League,2526,2025-10-26 Bournemouth-Nottingham Forest,Bournemouth,Eli Junior Kroupi,1,2025,28858,2025-10-26 13:00:00,649374,73,11504,746434,Tyler Adams,0.03796818479895592,0.720999984741211,0.48200000762939454,39,Right Foot,Open Play,Goal
ENG-Premier League,2526,2025-10-26 Bournemouth-Nottingham Forest,Bournemouth,Justin Kluivert,1,2025,28858,2025-10-26 13:00:00,649364,73,6963,746439,Eli Junior Kroupi,0.07774975150823593,0.8619999694824219,0.62,7,Right Foot,Open Play,Blocked Shot
ENG-Premier League,2526,2025-10-26 Bournemouth-Nottingham Forest,Bournemouth,Marcus Tavernier,1,2025,28858,2025-10-26 13:00:00,649363,73,10741,746430,Alejandro Jiménez,0.021970804780721664,0.7709999847412109,0.32099998474121094,1,Left Foot,Open Play,Saved Shot
ENG-Premier League,2526,2025-10-26 Bournemouth-Nottingham Forest,Bournemouth,Marcus Tavernier,1,2025,28858,2025-10-26 13:00:00,649367,73,10741,,,0.04353350028395653,0.8159999847412109,0.4929999923706055,9,Left Foot,Open Play,Missed Shot
ENG-Premier League,2526,2025-10-26 Bournemouth-Nottingham Forest,Bournemouth,Marcus Tavernier,1,2025,28858,2025-10-26 13:00:00,649369,73,10741,,,0.010868429206311703,0.995,0.006000000238418579,24,Left Foot,From Corner,Goal
ENG-Premier League,2526,2025-10-26 Bournemouth-Nottingham Forest,Bournemouth,Marcus Tavernier,1,2025,28858,2025-10-26 13:00:00,649373,73,10741,,,0.06411422789096832,0.8580000305175781,0.6719999694824219,36,Left Foot,Open Play,Blocked Shot
ENG-Premier League,2526,2025-10-26 Bournemouth-Nottingham Forest,Nottingham Forest,Dan Ndoye,1,2025,28858,2025-10-26 13:00:00,649375,249,8662,746453,Igor Jesus,0.021245932206511497,0.7959999847412109,0.519000015258789,40,Left Foot,Open Play,Missed Shot
ENG-Premier League,2526,2025-10-26 Bournemouth-Nottingham Forest,Nottingham Forest,Morgan Gibbs-White,1,2025,28858,2025-10-26 13:00:00,649379,249,6857,746458,Omari Hutchinson,0.034106139093637466,0.8109999847412109,0.3820000076293945,76,Right Foot,Open Play,Saved Shot
ENG-Premier League,2526,2025-10-26 Bournemouth-Nottingham Forest,Nottingham Forest,Morgan Gibbs-White,1,2025,28858,2025-10-26 13:00:00,649380,249,6857,746449,Elliot Anderson,0.05223802477121353,0.94,0.5559999847412109,77,,From Corner,Blocked Shot
ENG-Premier League,2526,2025-10-26 Bournemouth-Nottingham Forest,Nottingham Forest,Neco Williams,1,2025,28858,2025-10-26 13:00:00,649368,249,8204,,,0.027926189824938774,0.799000015258789,0.4370000076293945,19,Left Foot,From Corner,Missed Shot
ENG-Premier League,2526,2025-10-26 Bournemouth-Nottingham Forest,Nottingham Forest,Neco Williams,1,2025,28858,2025-10-26 13:00:00,649370,249,8204,746452,Callum Hudson-Odoi,0.026414699852466583,0.8169999694824219,0.7030000305175781,27,Right Foot,Open Play,Saved Shot
ENG-Premier League,2526,2025-10-26 Bournemouth-Nottingham Forest,Nottingham Forest,Neco Williams,1,2025,28858,2025-10-26 13:00:00,649376,249,8204,746451,Morgan Gibbs-White,0.023081310093402863,0.7580000305175781,0.49900001525878906,47,Right Foot,Set Piece,Blocked Shot
ENG-Premier League,2526,2025-10-26 Bournemouth-Nottingham Forest,Nottingham Forest,Taiwo Awoniyi,1,2025,28858,2025-10-26 13:00:00,649378,249,7814,746449,Elliot Anderson,0.07173313200473785,0.9280000305175782,0.40900001525878904,76,Right Foot,Open Play,Saved Shot
ENG-Premier League,2526,2025-10-26 Bournemouth-Nottingham Forest,Nottingham Forest,Taiwo Awoniyi,1,2025,28858,2025-10-26 13:00:00,649382,249,7814,746454,Nicolás Domínguez,0.04874737933278084,0.889000015258789,0.700999984741211,84,Left Foot,Open Play,Saved Shot
ENG-Premier League,2526,2025-10-26 Everton-Tottenham,Everton,Beto,1,2025,28863,2025-10-26 15:30:00,649814,72,9983,,,0.5746387243270874,0.9519999694824218,0.46700000762939453,53,Right Foot,Open Play,Saved Shot
ENG-Premier League,2526,2025-10-26 Everton-Tottenham,Everton,Idrissa Gueye,1,2025,28863,2025-10-26 15:30:00,649819,72,668,746968,James Tarkowski,0.032558731734752655,0.8519999694824218,0.4229999923706055,73,Right Foot,Open Play,Blocked Shot
ENG-Premier League,2526,2025-10-26 Everton-Tottenham,Everton,Iliman Ndiaye,1,2025,28863,2025-10-26 15:30:00,649813,72,9307,746972,James Garner,0.07586800307035446,0.9180000305175782,0.4420000076293945,48,Right Foot,Open Play,Missed Shot
ENG-Premier League,2526,2025-10-26 Everton-Tottenham,Everton,Iliman Ndiaye,1,2025,28863,2025-10-26 15:30:00,649818,72,9307,746975,Jack Grealish,0.05390496924519539,0.8069999694824219,0.5170000076293946,72,Left Foot,Open Play,Saved Shot
ENG-Premier League,2526,2025-10-26 Everton-Tottenham,Everton,Jack Grealish,1,2025,28863,2025-10-26 15:30:00,649805,72,675,746976,Beto,0.3938571810722351,0.9590000152587891,0.6020000076293945,2,Left Foot,Open Play,Blocked Shot
ENG-Premier League,2526,2025-10-26 Everton-Tottenham,Everton,James Garner,1,2025,28863,2025-10-26 15:30:00,649808,72,7438,746975,Jack Grealish,0.014132481068372726,0.6940000152587891,0.49200000762939455,23,Right Foot,Open Play,Missed Shot
ENG-Premier League,2526,2025-10-26 Everton-Tottenham,Everton,James Garner,1,2025,28863,2025-10-26 15:30:00,649817,72,7438,746975,Jack Grealish,0.03287873417139053,0.855999984741211,0.6969999694824218,67,Right Foot,Set Piece,Missed Shot
ENG-Premier League,2526,2025-10-26 Everton-Tottenham,Everton,Kiernan Dewsbury-Hall,1,2025,28863,2025-10-26 15:30:00,649806,72,9739,,,0.05082811415195465,0.8919999694824219,0.33299999237060546,2,Left Foot,Open Play,Missed Shot
ENG-Premier League,2526,2025-10-26 Everton-Tottenham,Everton,Kiernan Dewsbury-Hall,1,2025,28863,2025-10-26 15:30:00,649812,72,9739,,,0.08305452018976212,0.970999984741211,0.5790000152587891,47,Left Foot,Open Play,Blocked Shot
ENG-Premier League,2526,2025-10-26 Everton-Tottenham,Everton,Merlin Röhl,1,2025,28863,2025-10-26 15:30:00,649821,72,11331,746974,Kiernan Dewsbury-Hall,0.07411415129899979,0.9530000305175781,0.4879999923706055,77,,From Corner,Missed Shot
ENG-Premier League,2526,2025-10-26 Everton-Tottenham,Everton,Thierno Barry,1,2025,28863,2025-10-26 15:30:00,649820,72,12916,746968,James Tarkowski,0.023833973333239555,0.765,0.5420000076293945,76,Left Foot,Open Play,Blocked Shot
ENG-Premier League,2526,2025-10-26 Everton-Tottenham,Everton,Vitalii Mykolenko,1,2025,28863,2025-10-26 15:30:00,649822,72,10291,746974,Kiernan Dewsbury-Hall,0.013551244512200356,0.7219999694824218,0.5420000076293945,81,Left Foot,Open Play,Blocked Shot
ENG-Premier League,2526,2025-10-26 Everton-Tottenham,Tottenham,Micky van de Ven,1,2025,28863,2025-10-26 15:30:00,649807,82,10050,746986,Rodrigo Bentancur,0.268822580575943,0.965,0.47900001525878905,18,,From Corner,Goal
ENG-Premier League,2526,2025-10-26 Everton-Tottenham,Tottenham,Micky van de Ven,1,2025,28863,2025-10-26 15:30:00,649811,82,10050,746981,Pedro Porro,0.6043665409088135,0.975,0.49400001525878906,50,,From Corner,Goal
ENG-Premier League,2526,2025-10-26 Everton-Tottenham,Tottenham,Mohammed Kudus,1,2025,28863,2025-10-26 15:30:00,649815,82,12027,,,0.06584076583385468,0.750999984741211,0.4979999923706055,59,Left Foot,Direct Freekick,Blocked Shot
ENG-Premier League,2526,2025-10-26 Everton-Tottenham,Tottenham,Pape Sarr,1,2025,28863,2025-10-26 15:30:00,649823,82,9021,746991,Richarlison,0.6374728679656982,0.955,0.47400001525878904,88,,Open Play,Goal
ENG-Premier League,2526,2025-10-26 Everton-Tottenham,Tottenham,Richarlison,1,2025,28863,2025-10-26 15:30:00,649816,82,6026,,,0.41355663537979126,0.9,0.3629999923706055,64,Right Foot,Open Play,Saved Shot
ENG-Premier League,2526,2025-10-26 Everton-Tottenham,Tottenham,Rodrigo Bentancur,1,2025,28863,2025-10-26 15:30:00,649809,82,6108,746990,Randal Kolo Muani,0.03265386447310448,0.8080000305175781,0.5829999923706055,34,Right Foot,From Corner,Missed Shot
ENG-Premier League,2526,2025-10-26 Everton-Tottenham,Tottenham,Rodrigo Bentancur,1,2025,28863,2025-10-26 15:30:00,649810,82,6108,,,0.07056132704019547,0.9540000152587891,0.44299999237060544,48,,From Corner,Missed Shot
ENG-Premier League,2526,2025-10-26 Wolverhampton Wanderers-Burnley,Burnley,Chimuanya Ugochukwu,1,2025,28867,2025-10-26 13:00:00,649525,92,9451,746676,Zian Flemming,0.21747750043869019,0.8569999694824219,0.585999984741211,24,Left Foot,Open Play,Blocked Shot
ENG-Premier League,2526,2025-10-26 Wolverhampton Wanderers-Burnley,Burnley,Florentino Luís,1,2025,28867,2025-10-26 13:00:00,649536,92,8969,,,0.04498454928398132,0.8,0.47900001525878905,61,Left Foot,Open Play,Blocked Shot
ENG-Premier League,2526,2025-10-26 Wolverhampton Wanderers-Burnley,Burnley,Jacob Bruun Larsen,1,2025,28867,2025-10-26 13:00:00,649535,92,5355,746675,Jaidon Anthony,0.032663311809301376,0.8319999694824218,0.67,60,Left Foot,Open Play,Blocked Shot
ENG-Premier League,2526,2025-10-26 Wolverhampton Wanderers-Burnley,Burnley,Jaidon Anthony,1,2025,28867,2025-10-26 13:00:00,649532,92,10746,,,0.06035414710640907,0.8369999694824218,0.44400001525878907,53,Right Foot,Open Play,Saved Shot
ENG-Premier League,2526,2025-10-26 Wolverhampton Wanderers-Burnley,Burnley,Josh Cullen,1,2025,28867,2025-10-26 13:00:00,649521,92,1018,,,0.01636342518031597,0.7780000305175782,0.28600000381469726,4,Right Foot,Open Play,Saved Shot
ENG-Premier League,2526,2025-10-26 Wolverhampton Wanderers-Burnley,Burnley,Josh Cullen,1,2025,28867,2025-10-26 13:00:00,649534,92,1018,,,0.036821506917476654,0.8190000152587891,0.43200000762939456,58,Right Foot,From Corner,Saved Shot
ENG-Premier League,2526,2025-10-26 Wolverhampton Wanderers-Burnley,Burnley,Lyle Foster,1,2025,28867,2025-10-26 13:00:00,649545,92,7498,746679,Hannibal Mejbri,0.3645867705345154,0.865999984741211,0.5470000076293945,94,Left Foot,Open Play,Goal
ENG-Premier League,2526,2025-10-26 Wolverhampton Wanderers-Burnley,Burnley,Quilindschy Hartman,1,2025,28867,2025-10-26 13:00:00,649542,92,13727,746677,Lyle Foster,0.013519439846277237,0.725,0.5709999847412109,80,Left Foot,Set Piece,Missed Shot
ENG-Premier League,2526,2025-10-26 Wolverhampton Wanderers-Burnley,Burnley,Zian Flemming,1,2025,28867,2025-10-26 13:00:00,649524,92,13729,746670,Quilindschy Hartman,0.0260381530970335,0.7869999694824219,0.375,13,Right Foot,Open Play,Goal
ENG-Premier League,2526,2025-10-26 Wolverhampton Wanderers-Burnley,Burnley,Zian Flemming,1,2025,28867,2025-10-26 13:00:00,649526,92,13729,746670,Quilindschy Hartman,0.6503903865814209,0.9540000152587891,0.48,29,Left Foot,Open Play,Goal
ENG-Premier League,2526,2025-10-26 Wolverhampton Wanderers-Burnley,Burnley,Zian Flemming,1,2025,28867,2025-10-26 13:00:00,649533,92,13729,746672,Florentino Luís,0.08224543184041977,0.860999984741211,0.6179999923706054,55,Right Foot,Open Play,Saved Shot
ENG-Premier League,2526,2025-10-26 Wolverhampton Wanderers-Burnley,Wolverhampton Wanderers,Hugo Bueno,1,2025,28867,2025-10-26 13:00:00,649539,229,10140,746660,Rodrigo Gomes,0.03145599365234375,0.7980000305175782,0.6220000076293946,73,Right Foot,Open Play,Missed Shot
ENG-Premier League,2526,2025-10-26 Wolverhampton Wanderers-Burnley,Wolverhampton Wanderers,Jean-Ricner Bellegarde,1,2025,28867,2025-10-26 13:00:00,649538,229,7762,,,0.029444869607686996,0.784000015258789,0.4,69,Left Foot,Open Play,Blocked Shot
ENG-Premier League,2526,2025-10-26 Wolverhampton Wanderers-Burnley,Wolverhampton Wanderers,Jean-Ricner Bellegarde,1,2025,28867,2025-10-26 13:00:00,649543,229,7762,,,0.05006751790642738,0.8230000305175781,0.4109999847412109,82,Left Foot,Open Play,Saved Shot
ENG-Premier League,2526,2025-10-26 Wolverhampton Wanderers-Burnley,Wolverhampton Wanderers,Jhon Arias,1,2025,28867,2025-10-26 13:00:00,649523,229,13741,,,0.6477687358856201,0.990999984741211,0.4420000076293945,6,Right Foot,Open Play,Missed Shot
ENG-Premier League,2526,2025-10-26 Wolverhampton Wanderers-Burnley,Wolverhampton Wanderers,Jhon Arias,1,2025,28867,2025-10-26 13:00:00,649537,229,13741,,,0.0614829920232296,0.7759999847412109,0.669000015258789,63,Right Foot,Direct Freekick,Shot On Post
ENG-Premier League,2526,2025-10-26 Wolverhampton Wanderers-Burnley,Wolverhampton Wanderers,João Gomes,1,2025,28867,2025-10-26 13:00:00,649541,229,11384,746664,Hee-Chan Hwang,0.011061720550060272,0.7040000152587891,0.6580000305175782,78,Right Foot,Open Play,Missed Shot
ENG-Premier League,2526,2025-10-26 Wolverhampton Wanderers-Burnley,Wolverhampton Wanderers,Jørgen Strand Larsen,1,2025,28867,2025-10-26 13:00:00,649530,229,11070,,,0.7611688375473022,0.885,0.5,41,Right Foot,,Goal
ENG-Premier League,2526,2025-10-26 Wolverhampton Wanderers-Burnley,Wolverhampton Wanderers,Jørgen Strand Larsen,1,2025,28867,2025-10-26 13:00:00,649540,229,11070,746662,Jackson Tchatchoua,0.024920044466853142,0.8590000152587891,0.5029999923706054,78,,Open Play,Saved Shot
ENG-Premier League,2526,2025-10-26 Wolverhampton Wanderers-Burnley,Wolverhampton Wanderers,Ladislav Krejcí,1,2025,28867,2025-10-26 13:00:00,649527,229,12721,746654,Hugo Bueno,0.05249253287911415,0.8640000152587891,0.445,32,Left Foot,Open Play,Blocked Shot
ENG-Premier League,2526,2025-10-26 Wolverhampton Wanderers-Burnley,Wolverhampton Wanderers,Marshall Munetsi,1,2025,28867,2025-10-26 13:00:00,649528,229,7908,746655,André,0.10960590094327927,0.905,0.534000015258789,33,,Open Play,Saved Shot
ENG-Premier League,2526,2025-10-26 Wolverhampton Wanderers-Burnley,Wolverhampton Wanderers,Marshall Munetsi,1,2025,28867,2025-10-26 13:00:00,649531,229,7908,746652,Ladislav Krejcí,0.5309239029884338,0.955999984741211,0.4979999923706055,48,,Open Play,Goal
ENG-Premier League,2526,2025-10-26 Wolverhampton Wanderers-Burnley,Wolverhampton Wanderers,Rodrigo Gomes,1,2025,28867,2025-10-26 13:00:00,649522,229,12756,,,0.11487399786710739,0.885,0.66,5,Left Foot,Open Play,Saved Shot
ENG-Premier League,2526,2025-10-26 Wolverhampton Wanderers-Burnley,Wolverhampton Wanderers,Rodrigo Gomes,1,2025,28867,2025-10-26 13:00:00,649529,229,12756,746658,Jhon Arias,0.030406543985009193,0.9209999847412109,0.6580000305175782,35,Right Foot,Open Play,Missed Shot
ENG-Premier League,2526,2025-10-26 Wolverhampton Wanderers-Burnley,Wolverhampton Wanderers,Rodrigo Gomes,1,2025,28867,2025-10-26 13:00:00,649544,229,12756,746654,Hugo Bueno,0.055764857679605484,0.8869999694824219,0.3679999923706055,82,Left Foot,Open Play,Missed Shot
ENG-Premier League,2526,2025-10-26 Wolverhampton Wanderers-Burnley,Wolverhampton Wanderers,Santiago Bueno,1,2025,28867,2025-10-26 13:00:00,649546,229,10945,746659,Jørgen Strand Larsen,0.06988377124071121,0.879000015258789,0.3840000152587891,95,Left Foot,Open Play,Saved Shot
