,,,,nation,pos,age,born,90s,SCA,SCA,SCA Types,SCA Types,SCA Types,SCA Types,SCA Types,SCA Types,GCA,GCA,GCA Types,GCA Types,GCA Types,GCA Types,GCA Types,GCA Types
,,,,,,,,,SCA,SCA90,PassLive,PassDead,TO,Sh,Fld,Def,GCA,GCA90,PassLive,PassDead,TO,Sh,Fld,Def
league,season,team,player,,,,,,,,,,,,,,,,,,,,,
ENG-Premier League,2324,Arsenal,Aaron Ramsdale,ENG,GK,25,1998,6.0,0,0.0,0,0,0,0,0,0,0,0.0,0,0,0,0,0,0
ENG-Premier League,2324,Arsenal,Ben White,ENG,DF,25,1997,33.2,86,2.59,76,5,1,2,0,2,7,0.21,6,0,0,1,0,0
ENG-Premier League,2324,Arsenal,Bukayo Saka,ENG,FW,21,2001,32.4,188,5.8,137,26,10,9,4,2,21,0.65,16,2,1,1,1,0
ENG-Premier League,2324,Arsenal,Cédric Soares,POR,DF,31,1991,0.7,0,0.0,0,0,0,0,0,0,0,0.0,0,0,0,0,0,0
ENG-Premier League,2324,Arsenal,David Raya,ESP,GK,27,1995,32.0,4,0.12,3,1,0,0,0,0,0,0.0,0,0,0,0,0,0
ENG-Premier League,2324,Arsenal,Declan Rice,ENG,MF,24,1999,35.8,100,2.79,71,16,3,5,0,5,12,0.33,6,5,0,1,0,0
ENG-Premier League,2324,Arsenal,Eddie Nketiah,ENG,FW,24,1999,12.0,28,2.33,17,0,3,5,3,0,8,0.67,3,0,1,1,3,0
ENG-Premier League,2324,Arsenal,Emile Smith Rowe,ENG,MF,23,2000,3.9,13,3.31,10,1,0,1,1,0,2,0.51,1,1,0,0,0,0
ENG-Premier League,2324,Arsenal,Ethan Nwaneri,ENG,FW,16,2007,0.2,1,6.43,1,0,0,0,0,0,0,0.0,0,0,0,0,0,0
ENG-Premier League,2324,Arsenal,Fabio Vieira,POR,"MF,FW",23,2000,3.3,12,3.64,7,1,0,1,3,0,5,1.52,1,1,0,0,3,0
ENG-Premier League,2324,Arsenal,Gabriel Jesus,BRA,FW,26,1997,16.4,59,3.59,37,1,9,5,3,4,8,0.49,4,1,1,1,1,0
ENG-Premier League,2324,Arsenal,Gabriel Magalhães,BRA,DF,25,1997,33.8,23,0.68,20,1,0,1,0,1,3,0.09,3,0,0,0,0,0
ENG-Premier League,2324,Arsenal,Gabriel Martinelli,BRA,FW,22,2001,22.4,92,4.1,63,6,12,8,1,2,11,0.49,7,1,1,2,0,0
ENG-Premier League,2324,Arsenal,Jakub Kiwior,POL,DF,23,2000,10.5,13,1.24,10,2,0,0,1,0,4,0.38,3,1,0,0,0,0
ENG-Premier League,2324,Arsenal,Jorginho,ITA,MF,31,1991,10.2,27,2.64,25,0,0,1,0,1,5,0.49,5,0,0,0,0,0
ENG-Premier League,2324,Arsenal,Jurriën Timber,NED,DF,22,2001,0.8,0,0.0,0,0,0,0,0,0,0,0.0,0,0,0,0,0,0
ENG-Premier League,2324,Arsenal,Kai Havertz,GER,"MF,FW",24,1999,29.3,106,3.62,87,0,3,8,6,2,22,0.75,16,0,2,2,2,0
ENG-Premier League,2324,Arsenal,Leandro Trossard,BEL,"FW,MF",28,1994,18.3,65,3.55,46,3,7,5,4,0,6,0.33,1,1,2,0,2,0
ENG-Premier League,2324,Arsenal,Martin Ødegaard,NOR,MF,24,1998,34.3,220,6.41,178,17,8,10,6,1,23,0.67,18,2,0,2,1,0
ENG-Premier League,2324,Arsenal,Mohamed Elneny,EGY,MF,31,1992,0.3,1,3.21,1,0,0,0,0,0,0,0.0,0,0,0,0,0,0
ENG-Premier League,2324,Arsenal,Oleksandr Zinchenko,UKR,DF,26,1996,19.1,67,3.5,64,1,1,1,0,0,6,0.31,5,1,0,0,0,0
ENG-Premier League,2324,Arsenal,Reiss Nelson,ENG,FW,23,1999,3.0,9,3.02,7,1,0,1,0,0,0,0.0,0,0,0,0,0,0
ENG-Premier League,2324,Arsenal,Takehiro Tomiyasu,JPN,DF,24,1998,12.8,17,1.33,16,0,0,1,0,0,2,0.16,2,0,0,0,0,0
ENG-Premier League,2324,Arsenal,Thomas Partey,GHA,"MF,DF",30,1993,8.8,25,2.86,24,0,0,0,1,0,4,0.46,4,0,0,0,0,0
ENG-Premier League,2324,Arsenal,William Saliba,FRA,DF,22,2001,38.0,29,0.76,26,0,1,2,0,0,3,0.08,3,0,0,0,0,0
ENG-Premier League,2324,Aston Villa,Bertrand Traoré,BFA,"DF,FW",27,1995,0.1,0,0.0,0,0,0,0,0,0,0,0.0,0,0,0,0,0,0
ENG-Premier League,2324,Aston Villa,Boubacar Kamara,FRA,MF,23,1999,18.4,38,2.07,33,0,0,2,1,2,3,0.16,3,0,0,0,0,0
ENG-Premier League,2324,Aston Villa,Calum Chambers,ENG,"MF,DF",28,1995,1.7,1,0.6,1,0,0,0,0,0,0,0.0,0,0,0,0,0,0
ENG-Premier League,2324,Aston Villa,Cameron Archer,ENG,MF,22,2001,0.1,0,0.0,0,0,0,0,0,0,0,0.0,0,0,0,0,0,0
ENG-Premier League,2324,Aston Villa,Clément Lenglet,FRA,DF,28,1995,12.8,15,1.17,11,1,0,3,0,0,1,0.08,1,0,0,0,0,0
ENG-Premier League,2324,Aston Villa,Diego Carlos,BRA,DF,30,1993,20.2,9,0.45,9,0,0,0,0,0,2,0.1,2,0,0,0,0,0
ENG-Premier League,2324,Aston Villa,Douglas Luiz,BRA,MF,25,1998,33.3,117,3.52,61,34,6,10,5,1,10,0.3,5,4,0,0,1,0
ENG-Premier League,2324,Aston Villa,Emiliano Martínez,ARG,GK,30,1992,33.5,3,0.09,3,0,0,0,0,0,1,0.03,1,0,0,0,0,0
ENG-Premier League,2324,Aston Villa,Ezri Konsa,ENG,DF,25,1997,34.1,34,1.0,25,1,2,2,3,1,6,0.18,3,1,0,0,1,1
ENG-Premier League,2324,Aston Villa,Finley Munroe,ENG,MF,18,2005,0.0,0,0.0,0,0,0,0,0,0,0,0.0,0,0,0,0,0,0
ENG-Premier League,2324,Aston Villa,Jacob Ramsey,ENG,"FW,MF",22,2001,9.5,29,3.06,23,2,1,2,0,1,3,0.32,2,1,0,0,0,0
ENG-Premier League,2324,Aston Villa,Jaden Philogene Bidace,ENG,FW,21,2002,0.0,0,0.0,0,0,0,0,0,0,0,0.0,0,0,0,0,0,0
ENG-Premier League,2324,Aston Villa,John McGinn,SCO,"MF,FW",28,1994,33.3,106,3.18,88,9,6,2,1,0,14,0.42,11,1,2,0,0,0
ENG-Premier League,2324,Aston Villa,Jáder Durán,COL,"FW,MF",19,2003,5.3,12,2.27,8,0,1,1,1,1,4,0.76,1,0,1,0,1,1
ENG-Premier League,2324,Aston Villa,Kaine Kesler-Hayden,ENG,"MF,DF",20,2002,0.1,0,0.0,0,0,0,0,0,0,0,0.0,0,0,0,0,0,0
ENG-Premier League,2324,Aston Villa,Leander Dendoncker,BEL,MF,28,1995,1.3,2,1.51,1,0,0,0,1,0,1,0.76,0,0,0,0,1,0
ENG-Premier League,2324,Aston Villa,Leon Bailey,JAM,"MF,FW",25,1997,23.0,97,4.22,70,7,9,7,3,1,11,0.48,7,1,1,2,0,0
ENG-Premier League,2324,Aston Villa,Lucas Digne,FRA,DF,30,1993,26.8,74,2.76,48,19,0,3,3,1,4,0.15,4,0,0,0,0,0
ENG-Premier League,2324,Aston Villa,Matty Cash,POL,DF,25,1997,23.8,44,1.85,34,1,0,6,2,1,8,0.34,7,0,0,0,1,0
ENG-Premier League,2324,Aston Villa,Morgan Rogers,ENG,"MF,FW",21,2002,7.1,23,3.25,18,0,3,0,2,0,4,0.57,2,0,1,0,1,0
ENG-Premier League,2324,Aston Villa,Moussa Diaby,FRA,"FW,MF",24,1999,24.2,80,3.31,64,1,6,7,2,0,10,0.41,9,0,1,0,0,0
ENG-Premier League,2324,Aston Villa,Nicolò Zaniolo,ITA,"FW,MF",24,1999,9.3,30,3.23,20,0,2,6,1,1,3,0.32,3,0,0,0,0,0
ENG-Premier League,2324,Aston Villa,Ollie Watkins,ENG,FW,27,1995,35.7,100,2.8,70,0,7,18,4,1,26,0.73,15,0,2,7,2,0
ENG-Premier League,2324,Aston Villa,Omari Kellyman,ENG,FW,17,2005,0.4,0,0.0,0,0,0,0,0,0,0,0.0,0,0,0,0,0,0
ENG-Premier League,2324,Aston Villa,Pau Torres,ESP,DF,26,1997,27.4,23,0.84,22,1,0,0,0,0,1,0.04,1,0,0,0,0,0
ENG-Premier League,2324,Aston Villa,Philippe Coutinho,BRA,"MF,FW",31,1992,0.3,2,7.2,1,0,1,0,0,0,0,0.0,0,0,0,0,0,0
ENG-Premier League,2324,Aston Villa,Robin Olsen,SWE,GK,33,1990,4.5,0,0.0,0,0,0,0,0,0,0,0.0,0,0,0,0,0,0
ENG-Premier League,2324,Aston Villa,Tim Iroegbunam,ENG,MF,20,2003,1.8,0,0.0,0,0,0,0,0,0,0,0.0,0,0,0,0,0,0
ENG-Premier League,2324,Aston Villa,Tyrone Mings,ENG,DF,30,1993,0.3,2,6.0,1,0,0,0,0,1,0,0.0,0,0,0,0,0,0
ENG-Premier League,2324,Aston Villa,Youri Tielemans,BEL,"MF,FW",26,1997,18.0,49,2.72,40,1,1,3,2,2,16,0.89,14,0,0,1,0,1
ENG-Premier League,2324,Aston Villa,Álex Moreno,ESP,DF,30,1993,11.5,22,1.92,19,0,2,1,0,0,1,0.09,1,0,0,0,0,0
ENG-Premier League,2324,Bournemouth,Adam Smith,ENG,DF,32,1991,23.9,31,1.3,26,4,0,0,1,0,5,0.21,5,0,0,0,0,0
ENG-Premier League,2324,Bournemouth,Alex Scott,ENG,MF,19,2003,11.3,44,3.91,32,5,2,2,2,1,3,0.27,2,0,1,0,0,0
ENG-Premier League,2324,Bournemouth,Antoine Semenyo,GHA,FW,23,2000,23.4,72,3.08,50,0,11,9,1,1,7,0.3,4,0,0,1,1,1
ENG-Premier League,2324,Bournemouth,Chris Mepham,WAL,DF,25,1997,6.9,11,1.6,8,1,0,0,0,2,2,0.29,2,0,0,0,0,0
ENG-Premier League,2324,Bournemouth,Dango Ouattara,BFA,"FW,DF",21,2002,13.7,45,3.3,34,1,4,2,1,3,3,0.22,3,0,0,0,0,0
ENG-Premier League,2324,Bournemouth,David Brooks,WAL,"FW,MF",26,1997,3.1,20,6.41,16,1,1,1,1,0,3,0.96,2,0,1,0,0,0
ENG-Premier League,2324,Bournemouth,Dominic Sadi,ENG,FW,19,2003,0.0,0,0.0,0,0,0,0,0,0,0,0.0,0,0,0,0,0,0
ENG-Premier League,2324,Bournemouth,Dominic Solanke,ENG,FW,25,1997,36.9,79,2.14,61,0,6,5,4,3,6,0.16,4,0,2,0,0,0
ENG-Premier League,2324,Bournemouth,Enes Ünal,TUR,"FW,MF",26,1997,3.6,12,3.28,4,0,1,5,1,1,3,0.82,1,0,0,2,0,0
ENG-Premier League,2324,Bournemouth,Hamed Junior Traorè,CIV,MF,23,2000,0.5,4,7.66,1,0,2,1,0,0,0,0.0,0,0,0,0,0,0
ENG-Premier League,2324,Bournemouth,Illia Zabarnyi,UKR,DF,20,2002,37.0,27,0.73,26,0,0,1,0,0,1,0.03,1,0,0,0,0,0
ENG-Premier League,2324,Bournemouth,Ionuț Radu,ROU,GK,26,1997,2.0,0,0.0,0,0,0,0,0,0,0,0.0,0,0,0,0,0,0
ENG-Premier League,2324,Bournemouth,Jaidon Anthony,ENG,FW,23,1999,1.7,3,1.78,2,0,1,0,0,0,0,0.0,0,0,0,0,0,0
ENG-Premier League,2324,Bournemouth,James Hill,ENG,DF,21,2002,0.8,1,1.18,1,0,0,0,0,0,0,0.0,0,0,0,0,0,0
ENG-Premier League,2324,Bournemouth,Joe Rothwell,ENG,MF,28,1995,4.3,12,2.8,6,3,1,1,1,0,1,0.23,1,0,0,0,0,0
ENG-Premier League,2324,Bournemouth,Justin Kluivert,NED,"MF,FW",24,1999,21.3,59,2.77,37,0,9,6,4,3,5,0.23,3,0,1,0,0,1
ENG-Premier League,2324,Bournemouth,Kieffer Moore,WAL,"FW,MF",30,1992,1.2,5,4.17,5,0,0,0,0,0,0,0.0,0,0,0,0,0,0
ENG-Premier League,2324,Bournemouth,Lewis Cook,ENG,MF,26,1997,31.0,77,2.49,48,22,2,2,0,3,4,0.13,3,0,0,0,0,1
ENG-Premier League,2324,Bournemouth,Lloyd Kelly,ENG,DF,24,1998,17.3,29,1.67,24,2,1,0,1,1,3,0.17,3,0,0,0,0,0
ENG-Premier League,2324,Bournemouth,Luis Sinisterra,COL,"FW,MF",24,1999,7.8,42,5.42,27,0,9,4,0,2,3,0.39,0,0,0,3,0,0
ENG-Premier League,2324,Bournemouth,Marcos Senesi,ARG,DF,26,1997,24.9,49,1.97,44,0,0,2,1,2,8,0.32,8,0,0,0,0,0
ENG-Premier League,2324,Bournemouth,Marcus Tavernier,ENG,FW,24,1999,23.5,101,4.29,72,14,5,5,4,1,9,0.38,6,2,0,0,1,0
ENG-Premier League,2324,Bournemouth,Mark Travers,IRL,GK,24,1999,4.0,2,0.5,1,1,0,0,0,0,0,0.0,0,0,0,0,0,0
ENG-Premier League,2324,Bournemouth,Max Aarons,ENG,DF,23,2000,13.7,23,1.68,16,4,0,0,3,0,2,0.15,2,0,0,0,0,0
ENG-Premier League,2324,Bournemouth,Milos Kerkez,HUN,DF,19,2003,21.9,32,1.46,25,0,0,4,2,1,4,0.18,2,0,0,0,1,1
ENG-Premier League,2324,Bournemouth,Neto,BRA,GK,34,1989,32.0,5,0.16,4,1,0,0,0,0,0,0.0,0,0,0,0,0,0
ENG-Premier League,2324,Bournemouth,Philip Billing,DEN,MF,27,1996,15.5,46,2.96,40,2,1,2,1,0,5,0.32,5,0,0,0,0,0
ENG-Premier League,2324,Bournemouth,Romain Faivre,FRA,"MF,FW",25,1998,0.5,1,2.2,0,0,1,0,0,0,0,0.0,0,0,0,0,0,0
ENG-Premier League,2324,Bournemouth,Ryan Christie,SCO,MF,28,1995,32.3,117,3.62,88,8,7,5,6,3,6,0.19,5,1,0,0,0,0
ENG-Premier League,2324,Bournemouth,Tyler Adams,USA,MF,24,1999,1.3,3,2.25,2,1,0,0,0,0,0,0.0,0,0,0,0,0,0
ENG-Premier League,2324,Brentford,Aaron Hickey,SCO,DF,21,2002,7.9,7,0.88,6,0,0,0,1,0,0,0.0,0,0,0,0,0,0
ENG-Premier League,2324,Brentford,Ben Mee,ENG,DF,33,1989,14.1,14,0.99,11,1,0,2,0,0,1,0.07,0,0,0,1,0,0
ENG-Premier League,2324,Brentford,Bryan Mbeumo,CMR,FW,23,1999,21.8,82,3.77,45,23,2,5,7,0,10,0.46,9,1,0,0,0,0
ENG-Premier League,2324,Brentford,Christian Nørgaard,DEN,MF,29,1994,27.8,63,2.26,48,8,0,3,2,2,3,0.11,3,0,0,0,0,0
ENG-Premier League,2324,Brentford,Ethan Pinnock,JAM,DF,30,1993,28.0,24,0.86,16,1,0,6,0,1,1,0.04,1,0,0,0,0,0
ENG-Premier League,2324,Brentford,Frank Onyeka,NGA,MF,25,1998,12.9,32,2.48,22,0,2,3,4,1,1,0.08,0,0,0,1,0,0
ENG-Premier League,2324,Brentford,Ivan Toney,ENG,FW,27,1996,16.1,39,2.42,22,5,4,4,4,0,6,0.37,4,0,1,1,0,0
ENG-Premier League,2324,Brentford,Josh Dasilva,ENG,"DF,FW",24,1998,0.3,1,3.75,1,0,0,0,0,0,0,0.0,0,0,0,0,0,0
ENG-Premier League,2324,Brentford,Keane Lewis-Potter,ENG,"FW,DF",22,2001,16.0,33,2.06,21,0,6,4,2,0,2,0.12,1,0,0,1,0,0
ENG-Premier League,2324,Brentford,Kevin Schade,GER,"FW,MF",21,2001,3.7,12,3.22,8,0,1,1,2,0,3,0.81,2,0,0,0,1,0
ENG-Premier League,2324,Brentford,Kristoffer Ajer,NOR,DF,25,1998,20.4,27,1.33,24,0,1,2,0,0,3,0.15,3,0,0,0,0,0
ENG-Premier League,2324,Brentford,Mads Roerslev,DEN,DF,24,1999,22.1,33,1.5,29,0,3,0,0,1,3,0.14,3,0,0,0,0,0
ENG-Premier League,2324,Brentford,Mark Flekken,NED,GK,30,1993,36.5,10,0.27,3,7,0,0,0,0,3,0.08,1,2,0,0,0,0
ENG-Premier League,2324,Brentford,Mathias Jensen,DEN,MF,27,1996,24.5,87,3.55,48,35,0,0,3,1,8,0.33,5,2,0,0,1,0
ENG-Premier League,2324,Brentford,Mathias Jørgensen,DEN,DF,33,1990,12.1,12,0.99,11,0,0,1,0,0,0,0.0,0,0,0,0,0,0
ENG-Premier League,2324,Brentford,Michael Olakigbe,ENG,"DF,FW",19,2004,0.7,3,4.58,2,0,1,0,0,0,0,0.0,0,0,0,0,0,0
ENG-Premier League,2324,Brentford,Mikkel Damsgaard,DEN,MF,23,2000,9.4,26,2.78,18,3,0,3,1,1,5,0.54,3,0,0,1,1,0
ENG-Premier League,2324,Brentford,Myles Peart-Harris,ENG,"DF,MF",20,2002,0.1,1,6.92,1,0,0,0,0,0,0,0.0,0,0,0,0,0,0
ENG-Premier League,2324,Brentford,Nathan Collins,IRL,DF,22,2001,29.5,24,0.81,22,0,0,1,0,1,2,0.07,2,0,0,0,0,0
ENG-Premier League,2324,Brentford,Neal Maupay,FRA,FW,26,1996,14.7,40,2.72,31,0,2,6,0,1,5,0.34,5,0,0,0,0,0
ENG-Premier League,2324,Brentford,Rico Henry,ENG,DF,26,1997,4.5,13,2.92,10,0,3,0,0,0,3,0.67,2,0,1,0,0,0
ENG-Premier League,2324,Brentford,Saman Ghoddos,IRN,DF,29,1993,8.2,20,2.44,10,5,1,0,3,1,0,0.0,0,0,0,0,0,0
ENG-Premier League,2324,Brentford,Sergio Reguilón,ESP,DF,26,1996,12.4,35,2.82,20,11,1,2,1,0,6,0.48,2,2,0,2,0,0
ENG-Premier League,2324,Brentford,Shandon Baptiste,GRN,MF,25,1998,2.5,5,1.96,4,0,1,0,0,0,1,0.39,1,0,0,0,0,0
ENG-Premier League,2324,Brentford,Thomas Strakosha,ALB,GK,28,1995,1.5,0,0.0,0,0,0,0,0,0,0,0.0,0,0,0,0,0,0
ENG-Premier League,2324,Brentford,Vitaly Janelt,GER,"MF,DF",25,1998,33.9,80,2.36,69,2,1,3,3,2,4,0.12,3,0,0,0,1,0
ENG-Premier League,2324,Brentford,Yehor Yarmoliuk,UKR,MF,19,2004,7.6,17,2.22,12,0,1,2,2,0,1,0.13,1,0,0,0,0,0
ENG-Premier League,2324,Brentford,Yoane Wissa,COD,FW,26,1996,27.7,64,2.31,43,1,4,7,7,2,10,0.36,6,0,1,1,2,0
ENG-Premier League,2324,Brighton,Adam Lallana,ENG,"MF,FW",35,1988,9.4,28,2.96,27,0,0,0,1,0,1,0.11,1,0,0,0,0,0
ENG-Premier League,2324,Brighton,Adam Webster,ENG,DF,28,1995,12.7,14,1.1,13,0,0,1,0,0,0,0.0,0,0,0,0,0,0
ENG-Premier League,2324,Brighton,Ansu Fati,ESP,"MF,FW",20,2002,5.8,23,3.96,16,0,1,5,0,1,3,0.52,2,0,0,1,0,0
ENG-Premier League,2324,Brighton,Bart Verbruggen,NED,GK,20,2002,21.0,3,0.14,3,0,0,0,0,0,0,0.0,0,0,0,0,0,0
ENG-Premier League,2324,Brighton,Benicio Boaitey,ENG,"FW,DF",19,2004,0.4,2,4.5,1,0,0,1,0,0,0,0.0,0,0,0,0,0,0
ENG-Premier League,2324,Brighton,Billy Gilmour,SCO,MF,22,2001,23.6,69,2.93,59,5,0,2,3,0,6,0.25,5,0,0,1,0,0
ENG-Premier League,2324,Brighton,Carlos Baleba,CMR,MF,19,2004,14.7,17,1.15,16,0,0,1,0,0,1,0.07,1,0,0,0,0,0
ENG-Premier League,2324,Brighton,Danny Welbeck,ENG,"FW,MF",32,1990,18.8,71,3.77,52,0,3,11,5,0,7,0.37,3,0,0,2,2,0
ENG-Premier League,2324,Brighton,Evan Ferguson,IRL,FW,18,2004,15.2,22,1.45,15,0,2,1,3,1,1,0.07,0,0,0,0,1,0
ENG-Premier League,2324,Brighton,Facundo Buonanotte,ARG,"FW,MF",18,2004,15.2,38,2.51,26,1,2,3,5,1,2,0.13,2,0,0,0,0,0
ENG-Premier League,2324,Brighton,Igor,BRA,DF,25,1998,18.2,25,1.38,21,2,1,0,0,1,2,0.11,2,0,0,0,0,0
ENG-Premier League,2324,Brighton,Jack Hinshelwood,ENG,DF,18,2005,9.7,14,1.45,11,0,0,3,0,0,0,0.0,0,0,0,0,0,0
ENG-Premier League,2324,Brighton,Jakub Moder,POL,"MF,DF",24,1999,6.9,13,1.89,11,0,1,1,0,0,1,0.15,1,0,0,0,0,0
ENG-Premier League,2324,Brighton,James Milner,ENG,"DF,MF",37,1986,8.6,24,2.79,20,4,0,0,0,0,2,0.23,0,2,0,0,0,0
ENG-Premier League,2324,Brighton,Jan Paul van Hecke,NED,DF,23,2000,26.3,37,1.41,35,0,0,1,0,1,3,0.11,3,0,0,0,0,0
ENG-Premier League,2324,Brighton,Jason Steele,ENG,GK,32,1990,17.0,0,0.0,0,0,0,0,0,0,0,0.0,0,0,0,0,0,0
ENG-Premier League,2324,Brighton,João Pedro,BRA,"FW,MF",21,2001,22.7,91,4.01,64,0,7,10,9,1,11,0.48,5,0,2,2,2,0
ENG-Premier League,2324,Brighton,Joël Veltman,NED,DF,31,1992,17.6,18,1.02,12,2,0,0,3,1,1,0.06,1,0,0,0,0,0
ENG-Premier League,2324,Brighton,Julio Enciso,PAR,"MF,FW",19,2004,5.3,23,4.34,15,0,5,3,0,0,2,0.38,2,0,0,0,0,0
ENG-Premier League,2324,Brighton,Kaoru Mitoma,JPN,FW,26,1997,16.5,62,3.76,47,0,10,3,2,0,10,0.61,6,0,3,1,0,0
ENG-Premier League,2324,Brighton,Lewis Dunk,ENG,DF,31,1991,31.9,48,1.51,39,3,0,6,0,0,7,0.22,6,0,0,1,0,0
ENG-Premier League,2324,Brighton,Mahmoud Dahoud,GER,MF,27,1996,5.0,13,2.59,13,0,0,0,0,0,2,0.4,2,0,0,0,0,0
ENG-Premier League,2324,Brighton,Mark O'Mahony,IRL,FW,18,2005,0.7,0,0.0,0,0,0,0,0,0,0,0.0,0,0,0,0,0,0
ENG-Premier League,2324,Brighton,Odeluga Offiah,ENG,DF,20,2002,1.4,4,2.81,3,1,0,0,0,0,0,0.0,0,0,0,0,0,0
ENG-Premier League,2324,Brighton,Pascal Groß,GER,"MF,DF",32,1991,34.6,185,5.35,114,54,5,9,2,1,16,0.46,9,2,4,1,0,0
ENG-Premier League,2324,Brighton,Pervis Estupiñán,ECU,DF,25,1998,13.8,42,3.04,37,3,1,1,0,0,2,0.14,2,0,0,0,0,0
ENG-Premier League,2324,Brighton,Simon Adingra,CIV,FW,21,2002,24.7,77,3.12,51,1,13,7,3,2,4,0.16,3,0,0,0,0,1
ENG-Premier League,2324,Brighton,Solly March,ENG,"FW,DF",29,1994,6.2,22,3.57,8,8,2,1,2,1,2,0.32,0,1,0,0,1,0
ENG-Premier League,2324,Brighton,Tariq Lamptey,GHA,"DF,FW",22,2000,10.2,17,1.68,15,0,1,1,0,0,3,0.3,3,0,0,0,0,0
ENG-Premier League,2324,Brighton,Valentín Barco,ARG,"DF,FW",19,2004,3.4,8,2.35,5,3,0,0,0,0,0,0.0,0,0,0,0,0,0
ENG-Premier League,2324,Burnley,Aaron Ramsey,ENG,"MF,FW",20,2003,5.9,5,0.85,5,0,0,0,0,0,0,0.0,0,0,0,0,0,0
ENG-Premier League,2324,Burnley,Ameen Al-Dakhil,BEL,DF,21,2002,11.7,8,0.68,5,0,1,2,0,0,1,0.09,1,0,0,0,0,0
ENG-Premier League,2324,Burnley,Anass Zaroury,MAR,"FW,MF",22,2000,1.7,2,1.18,1,1,0,0,0,0,0,0.0,0,0,0,0,0,0
ENG-Premier League,2324,Burnley,Arijanet Muric,KVX,GK,24,1998,10.0,6,0.6,5,1,0,0,0,0,1,0.1,1,0,0,0,0,0
ENG-Premier League,2324,Burnley,Benson Manuel,ANG,"MF,FW",26,1997,1.3,6,4.7,3,0,2,0,1,0,0,0.0,0,0,0,0,0,0
ENG-Premier League,2324,Burnley,Charlie Taylor,ENG,DF,29,1993,25.9,34,1.31,30,0,0,2,1,1,2,0.08,1,0,0,1,0,0
ENG-Premier League,2324,Burnley,Connor Roberts,WAL,DF,27,1995,9.1,18,1.97,13,5,0,0,0,0,3,0.33,3,0,0,0,0,0
ENG-Premier League,2324,Burnley,Dara O'Shea,IRL,DF,24,1999,32.1,32,1.0,27,0,0,3,1,1,6,0.19,6,0,0,0,0,0
ENG-Premier League,2324,Burnley,David Datro Fofana,CIV,FW,20,2002,9.8,18,1.84,8,0,4,4,1,1,2,0.2,0,0,2,0,0,0
ENG-Premier League,2324,Burnley,Han-Noah Massengo,FRA,"MF,DF",22,2001,0.2,0,0.0,0,0,0,0,0,0,0,0.0,0,0,0,0,0,0
ENG-Premier League,2324,Burnley,Hannes Delcroix,HAI,DF,24,1999,6.5,7,1.07,7,0,0,0,0,0,0,0.0,0,0,0,0,0,0
ENG-Premier League,2324,Burnley,Hjalmar Ekdal,SWE,DF,24,1998,4.9,2,0.41,2,0,0,0,0,0,0,0.0,0,0,0,0,0,0
ENG-Premier League,2324,Burnley,Jack Cork,ENG,MF,34,1989,0.3,1,3.33,1,0,0,0,0,0,0,0.0,0,0,0,0,0,0
ENG-Premier League,2324,Burnley,Jacob Bruun Larsen,DEN,"MF,FW",24,1998,13.9,46,3.31,32,11,1,1,1,0,0,0.0,0,0,0,0,0,0
ENG-Premier League,2324,Burnley,James Trafford,ENG,GK,20,2002,28.0,7,0.25,3,4,0,0,0,0,1,0.04,0,1,0,0,0,0
ENG-Premier League,2324,Burnley,Jay Rodriguez,ENG,FW,34,1989,9.1,13,1.42,7,0,2,4,0,0,1,0.11,1,0,0,0,0,0
ENG-Premier League,2324,Burnley,Jordan Beyer,GER,DF,23,2000,13.7,10,0.73,10,0,0,0,0,0,1,0.07,1,0,0,0,0,0
ENG-Premier League,2324,Burnley,Josh Brownhill,ENG,MF,27,1995,25.0,70,2.8,43,19,1,3,3,1,6,0.24,5,1,0,0,0,0
ENG-Premier League,2324,Burnley,Josh Cullen,IRL,MF,27,1996,22.9,66,2.89,56,6,0,1,2,1,8,0.35,6,2,0,0,0,0
ENG-Premier League,2324,Burnley,Jóhann Berg Guðmundsson,ISL,"MF,FW",32,1990,13.2,50,3.78,28,17,0,2,3,0,5,0.38,3,2,0,0,0,0
ENG-Premier League,2324,Burnley,Lorenz Assignon,TOG,DF,23,2000,13.7,23,1.68,18,3,1,0,1,0,2,0.15,2,0,0,0,0,0
ENG-Premier League,2324,Burnley,Luca Koleosho,ITA,"MF,FW",18,2004,10.8,28,2.59,12,0,11,2,3,0,6,0.56,2,0,3,0,1,0
ENG-Premier League,2324,Burnley,Lyle Foster,RSA,"FW,MF",22,2000,21.1,41,1.95,35,0,2,3,1,0,4,0.19,4,0,0,0,0,0
ENG-Premier League,2324,Burnley,Maxime Estève,FRA,DF,21,2002,14.5,8,0.55,6,0,0,0,2,0,1,0.07,1,0,0,0,0,0
ENG-Premier League,2324,Burnley,Michael Obafemi,IRL,"FW,MF",23,2000,0.2,1,4.29,1,0,0,0,0,0,1,4.29,1,0,0,0,0,0
ENG-Premier League,2324,Burnley,Mike Trésor,BEL,"FW,MF",24,1999,4.7,10,2.14,4,5,1,0,0,0,0,0.0,0,0,0,0,0,0
ENG-Premier League,2324,Burnley,Nathan Redmond,ENG,"FW,MF",29,1994,1.6,8,5.07,6,0,1,0,1,0,1,0.63,1,0,0,0,0,0
ENG-Premier League,2324,Burnley,Sander Berge,NOR,MF,25,1998,33.4,67,2.01,63,0,3,0,1,0,8,0.24,7,0,1,0,0,0
ENG-Premier League,2324,Burnley,Vitinho,BRA,"DF,MF",24,1999,25.7,44,1.71,33,2,4,3,1,1,6,0.23,5,0,0,0,1,0
ENG-Premier League,2324,Burnley,Wilson Odobert,FRA,"MF,FW",18,2004,23.3,76,3.26,55,0,10,8,3,0,4,0.17,3,0,0,1,0,0
ENG-Premier League,2324,Burnley,Zeki Amdouni,SUI,FW,22,2000,21.7,50,2.3,30,0,5,7,5,3,4,0.18,1,0,2,0,1,0
ENG-Premier League,2324,Chelsea,Alex Matos,ENG,MF,18,2004,0.0,0,0.0,0,0,0,0,0,0,0,0.0,0,0,0,0,0,0
ENG-Premier League,2324,Chelsea,Alfie Gilchrist,ENG,DF,19,2003,2.3,3,1.31,2,1,0,0,0,0,0,0.0,0,0,0,0,0,0
ENG-Premier League,2324,Chelsea,Armando Broja,ALB,FW,21,2001,5.0,8,1.59,5,0,1,0,2,0,1,0.2,0,0,0,0,1,0
ENG-Premier League,2324,Chelsea,Axel Disasi,FRA,DF,25,1998,28.7,13,0.45,13,0,0,0,0,0,0,0.0,0,0,0,0,0,0
ENG-Premier League,2324,Chelsea,Ben Chilwell,ENG,DF,26,1996,8.4,22,2.62,11,8,0,1,2,0,2,0.24,1,0,0,1,0,0
ENG-Premier League,2324,Chelsea,Benoît Badiashile,FRA,DF,22,2001,14.9,23,1.55,18,0,0,2,1,2,3,0.2,3,0,0,0,0,0
ENG-Premier League,2324,Chelsea,Carney Chukwuemeka,ENG,"MF,FW",19,2003,2.5,9,3.57,7,0,1,1,0,0,4,1.59,2,0,1,1,0,0
ENG-Premier League,2324,Chelsea,Cesare Casadei,ITA,"FW,MF",20,2003,0.9,4,4.62,2,0,0,0,1,1,0,0.0,0,0,0,0,0,0
ENG-Premier League,2324,Chelsea,Christopher Nkunku,FRA,"FW,MF",25,1997,4.9,13,2.65,10,0,1,1,1,0,1,0.2,1,0,0,0,0,0
ENG-Premier League,2324,Chelsea,Cole Palmer,ENG,"FW,MF",21,2002,29.0,162,5.59,116,12,14,10,5,5,26,0.9,20,0,1,2,1,2
ENG-Premier League,2324,Chelsea,Conor Gallagher,ENG,MF,23,2000,34.8,109,3.14,78,15,5,4,1,6,14,0.4,7,5,0,1,0,1
ENG-Premier League,2324,Chelsea,Deivid Washington,BRA,"DF,FW",18,2005,0.1,0,0.0,0,0,0,0,0,0,0,0.0,0,0,0,0,0,0
ENG-Premier League,2324,Chelsea,Enzo Fernández,ARG,MF,22,2001,24.5,82,3.34,69,5,0,3,5,0,7,0.29,5,1,0,0,1,0
ENG-Premier League,2324,Chelsea,Ian Maatsen,NED,"FW,MF",21,2002,2.3,5,2.15,3,1,0,1,0,0,0,0.0,0,0,0,0,0,0
ENG-Premier League,2324,Chelsea,Jimi Tauriainen,ENG,FW,19,2004,0.0,0,0.0,0,0,0,0,0,0,0,0.0,0,0,0,0,0,0
ENG-Premier League,2324,Chelsea,Joshua Acheampong,ENG,DF,17,2006,0.1,1,15.0,0,1,0,0,0,0,0,0.0,0,0,0,0,0,0
ENG-Premier League,2324,Chelsea,Lesley Ugochukwu,FRA,MF,19,2004,3.3,5,1.5,5,0,0,0,0,0,0,0.0,0,0,0,0,0,0
ENG-Premier League,2324,Chelsea,Levi Colwill,ENG,DF,20,2003,20.0,27,1.35,21,1,1,4,0,0,3,0.15,3,0,0,0,0,0
ENG-Premier League,2324,Chelsea,Malo Gusto,FRA,DF,20,2003,19.5,52,2.67,47,2,1,0,0,2,7,0.36,7,0,0,0,0,0
ENG-Premier League,2324,Chelsea,Marc Cucurella,ESP,DF,25,1998,19.8,35,1.77,28,1,1,1,4,0,3,0.15,2,0,0,0,1,0
ENG-Premier League,2324,Chelsea,Mason Burstow,ENG,FW,19,2003,0.1,0,0.0,0,0,0,0,0,0,0,0.0,0,0,0,0,0,0
ENG-Premier League,2324,Chelsea,Moisés Caicedo,ECU,MF,21,2001,31.8,66,2.07,52,0,3,1,6,4,12,0.38,11,0,0,0,0,1
ENG-Premier League,2324,Chelsea,Mykhailo Mudryk,UKR,FW,22,2001,17.5,60,3.43,39,10,7,1,3,0,9,0.51,3,1,2,1,2,0
ENG-Premier League,2324,Chelsea,Nicolas Jackson,SEN,FW,22,2001,31.1,95,3.05,60,1,18,8,6,2,11,0.35,7,0,2,2,0,0
ENG-Premier League,2324,Chelsea,Noni Madueke,ENG,FW,21,2002,11.7,51,4.35,34,1,8,2,6,0,8,0.68,4,0,1,0,3,0
ENG-Premier League,2324,Chelsea,Raheem Sterling,ENG,"FW,MF",28,1994,22.0,85,3.87,55,0,15,4,7,4,14,0.64,7,0,4,0,3,0
ENG-Premier League,2324,Chelsea,Reece James,ENG,DF,23,1999,4.7,15,3.22,13,1,0,1,0,0,3,0.64,2,0,0,1,0,0
ENG-Premier League,2324,Chelsea,Robert Sánchez,ESP,GK,25,1997,15.9,2,0.13,1,1,0,0,0,0,0,0.0,0,0,0,0,0,0
ENG-Premier League,2324,Chelsea,Roméo Lavia,BEL,MF,19,2004,0.4,0,0.0,0,0,0,0,0,0,0,0.0,0,0,0,0,0,0
ENG-Premier League,2324,Chelsea,Thiago Silva,BRA,DF,38,1984,28.1,27,0.96,25,1,0,1,0,0,4,0.14,3,0,0,1,0,0
ENG-Premier League,2324,Chelsea,Trevoh Chalobah,ENG,DF,24,1999,10.6,5,0.47,5,0,0,0,0,0,1,0.09,1,0,0,0,0,0
ENG-Premier League,2324,Chelsea,Đorđe Petrović,SRB,GK,23,1999,22.1,1,0.05,1,0,0,0,0,0,0,0.0,0,0,0,0,0,0
ENG-Premier League,2324,Crystal Palace,Adam Wharton,ENG,MF,19,2004,14.4,37,2.57,30,7,0,0,0,0,5,0.35,5,0,0,0,0,0
ENG-Premier League,2324,Crystal Palace,Cheick Doucouré,MLI,MF,23,2000,10.2,23,2.25,19,0,1,2,0,1,3,0.29,3,0,0,0,0,0
ENG-Premier League,2324,Crystal Palace,Chris Richards,USA,"DF,MF",23,2000,23.3,16,0.69,11,0,0,2,0,3,3,0.13,3,0,0,0,0,0
ENG-Premier League,2324,Crystal Palace,Daniel Muñoz,COL,"DF,MF",27,1996,16.0,46,2.88,38,2,1,1,2,2,7,0.44,5,1,1,0,0,0
ENG-Premier League,2324,Crystal Palace,David Ozoh,ENG,"MF,DF",18,2005,1.7,0,0.0,0,0,0,0,0,0,0,0.0,0,0,0,0,0,0
ENG-Premier League,2324,Crystal Palace,Dean Henderson,ENG,GK,26,1997,18.0,1,0.06,1,0,0,0,0,0,1,0.06,1,0,0,0,0,0
ENG-Premier League,2324,Crystal Palace,Eberechi Eze,ENG,"MF,FW",25,1998,22.8,110,4.82,54,27,11,7,10,1,11,0.48,8,0,1,0,2,0
ENG-Premier League,2324,Crystal Palace,James Tomkins,ENG,DF,34,1989,0.1,0,0.0,0,0,0,0,0,0,0,0.0,0,0,0,0,0,0
ENG-Premier League,2324,Crystal Palace,Jaïro Riedewald,NED,"MF,FW",26,1996,2.6,1,0.38,1,0,0,0,0,0,0,0.0,0,0,0,0,0,0
ENG-Premier League,2324,Crystal Palace,Jean-Philippe Mateta,FRA,FW,26,1997,25.4,65,2.56,48,0,5,6,4,2,12,0.47,8,0,1,1,2,0
ENG-Premier League,2324,Crystal Palace,Jefferson Lerma,COL,"MF,DF",28,1994,26.7,55,2.06,49,0,1,3,1,1,4,0.15,4,0,0,0,0,0
ENG-Premier League,2324,Crystal Palace,Jeffrey Schlupp,GHA,"FW,MF",30,1992,15.0,28,1.86,21,0,2,1,2,2,3,0.2,3,0,0,0,0,0
ENG-Premier League,2324,Crystal Palace,Jesurun Rak Sakyi,ENG,"MF,FW",20,2002,1.5,6,3.97,4,0,2,0,0,0,0,0.0,0,0,0,0,0,0
ENG-Premier League,2324,Crystal Palace,Joachim Andersen,DEN,DF,27,1996,37.9,47,1.24,41,1,0,3,0,2,5,0.13,5,0,0,0,0,0
ENG-Premier League,2324,Crystal Palace,Joel Ward,ENG,DF,33,1989,22.0,16,0.73,13,2,0,1,0,0,3,0.14,2,1,0,0,0,0
ENG-Premier League,2324,Crystal Palace,Jordan Ayew,GHA,"FW,MF",31,1991,28.3,72,2.55,40,5,5,7,12,3,12,0.42,10,0,1,0,1,0
ENG-Premier League,2324,Crystal Palace,Marc Guéhi,ENG,DF,23,2000,22.5,22,0.98,17,0,0,2,2,1,2,0.09,2,0,0,0,0,0
ENG-Premier League,2324,Crystal Palace,Matheus França,BRA,"MF,FW",19,2004,2.6,8,3.1,4,3,0,0,1,0,2,0.78,1,0,0,0,1,0
ENG-Premier League,2324,Crystal Palace,Michael Olise,FRA,"FW,MF",21,2001,14.2,82,5.79,44,15,11,5,7,0,14,0.99,11,1,2,0,0,0
ENG-Premier League,2324,Crystal Palace,Naouirou Ahamada,FRA,"MF,FW",21,2002,3.9,9,2.3,9,0,0,0,0,0,3,0.77,3,0,0,0,0,0
ENG-Premier League,2324,Crystal Palace,Nathaniel Clyne,ENG,DF,32,1991,14.9,8,0.54,6,0,0,1,0,1,1,0.07,0,0,0,1,0,0
ENG-Premier League,2324,Crystal Palace,Odsonne Édouard,FRA,"FW,MF",25,1998,17.3,45,2.6,29,0,7,7,1,1,2,0.12,2,0,0,0,0,0
ENG-Premier League,2324,Crystal Palace,Remi Matthews,ENG,GK,29,1994,0.0,0,0.0,0,0,0,0,0,0,0,0.0,0,0,0,0,0,0
ENG-Premier League,2324,Crystal Palace,Sam Johnstone,ENG,GK,30,1993,20.0,2,0.1,1,1,0,0,0,0,1,0.05,0,1,0,0,0,0
ENG-Premier League,2324,Crystal Palace,Tyrick Mitchell,ENG,"DF,MF",23,1999,35.6,47,1.32,40,2,1,2,1,1,4,0.11,4,0,0,0,0,0
ENG-Premier League,2324,Crystal Palace,Will Hughes,ENG,MF,28,1995,21.0,48,2.29,34,9,1,0,2,2,5,0.24,5,0,0,0,0,0
ENG-Premier League,2324,Everton,Abdoulaye Doucouré,MLI,"FW,MF",30,1993,29.2,67,2.29,59,0,0,6,1,1,5,0.17,3,0,0,2,0,0
ENG-Premier League,2324,Everton,Alex Iwobi,NGA,MF,27,1996,1.6,12,7.77,6,1,2,3,0,0,0,0.0,0,0,0,0,0,0
ENG-Premier League,2324,Everton,Amadou Onana,BEL,MF,21,2001,23.2,56,2.41,47,0,1,3,4,1,1,0.04,0,0,0,0,0,1
ENG-Premier League,2324,Everton,André Gomes,POR,"MF,FW",30,1993,5.6,18,3.18,13,0,1,2,1,1,1,0.18,1,0,0,0,0,0
ENG-Premier League,2324,Everton,Arnaut Danjuma,NED,"MF,FW",26,1997,6.6,18,2.72,9,0,1,5,2,1,1,0.15,0,0,0,1,0,0
ENG-Premier League,2324,Everton,Ashley Young,ENG,"DF,MF",38,1985,25.3,58,2.29,38,10,1,4,3,2,1,0.04,0,0,0,0,1,0
ENG-Premier League,2324,Everton,Ben Godfrey,ENG,DF,25,1998,12.4,17,1.37,9,1,0,5,0,2,3,0.24,1,0,0,1,0,1
ENG-Premier League,2324,Everton,Beto,GNB,FW,25,1998,10.6,32,3.03,19,0,6,3,2,2,1,0.09,1,0,0,0,0,0
ENG-Premier League,2324,Everton,Dominic Calvert-Lewin,ENG,FW,26,1997,24.1,54,2.24,37,0,4,7,4,2,6,0.25,3,0,0,3,0,0
ENG-Premier League,2324,Everton,Dwight McNeil,ENG,"MF,FW",23,1999,32.1,130,4.05,77,33,5,6,6,3,9,0.28,3,4,0,1,1,0
ENG-Premier League,2324,Everton,Idrissa Gana Gueye,SEN,MF,33,1989,20.9,52,2.48,37,0,0,5,4,6,4,0.19,4,0,0,0,0,0
ENG-Premier League,2324,Everton,Jack Harrison,ENG,"MF,FW",26,1996,24.6,66,2.68,46,2,3,7,6,2,7,0.28,5,0,0,1,1,0
ENG-Premier League,2324,Everton,James Garner,ENG,MF,22,2001,33.4,98,2.94,58,22,3,6,4,5,8,0.24,3,1,0,1,1,2
ENG-Premier League,2324,Everton,James Tarkowski,ENG,DF,30,1992,38.0,44,1.16,38,0,1,4,0,1,3,0.08,3,0,0,0,0,0
ENG-Premier League,2324,Everton,Jarrad Branthwaite,ENG,DF,21,2002,34.6,25,0.72,20,0,0,1,3,1,4,0.12,3,0,0,0,1,0
ENG-Premier League,2324,Everton,Jordan Pickford,ENG,GK,29,1994,38.0,24,0.63,14,10,0,0,0,0,0,0.0,0,0,0,0,0,0
ENG-Premier League,2324,Everton,Lewis Dobbin,ENG,MF,20,2003,2.6,6,2.33,3,0,0,2,1,0,0,0.0,0,0,0,0,0,0
ENG-Premier League,2324,Everton,Lewis Warrington,ENG,FW,20,2002,0.0,0,0.0,0,0,0,0,0,0,0,0.0,0,0,0,0,0,0
ENG-Premier League,2324,Everton,Michael Keane,ENG,DF,30,1993,4.9,4,0.82,3,0,0,1,0,0,1,0.21,0,0,0,1,0,0
ENG-Premier League,2324,Everton,Nathan Patterson,SCO,DF,21,2001,11.2,20,1.79,14,3,0,1,0,2,2,0.18,2,0,0,0,0,0
ENG-Premier League,2324,Everton,Neal Maupay,FRA,FW,26,1996,1.2,3,2.41,3,0,0,0,0,0,0,0.0,0,0,0,0,0,0
ENG-Premier League,2324,Everton,Séamus Coleman,IRL,DF,34,1988,7.4,6,0.81,5,0,1,0,0,0,0,0.0,0,0,0,0,0,0
ENG-Premier League,2324,Everton,Thomas Cannon,IRL,FW,20,2002,0.0,0,0.0,0,0,0,0,0,0,0,0.0,0,0,0,0,0,0
ENG-Premier League,2324,Everton,Tyler Onyango,ENG,MF,20,2003,0.0,0,0.0,0,0,0,0,0,0,0,0.0,0,0,0,0,0,0
ENG-Premier League,2324,Everton,Vitaliy Mykolenko,UKR,DF,24,1999,27.4,37,1.35,32,0,1,4,0,0,3,0.11,1,0,0,2,0,0
ENG-Premier League,2324,Everton,Youssef Chermiti,POR,FW,19,2004,2.3,7,3.03,5,0,1,1,0,0,0,0.0,0,0,0,0,0,0
ENG-Premier League,2324,Fulham,Adama Traoré,ESP,"FW,MF",27,1996,4.2,14,3.34,12,0,1,1,0,0,5,1.19,4,0,1,0,0,0
ENG-Premier League,2324,Fulham,Aleksandar Mitrović,SRB,FW,28,1994,0.4,2,5.45,1,0,1,0,0,0,1,2.73,1,0,0,0,0,0
ENG-Premier League,2324,Fulham,Alex Iwobi,NGA,"FW,MF",27,1996,24.4,103,4.23,87,0,6,9,0,1,10,0.41,8,0,0,2,0,0
ENG-Premier League,2324,Fulham,Andreas Pereira,BRA,MF,27,1996,29.0,137,4.72,80,48,3,3,3,0,15,0.52,10,4,1,0,0,0
ENG-Premier League,2324,Fulham,Antonee Robinson,USA,DF,25,1997,36.3,69,1.9,63,2,2,0,1,1,7,0.19,7,0,0,0,0,0
ENG-Premier League,2324,Fulham,Armando Broja,ALB,FW,21,2001,1.0,1,1.01,1,0,0,0,0,0,0,0.0,0,0,0,0,0,0
ENG-Premier League,2324,Fulham,Bernd Leno,GER,GK,31,1992,38.0,1,0.03,1,0,0,0,0,0,0,0.0,0,0,0,0,0,0
ENG-Premier League,2324,Fulham,Bobby De Cordova-Reid,JAM,FW,30,1993,15.8,35,2.17,29,0,1,3,0,2,4,0.25,3,0,0,0,0,1
ENG-Premier League,2324,Fulham,Calvin Bassey,NGA,DF,23,1999,25.6,15,0.59,13,0,0,2,0,0,2,0.08,0,0,0,2,0,0
ENG-Premier League,2324,Fulham,Carlos Vinícius,BRA,FW,28,1995,3.5,9,2.57,8,0,1,0,0,0,1,0.29,1,0,0,0,0,0
ENG-Premier League,2324,Fulham,Fodé Ballo-Touré,SEN,"DF,MF",26,1997,0.8,0,0.0,0,0,0,0,0,0,0,0.0,0,0,0,0,0,0
ENG-Premier League,2324,Fulham,Harrison Reed,ENG,MF,28,1995,14.7,29,1.97,25,3,0,0,1,0,5,0.34,3,2,0,0,0,0
ENG-Premier League,2324,Fulham,Harry Wilson,WAL,FW,26,1997,18.0,65,3.61,42,4,5,4,8,2,10,0.56,9,0,0,0,1,0
ENG-Premier League,2324,Fulham,Issa Diop,FRA,DF,26,1997,15.8,4,0.25,4,0,0,0,0,0,0,0.0,0,0,0,0,0,0
ENG-Premier League,2324,Fulham,João Palhinha,POR,MF,28,1995,30.0,33,1.1,23,2,0,4,2,2,2,0.07,1,0,0,1,0,0
ENG-Premier League,2324,Fulham,Kenny Tete,NED,DF,27,1995,9.6,15,1.56,11,0,2,1,1,0,2,0.21,1,0,0,0,1,0
ENG-Premier League,2324,Fulham,Luke Harris,WAL,MF,18,2005,0.8,0,0.0,0,0,0,0,0,0,0,0.0,0,0,0,0,0,0
ENG-Premier League,2324,Fulham,Raúl Jiménez,MEX,FW,32,1991,15.5,27,1.74,15,0,4,6,1,1,3,0.19,0,0,1,2,0,0
ENG-Premier League,2324,Fulham,Rodrigo Muniz,BRA,FW,22,2001,17.7,39,2.2,21,0,3,9,4,2,2,0.11,1,0,0,1,0,0
ENG-Premier League,2324,Fulham,Saša Lukić,SRB,MF,26,1996,12.5,27,2.17,19,0,1,6,0,1,0,0.0,0,0,0,0,0,0
ENG-Premier League,2324,Fulham,Tim Ream,USA,DF,35,1987,16.7,10,0.6,9,1,0,0,0,0,1,0.06,1,0,0,0,0,0
ENG-Premier League,2324,Fulham,Timothy Castagne,BEL,DF,27,1995,29.3,50,1.71,39,2,4,4,0,1,2,0.07,2,0,0,0,0,0
ENG-Premier League,2324,Fulham,Tom Cairney,SCO,MF,32,1991,16.5,71,4.3,62,2,2,2,1,2,13,0.79,11,0,1,0,1,0
ENG-Premier League,2324,Fulham,Tosin Adarabioyo,ENG,DF,25,1997,18.0,10,0.56,6,0,0,4,0,0,0,0.0,0,0,0,0,0,0
ENG-Premier League,2324,Fulham,Willian,BRA,FW,34,1988,22.8,111,4.87,81,15,4,9,2,0,10,0.44,10,0,0,0,0,0
ENG-Premier League,2324,Liverpool,Alexis Mac Allister,ARG,MF,24,1998,28.9,108,3.74,92,5,3,1,5,2,12,0.42,10,1,1,0,0,0
ENG-Premier League,2324,Liverpool,Alisson,BRA,GK,30,1992,28.0,11,0.39,10,1,0,0,0,0,0,0.0,0,0,0,0,0,0
ENG-Premier League,2324,Liverpool,Andrew Robertson,SCO,DF,29,1994,18.8,97,5.16,62,33,1,0,1,0,5,0.27,3,2,0,0,0,0
ENG-Premier League,2324,Liverpool,Ben Gannon-Doak,SCO,FW,17,2005,0.2,0,0.0,0,0,0,0,0,0,0,0.0,0,0,0,0,0,0
ENG-Premier League,2324,Liverpool,Bobby Clark,ENG,MF,18,2005,1.0,1,1.01,0,0,0,1,0,0,0,0.0,0,0,0,0,0,0
ENG-Premier League,2324,Liverpool,Caoimhín Kelleher,IRL,GK,24,1998,10.0,2,0.2,2,0,0,0,0,0,0,0.0,0,0,0,0,0,0
ENG-Premier League,2324,Liverpool,Cody Gakpo,NED,"FW,MF",24,1999,18.3,73,3.98,47,1,6,12,5,2,10,0.55,6,0,1,2,1,0
ENG-Premier League,2324,Liverpool,Conor Bradley,NIR,DF,20,2003,8.4,27,3.22,18,1,3,2,1,2,3,0.36,2,1,0,0,0,0
ENG-Premier League,2324,Liverpool,Curtis Jones,ENG,MF,22,2001,13.0,36,2.78,28,0,3,3,1,1,3,0.23,3,0,0,0,0,0
ENG-Premier League,2324,Liverpool,Darwin Núñez,URU,FW,24,1999,22.7,79,3.47,60,0,5,12,2,0,14,0.62,11,0,0,2,1,0
ENG-Premier League,2324,Liverpool,Diogo Jota,POR,FW,26,1996,12.7,48,3.77,36,0,5,3,4,0,14,1.1,7,0,4,1,2,0
ENG-Premier League,2324,Liverpool,Dominik Szoboszlai,HUN,MF,22,2000,23.4,115,4.92,84,21,4,3,3,0,7,0.3,5,0,0,1,1,0
ENG-Premier League,2324,Liverpool,Harvey Elliott,ENG,"MF,FW",20,2003,15.0,78,5.19,61,9,2,3,1,2,10,0.67,6,1,1,0,1,1
ENG-Premier League,2324,Liverpool,Ibrahima Konaté,FRA,DF,24,1999,17.5,24,1.37,24,0,0,0,0,0,1,0.06,1,0,0,0,0,0
ENG-Premier League,2324,Liverpool,James McConnell,ENG,MF,18,2004,0.0,0,0.0,0,0,0,0,0,0,0,0.0,0,0,0,0,0,0
ENG-Premier League,2324,Liverpool,Jarell Quansah,ENG,DF,20,2003,13.2,13,0.98,13,0,0,0,0,0,1,0.08,1,0,0,0,0,0
ENG-Premier League,2324,Liverpool,Jayden Danns,ENG,FW,17,2006,0.1,0,0.0,0,0,0,0,0,0,0,0.0,0,0,0,0,0,0
ENG-Premier League,2324,Liverpool,Joe Gomez,ENG,DF,26,1997,19.8,51,2.57,43,0,1,4,3,0,5,0.25,4,0,0,1,0,0
ENG-Premier League,2324,Liverpool,Joël Matip,CMR,DF,31,1991,8.7,8,0.92,8,0,0,0,0,0,1,0.12,1,0,0,0,0,0
ENG-Premier League,2324,Liverpool,Kaide Gordon,ENG,FW,18,2004,0.0,0,0.0,0,0,0,0,0,0,0,0.0,0,0,0,0,0,0
ENG-Premier League,2324,Liverpool,Kostas Tsimikas,GRE,DF,27,1996,7.5,32,4.24,20,9,0,0,2,1,2,0.27,2,0,0,0,0,0
ENG-Premier League,2324,Liverpool,Luis Díaz,COL,FW,26,1997,29.2,163,5.58,121,1,17,15,8,1,9,0.31,9,0,0,0,0,0
ENG-Premier League,2324,Liverpool,Mohamed Salah,EGY,FW,31,1992,28.2,139,4.94,103,2,7,21,5,1,20,0.71,14,0,2,3,1,0
ENG-Premier League,2324,Liverpool,Owen Beck,WAL,DF,20,2002,0.1,0,0.0,0,0,0,0,0,0,0,0.0,0,0,0,0,0,0
ENG-Premier League,2324,Liverpool,Ryan Gravenberch,NED,MF,21,2002,12.5,44,3.54,36,0,2,6,0,0,0,0.0,0,0,0,0,0,0
ENG-Premier League,2324,Liverpool,Stefan Bajcetic,ESP,MF,18,2004,0.3,0,0.0,0,0,0,0,0,0,0,0.0,0,0,0,0,0,0
ENG-Premier League,2324,Liverpool,Thiago Alcántara,ESP,MF,32,1991,0.1,0,0.0,0,0,0,0,0,0,0,0.0,0,0,0,0,0,0
ENG-Premier League,2324,Liverpool,Trent Alexander-Arnold,ENG,DF,24,1998,23.9,126,5.27,80,33,5,6,0,2,7,0.29,4,3,0,0,0,0
ENG-Premier League,2324,Liverpool,Virgil van Dijk,NED,DF,32,1991,35.3,59,1.67,54,0,0,5,0,0,4,0.11,4,0,0,0,0,0
ENG-Premier League,2324,Liverpool,Wataru Endo,JPN,MF,30,1993,19.1,54,2.82,43,0,2,4,2,3,3,0.16,3,0,0,0,0,0
ENG-Premier League,2324,Luton Town,Albert Sambi Lokonga,BEL,MF,23,1999,14.5,27,1.86,22,0,0,1,3,1,3,0.21,3,0,0,0,0,0
ENG-Premier League,2324,Luton Town,Alfie Doughty,ENG,DF,23,1999,32.5,115,3.54,57,47,4,6,1,0,16,0.49,8,5,1,2,0,0
ENG-Premier League,2324,Luton Town,Amari'i Bell,JAM,DF,29,1994,19.1,25,1.31,22,0,0,0,2,1,3,0.16,3,0,0,0,0,0
ENG-Premier League,2324,Luton Town,Andros Townsend,ENG,"MF,FW",32,1991,13.4,36,2.68,24,5,3,3,1,0,6,0.45,4,0,1,1,0,0
ENG-Premier League,2324,Luton Town,Carlton Morris,ENG,"FW,MF",27,1995,31.8,71,2.23,49,0,5,10,6,1,8,0.25,4,0,0,3,1,0
ENG-Premier League,2324,Luton Town,Cauley Woodrow,ENG,"FW,MF",28,1994,4.7,17,3.57,13,0,1,2,1,0,2,0.42,2,0,0,0,0,0
ENG-Premier League,2324,Luton Town,Chiedozie Ogbene,IRL,"MF,DF",26,1997,22.2,79,3.56,51,2,12,5,9,0,9,0.41,1,0,2,2,4,0
ENG-Premier League,2324,Luton Town,Daiki Hashioka,JPN,DF,24,1999,6.6,8,1.21,8,0,0,0,0,0,0,0.0,0,0,0,0,0,0
ENG-Premier League,2324,Luton Town,Elijah Adebayo,ENG,FW,25,1998,15.8,31,1.97,19,0,5,5,2,0,5,0.32,2,0,0,3,0,0
ENG-Premier League,2324,Luton Town,Fred Onyedinma,ENG,"DF,MF",26,1996,4.5,5,1.11,4,1,0,0,0,0,0,0.0,0,0,0,0,0,0
ENG-Premier League,2324,Luton Town,Gabriel Osho,NGA,DF,24,1998,20.5,8,0.39,7,0,1,0,0,0,3,0.15,3,0,0,0,0,0
ENG-Premier League,2324,Luton Town,Issa Kaboré,BFA,DF,22,2001,19.2,32,1.67,25,0,2,2,1,2,4,0.21,3,0,0,1,0,0
ENG-Premier League,2324,Luton Town,Jacob Brown,SCO,"MF,FW",25,1998,11.3,15,1.33,10,0,1,1,3,0,0,0.0,0,0,0,0,0,0
ENG-Premier League,2324,Luton Town,James Shea,ENG,GK,32,1991,0.2,0,0.0,0,0,0,0,0,0,0,0.0,0,0,0,0,0,0
ENG-Premier League,2324,Luton Town,Jordan Clark,ENG,MF,29,1993,14.5,29,2.0,23,0,2,3,1,0,1,0.07,1,0,0,0,0,0
ENG-Premier League,2324,Luton Town,Joseph Johnson,ENG,DF,17,2006,0.9,0,0.0,0,0,0,0,0,0,0,0.0,0,0,0,0,0,0
ENG-Premier League,2324,Luton Town,Luke Berry,ENG,"MF,DF",31,1992,3.6,6,1.67,2,1,1,2,0,0,1,0.28,0,0,1,0,0,0
ENG-Premier League,2324,Luton Town,Mads Juel Andersen,DEN,DF,25,1997,4.4,0,0.0,0,0,0,0,0,0,0,0.0,0,0,0,0,0,0
ENG-Premier League,2324,Luton Town,Marvelous Nakamba,ZIM,MF,29,1994,12.6,13,1.03,13,0,0,0,0,0,0,0.0,0,0,0,0,0,0
ENG-Premier League,2324,Luton Town,Pelly Ruddock Mpanzu,COD,MF,30,1993,12.2,19,1.55,12,1,2,1,2,1,0,0.0,0,0,0,0,0,0
ENG-Premier League,2324,Luton Town,Reece Burke,ENG,DF,26,1996,18.4,21,1.14,15,1,0,5,0,0,4,0.22,3,0,0,1,0,0
ENG-Premier League,2324,Luton Town,Ross Barkley,ENG,MF,29,1993,29.1,104,3.58,67,11,14,6,3,3,11,0.38,6,2,1,1,1,0
ENG-Premier League,2324,Luton Town,Ryan Giles,ENG,"DF,MF",23,2000,5.6,12,2.15,8,3,1,0,0,0,0,0.0,0,0,0,0,0,0
ENG-Premier League,2324,Luton Town,Tahith Chong,CUW,"MF,FW",23,1999,22.0,49,2.22,31,0,3,2,11,2,4,0.18,2,0,0,2,0,0
ENG-Premier League,2324,Luton Town,Teden Mengi,ENG,DF,21,2002,27.4,14,0.51,11,0,2,1,0,0,0,0.0,0,0,0,0,0,0
ENG-Premier League,2324,Luton Town,Thomas Kaminski,BEL,GK,30,1992,37.8,3,0.08,2,1,0,0,0,0,0,0.0,0,0,0,0,0,0
ENG-Premier League,2324,Luton Town,Tom Lockyer,WAL,DF,28,1994,13.0,10,0.77,9,0,0,0,0,1,1,0.08,1,0,0,0,0,0
ENG-Premier League,2324,Luton Town,Zack Nelson,ENG,"MF,DF",18,2004,0.1,0,0.0,0,0,0,0,0,0,0,0.0,0,0,0,0,0,0
ENG-Premier League,2324,Manchester City,Aymeric Laporte,ESP,DF,29,1994,0.1,0,0.0,0,0,0,0,0,0,0,0.0,0,0,0,0,0,0
ENG-Premier League,2324,Manchester City,Bernardo Silva,POR,"MF,FW",28,1994,28.6,130,4.54,117,3,6,1,3,0,13,0.45,11,0,2,0,0,0
ENG-Premier League,2324,Manchester City,Cole Palmer,ENG,MF,21,2002,0.1,0,0.0,0,0,0,0,0,0,0,0.0,0,0,0,0,0,0
ENG-Premier League,2324,Manchester City,Ederson,BRA,GK,29,1993,30.9,7,0.23,5,2,0,0,0,0,2,0.06,2,0,0,0,0,0
ENG-Premier League,2324,Manchester City,Erling Haaland,NOR,FW,23,2000,28.4,59,2.08,39,0,3,10,6,1,11,0.39,5,0,1,3,2,0
ENG-Premier League,2324,Manchester City,Jack Grealish,ENG,"FW,MF",27,1995,11.2,54,4.82,46,0,1,2,5,0,4,0.36,4,0,0,0,0,0
ENG-Premier League,2324,Manchester City,James Mcatee,ENG,MF,20,2002,0.0,0,0.0,0,0,0,0,0,0,0,0.0,0,0,0,0,0,0
ENG-Premier League,2324,Manchester City,Jeremy Doku,BEL,"FW,MF",21,2002,17.7,111,6.26,82,1,17,6,5,0,15,0.85,10,0,2,1,2,0
ENG-Premier League,2324,Manchester City,John Stones,ENG,"DF,MF",29,1994,11.8,23,1.95,21,0,0,0,2,0,0,0.0,0,0,0,0,0,0
ENG-Premier League,2324,Manchester City,Joško Gvardiol,CRO,DF,21,2002,25.9,54,2.09,40,1,5,2,4,2,7,0.27,6,0,0,0,1,0
ENG-Premier League,2324,Manchester City,Julián Álvarez,ARG,"MF,FW",23,2000,29.4,118,4.01,74,28,4,10,2,0,15,0.51,12,1,0,0,2,0
ENG-Premier League,2324,Manchester City,Kalvin Phillips,ENG,MF,27,1995,1.0,1,0.98,0,0,0,1,0,0,0,0.0,0,0,0,0,0,0
ENG-Premier League,2324,Manchester City,Kevin De Bruyne,BEL,MF,32,1991,13.6,100,7.36,73,17,2,5,3,0,16,1.18,12,3,0,0,1,0
ENG-Premier League,2324,Manchester City,Kyle Walker,ENG,DF,33,1990,30.7,62,2.02,57,1,1,1,2,0,11,0.36,9,0,1,1,0,0
ENG-Premier League,2324,Manchester City,Manuel Akanji,SUI,"DF,MF",28,1995,27.9,55,1.97,45,1,0,3,2,4,4,0.14,4,0,0,0,0,0
ENG-Premier League,2324,Manchester City,Mateo Kovačić,CRO,MF,29,1994,17.2,54,3.14,47,0,2,4,1,0,6,0.35,5,0,0,1,0,0
ENG-Premier League,2324,Manchester City,Matheus Nunes,POR,MF,24,1998,7.3,20,2.72,16,0,0,1,3,0,3,0.41,3,0,0,0,0,0
ENG-Premier League,2324,Manchester City,Nathan Aké,NED,DF,28,1995,22.7,36,1.59,28,0,2,4,1,1,6,0.26,3,0,1,2,0,0
ENG-Premier League,2324,Manchester City,Oscar Bobb,NOR,"FW,MF",20,2003,3.4,22,6.56,16,0,4,1,1,0,6,1.79,3,0,2,0,1,0
ENG-Premier League,2324,Manchester City,Phil Foden,ENG,"FW,MF",23,2000,31.7,144,4.54,111,9,9,6,8,1,21,0.66,16,1,1,0,3,0
ENG-Premier League,2324,Manchester City,Rico Lewis,ENG,"DF,MF",18,2004,9.0,15,1.67,15,0,0,0,0,0,0,0.0,0,0,0,0,0,0
ENG-Premier League,2324,Manchester City,Rodri,ESP,MF,27,1996,32.6,157,4.82,130,2,8,5,6,6,23,0.71,17,0,3,1,1,1
ENG-Premier League,2324,Manchester City,Rúben Dias,POR,DF,26,1997,28.4,35,1.23,28,0,0,5,0,2,4,0.14,2,0,0,1,0,1
ENG-Premier League,2324,Manchester City,Sergio Gómez,ESP,"FW,MF",22,2000,0.6,2,3.33,1,0,1,0,0,0,2,3.33,1,0,1,0,0,0
ENG-Premier League,2324,Manchester City,Stefan Ortega,GER,GK,30,1992,7.1,0,0.0,0,0,0,0,0,0,0,0.0,0,0,0,0,0,0
ENG-Premier League,2324,Manchester Utd,Aaron Wan-Bissaka,COD,DF,25,1997,19.8,26,1.31,24,1,0,0,1,0,3,0.15,3,0,0,0,0,0
ENG-Premier League,2324,Manchester Utd,Alejandro Garnacho,ARG,FW,19,2004,28.5,119,4.17,80,0,13,13,12,1,15,0.53,10,0,1,1,2,1
ENG-Premier League,2324,Manchester Utd,Amad Diallo,CIV,"FW,MF",21,2002,4.3,20,4.62,16,0,3,1,0,0,0,0.0,0,0,0,0,0,0
ENG-Premier League,2324,Manchester Utd,André Onana,CMR,GK,27,1996,38.0,6,0.16,6,0,0,0,0,0,1,0.03,1,0,0,0,0,0
ENG-Premier League,2324,Manchester Utd,Anthony Martial,FRA,FW,27,1995,5.0,11,2.21,9,0,0,1,1,0,1,0.2,0,0,0,0,1,0
ENG-Premier League,2324,Manchester Utd,Antony,BRA,FW,23,2000,14.7,55,3.74,45,1,2,0,4,3,3,0.2,1,0,0,0,0,2
ENG-Premier League,2324,Manchester Utd,Bruno Fernandes,POR,"MF,FW",28,1994,34.6,210,6.06,143,48,7,9,1,2,19,0.55,12,3,2,2,0,0
ENG-Premier League,2324,Manchester Utd,Casemiro,BRA,"MF,DF",31,1992,22.0,41,1.86,35,2,0,3,1,0,4,0.18,4,0,0,0,0,0
ENG-Premier League,2324,Manchester Utd,Christian Eriksen,DEN,MF,31,1992,12.7,46,3.63,36,8,0,0,0,2,3,0.24,2,0,0,0,0,1
ENG-Premier League,2324,Manchester Utd,Daniel Gore,ENG,MF,18,2004,0.0,0,0.0,0,0,0,0,0,0,0,0.0,0,0,0,0,0,0
ENG-Premier League,2324,Manchester Utd,Diogo Dalot,POR,DF,24,1999,35.3,78,2.21,67,4,2,3,1,1,7,0.2,6,0,0,1,0,0
ENG-Premier League,2324,Manchester Utd,Donny van de Beek,NED,DF,26,1997,0.0,1,30.0,1,0,0,0,0,0,0,0.0,0,0,0,0,0,0
ENG-Premier League,2324,Manchester Utd,Ethan Wheatley,ENG,FW,17,2006,0.2,0,0.0,0,0,0,0,0,0,0,0.0,0,0,0,0,0,0
ENG-Premier League,2324,Manchester Utd,Facundo Pellistri,URU,"FW,MF",21,2001,1.9,3,1.57,2,0,0,0,1,0,1,0.52,1,0,0,0,0,0
ENG-Premier League,2324,Manchester Utd,Hannibal Mejbri,TUN,"MF,FW",20,2003,1.5,6,4.06,5,0,0,0,1,0,0,0.0,0,0,0,0,0,0
ENG-Premier League,2324,Manchester Utd,Harry Maguire,ENG,DF,30,1993,18.4,24,1.31,19,0,0,1,1,3,4,0.22,2,0,0,1,1,0
ENG-Premier League,2324,Manchester Utd,Jadon Sancho,ENG,"FW,MF",23,2000,0.9,4,4.62,1,1,0,0,1,1,1,1.15,0,1,0,0,0,0
ENG-Premier League,2324,Manchester Utd,Jonny Evans,NIR,DF,35,1988,15.5,11,0.71,11,0,0,0,0,0,2,0.13,2,0,0,0,0,0
ENG-Premier League,2324,Manchester Utd,Kobbie Mainoo,ENG,MF,18,2005,21.4,40,1.87,31,0,3,3,2,1,8,0.37,3,0,2,2,1,0
ENG-Premier League,2324,Manchester Utd,Lisandro Martínez,ARG,DF,25,1998,7.2,7,0.98,6,0,0,0,0,1,1,0.14,1,0,0,0,0,0
ENG-Premier League,2324,Manchester Utd,Luke Shaw,ENG,DF,28,1995,10.7,23,2.16,13,9,1,0,0,0,0,0.0,0,0,0,0,0,0
ENG-Premier League,2324,Manchester Utd,Marcus Rashford,ENG,FW,25,1997,25.2,87,3.45,57,1,16,7,6,0,12,0.48,10,0,1,0,1,0
ENG-Premier League,2324,Manchester Utd,Mason Mount,ENG,"MF,FW",24,1999,5.7,18,3.15,11,2,2,0,1,2,0,0.0,0,0,0,0,0,0
ENG-Premier League,2324,Manchester Utd,Omari Forson,ENG,FW,19,2004,0.8,0,0.0,0,0,0,0,0,0,0,0.0,0,0,0,0,0,0
ENG-Premier League,2324,Manchester Utd,Raphaël Varane,FRA,DF,30,1993,15.3,16,1.05,13,1,0,2,0,0,2,0.13,2,0,0,0,0,0
ENG-Premier League,2324,Manchester Utd,Rasmus Højlund,DEN,FW,20,2003,24.0,58,2.42,43,0,5,4,3,3,4,0.17,2,0,2,0,0,0
ENG-Premier League,2324,Manchester Utd,Scott McTominay,SCO,"MF,FW",26,1996,21.1,26,1.23,18,0,1,4,1,2,2,0.09,1,0,0,0,0,1
ENG-Premier League,2324,Manchester Utd,Sergio Reguilón,ESP,DF,26,1996,4.6,15,3.28,13,1,0,1,0,0,1,0.22,1,0,0,0,0,0
ENG-Premier League,2324,Manchester Utd,Sofyan Amrabat,MAR,"MF,DF",26,1996,10.4,19,1.82,19,0,0,0,0,0,1,0.1,1,0,0,0,0,0
ENG-Premier League,2324,Manchester Utd,Victor Lindelöf,SWE,DF,29,1994,14.8,19,1.29,19,0,0,0,0,0,3,0.2,3,0,0,0,0,0
ENG-Premier League,2324,Manchester Utd,Willy Kambwala,FRA,DF,18,2004,3.7,0,0.0,0,0,0,0,0,0,0,0.0,0,0,0,0,0,0
ENG-Premier League,2324,Newcastle Utd,Alex Murphy,IRL,"DF,FW",19,2004,0.1,0,0.0,0,0,0,0,0,0,0,0.0,0,0,0,0,0,0
ENG-Premier League,2324,Newcastle Utd,Alexander Isak,SWE,FW,23,1999,25.1,72,2.87,45,0,12,11,4,0,10,0.4,4,0,3,2,1,0
ENG-Premier League,2324,Newcastle Utd,Amadou Diallo,ENG,MF,20,2003,0.0,0,0.0,0,0,0,0,0,0,0,0.0,0,0,0,0,0,0
ENG-Premier League,2324,Newcastle Utd,Anthony Gordon,ENG,FW,22,2001,32.1,143,4.45,86,18,13,11,13,2,29,0.9,13,2,5,4,5,0
ENG-Premier League,2324,Newcastle Utd,Ben Parkinson,ENG,FW,18,2005,0.3,0,0.0,0,0,0,0,0,0,0,0.0,0,0,0,0,0,0
ENG-Premier League,2324,Newcastle Utd,Bruno Guimarães,BRA,MF,25,1997,36.3,143,3.94,110,8,10,3,6,6,19,0.52,12,0,4,2,1,0
ENG-Premier League,2324,Newcastle Utd,Callum Wilson,ENG,FW,31,1992,11.0,22,2.0,12,0,4,5,1,0,4,0.36,2,0,1,1,0,0
ENG-Premier League,2324,Newcastle Utd,Dan Burn,ENG,DF,31,1992,30.3,27,0.89,22,2,1,2,0,0,4,0.13,3,0,0,1,0,0
ENG-Premier League,2324,Newcastle Utd,Elliot Anderson,ENG,"MF,FW",20,2002,11.4,34,2.98,28,0,4,2,0,0,3,0.26,3,0,0,0,0,0
ENG-Premier League,2324,Newcastle Utd,Emil Krafth,SWE,DF,28,1994,10.1,18,1.77,13,3,1,0,1,0,1,0.1,1,0,0,0,0,0
ENG-Premier League,2324,Newcastle Utd,Fabian Schär,SUI,DF,31,1991,33.9,47,1.39,33,2,2,4,5,1,12,0.35,8,0,0,0,3,1
ENG-Premier League,2324,Newcastle Utd,Harvey Barnes,ENG,"FW,MF",25,1997,8.9,29,3.25,18,0,5,3,3,0,6,0.67,4,0,2,0,0,0
ENG-Premier League,2324,Newcastle Utd,Jacob Murphy,ENG,"FW,DF",28,1995,13.2,55,4.16,44,4,2,3,1,1,10,0.76,9,0,1,0,0,0
ENG-Premier League,2324,Newcastle Utd,Jamaal Lascelles,ENG,DF,29,1993,12.0,8,0.67,7,0,0,0,1,0,0,0.0,0,0,0,0,0,0
ENG-Premier League,2324,Newcastle Utd,Joe White,ENG,MF,20,2002,0.1,0,0.0,0,0,0,0,0,0,0,0.0,0,0,0,0,0,0
ENG-Premier League,2324,Newcastle Utd,Joe Willock,ENG,MF,23,1999,4.7,13,2.8,11,0,0,2,0,0,1,0.22,1,0,0,0,0,0
ENG-Premier League,2324,Newcastle Utd,Joelinton,BRA,"MF,FW",26,1996,14.2,47,3.3,37,0,6,4,0,0,3,0.21,2,0,0,1,0,0
ENG-Premier League,2324,Newcastle Utd,Kieran Trippier,ENG,DF,32,1990,24.8,101,4.07,68,28,1,0,2,2,11,0.44,7,3,0,0,0,1
ENG-Premier League,2324,Newcastle Utd,Lewis Hall,ENG,DF,18,2004,8.7,20,2.3,14,1,3,1,1,0,3,0.35,3,0,0,0,0,0
ENG-Premier League,2324,Newcastle Utd,Lewis Miley,ENG,MF,17,2006,13.4,31,2.32,24,0,2,3,0,2,5,0.37,4,0,0,0,0,1
ENG-Premier League,2324,Newcastle Utd,Loris Karius,GER,GK,30,1993,1.0,0,0.0,0,0,0,0,0,0,0,0.0,0,0,0,0,0,0
ENG-Premier League,2324,Newcastle Utd,Martin Dúbravka,SVK,GK,34,1989,22.1,0,0.0,0,0,0,0,0,0,0,0.0,0,0,0,0,0,0
ENG-Premier League,2324,Newcastle Utd,Matt Ritchie,SCO,"FW,MF",33,1989,1.4,3,2.11,3,0,0,0,0,0,1,0.7,1,0,0,0,0,0
ENG-Premier League,2324,Newcastle Utd,Matt Targett,ENG,DF,27,1995,0.9,4,4.62,4,0,0,0,0,0,0,0.0,0,0,0,0,0,0
ENG-Premier League,2324,Newcastle Utd,Michael Ndiweni,ENG,FW,19,2003,0.0,0,0.0,0,0,0,0,0,0,0,0.0,0,0,0,0,0,0
ENG-Premier League,2324,Newcastle Utd,Miguel Almirón,PAR,FW,29,1994,21.5,52,2.41,40,1,3,7,1,0,4,0.19,2,1,0,1,0,0
ENG-Premier League,2324,Newcastle Utd,Nick Pope,ENG,GK,31,1992,14.9,1,0.07,1,0,0,0,0,0,0,0.0,0,0,0,0,0,0
ENG-Premier League,2324,Newcastle Utd,Paul Dummett,WAL,DF,31,1991,0.2,0,0.0,0,0,0,0,0,0,0,0.0,0,0,0,0,0,0
ENG-Premier League,2324,Newcastle Utd,Sandro Tonali,ITA,MF,23,2000,4.9,12,2.47,10,1,0,0,1,0,3,0.62,2,0,0,0,1,0
ENG-Premier League,2324,Newcastle Utd,Sean Longstaff,ENG,MF,25,1997,30.5,51,1.67,43,1,1,3,3,0,7,0.23,3,1,1,1,1,0
ENG-Premier League,2324,Newcastle Utd,Sven Botman,NED,DF,23,2000,15.3,14,0.92,12,0,0,2,0,0,3,0.2,3,0,0,0,0,0
ENG-Premier League,2324,Newcastle Utd,Valentino Livramento,ENG,DF,20,2002,14.6,36,2.47,28,0,2,1,3,2,5,0.34,3,0,1,0,1,0
ENG-Premier League,2324,Nott'ham Forest,Andrew Omobamidele,IRL,DF,21,2002,8.7,6,0.69,5,0,0,1,0,0,1,0.11,0,0,0,1,0,0
ENG-Premier League,2324,Nott'ham Forest,Andrey Santos,BRA,MF,19,2004,0.1,2,22.5,2,0,0,0,0,0,0,0.0,0,0,0,0,0,0
ENG-Premier League,2324,Nott'ham Forest,Anthony Elanga,SWE,"FW,MF",21,2002,27.0,70,2.59,53,0,6,6,4,1,13,0.48,12,0,0,0,0,1
ENG-Premier League,2324,Nott'ham Forest,Brandon Aguilera,CRC,FW,20,2003,0.1,0,0.0,0,0,0,0,0,0,0,0.0,0,0,0,0,0,0
ENG-Premier League,2324,Nott'ham Forest,Brennan Johnson,WAL,"FW,MF",22,2001,2.6,7,2.66,3,0,2,1,1,0,3,1.14,1,0,1,0,1,0
ENG-Premier League,2324,Nott'ham Forest,Callum Hudson-Odoi,ENG,"FW,MF",22,2000,20.6,82,3.98,63,4,8,4,2,1,6,0.29,4,0,1,0,1,0
ENG-Premier League,2324,Nott'ham Forest,Cheikhou Kouyaté,SEN,MF,33,1989,2.4,8,3.4,5,0,0,2,0,1,1,0.42,1,0,0,0,0,0
ENG-Premier League,2324,Nott'ham Forest,Chris Wood,NZL,FW,31,1991,20.1,44,2.19,33,0,4,7,0,0,4,0.2,1,0,3,0,0,0
ENG-Premier League,2324,Nott'ham Forest,Danilo,BRA,MF,22,2001,19.9,48,2.41,34,5,4,4,1,0,4,0.2,4,0,0,0,0,0
ENG-Premier League,2324,Nott'ham Forest,Divock Origi,BEL,FW,28,1995,6.7,16,2.38,11,1,2,1,1,0,2,0.3,2,0,0,0,0,0
ENG-Premier League,2324,Nott'ham Forest,Felipe,BRA,DF,34,1989,4.2,4,0.97,2,0,0,1,0,1,0,0.0,0,0,0,0,0,0
ENG-Premier League,2324,Nott'ham Forest,Gio Reyna,USA,"FW,MF",20,2002,2.6,12,4.6,9,1,1,0,0,1,2,0.77,1,1,0,0,0,0
ENG-Premier League,2324,Nott'ham Forest,Gonzalo Montiel,ARG,DF,26,1997,8.9,15,1.69,14,0,0,1,0,0,2,0.22,2,0,0,0,0,0
ENG-Premier League,2324,Nott'ham Forest,Harry Toffolo,ENG,DF,27,1995,16.2,25,1.54,16,7,0,2,0,0,4,0.25,4,0,0,0,0,0
ENG-Premier League,2324,Nott'ham Forest,Ibrahim Sangaré,CIV,MF,25,1997,11.5,18,1.57,15,0,0,1,1,1,2,0.17,2,0,0,0,0,0
ENG-Premier League,2324,Nott'ham Forest,Joe Worrall,ENG,DF,26,1997,4.9,3,0.62,2,0,0,1,0,0,1,0.21,1,0,0,0,0,0
ENG-Premier League,2324,Nott'ham Forest,Matt Turner,USA,GK,29,1994,17.0,4,0.24,4,0,0,0,0,0,0,0.0,0,0,0,0,0,0
ENG-Premier League,2324,Nott'ham Forest,Matz Sels,BEL,GK,31,1992,16.0,1,0.06,1,0,0,0,0,0,0,0.0,0,0,0,0,0,0
ENG-Premier League,2324,Nott'ham Forest,Morgan Gibbs-White,ENG,"MF,FW",23,2000,35.1,149,4.25,86,38,9,7,8,1,18,0.51,14,3,0,1,0,0
ENG-Premier League,2324,Nott'ham Forest,Moussa Niakhate,SEN,DF,27,1996,16.2,11,0.68,8,3,0,0,0,0,0,0.0,0,0,0,0,0,0
ENG-Premier League,2324,Nott'ham Forest,Murillo,BRA,DF,21,2002,31.0,30,0.97,20,1,5,3,1,0,4,0.13,2,1,0,0,1,0
ENG-Premier League,2324,Nott'ham Forest,Neco Williams,WAL,DF,22,2001,18.2,31,1.7,23,1,1,4,1,1,4,0.22,3,0,1,0,0,0
ENG-Premier League,2324,Nott'ham Forest,Nicolás Domínguez,ARG,"MF,FW",25,1998,16.6,35,2.11,33,0,0,2,0,0,2,0.12,2,0,0,0,0,0
ENG-Premier League,2324,Nott'ham Forest,Nuno Tavares,POR,DF,23,2000,5.1,9,1.77,8,0,1,0,0,0,0,0.0,0,0,0,0,0,0
ENG-Premier League,2324,Nott'ham Forest,Odysseas Vlachodimos,GRE,GK,29,1994,5.0,1,0.2,1,0,0,0,0,0,0,0.0,0,0,0,0,0,0
ENG-Premier League,2324,Nott'ham Forest,Ola Aina,NGA,DF,26,1996,18.8,38,2.02,25,5,3,1,3,1,1,0.05,1,0,0,0,0,0
ENG-Premier League,2324,Nott'ham Forest,Orel Mangala,BEL,MF,25,1998,17.4,20,1.15,17,0,0,0,1,2,2,0.12,1,0,0,0,0,1
ENG-Premier League,2324,Nott'ham Forest,Rodrigo Ribeiro,POR,"MF,FW",18,2005,0.2,1,5.29,1,0,0,0,0,0,0,0.0,0,0,0,0,0,0
ENG-Premier League,2324,Nott'ham Forest,Ryan Yates,ENG,MF,25,1997,22.1,30,1.36,22,0,0,5,3,0,4,0.18,3,0,0,1,0,0
ENG-Premier League,2324,Nott'ham Forest,Scott McKenna,SCO,DF,26,1996,4.6,2,0.43,2,0,0,0,0,0,0,0.0,0,0,0,0,0,0
ENG-Premier League,2324,Nott'ham Forest,Serge Aurier,CIV,"DF,MF",30,1992,9.3,15,1.62,12,1,1,0,1,0,2,0.22,2,0,0,0,0,0
ENG-Premier League,2324,Nott'ham Forest,Taiwo Awoniyi,NGA,FW,25,1997,11.6,30,2.6,22,0,2,0,4,2,6,0.52,5,0,1,0,0,0
ENG-Premier League,2324,Nott'ham Forest,Willy Boly,CIV,DF,32,1991,16.0,16,1.0,14,0,0,2,0,0,2,0.13,2,0,0,0,0,0
ENG-Premier League,2324,Sheffield Utd,Andre Brooks,ENG,"MF,DF",19,2003,10.4,9,0.86,6,0,2,1,0,0,0,0.0,0,0,0,0,0,0
ENG-Premier League,2324,Sheffield Utd,Anel Ahmedhodžić,BIH,DF,24,1999,29.4,26,0.88,23,0,0,3,0,0,1,0.03,0,0,0,1,0,0
ENG-Premier League,2324,Sheffield Utd,Anis Ben Slimane,TUN,MF,22,2001,4.7,12,2.58,8,1,1,1,0,1,0,0.0,0,0,0,0,0,0
ENG-Premier League,2324,Sheffield Utd,Antwoine Hackford,ENG,FW,19,2004,0.1,0,0.0,0,0,0,0,0,0,0,0.0,0,0,0,0,0,0
ENG-Premier League,2324,Sheffield Utd,Auston Trusty,USA,DF,24,1998,28.6,16,0.56,11,2,1,0,0,2,0,0.0,0,0,0,0,0,0
ENG-Premier League,2324,Sheffield Utd,Ben Brereton,CHI,"FW,MF",24,1999,12.3,31,2.52,21,0,4,2,3,1,4,0.33,2,0,1,0,1,0
ENG-Premier League,2324,Sheffield Utd,Ben Osborn,ENG,"DF,MF",28,1994,15.2,24,1.58,22,1,0,0,1,0,3,0.2,3,0,0,0,0,0
ENG-Premier League,2324,Sheffield Utd,Bénie Traoré,CIV,"FW,MF",20,2002,4.3,6,1.4,6,0,0,0,0,0,1,0.23,1,0,0,0,0,0
ENG-Premier League,2324,Sheffield Utd,Cameron Archer,ENG,"FW,MF",22,2001,20.4,49,2.41,32,0,9,5,1,2,4,0.2,2,0,1,1,0,0
ENG-Premier League,2324,Sheffield Utd,Chris Basham,ENG,"DF,MF",35,1988,3.6,3,0.84,1,0,0,1,1,0,0,0.0,0,0,0,0,0,0
ENG-Premier League,2324,Sheffield Utd,Daniel Jebbison,CAN,FW,19,2003,0.2,0,0.0,0,0,0,0,0,0,0,0.0,0,0,0,0,0,0
ENG-Premier League,2324,Sheffield Utd,George Baldock,GRE,DF,30,1993,10.8,16,1.49,10,3,2,0,1,0,2,0.19,1,0,0,0,1,0
ENG-Premier League,2324,Sheffield Utd,Gustavo Hamer,NED,MF,26,1997,32.3,116,3.59,73,22,10,7,4,0,12,0.37,9,1,2,0,0,0
ENG-Premier League,2324,Sheffield Utd,Ivo Grbić,CRO,GK,27,1996,8.6,2,0.23,1,1,0,0,0,0,0,0.0,0,0,0,0,0,0
ENG-Premier League,2324,Sheffield Utd,Jack Robinson,ENG,DF,29,1993,32.1,23,0.72,12,7,0,3,0,1,1,0.03,0,1,0,0,0,0
ENG-Premier League,2324,Sheffield Utd,James Mcatee,ENG,"MF,FW",20,2002,20.2,60,2.97,45,4,5,4,2,0,3,0.15,3,0,0,0,0,0
ENG-Premier League,2324,Sheffield Utd,Jayden Bogle,ENG,DF,23,2000,31.0,33,1.07,26,1,3,1,2,0,1,0.03,0,0,0,1,0,0
ENG-Premier League,2324,Sheffield Utd,John Egan,IRL,DF,30,1992,5.4,1,0.19,0,0,0,1,0,0,0,0.0,0,0,0,0,0,0
ENG-Premier League,2324,Sheffield Utd,John Fleck,SCO,"MF,DF",31,1991,1.0,4,3.91,4,0,0,0,0,0,0,0.0,0,0,0,0,0,0
ENG-Premier League,2324,Sheffield Utd,Luke Thomas,ENG,DF,22,2001,10.2,10,0.98,8,0,0,1,1,0,0,0.0,0,0,0,0,0,0
ENG-Premier League,2324,Sheffield Utd,Mason Holgate,JAM,DF,26,1996,7.9,4,0.51,2,1,0,1,0,0,0,0.0,0,0,0,0,0,0
ENG-Premier League,2324,Sheffield Utd,Max Lowe,ENG,"DF,MF",26,1997,5.6,8,1.43,7,0,0,1,0,0,1,0.18,1,0,0,0,0,0
ENG-Premier League,2324,Sheffield Utd,Oliver Arblaster,ENG,MF,19,2004,10.5,23,2.2,19,2,0,1,0,1,2,0.19,1,0,0,1,0,0
ENG-Premier League,2324,Sheffield Utd,Oliver McBurnie,SCO,FW,27,1996,14.2,29,2.04,24,0,0,2,3,0,7,0.49,6,0,0,0,1,0
ENG-Premier League,2324,Sheffield Utd,Oliver Norwood,NIR,MF,32,1991,16.0,32,2.0,19,12,0,1,0,0,1,0.06,1,0,0,0,0,0
ENG-Premier League,2324,Sheffield Utd,Rhian Brewster,ENG,"FW,MF",23,2000,3.8,7,1.82,6,0,0,1,0,0,0,0.0,0,0,0,0,0,0
ENG-Premier League,2324,Sheffield Utd,Rhys Norrington-Davies,WAL,DF,24,1999,1.2,1,0.82,1,0,0,0,0,0,0,0.0,0,0,0,0,0,0
ENG-Premier League,2324,Sheffield Utd,Ryan One,SCO,FW,17,2006,0.1,0,0.0,0,0,0,0,0,0,0,0.0,0,0,0,0,0,0
ENG-Premier League,2324,Sheffield Utd,Sam Curtis,IRL,DF,17,2005,0.3,0,0.0,0,0,0,0,0,0,0,0.0,0,0,0,0,0,0
ENG-Premier League,2324,Sheffield Utd,Sydie Peck,ENG,MF,18,2004,0.1,0,0.0,0,0,0,0,0,0,0,0.0,0,0,0,0,0,0
ENG-Premier League,2324,Sheffield Utd,Tom Davies,ENG,MF,25,1998,2.5,6,2.44,4,0,0,1,0,1,1,0.41,0,0,0,0,0,1
ENG-Premier League,2324,Sheffield Utd,Vinicius Souza,BRA,MF,24,1999,29.6,26,0.88,22,1,0,1,0,2,3,0.1,2,0,0,1,0,0
ENG-Premier League,2324,Sheffield Utd,Wes Foderingham,ENG,GK,32,1991,29.4,4,0.14,4,0,0,0,0,0,0,0.0,0,0,0,0,0,0
ENG-Premier League,2324,Sheffield Utd,William Osula,DEN,FW,19,2003,8.7,12,1.37,3,0,1,5,3,0,1,0.11,0,0,0,1,0,0
ENG-Premier League,2324,Sheffield Utd,Yasser Larouci,ALG,DF,22,2001,5.9,8,1.36,5,1,1,1,0,0,0,0.0,0,0,0,0,0,0
ENG-Premier League,2324,Tottenham,Alejo Véliz,ARG,FW,19,2003,0.6,1,1.84,0,0,1,0,0,0,0,0.0,0,0,0,0,0,0
ENG-Premier League,2324,Tottenham,Ben Davies,WAL,DF,30,1993,12.1,15,1.24,14,0,0,0,1,0,2,0.17,1,0,0,0,1,0
ENG-Premier League,2324,Tottenham,Brennan Johnson,WAL,FW,22,2001,23.2,70,3.02,55,0,4,6,3,2,13,0.56,11,0,0,1,0,1
ENG-Premier League,2324,Tottenham,Bryan Gil,ESP,"FW,MF",22,2001,2.3,9,3.88,8,0,0,1,0,0,1,0.43,1,0,0,0,0,0
ENG-Premier League,2324,Tottenham,Cristian Romero,ARG,DF,25,1998,31.0,35,1.13,28,2,0,3,0,2,2,0.06,1,0,0,1,0,0
ENG-Premier League,2324,Tottenham,Dane Scarlett,ENG,FW,19,2004,0.2,1,4.09,0,0,0,0,0,1,0,0.0,0,0,0,0,0,0
ENG-Premier League,2324,Tottenham,Davinson Sánchez,COL,DF,27,1996,0.9,1,1.17,0,0,0,1,0,0,0,0.0,0,0,0,0,0,0
ENG-Premier League,2324,Tottenham,Dejan Kulusevski,SWE,"FW,MF",23,2000,30.7,127,4.14,104,1,9,11,0,2,8,0.26,6,0,1,0,0,1
ENG-Premier League,2324,Tottenham,Destiny Udogie,ITA,DF,20,2002,26.6,57,2.15,51,0,4,2,0,0,7,0.26,6,0,0,1,0,0
ENG-Premier League,2324,Tottenham,Emerson,BRA,DF,24,1999,12.9,21,1.63,15,2,0,1,2,1,3,0.23,1,2,0,0,0,0
ENG-Premier League,2324,Tottenham,Eric Dier,ENG,DF,29,1994,2.2,2,0.9,2,0,0,0,0,0,0,0.0,0,0,0,0,0,0
ENG-Premier League,2324,Tottenham,Giovani Lo Celso,ARG,MF,27,1996,5.6,28,4.96,22,2,1,2,1,0,3,0.53,3,0,0,0,0,0
ENG-Premier League,2324,Tottenham,Guglielmo Vicario,ITA,GK,26,1996,38.0,2,0.05,2,0,0,0,0,0,0,0.0,0,0,0,0,0,0
ENG-Premier League,2324,Tottenham,Ivan Perišić,CRO,FW,34,1989,1.1,8,6.99,6,1,1,0,0,0,2,1.75,1,1,0,0,0,0
ENG-Premier League,2324,Tottenham,James Maddison,ENG,MF,26,1996,23.7,161,6.79,110,22,10,6,10,3,19,0.8,13,1,2,1,1,1
ENG-Premier League,2324,Tottenham,Jamie Donley,NIR,FW,18,2005,0.0,0,0.0,0,0,0,0,0,0,0,0.0,0,0,0,0,0,0
ENG-Premier League,2324,Tottenham,Manor Solomon,ISR,FW,24,1999,2.2,19,8.59,16,0,1,1,1,0,2,0.9,2,0,0,0,0,0
ENG-Premier League,2324,Tottenham,Micky van de Ven,NED,DF,22,2001,26.0,11,0.42,9,0,1,0,1,0,1,0.04,0,0,1,0,0,0
ENG-Premier League,2324,Tottenham,Mikey Moore,ENG,MF,15,2007,0.0,0,0.0,0,0,0,0,0,0,0,0.0,0,0,0,0,0,0
ENG-Premier League,2324,Tottenham,Oliver Skipp,ENG,"MF,DF",22,2000,7.9,14,1.78,13,0,0,1,0,0,2,0.25,2,0,0,0,0,0
ENG-Premier League,2324,Tottenham,Pape Matar Sarr,SEN,MF,20,2002,23.0,52,2.26,43,0,0,3,2,4,7,0.3,6,0,0,1,0,0
ENG-Premier League,2324,Tottenham,Pedro Porro,ESP,DF,23,1999,34.3,107,3.12,66,28,4,5,4,0,12,0.35,9,3,0,0,0,0
ENG-Premier League,2324,Tottenham,Pierre Højbjerg,DEN,MF,27,1995,14.6,39,2.68,36,0,2,1,0,0,2,0.14,2,0,0,0,0,0
ENG-Premier League,2324,Tottenham,Radu Drăgușin,ROU,DF,21,2002,4.8,1,0.21,1,0,0,0,0,0,0,0.0,0,0,0,0,0,0
ENG-Premier League,2324,Tottenham,Richarlison,BRA,FW,26,1997,16.6,34,2.05,23,0,3,5,2,1,5,0.3,5,0,0,0,0,0
ENG-Premier League,2324,Tottenham,Rodrigo Bentancur,URU,MF,26,1997,11.2,31,2.78,26,0,1,2,0,2,4,0.36,3,0,0,0,0,1
ENG-Premier League,2324,Tottenham,Son Heung-min,KOR,FW,31,1992,32.6,129,3.96,108,0,11,6,3,1,17,0.52,13,0,3,0,1,0
ENG-Premier League,2324,Tottenham,Timo Werner,GER,FW,27,1996,9.0,34,3.78,25,0,4,4,1,0,7,0.78,7,0,0,0,0,0
ENG-Premier League,2324,Tottenham,Yves Bissouma,MLI,MF,26,1996,23.0,44,1.91,35,2,3,0,0,4,3,0.13,3,0,0,0,0,0
ENG-Premier League,2324,West Ham,Aaron Cresswell,ENG,"DF,FW",33,1989,4.8,12,2.48,7,3,0,0,2,0,1,0.21,1,0,0,0,0,0
ENG-Premier League,2324,West Ham,Alphonse Areola,FRA,GK,30,1993,30.0,2,0.07,1,1,0,0,0,0,0,0.0,0,0,0,0,0,0
ENG-Premier League,2324,West Ham,Angelo Ogbonna,ITA,DF,35,1988,7.1,0,0.0,0,0,0,0,0,0,0,0.0,0,0,0,0,0,0
ENG-Premier League,2324,West Ham,Ben Johnson,ENG,"DF,FW",23,2000,6.0,9,1.49,7,0,0,0,2,0,1,0.17,1,0,0,0,0,0
ENG-Premier League,2324,West Ham,Danny Ings,ENG,FW,31,1992,4.5,17,3.79,8,0,3,4,1,1,3,0.67,0,0,1,1,1,0
ENG-Premier League,2324,West Ham,Divin Mubama,ENG,FW,18,2004,0.9,0,0.0,0,0,0,0,0,0,0,0.0,0,0,0,0,0,0
ENG-Premier League,2324,West Ham,Edson Álvarez,MEX,MF,25,1997,26.4,32,1.21,24,0,2,3,0,3,2,0.08,2,0,0,0,0,0
ENG-Premier League,2324,West Ham,Emerson Palmieri,ITA,DF,28,1994,34.9,74,2.12,49,6,3,4,8,4,12,0.34,6,2,1,1,1,1
ENG-Premier League,2324,West Ham,George Earthy,ENG,FW,18,2004,0.4,2,5.29,2,0,0,0,0,0,0,0.0,0,0,0,0,0,0
ENG-Premier League,2324,West Ham,James Ward-Prowse,ENG,MF,28,1994,33.3,116,3.48,57,51,1,4,1,2,16,0.48,7,7,0,2,0,0
ENG-Premier League,2324,West Ham,Jarrod Bowen,ENG,FW,26,1996,33.5,81,2.42,55,7,6,5,6,2,12,0.36,9,1,0,1,0,1
ENG-Premier League,2324,West Ham,Kaelan Casey,ENG,DF,18,2004,0.0,0,0.0,0,0,0,0,0,0,0,0.0,0,0,0,0,0,0
ENG-Premier League,2324,West Ham,Kalvin Phillips,ENG,MF,27,1995,3.4,5,1.46,5,0,0,0,0,0,0,0.0,0,0,0,0,0,0
ENG-Premier League,2324,West Ham,Konstantinos Mavropanos,GRE,DF,25,1997,16.7,10,0.6,7,0,0,1,0,2,0,0.0,0,0,0,0,0,0
ENG-Premier League,2324,West Ham,Kurt Zouma,FRA,DF,28,1994,31.5,13,0.41,11,0,0,1,1,0,2,0.06,2,0,0,0,0,0
ENG-Premier League,2324,West Ham,Lucas Paquetá,BRA,"FW,MF",25,1997,29.1,95,3.26,77,1,7,2,6,2,16,0.55,13,1,2,0,0,0
ENG-Premier League,2324,West Ham,Maxwel Cornet,CIV,"MF,FW",26,1996,1.2,5,4.02,4,0,0,1,0,0,0,0.0,0,0,0,0,0,0
ENG-Premier League,2324,West Ham,Michail Antonio,JAM,FW,33,1990,18.8,33,1.75,18,1,5,3,4,2,5,0.27,4,0,1,0,0,0
ENG-Premier League,2324,West Ham,Mohammed Kudus,GHA,"FW,MF",22,2000,27.6,100,3.62,53,1,25,8,12,1,16,0.58,8,0,3,3,2,0
ENG-Premier League,2324,West Ham,Nayef Aguerd,MAR,DF,27,1996,20.6,14,0.68,12,1,0,1,0,0,0,0.0,0,0,0,0,0,0
ENG-Premier League,2324,West Ham,Pablo Fornals,ESP,"MF,FW",27,1996,4.7,16,3.37,13,0,0,0,1,2,1,0.21,0,0,0,0,0,1
ENG-Premier League,2324,West Ham,Saïd Benrahma,ALG,"FW,MF",27,1995,6.9,26,3.77,23,0,3,0,0,0,1,0.15,1,0,0,0,0,0
ENG-Premier League,2324,West Ham,Thilo Kehrer,GER,"DF,MF",26,1996,0.2,0,0.0,0,0,0,0,0,0,0,0.0,0,0,0,0,0,0
ENG-Premier League,2324,West Ham,Tomáš Souček,CZE,MF,28,1995,31.9,42,1.32,34,1,0,4,0,3,4,0.13,4,0,0,0,0,0
ENG-Premier League,2324,West Ham,Vladimír Coufal,CZE,DF,30,1992,34.8,77,2.21,50,18,3,2,3,1,12,0.34,12,0,0,0,0,0
ENG-Premier League,2324,West Ham,Łukasz Fabiański,POL,GK,38,1985,8.0,1,0.12,1,0,0,0,0,0,0,0.0,0,0,0,0,0,0
ENG-Premier League,2324,Wolves,Boubacar Traoré,MLI,MF,21,2001,9.1,13,1.43,12,0,1,0,0,0,2,0.22,2,0,0,0,0,0
ENG-Premier League,2324,Wolves,Craig Dawson,ENG,DF,33,1990,24.5,12,0.49,8,0,0,3,0,1,1,0.04,0,0,0,1,0,0
ENG-Premier League,2324,Wolves,Daniel Bentley,ENG,GK,30,1993,4.3,1,0.23,1,0,0,0,0,0,0,0.0,0,0,0,0,0,0
ENG-Premier League,2324,Wolves,Enso Gonzalez,PAR,"MF,DF",18,2005,0.0,1,90.0,1,0,0,0,0,0,0,0.0,0,0,0,0,0,0
ENG-Premier League,2324,Wolves,Fábio Silva,POR,FW,21,2002,2.9,9,3.08,6,0,1,1,1,0,0,0.0,0,0,0,0,0,0
ENG-Premier League,2324,Wolves,Hugo Bueno,ESP,"DF,MF",20,2002,8.2,17,2.07,14,0,1,1,1,0,2,0.24,2,0,0,0,0,0
ENG-Premier League,2324,Wolves,Hwang Hee-chan,KOR,"FW,MF",27,1996,23.5,48,2.04,29,0,8,6,4,1,9,0.38,4,0,3,1,1,0
ENG-Premier League,2324,Wolves,Jean-Ricner Bellegarde,HAI,"MF,FW",25,1998,10.6,30,2.81,20,2,6,1,1,0,2,0.19,1,0,1,0,0,0
ENG-Premier League,2324,Wolves,Jonny Castro,ESP,MF,29,1994,0.1,0,0.0,0,0,0,0,0,0,0,0.0,0,0,0,0,0,0
ENG-Premier League,2324,Wolves,José Sá,POR,GK,30,1993,33.7,3,0.09,3,0,0,0,0,0,1,0.03,1,0,0,0,0,0
ENG-Premier League,2324,Wolves,João Gomes,BRA,MF,22,2001,29.4,65,2.21,48,4,2,4,2,5,4,0.14,3,0,0,1,0,0
ENG-Premier League,2324,Wolves,Leon Chiwome,ENG,FW,17,2006,1.9,1,0.52,1,0,0,0,0,0,0,0.0,0,0,0,0,0,0
ENG-Premier League,2324,Wolves,Mario Lemina,GAB,MF,29,1993,33.0,47,1.42,42,0,0,4,1,0,5,0.15,4,0,0,0,1,0
ENG-Premier League,2324,Wolves,Matheus Cunha,BRA,"FW,MF",24,1999,27.1,78,2.88,46,1,12,8,8,3,13,0.48,9,0,1,1,1,1
ENG-Premier League,2324,Wolves,Matheus Nunes,POR,MF,24,1998,2.0,7,3.52,5,2,0,0,0,0,0,0.0,0,0,0,0,0,0
ENG-Premier League,2324,Wolves,Matt Doherty,IRL,"DF,MF",31,1992,12.8,19,1.48,18,1,0,0,0,0,0,0.0,0,0,0,0,0,0
ENG-Premier League,2324,Wolves,Max Kilman,ENG,DF,26,1997,38.0,39,1.03,34,0,2,2,0,1,0,0.0,0,0,0,0,0,0
ENG-Premier League,2324,Wolves,Nathan Fraser,IRL,FW,18,2005,2.1,6,2.92,5,0,0,1,0,0,0,0.0,0,0,0,0,0,0
ENG-Premier League,2324,Wolves,Nélson Semedo,POR,"DF,MF",29,1993,34.3,60,1.75,46,0,3,2,6,3,3,0.09,2,0,0,0,0,1
ENG-Premier League,2324,Wolves,Pablo Sarabia,ESP,"MF,FW",31,1992,19.4,87,4.49,49,26,2,4,5,1,11,0.57,7,4,0,0,0,0
ENG-Premier League,2324,Wolves,Pedro Neto,POR,"FW,MF",23,2000,16.8,75,4.45,41,15,8,4,7,0,14,0.83,8,2,2,1,1,0
ENG-Premier League,2324,Wolves,Rayan Aït-Nouri,ALG,"DF,MF",22,2001,25.9,65,2.51,41,9,6,3,6,0,5,0.19,2,0,0,0,3,0
ENG-Premier League,2324,Wolves,Santiago Bueno,URU,DF,24,1998,9.1,5,0.55,5,0,0,0,0,0,0,0.0,0,0,0,0,0,0
ENG-Premier League,2324,Wolves,Sasa Kalajdzic,AUT,FW,26,1997,1.8,5,2.71,5,0,0,0,0,0,0,0.0,0,0,0,0,0,0
ENG-Premier League,2324,Wolves,Tawanda Chirewa,ZIM,"MF,FW",19,2003,1.6,3,1.86,3,0,0,0,0,0,0,0.0,0,0,0,0,0,0
ENG-Premier League,2324,Wolves,Tommy Doyle,ENG,MF,21,2001,13.6,26,1.91,20,6,0,0,0,0,5,0.37,4,1,0,0,0,0
ENG-Premier League,2324,Wolves,Toti Gomes,POR,DF,24,1999,30.8,21,0.68,16,1,1,3,0,0,4,0.13,3,0,0,1,0,0
ENG-Premier League,2425,Arsenal,Ben White,ENG,DF,26,1997,13.3,23,1.73,22,1,0,0,0,0,2,0.15,2,0,0,0,0,0
ENG-Premier League,2425,Arsenal,Bukayo Saka,ENG,"FW,MF",22,2001,19.2,117,6.09,71,20,12,10,4,0,23,1.2,14,5,2,1,1,0
ENG-Premier League,2425,Arsenal,David Raya,ESP,GK,28,1995,38.0,5,0.13,4,1,0,0,0,0,1,0.03,1,0,0,0,0,0
ENG-Premier League,2425,Arsenal,Declan Rice,ENG,MF,25,1999,31.4,111,3.54,62,33,4,5,5,2,10,0.32,6,2,1,1,0,0
ENG-Premier League,2425,Arsenal,Ethan Nwaneri,ENG,"FW,MF",17,2007,9.9,29,2.91,15,6,5,2,1,0,3,0.3,3,0,0,0,0,0
ENG-Premier League,2425,Arsenal,Gabriel Jesus,BRA,FW,27,1997,6.8,18,2.66,10,0,1,5,1,1,4,0.59,1,0,0,3,0,0
ENG-Premier League,2425,Arsenal,Gabriel Magalhães,BRA,DF,26,1997,26.3,35,1.33,31,0,0,3,1,0,6,0.23,4,0,0,1,1,0
ENG-Premier League,2425,Arsenal,Gabriel Martinelli,BRA,"FW,MF",23,2001,25.4,74,2.91,55,1,8,7,3,0,7,0.27,4,0,1,1,1,0
ENG-Premier League,2425,Arsenal,Jakub Kiwior,POL,DF,24,2000,12.5,8,0.64,7,0,1,0,0,0,0,0.0,0,0,0,0,0,0
ENG-Premier League,2425,Arsenal,Jorginho,ITA,MF,32,1991,7.8,12,1.54,10,0,0,0,2,0,0,0.0,0,0,0,0,0,0
ENG-Premier League,2425,Arsenal,Jurriën Timber,NED,DF,23,2001,26.9,52,1.94,46,1,3,0,1,1,9,0.34,8,0,1,0,0,0
ENG-Premier League,2425,Arsenal,Kai Havertz,GER,"FW,MF",25,1999,20.8,42,2.02,35,0,1,6,0,0,3,0.14,2,0,0,1,0,0
ENG-Premier League,2425,Arsenal,Kieran Tierney,SCO,"DF,FW",27,1997,2.9,10,3.47,9,1,0,0,0,0,0,0.0,0,0,0,0,0,0
ENG-Premier League,2425,Arsenal,Leandro Trossard,BEL,FW,29,1994,28.3,93,3.29,72,2,7,6,4,2,8,0.28,8,0,0,0,0,0
ENG-Premier League,2425,Arsenal,Martin Ødegaard,NOR,MF,25,1998,25.8,124,4.8,101,13,3,5,2,0,18,0.7,14,2,1,1,0,0
ENG-Premier League,2425,Arsenal,Mikel Merino,ESP,"MF,FW",28,1996,17.6,43,2.44,35,0,0,6,2,0,4,0.23,3,0,0,1,0,0
ENG-Premier League,2425,Arsenal,Myles Lewis-Skelly,ENG,DF,17,2006,15.2,29,1.91,21,0,1,1,6,0,0,0.0,0,0,0,0,0,0
ENG-Premier League,2425,Arsenal,Nathan Butler-Oyedeji,ENG,FW,21,2003,0.1,0,0.0,0,0,0,0,0,0,0,0.0,0,0,0,0,0,0
ENG-Premier League,2425,Arsenal,Oleksandr Zinchenko,UKR,"DF,MF",27,1996,5.9,22,3.76,17,1,1,2,1,0,2,0.34,2,0,0,0,0,0
ENG-Premier League,2425,Arsenal,Raheem Sterling,ENG,"FW,MF",29,1994,5.5,19,3.43,14,0,3,2,0,0,3,0.54,3,0,0,0,0,0
ENG-Premier League,2425,Arsenal,Reiss Nelson,ENG,FW,24,1999,0.0,0,0.0,0,0,0,0,0,0,0,0.0,0,0,0,0,0,0
ENG-Premier League,2425,Arsenal,Riccardo Calafiori,ITA,DF,22,2002,10.9,13,1.19,11,0,1,1,0,0,2,0.18,2,0,0,0,0,0
ENG-Premier League,2425,Arsenal,Takehiro Tomiyasu,JPN,DF,25,1998,0.1,1,12.86,1,0,0,0,0,0,0,0.0,0,0,0,0,0,0
ENG-Premier League,2425,Arsenal,Thomas Partey,GHA,"MF,DF",31,1993,31.1,62,2.0,52,2,1,2,1,4,13,0.42,8,2,0,1,1,1
ENG-Premier League,2425,Arsenal,William Saliba,FRA,DF,23,2001,33.8,27,0.8,25,0,0,1,0,1,1,0.03,1,0,0,0,0,0
ENG-Premier League,2425,Aston Villa,Amadou Onana,BEL,MF,22,2001,18.0,32,1.78,25,2,1,4,0,0,4,0.22,2,1,0,1,0,0
ENG-Premier League,2425,Aston Villa,Andrés García,ESP,"DF,MF",21,2003,3.5,3,0.85,3,0,0,0,0,0,0,0.0,0,0,0,0,0,0
ENG-Premier League,2425,Aston Villa,Axel Disasi,FRA,DF,26,1998,5.4,9,1.65,7,0,1,0,0,1,0,0.0,0,0,0,0,0,0
ENG-Premier League,2425,Aston Villa,Boubacar Kamara,FRA,MF,24,1999,19.2,27,1.41,20,1,1,2,1,2,2,0.1,2,0,0,0,0,0
ENG-Premier League,2425,Aston Villa,Diego Carlos,BRA,DF,31,1993,9.2,4,0.43,3,0,0,1,0,0,0,0.0,0,0,0,0,0,0
ENG-Premier League,2425,Aston Villa,Donyell Malen,NED,FW,25,1999,3.4,6,1.76,5,0,1,0,0,0,0,0.0,0,0,0,0,0,0
ENG-Premier League,2425,Aston Villa,Emi Buendía,ARG,"MF,FW",27,1996,1.1,3,2.76,2,0,0,1,0,0,0,0.0,0,0,0,0,0,0
ENG-Premier League,2425,Aston Villa,Emiliano Martínez,ARG,GK,31,1992,35.5,6,0.17,5,1,0,0,0,0,1,0.03,1,0,0,0,0,0
ENG-Premier League,2425,Aston Villa,Ezri Konsa,ENG,DF,26,1997,32.6,24,0.74,19,2,1,2,0,0,3,0.09,3,0,0,0,0,0
ENG-Premier League,2425,Aston Villa,Ian Maatsen,NED,DF,22,2002,12.7,52,4.11,38,3,5,5,0,1,7,0.55,6,0,1,0,0,0
ENG-Premier League,2425,Aston Villa,Jacob Ramsey,ENG,"FW,MF",23,2001,18.0,51,2.83,40,0,4,1,6,0,8,0.44,7,0,0,0,1,0
ENG-Premier League,2425,Aston Villa,Jaden Philogene Bidace,ENG,"FW,MF",22,2002,3.7,5,1.36,3,0,0,0,1,1,0,0.0,0,0,0,0,0,0
ENG-Premier League,2425,Aston Villa,John McGinn,SCO,"MF,FW",29,1994,24.7,76,3.08,56,9,1,4,5,1,8,0.32,6,2,0,0,0,0
ENG-Premier League,2425,Aston Villa,Jáder Durán,COL,FW,20,2003,7.1,18,2.54,9,0,0,4,3,2,1,0.14,0,0,0,0,0,1
ENG-Premier League,2425,Aston Villa,Kosta Nedeljković,SRB,DF,18,2005,1.4,0,0.0,0,0,0,0,0,0,0,0.0,0,0,0,0,0,0
ENG-Premier League,2425,Aston Villa,Lamare Bogarde,NED,"DF,MF",20,2004,5.3,10,1.89,8,1,0,0,0,1,1,0.19,1,0,0,0,0,0
ENG-Premier League,2425,Aston Villa,Leon Bailey,JAM,"FW,MF",26,1997,12.7,38,3.01,23,1,8,3,3,0,4,0.32,4,0,0,0,0,0
ENG-Premier League,2425,Aston Villa,Lucas Digne,FRA,DF,31,1993,26.1,66,2.53,42,18,1,4,0,1,5,0.19,5,0,0,0,0,0
ENG-Premier League,2425,Aston Villa,Marco Asensio,ESP,MF,28,1996,8.3,35,4.24,22,7,1,1,3,1,3,0.36,2,0,0,1,0,0
ENG-Premier League,2425,Aston Villa,Marcus Rashford,ENG,FW,26,1997,4.9,27,5.49,14,5,3,2,3,0,3,0.61,2,0,0,1,0,0
ENG-Premier League,2425,Aston Villa,Matty Cash,POL,DF,26,1997,23.0,25,1.09,22,1,1,0,0,1,4,0.17,3,0,0,0,0,1
ENG-Premier League,2425,Aston Villa,Morgan Rogers,ENG,"FW,MF",22,2002,34.6,105,3.04,80,0,13,7,5,0,16,0.46,14,0,1,0,1,0
ENG-Premier League,2425,Aston Villa,Ollie Watkins,ENG,FW,28,1995,28.9,53,1.84,36,0,4,7,6,0,12,0.42,8,0,1,1,2,0
ENG-Premier League,2425,Aston Villa,Pau Torres,ESP,DF,27,1997,22.4,14,0.62,11,0,0,3,0,0,2,0.09,1,0,0,1,0,0
ENG-Premier League,2425,Aston Villa,Robin Olsen,SWE,GK,34,1990,2.5,2,0.8,0,2,0,0,0,0,1,0.4,0,1,0,0,0,0
ENG-Premier League,2425,Aston Villa,Ross Barkley,ENG,MF,30,1993,6.5,18,2.78,15,1,2,0,0,0,3,0.46,3,0,0,0,0,0
ENG-Premier League,2425,Aston Villa,Tyrone Mings,ENG,DF,31,1993,12.4,18,1.45,15,0,0,1,1,1,2,0.16,1,0,0,1,0,0
ENG-Premier League,2425,Aston Villa,Youri Tielemans,BEL,MF,27,1997,33.6,122,3.63,79,31,3,6,2,1,12,0.36,9,3,0,0,0,0
ENG-Premier League,2425,Bournemouth,Adam Smith,ENG,DF,33,1991,17.7,23,1.3,17,1,1,0,3,1,2,0.11,1,0,0,0,1,0
ENG-Premier League,2425,Bournemouth,Alex Scott,ENG,MF,20,2003,8.4,29,3.45,19,2,0,2,3,3,2,0.24,2,0,0,0,0,0
ENG-Premier League,2425,Bournemouth,Antoine Semenyo,GHA,FW,24,2000,35.6,132,3.71,85,4,21,15,5,2,13,0.37,7,1,2,1,2,0
ENG-Premier League,2425,Bournemouth,Ben Winterburn,ENG,"MF,FW",19,2004,0.3,0,0.0,0,0,0,0,0,0,0,0.0,0,0,0,0,0,0
ENG-Premier League,2425,Bournemouth,Dango Ouattara,BFA,FW,22,2002,22.3,72,3.23,57,0,3,10,1,1,6,0.27,4,0,1,1,0,0
ENG-Premier League,2425,Bournemouth,Daniel Jebbison,CAN,FW,20,2003,1.3,6,4.54,4,0,1,0,1,0,0,0.0,0,0,0,0,0,0
ENG-Premier League,2425,Bournemouth,David Brooks,WAL,"FW,MF",27,1997,10.7,46,4.31,36,6,2,2,0,0,2,0.19,1,0,0,1,0,0
ENG-Premier League,2425,Bournemouth,Dean Huijsen,ESP,DF,19,2005,27.0,43,1.59,40,1,0,1,1,0,3,0.11,3,0,0,0,0,0
ENG-Premier League,2425,Bournemouth,Enes Ünal,TUR,"FW,MF",27,1997,3.8,9,2.35,6,0,0,2,1,0,3,0.78,2,0,0,0,1,0
ENG-Premier League,2425,Bournemouth,Evanilson,BRA,FW,24,1999,25.8,61,2.37,39,0,3,10,9,0,8,0.31,2,0,1,1,4,0
ENG-Premier League,2425,Bournemouth,Illia Zabarnyi,UKR,DF,21,2002,34.5,29,0.84,26,1,0,0,0,2,1,0.03,1,0,0,0,0,0
ENG-Premier League,2425,Bournemouth,James Hill,ENG,DF,22,2002,5.0,8,1.61,5,2,0,0,0,1,1,0.2,1,0,0,0,0,0
ENG-Premier League,2425,Bournemouth,Julian Araujo,MEX,DF,22,2001,5.5,5,0.91,5,0,0,0,0,0,0,0.0,0,0,0,0,0,0
ENG-Premier League,2425,Bournemouth,Julio Soler,ARG,"DF,FW",19,2005,0.1,0,0.0,0,0,0,0,0,0,0,0.0,0,0,0,0,0,0
ENG-Premier League,2425,Bournemouth,Justin Kluivert,NED,MF,25,1999,26.0,101,3.88,73,8,7,7,5,1,12,0.46,11,0,0,0,1,0
ENG-Premier League,2425,Bournemouth,Kepa Arrizabalaga,ESP,GK,29,1994,31.0,4,0.13,2,2,0,0,0,0,0,0.0,0,0,0,0,0,0
ENG-Premier League,2425,Bournemouth,Lewis Cook,ENG,"MF,DF",27,1997,33.1,89,2.69,69,18,0,2,0,0,5,0.15,2,1,0,2,0,0
ENG-Premier League,2425,Bournemouth,Luis Sinisterra,COL,"FW,MF",25,1999,2.6,14,5.29,11,0,1,2,0,0,1,0.38,1,0,0,0,0,0
ENG-Premier League,2425,Bournemouth,Marcos Senesi,ARG,DF,27,1997,12.3,16,1.3,16,0,0,0,0,0,1,0.08,1,0,0,0,0,0
ENG-Premier League,2425,Bournemouth,Marcus Tavernier,ENG,"FW,MF",25,1999,21.5,98,4.55,68,12,3,10,5,0,11,0.51,5,3,0,2,1,0
ENG-Premier League,2425,Bournemouth,Mark Travers,IRL,GK,25,1999,5.0,0,0.0,0,0,0,0,0,0,0,0.0,0,0,0,0,0,0
ENG-Premier League,2425,Bournemouth,Max Aarons,ENG,DF,24,2000,1.0,2,2.09,2,0,0,0,0,0,0,0.0,0,0,0,0,0,0
ENG-Premier League,2425,Bournemouth,Milos Kerkez,HUN,DF,20,2003,37.1,83,2.24,67,4,2,2,5,3,9,0.24,7,0,1,0,0,1
ENG-Premier League,2425,Bournemouth,Neto,BRA,GK,35,1989,2.0,0,0.0,0,0,0,0,0,0,0,0.0,0,0,0,0,0,0
ENG-Premier League,2425,Bournemouth,Philip Billing,DEN,MF,28,1996,2.0,16,7.83,13,0,0,1,0,2,0,0.0,0,0,0,0,0,0
ENG-Premier League,2425,Bournemouth,Remy Rees-Dottin,ENG,FW,18,2006,0.0,0,0.0,0,0,0,0,0,0,0,0.0,0,0,0,0,0,0
ENG-Premier League,2425,Bournemouth,Ryan Christie,SCO,MF,29,1995,23.5,85,3.62,72,7,0,3,2,1,9,0.38,8,1,0,0,0,0
ENG-Premier League,2425,Bournemouth,Tyler Adams,USA,MF,25,1999,21.8,41,1.88,35,0,0,1,1,4,4,0.18,3,0,0,0,0,1
ENG-Premier League,2425,Bournemouth,Zain Silcott-Duberry,MSR,FW,19,2005,0.0,0,0.0,0,0,0,0,0,0,0,0.0,0,0,0,0,0,0
ENG-Premier League,2425,Brentford,Ben Mee,ENG,DF,34,1989,2.0,0,0.0,0,0,0,0,0,0,0,0.0,0,0,0,0,0,0
ENG-Premier League,2425,Brentford,Bryan Mbeumo,CMR,FW,24,1999,37.9,144,3.8,98,23,11,8,4,0,20,0.53,11,3,2,3,1,0
ENG-Premier League,2425,Brentford,Christian Nørgaard,DEN,MF,30,1994,31.3,58,1.85,48,0,0,7,2,1,13,0.42,11,0,0,1,1,0
ENG-Premier League,2425,Brentford,Edmond-Paris Maghoma,ENG,"MF,FW",23,2001,1.3,4,3.03,4,0,0,0,0,0,1,0.76,1,0,0,0,0,0
ENG-Premier League,2425,Brentford,Ethan Pinnock,JAM,DF,31,1993,21.3,21,0.99,13,5,0,2,1,0,0,0.0,0,0,0,0,0,0
ENG-Premier League,2425,Brentford,Fabio Carvalho,POR,"FW,MF",21,2002,5.1,10,1.97,7,0,1,2,0,0,1,0.2,1,0,0,0,0,0
ENG-Premier League,2425,Brentford,Frank Onyeka,NGA,MF,26,1998,0.3,0,0.0,0,0,0,0,0,0,0,0.0,0,0,0,0,0,0
ENG-Premier League,2425,Brentford,Gustavo Nunes,BRA,"FW,MF",18,2005,0.1,0,0.0,0,0,0,0,0,0,0,0.0,0,0,0,0,0,0
ENG-Premier League,2425,Brentford,Hákon Valdimarsson,ISL,GK,22,2001,1.6,2,1.24,2,0,0,0,0,0,0,0.0,0,0,0,0,0,0
ENG-Premier League,2425,Brentford,Jayden Meghoma,ENG,DF,18,2006,0.1,0,0.0,0,0,0,0,0,0,0,0.0,0,0,0,0,0,0
ENG-Premier League,2425,Brentford,Keane Lewis-Potter,ENG,"DF,FW",23,2001,34.4,71,2.07,56,0,5,3,6,1,8,0.23,6,0,0,0,2,0
ENG-Premier League,2425,Brentford,Kevin Schade,GER,FW,22,2001,25.5,57,2.24,35,6,6,4,5,1,9,0.35,5,0,1,3,0,0
ENG-Premier League,2425,Brentford,Kim Jisoo,KOR,DF,19,2004,0.3,0,0.0,0,0,0,0,0,0,0,0.0,0,0,0,0,0,0
ENG-Premier League,2425,Brentford,Kristoffer Ajer,NOR,DF,26,1998,16.0,18,1.13,15,0,1,2,0,0,2,0.13,2,0,0,0,0,0
ENG-Premier League,2425,Brentford,Mads Roerslev,DEN,DF,25,1999,12.2,21,1.72,18,0,1,1,1,0,2,0.16,2,0,0,0,0,0
ENG-Premier League,2425,Brentford,Mark Flekken,NED,GK,31,1993,36.4,10,0.27,6,4,0,0,0,0,2,0.05,0,2,0,0,0,0
ENG-Premier League,2425,Brentford,Mathias Jensen,DEN,MF,28,1996,9.6,41,4.28,29,11,1,0,0,0,5,0.52,2,2,1,0,0,0
ENG-Premier League,2425,Brentford,Michael Kayode,ITA,DF,20,2004,5.9,19,3.24,9,7,1,1,1,0,3,0.51,3,0,0,0,0,0
ENG-Premier League,2425,Brentford,Mikkel Damsgaard,DEN,"MF,FW",24,2000,32.3,120,3.71,92,14,6,2,1,5,21,0.65,15,3,1,0,1,1
ENG-Premier League,2425,Brentford,Nathan Collins,IRL,DF,23,2001,38.0,30,0.79,22,2,1,3,2,0,8,0.21,4,1,0,1,2,0
ENG-Premier League,2425,Brentford,Rico Henry,ENG,DF,27,1997,1.1,2,1.84,2,0,0,0,0,0,1,0.92,1,0,0,0,0,0
ENG-Premier League,2425,Brentford,Ryan Trevitt,ENG,MF,21,2003,0.0,0,0.0,0,0,0,0,0,0,0,0.0,0,0,0,0,0,0
ENG-Premier League,2425,Brentford,Sepp van den Berg,NED,DF,22,2001,28.7,22,0.77,19,0,0,2,1,0,2,0.07,1,0,0,0,1,0
ENG-Premier League,2425,Brentford,Thiago,BRA,"FW,MF",23,2001,1.9,3,1.55,2,0,0,0,0,1,0,0.0,0,0,0,0,0,0
ENG-Premier League,2425,Brentford,Vitaly Janelt,GER,MF,26,1998,25.0,32,1.28,31,1,0,0,0,0,3,0.12,3,0,0,0,0,0
ENG-Premier League,2425,Brentford,Yehor Yarmoliuk,UKR,MF,20,2004,16.1,26,1.62,21,0,2,1,1,1,2,0.12,2,0,0,0,0,0
ENG-Premier League,2425,Brentford,Yoane Wissa,COD,FW,27,1996,32.4,69,2.13,40,1,4,13,10,1,10,0.31,8,0,0,1,1,0
ENG-Premier League,2425,Brentford,Yunus Emre Konak,TUR,"FW,MF",18,2006,0.5,0,0.0,0,0,0,0,0,0,0,0.0,0,0,0,0,0,0
ENG-Premier League,2425,Brighton,Adam Webster,ENG,DF,29,1995,9.9,14,1.42,10,2,0,2,0,0,4,0.41,2,1,0,1,0,0
ENG-Premier League,2425,Brighton,Bart Verbruggen,NED,GK,21,2002,36.0,5,0.14,5,0,0,0,0,0,1,0.03,1,0,0,0,0,0
ENG-Premier League,2425,Brighton,Billy Gilmour,SCO,MF,23,2001,1.1,3,2.76,3,0,0,0,0,0,0,0.0,0,0,0,0,0,0
ENG-Premier League,2425,Brighton,Brajan Gruda,GER,"MF,FW",20,2004,7.6,39,5.1,29,6,3,0,1,0,6,0.78,4,2,0,0,0,0
ENG-Premier League,2425,Brighton,Carlos Baleba,CMR,MF,20,2004,29.6,66,2.23,55,0,2,5,1,3,4,0.14,2,0,0,0,1,1
ENG-Premier League,2425,Brighton,Danny Welbeck,ENG,FW,33,1990,23.5,53,2.26,39,1,3,4,6,0,8,0.34,7,0,0,1,0,0
ENG-Premier League,2425,Brighton,Diego Gómez,PAR,MF,21,2003,5.7,19,3.32,14,3,0,1,1,0,4,0.7,2,1,0,0,1,0
ENG-Premier League,2425,Brighton,Eiran Cashin,IRL,DF,22,2001,0.2,1,4.5,1,0,0,0,0,0,0,0.0,0,0,0,0,0,0
ENG-Premier League,2425,Brighton,Evan Ferguson,IRL,FW,19,2004,2.7,4,1.47,3,0,1,0,0,0,0,0.0,0,0,0,0,0,0
ENG-Premier League,2425,Brighton,Ferdi Kadioglu,TUR,"DF,MF",24,1999,4.3,13,3.03,11,0,0,0,1,1,2,0.47,2,0,0,0,0,0
ENG-Premier League,2425,Brighton,Georginio Rutter,FRA,"MF,FW",22,2002,18.4,64,3.47,37,0,9,7,9,2,8,0.43,3,0,3,1,1,0
ENG-Premier League,2425,Brighton,Harry Howell,ENG,FW,15,2008,0.1,0,0.0,0,0,0,0,0,0,0,0.0,0,0,0,0,0,0
ENG-Premier League,2425,Brighton,Igor,BRA,DF,26,1998,10.7,14,1.31,12,0,1,0,1,0,0,0.0,0,0,0,0,0,0
ENG-Premier League,2425,Brighton,Jack Hinshelwood,ENG,"MF,DF",19,2005,20.5,35,1.71,28,4,0,2,1,0,3,0.15,3,0,0,0,0,0
ENG-Premier League,2425,Brighton,Jakub Moder,POL,MF,25,1999,0.1,4,32.73,4,0,0,0,0,0,0,0.0,0,0,0,0,0,0
ENG-Premier League,2425,Brighton,James Milner,ENG,MF,38,1986,1.9,8,4.24,5,2,0,0,1,0,0,0.0,0,0,0,0,0,0
ENG-Premier League,2425,Brighton,Jan Paul van Hecke,NED,DF,24,2000,32.9,52,1.58,46,2,0,3,1,0,3,0.09,3,0,0,0,0,0
ENG-Premier League,2425,Brighton,Jason Steele,ENG,GK,33,1990,2.0,0,0.0,0,0,0,0,0,0,0,0.0,0,0,0,0,0,0
ENG-Premier League,2425,Brighton,Jeremy Sarmiento,ECU,MF,22,2002,0.1,0,0.0,0,0,0,0,0,0,0,0.0,0,0,0,0,0,0
ENG-Premier League,2425,Brighton,João Pedro,BRA,"FW,MF",22,2001,21.6,72,3.32,56,0,3,2,10,1,9,0.42,6,0,0,0,3,0
ENG-Premier League,2425,Brighton,Joël Veltman,NED,DF,32,1992,18.9,23,1.22,16,2,2,1,2,0,2,0.11,1,1,0,0,0,0
ENG-Premier League,2425,Brighton,Julio Enciso,PAR,"MF,FW",20,2004,3.3,12,3.69,5,1,3,1,2,0,0,0.0,0,0,0,0,0,0
ENG-Premier League,2425,Brighton,Kaoru Mitoma,JPN,"FW,MF",27,1997,28.9,87,3.01,73,0,6,3,4,1,10,0.35,9,0,0,0,1,0
ENG-Premier League,2425,Brighton,Lewis Dunk,ENG,DF,32,1991,23.1,19,0.82,17,0,0,2,0,0,3,0.13,2,0,0,1,0,0
ENG-Premier League,2425,Brighton,Mats Wieffer,NED,"DF,MF",24,1999,11.3,32,2.83,28,0,0,2,2,0,6,0.53,5,0,0,0,1,0
ENG-Premier League,2425,Brighton,Matt O'Riley,DEN,MF,23,2000,10.4,40,3.84,23,11,1,2,1,2,5,0.48,4,0,0,0,1,0
ENG-Premier League,2425,Brighton,Pervis Estupiñán,ECU,DF,26,1998,26.7,58,2.17,39,13,0,2,4,0,4,0.15,3,0,0,0,1,0
ENG-Premier League,2425,Brighton,Simon Adingra,CIV,"FW,MF",22,2002,12.2,47,3.86,33,0,6,8,0,0,7,0.57,5,0,1,1,0,0
ENG-Premier League,2425,Brighton,Solly March,ENG,"FW,MF",30,1994,1.9,7,3.77,6,1,0,0,0,0,2,1.08,2,0,0,0,0,0
ENG-Premier League,2425,Brighton,Tariq Lamptey,GHA,DF,23,2000,9.6,17,1.78,14,1,0,0,1,1,3,0.31,2,0,0,0,0,1
ENG-Premier League,2425,Brighton,Yankuba Minteh,GAM,"FW,MF",20,2004,20.4,64,3.14,37,8,13,3,2,1,13,0.64,6,0,6,1,0,0
ENG-Premier League,2425,Brighton,Yasin Ayari,SWE,MF,20,2003,21.8,61,2.79,36,13,3,3,4,2,6,0.27,4,2,0,0,0,0
ENG-Premier League,2425,Chelsea,Axel Disasi,FRA,DF,26,1998,4.0,2,0.49,2,0,0,0,0,0,0,0.0,0,0,0,0,0,0
ENG-Premier League,2425,Chelsea,Benoît Badiashile,FRA,DF,23,2001,3.7,0,0.0,0,0,0,0,0,0,0,0.0,0,0,0,0,0,0
ENG-Premier League,2425,Chelsea,Christopher Nkunku,FRA,FW,26,1997,10.2,34,3.32,21,0,5,5,1,2,4,0.39,1,0,1,1,1,0
ENG-Premier League,2425,Chelsea,Cole Palmer,ENG,"MF,FW",22,2002,35.5,202,5.7,134,21,16,21,8,2,15,0.42,11,0,2,1,1,0
ENG-Premier League,2425,Chelsea,Enzo Fernández,ARG,MF,23,2001,32.7,147,4.49,116,16,2,4,4,5,16,0.49,13,2,0,1,0,0
ENG-Premier League,2425,Chelsea,Filip Jørgensen,DEN,GK,22,2002,6.0,1,0.17,1,0,0,0,0,0,0,0.0,0,0,0,0,0,0
ENG-Premier League,2425,Chelsea,Jadon Sancho,ENG,FW,24,2000,19.6,70,3.57,63,0,3,1,3,0,10,0.51,9,0,0,0,1,0
ENG-Premier League,2425,Chelsea,Joshua Acheampong,ENG,DF,18,2006,1.9,2,1.06,2,0,0,0,0,0,0,0.0,0,0,0,0,0,0
ENG-Premier League,2425,Chelsea,João Félix,POR,"FW,MF",24,1999,4.1,18,4.38,12,0,2,3,1,0,3,0.73,1,0,1,0,1,0
ENG-Premier League,2425,Chelsea,Kiernan Dewsbury-Hall,ENG,"MF,FW",25,1998,2.9,5,1.7,5,0,0,0,0,0,1,0.34,1,0,0,0,0,0
ENG-Premier League,2425,Chelsea,Levi Colwill,ENG,DF,21,2003,35.0,38,1.09,34,2,0,1,0,1,3,0.09,2,0,0,0,0,1
ENG-Premier League,2425,Chelsea,Malo Gusto,FRA,DF,21,2003,20.7,58,2.8,57,0,0,1,0,0,4,0.19,4,0,0,0,0,0
ENG-Premier League,2425,Chelsea,Marc Cucurella,ESP,DF,26,1998,33.2,51,1.54,44,4,0,2,1,0,5,0.15,4,1,0,0,0,0
ENG-Premier League,2425,Chelsea,Marc Guiu,ESP,FW,18,2006,0.8,1,1.22,1,0,0,0,0,0,0,0.0,0,0,0,0,0,0
ENG-Premier League,2425,Chelsea,Mathis Amougou,FRA,MF,18,2006,0.1,0,0.0,0,0,0,0,0,0,0,0.0,0,0,0,0,0,0
ENG-Premier League,2425,Chelsea,Moisés Caicedo,ECU,"MF,DF",22,2001,37.2,98,2.63,86,0,2,0,3,7,9,0.24,6,0,0,0,2,1
ENG-Premier League,2425,Chelsea,Mykhailo Mudryk,UKR,FW,23,2001,1.7,6,3.6,4,1,0,0,1,0,0,0.0,0,0,0,0,0,0
ENG-Premier League,2425,Chelsea,Nicolas Jackson,SEN,FW,23,2001,24.7,69,2.8,42,0,9,7,9,2,10,0.41,7,0,2,1,0,0
ENG-Premier League,2425,Chelsea,Noni Madueke,ENG,FW,22,2002,22.6,79,3.5,57,0,10,7,4,1,8,0.35,5,0,0,1,1,1
ENG-Premier League,2425,Chelsea,Pedro Neto,POR,FW,24,2000,25.2,90,3.57,64,9,6,7,4,0,9,0.36,5,1,2,1,0,0
ENG-Premier League,2425,Chelsea,Reece James,ENG,"DF,MF",24,1999,11.8,18,1.52,11,5,1,1,0,0,3,0.25,1,0,1,1,0,0
ENG-Premier League,2425,Chelsea,Renato Veiga,POR,"DF,MF",21,2003,2.0,1,0.49,0,0,0,1,0,0,0,0.0,0,0,0,0,0,0
ENG-Premier League,2425,Chelsea,Robert Sánchez,ESP,GK,26,1997,32.0,7,0.22,6,1,0,0,0,0,2,0.06,1,1,0,0,0,0
ENG-Premier League,2425,Chelsea,Roméo Lavia,BEL,MF,20,2004,8.9,14,1.58,13,0,0,0,0,1,2,0.23,2,0,0,0,0,0
ENG-Premier League,2425,Chelsea,Shumaira Mheuka,ENG,MF,16,2007,0.0,0,0.0,0,0,0,0,0,0,0,0.0,0,0,0,0,0,0
ENG-Premier League,2425,Chelsea,Tosin Adarabioyo,ENG,DF,26,1997,15.7,15,0.96,8,0,0,6,0,1,1,0.06,0,0,0,1,0,0
ENG-Premier League,2425,Chelsea,Trevoh Chalobah,ENG,DF,25,1999,10.1,13,1.29,10,0,0,2,0,1,3,0.3,1,0,0,1,0,1
ENG-Premier League,2425,Chelsea,Tyrique George,ENG,FW,18,2006,2.0,7,3.44,6,0,1,0,0,0,1,0.49,1,0,0,0,0,0
ENG-Premier League,2425,Chelsea,Wesley Fofana,FRA,DF,23,2000,13.0,15,1.15,12,1,1,1,0,0,0,0.0,0,0,0,0,0,0
ENG-Premier League,2425,Crystal Palace,Adam Wharton,ENG,MF,20,2004,14.6,59,4.03,45,11,0,2,0,1,6,0.41,4,2,0,0,0,0
ENG-Premier League,2425,Crystal Palace,Asher Agbinone,ENG,MF,18,2005,0.1,1,15.0,1,0,0,0,0,0,0,0.0,0,0,0,0,0,0
ENG-Premier League,2425,Crystal Palace,Ben Chilwell,ENG,DF,27,1996,2.9,8,2.77,6,1,0,1,0,0,0,0.0,0,0,0,0,0,0
ENG-Premier League,2425,Crystal Palace,Caleb Kporha,ENG,DF,18,2006,0.1,0,0.0,0,0,0,0,0,0,0,0.0,0,0,0,0,0,0
ENG-Premier League,2425,Crystal Palace,Chadi Riad,MAR,DF,21,2003,1.0,0,0.0,0,0,0,0,0,0,0,0.0,0,0,0,0,0,0
ENG-Premier League,2425,Crystal Palace,Cheick Doucouré,MLI,MF,24,2000,5.0,9,1.79,5,0,0,2,1,1,3,0.6,1,0,0,1,1,0
ENG-Premier League,2425,Crystal Palace,Chris Richards,USA,DF,24,2000,21.4,9,0.42,5,0,0,2,1,1,2,0.09,0,0,0,2,0,0
ENG-Premier League,2425,Crystal Palace,Daichi Kamada,JPN,MF,27,1996,17.4,52,2.99,37,6,1,3,2,3,3,0.17,2,1,0,0,0,0
ENG-Premier League,2425,Crystal Palace,Daniel Muñoz,COL,DF,28,1996,35.9,85,2.37,69,2,2,6,1,5,11,0.31,9,0,1,1,0,0
ENG-Premier League,2425,Crystal Palace,Dean Henderson,ENG,GK,27,1997,38.0,4,0.11,3,1,0,0,0,0,0,0.0,0,0,0,0,0,0
ENG-Premier League,2425,Crystal Palace,Eberechi Eze,ENG,"MF,FW",26,1998,28.8,135,4.69,72,29,11,13,9,1,10,0.35,9,1,0,0,0,0
ENG-Premier League,2425,Crystal Palace,Eddie Nketiah,ENG,"FW,MF",25,1999,11.5,31,2.69,20,0,3,3,5,0,3,0.26,2,0,0,0,1,0
ENG-Premier League,2425,Crystal Palace,Ismaila Sarr,SEN,MF,26,1998,30.1,110,3.65,81,0,6,9,14,0,12,0.4,9,0,1,0,2,0
ENG-Premier League,2425,Crystal Palace,Jean-Philippe Mateta,FRA,FW,27,1997,29.4,65,2.21,44,0,5,11,5,0,10,0.34,5,0,3,2,0,0
ENG-Premier League,2425,Crystal Palace,Jefferson Lerma,COL,"MF,DF",29,1994,25.3,47,1.86,37,5,1,3,0,1,3,0.12,3,0,0,0,0,0
ENG-Premier League,2425,Crystal Palace,Jeffrey Schlupp,GHA,"MF,DF",31,1992,1.1,7,6.06,5,0,1,1,0,0,0,0.0,0,0,0,0,0,0
ENG-Premier League,2425,Crystal Palace,Joachim Andersen,DEN,DF,28,1996,1.0,1,1.0,1,0,0,0,0,0,0,0.0,0,0,0,0,0,0
ENG-Premier League,2425,Crystal Palace,Joel Ward,ENG,DF,34,1989,0.8,1,1.27,1,0,0,0,0,0,0,0.0,0,0,0,0,0,0
ENG-Premier League,2425,Crystal Palace,Jordan Ayew,GHA,"FW,MF",32,1991,0.2,1,4.29,1,0,0,0,0,0,0,0.0,0,0,0,0,0,0
ENG-Premier League,2425,Crystal Palace,Justin Devenny,NIR,MF,20,2003,5.6,15,2.66,12,2,0,1,0,0,1,0.18,1,0,0,0,0,0
ENG-Premier League,2425,Crystal Palace,Marc Guéhi,ENG,DF,24,2000,34.0,44,1.29,36,0,0,4,2,2,5,0.15,4,0,0,0,0,1
ENG-Premier League,2425,Crystal Palace,Matheus França,BRA,"MF,FW",20,2004,0.6,3,4.91,2,0,0,1,0,0,0,0.0,0,0,0,0,0,0
ENG-Premier League,2425,Crystal Palace,Maxence Lacroix,FRA,DF,24,2000,34.6,28,0.81,23,1,0,4,0,0,4,0.12,2,1,0,1,0,0
ENG-Premier League,2425,Crystal Palace,Nathaniel Clyne,ENG,"DF,MF",33,1991,5.4,3,0.56,3,0,0,0,0,0,0,0.0,0,0,0,0,0,0
ENG-Premier League,2425,Crystal Palace,Odsonne Édouard,FRA,"MF,FW",26,1998,1.3,1,0.78,1,0,0,0,0,0,0,0.0,0,0,0,0,0,0
ENG-Premier League,2425,Crystal Palace,Romain Esse,ENG,MF,19,2005,1.5,8,5.18,6,0,1,0,1,0,3,1.94,1,0,1,0,1,0
ENG-Premier League,2425,Crystal Palace,Trevoh Chalobah,ENG,DF,25,1999,11.8,11,0.93,10,0,1,0,0,0,0,0.0,0,0,0,0,0,0
ENG-Premier League,2425,Crystal Palace,Tyrick Mitchell,ENG,DF,24,1999,34.4,72,2.1,65,1,0,3,2,1,7,0.2,6,0,0,0,1,0
ENG-Premier League,2425,Crystal Palace,Will Hughes,ENG,MF,29,1995,23.4,67,2.86,42,17,1,2,5,0,6,0.26,2,3,0,1,0,0
ENG-Premier League,2425,Everton,Abdoulaye Doucouré,MLI,MF,31,1993,28.5,58,2.04,52,0,3,2,0,1,3,0.11,2,0,0,0,0,1
ENG-Premier League,2425,Everton,Armando Broja,ALB,FW,22,2001,3.7,7,1.89,7,0,0,0,0,0,0,0.0,0,0,0,0,0,0
ENG-Premier League,2425,Everton,Ashley Young,ENG,DF,39,1985,20.8,47,2.25,34,8,0,1,2,2,6,0.29,4,0,0,1,0,1
ENG-Premier League,2425,Everton,Beto,GNB,FW,26,1998,17.0,26,1.52,16,0,3,3,4,0,1,0.06,1,0,0,0,0,0
ENG-Premier League,2425,Everton,Carlos Alcaraz,ARG,"FW,MF",21,2002,8.5,33,3.89,24,2,3,3,1,0,6,0.71,5,0,0,1,0,0
ENG-Premier League,2425,Everton,Dominic Calvert-Lewin,ENG,FW,27,1997,17.9,26,1.46,14,0,4,3,3,2,4,0.22,1,0,2,0,1,0
ENG-Premier League,2425,Everton,Dwight McNeil,ENG,"MF,FW",24,1999,15.2,72,4.73,39,22,6,2,2,1,10,0.66,5,2,2,0,0,1
ENG-Premier League,2425,Everton,Harrison Armstrong,ENG,MF,17,2007,0.5,1,1.87,1,0,0,0,0,0,0,0.0,0,0,0,0,0,0
ENG-Premier League,2425,Everton,Idrissa Gana Gueye,SEN,MF,34,1989,34.0,60,1.76,52,0,1,2,3,2,4,0.12,4,0,0,0,0,0
ENG-Premier League,2425,Everton,Iliman Ndiaye,SEN,FW,24,2000,27.0,65,2.41,49,0,9,1,6,0,8,0.3,5,0,2,0,1,0
ENG-Premier League,2425,Everton,Jack Harrison,ENG,FW,27,1996,23.1,57,2.47,38,9,4,2,4,0,4,0.17,1,0,0,1,2,0
ENG-Premier League,2425,Everton,Jake O'Brien,IRL,DF,23,2001,17.5,16,0.92,14,0,2,0,0,0,0,0.0,0,0,0,0,0,0
ENG-Premier League,2425,Everton,James Garner,ENG,"MF,DF",23,2001,17.7,39,2.2,27,11,0,0,0,1,5,0.28,4,1,0,0,0,0
ENG-Premier League,2425,Everton,James Tarkowski,ENG,DF,31,1992,32.5,38,1.17,32,2,0,4,0,0,4,0.12,4,0,0,0,0,0
ENG-Premier League,2425,Everton,Jarrad Branthwaite,ENG,DF,22,2002,27.9,13,0.47,11,1,0,0,1,0,2,0.07,1,1,0,0,0,0
ENG-Premier League,2425,Everton,Jesper Lindstrøm,DEN,FW,24,2000,13.8,46,3.35,30,7,2,3,3,1,1,0.07,1,0,0,0,0,0
ENG-Premier League,2425,Everton,Jordan Pickford,ENG,GK,30,1994,38.0,13,0.34,12,1,0,0,0,0,2,0.05,2,0,0,0,0,0
ENG-Premier League,2425,Everton,Mason Holgate,JAM,"FW,DF",27,1996,0.1,0,0.0,0,0,0,0,0,0,0,0.0,0,0,0,0,0,0
ENG-Premier League,2425,Everton,Michael Keane,ENG,DF,31,1993,11.7,6,0.51,6,0,0,0,0,0,0,0.0,0,0,0,0,0,0
ENG-Premier League,2425,Everton,Nathan Patterson,SCO,DF,22,2001,3.9,11,2.85,8,1,2,0,0,0,1,0.26,1,0,0,0,0,0
ENG-Premier League,2425,Everton,Orel Mangala,BEL,MF,26,1998,14.0,24,1.72,17,1,2,3,1,0,1,0.07,0,0,0,0,1,0
ENG-Premier League,2425,Everton,Roman Dixon,ENG,DF,19,2004,1.0,0,0.0,0,0,0,0,0,0,0,0.0,0,0,0,0,0,0
ENG-Premier League,2425,Everton,Séamus Coleman,IRL,DF,35,1988,2.4,2,0.84,1,0,1,0,0,0,1,0.42,1,0,0,0,0,0
ENG-Premier League,2425,Everton,Tim Iroegbunam,ENG,MF,21,2003,6.4,10,1.57,6,0,1,0,1,2,1,0.16,1,0,0,0,0,0
ENG-Premier League,2425,Everton,Vitaliy Mykolenko,UKR,DF,25,1999,34.2,43,1.26,40,0,1,2,0,0,4,0.12,3,0,0,1,0,0
ENG-Premier League,2425,Everton,Youssef Chermiti,POR,"FW,MF",20,2004,0.5,0,0.0,0,0,0,0,0,0,0,0.0,0,0,0,0,0,0
ENG-Premier League,2425,Fulham,Adama Traoré,ESP,"FW,MF",28,1996,19.7,82,4.16,66,0,9,4,1,2,10,0.51,9,0,1,0,0,0
ENG-Premier League,2425,Fulham,Alex Iwobi,NGA,"FW,MF",28,1996,33.1,122,3.68,106,0,8,6,2,0,16,0.48,13,0,2,1,0,0
ENG-Premier League,2425,Fulham,Andreas Pereira,BRA,MF,28,1996,22.4,104,4.65,54,41,0,4,4,1,8,0.36,4,2,0,0,2,0
ENG-Premier League,2425,Fulham,Antonee Robinson,USA,DF,26,1997,35.2,80,2.27,74,1,2,2,0,1,11,0.31,11,0,0,0,0,0
ENG-Premier League,2425,Fulham,Bernd Leno,GER,GK,32,1992,38.0,6,0.16,6,0,0,0,0,0,2,0.05,2,0,0,0,0,0
ENG-Premier League,2425,Fulham,Calvin Bassey,NGA,DF,24,1999,34.2,23,0.67,19,1,2,0,0,1,3,0.09,2,0,0,0,0,1
ENG-Premier League,2425,Fulham,Carlos Vinícius,BRA,"MF,FW",29,1995,0.2,2,11.25,0,0,1,0,1,0,0,0.0,0,0,0,0,0,0
ENG-Premier League,2425,Fulham,Emile Smith Rowe,ENG,MF,24,2000,22.7,73,3.22,57,0,3,8,2,3,12,0.53,10,0,1,0,0,1
ENG-Premier League,2425,Fulham,Harrison Reed,ENG,MF,29,1995,1.2,1,0.89,0,1,0,0,0,0,0,0.0,0,0,0,0,0,0
ENG-Premier League,2425,Fulham,Harry Wilson,WAL,"FW,MF",27,1997,12.9,44,3.41,30,6,0,5,2,1,3,0.23,2,0,0,0,1,0
ENG-Premier League,2425,Fulham,Issa Diop,FRA,DF,27,1997,14.9,6,0.4,5,0,0,1,0,0,0,0.0,0,0,0,0,0,0
ENG-Premier League,2425,Fulham,Jay Stansfield,ENG,MF,21,2002,0.0,0,0.0,0,0,0,0,0,0,0,0.0,0,0,0,0,0,0
ENG-Premier League,2425,Fulham,Joachim Andersen,DEN,DF,28,1996,28.7,35,1.23,27,1,0,7,0,0,2,0.07,1,1,0,0,0,0
ENG-Premier League,2425,Fulham,Jorge Cuenca,ESP,DF,24,1999,3.9,1,0.26,1,0,0,0,0,0,0,0.0,0,0,0,0,0,0
ENG-Premier League,2425,Fulham,Joshua King,ENG,MF,17,2007,1.4,8,5.54,6,0,1,1,0,0,2,1.38,2,0,0,0,0,0
ENG-Premier League,2425,Fulham,Kenny Tete,NED,DF,28,1995,19.7,36,1.83,28,0,2,3,2,1,4,0.2,4,0,0,0,0,0
ENG-Premier League,2425,Fulham,Martial Godo,ENG,"FW,DF",21,2003,0.3,1,3.91,1,0,0,0,0,0,0,0.0,0,0,0,0,0,0
ENG-Premier League,2425,Fulham,Raúl Jiménez,MEX,FW,33,1991,27.7,66,2.38,48,1,2,9,5,1,7,0.25,4,0,0,1,1,1
ENG-Premier League,2425,Fulham,Reiss Nelson,ENG,FW,24,1999,5.4,31,5.73,21,2,3,4,0,1,1,0.18,1,0,0,0,0,0
ENG-Premier League,2425,Fulham,Rodrigo Muniz,BRA,FW,23,2001,10.7,17,1.59,10,0,2,2,2,1,2,0.19,1,0,1,0,0,0
ENG-Premier League,2425,Fulham,Ryan Sessegnon,ENG,"FW,DF",24,2000,6.4,24,3.72,20,0,1,2,1,0,4,0.62,4,0,0,0,0,0
ENG-Premier League,2425,Fulham,Sander Berge,NOR,MF,26,1998,24.7,48,1.94,43,1,1,1,0,2,2,0.08,2,0,0,0,0,0
ENG-Premier League,2425,Fulham,Saša Lukić,SRB,MF,27,1996,26.0,55,2.11,36,12,0,5,1,1,4,0.15,3,0,0,1,0,0
ENG-Premier League,2425,Fulham,Timothy Castagne,BEL,DF,28,1995,18.3,25,1.36,21,0,1,2,1,0,3,0.16,2,0,0,1,0,0
ENG-Premier League,2425,Fulham,Tom Cairney,SCO,MF,33,1991,7.0,33,4.71,28,2,0,2,1,0,3,0.43,3,0,0,0,0,0
ENG-Premier League,2425,Fulham,Willian,BRA,"FW,MF",35,1988,2.9,17,5.93,11,4,0,2,0,0,0,0.0,0,0,0,0,0,0
ENG-Premier League,2425,Ipswich Town,Alex Palmer,ENG,GK,27,1996,13.0,3,0.23,3,0,0,0,0,0,0,0.0,0,0,0,0,0,0
ENG-Premier League,2425,Ipswich Town,Ali Al Hamadi,IRQ,FW,22,2002,1.5,8,5.37,4,0,3,0,1,0,0,0.0,0,0,0,0,0,0
ENG-Premier League,2425,Ipswich Town,Arijanet Muric,KVX,GK,25,1998,18.0,1,0.06,0,1,0,0,0,0,0,0.0,0,0,0,0,0,0
ENG-Premier League,2425,Ipswich Town,Axel Tuanzebe,COD,DF,26,1997,19.0,19,1.0,17,1,0,0,1,0,2,0.11,2,0,0,0,0,0
ENG-Premier League,2425,Ipswich Town,Ben Godfrey,ENG,DF,26,1998,1.8,1,0.57,1,0,0,0,0,0,0,0.0,0,0,0,0,0,0
ENG-Premier League,2425,Ipswich Town,Ben Johnson,ENG,"DF,FW",24,2000,15.0,24,1.6,12,9,0,1,2,0,5,0.33,4,0,0,1,0,0
ENG-Premier League,2425,Ipswich Town,Cameron Burgess,AUS,DF,28,1995,17.1,14,0.82,14,0,0,0,0,0,3,0.18,3,0,0,0,0,0
ENG-Premier League,2425,Ipswich Town,Chiedozie Ogbene,IRL,FW,27,1997,2.6,3,1.13,2,0,0,0,1,0,0,0.0,0,0,0,0,0,0
ENG-Premier League,2425,Ipswich Town,Christian Walton,ENG,GK,28,1995,7.0,2,0.29,1,1,0,0,0,0,0,0.0,0,0,0,0,0,0
ENG-Premier League,2425,Ipswich Town,Conor Chaplin,ENG,"MF,FW",27,1997,9.5,22,2.32,19,3,0,0,0,0,1,0.11,1,0,0,0,0,0
ENG-Premier League,2425,Ipswich Town,Conor Townsend,ENG,DF,31,1993,3.7,5,1.34,4,1,0,0,0,0,1,0.27,1,0,0,0,0,0
ENG-Premier League,2425,Ipswich Town,Dara O'Shea,IRL,DF,25,1999,34.7,24,0.69,19,0,0,2,2,1,4,0.12,4,0,0,0,0,0
ENG-Premier League,2425,Ipswich Town,George Edmundson,ENG,DF,26,1997,0.0,0,0.0,0,0,0,0,0,0,0,0.0,0,0,0,0,0,0
ENG-Premier League,2425,Ipswich Town,George Hirst,SCO,FW,25,1999,7.3,9,1.22,7,0,0,1,1,0,3,0.41,2,0,0,1,0,0
ENG-Premier League,2425,Ipswich Town,Harry Clarke,ENG,DF,23,2001,4.2,1,0.24,1,0,0,0,0,0,0,0.0,0,0,0,0,0,0
ENG-Premier League,2425,Ipswich Town,Jack Clarke,ENG,"FW,MF",23,2000,13.1,50,3.81,42,2,3,0,0,3,5,0.38,4,1,0,0,0,0
ENG-Premier League,2425,Ipswich Town,Jack Taylor,IRL,MF,26,1998,9.6,22,2.3,15,1,2,2,0,2,2,0.21,2,0,0,0,0,0
ENG-Premier League,2425,Ipswich Town,Jacob Greaves,ENG,DF,23,2000,24.5,20,0.82,16,1,0,1,1,1,1,0.04,1,0,0,0,0,0
ENG-Premier League,2425,Ipswich Town,Jaden Philogene Bidace,ENG,"FW,DF",22,2002,5.3,9,1.71,6,0,1,1,1,0,0,0.0,0,0,0,0,0,0
ENG-Premier League,2425,Ipswich Town,Jens Cajuste,SWE,MF,24,1999,21.8,36,1.65,28,2,4,0,1,1,2,0.09,1,0,1,0,0,0
ENG-Premier League,2425,Ipswich Town,Julio Enciso,PAR,"MF,FW",20,2004,9.7,29,3.0,16,4,6,2,0,1,4,0.41,2,1,1,0,0,0
ENG-Premier League,2425,Ipswich Town,Kalvin Phillips,ENG,MF,28,1995,13.7,17,1.24,13,3,0,1,0,0,3,0.22,3,0,0,0,0,0
ENG-Premier League,2425,Ipswich Town,Leif Davis,ENG,DF,24,2000,30.5,93,3.05,46,39,3,3,1,1,4,0.13,3,0,1,0,0,0
ENG-Premier League,2425,Ipswich Town,Liam Delap,ENG,FW,21,2003,28.8,62,2.15,28,0,12,7,13,2,7,0.24,3,0,2,0,2,0
ENG-Premier League,2425,Ipswich Town,Luke Woolfenden,ENG,DF,25,1998,13.2,2,0.15,2,0,0,0,0,0,0,0.0,0,0,0,0,0,0
ENG-Premier League,2425,Ipswich Town,Marcus Harness,ENG,MF,28,1996,0.5,2,4.0,2,0,0,0,0,0,0,0.0,0,0,0,0,0,0
ENG-Premier League,2425,Ipswich Town,Massimo Luongo,AUS,MF,31,1992,2.2,0,0.0,0,0,0,0,0,0,0,0.0,0,0,0,0,0,0
ENG-Premier League,2425,Ipswich Town,Nathan Broadhead,WAL,"MF,FW",26,1998,7.8,22,2.82,15,0,6,1,0,0,2,0.26,1,0,1,0,0,0
ENG-Premier League,2425,Ipswich Town,Omari Hutchinson,ENG,"MF,FW",20,2003,28.7,81,2.82,59,0,9,6,5,2,6,0.21,6,0,0,0,0,0
ENG-Premier League,2425,Ipswich Town,Sam Morsy,EGY,MF,32,1991,30.6,51,1.67,46,4,0,0,1,0,2,0.07,2,0,0,0,0,0
ENG-Premier League,2425,Ipswich Town,Sammie Szmodics,IRL,"FW,MF",28,1995,11.0,10,0.91,8,0,1,1,0,0,0,0.0,0,0,0,0,0,0
ENG-Premier League,2425,Ipswich Town,Wes Burns,WAL,"FW,DF",29,1994,10.3,16,1.55,12,0,1,1,2,0,1,0.1,1,0,0,0,0,0
ENG-Premier League,2425,Leicester City,Abdul Fatawu Issahaku,GHA,FW,20,2004,6.4,17,2.64,10,0,2,1,4,0,3,0.47,2,0,0,1,0,0
ENG-Premier League,2425,Leicester City,Bilal El Khannouss,MAR,"MF,FW",20,2004,24.2,78,3.22,54,9,8,4,3,0,7,0.29,5,1,0,1,0,0
ENG-Premier League,2425,Leicester City,Bobby De Cordova-Reid,JAM,FW,31,1993,8.3,13,1.57,8,0,0,3,2,0,3,0.36,1,0,0,1,1,0
ENG-Premier League,2425,Leicester City,Boubakary Soumaré,FRA,MF,25,1999,24.1,35,1.45,27,0,5,1,2,0,3,0.12,3,0,0,0,0,0
ENG-Premier League,2425,Leicester City,Caleb Okoli,ITA,DF,23,2001,12.5,4,0.32,4,0,0,0,0,0,0,0.0,0,0,0,0,0,0
ENG-Premier League,2425,Leicester City,Conor Coady,ENG,DF,31,1993,19.0,6,0.32,6,0,0,0,0,0,0,0.0,0,0,0,0,0,0
ENG-Premier League,2425,Leicester City,Danny Ward,WAL,GK,31,1993,1.5,0,0.0,0,0,0,0,0,0,0,0.0,0,0,0,0,0,0
ENG-Premier League,2425,Leicester City,Facundo Buonanotte,ARG,"FW,MF",19,2004,16.9,51,3.01,27,11,9,1,3,0,5,0.3,1,2,2,0,0,0
ENG-Premier League,2425,Leicester City,Hamza Choudhury,BAN,"MF,DF",26,1997,1.5,3,2.05,2,0,1,0,0,0,0,0.0,0,0,0,0,0,0
ENG-Premier League,2425,Leicester City,Harry Winks,ENG,MF,28,1996,17.1,39,2.28,29,7,1,1,1,0,3,0.18,2,1,0,0,0,0
ENG-Premier League,2425,Leicester City,Jake Evans,,FW,,,0.3,0,0.0,0,0,0,0,0,0,0,0.0,0,0,0,0,0,0
ENG-Premier League,2425,Leicester City,Jakub Stolarczyk,POL,GK,23,2000,10.0,0,0.0,0,0,0,0,0,0,0,0.0,0,0,0,0,0,0
ENG-Premier League,2425,Leicester City,James Justin,ENG,DF,26,1998,32.4,33,1.02,21,2,1,4,5,0,2,0.06,2,0,0,0,0,0
ENG-Premier League,2425,Leicester City,Jamie Vardy,ENG,FW,37,1987,31.4,47,1.5,33,0,6,2,6,0,10,0.32,5,0,2,1,2,0
ENG-Premier League,2425,Leicester City,Jannik Vestergaard,DEN,DF,31,1992,15.5,7,0.45,6,0,0,0,0,1,0,0.0,0,0,0,0,0,0
ENG-Premier League,2425,Leicester City,Jeremy Monga,,"FW,MF",15,2009,1.2,2,1.61,2,0,0,0,0,0,0,0.0,0,0,0,0,0,0
ENG-Premier League,2425,Leicester City,Jordan Ayew,GHA,"FW,MF",32,1991,18.2,41,2.25,24,8,3,4,1,1,2,0.11,1,0,0,1,0,0
ENG-Premier League,2425,Leicester City,Kasey McAteer,IRL,FW,22,2001,9.5,20,2.11,18,0,0,0,2,0,2,0.21,1,0,0,0,1,0
ENG-Premier League,2425,Leicester City,Luke Thomas,ENG,DF,23,2001,12.3,16,1.3,12,3,0,0,0,1,1,0.08,1,0,0,0,0,0
ENG-Premier League,2425,Leicester City,Mads Hermansen,DEN,GK,24,2000,26.5,3,0.11,3,0,0,0,0,0,0,0.0,0,0,0,0,0,0
ENG-Premier League,2425,Leicester City,Michael Golding,ENG,MF,18,2006,0.0,0,0.0,0,0,0,0,0,0,0,0.0,0,0,0,0,0,0
ENG-Premier League,2425,Leicester City,Odsonne Édouard,FRA,FW,26,1998,0.3,2,6.21,2,0,0,0,0,0,0,0.0,0,0,0,0,0,0
ENG-Premier League,2425,Leicester City,Olabade Aluko,,DF,,,0.0,0,0.0,0,0,0,0,0,0,0,0.0,0,0,0,0,0,0
ENG-Premier League,2425,Leicester City,Oliver Skipp,ENG,MF,23,2000,12.5,15,1.2,13,1,0,0,1,0,0,0.0,0,0,0,0,0,0
ENG-Premier League,2425,Leicester City,Patson Daka,ZAM,"FW,MF",25,1998,8.2,10,1.23,7,0,2,1,0,0,1,0.12,0,0,1,0,0,0
ENG-Premier League,2425,Leicester City,Ricardo Pereira,POR,DF,30,1993,4.3,3,0.7,3,0,0,0,0,0,0,0.0,0,0,0,0,0,0
ENG-Premier League,2425,Leicester City,Stephy Mavididi,ENG,FW,26,1998,17.9,50,2.78,39,2,4,2,2,1,7,0.39,6,0,1,0,0,0
ENG-Premier League,2425,Leicester City,Victor Bernth Kristiansen,DEN,DF,21,2002,27.6,42,1.52,33,6,1,0,2,0,3,0.11,3,0,0,0,0,0
ENG-Premier League,2425,Leicester City,Wilfred Ndidi,NGA,MF,27,1996,25.8,31,1.2,29,0,1,1,0,0,4,0.15,4,0,0,0,0,0
ENG-Premier League,2425,Leicester City,Will Alves,ENG,FW,19,2005,0.0,0,0.0,0,0,0,0,0,0,0,0.0,0,0,0,0,0,0
ENG-Premier League,2425,Leicester City,Wout Faes,BEL,DF,26,1998,31.3,17,0.54,15,0,0,1,0,1,0,0.0,0,0,0,0,0,0
ENG-Premier League,2425,Leicester City,Woyo Coulibaly,MLI,DF,25,1999,1.2,0,0.0,0,0,0,0,0,0,0,0.0,0,0,0,0,0,0
ENG-Premier League,2425,Liverpool,Alexis Mac Allister,ARG,MF,25,1998,28.9,120,4.15,83,24,2,6,2,3,15,0.52,10,3,0,2,0,0
ENG-Premier League,2425,Liverpool,Alisson,BRA,GK,31,1992,27.9,7,0.25,7,0,0,0,0,0,1,0.04,1,0,0,0,0,0
ENG-Premier League,2425,Liverpool,Andrew Robertson,SCO,DF,30,1994,27.6,80,2.9,68,9,1,1,0,1,4,0.14,4,0,0,0,0,0
ENG-Premier League,2425,Liverpool,Caoimhín Kelleher,IRL,GK,25,1998,10.0,3,0.3,3,0,0,0,0,0,1,0.1,1,0,0,0,0,0
ENG-Premier League,2425,Liverpool,Cody Gakpo,NED,FW,25,1999,21.5,80,3.72,57,0,9,7,5,2,8,0.37,3,0,3,1,1,0
ENG-Premier League,2425,Liverpool,Conor Bradley,NIR,DF,21,2003,8.4,19,2.27,13,0,5,0,1,0,4,0.48,3,0,1,0,0,0
ENG-Premier League,2425,Liverpool,Curtis Jones,ENG,"MF,DF",23,2001,19.0,52,2.74,45,1,0,4,2,0,8,0.42,5,1,0,1,1,0
ENG-Premier League,2425,Liverpool,Darwin Núñez,URU,FW,25,1999,12.6,31,2.46,21,0,4,1,2,3,4,0.32,3,0,0,0,1,0
ENG-Premier League,2425,Liverpool,Diogo Jota,POR,FW,27,1996,13.3,37,2.79,24,0,6,5,1,1,9,0.68,5,0,2,1,1,0
ENG-Premier League,2425,Liverpool,Dominik Szoboszlai,HUN,MF,23,2000,27.7,119,4.3,90,7,5,13,3,1,16,0.58,12,1,0,3,0,0
ENG-Premier League,2425,Liverpool,Federico Chiesa,ITA,FW,26,1997,1.2,6,5.0,6,0,0,0,0,0,1,0.83,1,0,0,0,0,0
ENG-Premier League,2425,Liverpool,Harvey Elliott,ENG,MF,21,2003,4.1,21,5.11,17,3,1,0,0,0,3,0.73,3,0,0,0,0,0
ENG-Premier League,2425,Liverpool,Ibrahima Konaté,FRA,DF,25,1999,28.4,31,1.09,26,0,0,4,0,1,7,0.25,6,0,0,0,0,1
ENG-Premier League,2425,Liverpool,Jarell Quansah,ENG,DF,21,2003,5.5,3,0.55,3,0,0,0,0,0,0,0.0,0,0,0,0,0,0
ENG-Premier League,2425,Liverpool,Jayden Danns,ENG,MF,18,2006,0.1,0,0.0,0,0,0,0,0,0,0,0.0,0,0,0,0,0,0
ENG-Premier League,2425,Liverpool,Joe Gomez,ENG,DF,27,1997,5.8,5,0.87,5,0,0,0,0,0,1,0.17,1,0,0,0,0,0
ENG-Premier League,2425,Liverpool,Kostas Tsimikas,GRE,DF,28,1996,9.3,31,3.33,21,9,0,0,1,0,2,0.21,1,1,0,0,0,0
ENG-Premier League,2425,Liverpool,Luis Díaz,COL,FW,27,1997,26.7,117,4.39,88,0,16,9,4,0,16,0.6,13,0,1,0,2,0
ENG-Premier League,2425,Liverpool,Mohamed Salah,EGY,FW,32,1992,37.5,169,4.51,123,2,22,14,5,3,27,0.72,20,0,5,2,0,0
ENG-Premier League,2425,Liverpool,Ryan Gravenberch,NED,MF,22,2002,35.1,68,1.94,60,0,5,2,0,1,6,0.17,6,0,0,0,0,0
ENG-Premier League,2425,Liverpool,Trent Alexander-Arnold,ENG,DF,25,1998,26.3,98,3.73,74,15,5,4,0,0,10,0.38,9,1,0,0,0,0
ENG-Premier League,2425,Liverpool,Virgil van Dijk,NED,DF,33,1991,37.0,48,1.3,41,0,1,3,1,2,4,0.11,4,0,0,0,0,0
ENG-Premier League,2425,Liverpool,Vitezslav Jaros,CZE,GK,23,2001,0.1,0,0.0,0,0,0,0,0,0,0,0.0,0,0,0,0,0,0
ENG-Premier League,2425,Liverpool,Wataru Endo,JPN,"MF,DF",31,1993,3.0,6,1.96,6,0,0,0,0,0,0,0.0,0,0,0,0,0,0
ENG-Premier League,2425,Manchester City,Abdukodir Khusanov,UZB,DF,20,2004,5.6,5,0.89,5,0,0,0,0,0,0,0.0,0,0,0,0,0,0
ENG-Premier League,2425,Manchester City,Bernardo Silva,POR,"MF,FW",29,1994,29.7,92,3.1,81,3,4,1,3,0,8,0.27,8,0,0,0,0,0
ENG-Premier League,2425,Manchester City,Claudio Echeverri,ARG,FW,18,2006,0.1,0,0.0,0,0,0,0,0,0,0,0.0,0,0,0,0,0,0
ENG-Premier League,2425,Manchester City,Divin Mubama,ENG,FW,19,2004,0.3,0,0.0,0,0,0,0,0,0,0,0.0,0,0,0,0,0,0
ENG-Premier League,2425,Manchester City,Ederson,BRA,GK,30,1993,25.8,6,0.23,6,0,0,0,0,0,4,0.16,4,0,0,0,0,0
ENG-Premier League,2425,Manchester City,Erling Haaland,NOR,FW,24,2000,30.4,71,2.34,51,0,8,10,2,0,9,0.3,6,0,2,1,0,0
ENG-Premier League,2425,Manchester City,Jack Grealish,ENG,"FW,MF",28,1995,8.0,47,5.86,41,1,3,0,1,1,2,0.25,1,0,0,0,0,1
ENG-Premier League,2425,Manchester City,Jahmai Simpson-Pusey,ENG,DF,18,2005,1.1,0,0.0,0,0,0,0,0,0,0,0.0,0,0,0,0,0,0
ENG-Premier League,2425,Manchester City,James Mcatee,ENG,"MF,FW",21,2002,3.9,4,1.03,3,0,1,0,0,0,1,0.26,0,0,1,0,0,0
ENG-Premier League,2425,Manchester City,Jeremy Doku,BEL,"FW,MF",22,2002,16.8,79,4.69,60,1,13,1,3,1,14,0.83,11,0,3,0,0,0
ENG-Premier League,2425,Manchester City,John Stones,ENG,"DF,MF",30,1994,6.1,8,1.31,8,0,0,0,0,0,2,0.33,2,0,0,0,0,0
ENG-Premier League,2425,Manchester City,Joško Gvardiol,CRO,DF,22,2002,36.4,76,2.09,69,1,2,3,1,0,7,0.19,6,0,1,0,0,0
ENG-Premier League,2425,Manchester City,Kevin De Bruyne,BEL,"MF,FW",33,1991,18.9,113,5.97,73,26,3,6,3,2,11,0.58,9,1,0,1,0,0
ENG-Premier League,2425,Manchester City,Kyle Walker,ENG,DF,34,1990,10.8,17,1.58,17,0,0,0,0,0,0,0.0,0,0,0,0,0,0
ENG-Premier League,2425,Manchester City,Manuel Akanji,SUI,DF,29,1995,22.4,37,1.65,37,0,0,0,0,0,3,0.13,3,0,0,0,0,0
ENG-Premier League,2425,Manchester City,Mateo Kovačić,CRO,MF,30,1994,24.4,73,2.99,59,0,4,5,4,1,8,0.33,6,0,1,1,0,0
ENG-Premier League,2425,Manchester City,Matheus Nunes,POR,"DF,MF",25,1998,18.6,46,2.47,35,2,3,3,3,0,8,0.43,5,0,1,2,0,0
ENG-Premier League,2425,Manchester City,Nathan Aké,NED,DF,29,1995,7.5,8,1.06,8,0,0,0,0,0,0,0.0,0,0,0,0,0,0
ENG-Premier League,2425,Manchester City,Nico O’Reilly,ENG,DF,19,2005,5.9,12,2.05,9,1,1,0,1,0,2,0.34,2,0,0,0,0,0
ENG-Premier League,2425,Manchester City,Nicolás González,ESP,MF,22,2002,8.4,15,1.77,13,0,0,1,1,0,3,0.35,2,0,0,0,1,0
ENG-Premier League,2425,Manchester City,Omar Marmoush,EGY,"FW,MF",25,1999,13.1,39,2.99,22,3,2,5,7,0,2,0.15,1,0,0,0,1,0
ENG-Premier League,2425,Manchester City,Oscar Bobb,NOR,FW,21,2003,0.2,2,11.25,1,0,1,0,0,0,0,0.0,0,0,0,0,0,0
ENG-Premier League,2425,Manchester City,Phil Foden,ENG,"MF,FW",24,2000,19.7,88,4.46,58,18,3,6,3,0,9,0.46,5,1,0,3,0,0
ENG-Premier League,2425,Manchester City,Rico Lewis,ENG,"DF,MF",19,2004,21.0,31,1.47,30,0,0,0,1,0,3,0.14,3,0,0,0,0,0
ENG-Premier League,2425,Manchester City,Rodri,ESP,MF,28,1996,0.8,2,2.47,2,0,0,0,0,0,0,0.0,0,0,0,0,0,0
ENG-Premier League,2425,Manchester City,Rúben Dias,POR,DF,27,1997,25.2,26,1.03,17,0,0,7,0,2,1,0.04,1,0,0,0,0,0
ENG-Premier League,2425,Manchester City,Stefan Ortega,GER,GK,31,1992,12.2,0,0.0,0,0,0,0,0,0,0,0.0,0,0,0,0,0,0
ENG-Premier League,2425,Manchester City,Sávio,BRA,"FW,MF",20,2004,19.6,111,5.66,80,2,15,4,7,3,15,0.76,10,0,2,1,1,1
ENG-Premier League,2425,Manchester City,Vitor Reis,BRA,DF,18,2006,0.0,0,0.0,0,0,0,0,0,0,0,0.0,0,0,0,0,0,0
ENG-Premier League,2425,Manchester City,İlkay Gündoğan,GER,MF,33,1990,24.7,88,3.56,67,11,5,4,1,0,13,0.53,10,1,0,1,1,0
ENG-Premier League,2425,Manchester Utd,Alejandro Garnacho,ARG,"MF,FW",20,2004,24.4,83,3.4,64,1,3,9,6,0,6,0.25,4,0,0,1,1,0
ENG-Premier League,2425,Manchester Utd,Altay Bayındır,TUR,GK,26,1998,4.0,0,0.0,0,0,0,0,0,0,0,0.0,0,0,0,0,0,0
ENG-Premier League,2425,Manchester Utd,Amad Diallo,CIV,"MF,FW",22,2002,21.1,97,4.59,65,9,10,3,6,4,18,0.85,7,0,4,1,2,4
ENG-Premier League,2425,Manchester Utd,André Onana,CMR,GK,28,1996,34.0,4,0.12,3,1,0,0,0,0,0,0.0,0,0,0,0,0,0
ENG-Premier League,2425,Manchester Utd,Antony,BRA,"DF,MF",24,2000,1.6,8,5.11,6,0,1,0,1,0,0,0.0,0,0,0,0,0,0
ENG-Premier League,2425,Manchester Utd,Ayden Heaven,ENG,DF,17,2006,1.9,4,2.12,0,0,1,2,1,0,0,0.0,0,0,0,0,0,0
ENG-Premier League,2425,Manchester Utd,Bruno Fernandes,POR,MF,29,1994,33.5,193,5.76,136,37,5,6,7,2,13,0.39,10,2,0,1,0,0
ENG-Premier League,2425,Manchester Utd,Casemiro,BRA,MF,32,1992,16.6,53,3.19,49,1,0,3,0,0,4,0.24,4,0,0,0,0,0
ENG-Premier League,2425,Manchester Utd,Chidozie Obi-Martin,DEN,FW,16,2007,1.8,2,1.09,0,0,1,1,0,0,0,0.0,0,0,0,0,0,0
ENG-Premier League,2425,Manchester Utd,Christian Eriksen,DEN,MF,32,1992,11.8,56,4.74,38,15,0,3,0,0,7,0.59,5,2,0,0,0,0
ENG-Premier League,2425,Manchester Utd,Diogo Dalot,POR,DF,25,1999,31.3,74,2.37,57,5,7,4,0,1,5,0.16,3,0,1,1,0,0
ENG-Premier League,2425,Manchester Utd,Harry Amass,ENG,DF,17,2007,3.8,8,2.08,7,0,0,1,0,0,0,0.0,0,0,0,0,0,0
ENG-Premier League,2425,Manchester Utd,Harry Maguire,ENG,DF,31,1993,19.5,20,1.02,14,1,0,5,0,0,0,0.0,0,0,0,0,0,0
ENG-Premier League,2425,Manchester Utd,Jonny Evans,NIR,DF,36,1988,3.5,2,0.57,2,0,0,0,0,0,0,0.0,0,0,0,0,0,0
ENG-Premier League,2425,Manchester Utd,Joshua Zirkzee,NED,"FW,MF",23,2001,15.6,31,1.99,28,0,0,2,1,0,3,0.19,1,0,0,1,1,0
ENG-Premier League,2425,Manchester Utd,Kobbie Mainoo,ENG,MF,19,2005,18.3,34,1.85,29,0,4,0,1,0,3,0.16,3,0,0,0,0,0
ENG-Premier League,2425,Manchester Utd,Leny Yoro,FRA,DF,18,2005,12.9,9,0.7,6,0,0,2,0,1,0,0.0,0,0,0,0,0,0
ENG-Premier League,2425,Manchester Utd,Lisandro Martínez,ARG,DF,26,1998,19.5,26,1.34,23,0,0,2,0,1,2,0.1,2,0,0,0,0,0
ENG-Premier League,2425,Manchester Utd,Luke Shaw,ENG,DF,29,1995,3.9,10,2.58,8,2,0,0,0,0,0,0.0,0,0,0,0,0,0
ENG-Premier League,2425,Manchester Utd,Manuel Ugarte,URU,MF,23,2001,19.8,31,1.56,24,0,0,2,2,3,4,0.2,3,0,0,1,0,0
ENG-Premier League,2425,Manchester Utd,Marcus Rashford,ENG,"FW,MF",26,1997,10.9,29,2.67,24,1,2,2,0,0,1,0.09,1,0,0,0,0,0
ENG-Premier League,2425,Manchester Utd,Mason Mount,ENG,MF,25,1999,6.9,22,3.18,15,3,0,3,1,0,0,0.0,0,0,0,0,0,0
ENG-Premier League,2425,Manchester Utd,Matthijs de Ligt,NED,DF,24,1999,23.6,14,0.59,12,0,0,2,0,0,1,0.04,1,0,0,0,0,0
ENG-Premier League,2425,Manchester Utd,Noussair Mazraoui,MAR,DF,26,1997,31.5,56,1.78,46,2,1,2,3,2,1,0.03,1,0,0,0,0,0
ENG-Premier League,2425,Manchester Utd,Patrick Dorgu,DEN,DF,19,2004,9.4,24,2.57,21,0,0,0,2,1,1,0.11,0,0,0,0,1,0
ENG-Premier League,2425,Manchester Utd,Rasmus Højlund,DEN,FW,21,2003,22.3,34,1.53,22,0,3,5,4,0,1,0.04,0,0,0,0,1,0
ENG-Premier League,2425,Manchester Utd,Scott McTominay,SCO,MF,27,1996,0.2,1,4.74,0,0,0,1,0,0,0,0.0,0,0,0,0,0,0
ENG-Premier League,2425,Manchester Utd,Toby Collyer,ENG,MF,20,2004,2.0,5,2.5,4,0,0,1,0,0,0,0.0,0,0,0,0,0,0
ENG-Premier League,2425,Manchester Utd,Tyler Fredricson,ENG,DF,19,2005,1.8,3,1.63,3,0,0,0,0,0,0,0.0,0,0,0,0,0,0
ENG-Premier League,2425,Manchester Utd,Tyrell Malacia,NED,DF,24,1999,1.1,2,1.8,1,0,0,0,1,0,0,0.0,0,0,0,0,0,0
ENG-Premier League,2425,Manchester Utd,Victor Lindelöf,SWE,DF,30,1994,7.8,4,0.51,4,0,0,0,0,0,0,0.0,0,0,0,0,0,0
ENG-Premier League,2425,Newcastle Utd,Alexander Isak,SWE,FW,24,1999,30.6,92,3.01,70,1,8,9,2,2,14,0.46,11,0,1,0,1,1
ENG-Premier League,2425,Newcastle Utd,Anthony Gordon,ENG,"FW,MF",23,2001,27.0,101,3.74,73,10,7,3,8,0,12,0.44,9,1,1,0,1,0
ENG-Premier League,2425,Newcastle Utd,Bruno Guimarães,BRA,MF,26,1997,36.3,133,3.66,119,3,3,1,4,3,18,0.5,17,1,0,0,0,0
ENG-Premier League,2425,Newcastle Utd,Callum Wilson,ENG,FW,32,1992,4.1,10,2.43,7,0,0,1,1,1,0,0.0,0,0,0,0,0,0
ENG-Premier League,2425,Newcastle Utd,Dan Burn,ENG,DF,32,1992,37.0,27,0.73,21,1,0,4,1,0,4,0.11,3,1,0,0,0,0
ENG-Premier League,2425,Newcastle Utd,Emil Krafth,SWE,DF,29,1994,3.8,3,0.79,2,0,0,1,0,0,0,0.0,0,0,0,0,0,0
ENG-Premier League,2425,Newcastle Utd,Fabian Schär,SUI,DF,32,1991,32.6,37,1.13,26,1,1,3,2,4,4,0.12,2,0,0,2,0,0
ENG-Premier League,2425,Newcastle Utd,Harvey Barnes,ENG,FW,26,1997,19.5,64,3.27,44,1,7,6,6,0,9,0.46,6,0,1,1,1,0
ENG-Premier League,2425,Newcastle Utd,Jacob Murphy,ENG,FW,29,1995,26.2,82,3.13,65,5,4,3,3,2,15,0.57,14,0,0,0,1,0
ENG-Premier League,2425,Newcastle Utd,Joe Willock,ENG,"MF,FW",24,1999,12.1,45,3.73,36,0,3,3,1,2,4,0.33,4,0,0,0,0,0
ENG-Premier League,2425,Newcastle Utd,Joelinton,BRA,"MF,FW",27,1996,26.6,61,2.29,46,2,1,5,1,6,9,0.34,7,0,0,1,0,1
ENG-Premier League,2425,Newcastle Utd,Kieran Trippier,ENG,DF,33,1990,14.5,54,3.71,32,20,0,2,0,0,6,0.41,4,2,0,0,0,0
ENG-Premier League,2425,Newcastle Utd,Lewis Hall,ENG,DF,19,2004,24.3,63,2.59,44,18,0,0,1,0,6,0.25,5,1,0,0,0,0
ENG-Premier League,2425,Newcastle Utd,Lewis Miley,ENG,MF,18,2006,3.5,4,1.15,3,0,0,0,0,1,0,0.0,0,0,0,0,0,0
ENG-Premier League,2425,Newcastle Utd,Lloyd Kelly,ENG,DF,25,1998,3.4,2,0.59,2,0,0,0,0,0,1,0.3,1,0,0,0,0,0
ENG-Premier League,2425,Newcastle Utd,Martin Dúbravka,SVK,GK,35,1989,10.0,0,0.0,0,0,0,0,0,0,0,0.0,0,0,0,0,0,0
ENG-Premier League,2425,Newcastle Utd,Matt Targett,ENG,DF,28,1995,0.2,0,0.0,0,0,0,0,0,0,0,0.0,0,0,0,0,0,0
ENG-Premier League,2425,Newcastle Utd,Miguel Almirón,PAR,FW,30,1994,1.7,8,4.59,6,0,1,1,0,0,0,0.0,0,0,0,0,0,0
ENG-Premier League,2425,Newcastle Utd,Nick Pope,ENG,GK,32,1992,28.0,7,0.25,6,1,0,0,0,0,0,0.0,0,0,0,0,0,0
ENG-Premier League,2425,Newcastle Utd,Sandro Tonali,ITA,MF,24,2000,29.2,78,2.67,50,10,3,6,6,3,9,0.31,8,1,0,0,0,0
ENG-Premier League,2425,Newcastle Utd,Sean Longstaff,ENG,MF,26,1997,8.9,14,1.58,12,0,1,1,0,0,2,0.23,1,0,0,1,0,0
ENG-Premier League,2425,Newcastle Utd,Sven Botman,NED,DF,24,2000,4.6,4,0.87,1,0,0,3,0,0,0,0.0,0,0,0,0,0,0
ENG-Premier League,2425,Newcastle Utd,Valentino Livramento,ENG,DF,21,2002,31.6,45,1.43,43,0,0,1,1,0,2,0.06,2,0,0,0,0,0
ENG-Premier League,2425,Newcastle Utd,William Osula,DEN,FW,20,2003,1.5,4,2.69,3,0,0,0,0,1,0,0.0,0,0,0,0,0,0
ENG-Premier League,2425,Nott'ham Forest,Anthony Elanga,SWE,"FW,MF",22,2002,27.8,102,3.67,56,23,5,7,11,0,18,0.65,10,4,1,0,3,0
ENG-Premier League,2425,Nott'ham Forest,Callum Hudson-Odoi,ENG,"FW,MF",23,2000,24.4,94,3.86,74,3,10,3,4,0,11,0.45,7,0,2,0,2,0
ENG-Premier League,2425,Nott'ham Forest,Chris Wood,NZL,FW,32,1991,32.9,44,1.34,36,0,2,4,0,2,5,0.15,4,0,0,0,0,1
ENG-Premier League,2425,Nott'ham Forest,Danilo,BRA,"MF,FW",23,2001,3.1,7,2.31,7,0,0,0,0,0,2,0.66,2,0,0,0,0,0
ENG-Premier League,2425,Nott'ham Forest,Elliot Anderson,ENG,MF,21,2002,30.3,87,2.87,43,20,7,8,4,5,10,0.33,4,3,0,1,1,1
ENG-Premier League,2425,Nott'ham Forest,Eric da Silva Moreira,GER,"MF,DF",18,2006,0.3,0,0.0,0,0,0,0,0,0,0,0.0,0,0,0,0,0,0
ENG-Premier League,2425,Nott'ham Forest,Harry Toffolo,ENG,DF,28,1995,1.5,0,0.0,0,0,0,0,0,0,0,0.0,0,0,0,0,0,0
ENG-Premier League,2425,Nott'ham Forest,Ibrahim Sangaré,CIV,MF,26,1997,6.6,8,1.22,7,0,0,1,0,0,0,0.0,0,0,0,0,0,0
ENG-Premier League,2425,Nott'ham Forest,James Ward-Prowse,ENG,MF,29,1994,4.4,10,2.25,6,4,0,0,0,0,2,0.45,1,1,0,0,0,0
ENG-Premier League,2425,Nott'ham Forest,Jota Silva,POR,"FW,MF",24,1999,9.5,29,3.06,22,0,1,3,3,0,3,0.32,2,0,0,0,1,0
ENG-Premier League,2425,Nott'ham Forest,Matz Sels,BEL,GK,32,1992,38.0,6,0.16,3,3,0,0,0,0,0,0.0,0,0,0,0,0,0
ENG-Premier League,2425,Nott'ham Forest,Morato,BRA,DF,23,2001,10.1,3,0.3,3,0,0,0,0,0,0,0.0,0,0,0,0,0,0
ENG-Premier League,2425,Nott'ham Forest,Morgan Gibbs-White,ENG,MF,24,2000,31.1,115,3.69,94,0,3,8,5,5,19,0.61,13,0,0,4,1,1
ENG-Premier League,2425,Nott'ham Forest,Murillo,BRA,DF,22,2002,35.4,44,1.24,30,7,0,4,1,2,2,0.06,1,1,0,0,0,0
ENG-Premier League,2425,Nott'ham Forest,Neco Williams,WAL,DF,23,2001,28.8,51,1.77,37,6,0,5,3,0,6,0.21,4,1,0,1,0,0
ENG-Premier League,2425,Nott'ham Forest,Nicolás Domínguez,ARG,"MF,FW",26,1998,21.8,38,1.74,29,1,0,3,3,2,0,0.0,0,0,0,0,0,0
ENG-Premier League,2425,Nott'ham Forest,Nikola Milenković,SRB,DF,26,1997,37.0,21,0.57,16,0,0,4,0,1,3,0.08,3,0,0,0,0,0
ENG-Premier League,2425,Nott'ham Forest,Ola Aina,NGA,DF,27,1996,33.3,62,1.86,49,5,3,1,3,1,4,0.12,3,0,0,0,0,1
ENG-Premier League,2425,Nott'ham Forest,Ramón Sosa,PAR,"FW,MF",24,1999,3.3,14,4.23,11,0,2,1,0,0,0,0.0,0,0,0,0,0,0
ENG-Premier League,2425,Nott'ham Forest,Ryan Yates,ENG,MF,26,1997,21.3,38,1.78,26,1,1,6,2,2,3,0.14,2,0,0,1,0,0
ENG-Premier League,2425,Nott'ham Forest,Taiwo Awoniyi,NGA,FW,26,1997,4.6,9,1.95,5,0,1,2,1,0,1,0.22,0,0,0,1,0,0
ENG-Premier League,2425,Nott'ham Forest,Willy Boly,CIV,DF,33,1991,1.7,0,0.0,0,0,0,0,0,0,0,0.0,0,0,0,0,0,0
ENG-Premier League,2425,Nott'ham Forest,Álex Moreno,ESP,"DF,MF",31,1993,10.6,16,1.51,15,1,0,0,0,0,2,0.19,2,0,0,0,0,0
ENG-Premier League,2425,Southampton,Aaron Ramsdale,ENG,GK,26,1998,30.0,3,0.1,2,1,0,0,0,0,0,0.0,0,0,0,0,0,0
ENG-Premier League,2425,Southampton,Adam Armstrong,ENG,"FW,MF",27,1997,13.9,19,1.37,12,1,2,4,0,0,4,0.29,1,0,0,3,0,0
ENG-Premier League,2425,Southampton,Adam Lallana,ENG,MF,36,1988,4.0,9,2.24,8,0,0,0,1,0,2,0.5,2,0,0,0,0,0
ENG-Premier League,2425,Southampton,Albert Grønbaek,DEN,"FW,MF",23,2001,1.6,2,1.26,1,0,0,1,0,0,0,0.0,0,0,0,0,0,0
ENG-Premier League,2425,Southampton,Alex McCarthy,ENG,GK,34,1989,5.0,0,0.0,0,0,0,0,0,0,0,0.0,0,0,0,0,0,0
ENG-Premier League,2425,Southampton,Armel Bella Kotchap,GER,DF,22,2001,3.7,2,0.54,1,0,0,0,0,1,0,0.0,0,0,0,0,0,0
ENG-Premier League,2425,Southampton,Ben Brereton,CHI,FW,25,1999,5.0,9,1.8,7,0,0,0,2,0,0,0.0,0,0,0,0,0,0
ENG-Premier League,2425,Southampton,Cameron Archer,ENG,FW,23,2001,16.0,20,1.25,10,0,4,5,1,0,0,0.0,0,0,0,0,0,0
ENG-Premier League,2425,Southampton,Carlos Alcaraz,ARG,MF,21,2002,0.1,1,9.0,1,0,0,0,0,0,0,0.0,0,0,0,0,0,0
ENG-Premier League,2425,Southampton,Charlie Taylor,ENG,DF,30,1993,4.0,2,0.51,2,0,0,0,0,0,1,0.25,1,0,0,0,0,0
ENG-Premier League,2425,Southampton,Flynn Downes,ENG,MF,25,1999,23.9,31,1.3,27,2,0,1,0,1,2,0.08,1,1,0,0,0,0
ENG-Premier League,2425,Southampton,Jack Stephens,ENG,DF,30,1994,15.4,13,0.84,13,0,0,0,0,0,0,0.0,0,0,0,0,0,0
ENG-Premier League,2425,Southampton,James Bree,ENG,DF,26,1997,11.9,16,1.34,13,2,0,1,0,0,1,0.08,1,0,0,0,0,0
ENG-Premier League,2425,Southampton,Jan Bednarek,POL,DF,28,1996,28.1,16,0.57,15,0,0,1,0,0,0,0.0,0,0,0,0,0,0
ENG-Premier League,2425,Southampton,Jay Robinson,ENG,"MF,FW",17,2007,1.5,8,5.26,4,0,3,1,0,0,1,0.66,0,0,0,1,0,0
ENG-Premier League,2425,Southampton,Joachim Kayi Sanda,FRA,DF,17,2006,0.2,0,0.0,0,0,0,0,0,0,0,0.0,0,0,0,0,0,0
ENG-Premier League,2425,Southampton,Joe Aribo,NGA,"MF,DF",28,1996,22.4,37,1.66,32,0,2,1,2,0,1,0.04,1,0,0,0,0,0
ENG-Premier League,2425,Southampton,Joe Lumley,ENG,GK,29,1995,3.0,0,0.0,0,0,0,0,0,0,0,0.0,0,0,0,0,0,0
ENG-Premier League,2425,Southampton,Kamaldeen Sulemana,GHA,"FW,MF",22,2002,15.6,30,1.93,15,1,10,3,1,0,3,0.19,1,0,1,1,0,0
ENG-Premier League,2425,Southampton,Kyle Walker-Peters,ENG,DF,27,1997,32.4,63,1.94,40,3,10,5,3,2,7,0.22,5,0,1,1,0,0
ENG-Premier League,2425,Southampton,Lesley Ugochukwu,FRA,MF,20,2004,18.4,24,1.3,20,0,1,1,2,0,1,0.05,0,0,0,1,0,0
ENG-Premier League,2425,Southampton,Mateus Fernandes,POR,MF,20,2004,32.3,78,2.41,44,14,6,6,6,2,7,0.22,4,2,0,0,0,1
ENG-Premier League,2425,Southampton,Maxwel Cornet,CIV,FW,27,1996,0.8,0,0.0,0,0,0,0,0,0,0,0.0,0,0,0,0,0,0
ENG-Premier League,2425,Southampton,Nathan Wood-Gordon,ENG,DF,22,2002,8.6,3,0.35,3,0,0,0,0,0,0,0.0,0,0,0,0,0,0
ENG-Premier League,2425,Southampton,Paul Onuachu,NGA,FW,30,1994,11.7,9,0.77,8,0,0,1,0,0,1,0.09,1,0,0,0,0,0
ENG-Premier League,2425,Southampton,Ronnie Edwards,ENG,DF,21,2003,0.1,0,0.0,0,0,0,0,0,0,0,0.0,0,0,0,0,0,0
ENG-Premier League,2425,Southampton,Ross Stewart,SCO,FW,28,1996,4.3,5,1.16,1,0,1,2,1,0,0,0.0,0,0,0,0,0,0
ENG-Premier League,2425,Southampton,Ryan Fraser,SCO,"FW,DF",30,1994,3.4,5,1.47,5,0,0,0,0,0,0,0.0,0,0,0,0,0,0
ENG-Premier League,2425,Southampton,Ryan Manning,IRL,"DF,MF",28,1996,16.2,50,3.08,25,22,0,1,1,1,3,0.18,0,2,0,0,1,0
ENG-Premier League,2425,Southampton,Samuel Amo-Ameyaw,ENG,"FW,DF",18,2006,0.3,2,6.43,1,0,0,0,1,0,0,0.0,0,0,0,0,0,0
ENG-Premier League,2425,Southampton,Samuel Edozie,ENG,"DF,FW",21,2003,0.7,4,5.54,3,0,0,0,1,0,0,0.0,0,0,0,0,0,0
ENG-Premier League,2425,Southampton,Taylor Harwood-Bellis,ENG,DF,22,2002,31.4,37,1.18,32,0,0,3,1,1,2,0.06,1,0,0,1,0,0
ENG-Premier League,2425,Southampton,Tyler Dibling,ENG,"FW,MF",18,2006,20.8,56,2.69,34,1,11,5,5,0,4,0.19,2,0,1,1,0,0
ENG-Premier League,2425,Southampton,Welington,BRA,DF,23,2001,5.4,7,1.31,6,1,0,0,0,0,1,0.19,1,0,0,0,0,0
ENG-Premier League,2425,Southampton,William Smallbone,IRL,MF,24,2000,7.7,16,2.09,12,3,0,1,0,0,0,0.0,0,0,0,0,0,0
ENG-Premier League,2425,Southampton,Yukinari Sugawara,JPN,"DF,MF",24,2000,17.3,39,2.25,30,5,1,3,0,0,1,0.06,1,0,0,0,0,0
ENG-Premier League,2425,Tottenham,Alfie Dorrington,ENG,DF,19,2005,0.2,0,0.0,0,0,0,0,0,0,0,0.0,0,0,0,0,0,0
ENG-Premier League,2425,Tottenham,Antonín Kinský,CZE,GK,21,2003,6.0,1,0.17,1,0,0,0,0,0,0,0.0,0,0,0,0,0,0
ENG-Premier League,2425,Tottenham,Archie Gray,ENG,"DF,MF",18,2006,19.5,6,0.31,5,1,0,0,0,0,0,0.0,0,0,0,0,0,0
ENG-Premier League,2425,Tottenham,Ben Davies,WAL,DF,31,1993,14.8,8,0.54,7,0,0,0,0,1,0,0.0,0,0,0,0,0,0
ENG-Premier League,2425,Tottenham,Brandon Austin,ENG,GK,25,1999,1.0,0,0.0,0,0,0,0,0,0,0,0.0,0,0,0,0,0,0
ENG-Premier League,2425,Tottenham,Brennan Johnson,WAL,FW,23,2001,24.2,46,1.9,30,0,6,4,5,1,7,0.29,5,0,1,0,1,0
ENG-Premier League,2425,Tottenham,Cristian Romero,ARG,DF,26,1998,15.7,20,1.27,16,0,0,4,0,0,4,0.25,3,0,0,1,0,0
ENG-Premier League,2425,Tottenham,Dane Scarlett,ENG,"FW,MF",20,2004,0.4,1,2.65,1,0,0,0,0,0,1,2.65,1,0,0,0,0,0
ENG-Premier League,2425,Tottenham,Dejan Kulusevski,SWE,"MF,FW",24,2000,26.5,128,4.82,95,12,15,3,3,0,9,0.34,7,1,1,0,0,0
ENG-Premier League,2425,Tottenham,Destiny Udogie,ITA,DF,21,2002,21.4,36,1.68,31,0,0,1,1,3,3,0.14,2,0,0,0,0,1
ENG-Premier League,2425,Tottenham,Djed Spence,ENG,DF,23,2000,19.9,29,1.46,23,1,4,1,0,0,5,0.25,3,1,1,0,0,0
ENG-Premier League,2425,Tottenham,Dominic Solanke,ENG,FW,26,1997,24.5,37,1.51,25,0,0,9,2,1,8,0.33,6,0,0,1,1,0
ENG-Premier League,2425,Tottenham,Fraser Forster,ENG,GK,36,1988,7.0,0,0.0,0,0,0,0,0,0,0,0.0,0,0,0,0,0,0
ENG-Premier League,2425,Tottenham,Guglielmo Vicario,ITA,GK,27,1996,24.0,4,0.17,4,0,0,0,0,0,0,0.0,0,0,0,0,0,0
ENG-Premier League,2425,Tottenham,James Maddison,ENG,MF,27,1996,20.1,95,4.73,66,13,7,3,6,0,18,0.9,12,2,3,1,0,0
ENG-Premier League,2425,Tottenham,Kevin Danso,AUT,DF,25,1998,9.4,9,0.96,8,0,0,1,0,0,2,0.21,2,0,0,0,0,0
ENG-Premier League,2425,Tottenham,Lucas Bergvall,SWE,MF,18,2006,13.5,22,1.63,16,4,0,2,0,0,4,0.3,3,0,0,1,0,0
ENG-Premier League,2425,Tottenham,Mathys Tel,FRA,FW,19,2005,10.1,28,2.77,18,1,3,2,4,0,2,0.2,1,0,0,0,1,0
ENG-Premier League,2425,Tottenham,Micky van de Ven,NED,DF,23,2001,11.3,11,0.98,8,0,0,2,1,0,2,0.18,2,0,0,0,0,0
ENG-Premier League,2425,Tottenham,Mikey Moore,ENG,FW,16,2007,4.1,12,2.95,7,2,0,1,2,0,2,0.49,1,0,0,1,0,0
ENG-Premier League,2425,Tottenham,Pape Matar Sarr,SEN,MF,21,2002,21.3,45,2.12,35,2,2,4,0,2,7,0.33,5,0,1,1,0,0
ENG-Premier League,2425,Tottenham,Pedro Porro,ESP,DF,24,1999,29.0,108,3.72,72,23,3,5,4,1,8,0.28,4,3,1,0,0,0
ENG-Premier League,2425,Tottenham,Radu Drăgușin,ROU,DF,22,2002,13.9,8,0.58,8,0,0,0,0,0,1,0.07,1,0,0,0,0,0
ENG-Premier League,2425,Tottenham,Richarlison,BRA,FW,27,1997,5.6,8,1.43,5,0,0,2,1,0,1,0.18,1,0,0,0,0,0
ENG-Premier League,2425,Tottenham,Rodrigo Bentancur,URU,MF,27,1997,18.3,45,2.46,36,0,1,5,1,2,3,0.16,3,0,0,0,0,0
ENG-Premier League,2425,Tottenham,Sergio Reguilón,ESP,DF,27,1996,2.2,1,0.46,1,0,0,0,0,0,0,0.0,0,0,0,0,0,0
ENG-Premier League,2425,Tottenham,Son Heung-min,KOR,FW,32,1992,23.4,117,4.99,87,8,10,7,5,0,15,0.64,13,0,0,1,1,0
ENG-Premier League,2425,Tottenham,Timo Werner,GER,"FW,MF",28,1996,5.7,18,3.13,14,0,2,1,1,0,3,0.52,3,0,0,0,0,0
ENG-Premier League,2425,Tottenham,Will Lankshear,ENG,"FW,MF",19,2005,0.1,0,0.0,0,0,0,0,0,0,0,0.0,0,0,0,0,0,0
ENG-Premier League,2425,Tottenham,Wilson Odobert,FRA,"FW,MF",19,2004,9.4,16,1.7,14,0,0,2,0,0,1,0.11,1,0,0,0,0,0
ENG-Premier League,2425,Tottenham,Yves Bissouma,MLI,MF,27,1996,15.6,16,1.02,15,0,0,0,0,1,0,0.0,0,0,0,0,0,0
ENG-Premier League,2425,West Ham,Aaron Cresswell,ENG,DF,34,1989,9.2,15,1.64,7,8,0,0,0,0,0,0.0,0,0,0,0,0,0
ENG-Premier League,2425,West Ham,Aaron Wan-Bissaka,COD,DF,26,1997,35.0,93,2.65,75,4,7,3,2,2,10,0.29,9,0,0,1,0,0
ENG-Premier League,2425,West Ham,Alphonse Areola,FRA,GK,31,1993,25.1,3,0.12,2,1,0,0,0,0,0,0.0,0,0,0,0,0,0
ENG-Premier League,2425,West Ham,Andy Irving,SCO,MF,24,2000,1.8,5,2.68,4,0,1,0,0,0,0,0.0,0,0,0,0,0,0
ENG-Premier League,2425,West Ham,Carlos Soler,ESP,"MF,FW",27,1997,15.7,51,3.26,31,9,2,5,3,1,2,0.13,2,0,0,0,0,0
ENG-Premier League,2425,West Ham,Crysencio Summerville,NED,"FW,MF",22,2001,8.7,35,4.01,21,3,5,0,5,1,1,0.11,1,0,0,0,0,0
ENG-Premier League,2425,West Ham,Danny Ings,ENG,"FW,MF",32,1992,3.2,12,3.8,7,0,1,3,1,0,2,0.63,0,0,0,1,1,0
ENG-Premier League,2425,West Ham,Edson Álvarez,MEX,MF,26,1997,19.7,28,1.42,24,0,2,1,1,0,2,0.1,2,0,0,0,0,0
ENG-Premier League,2425,West Ham,Emerson Palmieri,ITA,DF,29,1994,23.5,41,1.75,25,11,0,2,2,1,2,0.09,1,1,0,0,0,0
ENG-Premier League,2425,West Ham,Evan Ferguson,IRL,FW,19,2004,1.7,4,2.31,2,0,1,1,0,0,0,0.0,0,0,0,0,0,0
ENG-Premier League,2425,West Ham,Guido Rodríguez,ARG,MF,30,1994,12.8,12,0.94,10,0,0,2,0,0,1,0.08,1,0,0,0,0,0
ENG-Premier League,2425,West Ham,James Ward-Prowse,ENG,MF,29,1994,11.5,34,2.95,19,11,0,3,0,1,1,0.09,0,1,0,0,0,0
ENG-Premier League,2425,West Ham,Jarrod Bowen,ENG,"FW,MF",27,1996,33.0,113,3.42,70,13,6,13,9,2,15,0.45,11,2,1,1,0,0
ENG-Premier League,2425,West Ham,Jean-Clair Todibo,FRA,DF,24,1999,20.3,5,0.25,4,0,0,0,0,1,0,0.0,0,0,0,0,0,0
ENG-Premier League,2425,West Ham,Kaelan Casey,ENG,DF,19,2004,0.0,0,0.0,0,0,0,0,0,0,0,0.0,0,0,0,0,0,0
ENG-Premier League,2425,West Ham,Konstantinos Mavropanos,GRE,DF,26,1997,22.7,16,0.7,12,0,1,2,0,1,0,0.0,0,0,0,0,0,0
ENG-Premier League,2425,West Ham,Lewis Orford,ENG,MF,18,2006,0.5,2,3.67,2,0,0,0,0,0,0,0.0,0,0,0,0,0,0
ENG-Premier League,2425,West Ham,Lucas Paquetá,BRA,"MF,FW",26,1997,26.4,82,3.1,68,2,2,4,5,1,6,0.23,3,0,0,2,1,0
ENG-Premier League,2425,West Ham,Luis Guilherme,BRA,"MF,FW",18,2006,1.7,10,6.0,6,1,1,1,1,0,0,0.0,0,0,0,0,0,0
ENG-Premier League,2425,West Ham,Max Kilman,ENG,DF,27,1997,37.2,32,0.86,28,0,2,0,0,2,5,0.13,3,0,1,0,0,1
ENG-Premier League,2425,West Ham,Michail Antonio,JAM,FW,34,1990,9.3,22,2.37,14,0,1,5,1,1,4,0.43,0,0,0,4,0,0
ENG-Premier League,2425,West Ham,Mohammed Kudus,GHA,"FW,MF",23,2000,28.8,107,3.72,74,1,16,12,2,2,10,0.35,6,0,1,3,0,0
ENG-Premier League,2425,West Ham,Niclas Füllkrug,GER,FW,31,1993,8.8,22,2.5,20,0,0,2,0,0,2,0.23,1,0,0,1,0,0
ENG-Premier League,2425,West Ham,Oliver Scarles,ENG,"DF,FW",18,2005,7.4,6,0.81,6,0,0,0,0,0,0,0.0,0,0,0,0,0,0
ENG-Premier League,2425,West Ham,Tomáš Souček,CZE,MF,29,1995,28.5,44,1.54,35,0,0,6,2,1,3,0.11,2,0,0,0,1,0
ENG-Premier League,2425,West Ham,Vladimír Coufal,CZE,DF,31,1992,11.9,18,1.52,14,4,0,0,0,0,1,0.08,0,1,0,0,0,0
ENG-Premier League,2425,West Ham,Łukasz Fabiański,POL,GK,39,1985,12.9,3,0.23,2,1,0,0,0,0,0,0.0,0,0,0,0,0,0
ENG-Premier League,2425,Wolves,Alfie Pond,ENG,DF,20,2004,0.0,0,0.0,0,0,0,0,0,0,0,0.0,0,0,0,0,0,0
ENG-Premier League,2425,Wolves,André,BRA,MF,23,2001,27.5,49,1.78,41,3,1,0,0,4,3,0.11,2,1,0,0,0,0
ENG-Premier League,2425,Wolves,Boubacar Traoré,MLI,MF,22,2001,0.0,0,0.0,0,0,0,0,0,0,0,0.0,0,0,0,0,0,0
ENG-Premier League,2425,Wolves,Carlos Forbs,POR,"MF,FW",20,2004,2.7,5,1.89,3,0,2,0,0,0,1,0.38,1,0,0,0,0,0
ENG-Premier League,2425,Wolves,Chiquinho,POR,MF,24,2000,0.1,2,25.71,2,0,0,0,0,0,0,0.0,0,0,0,0,0,0
ENG-Premier League,2425,Wolves,Craig Dawson,ENG,DF,34,1990,10.8,7,0.65,6,0,0,1,0,0,2,0.19,1,0,0,1,0,0
ENG-Premier League,2425,Wolves,Daniel Bentley,ENG,GK,31,1993,2.0,0,0.0,0,0,0,0,0,0,0,0.0,0,0,0,0,0,0
ENG-Premier League,2425,Wolves,Daniel Podence,POR,"MF,FW",28,1995,0.5,0,0.0,0,0,0,0,0,0,0,0.0,0,0,0,0,0,0
ENG-Premier League,2425,Wolves,Emmanuel Agbadou,CIV,DF,27,1997,15.7,17,1.09,15,2,0,0,0,0,3,0.19,2,1,0,0,0,0
ENG-Premier League,2425,Wolves,Gonçalo Guedes,POR,"MF,FW",27,1996,11.1,30,2.71,27,0,2,0,1,0,8,0.72,7,0,1,0,0,0
ENG-Premier League,2425,Wolves,Hwang Hee-chan,KOR,"MF,FW",28,1996,7.3,9,1.22,8,0,0,1,0,0,1,0.14,1,0,0,0,0,0
ENG-Premier League,2425,Wolves,Jean-Ricner Bellegarde,HAI,"MF,FW",26,1998,18.6,57,3.06,35,5,4,4,7,2,11,0.59,8,1,0,0,1,1
ENG-Premier League,2425,Wolves,José Sá,POR,GK,31,1993,29.0,5,0.17,5,0,0,0,0,0,0,0.0,0,0,0,0,0,0
ENG-Premier League,2425,Wolves,João Gomes,BRA,MF,23,2001,33.0,67,2.03,53,1,5,2,2,4,4,0.12,4,0,0,0,0,0
ENG-Premier League,2425,Wolves,Jørgen Strand Larsen,NOR,FW,24,2000,28.7,42,1.46,33,1,1,3,2,2,6,0.21,6,0,0,0,0,0
ENG-Premier League,2425,Wolves,Mario Lemina,GAB,"MF,DF",30,1993,15.2,26,1.71,21,0,2,2,0,1,5,0.33,5,0,0,0,0,0
ENG-Premier League,2425,Wolves,Marshall Munetsi,ZIM,"MF,FW",28,1996,12.0,21,1.75,16,0,0,2,2,1,1,0.08,1,0,0,0,0,0
ENG-Premier League,2425,Wolves,Mateus Mane,,MF,,,0.0,0,0.0,0,0,0,0,0,0,0,0.0,0,0,0,0,0,0
ENG-Premier League,2425,Wolves,Matheus Cunha,BRA,"MF,FW",25,1999,28.9,132,4.57,75,14,19,9,12,3,16,0.55,10,0,4,0,1,1
ENG-Premier League,2425,Wolves,Matt Doherty,IRL,DF,32,1992,23.4,25,1.07,19,3,1,1,1,0,3,0.13,3,0,0,0,0,0
ENG-Premier League,2425,Wolves,Nasser Djiga,BFA,DF,21,2002,0.7,0,0.0,0,0,0,0,0,0,0,0.0,0,0,0,0,0,0
ENG-Premier League,2425,Wolves,Nélson Semedo,POR,DF,30,1993,32.1,60,1.87,44,1,8,1,3,3,6,0.19,6,0,0,0,0,0
ENG-Premier League,2425,Wolves,Pablo Sarabia,ESP,"MF,FW",32,1992,9.0,28,3.1,20,6,2,0,0,0,5,0.55,4,0,1,0,0,0
ENG-Premier League,2425,Wolves,Pedro Lima,BRA,DF,18,2006,0.8,4,5.14,2,0,0,0,0,2,0,0.0,0,0,0,0,0,0
ENG-Premier League,2425,Wolves,Rayan Aït-Nouri,ALG,DF,23,2001,34.5,91,2.63,56,15,8,7,4,1,12,0.35,10,1,0,0,0,1
ENG-Premier League,2425,Wolves,Rodrigo Gomes,POR,"DF,FW",21,2003,9.0,22,2.45,18,1,2,1,0,0,1,0.11,0,1,0,0,0,0
ENG-Premier League,2425,Wolves,Sam Johnstone,ENG,GK,31,1993,7.0,2,0.29,2,0,0,0,0,0,0,0.0,0,0,0,0,0,0
ENG-Premier League,2425,Wolves,Santiago Bueno,URU,DF,25,1998,18.7,12,0.64,10,1,0,0,0,1,4,0.21,3,0,0,0,0,1
ENG-Premier League,2425,Wolves,Tom King,WAL,GK,29,1995,0.0,0,0.0,0,0,0,0,0,0,0,0.0,0,0,0,0,0,0
ENG-Premier League,2425,Wolves,Tommy Doyle,ENG,MF,22,2001,5.4,17,3.13,11,4,1,1,0,0,3,0.55,2,0,1,0,0,0
ENG-Premier League,2425,Wolves,Toti Gomes,POR,DF,25,1999,29.0,21,0.72,20,0,0,1,0,0,1,0.03,1,0,0,0,0,0
ENG-Premier League,2425,Wolves,Yerson Mosquera,COL,DF,23,2001,4.9,5,1.02,5,0,0,0,0,0,0,0.0,0,0,0,0,0,0
