,,,,nation,pos,age,born,90s,Total,Total,Total,Total,Total,Short,Short,Short,Medium,Medium,Medium,Long,Long,Long,Ast,xAG,Expected,Expected,KP,1/3,PPA,CrsPA,PrgP
,,,,,,,,,Cmp,Att,Cmp%,TotDist,PrgDist,Cmp,Att,Cmp%,Cmp,Att,Cmp%,Cmp,Att,Cmp%,,,xA,A-xAG,,,,,
league,season,team,player,,,,,,,,,,,,,,,,,,,,,,,,,,,,
ENG-Premier League,2324,Arsenal,Aaron Ramsdale,ENG,GK,25,1998,6.0,131,188,69.7,3303,2420,38,38,100.0,61,62,98.4,32,86,37.2,0,0.0,0.0,0.0,0,4,0,0,2
ENG-Premier League,2324,Arsenal,Ben White,ENG,DF,25,1997,33.2,1828,2177,84.0,28002,9801,999,1099,90.9,713,832,85.7,85,171,49.7,4,3.8,3.7,0.2,38,172,45,10,192
ENG-Premier League,2324,Arsenal,Bukayo Saka,ENG,FW,21,2001,32.4,1143,1512,75.6,16891,4402,705,793,88.9,331,427,77.5,80,183,43.7,9,10.5,11.0,-1.5,91,39,73,12,126
ENG-Premier League,2324,Arsenal,Cédric Soares,POR,DF,31,1991,0.7,60,69,87.0,905,157,39,41,95.1,15,17,88.2,5,8,62.5,0,0.0,0.0,0.0,0,4,0,0,3
ENG-Premier League,2324,Arsenal,David Raya,ESP,GK,27,1995,32.0,800,1068,74.9,19691,14108,228,231,98.7,387,391,99.0,183,439,41.7,0,0.0,0.1,0.0,0,30,0,0,2
ENG-Premier League,2324,Arsenal,Declan Rice,ENG,MF,24,1999,35.8,2041,2295,88.9,34242,9378,958,1031,92.9,910,975,93.3,137,210,65.2,8,5.3,4.8,2.7,47,240,39,2,278
ENG-Premier League,2324,Arsenal,Eddie Nketiah,ENG,FW,24,1999,12.0,168,215,78.1,2332,267,98,118,83.1,60,72,83.3,3,4,75.0,2,0.8,0.7,1.2,9,7,5,0,20
ENG-Premier League,2324,Arsenal,Emile Smith Rowe,ENG,MF,23,2000,3.9,188,213,88.3,2449,496,128,143,89.5,54,57,94.7,1,4,25.0,1,0.2,0.4,0.8,4,13,11,0,23
ENG-Premier League,2324,Arsenal,Ethan Nwaneri,ENG,FW,16,2007,0.2,15,18,83.3,209,56,10,13,76.9,5,5,100.0,0,0,,0,0.0,0.0,0.0,1,1,2,0,2
ENG-Premier League,2324,Arsenal,Fabio Vieira,POR,"MF,FW",23,2000,3.3,122,150,81.3,1969,421,67,75,89.3,44,53,83.0,9,17,52.9,2,1.6,0.8,0.4,5,12,6,1,15
ENG-Premier League,2324,Arsenal,Gabriel Jesus,BRA,FW,26,1997,16.4,403,513,78.6,5315,971,259,306,84.6,111,140,79.3,10,16,62.5,5,3.8,3.2,1.2,29,18,19,1,42
ENG-Premier League,2324,Arsenal,Gabriel Magalhães,BRA,DF,25,1997,33.8,1914,2157,88.7,32123,10388,841,885,95.0,942,1013,93.0,108,199,54.3,0,0.7,0.7,-0.7,3,143,9,1,117
ENG-Premier League,2324,Arsenal,Gabriel Martinelli,BRA,FW,22,2001,22.4,724,929,77.9,11003,2008,424,490,86.5,237,292,81.2,47,85,55.3,4,6.1,5.2,-2.1,46,22,33,7,65
ENG-Premier League,2324,Arsenal,Jakub Kiwior,POL,DF,23,2000,10.5,523,625,83.7,8555,3042,270,303,89.1,214,249,85.9,34,58,58.6,3,0.9,0.6,2.1,6,43,8,3,55
ENG-Premier League,2324,Arsenal,Jorginho,ITA,MF,31,1991,10.2,699,785,89.0,11386,3439,360,380,94.7,280,310,90.3,45,59,76.3,2,1.4,2.1,0.6,10,81,25,1,101
ENG-Premier League,2324,Arsenal,Jurriën Timber,NED,DF,22,2001,0.8,66,74,89.2,982,221,35,36,97.2,30,33,90.9,1,2,50.0,0,0.0,0.0,0.0,0,11,0,0,8
ENG-Premier League,2324,Arsenal,Kai Havertz,GER,"MF,FW",24,1999,29.3,764,955,80.0,9583,2405,525,609,86.2,195,245,79.6,7,15,46.7,7,4.4,4.3,2.6,46,65,29,1,99
ENG-Premier League,2324,Arsenal,Leandro Trossard,BEL,"FW,MF",28,1994,18.3,494,673,73.4,7666,1927,271,315,86.0,181,241,75.1,31,60,51.7,1,2.8,3.2,-1.8,24,28,29,4,76
ENG-Premier League,2324,Arsenal,Martin Ødegaard,NOR,MF,24,1998,34.3,1692,2006,84.3,25780,7898,907,992,91.4,635,744,85.3,91,140,65.0,10,9.6,11.2,0.4,102,160,130,13,344
ENG-Premier League,2324,Arsenal,Mohamed Elneny,EGY,MF,31,1992,0.3,39,40,97.5,624,147,18,19,94.7,21,21,100.0,0,0,,0,0.0,0.0,0.0,0,2,0,0,1
ENG-Premier League,2324,Arsenal,Oleksandr Zinchenko,UKR,DF,26,1996,19.1,1374,1568,87.6,23132,6928,653,706,92.5,601,667,90.1,95,134,70.9,2,2.5,2.9,-0.5,29,154,49,4,229
ENG-Premier League,2324,Arsenal,Reiss Nelson,ENG,FW,23,1999,3.0,127,144,88.2,1674,298,80,83,96.4,31,36,86.1,6,12,50.0,0,0.6,0.4,-0.6,5,1,6,2,5
ENG-Premier League,2324,Arsenal,Takehiro Tomiyasu,JPN,DF,24,1998,12.8,574,697,82.4,8941,2520,306,342,89.5,229,267,85.8,27,56,48.2,1,0.4,0.8,0.6,6,60,10,3,72
ENG-Premier League,2324,Arsenal,Thomas Partey,GHA,"MF,DF",30,1993,8.8,570,636,89.6,9177,2564,298,321,92.8,224,243,92.2,37,54,68.5,0,0.3,0.6,-0.3,6,61,14,2,72
ENG-Premier League,2324,Arsenal,William Saliba,FRA,DF,22,2001,38.0,2635,2851,92.4,43599,15948,1202,1274,94.3,1298,1373,94.5,104,150,69.3,1,0.2,0.9,0.8,6,175,6,1,157
ENG-Premier League,2324,Aston Villa,Bertrand Traoré,BFA,"DF,FW",27,1995,0.1,2,3,66.7,15,0,1,1,100.0,0,0,,0,1,0.0,0,0.0,0.0,0.0,0,0,0,0,0
ENG-Premier League,2324,Aston Villa,Boubacar Kamara,FRA,MF,23,1999,18.4,922,1035,89.1,14037,3978,521,560,93.0,319,344,92.7,56,82,68.3,1,1.3,1.4,-0.3,20,107,12,0,83
ENG-Premier League,2324,Aston Villa,Calum Chambers,ENG,"MF,DF",28,1995,1.7,100,113,88.5,1705,512,47,50,94.0,45,47,95.7,6,10,60.0,1,0.1,0.0,0.9,1,2,0,0,5
ENG-Premier League,2324,Aston Villa,Cameron Archer,ENG,MF,22,2001,0.1,5,6,83.3,42,0,5,6,83.3,0,0,,0,0,,0,0.0,0.0,0.0,0,0,0,0,0
ENG-Premier League,2324,Aston Villa,Clément Lenglet,FRA,DF,28,1995,12.8,822,918,89.5,15524,5173,302,319,94.7,431,457,94.3,82,127,64.6,1,0.8,0.5,0.2,2,34,3,0,51
ENG-Premier League,2324,Aston Villa,Diego Carlos,BRA,DF,30,1993,20.2,1184,1340,88.4,23313,9315,357,378,94.4,714,749,95.3,107,199,53.8,0,0.1,0.4,-0.1,3,72,4,0,59
ENG-Premier League,2324,Aston Villa,Douglas Luiz,BRA,MF,25,1998,33.3,1800,2101,85.7,31199,7807,812,871,93.2,775,870,89.1,167,276,60.5,5,5.4,5.3,-0.4,53,137,39,8,168
ENG-Premier League,2324,Aston Villa,Emiliano Martínez,ARG,GK,30,1992,33.5,1190,1436,82.9,28047,16368,248,250,99.2,715,722,99.0,223,452,49.3,0,0.0,0.0,0.0,2,21,0,0,2
ENG-Premier League,2324,Aston Villa,Ezri Konsa,ENG,DF,25,1997,34.1,1907,2094,91.1,31947,10672,827,878,94.2,959,1029,93.2,95,129,73.6,0,0.5,1.0,-0.5,8,132,14,2,136
ENG-Premier League,2324,Aston Villa,Finley Munroe,ENG,MF,18,2005,0.0,1,1,100.0,16,0,0,0,,1,1,100.0,0,0,,0,0.0,0.0,0.0,0,0,0,0,0
ENG-Premier League,2324,Aston Villa,Jacob Ramsey,ENG,"FW,MF",22,2001,9.5,257,322,79.8,3751,863,143,173,82.7,97,115,84.3,9,12,75.0,1,1.0,1.4,0.0,10,22,5,0,28
ENG-Premier League,2324,Aston Villa,Jaden Philogene Bidace,ENG,FW,21,2002,0.0,3,4,75.0,27,5,3,3,100.0,0,0,,0,0,,0,0.0,0.0,0.0,0,0,0,0,0
ENG-Premier League,2324,Aston Villa,John McGinn,SCO,"MF,FW",28,1994,33.3,972,1223,79.5,17953,5844,434,489,88.8,396,462,85.7,130,217,59.9,4,4.6,4.9,-0.6,44,124,52,14,189
ENG-Premier League,2324,Aston Villa,Jáder Durán,COL,"FW,MF",19,2003,5.3,83,121,68.6,1095,220,51,69,73.9,24,29,82.8,3,5,60.0,0,0.3,0.2,-0.3,4,6,1,0,9
ENG-Premier League,2324,Aston Villa,Kaine Kesler-Hayden,ENG,"MF,DF",20,2002,0.1,0,0,,0,0,0,0,,0,0,,0,0,,0,0.0,0.0,0.0,0,0,0,0,0
ENG-Premier League,2324,Aston Villa,Leander Dendoncker,BEL,MF,28,1995,1.3,45,56,80.4,744,139,24,28,85.7,19,22,86.4,2,4,50.0,0,0.0,0.0,0.0,0,1,0,0,3
ENG-Premier League,2324,Aston Villa,Leon Bailey,JAM,"MF,FW",25,1997,23.0,573,790,72.5,8993,2559,327,391,83.6,184,242,76.0,48,82,58.5,9,9.2,7.3,-0.2,52,38,51,7,82
ENG-Premier League,2324,Aston Villa,Lucas Digne,FRA,DF,30,1993,26.8,1015,1351,75.1,16244,5595,524,594,88.2,406,529,76.7,66,148,44.6,3,4.1,3.6,-1.1,37,49,34,15,77
ENG-Premier League,2324,Aston Villa,Matty Cash,POL,DF,25,1997,23.8,985,1225,80.4,16094,4888,490,545,89.9,415,501,82.8,63,131,48.1,2,2.3,2.5,-0.3,13,69,19,8,88
ENG-Premier League,2324,Aston Villa,Morgan Rogers,ENG,"MF,FW",21,2002,7.1,147,195,75.4,2253,847,77,99,77.8,50,60,83.3,12,14,85.7,1,0.6,0.4,0.4,9,16,12,0,28
ENG-Premier League,2324,Aston Villa,Moussa Diaby,FRA,"FW,MF",24,1999,24.2,485,619,78.4,6960,1348,280,329,85.1,170,215,79.1,17,32,53.1,8,6.6,4.5,1.4,47,29,40,9,72
ENG-Premier League,2324,Aston Villa,Nicolò Zaniolo,ITA,"FW,MF",24,1999,9.3,150,228,65.8,2141,550,94,119,79.0,44,62,71.0,6,15,40.0,0,1.0,0.7,-1.0,10,17,5,0,30
ENG-Premier League,2324,Aston Villa,Ollie Watkins,ENG,FW,27,1995,35.7,459,609,75.4,5830,932,293,363,80.7,124,164,75.6,9,19,47.4,13,7.3,4.2,5.7,45,23,22,0,55
ENG-Premier League,2324,Aston Villa,Omari Kellyman,ENG,FW,17,2005,0.4,6,7,85.7,78,11,4,5,80.0,2,2,100.0,0,0,,0,0.0,0.0,0.0,0,2,0,0,0
ENG-Premier League,2324,Aston Villa,Pau Torres,ESP,DF,26,1997,27.4,1562,1788,87.4,29096,9616,524,566,92.6,887,952,93.2,126,226,55.8,0,0.4,0.7,-0.4,8,141,12,1,128
ENG-Premier League,2324,Aston Villa,Philippe Coutinho,BRA,"MF,FW",31,1992,0.3,20,24,83.3,265,63,11,14,78.6,8,9,88.9,0,0,,0,0.0,0.0,0.0,0,4,0,0,5
ENG-Premier League,2324,Aston Villa,Robin Olsen,SWE,GK,33,1990,4.5,165,203,81.3,3545,2046,49,49,100.0,89,90,98.9,26,63,41.3,0,0.0,0.0,0.0,0,1,0,0,0
ENG-Premier League,2324,Aston Villa,Tim Iroegbunam,ENG,MF,20,2003,1.8,51,55,92.7,704,229,30,31,96.8,19,20,95.0,0,0,,0,0.0,0.0,0.0,0,1,0,0,1
ENG-Premier League,2324,Aston Villa,Tyrone Mings,ENG,DF,30,1993,0.3,5,5,100.0,119,86,0,0,,2,2,100.0,2,2,100.0,0,0.0,0.2,0.0,1,1,0,0,0
ENG-Premier League,2324,Aston Villa,Youri Tielemans,BEL,"MF,FW",26,1997,18.0,789,949,83.1,12925,4025,397,434,91.5,315,368,85.6,58,92,63.0,6,2.6,2.2,3.4,18,101,25,1,128
ENG-Premier League,2324,Aston Villa,Álex Moreno,ESP,DF,30,1993,11.5,428,542,79.0,6466,1602,235,264,89.0,171,210,81.4,17,30,56.7,0,1.1,1.0,-1.1,11,10,13,2,24
ENG-Premier League,2324,Bournemouth,Adam Smith,ENG,DF,32,1991,23.9,782,1025,76.3,12722,5225,397,443,89.6,325,401,81.0,51,141,36.2,2,1.3,1.7,0.7,17,58,23,17,89
ENG-Premier League,2324,Bournemouth,Alex Scott,ENG,MF,19,2003,11.3,361,474,76.2,5733,1583,186,227,81.9,138,161,85.7,25,60,41.7,1,1.7,1.1,-0.7,22,22,15,2,50
ENG-Premier League,2324,Bournemouth,Antoine Semenyo,GHA,FW,23,2000,23.4,452,647,69.9,6944,1597,254,324,78.4,160,214,74.8,25,49,51.0,2,3.2,2.3,-1.2,29,28,28,7,64
ENG-Premier League,2324,Bournemouth,Chris Mepham,WAL,DF,25,1997,6.9,296,359,82.5,5965,1994,96,115,83.5,163,184,88.6,35,55,63.6,1,0.4,0.5,0.6,3,34,4,0,25
ENG-Premier League,2324,Bournemouth,Dango Ouattara,BFA,"FW,DF",21,2002,13.7,371,558,66.5,5941,1943,190,255,74.5,147,201,73.1,25,57,43.9,2,1.5,1.4,0.5,17,25,11,5,35
ENG-Premier League,2324,Bournemouth,David Brooks,WAL,"FW,MF",26,1997,3.1,95,132,72.0,1545,666,47,55,85.5,34,42,81.0,10,23,43.5,1,1.0,0.5,0.0,8,14,12,3,21
ENG-Premier League,2324,Bournemouth,Dominic Sadi,ENG,FW,19,2003,0.0,0,1,0.0,0,0,0,1,0.0,0,0,,0,0,,0,0.0,0.0,0.0,0,0,0,0,0
ENG-Premier League,2324,Bournemouth,Dominic Solanke,ENG,FW,25,1997,36.9,400,544,73.5,5026,1387,262,315,83.2,93,127,73.2,11,18,61.1,3,3.0,2.0,0.0,39,32,24,3,60
ENG-Premier League,2324,Bournemouth,Enes Ünal,TUR,"FW,MF",26,1997,3.6,55,75,73.3,698,213,35,45,77.8,12,16,75.0,4,5,80.0,2,1.0,0.1,1.0,5,10,2,0,7
ENG-Premier League,2324,Bournemouth,Hamed Junior Traorè,CIV,MF,23,2000,0.5,18,27,66.7,244,59,10,11,90.9,6,8,75.0,1,3,33.3,0,0.0,0.0,0.0,1,3,0,0,3
ENG-Premier League,2324,Bournemouth,Illia Zabarnyi,UKR,DF,20,2002,37.0,1471,1805,81.5,30757,10546,392,458,85.6,880,952,92.4,188,362,51.9,0,0.4,0.6,-0.4,7,127,11,0,109
ENG-Premier League,2324,Bournemouth,Ionuț Radu,ROU,GK,26,1997,2.0,56,68,82.4,1211,583,19,19,100.0,29,30,96.7,8,19,42.1,0,0.0,0.0,0.0,0,0,0,0,0
ENG-Premier League,2324,Bournemouth,Jaidon Anthony,ENG,FW,23,1999,1.7,30,45,66.7,453,139,17,20,85.0,10,14,71.4,1,6,16.7,0,0.0,0.0,0.0,0,3,1,0,8
ENG-Premier League,2324,Bournemouth,James Hill,ENG,DF,21,2002,0.8,28,42,66.7,542,243,13,16,81.3,8,13,61.5,5,10,50.0,0,0.0,0.0,0.0,0,6,0,0,5
ENG-Premier League,2324,Bournemouth,Joe Rothwell,ENG,MF,28,1995,4.3,179,216,82.9,3185,863,65,68,95.6,100,108,92.6,10,30,33.3,0,0.2,0.2,-0.2,4,20,1,0,20
ENG-Premier League,2324,Bournemouth,Justin Kluivert,NED,"MF,FW",24,1999,21.3,288,421,68.4,4393,1193,147,194,75.8,104,137,75.9,18,32,56.3,1,1.9,1.6,-0.9,21,10,24,2,50
ENG-Premier League,2324,Bournemouth,Kieffer Moore,WAL,"FW,MF",30,1992,1.2,28,42,66.7,272,91,22,29,75.9,4,8,50.0,0,0,,0,0.2,0.3,-0.2,2,2,2,0,4
ENG-Premier League,2324,Bournemouth,Lewis Cook,ENG,MF,26,1997,31.0,1135,1487,76.3,20294,6864,458,539,85.0,539,616,87.5,112,257,43.6,3,4.3,3.0,-1.3,46,138,20,4,142
ENG-Premier League,2324,Bournemouth,Lloyd Kelly,ENG,DF,24,1998,17.3,673,906,74.3,13526,4407,234,277,84.5,341,400,85.3,90,191,47.1,1,1.2,0.8,-0.2,9,76,7,4,56
ENG-Premier League,2324,Bournemouth,Luis Sinisterra,COL,"FW,MF",24,1999,7.8,226,292,77.4,3223,747,145,169,85.8,57,66,86.4,13,20,65.0,2,2.4,1.1,-0.4,20,9,16,1,38
ENG-Premier League,2324,Bournemouth,Marcos Senesi,ARG,DF,26,1997,24.9,1005,1297,77.5,21763,9395,307,340,90.3,511,570,89.6,181,345,52.5,5,1.7,2.5,3.3,22,156,31,11,127
ENG-Premier League,2324,Bournemouth,Marcus Tavernier,ENG,FW,24,1999,23.5,658,920,71.5,10699,3392,358,421,85.0,222,282,78.7,60,142,42.3,4,5.2,4.2,-1.2,44,46,35,7,84
ENG-Premier League,2324,Bournemouth,Mark Travers,IRL,GK,24,1999,4.0,67,118,56.8,2248,1616,10,10,100.0,31,31,100.0,26,77,33.8,0,0.0,0.0,0.0,0,5,0,0,0
ENG-Premier League,2324,Bournemouth,Max Aarons,ENG,DF,23,2000,13.7,450,581,77.5,7402,2789,220,248,88.7,188,235,80.0,34,63,54.0,1,0.8,0.9,0.2,7,25,13,2,43
ENG-Premier League,2324,Bournemouth,Milos Kerkez,HUN,DF,19,2003,21.9,613,844,72.6,9811,3390,322,375,85.9,237,333,71.2,43,94,45.7,1,0.8,1.0,0.2,12,34,14,9,44
ENG-Premier League,2324,Bournemouth,Neto,BRA,GK,34,1989,32.0,692,1060,65.3,20318,15023,95,97,97.9,360,371,97.0,236,585,40.3,0,0.0,0.0,0.0,0,23,0,0,0
ENG-Premier League,2324,Bournemouth,Philip Billing,DEN,MF,27,1996,15.5,404,537,75.2,6037,1791,232,279,83.2,121,153,79.1,31,56,55.4,2,3.2,2.1,-1.2,23,39,15,4,53
ENG-Premier League,2324,Bournemouth,Romain Faivre,FRA,"MF,FW",25,1998,0.5,19,26,73.1,251,114,9,12,75.0,7,7,100.0,1,3,33.3,0,0.0,0.0,0.0,0,2,1,0,5
ENG-Premier League,2324,Bournemouth,Ryan Christie,SCO,MF,28,1995,32.3,988,1300,76.0,18802,5120,399,467,85.4,425,510,83.3,143,253,56.5,5,5.4,5.4,-0.4,55,118,42,7,167
ENG-Premier League,2324,Bournemouth,Tyler Adams,USA,MF,24,1999,1.3,59,71,83.1,973,262,35,39,89.7,18,24,75.0,6,8,75.0,0,0.1,0.0,-0.1,1,9,0,0,5
ENG-Premier League,2324,Brentford,Aaron Hickey,SCO,DF,21,2002,7.9,243,277,87.7,3813,894,134,140,95.7,92,106,86.8,14,20,70.0,0,0.1,0.1,-0.1,1,10,2,0,21
ENG-Premier League,2324,Brentford,Ben Mee,ENG,DF,33,1989,14.1,511,667,76.6,9030,3658,218,249,87.6,235,285,82.5,49,103,47.6,0,0.3,0.7,-0.3,6,45,4,2,49
ENG-Premier League,2324,Brentford,Bryan Mbeumo,CMR,FW,23,1999,21.8,511,765,66.8,7853,2424,299,373,80.2,144,220,65.5,48,91,52.7,6,4.6,5.6,1.4,32,32,36,4,88
ENG-Premier League,2324,Brentford,Christian Nørgaard,DEN,MF,29,1994,27.8,1199,1501,79.9,19114,6144,639,725,88.1,458,559,81.9,78,146,53.4,1,1.9,2.4,-0.9,24,113,26,4,161
ENG-Premier League,2324,Brentford,Ethan Pinnock,JAM,DF,30,1993,28.0,1192,1432,83.2,22546,7516,399,466,85.6,672,739,90.9,98,178,55.1,0,1.0,0.8,-1.0,4,76,5,0,61
ENG-Premier League,2324,Brentford,Frank Onyeka,NGA,MF,25,1998,12.9,299,396,75.5,4662,1127,159,181,87.8,114,152,75.0,18,35,51.4,2,1.8,1.4,0.2,12,23,11,5,33
ENG-Premier League,2324,Brentford,Ivan Toney,ENG,FW,27,1996,16.1,228,426,53.5,2972,1188,135,219,61.6,56,103,54.4,15,31,48.4,2,1.5,1.4,0.5,12,20,18,5,40
ENG-Premier League,2324,Brentford,Josh Dasilva,ENG,"DF,FW",24,1998,0.3,10,19,52.6,153,59,5,7,71.4,5,7,71.4,0,2,0.0,0,0.2,0.2,-0.2,1,0,0,0,2
ENG-Premier League,2324,Brentford,Keane Lewis-Potter,ENG,"FW,DF",22,2001,16.0,289,415,69.6,4218,969,169,206,82.0,89,119,74.8,19,56,33.9,1,1.7,2.0,-0.7,13,11,14,4,32
ENG-Premier League,2324,Brentford,Kevin Schade,GER,"FW,MF",21,2001,3.7,58,95,61.1,819,220,36,49,73.5,19,32,59.4,2,4,50.0,1,0.7,0.7,0.3,4,8,3,2,9
ENG-Premier League,2324,Brentford,Kristoffer Ajer,NOR,DF,25,1998,20.4,610,810,75.3,10210,3786,291,337,86.4,263,332,79.2,45,103,43.7,1,2.3,2.7,-1.3,12,56,10,3,61
ENG-Premier League,2324,Brentford,Mads Roerslev,DEN,DF,24,1999,22.1,496,742,66.8,8448,2978,238,301,79.1,202,297,68.0,47,93,50.5,2,1.8,1.4,0.2,15,32,23,21,43
ENG-Premier League,2324,Brentford,Mark Flekken,NED,GK,30,1993,36.5,1131,1580,71.6,32732,22385,159,161,98.8,575,580,99.1,394,832,47.4,1,0.5,0.2,0.5,4,37,1,0,5
ENG-Premier League,2324,Brentford,Mathias Jensen,DEN,MF,27,1996,24.5,875,1202,72.8,17423,6338,362,423,85.6,337,439,76.8,152,268,56.7,3,4.0,4.8,-1.0,41,88,41,11,123
ENG-Premier League,2324,Brentford,Mathias Jørgensen,DEN,DF,33,1990,12.1,446,593,75.2,7338,3528,227,262,86.6,186,238,78.2,27,62,43.5,0,0.9,0.5,-0.9,7,52,9,1,50
ENG-Premier League,2324,Brentford,Michael Olakigbe,ENG,"DF,FW",19,2004,0.7,27,40,67.5,347,74,17,20,85.0,7,10,70.0,1,5,20.0,0,0.0,0.0,0.0,0,2,1,0,4
ENG-Premier League,2324,Brentford,Mikkel Damsgaard,DEN,MF,23,2000,9.4,300,432,69.4,4940,1897,151,194,77.8,116,151,76.8,26,55,47.3,2,1.4,0.9,0.6,10,50,11,1,61
ENG-Premier League,2324,Brentford,Myles Peart-Harris,ENG,"DF,MF",20,2002,0.1,6,10,60.0,68,10,5,5,100.0,1,2,50.0,0,2,0.0,0,0.0,0.0,0.0,1,1,0,0,1
ENG-Premier League,2324,Brentford,Nathan Collins,IRL,DF,22,2001,29.5,1261,1552,81.3,23470,8772,462,528,87.5,660,757,87.2,116,214,54.2,1,2.2,1.1,-1.2,11,78,6,0,97
ENG-Premier League,2324,Brentford,Neal Maupay,FRA,FW,26,1996,14.7,282,392,71.9,4002,913,172,208,82.7,66,97,68.0,23,32,71.9,3,2.3,2.2,0.7,15,17,17,2,37
ENG-Premier League,2324,Brentford,Rico Henry,ENG,DF,26,1997,4.5,147,183,80.3,2291,763,82,94,87.2,51,61,83.6,11,19,57.9,1,1.0,0.8,0.0,4,10,7,2,20
ENG-Premier League,2324,Brentford,Saman Ghoddos,IRN,DF,29,1993,8.2,325,448,72.5,5565,1748,164,187,87.7,131,167,78.4,27,78,34.6,0,1.1,1.0,-1.1,9,29,10,4,36
ENG-Premier League,2324,Brentford,Sergio Reguilón,ESP,DF,26,1996,12.4,351,522,67.2,6057,2626,161,194,83.0,147,201,73.1,34,82,41.5,4,2.8,2.2,1.2,20,17,17,13,38
ENG-Premier League,2324,Brentford,Shandon Baptiste,GRN,MF,25,1998,2.5,66,90,73.3,1144,351,33,39,84.6,25,28,89.3,7,15,46.7,1,0.2,0.4,0.8,4,7,3,2,5
ENG-Premier League,2324,Brentford,Thomas Strakosha,ALB,GK,28,1995,1.5,52,71,73.2,1509,977,6,6,100.0,27,28,96.4,19,37,51.4,0,0.0,0.0,0.0,0,1,0,0,0
ENG-Premier League,2324,Brentford,Vitaly Janelt,GER,"MF,DF",25,1998,33.9,1088,1398,77.8,17534,5211,579,666,86.9,394,496,79.4,84,156,53.8,3,4.8,3.7,-1.8,37,107,32,15,123
ENG-Premier League,2324,Brentford,Yehor Yarmoliuk,UKR,MF,19,2004,7.6,221,298,74.2,3416,801,117,140,83.6,80,102,78.4,12,28,42.9,0,0.1,0.6,-0.1,3,17,10,1,35
ENG-Premier League,2324,Brentford,Yoane Wissa,COD,FW,26,1996,27.7,327,462,70.8,4297,1135,197,248,79.4,84,124,67.7,16,29,55.2,3,3.9,2.0,-0.9,30,26,16,4,48
ENG-Premier League,2324,Brighton,Adam Lallana,ENG,"MF,FW",35,1988,9.4,451,509,88.6,4936,1088,326,352,92.6,78,90,86.7,7,8,87.5,1,1.7,2.0,-0.7,15,21,16,1,39
ENG-Premier League,2324,Brighton,Adam Webster,ENG,DF,28,1995,12.7,997,1096,91.0,16938,5838,428,462,92.6,495,529,93.6,56,79,70.9,0,0.1,0.3,-0.1,5,92,4,0,80
ENG-Premier League,2324,Brighton,Ansu Fati,ESP,"MF,FW",20,2002,5.8,178,210,84.8,2332,518,117,124,94.4,41,50,82.0,10,11,90.9,0,0.8,0.6,-0.8,6,14,7,0,28
ENG-Premier League,2324,Brighton,Bart Verbruggen,NED,GK,20,2002,21.0,753,862,87.4,14982,10381,304,307,99.0,309,315,98.1,129,226,57.1,0,0.0,0.0,0.0,0,3,0,0,3
ENG-Premier League,2324,Brighton,Benicio Boaitey,ENG,"FW,DF",19,2004,0.4,13,20,65.0,188,30,8,11,72.7,5,8,62.5,0,0,,0,0.1,0.1,-0.1,1,0,0,0,2
ENG-Premier League,2324,Brighton,Billy Gilmour,SCO,MF,22,2001,23.6,1915,2107,90.9,29399,7671,1049,1093,96.0,703,759,92.6,106,170,62.4,1,2.0,2.5,-1.0,22,183,33,3,193
ENG-Premier League,2324,Brighton,Carlos Baleba,CMR,MF,19,2004,14.7,713,775,92.0,10618,2185,402,429,93.7,267,278,96.0,24,30,80.0,0,0.3,0.3,-0.3,8,38,3,0,50
ENG-Premier League,2324,Brighton,Danny Welbeck,ENG,"FW,MF",32,1990,18.8,423,515,82.1,4847,730,304,349,87.1,91,106,85.8,1,2,50.0,1,1.7,1.4,-0.7,22,23,13,0,44
ENG-Premier League,2324,Brighton,Evan Ferguson,IRL,FW,18,2004,15.2,244,303,80.5,3028,349,156,180,86.7,54,63,85.7,11,15,73.3,0,0.5,0.8,-0.5,6,11,4,0,15
ENG-Premier League,2324,Brighton,Facundo Buonanotte,ARG,"FW,MF",18,2004,15.2,404,478,84.5,5038,1028,270,306,88.2,95,109,87.2,9,15,60.0,1,1.8,1.2,-0.8,18,26,14,1,42
ENG-Premier League,2324,Brighton,Igor,BRA,DF,25,1998,18.2,1398,1497,93.4,21855,7143,714,742,96.2,615,640,96.1,49,68,72.1,0,0.7,0.5,-0.7,7,123,2,0,107
ENG-Premier League,2324,Brighton,Jack Hinshelwood,ENG,DF,18,2005,9.7,418,498,83.9,5999,1172,233,267,87.3,156,175,89.1,9,22,40.9,0,0.7,0.4,-0.7,8,24,5,1,19
ENG-Premier League,2324,Brighton,Jakub Moder,POL,"MF,DF",24,1999,6.9,243,304,79.9,3263,908,150,165,90.9,75,94,79.8,5,14,35.7,0,0.8,0.8,-0.8,4,15,3,0,23
ENG-Premier League,2324,Brighton,James Milner,ENG,"DF,MF",37,1986,8.6,492,585,84.1,7622,2496,269,297,90.6,181,210,86.2,27,46,58.7,2,1.8,1.7,0.2,16,46,17,6,69
ENG-Premier League,2324,Brighton,Jan Paul van Hecke,NED,DF,23,2000,26.3,2225,2415,92.1,38300,14722,939,991,94.8,1109,1181,93.9,136,186,73.1,0,0.9,1.1,-0.9,10,156,10,1,147
ENG-Premier League,2324,Brighton,Jason Steele,ENG,GK,32,1990,17.0,570,673,84.7,12217,8275,185,186,99.5,265,270,98.1,111,206,53.9,0,0.0,0.0,0.0,0,3,0,0,0
ENG-Premier League,2324,Brighton,João Pedro,BRA,"FW,MF",21,2001,22.7,659,818,80.6,8706,1876,425,483,88.0,178,217,82.0,24,43,55.8,3,3.8,4.7,-0.8,37,43,44,4,92
ENG-Premier League,2324,Brighton,Joël Veltman,NED,DF,31,1992,17.6,758,906,83.7,12317,3297,373,419,89.0,330,376,87.8,48,82,58.5,1,0.5,0.6,0.5,4,51,8,0,85
ENG-Premier League,2324,Brighton,Julio Enciso,PAR,"MF,FW",19,2004,5.3,132,178,74.2,1842,562,77,89,86.5,41,58,70.7,9,12,75.0,2,1.7,1.3,0.3,9,12,4,2,21
ENG-Premier League,2324,Brighton,Kaoru Mitoma,JPN,FW,26,1997,16.5,509,650,78.3,6210,1486,357,413,86.4,110,153,71.9,9,24,37.5,4,2.7,3.6,1.3,25,23,34,5,64
ENG-Premier League,2324,Brighton,Lewis Dunk,ENG,DF,31,1991,31.9,2977,3233,92.1,50791,19478,1343,1382,97.2,1340,1417,94.6,216,340,63.5,1,0.9,2.2,0.1,13,204,8,1,152
ENG-Premier League,2324,Brighton,Mahmoud Dahoud,GER,MF,27,1996,5.0,284,328,86.6,4011,886,169,176,96.0,84,99,84.8,16,25,64.0,1,0.9,0.4,0.1,10,21,1,1,11
ENG-Premier League,2324,Brighton,Mark O'Mahony,IRL,FW,18,2005,0.7,13,16,81.3,162,2,7,8,87.5,5,6,83.3,0,0,,0,0.0,0.0,0.0,0,0,0,0,0
ENG-Premier League,2324,Brighton,Odeluga Offiah,ENG,DF,20,2002,1.4,63,80,78.8,851,196,39,41,95.1,21,24,87.5,2,7,28.6,0,0.0,0.0,0.0,0,1,1,0,4
ENG-Premier League,2324,Brighton,Pascal Groß,GER,"MF,DF",32,1991,34.6,2774,3223,86.1,42905,13360,1583,1674,94.6,914,1035,88.3,193,359,53.8,10,8.1,9.2,1.9,103,242,73,27,302
ENG-Premier League,2324,Brighton,Pervis Estupiñán,ECU,DF,25,1998,13.8,809,962,84.1,11736,3617,480,524,91.6,270,313,86.3,32,64,50.0,3,3.5,2.3,-0.5,26,66,25,11,83
ENG-Premier League,2324,Brighton,Simon Adingra,CIV,FW,21,2002,24.7,634,840,75.5,8828,1713,412,491,83.9,185,245,75.5,20,38,52.6,1,3.7,3.5,-2.7,33,17,33,11,50
ENG-Premier League,2324,Brighton,Solly March,ENG,"FW,DF",29,1994,6.2,203,261,77.8,3145,899,118,139,84.9,62,78,79.5,17,27,63.0,1,1.0,1.0,0.0,7,10,7,0,24
ENG-Premier League,2324,Brighton,Tariq Lamptey,GHA,"DF,FW",22,2000,10.2,379,454,83.5,5485,916,217,242,89.7,135,163,82.8,13,22,59.1,3,1.2,0.8,1.8,10,6,12,6,17
ENG-Premier League,2324,Brighton,Valentín Barco,ARG,"DF,FW",19,2004,3.4,179,233,76.8,2509,864,120,131,91.6,47,64,73.4,7,23,30.4,0,0.2,0.4,-0.2,4,10,3,0,14
ENG-Premier League,2324,Burnley,Aaron Ramsey,ENG,"MF,FW",20,2003,5.9,118,151,78.1,1856,224,71,84,84.5,37,46,80.4,9,10,90.0,0,0.4,0.5,-0.4,1,7,2,0,8
ENG-Premier League,2324,Burnley,Ameen Al-Dakhil,BEL,DF,21,2002,11.7,537,637,84.3,9642,2939,208,220,94.5,280,321,87.2,42,77,54.5,0,0.1,0.6,-0.1,2,13,2,0,35
ENG-Premier League,2324,Burnley,Anass Zaroury,MAR,"FW,MF",22,2000,1.7,43,70,61.4,714,120,23,31,74.2,13,21,61.9,6,11,54.5,0,0.0,0.1,0.0,2,2,2,1,2
ENG-Premier League,2324,Burnley,Arijanet Muric,KVX,GK,24,1998,10.0,404,585,69.1,11273,8376,67,68,98.5,196,207,94.7,140,302,46.4,0,0.2,0.1,-0.2,4,16,1,0,1
ENG-Premier League,2324,Burnley,Benson Manuel,ANG,"MF,FW",26,1997,1.3,48,59,81.4,693,153,27,27,100.0,16,22,72.7,3,4,75.0,0,0.0,0.2,0.0,1,2,3,2,2
ENG-Premier League,2324,Burnley,Charlie Taylor,ENG,DF,29,1993,25.9,995,1312,75.8,16535,5292,520,590,88.1,380,488,77.9,76,169,45.0,1,1.2,1.7,-0.2,15,69,19,14,82
ENG-Premier League,2324,Burnley,Connor Roberts,WAL,DF,27,1995,9.1,395,495,79.8,6987,2370,162,182,89.0,194,222,87.4,34,67,50.7,1,0.2,0.4,0.8,7,32,8,2,38
ENG-Premier League,2324,Burnley,Dara O'Shea,IRL,DF,24,1999,32.1,1393,1759,79.2,27584,10235,459,551,83.3,752,854,88.1,168,304,55.3,4,2.0,1.0,2.0,13,139,6,3,122
ENG-Premier League,2324,Burnley,David Datro Fofana,CIV,FW,20,2002,9.8,117,173,67.6,1574,343,67,94,71.3,36,49,73.5,5,6,83.3,1,1.8,0.3,-0.8,8,9,5,1,15
ENG-Premier League,2324,Burnley,Han-Noah Massengo,FRA,"MF,DF",22,2001,0.2,6,12,50.0,74,42,5,7,71.4,1,4,25.0,0,0,,0,0.0,0.0,0.0,0,1,0,0,0
ENG-Premier League,2324,Burnley,Hannes Delcroix,HAI,DF,24,1999,6.5,300,350,85.7,4932,1666,145,155,93.5,135,154,87.7,16,31,51.6,0,0.2,0.1,-0.2,4,24,3,2,18
ENG-Premier League,2324,Burnley,Hjalmar Ekdal,SWE,DF,24,1998,4.9,191,217,88.0,3404,938,66,71,93.0,109,120,90.8,12,17,70.6,0,0.1,0.0,-0.1,1,8,0,0,11
ENG-Premier League,2324,Burnley,Jack Cork,ENG,MF,34,1989,0.3,25,33,75.8,370,77,13,16,81.3,10,10,100.0,1,3,33.3,0,0.0,0.0,0.0,0,5,0,0,4
ENG-Premier League,2324,Burnley,Jacob Bruun Larsen,DEN,"MF,FW",24,1998,13.9,378,526,71.9,6208,1406,208,257,80.9,120,162,74.1,39,64,60.9,0,1.5,1.8,-1.5,25,12,13,2,38
ENG-Premier League,2324,Burnley,James Trafford,ENG,GK,20,2002,28.0,1009,1541,65.5,23601,16311,318,323,98.5,451,464,97.2,235,735,32.0,0,0.0,0.1,0.0,0,24,1,0,6
ENG-Premier League,2324,Burnley,Jay Rodriguez,ENG,FW,34,1989,9.1,142,216,65.7,1958,396,89,119,74.8,36,52,69.2,9,27,33.3,1,0.2,0.1,0.8,4,16,2,0,17
ENG-Premier League,2324,Burnley,Jordan Beyer,GER,DF,23,2000,13.7,766,861,89.0,14232,3759,270,298,90.6,421,446,94.4,64,92,69.6,1,0.3,0.2,0.7,3,28,1,0,25
ENG-Premier League,2324,Burnley,Josh Brownhill,ENG,MF,27,1995,25.0,850,1106,76.9,13206,3449,451,532,84.8,311,393,79.1,55,114,48.2,2,2.1,2.1,-0.1,34,71,16,0,90
ENG-Premier League,2324,Burnley,Josh Cullen,IRL,MF,27,1996,22.9,1173,1373,85.4,18812,4917,617,667,92.5,466,521,89.4,69,127,54.3,3,1.8,2.3,1.2,26,119,17,3,123
ENG-Premier League,2324,Burnley,Jóhann Berg Guðmundsson,ISL,"MF,FW",32,1990,13.2,396,544,72.8,7505,2234,164,184,89.1,159,203,78.3,61,124,49.2,3,2.7,2.5,0.3,35,36,18,6,59
ENG-Premier League,2324,Burnley,Lorenz Assignon,TOG,DF,23,2000,13.7,352,485,72.6,5411,1984,182,225,80.9,152,194,78.4,10,31,32.3,2,2.6,1.6,-0.6,13,16,10,5,34
ENG-Premier League,2324,Burnley,Luca Koleosho,ITA,"MF,FW",18,2004,10.8,192,274,70.1,2509,475,126,153,82.4,56,79,70.9,2,9,22.2,1,1.3,1.1,-0.3,11,9,6,2,19
ENG-Premier League,2324,Burnley,Lyle Foster,RSA,"FW,MF",22,2000,21.1,312,461,67.7,4471,835,197,268,73.5,91,124,73.4,14,20,70.0,3,1.9,1.3,1.1,19,21,12,0,37
ENG-Premier League,2324,Burnley,Maxime Estève,FRA,DF,21,2002,14.5,690,821,84.0,11622,2998,308,343,89.8,336,371,90.6,36,79,45.6,0,0.0,0.2,0.0,1,41,0,0,40
ENG-Premier League,2324,Burnley,Michael Obafemi,IRL,"FW,MF",23,2000,0.2,4,5,80.0,55,2,3,3,100.0,1,1,100.0,0,0,,0,0.0,0.0,0.0,0,0,0,0,0
ENG-Premier League,2324,Burnley,Mike Trésor,BEL,"FW,MF",24,1999,4.7,120,180,66.7,1614,462,73,86,84.9,32,52,61.5,4,19,21.1,0,0.4,0.5,-0.4,7,6,2,0,10
ENG-Premier League,2324,Burnley,Nathan Redmond,ENG,"FW,MF",29,1994,1.6,48,73,65.8,723,137,30,36,83.3,11,19,57.9,4,9,44.4,0,0.3,0.4,-0.3,3,3,4,1,8
ENG-Premier League,2324,Burnley,Sander Berge,NOR,MF,25,1998,33.4,1376,1562,88.1,24429,5168,568,637,89.2,658,711,92.5,125,154,81.2,2,2.4,1.6,-0.4,29,129,16,1,164
ENG-Premier League,2324,Burnley,Vitinho,BRA,"DF,MF",24,1999,25.7,715,994,71.9,11588,3536,373,445,83.8,282,398,70.9,45,84,53.6,2,1.3,1.2,0.7,11,56,19,4,66
ENG-Premier League,2324,Burnley,Wilson Odobert,FRA,"MF,FW",18,2004,23.3,446,584,76.4,6236,1559,285,330,86.4,134,173,77.5,16,31,51.6,2,3.3,3.6,-1.3,31,34,19,5,58
ENG-Premier League,2324,Burnley,Zeki Amdouni,SUI,FW,22,2000,21.7,396,500,79.2,6229,1153,216,265,81.5,141,161,87.6,24,35,68.6,1,1.4,1.3,-0.4,16,28,9,0,49
ENG-Premier League,2324,Chelsea,Alex Matos,ENG,MF,18,2004,0.0,0,0,,0,0,0,0,,0,0,,0,0,,0,0.0,0.0,0.0,0,0,0,0,0
ENG-Premier League,2324,Chelsea,Alfie Gilchrist,ENG,DF,19,2003,2.3,121,141,85.8,1893,468,63,73,86.3,55,61,90.2,3,6,50.0,0,0.0,0.0,0.0,0,5,1,0,7
ENG-Premier League,2324,Chelsea,Armando Broja,ALB,FW,21,2001,5.0,83,94,88.3,932,91,60,64,93.8,15,18,83.3,1,2,50.0,0,0.2,0.3,-0.2,3,2,2,0,6
ENG-Premier League,2324,Chelsea,Axel Disasi,FRA,DF,25,1998,28.7,2031,2256,90.0,34081,11464,877,913,96.1,1050,1124,93.4,86,168,51.2,0,0.3,1.0,-0.3,3,115,8,1,112
ENG-Premier League,2324,Chelsea,Ben Chilwell,ENG,DF,26,1996,8.4,373,495,75.4,5230,1552,230,259,88.8,112,143,78.3,18,48,37.5,1,2.2,1.8,-1.2,14,29,2,2,25
ENG-Premier League,2324,Chelsea,Benoît Badiashile,FRA,DF,22,2001,14.9,1065,1173,90.8,18737,7087,442,463,95.5,543,584,93.0,71,106,67.0,1,1.5,0.9,-0.5,6,48,4,0,46
ENG-Premier League,2324,Chelsea,Carney Chukwuemeka,ENG,"MF,FW",19,2003,2.5,115,134,85.8,1476,266,82,88,93.2,26,31,83.9,4,5,80.0,1,0.3,0.3,0.7,4,4,6,0,12
ENG-Premier League,2324,Chelsea,Cesare Casadei,ITA,"FW,MF",20,2003,0.9,53,65,81.5,792,155,29,34,85.3,17,22,77.3,4,4,100.0,0,0.1,0.1,-0.1,2,2,0,0,3
ENG-Premier League,2324,Chelsea,Christopher Nkunku,FRA,"FW,MF",25,1997,4.9,159,183,86.9,2048,567,101,109,92.7,39,43,90.7,4,10,40.0,0,0.2,0.5,-0.2,3,14,7,0,19
ENG-Premier League,2324,Chelsea,Cole Palmer,ENG,"FW,MF",21,2002,29.0,1121,1415,79.2,18622,5642,574,636,90.3,407,479,85.0,101,186,54.3,11,11.1,8.7,-0.1,72,136,69,5,197
ENG-Premier League,2324,Chelsea,Conor Gallagher,ENG,MF,23,2000,34.8,1801,2018,89.2,26732,5954,1054,1116,94.4,598,654,91.4,95,146,65.1,7,5.0,3.5,2.0,52,135,32,4,172
ENG-Premier League,2324,Chelsea,Deivid Washington,BRA,"DF,FW",18,2005,0.1,1,1,100.0,25,0,0,0,,1,1,100.0,0,0,,0,0.0,0.0,0.0,0,0,0,0,0
ENG-Premier League,2324,Chelsea,Enzo Fernández,ARG,MF,22,2001,24.5,1574,1862,84.5,28776,8415,674,742,90.8,661,744,88.8,196,273,71.8,2,3.4,3.7,-1.4,32,177,43,4,210
ENG-Premier League,2324,Chelsea,Ian Maatsen,NED,"FW,MF",21,2002,2.3,97,138,70.3,1316,400,60,73,82.2,26,46,56.5,4,8,50.0,0,0.1,0.2,-0.1,2,6,2,1,8
ENG-Premier League,2324,Chelsea,Jimi Tauriainen,ENG,FW,19,2004,0.0,0,0,,0,0,0,0,,0,0,,0,0,,0,0.0,0.0,0.0,0,0,0,0,0
ENG-Premier League,2324,Chelsea,Joshua Acheampong,ENG,DF,17,2006,0.1,1,2,50.0,18,7,0,0,,1,1,100.0,0,1,0.0,0,0.0,0.0,0.0,0,0,0,0,0
ENG-Premier League,2324,Chelsea,Lesley Ugochukwu,FRA,MF,19,2004,3.3,155,183,84.7,2510,683,79,90,87.8,63,73,86.3,10,11,90.9,0,0.1,0.1,-0.1,3,11,5,0,17
ENG-Premier League,2324,Chelsea,Levi Colwill,ENG,DF,20,2003,20.0,965,1163,83.0,16310,5939,444,495,89.7,456,508,89.8,51,117,43.6,1,1.2,0.5,-0.2,7,82,6,0,73
ENG-Premier League,2324,Chelsea,Malo Gusto,FRA,DF,20,2003,19.5,1230,1423,86.4,17534,5080,761,829,91.8,394,454,86.8,48,73,65.8,6,4.3,3.3,1.7,32,49,29,13,86
ENG-Premier League,2324,Chelsea,Marc Cucurella,ESP,DF,25,1998,19.8,1036,1196,86.6,15110,4408,595,645,92.2,383,430,89.1,32,65,49.2,2,1.1,1.2,0.9,19,51,7,4,50
ENG-Premier League,2324,Chelsea,Mason Burstow,ENG,FW,19,2003,0.1,3,4,75.0,29,1,3,3,100.0,0,0,,0,0,,0,0.0,0.0,0.0,0,0,0,0,0
ENG-Premier League,2324,Chelsea,Moisés Caicedo,ECU,MF,21,2001,31.8,1907,2119,90.0,29696,8181,1046,1120,93.4,673,726,92.7,124,162,76.5,3,2.6,2.0,0.4,23,176,20,0,173
ENG-Premier League,2324,Chelsea,Mykhailo Mudryk,UKR,FW,22,2001,17.5,385,566,68.0,5618,1853,237,300,79.0,96,148,64.9,30,66,45.5,2,4.1,3.2,-2.1,32,24,22,4,45
ENG-Premier League,2324,Chelsea,Nicolas Jackson,SEN,FW,22,2001,31.1,515,666,77.3,6528,1537,323,386,83.7,126,164,76.8,20,27,74.1,5,4.3,2.9,0.7,38,40,21,0,67
ENG-Premier League,2324,Chelsea,Noni Madueke,ENG,FW,21,2002,11.7,412,486,84.8,5511,1281,268,294,91.2,115,136,84.6,13,20,65.0,2,2.6,2.0,-0.6,20,23,13,2,52
ENG-Premier League,2324,Chelsea,Raheem Sterling,ENG,"FW,MF",28,1994,22.0,538,728,73.9,7091,1775,363,428,84.8,135,191,70.7,18,33,54.5,4,4.5,4.3,-0.5,30,31,35,7,78
ENG-Premier League,2324,Chelsea,Reece James,ENG,DF,23,1999,4.7,275,341,80.6,4433,1383,144,163,88.3,104,130,80.0,19,34,55.9,2,1.7,1.6,0.3,11,21,6,3,21
ENG-Premier League,2324,Chelsea,Robert Sánchez,ESP,GK,25,1997,15.9,500,609,82.1,11860,7720,135,136,99.3,250,257,97.3,112,211,53.1,0,0.0,0.0,0.0,0,8,0,0,1
ENG-Premier League,2324,Chelsea,Roméo Lavia,BEL,MF,19,2004,0.4,22,27,81.5,350,51,9,10,90.0,13,14,92.9,0,1,0.0,0,0.0,0.0,0.0,0,4,0,0,1
ENG-Premier League,2324,Chelsea,Thiago Silva,BRA,DF,38,1984,28.1,2166,2287,94.7,38542,15513,887,918,96.6,1119,1157,96.7,143,186,76.9,1,1.0,0.6,0.0,9,125,10,1,102
ENG-Premier League,2324,Chelsea,Trevoh Chalobah,ENG,DF,24,1999,10.6,700,783,89.4,12088,3518,278,302,92.1,377,397,95.0,35,70,50.0,0,0.1,0.4,-0.1,2,30,2,0,31
ENG-Premier League,2324,Chelsea,Đorđe Petrović,SRB,GK,23,1999,22.1,635,806,78.8,14560,8862,188,188,100.0,321,324,99.1,123,289,42.6,0,0.0,0.0,0.0,0,3,0,0,1
ENG-Premier League,2324,Crystal Palace,Adam Wharton,ENG,MF,19,2004,14.4,464,596,77.9,8091,2486,209,244,85.7,199,234,85.0,45,80,56.3,3,2.4,1.5,0.6,21,51,16,3,79
ENG-Premier League,2324,Crystal Palace,Cheick Doucouré,MLI,MF,23,2000,10.2,367,422,87.0,5725,1849,200,222,90.1,146,165,88.5,18,24,75.0,0,0.7,0.8,-0.7,10,39,5,0,49
ENG-Premier League,2324,Crystal Palace,Chris Richards,USA,"DF,MF",23,2000,23.3,778,942,82.6,13337,4341,362,413,87.7,341,389,87.7,58,100,58.0,1,0.4,0.2,0.6,6,41,2,0,43
ENG-Premier League,2324,Crystal Palace,Daniel Muñoz,COL,"DF,MF",27,1996,16.0,561,720,77.9,7556,2865,365,417,87.5,164,228,71.9,14,35,40.0,4,2.4,1.3,1.6,21,25,4,0,38
ENG-Premier League,2324,Crystal Palace,David Ozoh,ENG,"MF,DF",18,2005,1.7,48,51,94.1,695,112,21,22,95.5,25,25,100.0,0,0,,0,0.0,0.0,0.0,0,3,0,0,4
ENG-Premier League,2324,Crystal Palace,Dean Henderson,ENG,GK,26,1997,18.0,280,485,57.7,7596,5485,75,78,96.2,120,123,97.6,81,277,29.2,0,0.0,0.0,0.0,0,9,1,0,0
ENG-Premier League,2324,Crystal Palace,Eberechi Eze,ENG,"MF,FW",25,1998,22.8,700,909,77.0,11150,3226,353,405,87.2,253,301,84.1,61,134,45.5,4,5.2,5.6,-1.2,54,48,45,7,93
ENG-Premier League,2324,Crystal Palace,James Tomkins,ENG,DF,34,1989,0.1,18,21,85.7,362,142,8,9,88.9,6,8,75.0,4,4,100.0,0,0.0,0.0,0.0,0,1,0,0,1
ENG-Premier League,2324,Crystal Palace,Jaïro Riedewald,NED,"MF,FW",26,1996,2.6,87,113,77.0,1422,331,37,42,88.1,40,46,87.0,5,13,38.5,0,0.0,0.1,0.0,0,5,2,0,10
ENG-Premier League,2324,Crystal Palace,Jean-Philippe Mateta,FRA,FW,26,1997,25.4,309,433,71.4,4043,785,195,245,79.6,75,112,67.0,13,14,92.9,5,3.1,1.3,1.9,32,11,14,4,25
ENG-Premier League,2324,Crystal Palace,Jefferson Lerma,COL,"MF,DF",28,1994,26.7,1018,1250,81.4,15825,5095,554,625,88.6,371,448,82.8,65,114,57.0,1,2.2,2.0,-1.2,24,109,20,3,106
ENG-Premier League,2324,Crystal Palace,Jeffrey Schlupp,GHA,"FW,MF",30,1992,15.0,247,334,74.0,3498,903,146,182,80.2,88,106,83.0,7,25,28.0,2,2.3,1.4,-0.3,19,17,9,2,33
ENG-Premier League,2324,Crystal Palace,Jesurun Rak Sakyi,ENG,"MF,FW",20,2002,1.5,37,50,74.0,535,79,24,28,85.7,11,16,68.8,2,3,66.7,0,0.2,0.1,-0.2,2,2,0,0,2
ENG-Premier League,2324,Crystal Palace,Joachim Andersen,DEN,DF,27,1996,37.9,1731,2209,78.4,37874,14700,488,559,87.3,950,1041,91.3,281,547,51.4,3,2.8,2.3,0.2,20,171,17,8,147
ENG-Premier League,2324,Crystal Palace,Joel Ward,ENG,DF,33,1989,22.0,715,944,75.7,11829,5634,358,396,90.4,301,372,80.9,46,134,34.3,1,0.2,0.3,0.8,3,68,7,3,66
ENG-Premier League,2324,Crystal Palace,Jordan Ayew,GHA,"FW,MF",31,1991,28.3,681,920,74.0,9753,1856,417,478,87.2,213,285,74.7,24,74,32.4,7,4.2,2.7,2.8,25,43,26,10,63
ENG-Premier League,2324,Crystal Palace,Marc Guéhi,ENG,DF,23,2000,22.5,1138,1309,86.9,22770,7962,363,403,90.1,636,673,94.5,130,212,61.3,1,0.6,1.0,0.4,7,90,5,0,67
ENG-Premier League,2324,Crystal Palace,Matheus França,BRA,"MF,FW",19,2004,2.6,51,79,64.6,910,256,20,29,69.0,24,29,82.8,5,13,38.5,1,0.9,0.5,0.1,6,4,2,0,8
ENG-Premier League,2324,Crystal Palace,Michael Olise,FRA,"FW,MF",21,2001,14.2,540,721,74.9,8557,2634,300,339,88.5,154,195,79.0,55,116,47.4,6,5.8,5.0,0.2,36,43,34,3,78
ENG-Premier League,2324,Crystal Palace,Naouirou Ahamada,FRA,"MF,FW",21,2002,3.9,150,187,80.2,2455,628,76,89,85.4,59,69,85.5,10,14,71.4,0,0.0,0.1,0.0,1,12,0,0,25
ENG-Premier League,2324,Crystal Palace,Nathaniel Clyne,ENG,DF,32,1991,14.9,495,600,82.5,7555,3021,266,288,92.4,191,224,85.3,28,54,51.9,0,0.2,0.2,-0.2,3,33,4,2,33
ENG-Premier League,2324,Crystal Palace,Odsonne Édouard,FRA,"FW,MF",25,1998,17.3,249,350,71.1,3106,704,164,207,79.2,61,80,76.3,7,11,63.6,0,1.2,1.1,-1.2,18,12,15,1,36
ENG-Premier League,2324,Crystal Palace,Remi Matthews,ENG,GK,29,1994,0.0,0,5,0.0,0,0,0,0,,0,0,,0,5,0.0,0,0.0,0.0,0.0,0,0,0,0,0
ENG-Premier League,2324,Crystal Palace,Sam Johnstone,ENG,GK,30,1993,20.0,343,599,57.3,11568,8793,45,46,97.8,143,147,97.3,155,401,38.7,0,0.0,0.0,0.0,0,13,0,0,0
ENG-Premier League,2324,Crystal Palace,Tyrick Mitchell,ENG,"DF,MF",23,1999,35.6,1177,1627,72.3,18588,7927,605,718,84.3,486,654,74.3,63,142,44.4,3,2.8,2.4,0.2,24,74,29,12,94
ENG-Premier League,2324,Crystal Palace,Will Hughes,ENG,MF,28,1995,21.0,731,878,83.3,10742,3108,389,436,89.2,281,317,88.6,27,62,43.5,1,1.1,1.8,-0.1,21,71,16,2,76
ENG-Premier League,2324,Everton,Abdoulaye Doucouré,MLI,"FW,MF",30,1993,29.2,683,893,76.5,9807,2329,381,453,84.1,239,288,83.0,28,59,47.5,1,2.9,1.5,-1.9,34,43,18,1,97
ENG-Premier League,2324,Everton,Alex Iwobi,NGA,MF,27,1996,1.6,27,42,64.3,545,179,13,14,92.9,7,10,70.0,7,15,46.7,0,0.2,0.4,-0.2,4,1,3,1,4
ENG-Premier League,2324,Everton,Amadou Onana,BEL,MF,21,2001,23.2,871,1036,84.1,14568,4039,444,499,89.0,312,357,87.4,85,115,73.9,0,2.7,1.4,-2.7,18,102,14,1,107
ENG-Premier League,2324,Everton,André Gomes,POR,"MF,FW",30,1993,5.6,223,291,76.6,3909,971,112,132,84.8,80,95,84.2,27,51,52.9,0,0.4,0.5,-0.4,4,24,6,1,36
ENG-Premier League,2324,Everton,Arnaut Danjuma,NED,"MF,FW",26,1997,6.6,102,152,67.1,1420,357,57,69,82.6,37,54,68.5,2,7,28.6,0,1.1,0.4,-1.1,6,6,2,0,9
ENG-Premier League,2324,Everton,Ashley Young,ENG,"DF,MF",38,1985,25.3,723,1052,68.7,12752,5653,339,386,87.8,290,384,75.5,83,219,37.9,0,1.5,1.4,-1.5,21,62,22,11,82
ENG-Premier League,2324,Everton,Ben Godfrey,ENG,DF,25,1998,12.4,336,484,69.4,5725,2373,147,180,81.7,157,204,77.0,23,62,37.1,0,0.3,0.5,-0.3,3,32,6,2,43
ENG-Premier League,2324,Everton,Beto,GNB,FW,25,1998,10.6,108,180,60.0,1451,323,66,98,67.3,34,53,64.2,5,7,71.4,0,0.9,0.3,-0.9,11,7,6,0,14
ENG-Premier League,2324,Everton,Dominic Calvert-Lewin,ENG,FW,26,1997,24.1,248,440,56.4,2917,647,175,271,64.6,49,99,49.5,6,12,50.0,2,3.1,1.6,-1.1,19,13,12,0,31
ENG-Premier League,2324,Everton,Dwight McNeil,ENG,"MF,FW",23,1999,32.1,874,1266,69.0,14956,5035,465,534,87.1,263,371,70.9,116,252,46.0,6,8.8,8.2,-2.8,69,72,54,20,114
ENG-Premier League,2324,Everton,Idrissa Gana Gueye,SEN,MF,33,1989,20.9,758,898,84.4,11688,3236,384,428,89.7,317,361,87.8,39,66,59.1,0,1.1,0.8,-1.1,15,70,9,1,83
ENG-Premier League,2324,Everton,Jack Harrison,ENG,"MF,FW",26,1996,24.6,409,631,64.8,5825,2378,243,291,83.5,127,195,65.1,23,73,31.5,3,3.4,3.3,-0.4,28,37,34,11,62
ENG-Premier League,2324,Everton,James Garner,ENG,MF,22,2001,33.4,958,1244,77.0,16067,4432,464,536,86.6,374,437,85.6,90,185,48.6,2,4.6,3.7,-2.6,44,98,24,6,100
ENG-Premier League,2324,Everton,James Tarkowski,ENG,DF,30,1992,38.0,1195,1550,77.1,25219,10527,396,474,83.5,588,683,86.1,196,335,58.5,1,2.5,2.7,-1.5,22,127,23,3,130
ENG-Premier League,2324,Everton,Jarrad Branthwaite,ENG,DF,21,2002,34.6,1105,1385,79.8,20561,8048,440,507,86.8,531,612,86.8,115,212,54.2,0,1.0,1.3,-1.0,4,60,1,0,74
ENG-Premier League,2324,Everton,Jordan Pickford,ENG,GK,29,1994,38.0,986,1576,62.6,33034,26388,144,145,99.3,378,390,96.9,461,1031,44.7,0,0.1,0.4,-0.1,4,97,8,0,6
ENG-Premier League,2324,Everton,Lewis Dobbin,ENG,MF,20,2003,2.6,44,65,67.7,537,95,32,36,88.9,9,17,52.9,2,5,40.0,0,0.5,0.1,-0.5,4,0,3,1,3
ENG-Premier League,2324,Everton,Lewis Warrington,ENG,FW,20,2002,0.0,2,2,100.0,53,0,0,0,,1,1,100.0,1,1,100.0,0,0.0,0.0,0.0,0,0,0,0,0
ENG-Premier League,2324,Everton,Michael Keane,ENG,DF,30,1993,4.9,171,221,77.4,3519,1261,47,60,78.3,98,113,86.7,23,42,54.8,0,0.0,0.1,0.0,0,15,0,0,14
ENG-Premier League,2324,Everton,Nathan Patterson,SCO,DF,21,2001,11.2,393,550,71.5,6185,2761,219,252,86.9,124,182,68.1,38,86,44.2,2,1.7,1.0,0.3,8,30,14,6,38
ENG-Premier League,2324,Everton,Neal Maupay,FRA,FW,26,1996,1.2,22,26,84.6,353,14,12,13,92.3,8,9,88.9,1,1,100.0,0,0.1,0.0,-0.1,1,0,0,0,0
ENG-Premier League,2324,Everton,Séamus Coleman,IRL,DF,34,1988,7.4,207,306,67.6,3381,1481,111,132,84.1,76,103,73.8,16,51,31.4,0,1.0,0.7,-1.0,3,15,4,2,22
ENG-Premier League,2324,Everton,Thomas Cannon,IRL,FW,20,2002,0.0,0,0,,0,0,0,0,,0,0,,0,0,,0,0.0,0.0,0.0,0,0,0,0,0
ENG-Premier League,2324,Everton,Tyler Onyango,ENG,MF,20,2003,0.0,0,0,,0,0,0,0,,0,0,,0,0,,0,0.0,0.0,0.0,0,0,0,0,0
ENG-Premier League,2324,Everton,Vitaliy Mykolenko,UKR,DF,24,1999,27.4,869,1166,74.5,13579,5739,488,549,88.9,275,368,74.7,81,169,47.9,0,0.9,1.1,-0.9,13,46,17,10,55
ENG-Premier League,2324,Everton,Youssef Chermiti,POR,FW,19,2004,2.3,35,58,60.3,486,108,19,32,59.4,12,19,63.2,1,1,100.0,0,0.8,0.3,-0.8,4,1,4,0,5
ENG-Premier League,2324,Fulham,Adama Traoré,ESP,"FW,MF",27,1996,4.2,97,139,69.8,1487,457,52,62,83.9,38,52,73.1,5,12,41.7,3,0.7,0.9,2.3,7,3,9,4,16
ENG-Premier League,2324,Fulham,Aleksandar Mitrović,SRB,FW,28,1994,0.4,4,8,50.0,78,24,1,3,33.3,2,4,50.0,1,1,100.0,0,0.0,0.0,0.0,0,1,1,0,1
ENG-Premier League,2324,Fulham,Alex Iwobi,NGA,"FW,MF",27,1996,24.4,821,1051,78.1,13556,4268,400,451,88.7,325,403,80.6,66,118,55.9,2,4.7,4.0,-2.7,49,84,46,8,147
ENG-Premier League,2324,Fulham,Andreas Pereira,BRA,MF,27,1996,29.0,912,1295,70.4,16256,5305,436,500,87.2,309,400,77.3,133,289,46.0,7,7.1,5.7,-0.1,84,95,34,11,138
ENG-Premier League,2324,Fulham,Antonee Robinson,USA,DF,25,1997,36.3,1514,2054,73.7,27304,9830,664,796,83.4,643,813,79.1,176,324,54.3,6,4.2,3.7,1.8,33,113,46,26,129
ENG-Premier League,2324,Fulham,Armando Broja,ALB,FW,21,2001,1.0,19,27,70.4,200,71,15,19,78.9,4,5,80.0,0,0,,1,0.4,0.0,0.6,1,4,1,0,2
ENG-Premier League,2324,Fulham,Bernd Leno,GER,GK,31,1992,38.0,1250,1577,79.3,29886,18166,266,268,99.3,746,750,99.5,235,551,42.6,0,0.0,0.0,0.0,0,23,0,0,0
ENG-Premier League,2324,Fulham,Bobby De Cordova-Reid,JAM,FW,30,1993,15.8,364,487,74.7,5129,1431,211,240,87.9,112,157,71.3,17,37,45.9,2,1.8,1.2,0.2,17,25,17,5,47
ENG-Premier League,2324,Fulham,Calvin Bassey,NGA,DF,23,1999,25.6,1440,1674,86.0,27276,9421,483,514,94.0,787,855,92.0,141,246,57.3,0,0.0,0.2,0.0,1,80,2,0,62
ENG-Premier League,2324,Fulham,Carlos Vinícius,BRA,FW,28,1995,3.5,46,62,74.2,587,115,28,34,82.4,14,21,66.7,1,1,100.0,0,0.8,0.1,-0.8,5,1,0,0,3
ENG-Premier League,2324,Fulham,Fodé Ballo-Touré,SEN,"DF,MF",26,1997,0.8,56,78,71.8,1002,224,23,30,76.7,26,33,78.8,6,8,75.0,0,0.0,0.0,0.0,0,3,0,0,0
ENG-Premier League,2324,Fulham,Harrison Reed,ENG,MF,28,1995,14.7,627,748,83.8,9667,2279,306,341,89.7,263,298,88.3,33,51,64.7,2,1.1,1.5,0.9,14,40,15,2,56
ENG-Premier League,2324,Fulham,Harry Wilson,WAL,FW,26,1997,18.0,478,632,75.6,7538,1644,254,294,86.4,153,196,78.1,48,83,57.8,6,3.5,2.7,2.5,22,34,26,7,60
ENG-Premier League,2324,Fulham,Issa Diop,FRA,DF,26,1997,15.8,950,1080,88.0,17646,6371,333,358,93.0,555,594,93.4,53,98,54.1,0,0.0,0.4,0.0,0,60,3,0,66
ENG-Premier League,2324,Fulham,João Palhinha,POR,MF,28,1995,30.0,1098,1333,82.4,19131,5348,522,586,89.1,449,503,89.3,101,163,62.0,1,0.8,1.0,0.2,13,96,7,1,97
ENG-Premier League,2324,Fulham,Kenny Tete,NED,DF,27,1995,9.6,418,523,79.9,6413,2614,236,269,87.7,146,181,80.7,27,44,61.4,0,0.4,0.5,-0.4,3,45,10,7,54
ENG-Premier League,2324,Fulham,Luke Harris,WAL,MF,18,2005,0.8,11,14,78.6,172,14,5,8,62.5,4,4,100.0,1,1,100.0,0,0.0,0.0,0.0,0,0,1,0,1
ENG-Premier League,2324,Fulham,Raúl Jiménez,MEX,FW,32,1991,15.5,262,382,68.6,3408,717,162,201,80.6,54,90,60.0,17,33,51.5,0,1.5,1.0,-1.5,11,23,11,2,24
ENG-Premier League,2324,Fulham,Rodrigo Muniz,BRA,FW,22,2001,17.7,136,222,61.3,2018,532,74,113,65.5,39,64,60.9,12,16,75.0,1,2.0,0.9,-1.0,18,14,7,0,19
ENG-Premier League,2324,Fulham,Saša Lukić,SRB,MF,26,1996,12.5,428,496,86.3,6753,1796,204,229,89.1,193,210,91.9,20,29,69.0,0,0.8,0.5,-0.8,11,31,5,0,43
ENG-Premier League,2324,Fulham,Tim Ream,USA,DF,35,1987,16.7,944,1060,89.1,18892,6949,308,333,92.5,515,559,92.1,110,143,76.9,0,0.0,0.1,0.0,0,78,1,0,65
ENG-Premier League,2324,Fulham,Timothy Castagne,BEL,DF,27,1995,29.3,1350,1662,81.2,21238,7361,705,794,88.8,514,595,86.4,91,162,56.2,3,1.9,1.8,1.1,18,74,17,8,77
ENG-Premier League,2324,Fulham,Tom Cairney,SCO,MF,32,1991,16.5,1126,1272,88.5,17463,3797,603,644,93.6,422,454,93.0,68,109,62.4,4,2.3,2.5,1.7,26,84,25,4,145
ENG-Premier League,2324,Fulham,Tosin Adarabioyo,ENG,DF,25,1997,18.0,1028,1216,84.5,21010,7956,277,307,90.2,627,699,89.7,115,177,65.0,0,0.1,0.3,-0.1,2,47,2,0,62
ENG-Premier League,2324,Fulham,Willian,BRA,FW,34,1988,22.8,932,1145,81.4,16128,3848,460,513,89.7,337,407,82.8,109,157,69.4,2,3.9,4.5,-1.9,44,59,69,9,153
ENG-Premier League,2324,Liverpool,Alexis Mac Allister,ARG,MF,24,1998,28.9,1704,1967,86.6,26565,7659,884,970,91.1,656,722,90.9,100,161,62.1,5,3.6,4.9,1.4,47,162,41,2,209
ENG-Premier League,2324,Liverpool,Alisson,BRA,GK,30,1992,28.0,985,1142,86.3,21428,13147,238,239,99.6,597,607,98.4,147,284,51.8,0,0.0,0.0,0.0,1,8,0,0,5
ENG-Premier League,2324,Liverpool,Andrew Robertson,SCO,DF,29,1994,18.8,1248,1547,80.7,21306,7231,609,654,93.1,495,587,84.3,122,239,51.0,2,5.4,4.4,-3.4,62,118,26,12,140
ENG-Premier League,2324,Liverpool,Ben Gannon-Doak,SCO,FW,17,2005,0.2,4,4,100.0,45,8,4,4,100.0,0,0,,0,0,,0,0.0,0.0,0.0,0,0,0,0,0
ENG-Premier League,2324,Liverpool,Bobby Clark,ENG,MF,18,2005,1.0,38,49,77.6,465,64,23,29,79.3,11,12,91.7,1,2,50.0,0,0.0,0.0,0.0,0,3,0,0,3
ENG-Premier League,2324,Liverpool,Caoimhín Kelleher,IRL,GK,24,1998,10.0,359,442,81.2,8077,5323,101,101,100.0,196,198,99.0,62,140,44.3,0,0.0,0.0,0.0,1,9,0,0,1
ENG-Premier League,2324,Liverpool,Cody Gakpo,NED,"FW,MF",24,1999,18.3,436,564,77.3,6130,1738,266,315,84.4,136,183,74.3,18,24,75.0,5,2.9,2.7,2.1,25,43,32,5,83
ENG-Premier League,2324,Liverpool,Conor Bradley,NIR,DF,20,2003,8.4,419,530,79.1,6224,1849,238,275,86.5,149,190,78.4,20,35,57.1,3,1.5,1.2,1.5,15,27,13,3,29
ENG-Premier League,2324,Liverpool,Curtis Jones,ENG,MF,22,2001,13.0,707,776,91.1,10366,2136,405,428,94.6,257,278,92.4,22,30,73.3,1,0.7,1.1,0.3,11,64,14,1,74
ENG-Premier League,2324,Liverpool,Darwin Núñez,URU,FW,24,1999,22.7,341,493,69.2,4780,1020,196,251,78.1,101,147,68.7,22,37,59.5,8,6.0,4.5,2.0,33,23,26,0,54
ENG-Premier League,2324,Liverpool,Diogo Jota,POR,FW,26,1996,12.7,287,394,72.8,3995,939,185,227,81.5,83,104,79.8,11,17,64.7,3,3.3,1.7,-0.3,22,18,12,0,34
ENG-Premier League,2324,Liverpool,Dominik Szoboszlai,HUN,MF,22,2000,23.4,1280,1550,82.6,20367,4929,694,777,89.3,441,507,87.0,98,169,58.0,2,5.8,5.1,-3.8,56,98,33,6,152
ENG-Premier League,2324,Liverpool,Harvey Elliott,ENG,"MF,FW",20,2003,15.0,825,986,83.7,13081,3101,457,496,92.1,278,323,86.1,66,105,62.9,6,3.5,4.6,2.5,37,76,45,11,128
ENG-Premier League,2324,Liverpool,Ibrahima Konaté,FRA,DF,24,1999,17.5,1286,1463,87.9,22733,9043,514,566,90.8,673,718,93.7,81,140,57.9,0,0.4,0.5,-0.4,8,145,8,0,118
ENG-Premier League,2324,Liverpool,James McConnell,ENG,MF,18,2004,0.0,5,6,83.3,93,29,2,2,100.0,3,3,100.0,0,0,,0,0.0,0.0,0.0,0,0,0,0,1
ENG-Premier League,2324,Liverpool,Jarell Quansah,ENG,DF,20,2003,13.2,1038,1172,88.6,18672,6199,368,392,93.9,595,633,94.0,61,115,53.0,0,0.1,0.2,-0.1,3,69,1,0,67
ENG-Premier League,2324,Liverpool,Jayden Danns,ENG,FW,17,2006,0.1,5,7,71.4,73,16,3,4,75.0,2,3,66.7,0,0,,0,0.0,0.0,0.0,0,0,1,0,1
ENG-Premier League,2324,Liverpool,Joe Gomez,ENG,DF,26,1997,19.8,1114,1345,82.8,18984,5116,519,574,90.4,497,585,85.0,83,131,63.4,1,1.3,1.1,-0.3,22,83,20,7,100
ENG-Premier League,2324,Liverpool,Joël Matip,CMR,DF,31,1991,8.7,494,564,87.6,8687,3066,198,216,91.7,257,287,89.5,33,47,70.2,0,0.1,0.1,-0.1,2,27,2,0,34
ENG-Premier League,2324,Liverpool,Kaide Gordon,ENG,FW,18,2004,0.0,1,1,100.0,16,11,0,0,,1,1,100.0,0,0,,0,0.0,0.0,0.0,0,0,0,0,1
ENG-Premier League,2324,Liverpool,Kostas Tsimikas,GRE,DF,27,1996,7.5,383,500,76.6,6585,1715,185,206,89.8,145,183,79.2,42,85,49.4,3,1.0,1.3,2.0,16,16,7,4,31
ENG-Premier League,2324,Liverpool,Luis Díaz,COL,FW,26,1997,29.2,898,1075,83.5,13772,2931,527,584,90.2,274,320,85.6,68,91,74.7,5,5.7,4.7,-0.7,64,62,45,3,113
ENG-Premier League,2324,Liverpool,Mohamed Salah,EGY,FW,31,1992,28.2,737,1010,73.0,10826,3213,433,510,84.9,234,331,70.7,43,65,66.2,10,11.8,7.5,-1.8,66,56,68,6,147
ENG-Premier League,2324,Liverpool,Owen Beck,WAL,DF,20,2002,0.1,3,4,75.0,31,1,2,3,66.7,1,1,100.0,0,0,,0,0.0,0.0,0.0,0,0,0,0,0
ENG-Premier League,2324,Liverpool,Ryan Gravenberch,NED,MF,21,2002,12.5,415,504,82.3,5520,1719,263,302,87.1,122,140,87.1,8,12,66.7,0,0.9,1.4,-0.9,16,35,27,0,78
ENG-Premier League,2324,Liverpool,Stefan Bajcetic,ESP,MF,18,2004,0.3,7,10,70.0,101,44,3,3,100.0,4,6,66.7,0,0,,0,0.0,0.0,0.0,0,0,0,0,1
ENG-Premier League,2324,Liverpool,Thiago Alcántara,ESP,MF,32,1991,0.1,7,10,70.0,130,30,3,3,100.0,3,4,75.0,1,2,50.0,0,0.0,0.0,0.0,0,0,0,0,0
ENG-Premier League,2324,Liverpool,Trent Alexander-Arnold,ENG,DF,24,1998,23.9,1553,2062,75.3,30386,12434,676,734,92.1,607,762,79.7,244,495,49.3,4,7.2,6.1,-3.2,64,202,57,18,205
ENG-Premier League,2324,Liverpool,Virgil van Dijk,NED,DF,32,1991,35.3,2640,2887,91.4,49290,18943,1029,1092,94.2,1343,1412,95.1,239,325,73.5,2,1.6,1.0,0.4,11,213,10,0,200
ENG-Premier League,2324,Liverpool,Wataru Endo,JPN,MF,30,1993,19.1,1157,1315,88.0,17822,5048,631,684,92.3,466,516,90.3,45,63,71.4,0,1.7,1.5,-1.7,16,109,18,2,101
ENG-Premier League,2324,Luton Town,Albert Sambi Lokonga,BEL,MF,23,1999,14.5,669,766,87.3,11099,3318,319,348,91.7,253,285,88.8,55,76,72.4,3,1.4,0.8,1.6,9,68,6,1,72
ENG-Premier League,2324,Luton Town,Alfie Doughty,ENG,DF,23,1999,32.5,1121,1686,66.5,20956,8325,496,571,86.9,431,571,75.5,166,426,39.0,8,6.3,5.4,1.7,70,71,43,24,106
ENG-Premier League,2324,Luton Town,Amari'i Bell,JAM,DF,29,1994,19.1,645,835,77.2,10680,4470,324,372,87.1,270,315,85.7,44,108,40.7,0,0.5,0.4,-0.5,8,63,8,0,76
ENG-Premier League,2324,Luton Town,Andros Townsend,ENG,"MF,FW",32,1991,13.4,304,432,70.4,5162,1225,148,173,85.5,111,147,75.5,32,74,43.2,3,1.3,1.8,1.7,18,23,16,12,35
ENG-Premier League,2324,Luton Town,Carlton Morris,ENG,"FW,MF",27,1995,31.8,484,751,64.4,6404,1199,310,415,74.7,132,209,63.2,18,34,52.9,4,2.8,1.6,1.2,22,27,11,0,56
ENG-Premier League,2324,Luton Town,Cauley Woodrow,ENG,"FW,MF",28,1994,4.7,110,152,72.4,1530,250,66,82,80.5,31,40,77.5,4,12,33.3,1,1.2,0.9,-0.2,9,5,4,4,6
ENG-Premier League,2324,Luton Town,Chiedozie Ogbene,IRL,"MF,DF",26,1997,22.2,589,790,74.6,8171,2314,365,409,89.2,175,234,74.8,22,57,38.6,1,3.1,3.5,-2.1,25,24,18,5,53
ENG-Premier League,2324,Luton Town,Daiki Hashioka,JPN,DF,24,1999,6.6,227,282,80.5,3875,1580,101,108,93.5,107,126,84.9,16,34,47.1,0,0.7,0.3,-0.7,3,14,4,3,21
ENG-Premier League,2324,Luton Town,Elijah Adebayo,ENG,FW,25,1998,15.8,144,204,70.6,1847,385,94,122,77.0,41,60,68.3,3,6,50.0,0,0.7,0.4,-0.7,14,9,4,0,23
ENG-Premier League,2324,Luton Town,Fred Onyedinma,ENG,"DF,MF",26,1996,4.5,91,135,67.4,1431,352,45,58,77.6,42,61,68.9,2,7,28.6,0,0.1,0.1,-0.1,2,4,2,1,6
ENG-Premier League,2324,Luton Town,Gabriel Osho,NGA,DF,24,1998,20.5,580,706,82.2,10931,4019,195,222,87.8,342,384,89.1,41,87,47.1,0,0.1,0.2,-0.1,2,30,3,1,37
ENG-Premier League,2324,Luton Town,Issa Kaboré,BFA,DF,22,2001,19.2,533,759,70.2,8402,3289,277,324,85.5,203,287,70.7,35,78,44.9,2,2.1,1.9,-0.1,16,30,18,13,54
ENG-Premier League,2324,Luton Town,Jacob Brown,SCO,"MF,FW",25,1998,11.3,136,247,55.1,1865,626,91,127,71.7,35,56,62.5,6,24,25.0,0,0.7,0.4,-0.7,8,6,3,1,19
ENG-Premier League,2324,Luton Town,James Shea,ENG,GK,32,1991,0.2,6,9,66.7,239,215,0,0,,3,3,100.0,3,6,50.0,0,0.0,0.0,0.0,0,1,0,0,0
ENG-Premier League,2324,Luton Town,Jordan Clark,ENG,MF,29,1993,14.5,369,513,71.9,6108,1636,180,231,77.9,136,173,78.6,33,63,52.4,1,1.3,1.2,-0.3,12,19,18,4,51
ENG-Premier League,2324,Luton Town,Joseph Johnson,ENG,DF,17,2006,0.9,30,36,83.3,646,228,9,9,100.0,16,17,94.1,5,9,55.6,0,0.0,0.0,0.0,0,1,0,0,2
ENG-Premier League,2324,Luton Town,Luke Berry,ENG,"MF,DF",31,1992,3.6,64,99,64.6,984,310,38,45,84.4,18,32,56.3,6,15,40.0,1,0.3,0.1,0.7,2,5,0,0,8
ENG-Premier League,2324,Luton Town,Mads Juel Andersen,DEN,DF,25,1997,4.4,87,117,74.4,1570,766,41,47,87.2,37,48,77.1,9,19,47.4,0,0.0,0.0,0.0,0,7,0,0,7
ENG-Premier League,2324,Luton Town,Marvelous Nakamba,ZIM,MF,29,1994,12.6,356,423,84.2,5622,1605,184,203,90.6,126,143,88.1,27,42,64.3,0,0.4,0.5,-0.4,7,27,2,1,36
ENG-Premier League,2324,Luton Town,Pelly Ruddock Mpanzu,COD,MF,30,1993,12.2,268,364,73.6,4413,1102,123,141,87.2,110,143,76.9,16,36,44.4,0,0.4,1.4,-0.4,6,17,13,2,34
ENG-Premier League,2324,Luton Town,Reece Burke,ENG,DF,26,1996,18.4,547,719,76.1,10396,4169,200,247,81.0,280,325,86.2,57,120,47.5,4,1.4,0.9,2.6,13,58,9,3,67
ENG-Premier League,2324,Luton Town,Ross Barkley,ENG,MF,29,1993,29.1,1218,1474,82.6,21602,6544,550,611,90.0,473,533,88.7,147,226,65.0,4,3.7,2.7,0.3,44,138,27,1,163
ENG-Premier League,2324,Luton Town,Ryan Giles,ENG,"DF,MF",23,2000,5.6,140,218,64.2,2294,949,74,85,87.1,56,85,65.9,9,39,23.1,0,0.2,0.6,-0.2,5,10,10,6,17
ENG-Premier League,2324,Luton Town,Tahith Chong,CUW,"MF,FW",23,1999,22.0,428,550,77.8,6679,1643,227,257,88.3,149,189,78.8,32,54,59.3,0,0.5,1.4,-0.5,10,35,20,8,72
ENG-Premier League,2324,Luton Town,Teden Mengi,ENG,DF,21,2002,27.4,728,938,77.6,14286,5525,256,296,86.5,378,431,87.7,82,177,46.3,0,0.3,0.6,-0.3,6,62,5,0,54
ENG-Premier League,2324,Luton Town,Thomas Kaminski,BEL,GK,30,1992,37.8,869,1468,59.2,27614,22188,173,175,98.9,329,344,95.6,362,937,38.6,0,0.0,0.1,0.0,1,44,2,0,1
ENG-Premier League,2324,Luton Town,Tom Lockyer,WAL,DF,28,1994,13.0,301,422,71.3,6628,3120,81,104,77.9,158,189,83.6,57,113,50.4,1,0.6,0.3,0.4,3,37,4,0,37
ENG-Premier League,2324,Luton Town,Zack Nelson,ENG,"MF,DF",18,2004,0.1,4,4,100.0,41,0,2,2,100.0,1,1,100.0,0,0,,0,0.0,0.0,0.0,0,0,0,0,0
ENG-Premier League,2324,Manchester City,Aymeric Laporte,ESP,DF,29,1994,0.1,11,11,100.0,202,48,4,4,100.0,7,7,100.0,0,0,,0,0.0,0.0,0.0,0,0,0,0,0
ENG-Premier League,2324,Manchester City,Bernardo Silva,POR,"MF,FW",28,1994,28.6,1671,1936,86.3,25138,5246,993,1052,94.4,534,620,86.1,106,158,67.1,9,7.6,8.0,1.4,64,100,49,10,177
ENG-Premier League,2324,Manchester City,Cole Palmer,ENG,MF,21,2002,0.1,4,5,80.0,51,0,2,2,100.0,2,3,66.7,0,0,,0,0.0,0.0,0.0,0,0,0,0,0
ENG-Premier League,2324,Manchester City,Ederson,BRA,GK,29,1993,30.9,1077,1234,87.3,25898,17578,275,276,99.6,560,570,98.2,239,381,62.7,0,0.1,0.1,-0.1,1,25,1,0,4
ENG-Premier League,2324,Manchester City,Erling Haaland,NOR,FW,23,2000,28.4,295,388,76.0,3234,567,197,242,81.4,56,70,80.0,5,8,62.5,5,4.3,2.2,0.7,29,16,11,0,26
ENG-Premier League,2324,Manchester City,Jack Grealish,ENG,"FW,MF",27,1995,11.2,499,580,86.0,7032,1069,302,329,91.8,156,174,89.7,23,32,71.9,1,2.5,2.8,-1.5,26,15,25,0,50
ENG-Premier League,2324,Manchester City,James Mcatee,ENG,MF,20,2002,0.0,0,0,,0,0,0,0,,0,0,,0,0,,0,0.0,0.0,0.0,0,0,0,0,0
ENG-Premier League,2324,Manchester City,Jeremy Doku,BEL,"FW,MF",21,2002,17.7,693,852,81.3,9699,1538,452,507,89.2,198,254,78.0,26,33,78.8,8,4.6,5.9,3.4,45,14,40,7,57
ENG-Premier League,2324,Manchester City,John Stones,ENG,"DF,MF",29,1994,11.8,781,839,93.1,12375,2872,402,426,94.4,322,335,96.1,41,54,75.9,0,0.2,0.4,-0.2,6,53,1,0,57
ENG-Premier League,2324,Manchester City,Joško Gvardiol,CRO,DF,21,2002,25.9,1671,1919,87.1,25207,6169,931,1010,92.2,618,695,88.9,77,107,72.0,1,1.4,2.1,-0.4,18,141,16,3,136
ENG-Premier League,2324,Manchester City,Julián Álvarez,ARG,"MF,FW",23,2000,29.4,1011,1258,80.4,13977,2992,615,679,90.6,272,328,82.9,58,145,40.0,8,6.4,6.3,1.6,67,43,41,4,103
ENG-Premier League,2324,Manchester City,Kalvin Phillips,ENG,MF,27,1995,1.0,62,70,88.6,1067,300,31,32,96.9,24,26,92.3,7,10,70.0,0,0.0,0.1,0.0,0,8,1,1,7
ENG-Premier League,2324,Manchester City,Kevin De Bruyne,BEL,MF,32,1991,13.6,732,971,75.4,11555,3364,426,481,88.6,223,293,76.1,66,134,49.3,10,11.5,7.1,-1.5,59,67,56,12,111
ENG-Premier League,2324,Manchester City,Kyle Walker,ENG,DF,33,1990,30.7,2128,2404,88.5,36091,8306,992,1057,93.9,932,1020,91.4,166,246,67.5,4,2.6,3.2,1.4,25,199,32,13,157
ENG-Premier League,2324,Manchester City,Manuel Akanji,SUI,"DF,MF",28,1995,27.9,2180,2334,93.4,35688,9787,1091,1136,96.0,923,975,94.7,126,163,77.3,0,0.5,1.8,-0.5,13,214,15,2,148
ENG-Premier League,2324,Manchester City,Mateo Kovačić,CRO,MF,29,1994,17.2,1435,1527,94.0,20506,4603,835,862,96.9,514,544,94.5,41,57,71.9,0,1.6,1.9,-1.6,21,120,15,0,100
ENG-Premier League,2324,Manchester City,Matheus Nunes,POR,MF,24,1998,7.3,373,443,84.2,5054,783,233,255,91.4,115,133,86.5,11,23,47.8,2,1.1,1.5,0.9,9,23,16,2,34
ENG-Premier League,2324,Manchester City,Nathan Aké,NED,DF,28,1995,22.7,1716,1864,92.1,26189,8717,882,921,95.8,750,796,94.2,43,85,50.6,2,1.2,1.1,0.8,10,148,5,1,116
ENG-Premier League,2324,Manchester City,Oscar Bobb,NOR,"FW,MF",20,2003,3.4,155,177,87.6,2056,478,101,107,94.4,44,51,86.3,4,4,100.0,1,1.2,1.3,-0.2,9,3,19,1,25
ENG-Premier League,2324,Manchester City,Phil Foden,ENG,"FW,MF",23,2000,31.7,1511,1767,85.5,20347,3769,990,1053,94.0,388,449,86.4,68,135,50.4,8,8.4,6.9,-0.4,73,71,57,5,168
ENG-Premier League,2324,Manchester City,Rico Lewis,ENG,"DF,MF",18,2004,9.0,518,568,91.2,7100,1127,339,351,96.6,159,170,93.5,12,20,60.0,0,1.1,1.2,-1.1,13,29,9,0,33
ENG-Premier League,2324,Manchester City,Rodri,ESP,MF,27,1996,32.6,3365,3656,92.0,57256,15766,1676,1774,94.5,1273,1360,93.6,340,401,84.8,9,3.9,6.1,5.1,49,378,61,0,376
ENG-Premier League,2324,Manchester City,Rúben Dias,POR,DF,26,1997,28.4,2469,2635,93.7,42764,13568,1039,1076,96.6,1256,1306,96.2,146,204,71.6,0,0.3,1.9,-0.3,7,220,12,3,173
ENG-Premier League,2324,Manchester City,Sergio Gómez,ESP,"FW,MF",22,2000,0.6,46,54,85.2,636,97,29,31,93.5,15,17,88.2,1,2,50.0,1,0.2,0.2,0.8,1,1,2,1,2
ENG-Premier League,2324,Manchester City,Stefan Ortega,GER,GK,30,1992,7.1,213,266,80.1,4942,3526,58,58,100.0,108,110,98.2,46,96,47.9,0,0.0,0.0,0.0,0,2,0,0,0
ENG-Premier League,2324,Manchester Utd,Aaron Wan-Bissaka,COD,DF,25,1997,19.8,823,986,83.5,10824,3539,536,599,89.5,243,285,85.3,19,38,50.0,2,1.5,1.4,0.5,12,51,16,3,77
ENG-Premier League,2324,Manchester Utd,Alejandro Garnacho,ARG,FW,19,2004,28.5,675,901,74.9,9269,1365,422,506,83.4,189,233,81.1,34,63,54.0,4,5.1,2.9,-1.1,46,26,22,4,62
ENG-Premier League,2324,Manchester Utd,Amad Diallo,CIV,"FW,MF",21,2002,4.3,149,170,87.6,1931,279,105,115,91.3,32,37,86.5,4,5,80.0,1,1.1,0.5,-0.1,10,6,3,0,10
ENG-Premier League,2324,Manchester Utd,André Onana,CMR,GK,27,1996,38.0,1105,1521,72.6,27115,18646,279,280,99.6,547,559,97.9,267,661,40.4,0,0.1,0.1,-0.1,3,35,3,0,5
ENG-Premier League,2324,Manchester Utd,Anthony Martial,FRA,FW,27,1995,5.0,109,139,78.4,1267,263,70,80,87.5,25,33,75.8,1,2,50.0,0,0.2,0.2,-0.2,6,6,2,0,12
ENG-Premier League,2324,Manchester Utd,Antony,BRA,FW,23,2000,14.7,468,595,78.7,6175,1608,295,348,84.8,130,153,85.0,16,30,53.3,1,2.8,1.9,-1.8,22,26,29,3,64
ENG-Premier League,2324,Manchester Utd,Bruno Fernandes,POR,"MF,FW",28,1994,34.6,1590,2179,73.0,28404,10273,766,876,87.4,532,698,76.2,229,432,53.0,8,11.8,10.2,-3.8,114,187,89,10,297
ENG-Premier League,2324,Manchester Utd,Casemiro,BRA,"MF,DF",31,1992,22.0,1165,1425,81.8,20136,7677,536,596,89.9,489,568,86.1,105,187,56.1,2,1.0,1.2,1.0,16,124,18,3,112
ENG-Premier League,2324,Manchester Utd,Christian Eriksen,DEN,MF,31,1992,12.7,648,805,80.5,10504,2702,340,384,88.5,229,277,82.7,55,98,56.1,2,2.3,2.3,-0.3,27,66,17,3,68
ENG-Premier League,2324,Manchester Utd,Daniel Gore,ENG,MF,18,2004,0.0,0,0,,0,0,0,0,,0,0,,0,0,,0,0.0,0.0,0.0,0,0,0,0,0
ENG-Premier League,2324,Manchester Utd,Diogo Dalot,POR,DF,24,1999,35.3,1486,1830,81.2,24927,8066,729,817,89.2,574,701,81.9,139,213,65.3,3,2.9,2.4,0.1,37,107,31,16,124
ENG-Premier League,2324,Manchester Utd,Donny van de Beek,NED,DF,26,1997,0.0,1,1,100.0,7,0,1,1,100.0,0,0,,0,0,,0,0.1,0.0,-0.1,1,0,0,0,0
ENG-Premier League,2324,Manchester Utd,Ethan Wheatley,ENG,FW,17,2006,0.2,0,0,,0,0,0,0,,0,0,,0,0,,0,0.0,0.0,0.0,0,0,0,0,0
ENG-Premier League,2324,Manchester Utd,Facundo Pellistri,URU,"FW,MF",21,2001,1.9,60,79,75.9,675,146,47,53,88.7,11,17,64.7,0,0,,1,0.1,0.4,0.9,1,4,2,0,6
ENG-Premier League,2324,Manchester Utd,Hannibal Mejbri,TUN,"MF,FW",20,2003,1.5,31,38,81.6,442,143,21,21,100.0,7,9,77.8,3,6,50.0,0,0.4,0.5,-0.4,2,6,1,0,6
ENG-Premier League,2324,Manchester Utd,Harry Maguire,ENG,DF,30,1993,18.4,917,1103,83.1,16999,6419,382,423,90.3,412,472,87.3,102,176,58.0,2,1.2,0.9,0.8,6,78,6,0,73
ENG-Premier League,2324,Manchester Utd,Jadon Sancho,ENG,"FW,MF",23,2000,0.9,34,43,79.1,446,116,22,25,88.0,10,14,71.4,1,1,100.0,0,0.1,0.1,-0.1,1,2,2,0,4
ENG-Premier League,2324,Manchester Utd,Jonny Evans,NIR,DF,35,1988,15.5,729,832,87.6,11952,3843,323,350,92.3,344,374,92.0,40,72,55.6,1,1.2,0.3,-0.2,6,29,3,0,37
ENG-Premier League,2324,Manchester Utd,Kobbie Mainoo,ENG,MF,18,2005,21.4,748,868,86.2,10519,2654,439,486,90.3,237,266,89.1,31,51,60.8,1,0.7,1.6,0.3,15,47,9,1,64
ENG-Premier League,2324,Manchester Utd,Lisandro Martínez,ARG,DF,25,1998,7.2,411,446,92.2,6870,2103,186,192,96.9,192,202,95.0,26,41,63.4,1,0.1,0.1,0.9,3,29,1,0,28
ENG-Premier League,2324,Manchester Utd,Luke Shaw,ENG,DF,28,1995,10.7,531,648,81.9,8242,3114,273,306,89.2,201,237,84.8,31,65,47.7,0,1.0,0.9,-1.0,13,33,7,0,45
ENG-Premier League,2324,Manchester Utd,Marcus Rashford,ENG,FW,25,1997,25.2,559,742,75.3,7674,2035,351,418,84.0,139,192,72.4,33,61,54.1,2,2.3,2.8,-0.3,23,34,30,1,65
ENG-Premier League,2324,Manchester Utd,Mason Mount,ENG,"MF,FW",24,1999,5.7,179,219,81.7,2414,735,111,125,88.8,42,53,79.2,10,17,58.8,0,0.3,0.4,-0.3,6,17,6,2,21
ENG-Premier League,2324,Manchester Utd,Omari Forson,ENG,FW,19,2004,0.8,30,33,90.9,373,78,17,17,100.0,10,12,83.3,0,0,,1,0.2,0.0,0.8,2,2,1,0,2
ENG-Premier League,2324,Manchester Utd,Raphaël Varane,FRA,DF,30,1993,15.3,694,781,88.9,11976,3767,282,301,93.7,350,381,91.9,45,68,66.2,0,0.1,0.6,-0.1,1,59,4,0,59
ENG-Premier League,2324,Manchester Utd,Rasmus Højlund,DEN,FW,20,2003,24.0,304,402,75.6,3552,884,199,247,80.6,58,77,75.3,11,12,91.7,2,1.6,0.9,0.4,28,14,14,1,33
ENG-Premier League,2324,Manchester Utd,Scott McTominay,SCO,"MF,FW",26,1996,21.1,528,655,80.6,7877,2012,307,356,86.2,174,206,84.5,30,41,73.2,1,0.8,0.5,0.2,11,63,9,0,64
ENG-Premier League,2324,Manchester Utd,Sergio Reguilón,ESP,DF,26,1996,4.6,244,314,77.7,3669,1356,137,157,87.3,84,111,75.7,16,26,61.5,0,0.7,0.6,-0.7,8,20,4,2,27
ENG-Premier League,2324,Manchester Utd,Sofyan Amrabat,MAR,"MF,DF",26,1996,10.4,578,664,87.0,10308,2747,244,274,89.1,264,296,89.2,56,67,83.6,0,0.3,0.4,-0.3,6,62,6,1,66
ENG-Premier League,2324,Manchester Utd,Victor Lindelöf,SWE,DF,29,1994,14.8,826,927,89.1,13195,3696,398,435,91.5,355,385,92.2,48,70,68.6,1,0.3,0.4,0.7,8,62,3,0,40
ENG-Premier League,2324,Manchester Utd,Willy Kambwala,FRA,DF,18,2004,3.7,163,192,84.9,2765,960,74,78,94.9,85,95,89.5,3,14,21.4,0,0.0,0.0,0.0,0,7,0,0,8
ENG-Premier League,2324,Newcastle Utd,Alex Murphy,IRL,"DF,FW",19,2004,0.1,17,17,100.0,275,81,10,10,100.0,5,5,100.0,2,2,100.0,0,0.0,0.0,0.0,0,2,0,0,1
ENG-Premier League,2324,Newcastle Utd,Alexander Isak,SWE,FW,23,1999,25.1,385,493,78.1,5446,1167,237,280,84.6,117,142,82.4,15,22,68.2,2,3.7,2.8,-1.7,27,28,21,0,71
ENG-Premier League,2324,Newcastle Utd,Amadou Diallo,ENG,MF,20,2003,0.0,1,1,100.0,10,0,1,1,100.0,0,0,,0,0,,0,0.0,0.0,0.0,0,0,0,0,0
ENG-Premier League,2324,Newcastle Utd,Anthony Gordon,ENG,FW,22,2001,32.1,803,1055,76.1,12020,3500,486,559,86.9,214,282,75.9,70,136,51.5,10,8.0,5.6,2.0,57,54,39,12,101
ENG-Premier League,2324,Newcastle Utd,Ben Parkinson,ENG,FW,18,2005,0.3,1,3,33.3,15,0,0,1,0.0,1,2,50.0,0,0,,0,0.0,0.0,0.0,0,0,0,0,0
ENG-Premier League,2324,Newcastle Utd,Bruno Guimarães,BRA,MF,25,1997,36.3,1941,2313,83.9,33351,9336,915,1011,90.5,789,902,87.5,181,285,63.5,8,6.4,6.3,1.6,62,184,70,5,283
ENG-Premier League,2324,Newcastle Utd,Callum Wilson,ENG,FW,31,1992,11.0,105,163,64.4,1266,184,65,83,78.3,25,41,61.0,3,7,42.9,1,0.6,0.6,0.4,8,3,2,0,9
ENG-Premier League,2324,Newcastle Utd,Dan Burn,ENG,DF,31,1992,30.3,1351,1667,81.0,22402,8237,606,702,86.3,676,788,85.8,54,111,48.6,2,1.1,1.1,0.9,10,67,7,3,75
ENG-Premier League,2324,Newcastle Utd,Elliot Anderson,ENG,"MF,FW",20,2002,11.4,370,460,80.4,5041,1322,241,274,88.0,108,130,83.1,8,27,29.6,2,1.9,1.2,0.1,15,36,12,0,57
ENG-Premier League,2324,Newcastle Utd,Emil Krafth,SWE,DF,28,1994,10.1,488,580,84.1,7498,2971,246,275,89.5,216,236,91.5,15,39,38.5,0,1.0,0.8,-1.0,9,26,13,7,29
ENG-Premier League,2324,Newcastle Utd,Fabian Schär,SUI,DF,31,1991,33.9,1762,2128,82.8,36227,14874,588,647,90.9,894,985,90.8,261,437,59.7,1,0.7,1.4,0.3,10,145,18,3,133
ENG-Premier League,2324,Newcastle Utd,Harvey Barnes,ENG,"FW,MF",25,1997,8.9,208,272,76.5,2981,750,128,147,87.1,68,84,81.0,7,16,43.8,3,3.2,1.9,-0.2,13,11,17,3,34
ENG-Premier League,2324,Newcastle Utd,Jacob Murphy,ENG,"FW,DF",28,1995,13.2,343,519,66.1,5229,2012,200,244,82.0,117,175,66.9,19,61,31.1,7,5.0,3.4,2.0,31,32,30,8,52
ENG-Premier League,2324,Newcastle Utd,Jamaal Lascelles,ENG,DF,29,1993,12.0,669,774,86.4,11616,3694,252,275,91.6,383,421,91.0,29,61,47.5,0,0.1,0.1,-0.1,2,38,1,0,31
ENG-Premier League,2324,Newcastle Utd,Joe White,ENG,MF,20,2002,0.1,11,12,91.7,172,48,7,8,87.5,3,3,100.0,1,1,100.0,0,0.0,0.0,0.0,0,2,0,0,3
ENG-Premier League,2324,Newcastle Utd,Joe Willock,ENG,MF,23,1999,4.7,136,164,82.9,2092,658,76,82,92.7,42,55,76.4,12,16,75.0,0,0.6,0.6,-0.6,7,16,3,1,17
ENG-Premier League,2324,Newcastle Utd,Joelinton,BRA,"MF,FW",26,1996,14.2,524,627,83.6,7295,1898,312,350,89.1,166,191,86.9,19,25,76.0,1,2.8,1.1,-1.8,23,38,9,0,56
ENG-Premier League,2324,Newcastle Utd,Kieran Trippier,ENG,DF,32,1990,24.8,1624,2130,76.2,29797,10999,693,783,88.5,728,874,83.3,187,382,49.0,10,7.5,7.1,2.5,65,111,52,19,157
ENG-Premier League,2324,Newcastle Utd,Lewis Hall,ENG,DF,18,2004,8.7,452,552,81.9,7570,3083,229,248,92.3,186,220,84.5,33,61,54.1,0,0.3,0.7,-0.3,3,41,3,1,46
ENG-Premier League,2324,Newcastle Utd,Lewis Miley,ENG,MF,17,2006,13.4,441,535,82.4,6580,1615,255,296,86.1,143,165,86.7,24,40,60.0,3,1.7,1.4,1.3,12,26,12,2,53
ENG-Premier League,2324,Newcastle Utd,Loris Karius,GER,GK,30,1993,1.0,21,37,56.8,507,279,4,4,100.0,14,14,100.0,3,18,16.7,0,0.0,0.0,0.0,0,0,0,0,0
ENG-Premier League,2324,Newcastle Utd,Martin Dúbravka,SVK,GK,34,1989,22.1,519,651,79.7,11869,6941,133,135,98.5,273,278,98.2,109,232,47.0,0,0.1,0.0,-0.1,1,1,0,0,0
ENG-Premier League,2324,Newcastle Utd,Matt Ritchie,SCO,"FW,MF",33,1989,1.4,70,93,75.3,959,234,45,53,84.9,22,26,84.6,2,9,22.2,0,0.0,0.1,0.0,0,5,3,0,8
ENG-Premier League,2324,Newcastle Utd,Matt Targett,ENG,DF,27,1995,0.9,36,41,87.8,657,188,13,13,100.0,17,18,94.4,6,9,66.7,0,0.0,0.0,0.0,1,2,0,0,2
ENG-Premier League,2324,Newcastle Utd,Michael Ndiweni,ENG,FW,19,2003,0.0,1,2,50.0,16,15,0,0,,1,1,100.0,0,0,,0,0.0,0.0,0.0,0,0,0,0,0
ENG-Premier League,2324,Newcastle Utd,Miguel Almirón,PAR,FW,29,1994,21.5,668,801,83.4,9023,1846,411,456,90.1,208,250,83.2,21,38,55.3,1,2.6,2.4,-1.6,24,38,21,3,78
ENG-Premier League,2324,Newcastle Utd,Nick Pope,ENG,GK,31,1992,14.9,307,399,76.9,7910,4836,59,60,98.3,168,172,97.7,79,165,47.9,0,0.0,0.0,0.0,0,5,0,0,0
ENG-Premier League,2324,Newcastle Utd,Paul Dummett,WAL,DF,31,1991,0.2,21,23,91.3,320,76,10,10,100.0,11,12,91.7,0,1,0.0,0,0.0,0.0,0.0,0,2,0,0,1
ENG-Premier League,2324,Newcastle Utd,Sandro Tonali,ITA,MF,23,2000,4.9,241,280,86.1,3776,870,130,141,92.2,94,109,86.2,11,19,57.9,0,0.6,0.5,-0.6,7,16,4,2,19
ENG-Premier League,2324,Newcastle Utd,Sean Longstaff,ENG,MF,25,1997,30.5,991,1241,79.9,15314,4980,551,636,86.6,351,430,81.6,62,99,62.6,2,2.3,3.0,-0.3,20,82,26,4,145
ENG-Premier League,2324,Newcastle Utd,Sven Botman,NED,DF,23,2000,15.3,921,1017,90.6,17027,6760,357,382,93.5,459,489,93.9,98,132,74.2,2,1.0,0.6,1.0,5,38,1,0,35
ENG-Premier League,2324,Newcastle Utd,Valentino Livramento,ENG,DF,20,2002,14.6,689,802,85.9,10004,2947,421,457,92.1,223,257,86.8,27,53,50.9,0,0.8,0.8,-0.8,12,58,16,3,61
ENG-Premier League,2324,Nott'ham Forest,Andrew Omobamidele,IRL,DF,21,2002,8.7,271,310,87.4,5197,1449,78,91,85.7,174,189,92.1,16,25,64.0,0,0.1,0.0,-0.1,2,9,0,0,8
ENG-Premier League,2324,Nott'ham Forest,Andrey Santos,BRA,MF,19,2004,0.1,6,6,100.0,90,31,4,4,100.0,2,2,100.0,0,0,,0,0.0,0.0,0.0,0,1,0,0,0
ENG-Premier League,2324,Nott'ham Forest,Anthony Elanga,SWE,"FW,MF",21,2002,27.0,498,712,69.9,6655,1569,313,391,80.1,143,211,67.8,15,28,53.6,9,6.7,4.0,2.3,32,28,24,5,49
ENG-Premier League,2324,Nott'ham Forest,Brandon Aguilera,CRC,FW,20,2003,0.1,4,8,50.0,48,23,3,6,50.0,1,2,50.0,0,0,,0,0.0,0.0,0.0,0,1,0,0,0
ENG-Premier League,2324,Nott'ham Forest,Brennan Johnson,WAL,"FW,MF",22,2001,2.6,47,61,77.0,671,143,25,29,86.2,17,22,77.3,2,2,100.0,0,0.2,0.0,-0.2,1,2,0,0,1
ENG-Premier League,2324,Nott'ham Forest,Callum Hudson-Odoi,ENG,"FW,MF",22,2000,20.6,576,738,78.0,9055,1826,327,361,90.6,187,251,74.5,46,83,55.4,1,2.8,2.5,-1.8,36,20,32,8,58
ENG-Premier League,2324,Nott'ham Forest,Cheikhou Kouyaté,SEN,MF,33,1989,2.4,47,74,63.5,604,159,32,43,74.4,11,19,57.9,1,2,50.0,0,0.0,0.0,0.0,1,3,0,0,5
ENG-Premier League,2324,Nott'ham Forest,Chris Wood,NZL,FW,31,1991,20.1,278,433,64.2,3403,791,179,261,68.6,69,107,64.5,7,11,63.6,1,2.1,1.1,-1.1,22,19,3,0,30
ENG-Premier League,2324,Nott'ham Forest,Danilo,BRA,MF,22,2001,19.9,588,757,77.7,10476,3222,255,297,85.9,246,285,86.3,70,123,56.9,2,1.5,0.7,0.5,20,74,14,0,82
ENG-Premier League,2324,Nott'ham Forest,Divock Origi,BEL,FW,28,1995,6.7,92,144,63.9,1357,327,59,82,72.0,19,32,59.4,9,13,69.2,1,2.1,0.8,-1.1,7,7,5,1,14
ENG-Premier League,2324,Nott'ham Forest,Felipe,BRA,DF,34,1989,4.2,183,215,85.1,3654,1412,61,70,87.1,97,105,92.4,21,33,63.6,0,0.1,0.0,-0.1,2,10,0,0,6
ENG-Premier League,2324,Nott'ham Forest,Gio Reyna,USA,"FW,MF",20,2002,2.6,118,140,84.3,1768,374,69,74,93.2,40,45,88.9,7,13,53.8,1,0.5,0.4,0.5,7,5,2,0,12
ENG-Premier League,2324,Nott'ham Forest,Gonzalo Montiel,ARG,DF,26,1997,8.9,292,386,75.6,4600,1987,155,172,90.1,112,154,72.7,16,38,42.1,2,1.4,0.9,0.6,9,22,9,1,28
ENG-Premier League,2324,Nott'ham Forest,Harry Toffolo,ENG,DF,27,1995,16.2,424,590,71.9,6959,2983,207,244,84.8,159,216,73.6,41,96,42.7,3,1.5,1.2,1.5,18,40,10,10,42
ENG-Premier League,2324,Nott'ham Forest,Ibrahim Sangaré,CIV,MF,25,1997,11.5,339,425,79.8,5477,1680,181,207,87.4,115,136,84.6,32,50,64.0,0,0.4,0.4,-0.4,7,34,5,0,44
ENG-Premier League,2324,Nott'ham Forest,Joe Worrall,ENG,DF,26,1997,4.9,138,164,84.1,2910,1068,25,30,83.3,98,105,93.3,14,27,51.9,0,0.2,0.3,-0.2,2,5,0,0,8
ENG-Premier League,2324,Nott'ham Forest,Matt Turner,USA,GK,29,1994,17.0,398,578,68.9,12363,9869,87,87,100.0,147,151,97.4,162,330,49.1,0,0.0,0.0,0.0,0,10,0,0,0
ENG-Premier League,2324,Nott'ham Forest,Matz Sels,BEL,GK,31,1992,16.0,263,378,69.6,7689,5794,66,66,100.0,102,104,98.1,92,203,45.3,0,0.1,0.1,-0.1,1,14,3,0,0
ENG-Premier League,2324,Nott'ham Forest,Morgan Gibbs-White,ENG,"MF,FW",23,2000,35.1,1046,1482,70.6,18447,6110,499,610,81.8,350,452,77.4,153,298,51.3,10,8.4,6.8,1.6,74,114,39,13,171
ENG-Premier League,2324,Nott'ham Forest,Moussa Niakhate,SEN,DF,27,1996,16.2,618,775,79.7,11445,4223,237,252,94.0,310,381,81.4,66,123,53.7,0,0.1,0.3,-0.1,3,30,5,1,39
ENG-Premier League,2324,Nott'ham Forest,Murillo,BRA,DF,21,2002,31.0,1122,1459,76.9,22965,10556,387,440,88.0,571,656,87.0,154,326,47.2,2,1.2,0.6,0.8,7,101,11,0,89
ENG-Premier League,2324,Nott'ham Forest,Neco Williams,WAL,DF,22,2001,18.2,519,785,66.1,8061,3375,287,331,86.7,185,288,64.2,32,99,32.3,1,1.6,1.7,-0.6,11,43,17,11,47
ENG-Premier League,2324,Nott'ham Forest,Nicolás Domínguez,ARG,"MF,FW",25,1998,16.6,714,843,84.7,10894,3223,380,424,89.6,254,298,85.2,45,61,73.8,2,1.0,1.3,1.0,10,61,16,1,91
ENG-Premier League,2324,Nott'ham Forest,Nuno Tavares,POR,DF,23,2000,5.1,201,274,73.4,2954,1132,117,136,86.0,69,96,71.9,11,28,39.3,0,0.5,0.4,-0.5,2,14,2,0,24
ENG-Premier League,2324,Nott'ham Forest,Odysseas Vlachodimos,GRE,GK,29,1994,5.0,141,176,80.1,3965,2847,21,21,100.0,73,73,100.0,47,80,58.8,0,0.0,0.0,0.0,1,0,0,0,1
ENG-Premier League,2324,Nott'ham Forest,Ola Aina,NGA,DF,26,1996,18.8,605,803,75.3,9657,4065,329,375,87.7,217,284,76.4,46,99,46.5,1,0.9,1.0,0.1,11,58,13,6,69
ENG-Premier League,2324,Nott'ham Forest,Orel Mangala,BEL,MF,25,1998,17.4,570,646,88.2,9021,2312,292,321,91.0,225,247,91.1,37,47,78.7,0,0.2,0.3,-0.2,6,39,1,0,45
ENG-Premier League,2324,Nott'ham Forest,Rodrigo Ribeiro,POR,"MF,FW",18,2005,0.2,6,8,75.0,89,35,2,4,50.0,3,3,100.0,0,0,,0,0.0,0.0,0.0,0,1,0,0,2
ENG-Premier League,2324,Nott'ham Forest,Ryan Yates,ENG,MF,25,1997,22.1,659,829,79.5,10612,2717,315,375,84.0,280,326,85.9,37,67,55.2,1,0.8,0.6,0.2,7,59,10,0,73
ENG-Premier League,2324,Nott'ham Forest,Scott McKenna,SCO,DF,26,1996,4.6,137,186,73.7,2769,1280,38,48,79.2,82,109,75.2,17,28,60.7,0,0.2,0.2,-0.2,3,10,3,0,10
ENG-Premier League,2324,Nott'ham Forest,Serge Aurier,CIV,"DF,MF",30,1992,9.3,348,448,77.7,5238,2147,191,225,84.9,130,156,83.3,17,45,37.8,2,0.5,0.5,1.5,4,31,9,4,47
ENG-Premier League,2324,Nott'ham Forest,Taiwo Awoniyi,NGA,FW,25,1997,11.6,127,175,72.6,1594,312,88,111,79.3,34,47,72.3,3,5,60.0,3,1.7,0.9,1.3,10,6,3,0,14
ENG-Premier League,2324,Nott'ham Forest,Willy Boly,CIV,DF,32,1991,16.0,502,671,74.8,9338,4056,201,229,87.8,238,303,78.5,49,110,44.5,1,1.3,0.8,-0.3,9,34,8,0,32
ENG-Premier League,2324,Sheffield Utd,Andre Brooks,ENG,"MF,DF",19,2003,10.4,196,260,75.4,2943,511,109,131,83.2,80,97,82.5,6,19,31.6,0,0.1,0.3,-0.1,3,11,5,0,18
ENG-Premier League,2324,Sheffield Utd,Anel Ahmedhodžić,BIH,DF,24,1999,29.4,749,993,75.4,12780,5078,334,386,86.5,348,425,81.9,54,137,39.4,0,0.8,0.6,-0.8,7,41,3,1,43
ENG-Premier League,2324,Sheffield Utd,Anis Ben Slimane,TUN,MF,22,2001,4.7,92,139,66.2,1322,373,47,70,67.1,35,43,81.4,4,5,80.0,0,0.3,0.1,-0.3,3,6,2,0,12
ENG-Premier League,2324,Sheffield Utd,Antwoine Hackford,ENG,FW,19,2004,0.1,2,2,100.0,14,0,2,2,100.0,0,0,,0,0,,0,0.0,0.0,0.0,0,0,0,0,0
ENG-Premier League,2324,Sheffield Utd,Auston Trusty,USA,DF,24,1998,28.6,700,918,76.3,12288,4591,282,331,85.2,354,442,80.1,49,104,47.1,0,1.1,0.8,-1.1,8,24,4,2,40
ENG-Premier League,2324,Sheffield Utd,Ben Brereton,CHI,"FW,MF",24,1999,12.3,201,266,75.6,2817,720,129,151,85.4,58,76,76.3,11,16,68.8,1,1.5,1.1,-0.5,8,22,12,2,37
ENG-Premier League,2324,Sheffield Utd,Ben Osborn,ENG,"DF,MF",28,1994,15.2,448,608,73.7,7007,2650,253,281,90.0,145,194,74.7,35,90,38.9,2,0.9,0.9,1.1,13,34,11,8,55
ENG-Premier League,2324,Sheffield Utd,Bénie Traoré,CIV,"FW,MF",20,2002,4.3,55,71,77.5,775,185,34,38,89.5,19,23,82.6,1,1,100.0,0,0.5,0.5,-0.5,4,2,7,1,9
ENG-Premier League,2324,Sheffield Utd,Cameron Archer,ENG,"FW,MF",22,2001,20.4,266,332,80.1,3245,471,171,207,82.6,64,69,92.8,5,9,55.6,1,2.8,1.4,-1.8,23,11,7,2,15
ENG-Premier League,2324,Sheffield Utd,Chris Basham,ENG,"DF,MF",35,1988,3.6,103,138,74.6,1506,484,62,70,88.6,31,45,68.9,6,14,42.9,0,0.3,0.1,-0.3,2,7,2,0,7
ENG-Premier League,2324,Sheffield Utd,Daniel Jebbison,CAN,FW,19,2003,0.2,1,3,33.3,9,0,1,1,100.0,0,0,,0,0,,0,0.0,0.0,0.0,0,0,0,0,0
ENG-Premier League,2324,Sheffield Utd,George Baldock,GRE,DF,30,1993,10.8,291,397,73.3,4602,1810,169,191,88.5,100,124,80.6,18,52,34.6,1,0.8,0.6,0.2,7,18,11,4,31
ENG-Premier League,2324,Sheffield Utd,Gustavo Hamer,NED,MF,26,1997,32.3,756,1103,68.5,12613,4882,373,451,82.7,266,345,77.1,80,222,36.0,6,6.1,4.6,-0.1,70,94,37,7,135
ENG-Premier League,2324,Sheffield Utd,Ivo Grbić,CRO,GK,27,1996,8.6,148,298,49.7,5407,4505,23,23,100.0,48,54,88.9,76,217,35.0,0,0.0,0.0,0.0,0,1,0,0,0
ENG-Premier League,2324,Sheffield Utd,Jack Robinson,ENG,DF,29,1993,32.1,895,1255,71.3,17482,7694,318,364,87.4,453,555,81.6,113,286,39.5,1,1.2,1.0,-0.2,12,66,7,4,63
ENG-Premier League,2324,Sheffield Utd,James Mcatee,ENG,"MF,FW",20,2002,20.2,362,530,68.3,5320,1456,209,263,79.5,113,168,67.3,25,56,44.6,3,2.9,2.1,0.1,28,30,25,3,51
ENG-Premier League,2324,Sheffield Utd,Jayden Bogle,ENG,DF,23,2000,31.0,684,969,70.6,10589,3926,405,473,85.6,216,301,71.8,51,124,41.1,0,1.0,1.2,-1.0,10,45,20,5,60
ENG-Premier League,2324,Sheffield Utd,John Egan,IRL,DF,30,1992,5.4,128,185,69.2,2449,988,38,49,77.6,79,92,85.9,9,38,23.7,0,0.0,0.0,0.0,0,5,1,0,5
ENG-Premier League,2324,Sheffield Utd,John Fleck,SCO,"MF,DF",31,1991,1.0,29,40,72.5,408,88,21,27,77.8,7,9,77.8,1,2,50.0,0,0.4,0.3,-0.4,2,1,1,0,3
ENG-Premier League,2324,Sheffield Utd,Luke Thomas,ENG,DF,22,2001,10.2,234,319,73.4,3866,1408,115,133,86.5,96,121,79.3,19,44,43.2,0,0.1,0.2,-0.1,2,23,5,2,33
ENG-Premier League,2324,Sheffield Utd,Mason Holgate,JAM,DF,26,1996,7.9,138,211,65.4,2552,1215,65,83,78.3,52,78,66.7,19,44,43.2,0,0.4,0.2,-0.4,1,17,2,2,13
ENG-Premier League,2324,Sheffield Utd,Max Lowe,ENG,"DF,MF",26,1997,5.6,84,130,64.6,1242,436,53,71,74.6,25,42,59.5,6,12,50.0,0,0.7,0.1,-0.7,2,6,3,0,12
ENG-Premier League,2324,Sheffield Utd,Oliver Arblaster,ENG,MF,19,2004,10.5,351,441,79.6,5920,1788,174,201,86.6,147,167,88.0,26,50,52.0,0,0.8,0.9,-0.8,11,37,6,0,43
ENG-Premier League,2324,Sheffield Utd,Oliver McBurnie,SCO,FW,27,1996,14.2,242,408,59.3,2917,746,163,256,63.7,57,97,58.8,4,7,57.1,3,2.0,2.0,1.0,12,27,5,1,30
ENG-Premier League,2324,Sheffield Utd,Oliver Norwood,NIR,MF,32,1991,16.0,634,911,69.6,12291,4646,246,296,83.1,262,321,81.6,105,253,41.5,0,0.6,1.2,-0.6,17,67,11,2,73
ENG-Premier League,2324,Sheffield Utd,Rhian Brewster,ENG,"FW,MF",23,2000,3.8,52,76,68.4,702,178,35,41,85.4,10,22,45.5,4,7,57.1,0,0.1,0.1,-0.1,2,6,1,0,3
ENG-Premier League,2324,Sheffield Utd,Rhys Norrington-Davies,WAL,DF,24,1999,1.2,48,67,71.6,811,222,23,25,92.0,23,31,74.2,2,7,28.6,0,0.0,0.0,0.0,1,1,0,0,2
ENG-Premier League,2324,Sheffield Utd,Ryan One,SCO,FW,17,2006,0.1,1,1,100.0,7,0,1,1,100.0,0,0,,0,0,,0,0.0,0.0,0.0,0,0,0,0,0
ENG-Premier League,2324,Sheffield Utd,Sam Curtis,IRL,DF,17,2005,0.3,6,10,60.0,98,37,3,4,75.0,3,3,100.0,0,2,0.0,0,0.0,0.0,0.0,0,0,0,0,1
ENG-Premier League,2324,Sheffield Utd,Sydie Peck,ENG,MF,18,2004,0.1,1,1,100.0,10,0,1,1,100.0,0,0,,0,0,,0,0.0,0.0,0.0,0,0,0,0,0
ENG-Premier League,2324,Sheffield Utd,Tom Davies,ENG,MF,25,1998,2.5,68,99,68.7,901,310,41,50,82.0,20,27,74.1,2,7,28.6,0,0.1,0.2,-0.1,1,6,1,0,8
ENG-Premier League,2324,Sheffield Utd,Vinicius Souza,BRA,MF,24,1999,29.6,790,995,79.4,12856,3441,382,439,87.0,333,394,84.5,50,89,56.2,0,0.2,0.5,-0.2,4,60,5,1,66
ENG-Premier League,2324,Sheffield Utd,Wes Foderingham,ENG,GK,32,1991,29.4,596,1055,56.5,19584,15696,101,102,99.0,242,252,96.0,253,690,36.7,0,0.1,0.1,-0.1,1,19,2,0,0
ENG-Premier League,2324,Sheffield Utd,William Osula,DEN,FW,19,2003,8.7,49,93,52.7,592,88,33,56,58.9,8,20,40.0,2,5,40.0,0,0.1,0.2,-0.1,1,3,2,1,2
ENG-Premier League,2324,Sheffield Utd,Yasser Larouci,ALG,DF,22,2001,5.9,131,185,70.8,1969,714,76,89,85.4,45,59,76.3,6,17,35.3,0,0.3,0.1,-0.3,2,11,0,0,14
ENG-Premier League,2324,Tottenham,Alejo Véliz,ARG,FW,19,2003,0.6,5,10,50.0,91,5,2,4,50.0,2,2,100.0,1,1,100.0,0,0.0,0.0,0.0,0,0,0,0,1
ENG-Premier League,2324,Tottenham,Ben Davies,WAL,DF,30,1993,12.1,766,850,90.1,13839,5258,303,324,93.5,388,413,93.9,60,81,74.1,0,0.4,0.6,-0.4,4,80,4,0,71
ENG-Premier League,2324,Tottenham,Brennan Johnson,WAL,FW,22,2001,23.2,519,728,71.3,7315,1778,333,405,82.2,158,217,72.8,15,45,33.3,10,8.1,4.5,1.9,45,32,39,10,72
ENG-Premier League,2324,Tottenham,Bryan Gil,ESP,"FW,MF",22,2001,2.3,127,157,80.9,1809,344,69,81,85.2,54,62,87.1,1,2,50.0,0,0.2,0.3,-0.2,4,6,8,1,16
ENG-Premier League,2324,Tottenham,Cristian Romero,ARG,DF,25,1998,31.0,2390,2606,91.7,41458,16198,966,1035,93.3,1279,1341,95.4,111,158,70.3,0,0.4,1.5,-0.4,7,189,14,0,179
ENG-Premier League,2324,Tottenham,Dane Scarlett,ENG,FW,19,2004,0.2,2,3,66.7,25,16,1,1,100.0,1,2,50.0,0,0,,0,0.0,0.0,0.0,0,1,0,0,1
ENG-Premier League,2324,Tottenham,Davinson Sánchez,COL,DF,27,1996,0.9,68,75,90.7,1045,377,37,38,97.4,27,29,93.1,3,6,50.0,0,0.0,0.0,0.0,0,13,0,0,2
ENG-Premier League,2324,Tottenham,Dejan Kulusevski,SWE,"FW,MF",23,2000,30.7,953,1234,77.2,13509,3584,610,700,87.1,279,363,76.9,39,72,54.2,3,7.7,6.7,-4.7,66,55,73,19,144
ENG-Premier League,2324,Tottenham,Destiny Udogie,ITA,DF,20,2002,26.6,1235,1440,85.8,16731,5145,775,844,91.8,400,460,87.0,19,33,57.6,3,2.2,2.0,0.8,24,115,13,0,155
ENG-Premier League,2324,Tottenham,Emerson,BRA,DF,24,1999,12.9,937,1038,90.3,13652,3714,529,558,94.8,339,362,93.6,32,45,71.1,0,0.4,0.9,-0.4,3,42,7,2,57
ENG-Premier League,2324,Tottenham,Eric Dier,ENG,DF,29,1994,2.2,125,141,88.7,2070,1037,52,57,91.2,69,72,95.8,3,10,30.0,0,0.0,0.0,0.0,0,3,0,0,3
ENG-Premier League,2324,Tottenham,Giovani Lo Celso,ARG,MF,27,1996,5.6,449,503,89.3,6799,2073,244,260,93.8,153,165,92.7,33,45,73.3,2,1.9,1.9,0.1,18,44,14,3,68
ENG-Premier League,2324,Tottenham,Guglielmo Vicario,ITA,GK,26,1996,38.0,1335,1569,85.1,25924,15175,445,448,99.3,748,766,97.7,133,340,39.1,0,0.0,0.0,0.0,0,5,0,0,3
ENG-Premier League,2324,Tottenham,Ivan Perišić,CRO,FW,34,1989,1.1,53,76,69.7,828,363,31,39,79.5,14,22,63.6,7,13,53.8,1,0.9,0.7,0.1,5,4,6,2,9
ENG-Premier League,2324,Tottenham,James Maddison,ENG,MF,26,1996,23.7,1210,1500,80.7,19513,6251,631,684,92.3,457,557,82.0,94,180,52.2,9,5.9,6.3,3.1,67,130,59,3,224
ENG-Premier League,2324,Tottenham,Jamie Donley,NIR,FW,18,2005,0.0,1,1,100.0,14,0,1,1,100.0,0,0,,0,0,,0,0.0,0.0,0.0,0,0,0,0,0
ENG-Premier League,2324,Tottenham,Manor Solomon,ISR,FW,24,1999,2.2,78,90,86.7,1105,196,45,48,93.8,28,35,80.0,3,4,75.0,2,0.8,0.8,1.2,12,3,7,1,11
ENG-Premier League,2324,Tottenham,Micky van de Ven,NED,DF,22,2001,26.0,1698,1810,93.8,29840,10172,674,698,96.6,894,941,95.0,99,124,79.8,0,0.0,0.3,0.0,1,121,3,0,108
ENG-Premier League,2324,Tottenham,Mikey Moore,ENG,MF,15,2007,0.0,4,5,80.0,51,11,3,4,75.0,1,1,100.0,0,0,,0,0.0,0.0,0.0,0,0,0,0,1
ENG-Premier League,2324,Tottenham,Oliver Skipp,ENG,"MF,DF",22,2000,7.9,351,383,91.6,5258,1454,199,210,94.8,123,131,93.9,19,24,79.2,0,0.6,0.5,-0.6,7,37,3,0,37
ENG-Premier League,2324,Tottenham,Pape Matar Sarr,SEN,MF,20,2002,23.0,1179,1349,87.4,17118,4177,662,718,92.2,402,453,88.7,52,77,67.5,3,2.2,2.1,0.8,20,108,23,4,150
ENG-Premier League,2324,Tottenham,Pedro Porro,ESP,DF,23,1999,34.3,1806,2369,76.2,27440,10519,1057,1171,90.3,579,745,77.7,121,297,40.7,7,7.2,6.0,-0.2,51,135,48,10,194
ENG-Premier League,2324,Tottenham,Pierre Højbjerg,DEN,MF,27,1995,14.6,1234,1415,87.2,20132,7286,652,718,90.8,440,480,91.7,100,142,70.4,0,1.2,1.5,-1.2,9,160,12,1,134
ENG-Premier League,2324,Tottenham,Radu Drăgușin,ROU,DF,21,2002,4.8,326,370,88.1,5633,1782,130,148,87.8,185,198,93.4,8,16,50.0,0,0.0,0.0,0.0,0,10,0,0,8
ENG-Premier League,2324,Tottenham,Richarlison,BRA,FW,26,1997,16.6,267,392,68.1,3761,956,153,193,79.3,85,119,71.4,10,15,66.7,4,2.1,1.4,1.9,15,21,13,1,38
ENG-Premier League,2324,Tottenham,Rodrigo Bentancur,URU,MF,26,1997,11.2,674,800,84.3,10011,2610,384,426,90.1,244,282,86.5,29,41,70.7,1,0.5,1.1,0.5,8,69,11,1,72
ENG-Premier League,2324,Tottenham,Son Heung-min,KOR,FW,31,1992,32.6,887,1075,82.5,12123,2822,531,609,87.2,297,338,87.9,23,38,60.5,10,11.8,8.3,-1.8,68,40,65,2,139
ENG-Premier League,2324,Tottenham,Timo Werner,GER,FW,27,1996,9.0,281,366,76.8,4049,863,163,189,86.2,108,138,78.3,6,12,50.0,3,2.7,2.9,0.3,15,9,20,5,41
ENG-Premier League,2324,Tottenham,Yves Bissouma,MLI,MF,26,1996,23.0,1689,1842,91.7,25078,7214,948,1006,94.2,607,651,93.2,68,84,81.0,0,0.4,1.7,-0.4,11,156,12,0,169
ENG-Premier League,2324,West Ham,Aaron Cresswell,ENG,"DF,FW",33,1989,4.8,254,308,82.5,4176,1722,142,155,91.6,80,96,83.3,25,48,52.1,0,0.4,0.3,-0.4,5,15,4,0,26
ENG-Premier League,2324,West Ham,Alphonse Areola,FRA,GK,30,1993,30.0,562,867,64.8,17799,12917,74,76,97.4,245,246,99.6,241,538,44.8,0,0.0,0.0,0.0,0,8,0,0,1
ENG-Premier League,2324,West Ham,Angelo Ogbonna,ITA,DF,35,1988,7.1,171,214,79.9,3291,1109,60,67,89.6,94,104,90.4,14,38,36.8,0,0.0,0.1,0.0,0,6,0,0,4
ENG-Premier League,2324,West Ham,Ben Johnson,ENG,"DF,FW",23,2000,6.0,246,334,73.7,3816,1465,141,156,90.4,88,121,72.7,14,33,42.4,0,0.0,0.1,0.0,0,18,1,0,22
ENG-Premier League,2324,West Ham,Danny Ings,ENG,FW,31,1992,4.5,76,107,71.0,854,170,40,50,80.0,19,24,79.2,1,8,12.5,0,0.3,0.3,-0.3,5,2,3,0,8
ENG-Premier League,2324,West Ham,Divin Mubama,ENG,FW,18,2004,0.9,16,22,72.7,200,15,12,16,75.0,2,3,66.7,1,1,100.0,0,0.0,0.0,0.0,0,0,0,0,0
ENG-Premier League,2324,West Ham,Edson Álvarez,MEX,MF,25,1997,26.4,1033,1207,85.6,17083,5225,518,573,90.4,401,445,90.1,87,132,65.9,1,0.6,0.8,0.4,12,87,6,1,91
ENG-Premier League,2324,West Ham,Emerson Palmieri,ITA,DF,28,1994,34.9,1421,1745,81.4,19356,7676,893,983,90.8,406,510,79.6,54,104,51.9,2,2.4,2.1,-0.4,25,89,22,7,125
ENG-Premier League,2324,West Ham,George Earthy,ENG,FW,18,2004,0.4,16,17,94.1,183,43,12,13,92.3,4,4,100.0,0,0,,0,0.0,0.0,0.0,0,0,0,0,1
ENG-Premier League,2324,West Ham,James Ward-Prowse,ENG,MF,28,1994,33.3,1386,1672,82.9,23288,7105,702,762,92.1,520,570,91.2,134,270,49.6,7,7.8,6.3,-0.8,64,137,23,8,144
ENG-Premier League,2324,West Ham,Jarrod Bowen,ENG,FW,26,1996,33.5,484,702,68.9,6899,1825,284,341,83.3,141,188,75.0,34,71,47.9,6,5.5,4.8,0.5,31,29,13,3,52
ENG-Premier League,2324,West Ham,Kaelan Casey,ENG,DF,18,2004,0.0,0,0,,0,0,0,0,,0,0,,0,0,,0,0.0,0.0,0.0,0,0,0,0,0
ENG-Premier League,2324,West Ham,Kalvin Phillips,ENG,MF,27,1995,3.4,141,179,78.8,2507,567,62,74,83.8,64,77,83.1,12,20,60.0,0,0.0,0.0,0.0,0,24,0,0,19
ENG-Premier League,2324,West Ham,Konstantinos Mavropanos,GRE,DF,25,1997,16.7,482,635,75.9,9625,3911,155,179,86.6,266,303,87.8,53,131,40.5,0,0.2,0.1,-0.2,3,29,1,0,38
ENG-Premier League,2324,West Ham,Kurt Zouma,FRA,DF,28,1994,31.5,962,1148,83.8,18843,6791,335,365,91.8,509,558,91.2,111,198,56.1,0,0.2,0.1,-0.2,4,57,1,0,53
ENG-Premier League,2324,West Ham,Lucas Paquetá,BRA,"FW,MF",25,1997,29.1,1082,1465,73.9,16561,5842,598,714,83.8,334,435,76.8,95,173,54.9,6,5.4,5.1,0.6,43,143,50,8,187
ENG-Premier League,2324,West Ham,Maxwel Cornet,CIV,"MF,FW",26,1996,1.2,36,49,73.5,407,70,27,34,79.4,6,8,75.0,0,1,0.0,0,0.2,0.0,-0.2,4,0,0,0,2
ENG-Premier League,2324,West Ham,Michail Antonio,JAM,FW,33,1990,18.8,180,308,58.4,2635,626,111,154,72.1,48,90,53.3,13,26,50.0,2,0.9,1.3,1.1,8,13,7,2,22
ENG-Premier League,2324,West Ham,Mohammed Kudus,GHA,"FW,MF",22,2000,27.6,677,875,77.4,11263,1764,357,405,88.1,231,281,82.2,70,108,64.8,6,3.5,3.7,2.5,28,32,29,16,80
ENG-Premier League,2324,West Ham,Nayef Aguerd,MAR,DF,27,1996,20.6,943,1177,80.1,19870,8804,335,360,93.1,452,493,91.7,143,297,48.1,0,0.3,0.4,-0.3,4,74,2,0,68
ENG-Premier League,2324,West Ham,Pablo Fornals,ESP,"MF,FW",27,1996,4.7,162,210,77.1,2602,713,83,96,86.5,60,75,80.0,12,20,60.0,0,0.3,0.3,-0.3,5,19,6,1,29
ENG-Premier League,2324,West Ham,Saïd Benrahma,ALG,"FW,MF",27,1995,6.9,193,257,75.1,2587,504,116,138,84.1,56,76,73.7,8,15,53.3,1,1.4,0.8,-0.4,11,11,11,2,28
ENG-Premier League,2324,West Ham,Thilo Kehrer,GER,"DF,MF",26,1996,0.2,9,9,100.0,86,36,7,7,100.0,1,1,100.0,0,0,,0,0.0,0.0,0.0,0,0,0,0,1
ENG-Premier League,2324,West Ham,Tomáš Souček,CZE,MF,28,1995,31.9,722,962,75.1,11368,3594,364,450,80.9,272,346,78.6,54,86,62.8,2,1.7,1.2,0.3,20,80,8,2,86
ENG-Premier League,2324,West Ham,Vladimír Coufal,CZE,DF,30,1992,34.8,1154,1665,69.3,18778,9229,596,669,89.1,448,627,71.5,84,254,33.1,7,4.0,3.0,3.0,33,98,38,21,119
ENG-Premier League,2324,West Ham,Łukasz Fabiański,POL,GK,38,1985,8.0,160,239,66.9,5259,3852,19,19,100.0,70,70,100.0,70,146,47.9,0,0.0,0.0,0.0,0,8,0,0,1
ENG-Premier League,2324,Wolves,Boubacar Traoré,MLI,MF,21,2001,9.1,383,455,84.2,5849,1360,207,234,88.5,138,158,87.3,23,34,67.6,0,0.4,0.3,-0.4,6,34,7,3,29
ENG-Premier League,2324,Wolves,Craig Dawson,ENG,DF,33,1990,24.5,1104,1277,86.5,23417,8062,296,333,88.9,640,679,94.3,158,237,66.7,1,1.4,0.6,-0.4,9,52,2,0,49
ENG-Premier League,2324,Wolves,Daniel Bentley,ENG,GK,30,1993,4.3,96,144,66.7,2347,1661,30,30,100.0,37,37,100.0,28,76,36.8,0,0.0,0.0,0.0,0,2,0,0,0
ENG-Premier League,2324,Wolves,Enso Gonzalez,PAR,"MF,DF",18,2005,0.0,6,6,100.0,87,3,2,2,100.0,3,3,100.0,0,0,,0,0.0,0.0,0.0,0,0,0,0,0
ENG-Premier League,2324,Wolves,Fábio Silva,POR,FW,21,2002,2.9,61,76,80.3,779,174,37,43,86.0,16,18,88.9,1,4,25.0,0,0.2,0.1,-0.2,4,7,0,0,10
ENG-Premier League,2324,Wolves,Hugo Bueno,ESP,"DF,MF",20,2002,8.2,318,406,78.3,4380,1005,211,237,89.0,92,117,78.6,11,27,40.7,0,0.8,0.7,-0.8,6,11,8,8,8
ENG-Premier League,2324,Wolves,Hwang Hee-chan,KOR,"FW,MF",27,1996,23.5,424,551,77.0,5661,1028,256,312,82.1,131,162,80.9,13,21,61.9,3,3.0,2.9,0.0,17,19,7,2,37
ENG-Premier League,2324,Wolves,Jean-Ricner Bellegarde,HAI,"MF,FW",25,1998,10.6,241,314,76.8,3452,786,144,161,89.4,76,98,77.6,14,29,48.3,1,1.0,0.8,0.0,12,17,7,0,39
ENG-Premier League,2324,Wolves,Jonny Castro,ESP,MF,29,1994,0.1,0,0,,0,0,0,0,,0,0,,0,0,,0,0.0,0.0,0.0,0,0,0,0,0
ENG-Premier League,2324,Wolves,José Sá,POR,GK,30,1993,33.7,720,1097,65.6,17257,11201,186,190,97.9,360,369,97.6,162,522,31.0,1,0.0,0.0,1.0,1,8,0,0,1
ENG-Premier League,2324,Wolves,João Gomes,BRA,MF,22,2001,29.4,1051,1279,82.2,15291,4174,596,665,89.6,342,404,84.7,50,94,53.2,1,1.1,1.7,-0.1,20,73,23,5,101
ENG-Premier League,2324,Wolves,Leon Chiwome,ENG,FW,17,2006,1.9,19,22,86.4,244,59,12,13,92.3,6,6,100.0,1,1,100.0,0,0.0,0.0,0.0,0,2,0,0,2
ENG-Premier League,2324,Wolves,Mario Lemina,GAB,MF,29,1993,33.0,1261,1470,85.8,20364,5341,654,718,91.1,485,550,88.2,92,146,63.0,1,1.5,1.3,-0.5,20,65,8,3,76
ENG-Premier League,2324,Wolves,Matheus Cunha,BRA,"FW,MF",24,1999,27.1,658,831,79.2,8887,2308,411,476,86.3,182,229,79.5,32,57,56.1,7,3.2,3.0,3.8,28,56,31,1,87
ENG-Premier League,2324,Wolves,Matheus Nunes,POR,MF,24,1998,2.0,87,106,82.1,1077,279,59,68,86.8,23,26,88.5,2,6,33.3,0,0.1,0.2,-0.1,3,6,1,0,8
ENG-Premier League,2324,Wolves,Matt Doherty,IRL,"DF,MF",31,1992,12.8,515,653,78.9,7798,2105,296,348,85.1,174,212,82.1,31,55,56.4,0,1.3,0.9,-1.3,12,22,7,1,31
ENG-Premier League,2324,Wolves,Max Kilman,ENG,DF,26,1997,38.0,1979,2309,85.7,36846,13119,766,824,93.0,1008,1087,92.7,183,346,52.9,0,1.4,1.1,-1.4,17,109,11,1,117
ENG-Premier League,2324,Wolves,Nathan Fraser,IRL,FW,18,2005,2.1,33,42,78.6,380,45,24,27,88.9,7,10,70.0,0,0,,0,0.1,0.1,-0.1,2,0,2,0,2
ENG-Premier League,2324,Wolves,Nélson Semedo,POR,"DF,MF",29,1993,34.3,1474,1849,79.7,21759,7306,876,969,90.4,495,616,80.4,69,158,43.7,1,1.7,1.8,-0.7,24,101,25,10,138
ENG-Premier League,2324,Wolves,Pablo Sarabia,ESP,"MF,FW",31,1992,19.4,684,976,70.1,11034,3731,377,439,85.9,195,263,74.1,73,168,43.5,7,5.9,4.9,1.1,51,59,40,6,109
ENG-Premier League,2324,Wolves,Pedro Neto,POR,"FW,MF",23,2000,16.8,538,722,74.5,8269,1984,308,354,87.0,154,210,73.3,49,98,50.0,9,4.4,3.7,4.6,38,23,29,12,54
ENG-Premier League,2324,Wolves,Rayan Aït-Nouri,ALG,"DF,MF",22,2001,25.9,1005,1190,84.5,13946,3935,627,688,91.1,297,344,86.3,38,72,52.8,1,2.4,1.7,-1.4,25,60,13,4,99
ENG-Premier League,2324,Wolves,Santiago Bueno,URU,DF,24,1998,9.1,426,480,88.8,7158,2158,177,192,92.2,223,237,94.1,18,37,48.6,0,0.1,0.0,-0.1,2,16,0,0,11
ENG-Premier League,2324,Wolves,Sasa Kalajdzic,AUT,FW,26,1997,1.8,38,60,63.3,507,130,22,33,66.7,10,16,62.5,2,5,40.0,0,1.0,0.3,-1.0,4,1,2,0,5
ENG-Premier League,2324,Wolves,Tawanda Chirewa,ZIM,"MF,FW",19,2003,1.6,46,58,79.3,664,151,29,31,93.5,14,18,77.8,2,3,66.7,0,0.0,0.1,0.0,1,3,3,2,7
ENG-Premier League,2324,Wolves,Tommy Doyle,ENG,MF,21,2001,13.6,801,955,83.9,15164,4208,309,331,93.4,361,399,90.5,106,178,59.6,0,0.4,0.9,-0.4,8,86,7,2,81
ENG-Premier League,2324,Wolves,Toti Gomes,POR,DF,24,1999,30.8,1516,1847,82.1,23316,8336,782,859,91.0,631,748,84.4,60,153,39.2,3,1.2,0.6,1.8,6,78,6,1,79
ENG-Premier League,2425,Arsenal,Ben White,ENG,DF,26,1997,13.3,580,692,83.8,9173,2998,309,337,91.7,234,276,84.8,24,50,48.0,2,1.4,1.4,0.6,10,55,11,2,59
ENG-Premier League,2425,Arsenal,Bukayo Saka,ENG,"FW,MF",22,2001,19.2,552,731,75.5,8408,2487,334,371,90.0,154,214,72.0,45,92,48.9,10,7.6,7.8,2.4,58,15,38,12,70
ENG-Premier League,2425,Arsenal,David Raya,ESP,GK,28,1995,38.0,1040,1413,73.6,24784,17222,285,288,99.0,537,548,98.0,215,570,37.7,0,0.0,0.1,0.0,1,45,3,0,14
ENG-Premier League,2425,Arsenal,Declan Rice,ENG,MF,25,1999,31.4,1376,1650,83.4,23402,6234,678,737,92.0,553,611,90.5,117,240,48.8,7,6.6,5.6,0.4,59,137,35,5,192
ENG-Premier League,2425,Arsenal,Ethan Nwaneri,ENG,"FW,MF",17,2007,9.9,342,425,80.5,4906,1216,216,234,92.3,93,121,76.9,19,37,51.4,2,1.2,1.8,0.8,16,17,16,6,33
ENG-Premier League,2425,Arsenal,Gabriel Jesus,BRA,FW,27,1997,6.8,156,203,76.8,2030,378,103,128,80.5,41,47,87.2,4,6,66.7,0,0.7,0.5,-0.7,8,10,9,1,19
ENG-Premier League,2425,Arsenal,Gabriel Magalhães,BRA,DF,26,1997,26.3,1480,1641,90.2,25788,7938,598,617,96.9,782,830,94.2,83,154,53.9,1,0.9,1.2,0.1,13,145,8,0,126
ENG-Premier League,2425,Arsenal,Gabriel Martinelli,BRA,"FW,MF",23,2001,25.4,499,699,71.4,7113,1534,324,385,84.2,135,193,69.9,26,52,50.0,4,5.0,4.7,-1.0,40,11,37,15,52
ENG-Premier League,2425,Arsenal,Jakub Kiwior,POL,DF,24,2000,12.5,673,736,91.4,11598,3392,278,294,94.6,358,376,95.2,30,53,56.6,0,0.3,0.3,-0.3,5,65,3,0,48
ENG-Premier League,2425,Arsenal,Jorginho,ITA,MF,32,1991,7.8,411,474,86.7,6468,1609,215,235,91.5,168,190,88.4,21,36,58.3,0,0.4,0.6,-0.4,3,44,10,0,48
ENG-Premier League,2425,Arsenal,Jurriën Timber,NED,DF,23,2001,26.9,1194,1395,85.6,17327,4642,674,741,91.0,472,549,86.0,27,51,52.9,3,0.8,1.3,2.2,17,107,17,2,146
ENG-Premier League,2425,Arsenal,Kai Havertz,GER,"FW,MF",25,1999,20.8,407,519,78.4,4905,1033,286,340,84.1,95,115,82.6,5,11,45.5,3,2.4,1.7,0.6,17,27,9,1,61
ENG-Premier League,2425,Arsenal,Kieran Tierney,SCO,"DF,FW",27,1997,2.9,145,173,83.8,2325,699,69,73,94.5,65,78,83.3,8,15,53.3,0,1.4,0.7,-1.4,8,13,5,2,15
ENG-Premier League,2425,Arsenal,Leandro Trossard,BEL,FW,29,1994,28.3,711,954,74.5,11435,2972,377,439,85.9,275,357,77.0,43,87,49.4,7,6.1,4.1,0.9,41,45,48,10,101
ENG-Premier League,2425,Arsenal,Martin Ødegaard,NOR,MF,25,1998,25.8,1237,1499,82.5,19237,5460,678,749,90.5,449,517,86.8,80,146,54.8,8,5.4,6.7,2.6,63,132,86,5,258
ENG-Premier League,2425,Arsenal,Mikel Merino,ESP,"MF,FW",28,1996,17.6,451,577,78.2,6182,1776,285,328,86.9,128,165,77.6,17,31,54.8,2,2.0,1.2,0.0,17,40,24,4,69
ENG-Premier League,2425,Arsenal,Myles Lewis-Skelly,ENG,DF,17,2006,15.2,708,776,91.2,10525,2307,394,410,96.1,291,317,91.8,14,24,58.3,0,0.4,0.5,-0.4,8,66,10,2,71
ENG-Premier League,2425,Arsenal,Nathan Butler-Oyedeji,ENG,FW,21,2003,0.1,0,0,,0,0,0,0,,0,0,,0,0,,0,0.0,0.0,0.0,0,0,0,0,0
ENG-Premier League,2425,Arsenal,Oleksandr Zinchenko,UKR,"DF,MF",27,1996,5.9,382,451,84.7,6080,1345,204,220,92.7,154,175,88.0,17,37,45.9,1,0.2,0.5,0.8,3,30,11,3,48
ENG-Premier League,2425,Arsenal,Raheem Sterling,ENG,"FW,MF",29,1994,5.5,158,201,78.6,2022,403,103,117,88.0,43,57,75.4,3,4,75.0,2,0.5,0.5,1.5,8,4,9,2,18
ENG-Premier League,2425,Arsenal,Reiss Nelson,ENG,FW,24,1999,0.0,0,0,,0,0,0,0,,0,0,,0,0,,0,0.0,0.0,0.0,0,0,0,0,0
ENG-Premier League,2425,Arsenal,Riccardo Calafiori,ITA,DF,22,2002,10.9,470,549,85.6,6903,1705,280,306,91.5,163,188,86.7,19,28,67.9,1,0.3,0.7,0.7,6,41,9,1,54
ENG-Premier League,2425,Arsenal,Takehiro Tomiyasu,JPN,DF,25,1998,0.1,3,4,75.0,42,10,1,1,100.0,2,2,100.0,0,1,0.0,0,0.0,0.0,0.0,0,0,0,0,1
ENG-Premier League,2425,Arsenal,Thomas Partey,GHA,"MF,DF",31,1993,31.1,1678,1920,87.4,26697,7155,874,942,92.8,682,767,88.9,91,143,63.6,2,2.1,2.6,-0.1,20,168,33,2,185
ENG-Premier League,2425,Arsenal,William Saliba,FRA,DF,23,2001,33.8,2413,2559,94.3,41458,12540,1026,1071,95.8,1255,1306,96.1,123,154,79.9,0,0.9,1.3,-0.9,7,180,6,0,138
ENG-Premier League,2425,Aston Villa,Amadou Onana,BEL,MF,22,2001,18.0,703,802,87.7,11058,2897,365,393,92.9,290,325,89.2,34,48,70.8,0,0.7,0.8,-0.7,10,69,12,2,75
ENG-Premier League,2425,Aston Villa,Andrés García,ESP,"DF,MF",21,2003,3.5,174,201,86.6,2725,577,89,96,92.7,74,82,90.2,7,13,53.8,0,0.2,0.4,-0.2,3,9,8,5,15
ENG-Premier League,2425,Aston Villa,Axel Disasi,FRA,DF,26,1998,5.4,243,280,86.8,4080,1517,103,109,94.5,131,146,89.7,8,15,53.3,0,0.4,0.3,-0.4,3,14,3,0,16
ENG-Premier League,2425,Aston Villa,Boubacar Kamara,FRA,MF,24,1999,19.2,825,931,88.6,13054,4037,421,454,92.7,357,390,91.5,34,62,54.8,0,0.9,0.8,-0.9,11,91,10,0,85
ENG-Premier League,2425,Aston Villa,Diego Carlos,BRA,DF,31,1993,9.2,534,603,88.6,10941,4103,138,151,91.4,341,362,94.2,54,83,65.1,0,0.0,0.1,0.0,0,23,1,0,34
ENG-Premier League,2425,Aston Villa,Donyell Malen,NED,FW,25,1999,3.4,53,77,68.8,712,144,33,40,82.5,14,19,73.7,3,7,42.9,0,0.2,0.2,-0.2,3,2,2,0,6
ENG-Premier League,2425,Aston Villa,Emi Buendía,ARG,"MF,FW",27,1996,1.1,49,60,81.7,624,166,33,36,91.7,12,14,85.7,1,5,20.0,0,0.0,0.0,0.0,1,4,1,0,7
ENG-Premier League,2425,Aston Villa,Emiliano Martínez,ARG,GK,31,1992,35.5,1091,1387,78.7,28659,17513,194,198,98.0,629,640,98.3,268,542,49.4,0,0.5,0.1,-0.5,2,27,0,0,4
ENG-Premier League,2425,Aston Villa,Ezri Konsa,ENG,DF,26,1997,32.6,1555,1673,92.9,26299,8781,669,692,96.7,807,844,95.6,62,95,65.3,0,0.4,0.6,-0.4,6,106,2,0,90
ENG-Premier League,2425,Aston Villa,Ian Maatsen,NED,DF,22,2002,12.7,609,747,81.5,9635,2492,307,346,88.7,263,309,85.1,26,52,50.0,2,2.7,2.4,-0.7,19,22,19,3,50
ENG-Premier League,2425,Aston Villa,Jacob Ramsey,ENG,"FW,MF",23,2001,18.0,497,586,84.8,6645,1578,334,366,91.3,133,159,83.6,15,20,75.0,3,2.3,2.2,0.7,21,31,21,1,68
ENG-Premier League,2425,Aston Villa,Jaden Philogene Bidace,ENG,"FW,MF",22,2002,3.7,63,86,73.3,850,161,40,49,81.6,18,21,85.7,2,3,66.7,0,0.3,0.2,-0.3,1,1,3,0,4
ENG-Premier League,2425,Aston Villa,John McGinn,SCO,"MF,FW",29,1994,24.7,699,854,81.9,11807,3243,336,367,91.6,285,332,85.8,64,111,57.7,4,3.5,2.7,0.5,31,70,29,8,103
ENG-Premier League,2425,Aston Villa,Jáder Durán,COL,FW,20,2003,7.1,115,163,70.6,1558,307,68,84,81.0,34,50,68.0,5,11,45.5,0,0.2,0.3,-0.2,4,10,1,0,13
ENG-Premier League,2425,Aston Villa,Kosta Nedeljković,SRB,DF,18,2005,1.4,47,53,88.7,853,185,22,23,95.7,21,25,84.0,4,5,80.0,0,0.0,0.0,0.0,0,5,0,0,6
ENG-Premier League,2425,Aston Villa,Lamare Bogarde,NED,"DF,MF",20,2004,5.3,240,272,88.2,3682,1154,129,139,92.8,107,116,92.2,3,9,33.3,0,0.1,0.1,-0.1,2,24,1,0,14
ENG-Premier League,2425,Aston Villa,Leon Bailey,JAM,"FW,MF",26,1997,12.7,277,390,71.0,4313,1055,152,186,81.7,100,123,81.3,18,38,47.4,2,1.5,3.0,0.5,16,16,20,2,35
ENG-Premier League,2425,Aston Villa,Lucas Digne,FRA,DF,31,1993,26.1,956,1277,74.9,15607,5137,483,549,88.0,389,496,78.4,62,155,40.0,4,4.7,4.0,-0.7,36,44,30,19,57
ENG-Premier League,2425,Aston Villa,Marco Asensio,ESP,MF,28,1996,8.3,242,313,77.3,3581,1081,138,152,90.8,84,103,81.6,11,33,33.3,1,1.0,1.2,0.0,16,20,11,2,45
ENG-Premier League,2425,Aston Villa,Marcus Rashford,ENG,FW,26,1997,4.9,117,164,71.3,1772,447,67,77,87.0,36,47,76.6,9,25,36.0,2,2.3,2.1,-0.3,13,2,9,2,13
ENG-Premier League,2425,Aston Villa,Matty Cash,POL,DF,26,1997,23.0,732,945,77.5,12171,3259,362,406,89.2,306,389,78.7,52,106,49.1,1,1.1,1.3,-0.1,10,39,10,5,42
ENG-Premier League,2425,Aston Villa,Morgan Rogers,ENG,"FW,MF",22,2002,34.6,664,907,73.2,9771,3327,374,460,81.3,203,267,76.0,49,65,75.4,10,7.8,5.2,2.2,51,73,56,3,123
ENG-Premier League,2425,Aston Villa,Ollie Watkins,ENG,FW,28,1995,28.9,307,424,72.4,3915,656,192,246,78.0,85,110,77.3,9,13,69.2,8,3.3,2.1,4.7,24,12,13,0,31
ENG-Premier League,2425,Aston Villa,Pau Torres,ESP,DF,27,1997,22.4,1217,1369,88.9,21319,7907,521,547,95.2,602,644,93.5,79,148,53.4,0,0.1,0.4,-0.1,3,110,8,0,97
ENG-Premier League,2425,Aston Villa,Robin Olsen,SWE,GK,34,1990,2.5,65,101,64.4,2083,1590,11,11,100.0,32,32,100.0,22,58,37.9,0,0.0,0.0,0.0,0,4,0,0,0
ENG-Premier League,2425,Aston Villa,Ross Barkley,ENG,MF,30,1993,6.5,337,395,85.3,5232,1260,176,201,87.6,142,155,91.6,13,20,65.0,1,0.6,0.4,0.4,9,32,6,0,36
ENG-Premier League,2425,Aston Villa,Tyrone Mings,ENG,DF,31,1993,12.4,596,676,88.2,10642,3364,234,256,91.4,323,342,94.4,34,64,53.1,0,0.2,0.2,-0.2,3,48,5,0,40
ENG-Premier League,2425,Aston Villa,Youri Tielemans,BEL,MF,27,1997,33.6,1694,2061,82.2,29049,10244,787,876,89.8,737,844,87.3,140,259,54.1,7,7.0,5.7,0.0,60,229,38,4,235
ENG-Premier League,2425,Bournemouth,Adam Smith,ENG,DF,33,1991,17.7,514,679,75.7,8452,2723,244,275,88.7,222,279,79.6,32,89,36.0,0,0.4,0.7,-0.4,8,49,10,5,49
ENG-Premier League,2425,Bournemouth,Alex Scott,ENG,MF,20,2003,8.4,286,342,83.6,4583,1359,142,159,89.3,112,121,92.6,20,35,57.1,0,0.9,1.0,-0.9,12,41,5,1,52
ENG-Premier League,2425,Bournemouth,Antoine Semenyo,GHA,FW,24,2000,35.6,821,1119,73.4,11674,2915,501,586,85.5,252,334,75.4,37,97,38.1,5,5.8,4.3,-0.8,46,49,45,8,109
ENG-Premier League,2425,Bournemouth,Ben Winterburn,ENG,"MF,FW",19,2004,0.3,5,7,71.4,93,44,2,3,66.7,3,4,75.0,0,0,,0,0.0,0.0,0.0,0,0,0,0,0
ENG-Premier League,2425,Bournemouth,Dango Ouattara,BFA,FW,22,2002,22.3,367,612,60.0,5725,1706,210,288,72.9,120,193,62.2,25,67,37.3,4,5.5,3.3,-1.5,35,21,26,11,43
ENG-Premier League,2425,Bournemouth,Daniel Jebbison,CAN,FW,20,2003,1.3,33,42,78.6,361,44,21,23,91.3,3,5,60.0,1,2,50.0,0,0.2,0.1,-0.2,3,1,1,0,3
ENG-Premier League,2425,Bournemouth,David Brooks,WAL,"FW,MF",27,1997,10.7,310,411,75.4,4795,1429,176,205,85.9,101,130,77.7,24,47,51.1,0,1.9,2.0,-1.9,20,22,18,6,35
ENG-Premier League,2425,Bournemouth,Dean Huijsen,ESP,DF,19,2005,27.0,1355,1625,83.4,27219,10928,449,500,89.8,712,781,91.2,181,304,59.5,2,2.0,1.6,0.0,15,180,7,2,132
ENG-Premier League,2425,Bournemouth,Enes Ünal,TUR,"FW,MF",27,1997,3.8,63,99,63.6,685,192,40,52,76.9,17,28,60.7,0,1,0.0,1,0.4,0.3,0.6,4,4,4,0,12
ENG-Premier League,2425,Bournemouth,Evanilson,BRA,FW,24,1999,25.8,244,342,71.3,3038,622,154,202,76.2,54,72,75.0,11,16,68.8,1,1.9,1.8,-0.9,26,14,6,0,28
ENG-Premier League,2425,Bournemouth,Illia Zabarnyi,UKR,DF,21,2002,34.5,1404,1710,82.1,29649,10860,373,418,89.2,833,914,91.1,187,346,54.0,1,0.7,0.8,0.3,12,153,7,0,140
ENG-Premier League,2425,Bournemouth,James Hill,ENG,DF,22,2002,5.0,159,245,64.9,3098,1094,51,67,76.1,85,110,77.3,21,58,36.2,1,0.3,0.3,0.7,3,20,6,0,16
ENG-Premier League,2425,Bournemouth,Julian Araujo,MEX,DF,22,2001,5.5,178,225,79.1,3006,890,84,94,89.4,83,96,86.5,10,29,34.5,0,0.1,0.1,-0.1,1,17,3,2,14
ENG-Premier League,2425,Bournemouth,Julio Soler,ARG,"DF,FW",19,2005,0.1,11,14,78.6,104,18,11,13,84.6,0,1,0.0,0,0,,0,0.0,0.0,0.0,0,0,0,0,0
ENG-Premier League,2425,Bournemouth,Justin Kluivert,NED,MF,25,1999,26.0,582,782,74.4,8844,2330,322,382,84.3,189,248,76.2,45,87,51.7,6,4.8,3.7,1.2,45,45,35,6,105
ENG-Premier League,2425,Bournemouth,Kepa Arrizabalaga,ESP,GK,29,1994,31.0,752,1027,73.2,20531,13943,120,122,98.4,390,397,98.2,241,500,48.2,0,0.0,0.0,0.0,1,10,0,0,2
ENG-Premier League,2425,Bournemouth,Lewis Cook,ENG,"MF,DF",27,1997,33.1,1224,1585,77.2,21139,7153,542,635,85.4,546,641,85.2,109,240,45.4,3,4.1,3.8,-1.1,48,157,26,11,158
ENG-Premier League,2425,Bournemouth,Luis Sinisterra,COL,"FW,MF",25,1999,2.6,73,93,78.5,1067,200,44,48,91.7,22,32,68.8,5,5,100.0,1,1.4,1.3,-0.4,9,6,2,2,6
ENG-Premier League,2425,Bournemouth,Marcos Senesi,ARG,DF,27,1997,12.3,561,735,76.3,11536,5815,199,228,87.3,267,311,85.9,89,180,49.4,0,0.2,0.5,-0.2,3,79,13,3,62
ENG-Premier League,2425,Bournemouth,Marcus Tavernier,ENG,"FW,MF",25,1999,21.5,689,934,73.8,11654,3481,334,387,86.3,280,352,79.5,60,127,47.2,5,4.0,3.6,1.0,43,80,40,14,128
ENG-Premier League,2425,Bournemouth,Mark Travers,IRL,GK,25,1999,5.0,100,142,70.4,3469,2692,6,6,100.0,51,53,96.2,43,83,51.8,0,0.0,0.0,0.0,0,3,0,0,0
ENG-Premier League,2425,Bournemouth,Max Aarons,ENG,DF,24,2000,1.0,50,63,79.4,887,361,21,25,84.0,24,29,82.8,4,7,57.1,0,0.0,0.0,0.0,0,8,0,0,8
ENG-Premier League,2425,Bournemouth,Milos Kerkez,HUN,DF,20,2003,37.1,1346,1776,75.8,20911,6878,747,832,89.8,481,617,78.0,84,218,38.5,5,3.9,2.6,1.1,35,87,41,27,159
ENG-Premier League,2425,Bournemouth,Neto,BRA,GK,35,1989,2.0,40,62,64.5,1183,896,7,7,100.0,21,21,100.0,12,33,36.4,0,0.0,0.0,0.0,0,2,0,0,0
ENG-Premier League,2425,Bournemouth,Philip Billing,DEN,MF,28,1996,2.0,70,102,68.6,1023,400,43,51,84.3,19,27,70.4,4,15,26.7,0,1.1,1.0,-1.1,9,9,7,2,15
ENG-Premier League,2425,Bournemouth,Remy Rees-Dottin,ENG,FW,18,2006,0.0,0,0,,0,0,0,0,,0,0,,0,0,,0,0.0,0.0,0.0,0,0,0,0,0
ENG-Premier League,2425,Bournemouth,Ryan Christie,SCO,MF,29,1995,23.5,837,1056,79.3,14882,4269,368,417,88.2,378,430,87.9,82,168,48.8,3,3.5,3.0,-0.5,41,118,33,5,137
ENG-Premier League,2425,Bournemouth,Tyler Adams,USA,MF,25,1999,21.8,902,1069,84.4,14322,3525,437,489,89.4,393,443,88.7,38,65,58.5,3,1.0,0.8,2.0,18,67,4,1,76
ENG-Premier League,2425,Bournemouth,Zain Silcott-Duberry,MSR,FW,19,2005,0.0,1,2,50.0,25,0,0,0,,1,1,100.0,0,0,,0,0.0,0.0,0.0,0,0,0,0,0
ENG-Premier League,2425,Brentford,Ben Mee,ENG,DF,34,1989,2.0,93,120,77.5,1751,688,34,38,89.5,51,60,85.0,8,20,40.0,0,0.0,0.0,0.0,0,10,0,0,11
ENG-Premier League,2425,Brentford,Bryan Mbeumo,CMR,FW,24,1999,37.9,872,1319,66.1,13902,4325,476,602,79.1,313,441,71.0,68,183,37.2,7,8.3,9.3,-1.3,70,63,59,19,141
ENG-Premier League,2425,Brentford,Christian Nørgaard,DEN,MF,30,1994,31.3,1164,1427,81.6,19339,6409,584,668,87.4,483,568,85.0,79,133,59.4,4,1.3,1.4,2.7,18,137,27,4,154
ENG-Premier League,2425,Brentford,Edmond-Paris Maghoma,ENG,"MF,FW",23,2001,1.3,76,84,90.5,1259,343,38,40,95.0,29,31,93.5,6,7,85.7,0,0.1,0.0,-0.1,1,2,0,0,13
ENG-Premier League,2425,Brentford,Ethan Pinnock,JAM,DF,31,1993,21.3,924,1080,85.6,17045,6094,360,382,94.2,472,528,89.4,84,145,57.9,0,1.2,0.7,-1.2,8,48,4,1,41
ENG-Premier League,2425,Brentford,Fabio Carvalho,POR,"FW,MF",21,2002,5.1,126,178,70.8,1755,442,78,94,83.0,32,45,71.1,7,18,38.9,1,0.7,0.6,0.3,4,11,5,1,17
ENG-Premier League,2425,Brentford,Frank Onyeka,NGA,MF,26,1998,0.3,6,7,85.7,71,19,5,5,100.0,1,1,100.0,0,0,,0,0.0,0.0,0.0,0,0,1,0,1
ENG-Premier League,2425,Brentford,Gustavo Nunes,BRA,"FW,MF",18,2005,0.1,1,1,100.0,15,0,1,1,100.0,0,0,,0,0,,0,0.0,0.0,0.0,0,0,0,0,0
ENG-Premier League,2425,Brentford,Hákon Valdimarsson,ISL,GK,22,2001,1.6,46,70,65.7,1445,1110,8,8,100.0,21,21,100.0,17,41,41.5,0,0.0,0.0,0.0,0,2,0,0,0
ENG-Premier League,2425,Brentford,Jayden Meghoma,ENG,DF,18,2006,0.1,3,3,100.0,28,7,3,3,100.0,0,0,,0,0,,0,0.0,0.0,0.0,0,0,0,0,0
ENG-Premier League,2425,Brentford,Keane Lewis-Potter,ENG,"DF,FW",23,2001,34.4,982,1273,77.1,16310,5025,532,591,90.0,335,426,78.6,88,181,48.6,3,3.2,4.9,-0.2,26,69,47,18,98
ENG-Premier League,2425,Brentford,Kevin Schade,GER,FW,22,2001,25.5,323,541,59.7,4930,1389,185,265,69.8,111,180,61.7,18,43,41.9,2,3.7,1.8,-1.7,23,32,11,3,38
ENG-Premier League,2425,Brentford,Kim Jisoo,KOR,DF,19,2004,0.3,25,28,89.3,552,202,8,9,88.9,11,12,91.7,6,7,85.7,0,0.0,0.0,0.0,0,1,0,0,2
ENG-Premier League,2425,Brentford,Kristoffer Ajer,NOR,DF,26,1998,16.0,504,644,78.3,7868,2831,260,299,87.0,199,248,80.2,27,54,50.0,0,1.2,0.5,-1.2,8,44,7,4,56
ENG-Premier League,2425,Brentford,Mads Roerslev,DEN,DF,25,1999,12.2,422,536,78.7,6925,2249,205,233,88.0,179,224,79.9,27,49,55.1,2,3.0,2.1,-1.0,14,37,11,4,51
ENG-Premier League,2425,Brentford,Mark Flekken,NED,GK,31,1993,36.4,1254,1717,73.0,37000,25308,154,157,98.1,678,695,97.6,422,858,49.2,2,0.5,0.1,1.5,3,50,2,0,0
ENG-Premier League,2425,Brentford,Mathias Jensen,DEN,MF,28,1996,9.6,363,486,74.7,6736,2465,170,193,88.1,133,172,77.3,49,90,54.4,2,1.7,1.7,0.3,16,42,19,3,61
ENG-Premier League,2425,Brentford,Michael Kayode,ITA,DF,20,2004,5.9,184,241,76.3,3294,961,88,101,87.1,78,99,78.8,18,37,48.6,1,1.2,0.7,-0.2,8,12,3,2,12
ENG-Premier League,2425,Brentford,Mikkel Damsgaard,DEN,"MF,FW",24,2000,32.3,1107,1529,72.4,19063,7512,551,642,85.8,390,531,73.4,134,262,51.1,10,8.4,7.0,1.6,63,167,73,17,234
ENG-Premier League,2425,Brentford,Nathan Collins,IRL,DF,23,2001,38.0,1705,1985,85.9,32826,10799,557,635,87.7,989,1068,92.6,145,239,60.7,3,1.8,1.6,1.2,10,111,7,2,127
ENG-Premier League,2425,Brentford,Rico Henry,ENG,DF,27,1997,1.1,33,49,67.3,503,195,20,29,69.0,13,17,76.5,0,2,0.0,0,0.0,0.0,0.0,0,4,0,0,4
ENG-Premier League,2425,Brentford,Ryan Trevitt,ENG,MF,21,2003,0.0,4,7,57.1,73,23,1,2,50.0,3,3,100.0,0,0,,0,0.0,0.0,0.0,0,1,0,0,0
ENG-Premier League,2425,Brentford,Sepp van den Berg,NED,DF,22,2001,28.7,1092,1278,85.4,19151,6135,455,518,87.8,556,620,89.7,73,110,66.4,0,0.8,0.5,-0.8,6,64,3,1,79
ENG-Premier League,2425,Brentford,Thiago,BRA,"FW,MF",23,2001,1.9,40,56,71.4,568,73,20,28,71.4,13,16,81.3,3,5,60.0,0,0.1,0.0,-0.1,2,2,2,0,4
ENG-Premier League,2425,Brentford,Vitaly Janelt,GER,MF,26,1998,25.0,872,1057,82.5,14466,4279,443,489,90.6,344,403,85.4,66,118,55.9,3,2.2,2.4,0.8,14,78,23,7,80
ENG-Premier League,2425,Brentford,Yehor Yarmoliuk,UKR,MF,20,2004,16.1,661,760,87.0,11716,2679,316,360,87.8,259,288,89.9,72,85,84.7,0,0.9,0.9,-0.9,9,71,8,4,63
ENG-Premier League,2425,Brentford,Yoane Wissa,COD,FW,27,1996,32.4,450,588,76.5,6490,1617,284,331,85.8,124,166,74.7,28,49,57.1,4,2.6,1.8,1.4,27,44,13,1,67
ENG-Premier League,2425,Brentford,Yunus Emre Konak,TUR,"FW,MF",18,2006,0.5,26,36,72.2,458,84,13,16,81.3,9,12,75.0,4,5,80.0,0,0.0,0.0,0.0,0,2,0,0,2
ENG-Premier League,2425,Brighton,Adam Webster,ENG,DF,29,1995,9.9,636,725,87.7,11765,4541,242,257,94.2,333,354,94.1,53,97,54.6,0,0.5,0.3,-0.5,3,64,2,0,63
ENG-Premier League,2425,Brighton,Bart Verbruggen,NED,GK,21,2002,36.0,1011,1315,76.9,23986,16175,287,289,99.3,476,484,98.3,242,528,45.8,1,0.0,0.0,1.0,1,20,1,0,2
ENG-Premier League,2425,Brighton,Billy Gilmour,SCO,MF,23,2001,1.1,58,67,86.6,980,346,36,38,94.7,18,22,81.8,4,7,57.1,0,0.0,0.0,0.0,0,12,2,0,11
ENG-Premier League,2425,Brighton,Brajan Gruda,GER,"MF,FW",20,2004,7.6,187,251,74.5,2759,970,108,128,84.4,46,63,73.0,18,36,50.0,4,2.1,1.9,1.9,23,12,12,1,26
ENG-Premier League,2425,Brighton,Carlos Baleba,CMR,MF,20,2004,29.6,1149,1314,87.4,19305,4741,544,591,92.0,487,528,92.2,94,148,63.5,1,1.3,1.2,-0.3,21,109,23,3,118
ENG-Premier League,2425,Brighton,Danny Welbeck,ENG,FW,33,1990,23.5,417,491,84.9,4936,1008,277,316,87.7,91,105,86.7,11,12,91.7,4,1.4,1.4,2.6,23,18,14,0,47
ENG-Premier League,2425,Brighton,Diego Gómez,PAR,MF,21,2003,5.7,243,302,80.5,3715,931,138,159,86.8,84,100,84.0,14,25,56.0,0,0.7,1.2,-0.7,8,14,7,1,27
ENG-Premier League,2425,Brighton,Eiran Cashin,IRL,DF,22,2001,0.2,23,28,82.1,407,196,9,10,90.0,13,13,100.0,1,5,20.0,0,0.0,0.0,0.0,0,5,0,0,6
ENG-Premier League,2425,Brighton,Evan Ferguson,IRL,FW,19,2004,2.7,43,58,74.1,484,44,31,36,86.1,8,11,72.7,1,4,25.0,0,0.4,0.4,-0.4,3,1,0,0,1
ENG-Premier League,2425,Brighton,Ferdi Kadioglu,TUR,"DF,MF",24,1999,4.3,144,175,82.3,2372,698,73,82,89.0,61,74,82.4,9,14,64.3,0,0.2,0.3,-0.2,5,10,9,4,15
ENG-Premier League,2425,Brighton,Georginio Rutter,FRA,"MF,FW",22,2002,18.4,237,355,66.8,3344,1174,144,187,77.0,74,111,66.7,10,16,62.5,3,2.5,1.7,0.5,19,30,16,1,67
ENG-Premier League,2425,Brighton,Harry Howell,ENG,FW,15,2008,0.1,8,9,88.9,100,8,4,4,100.0,3,4,75.0,0,0,,0,0.0,0.1,0.0,0,0,0,0,0
ENG-Premier League,2425,Brighton,Igor,BRA,DF,26,1998,10.7,671,730,91.9,12145,3851,262,271,96.7,364,384,94.8,42,59,71.2,0,0.2,0.3,-0.2,2,39,2,1,49
ENG-Premier League,2425,Brighton,Jack Hinshelwood,ENG,"MF,DF",19,2005,20.5,870,1046,83.2,13114,3047,510,562,90.7,280,333,84.1,56,107,52.3,2,1.5,1.5,0.5,17,36,9,2,68
ENG-Premier League,2425,Brighton,Jakub Moder,POL,MF,25,1999,0.1,18,22,81.8,254,82,10,14,71.4,8,8,100.0,0,0,,0,0.2,0.5,-0.2,3,0,1,1,4
ENG-Premier League,2425,Brighton,James Milner,ENG,MF,38,1986,1.9,55,74,74.3,899,347,26,28,92.9,23,30,76.7,4,11,36.4,0,0.2,0.2,-0.2,4,3,1,1,10
ENG-Premier League,2425,Brighton,Jan Paul van Hecke,NED,DF,24,2000,32.9,2016,2286,88.2,39486,15217,703,752,93.5,1077,1156,93.2,219,334,65.6,1,1.5,1.4,-0.5,15,226,17,4,228
ENG-Premier League,2425,Brighton,Jason Steele,ENG,GK,33,1990,2.0,101,112,90.2,2321,1556,21,21,100.0,63,65,96.9,17,26,65.4,0,0.0,0.0,0.0,0,0,0,0,0
ENG-Premier League,2425,Brighton,Jeremy Sarmiento,ECU,MF,22,2002,0.1,6,6,100.0,74,1,4,4,100.0,2,2,100.0,0,0,,0,0.0,0.0,0.0,0,0,0,0,0
ENG-Premier League,2425,Brighton,João Pedro,BRA,"FW,MF",22,2001,21.6,482,661,72.9,6847,1766,300,381,78.7,133,177,75.1,29,44,65.9,6,5.0,3.1,1.0,30,42,36,5,78
ENG-Premier League,2425,Brighton,Joël Veltman,NED,DF,32,1992,18.9,745,929,80.2,12563,3243,365,406,89.9,307,380,80.8,63,99,63.6,0,0.5,1.3,-0.5,6,66,9,5,85
ENG-Premier League,2425,Brighton,Julio Enciso,PAR,"MF,FW",20,2004,3.3,99,150,66.0,1464,392,61,75,81.3,29,40,72.5,5,22,22.7,0,0.2,0.3,-0.2,5,13,4,1,14
ENG-Premier League,2425,Brighton,Kaoru Mitoma,JPN,"FW,MF",27,1997,28.9,749,988,75.8,9777,2226,505,579,87.2,189,265,71.3,23,52,44.2,4,4.6,4.0,-0.6,37,36,36,8,89
ENG-Premier League,2425,Brighton,Lewis Dunk,ENG,DF,32,1991,23.1,1778,1953,91.0,32940,10612,668,693,96.4,954,1002,95.2,143,228,62.7,0,0.5,1.0,-0.5,6,157,6,0,142
ENG-Premier League,2425,Brighton,Mats Wieffer,NED,"DF,MF",24,1999,11.3,594,698,85.1,9762,2650,286,317,90.2,258,298,86.6,38,50,76.0,3,1.6,1.0,1.4,16,53,9,2,62
ENG-Premier League,2425,Brighton,Matt O'Riley,DEN,MF,23,2000,10.4,316,413,76.5,5018,1362,161,182,88.5,108,133,81.2,30,63,47.6,2,2.4,2.0,-0.4,21,30,8,1,38
ENG-Premier League,2425,Brighton,Pervis Estupiñán,ECU,DF,26,1998,26.7,1338,1610,83.1,20347,6261,782,839,93.2,451,540,83.5,74,158,46.8,1,2.1,2.5,-1.1,26,105,34,18,132
ENG-Premier League,2425,Brighton,Simon Adingra,CIV,"FW,MF",22,2002,12.2,290,382,75.9,4148,820,187,217,86.2,81,109,74.3,16,29,55.2,2,2.5,2.8,-0.5,16,5,17,6,18
ENG-Premier League,2425,Brighton,Solly March,ENG,"FW,MF",30,1994,1.9,60,95,63.2,990,222,35,40,87.5,16,28,57.1,7,18,38.9,0,0.3,0.3,-0.3,3,2,4,4,2
ENG-Premier League,2425,Brighton,Tariq Lamptey,GHA,DF,23,2000,9.6,335,413,81.1,5168,1326,185,199,93.0,128,162,79.0,19,40,47.5,2,0.8,0.8,1.2,5,12,6,5,14
ENG-Premier League,2425,Brighton,Yankuba Minteh,GAM,"FW,MF",20,2004,20.4,348,557,62.5,5531,1843,200,257,77.8,107,172,62.2,31,67,46.3,4,5.0,5.0,-1.0,29,14,36,9,48
ENG-Premier League,2425,Brighton,Yasin Ayari,SWE,MF,20,2003,21.8,793,973,81.5,11915,3328,465,509,91.4,269,319,84.3,40,98,40.8,1,2.3,2.6,-1.3,30,55,18,4,75
ENG-Premier League,2425,Chelsea,Axel Disasi,FRA,DF,26,1998,4.0,266,293,90.8,4218,1367,136,144,94.4,117,126,92.9,9,13,69.2,0,0.1,0.1,-0.1,2,20,2,0,16
ENG-Premier League,2425,Chelsea,Benoît Badiashile,FRA,DF,23,2001,3.7,273,304,89.8,4820,1473,111,119,93.3,135,144,93.8,21,32,65.6,0,0.0,0.1,0.0,0,37,1,0,17
ENG-Premier League,2425,Chelsea,Christopher Nkunku,FRA,FW,26,1997,10.2,299,334,89.5,3928,760,185,202,91.6,95,103,92.2,6,6,100.0,2,2.1,1.0,-0.1,14,26,7,0,25
ENG-Premier League,2425,Chelsea,Cole Palmer,ENG,"MF,FW",22,2002,35.5,1140,1480,77.0,21582,5611,470,546,86.1,470,555,84.7,173,289,59.9,8,10.9,9.1,-2.9,87,163,64,17,214
ENG-Premier League,2425,Chelsea,Enzo Fernández,ARG,MF,23,2001,32.7,1518,1900,79.9,26776,7512,700,789,88.7,626,737,84.9,157,273,57.5,7,6.8,6.2,0.2,77,167,41,7,212
ENG-Premier League,2425,Chelsea,Filip Jørgensen,DEN,GK,22,2002,6.0,158,189,83.6,2843,1649,64,64,100.0,79,81,97.5,11,40,27.5,0,0.0,0.0,0.0,0,1,0,0,0
ENG-Premier League,2425,Chelsea,Jadon Sancho,ENG,FW,24,2000,19.6,663,803,82.6,8932,2093,416,465,89.5,208,250,83.2,14,27,51.9,4,3.7,3.1,0.3,38,28,48,0,90
ENG-Premier League,2425,Chelsea,Joshua Acheampong,ENG,DF,18,2006,1.9,104,124,83.9,2025,705,29,32,90.6,63,68,92.6,11,20,55.0,0,0.0,0.0,0.0,0,6,0,0,8
ENG-Premier League,2425,Chelsea,João Félix,POR,"FW,MF",24,1999,4.1,171,199,85.9,2588,663,95,105,90.5,62,68,91.2,10,15,66.7,1,1.0,0.5,0.0,6,22,8,0,26
ENG-Premier League,2425,Chelsea,Kiernan Dewsbury-Hall,ENG,"MF,FW",25,1998,2.9,127,152,83.6,1898,319,75,82,91.5,47,56,83.9,5,10,50.0,1,1.1,0.2,-0.1,3,12,3,0,14
ENG-Premier League,2425,Chelsea,Levi Colwill,ENG,DF,21,2003,35.0,2338,2619,89.3,42476,14955,813,880,92.4,1357,1426,95.2,142,253,56.1,1,1.1,1.2,-0.1,14,148,7,3,131
ENG-Premier League,2425,Chelsea,Malo Gusto,FRA,DF,21,2003,20.7,1198,1385,86.5,19538,4892,585,628,93.2,517,585,88.4,68,112,60.7,1,1.4,1.9,-0.4,22,111,19,7,119
ENG-Premier League,2425,Chelsea,Marc Cucurella,ESP,DF,26,1998,33.2,1680,1916,87.7,26450,7598,841,895,94.0,737,824,89.4,69,123,56.1,1,2.1,2.4,-1.1,19,121,12,3,118
ENG-Premier League,2425,Chelsea,Marc Guiu,ESP,FW,18,2006,0.8,11,16,68.8,110,4,9,13,69.2,1,2,50.0,0,0,,0,0.0,0.0,0.0,1,0,0,0,0
ENG-Premier League,2425,Chelsea,Mathis Amougou,FRA,MF,18,2006,0.1,7,7,100.0,69,30,6,6,100.0,1,1,100.0,0,0,,0,0.0,0.0,0.0,0,2,0,0,1
ENG-Premier League,2425,Chelsea,Moisés Caicedo,ECU,"MF,DF",22,2001,37.2,1967,2194,89.7,33834,8949,893,964,92.6,878,951,92.3,159,208,76.4,2,3.0,2.8,-1.0,30,235,34,2,215
ENG-Premier League,2425,Chelsea,Mykhailo Mudryk,UKR,FW,23,2001,1.7,28,42,66.7,431,165,17,24,70.8,10,15,66.7,1,2,50.0,0,1.0,0.5,-1.0,2,2,2,1,5
ENG-Premier League,2425,Chelsea,Nicolas Jackson,SEN,FW,23,2001,24.7,303,399,75.9,4088,884,182,223,81.6,92,118,78.0,9,15,60.0,5,4.3,1.9,0.7,28,22,10,1,38
ENG-Premier League,2425,Chelsea,Noni Madueke,ENG,FW,22,2002,22.6,530,685,77.4,7705,1853,325,377,86.2,164,215,76.3,22,41,53.7,3,4.2,3.2,-1.2,32,16,35,8,69
ENG-Premier League,2425,Chelsea,Pedro Neto,POR,FW,24,2000,25.2,702,895,78.4,11347,2418,347,373,93.0,267,326,81.9,60,127,47.2,6,6.7,4.8,-0.7,46,30,37,23,60
ENG-Premier League,2425,Chelsea,Reece James,ENG,"DF,MF",24,1999,11.8,717,854,84.0,12618,4375,333,357,93.3,317,355,89.3,57,116,49.1,1,0.7,1.2,0.3,11,80,5,1,64
ENG-Premier League,2425,Chelsea,Renato Veiga,POR,"DF,MF",21,2003,2.0,118,139,84.9,2171,435,45,51,88.2,55,61,90.2,13,21,61.9,0,0.0,0.2,0.0,0,6,1,0,7
ENG-Premier League,2425,Chelsea,Robert Sánchez,ESP,GK,26,1997,32.0,871,1249,69.7,21022,13967,208,209,99.5,458,474,96.6,201,553,36.3,0,0.1,0.0,-0.1,2,26,1,0,1
ENG-Premier League,2425,Chelsea,Roméo Lavia,BEL,MF,20,2004,8.9,389,424,91.7,6552,1692,179,195,91.8,184,194,94.8,21,25,84.0,1,0.7,0.4,0.3,7,49,3,0,31
ENG-Premier League,2425,Chelsea,Shumaira Mheuka,ENG,MF,16,2007,0.0,0,0,,0,0,0,0,,0,0,,0,0,,0,0.0,0.0,0.0,0,0,0,0,0
ENG-Premier League,2425,Chelsea,Tosin Adarabioyo,ENG,DF,26,1997,15.7,1079,1184,91.1,19805,7144,406,425,95.5,603,636,94.8,66,109,60.6,1,0.2,0.2,0.8,1,62,1,0,42
ENG-Premier League,2425,Chelsea,Trevoh Chalobah,ENG,DF,25,1999,10.1,609,677,90.0,10527,3326,267,281,95.0,300,314,95.5,38,72,52.8,1,1.2,0.3,-0.2,3,42,3,0,37
ENG-Premier League,2425,Chelsea,Tyrique George,ENG,FW,18,2006,2.0,43,54,79.6,551,85,24,27,88.9,16,19,84.2,0,3,0.0,1,0.7,0.3,0.3,6,0,1,0,3
ENG-Premier League,2425,Chelsea,Wesley Fofana,FRA,DF,23,2000,13.0,724,803,90.2,12262,3415,306,326,93.9,385,416,92.5,26,42,61.9,0,0.4,0.2,-0.4,6,54,1,0,32
ENG-Premier League,2425,Crystal Palace,Adam Wharton,ENG,MF,20,2004,14.6,548,725,75.6,10271,3780,208,252,82.5,258,322,80.1,70,107,65.4,2,3.0,2.2,-1.0,26,78,18,5,107
ENG-Premier League,2425,Crystal Palace,Asher Agbinone,ENG,MF,18,2005,0.1,2,3,66.7,32,0,1,1,100.0,1,2,50.0,0,0,,0,0.0,0.0,0.0,1,0,0,0,0
ENG-Premier League,2425,Crystal Palace,Ben Chilwell,ENG,DF,27,1996,2.9,92,125,73.6,1512,497,48,55,87.3,36,45,80.0,6,18,33.3,0,0.8,0.9,-0.8,5,7,3,0,8
ENG-Premier League,2425,Crystal Palace,Caleb Kporha,ENG,DF,18,2006,0.1,5,7,71.4,72,21,4,4,100.0,0,2,0.0,1,1,100.0,0,0.0,0.0,0.0,0,0,1,1,0
ENG-Premier League,2425,Crystal Palace,Chadi Riad,MAR,DF,21,2003,1.0,70,82,85.4,1411,568,24,28,85.7,38,41,92.7,8,13,61.5,0,0.0,0.0,0.0,0,8,1,0,7
ENG-Premier League,2425,Crystal Palace,Cheick Doucouré,MLI,MF,24,2000,5.0,174,204,85.3,2909,823,84,94,89.4,70,78,89.7,16,20,80.0,0,0.0,0.1,0.0,1,17,3,0,19
ENG-Premier League,2425,Crystal Palace,Chris Richards,USA,DF,24,2000,21.4,684,857,79.8,12185,4230,276,312,88.5,340,384,88.5,56,123,45.5,0,0.1,0.6,-0.1,2,23,1,1,39
ENG-Premier League,2425,Crystal Palace,Daichi Kamada,JPN,MF,27,1996,17.4,603,752,80.2,9772,2644,317,360,88.1,233,280,83.2,38,62,61.3,0,1.9,1.6,-1.9,20,48,14,3,89
ENG-Premier League,2425,Crystal Palace,Daniel Muñoz,COL,DF,28,1996,35.9,1129,1492,75.7,17091,5219,645,753,85.7,414,538,77.0,48,108,44.4,5,5.5,3.6,-0.5,46,59,35,15,97
ENG-Premier League,2425,Crystal Palace,Dean Henderson,ENG,GK,27,1997,38.0,745,1216,61.3,20401,13551,180,181,99.4,350,353,99.2,211,677,31.2,0,0.2,0.1,-0.2,3,23,1,0,0
ENG-Premier League,2425,Crystal Palace,Eberechi Eze,ENG,"MF,FW",26,1998,28.8,777,1047,74.2,13226,3540,380,449,84.6,299,365,81.9,77,168,45.8,8,6.2,4.7,1.8,58,49,39,4,97
ENG-Premier League,2425,Crystal Palace,Eddie Nketiah,ENG,"FW,MF",25,1999,11.5,179,241,74.3,2722,563,95,120,79.2,60,75,80.0,14,20,70.0,1,1.7,0.9,-0.7,13,11,5,0,19
ENG-Premier League,2425,Crystal Palace,Ismaila Sarr,SEN,MF,26,1998,30.1,490,742,66.0,7257,2202,265,359,73.8,183,257,71.2,22,50,44.0,6,8.5,6.7,-2.5,44,28,42,9,85
ENG-Premier League,2425,Crystal Palace,Jean-Philippe Mateta,FRA,FW,27,1997,29.4,291,447,65.1,3849,1016,176,232,75.9,83,130,63.8,7,23,30.4,2,3.2,2.3,-1.2,29,34,16,2,52
ENG-Premier League,2425,Crystal Palace,Jefferson Lerma,COL,"MF,DF",29,1994,25.3,844,1121,75.3,14709,5135,395,457,86.4,349,426,81.9,79,178,44.4,1,1.6,1.7,-0.6,10,87,18,2,97
ENG-Premier League,2425,Crystal Palace,Jeffrey Schlupp,GHA,"MF,DF",31,1992,1.1,39,50,78.0,591,144,16,19,84.2,18,23,78.3,2,4,50.0,0,0.2,0.1,-0.2,3,4,2,0,5
ENG-Premier League,2425,Crystal Palace,Joachim Andersen,DEN,DF,28,1996,1.0,61,83,73.5,1227,526,19,21,90.5,31,37,83.8,9,21,42.9,0,0.0,0.0,0.0,0,9,1,0,4
ENG-Premier League,2425,Crystal Palace,Joel Ward,ENG,DF,34,1989,0.8,14,24,58.3,306,77,4,7,57.1,8,10,80.0,2,6,33.3,0,0.0,0.0,0.0,1,0,0,0,1
ENG-Premier League,2425,Crystal Palace,Jordan Ayew,GHA,"FW,MF",32,1991,0.2,8,10,80.0,167,4,3,3,100.0,4,6,66.7,1,1,100.0,0,0.0,0.0,0.0,1,0,0,0,0
ENG-Premier League,2425,Crystal Palace,Justin Devenny,NIR,MF,20,2003,5.6,148,205,72.2,2433,730,77,95,81.1,51,71,71.8,14,29,48.3,1,0.6,0.4,0.4,7,22,4,1,21
ENG-Premier League,2425,Crystal Palace,Marc Guéhi,ENG,DF,24,2000,34.0,1473,1765,83.5,28093,11512,549,605,90.7,760,854,89.0,152,274,55.5,2,1.8,2.0,0.2,16,133,11,3,134
ENG-Premier League,2425,Crystal Palace,Matheus França,BRA,"MF,FW",20,2004,0.6,10,17,58.8,155,75,6,7,85.7,4,6,66.7,0,0,,0,0.0,0.2,0.0,0,1,0,0,3
ENG-Premier League,2425,Crystal Palace,Maxence Lacroix,FRA,DF,24,2000,34.6,1207,1477,81.7,24841,9717,316,370,85.4,748,826,90.6,136,249,54.6,1,1.0,1.0,0.0,8,71,4,2,65
ENG-Premier League,2425,Crystal Palace,Nathaniel Clyne,ENG,"DF,MF",33,1991,5.4,171,225,76.0,3113,1102,72,89,80.9,84,95,88.4,14,30,46.7,0,0.3,0.2,-0.3,3,16,2,1,7
ENG-Premier League,2425,Crystal Palace,Odsonne Édouard,FRA,"MF,FW",26,1998,1.3,17,28,60.7,230,46,11,16,68.8,4,7,57.1,1,1,100.0,0,0.0,0.0,0.0,1,2,0,0,4
ENG-Premier League,2425,Crystal Palace,Romain Esse,ENG,MF,19,2005,1.5,32,42,76.2,475,202,20,23,87.0,10,14,71.4,2,4,50.0,1,0.4,0.4,0.6,3,2,1,0,7
ENG-Premier League,2425,Crystal Palace,Trevoh Chalobah,ENG,DF,25,1999,11.8,349,442,79.0,6831,2195,125,141,88.7,178,209,85.2,42,82,51.2,0,0.4,0.3,-0.4,4,27,2,1,34
ENG-Premier League,2425,Crystal Palace,Tyrick Mitchell,ENG,DF,24,1999,34.4,976,1355,72.0,15688,5986,509,600,84.8,383,512,74.8,61,147,41.5,5,6.4,3.7,-1.4,41,51,33,16,70
ENG-Premier League,2425,Crystal Palace,Will Hughes,ENG,MF,29,1995,23.4,737,970,76.0,11688,4132,373,424,88.0,288,349,82.5,48,129,37.2,3,3.1,2.6,-0.1,33,76,15,3,87
ENG-Premier League,2425,Everton,Abdoulaye Doucouré,MLI,MF,31,1993,28.5,725,903,80.3,10909,2254,382,446,85.7,263,316,83.2,44,60,73.3,2,2.4,1.4,-0.4,28,44,15,0,82
ENG-Premier League,2425,Everton,Armando Broja,ALB,FW,22,2001,3.7,53,73,72.6,594,101,35,45,77.8,10,12,83.3,2,3,66.7,0,0.2,0.1,-0.2,4,3,0,0,2
ENG-Premier League,2425,Everton,Ashley Young,ENG,DF,39,1985,20.8,708,999,70.9,13051,5809,337,380,88.7,272,357,76.2,92,214,43.0,3,2.3,2.9,0.7,26,78,25,14,90
ENG-Premier League,2425,Everton,Beto,GNB,FW,26,1998,17.0,156,268,58.2,2060,282,92,137,67.2,44,83,53.0,7,9,77.8,0,1.2,0.5,-1.2,12,7,8,1,16
ENG-Premier League,2425,Everton,Carlos Alcaraz,ARG,"FW,MF",21,2002,8.5,224,278,80.6,3963,1007,96,112,85.7,95,107,88.8,24,37,64.9,3,1.6,0.7,1.4,13,20,18,3,42
ENG-Premier League,2425,Everton,Dominic Calvert-Lewin,ENG,FW,27,1997,17.9,181,289,62.6,2113,498,130,187,69.5,37,63,58.7,3,8,37.5,1,0.6,0.7,0.4,7,20,5,1,20
ENG-Premier League,2425,Everton,Dwight McNeil,ENG,"MF,FW",24,1999,15.2,461,619,74.5,8501,2790,215,246,87.4,165,200,82.5,70,136,51.5,6,5.2,4.3,0.8,37,40,36,10,69
ENG-Premier League,2425,Everton,Harrison Armstrong,ENG,MF,17,2007,0.5,7,15,46.7,149,15,3,4,75.0,2,5,40.0,2,4,50.0,0,0.1,0.0,-0.1,1,1,0,0,1
ENG-Premier League,2425,Everton,Idrissa Gana Gueye,SEN,MF,34,1989,34.0,1230,1422,86.5,20779,5681,607,667,91.0,499,552,90.4,104,144,72.2,3,1.7,2.0,1.3,19,154,10,3,145
ENG-Premier League,2425,Everton,Iliman Ndiaye,SEN,FW,24,2000,27.0,602,736,81.8,9038,1875,349,402,86.8,200,230,87.0,38,55,69.1,0,1.9,1.4,-1.9,18,42,14,5,59
ENG-Premier League,2425,Everton,Jack Harrison,ENG,FW,27,1996,23.1,414,659,62.8,6596,2477,239,295,81.0,122,182,67.0,36,108,33.3,0,3.7,3.1,-3.7,33,28,25,11,51
ENG-Premier League,2425,Everton,Jake O'Brien,IRL,DF,23,2001,17.5,577,725,79.6,10580,3946,245,274,89.4,260,317,82.0,63,98,64.3,0,0.6,0.3,-0.6,6,41,8,5,50
ENG-Premier League,2425,Everton,James Garner,ENG,"MF,DF",23,2001,17.7,611,803,76.1,10658,3158,268,309,86.7,270,326,82.8,59,120,49.2,1,1.4,1.4,-0.4,13,60,7,4,50
ENG-Premier League,2425,Everton,James Tarkowski,ENG,DF,31,1992,32.5,1045,1290,81.0,22119,8229,337,399,84.5,525,571,91.9,173,276,62.7,1,2.9,2.4,-1.9,16,83,11,0,75
ENG-Premier League,2425,Everton,Jarrad Branthwaite,ENG,DF,22,2002,27.9,984,1198,82.1,19285,7699,368,409,90.0,488,539,90.5,121,218,55.5,1,0.7,0.6,0.3,3,86,3,0,66
ENG-Premier League,2425,Everton,Jesper Lindstrøm,DEN,FW,24,2000,13.8,297,428,69.4,4593,1335,194,225,86.2,65,99,65.7,29,65,44.6,1,2.0,2.0,-1.0,19,18,12,7,25
ENG-Premier League,2425,Everton,Jordan Pickford,ENG,GK,30,1994,38.0,1057,1595,66.3,33692,25121,152,153,99.3,459,466,98.5,445,966,46.1,1,0.4,0.2,0.6,2,74,8,0,0
ENG-Premier League,2425,Everton,Mason Holgate,JAM,"FW,DF",27,1996,0.1,2,2,100.0,55,0,0,0,,1,1,100.0,1,1,100.0,0,0.0,0.0,0.0,0,0,0,0,0
ENG-Premier League,2425,Everton,Michael Keane,ENG,DF,31,1993,11.7,312,377,82.8,7049,2396,96,108,88.9,146,160,91.3,67,89,75.3,0,0.1,0.0,-0.1,2,21,0,0,14
ENG-Premier League,2425,Everton,Nathan Patterson,SCO,DF,22,2001,3.9,130,176,73.9,2272,806,65,72,90.3,52,75,69.3,12,24,50.0,1,0.4,0.4,0.6,4,9,5,3,13
ENG-Premier League,2425,Everton,Orel Mangala,BEL,MF,26,1998,14.0,437,490,89.2,6998,1567,219,242,90.5,187,197,94.9,23,30,76.7,0,0.6,0.6,-0.6,8,50,8,1,34
ENG-Premier League,2425,Everton,Roman Dixon,ENG,DF,19,2004,1.0,11,19,57.9,205,111,6,8,75.0,4,8,50.0,1,3,33.3,0,0.0,0.0,0.0,0,3,0,0,0
ENG-Premier League,2425,Everton,Séamus Coleman,IRL,DF,35,1988,2.4,74,98,75.5,1299,642,36,38,94.7,27,34,79.4,8,19,42.1,0,0.0,0.0,0.0,0,8,2,0,11
ENG-Premier League,2425,Everton,Tim Iroegbunam,ENG,MF,21,2003,6.4,115,158,72.8,1921,621,54,73,74.0,42,50,84.0,14,20,70.0,1,0.2,0.1,0.8,3,10,1,0,15
ENG-Premier League,2425,Everton,Vitaliy Mykolenko,UKR,DF,25,1999,34.2,986,1322,74.6,16470,6579,510,571,89.3,369,500,73.8,87,193,45.1,2,2.6,2.2,-0.6,24,102,40,24,110
ENG-Premier League,2425,Everton,Youssef Chermiti,POR,"FW,MF",20,2004,0.5,6,11,54.5,78,14,4,7,57.1,0,1,0.0,1,1,100.0,0,0.0,0.0,0.0,0,1,0,0,1
ENG-Premier League,2425,Fulham,Adama Traoré,ESP,"FW,MF",28,1996,19.7,424,587,72.2,6645,1683,236,286,82.5,143,194,73.7,30,54,55.6,7,4.9,4.5,2.1,42,36,38,22,68
ENG-Premier League,2425,Fulham,Alex Iwobi,NGA,"FW,MF",28,1996,33.1,1150,1532,75.1,19530,5723,582,671,86.7,448,574,78.0,98,184,53.3,6,7.0,7.0,-1.0,59,115,86,19,213
ENG-Premier League,2425,Fulham,Andreas Pereira,BRA,MF,28,1996,22.4,670,970,69.1,12139,3902,310,371,83.6,258,326,79.1,89,218,40.8,4,4.6,4.6,-0.6,57,67,19,4,104
ENG-Premier League,2425,Fulham,Antonee Robinson,USA,DF,26,1997,35.2,1595,2076,76.8,27385,10017,763,881,86.6,678,853,79.5,134,239,56.1,10,4.2,4.1,5.8,43,115,56,29,131
ENG-Premier League,2425,Fulham,Bernd Leno,GER,GK,32,1992,38.0,1149,1404,81.8,28206,16978,227,228,99.6,683,691,98.8,227,471,48.2,1,0.1,0.1,0.9,2,16,2,0,0
ENG-Premier League,2425,Fulham,Calvin Bassey,NGA,DF,24,1999,34.2,1934,2155,89.7,34171,11961,821,862,95.2,941,1003,93.8,140,228,61.4,0,0.1,0.4,-0.1,3,152,3,0,116
ENG-Premier League,2425,Fulham,Carlos Vinícius,BRA,"MF,FW",29,1995,0.2,1,3,33.3,14,0,1,2,50.0,0,0,,0,0,,0,0.0,0.0,0.0,0,0,0,0,0
ENG-Premier League,2425,Fulham,Emile Smith Rowe,ENG,MF,24,2000,22.7,922,1023,90.1,13141,2429,548,592,92.6,330,348,94.8,21,29,72.4,3,1.4,2.0,1.6,24,80,15,1,126
ENG-Premier League,2425,Fulham,Harrison Reed,ENG,MF,29,1995,1.2,39,55,70.9,550,138,21,24,87.5,13,17,76.5,2,5,40.0,0,0.1,0.1,-0.1,1,1,1,0,4
ENG-Premier League,2425,Fulham,Harry Wilson,WAL,"FW,MF",27,1997,12.9,326,445,73.3,5413,1378,171,200,85.5,121,156,77.6,29,71,40.8,1,1.1,1.2,-0.1,20,26,15,1,51
ENG-Premier League,2425,Fulham,Issa Diop,FRA,DF,27,1997,14.9,663,758,87.5,12350,4179,233,252,92.5,379,408,92.9,46,87,52.9,0,0.1,0.1,-0.1,3,43,1,0,25
ENG-Premier League,2425,Fulham,Jay Stansfield,ENG,MF,21,2002,0.0,0,0,,0,0,0,0,,0,0,,0,0,,0,0.0,0.0,0.0,0,0,0,0,0
ENG-Premier League,2425,Fulham,Joachim Andersen,DEN,DF,28,1996,28.7,1654,2000,82.7,36471,14436,456,497,91.8,918,985,93.2,269,487,55.2,0,0.5,0.5,-0.5,4,196,6,3,112
ENG-Premier League,2425,Fulham,Jorge Cuenca,ESP,DF,24,1999,3.9,145,173,83.8,2483,858,51,56,91.1,83,93,89.2,7,20,35.0,0,0.0,0.0,0.0,0,7,0,0,10
ENG-Premier League,2425,Fulham,Joshua King,ENG,MF,17,2007,1.4,54,64,84.4,928,172,29,32,90.6,21,24,87.5,3,4,75.0,0,0.4,0.7,-0.4,3,5,2,0,9
ENG-Premier League,2425,Fulham,Kenny Tete,NED,DF,28,1995,19.7,772,956,80.8,12358,4026,405,443,91.4,285,353,80.7,61,108,56.5,2,0.9,0.7,1.1,9,65,13,6,63
ENG-Premier League,2425,Fulham,Martial Godo,ENG,"FW,DF",21,2003,0.3,12,17,70.6,214,53,6,8,75.0,5,5,100.0,1,2,50.0,0,0.1,0.1,-0.1,1,0,3,0,3
ENG-Premier League,2425,Fulham,Raúl Jiménez,MEX,FW,33,1991,27.7,458,643,71.2,6916,1618,265,326,81.3,138,188,73.4,33,55,60.0,3,3.3,2.1,-0.3,24,41,14,3,62
ENG-Premier League,2425,Fulham,Reiss Nelson,ENG,FW,24,1999,5.4,232,268,86.6,3429,761,136,147,92.5,77,91,84.6,12,19,63.2,1,1.0,1.0,0.0,13,7,15,3,35
ENG-Premier League,2425,Fulham,Rodrigo Muniz,BRA,FW,23,2001,10.7,92,142,64.8,1540,528,46,68,67.6,31,45,68.9,11,13,84.6,1,0.7,0.2,0.3,7,13,3,0,27
ENG-Premier League,2425,Fulham,Ryan Sessegnon,ENG,"FW,DF",24,2000,6.4,189,241,78.4,2728,859,118,136,86.8,58,73,79.5,8,13,61.5,2,1.1,1.1,0.9,12,18,7,2,22
ENG-Premier League,2425,Fulham,Sander Berge,NOR,MF,26,1998,24.7,1091,1193,91.5,19377,4626,452,491,92.1,526,557,94.4,96,115,83.5,0,0.6,0.6,-0.6,18,116,5,0,124
ENG-Premier League,2425,Fulham,Saša Lukić,SRB,MF,27,1996,26.0,1100,1260,87.3,18730,4635,519,565,91.9,477,521,91.6,91,129,70.5,2,2.7,1.4,-0.7,26,104,17,7,98
ENG-Premier League,2425,Fulham,Timothy Castagne,BEL,DF,28,1995,18.3,780,953,81.8,12441,3910,397,442,89.8,328,382,85.9,37,75,49.3,1,1.2,0.6,-0.2,9,51,5,3,62
ENG-Premier League,2425,Fulham,Tom Cairney,SCO,MF,33,1991,7.0,569,627,90.7,9151,1910,316,336,94.0,206,223,92.4,42,54,77.8,0,1.1,1.2,-1.1,11,53,7,3,53
ENG-Premier League,2425,Fulham,Willian,BRA,"FW,MF",35,1988,2.9,178,208,85.6,3198,855,86,91,94.5,75,88,85.2,17,23,73.9,0,0.5,0.7,-0.5,7,19,10,2,40
ENG-Premier League,2425,Ipswich Town,Alex Palmer,ENG,GK,27,1996,13.0,299,423,70.7,8545,6103,60,62,96.8,142,142,100.0,96,218,44.0,0,0.0,0.0,0.0,1,8,0,0,1
ENG-Premier League,2425,Ipswich Town,Ali Al Hamadi,IRQ,FW,22,2002,1.5,25,30,83.3,278,29,20,23,87.0,5,7,71.4,0,0,,0,0.1,0.0,-0.1,2,0,0,0,3
ENG-Premier League,2425,Ipswich Town,Arijanet Muric,KVX,GK,25,1998,18.0,454,633,71.7,11705,8247,122,122,100.0,215,221,97.3,115,283,40.6,0,0.0,0.0,0.0,0,14,0,0,1
ENG-Premier League,2425,Ipswich Town,Axel Tuanzebe,COD,DF,26,1997,19.0,682,814,83.8,10396,4020,380,416,91.3,260,314,82.8,28,49,57.1,1,0.3,0.3,0.7,5,63,6,1,61
ENG-Premier League,2425,Ipswich Town,Ben Godfrey,ENG,DF,26,1998,1.8,47,57,82.5,657,255,30,33,90.9,16,18,88.9,0,0,,0,0.0,0.0,0.0,0,5,1,0,4
ENG-Premier League,2425,Ipswich Town,Ben Johnson,ENG,"DF,FW",24,2000,15.0,298,416,71.6,4835,2045,170,197,86.3,101,135,74.8,24,49,49.0,2,1.3,0.9,0.7,12,22,3,2,27
ENG-Premier League,2425,Ipswich Town,Cameron Burgess,AUS,DF,28,1995,17.1,626,774,80.9,11461,5485,259,285,90.9,295,340,86.8,64,127,50.4,2,0.5,0.4,1.5,7,47,4,0,42
ENG-Premier League,2425,Ipswich Town,Chiedozie Ogbene,IRL,FW,27,1997,2.6,32,43,74.4,415,27,20,24,83.3,8,10,80.0,1,1,100.0,0,0.1,0.0,-0.1,2,0,0,0,0
ENG-Premier League,2425,Ipswich Town,Christian Walton,ENG,GK,28,1995,7.0,177,255,69.4,4784,3409,49,49,100.0,80,82,97.6,48,124,38.7,0,0.0,0.0,0.0,1,3,0,0,0
ENG-Premier League,2425,Ipswich Town,Conor Chaplin,ENG,"MF,FW",27,1997,9.5,235,319,73.7,3800,927,112,140,80.0,104,127,81.9,11,27,40.7,1,0.7,0.6,0.3,8,21,7,2,29
ENG-Premier League,2425,Ipswich Town,Conor Townsend,ENG,DF,31,1993,3.7,80,127,63.0,1418,756,32,39,82.1,41,55,74.5,7,24,29.2,1,0.7,0.2,0.3,4,7,2,2,8
ENG-Premier League,2425,Ipswich Town,Dara O'Shea,IRL,DF,25,1999,34.7,1234,1579,78.2,24503,10549,395,453,87.2,694,811,85.6,133,270,49.3,2,0.5,0.7,1.5,3,89,4,1,80
ENG-Premier League,2425,Ipswich Town,George Edmundson,ENG,DF,26,1997,0.0,1,2,50.0,9,0,1,1,100.0,0,0,,0,0,,0,0.0,0.0,0.0,0,0,0,0,0
ENG-Premier League,2425,Ipswich Town,George Hirst,SCO,FW,25,1999,7.3,69,122,56.6,785,188,49,72,68.1,13,26,50.0,1,3,33.3,1,0.3,0.3,0.7,4,1,4,0,13
ENG-Premier League,2425,Ipswich Town,Harry Clarke,ENG,DF,23,2001,4.2,190,236,80.5,3442,1226,87,95,91.6,77,88,87.5,23,40,57.5,0,0.0,0.1,0.0,1,21,1,0,14
ENG-Premier League,2425,Ipswich Town,Jack Clarke,ENG,"FW,MF",23,2000,13.1,302,393,76.8,4942,1242,151,173,87.3,131,153,85.6,16,31,51.6,4,2.3,1.2,1.7,28,27,9,0,44
ENG-Premier League,2425,Ipswich Town,Jack Taylor,IRL,MF,26,1998,9.6,349,421,82.9,6188,1673,156,177,88.1,158,180,87.8,29,48,60.4,0,0.5,0.8,-0.5,5,30,8,1,43
ENG-Premier League,2425,Ipswich Town,Jacob Greaves,ENG,DF,23,2000,24.5,962,1121,85.8,15937,6129,444,481,92.3,463,519,89.2,39,88,44.3,0,0.3,0.2,-0.3,5,75,2,0,69
ENG-Premier League,2425,Ipswich Town,Jaden Philogene Bidace,ENG,"FW,DF",22,2002,5.3,95,131,72.5,1536,414,54,64,84.4,30,41,73.2,6,12,50.0,0,0.2,0.2,-0.2,5,7,4,3,10
ENG-Premier League,2425,Ipswich Town,Jens Cajuste,SWE,MF,24,1999,21.8,647,783,82.6,10596,2229,301,338,89.1,300,352,85.2,31,61,50.8,1,0.8,0.7,0.2,13,51,6,1,59
ENG-Premier League,2425,Ipswich Town,Julio Enciso,PAR,"MF,FW",20,2004,9.7,171,248,69.0,2779,819,79,102,77.5,72,97,74.2,10,22,45.5,3,1.4,1.1,1.6,13,18,8,1,28
ENG-Premier League,2425,Ipswich Town,Kalvin Phillips,ENG,MF,28,1995,13.7,436,551,79.1,8581,2474,162,195,83.1,208,240,86.7,60,98,61.2,0,0.2,0.5,-0.2,5,49,6,1,51
ENG-Premier League,2425,Ipswich Town,Leif Davis,ENG,DF,24,2000,30.5,919,1284,71.6,15858,6353,430,499,86.2,396,509,77.8,79,213,37.1,2,4.9,4.7,-2.9,61,33,28,12,59
ENG-Premier League,2425,Ipswich Town,Liam Delap,ENG,FW,21,2003,28.8,219,357,61.3,3011,657,123,174,70.7,69,108,63.9,9,24,37.5,2,1.9,1.4,0.1,21,17,6,0,30
ENG-Premier League,2425,Ipswich Town,Luke Woolfenden,ENG,DF,25,1998,13.2,496,562,88.3,9196,3071,178,184,96.7,274,292,93.8,39,74,52.7,0,0.0,0.0,0.0,0,31,0,0,15
ENG-Premier League,2425,Ipswich Town,Marcus Harness,ENG,MF,28,1996,0.5,10,16,62.5,89,23,9,11,81.8,0,1,0.0,0,1,0.0,0,0.0,0.1,0.0,0,0,2,0,2
ENG-Premier League,2425,Ipswich Town,Massimo Luongo,AUS,MF,31,1992,2.2,50,66,75.8,722,183,30,34,88.2,15,20,75.0,3,8,37.5,0,0.0,0.0,0.0,0,1,0,0,6
ENG-Premier League,2425,Ipswich Town,Nathan Broadhead,WAL,"MF,FW",26,1998,7.8,178,228,78.1,2473,457,110,123,89.4,58,72,80.6,3,12,25.0,0,0.7,1.1,-0.7,7,12,6,0,14
ENG-Premier League,2425,Ipswich Town,Omari Hutchinson,ENG,"MF,FW",20,2003,28.7,690,885,78.0,10875,2022,353,399,88.5,283,339,83.5,38,73,52.1,2,3.5,2.5,-1.5,31,45,27,15,75
ENG-Premier League,2425,Ipswich Town,Sam Morsy,EGY,MF,32,1991,30.6,1249,1445,86.4,20142,5579,637,686,92.9,502,546,91.9,79,139,56.8,1,1.2,1.5,-0.2,24,149,17,4,120
ENG-Premier League,2425,Ipswich Town,Sammie Szmodics,IRL,"FW,MF",28,1995,11.0,149,201,74.1,2458,724,72,82,87.8,54,65,83.1,15,29,51.7,0,0.2,0.5,-0.2,5,11,4,1,19
ENG-Premier League,2425,Ipswich Town,Wes Burns,WAL,"FW,DF",29,1994,10.3,153,253,60.5,2416,597,82,102,80.4,51,78,65.4,14,36,38.9,1,1.6,1.2,-0.6,10,8,8,7,8
ENG-Premier League,2425,Leicester City,Abdul Fatawu Issahaku,GHA,FW,20,2004,6.4,123,197,62.4,2150,601,59,81,72.8,45,59,76.3,16,33,48.5,2,1.6,1.4,0.4,6,7,7,2,17
ENG-Premier League,2425,Leicester City,Bilal El Khannouss,MAR,"MF,FW",20,2004,24.2,798,1063,75.1,14413,4123,372,434,85.7,306,381,80.3,101,170,59.4,3,4.6,3.1,-1.6,42,89,31,6,128
ENG-Premier League,2425,Leicester City,Bobby De Cordova-Reid,JAM,FW,31,1993,8.3,145,206,70.4,1883,587,88,108,81.5,39,53,73.6,5,15,33.3,2,1.2,0.2,0.8,6,9,5,0,15
ENG-Premier League,2425,Leicester City,Boubakary Soumaré,FRA,MF,25,1999,24.1,1073,1234,87.0,16191,4336,581,632,91.9,414,471,87.9,42,60,70.0,0,0.4,1.0,-0.4,11,95,16,3,105
ENG-Premier League,2425,Leicester City,Caleb Okoli,ITA,DF,23,2001,12.5,559,648,86.3,9749,3849,243,266,91.4,273,301,90.7,36,65,55.4,0,0.0,0.2,0.0,0,21,1,0,32
ENG-Premier League,2425,Leicester City,Conor Coady,ENG,DF,31,1993,19.0,977,1072,91.1,17121,6371,405,418,96.9,507,523,96.9,61,112,54.5,0,0.1,0.5,-0.1,1,34,2,0,32
ENG-Premier League,2425,Leicester City,Danny Ward,WAL,GK,31,1993,1.5,41,53,77.4,1162,949,6,6,100.0,20,20,100.0,15,27,55.6,0,0.0,0.0,0.0,0,2,0,0,0
ENG-Premier League,2425,Leicester City,Facundo Buonanotte,ARG,"FW,MF",19,2004,16.9,437,572,76.4,6930,1757,236,276,85.5,150,182,82.4,35,74,47.3,2,3.1,2.3,-1.1,24,41,13,2,54
ENG-Premier League,2425,Leicester City,Hamza Choudhury,BAN,"MF,DF",26,1997,1.5,72,84,85.7,991,249,47,50,94.0,23,29,79.3,2,4,50.0,0,0.4,0.2,-0.4,2,10,1,1,3
ENG-Premier League,2425,Leicester City,Harry Winks,ENG,MF,28,1996,17.1,910,1045,87.1,14101,5048,471,511,92.2,362,397,91.2,44,76,57.9,2,1.2,1.5,0.8,17,110,7,5,101
ENG-Premier League,2425,Leicester City,Jake Evans,,FW,,,0.3,2,3,66.7,24,9,1,1,100.0,1,2,50.0,0,0,,0,0.0,0.0,0.0,0,1,0,0,0
ENG-Premier League,2425,Leicester City,Jakub Stolarczyk,POL,GK,23,2000,10.0,238,386,61.7,6215,4560,70,70,100.0,91,94,96.8,76,220,34.5,0,0.0,0.0,0.0,0,2,0,0,1
ENG-Premier League,2425,Leicester City,James Justin,ENG,DF,26,1998,32.4,1205,1541,78.2,18606,5922,625,718,87.0,497,586,84.8,48,136,35.3,2,0.8,0.8,1.2,14,76,23,8,91
ENG-Premier League,2425,Leicester City,Jamie Vardy,ENG,FW,37,1987,31.4,258,389,66.3,3776,424,141,190,74.2,86,114,75.4,15,22,68.2,4,3.0,2.6,1.0,19,11,10,1,22
ENG-Premier League,2425,Leicester City,Jannik Vestergaard,DEN,DF,31,1992,15.5,870,959,90.7,14697,5807,397,418,95.0,416,444,93.7,48,81,59.3,0,0.1,0.1,-0.1,3,34,1,0,32
ENG-Premier League,2425,Leicester City,Jeremy Monga,,"FW,MF",15,2009,1.2,18,29,62.1,215,53,13,15,86.7,5,6,83.3,0,3,0.0,0,0.0,0.0,0.0,1,2,1,0,3
ENG-Premier League,2425,Leicester City,Jordan Ayew,GHA,"FW,MF",32,1991,18.2,401,540,74.3,5942,1216,219,252,86.9,138,183,75.4,24,59,40.7,0,1.1,1.5,-1.1,16,25,14,7,46
ENG-Premier League,2425,Leicester City,Kasey McAteer,IRL,FW,22,2001,9.5,183,252,72.6,2556,613,118,140,84.3,54,72,75.0,6,12,50.0,1,0.7,0.6,0.3,9,13,6,2,14
ENG-Premier League,2425,Leicester City,Luke Thomas,ENG,DF,23,2001,12.3,493,629,78.4,8065,2702,245,267,91.8,205,251,81.7,35,82,42.7,0,0.5,0.5,-0.5,9,32,5,2,37
ENG-Premier League,2425,Leicester City,Mads Hermansen,DEN,GK,24,2000,26.5,654,1073,61.0,17066,12387,151,155,97.4,312,329,94.8,191,584,32.7,0,0.0,0.0,0.0,0,20,1,0,1
ENG-Premier League,2425,Leicester City,Michael Golding,ENG,MF,18,2006,0.0,0,0,,0,0,0,0,,0,0,,0,0,,0,0.0,0.0,0.0,0,0,0,0,0
ENG-Premier League,2425,Leicester City,Odsonne Édouard,FRA,FW,26,1998,0.3,6,8,75.0,59,5,3,4,75.0,1,1,100.0,0,0,,0,0.0,0.0,0.0,1,0,0,0,1
ENG-Premier League,2425,Leicester City,Olabade Aluko,,DF,,,0.0,3,5,60.0,39,0,2,3,66.7,1,2,50.0,0,0,,0,0.0,0.0,0.0,0,0,0,0,0
ENG-Premier League,2425,Leicester City,Oliver Skipp,ENG,MF,23,2000,12.5,419,502,83.5,6399,1568,214,247,86.6,163,178,91.6,21,36,58.3,0,0.3,0.3,-0.3,9,32,4,0,35
ENG-Premier League,2425,Leicester City,Patson Daka,ZAM,"FW,MF",25,1998,8.2,106,147,72.1,1475,257,64,80,80.0,33,45,73.3,3,3,100.0,0,0.1,0.1,-0.1,1,6,1,0,8
ENG-Premier League,2425,Leicester City,Ricardo Pereira,POR,DF,30,1993,4.3,207,248,83.5,3368,956,98,111,88.3,91,108,84.3,13,15,86.7,0,0.0,0.1,0.0,0,19,1,0,18
ENG-Premier League,2425,Leicester City,Stephy Mavididi,ENG,FW,26,1998,17.9,460,613,75.0,6191,1429,286,314,91.1,124,184,67.4,18,43,41.9,1,2.6,3.3,-1.6,22,32,26,7,57
ENG-Premier League,2425,Leicester City,Victor Bernth Kristiansen,DEN,DF,21,2002,27.6,1023,1321,77.4,16420,5859,519,581,89.3,418,524,79.8,65,157,41.4,1,1.4,1.7,-0.4,18,76,23,18,70
ENG-Premier League,2425,Leicester City,Wilfred Ndidi,NGA,MF,27,1996,25.8,839,1045,80.3,12034,3031,463,530,87.4,282,343,82.2,39,73,53.4,5,1.9,1.5,3.1,17,68,11,3,70
ENG-Premier League,2425,Leicester City,Will Alves,ENG,FW,19,2005,0.0,1,1,100.0,12,0,1,1,100.0,0,0,,0,0,,0,0.0,0.0,0.0,0,0,0,0,0
ENG-Premier League,2425,Leicester City,Wout Faes,BEL,DF,26,1998,31.3,1376,1564,88.0,25369,9014,537,569,94.4,724,763,94.9,110,204,53.9,0,0.1,0.4,-0.1,4,83,6,0,86
ENG-Premier League,2425,Leicester City,Woyo Coulibaly,MLI,DF,25,1999,1.2,48,57,84.2,797,314,28,34,82.4,16,19,84.2,4,4,100.0,0,0.0,0.0,0.0,0,3,0,0,3
ENG-Premier League,2425,Liverpool,Alexis Mac Allister,ARG,MF,25,1998,28.9,1273,1524,83.5,20344,5748,658,729,90.3,493,558,88.4,89,160,55.6,5,4.7,5.6,0.3,45,122,35,2,177
ENG-Premier League,2425,Liverpool,Alisson,BRA,GK,31,1992,27.9,794,959,82.8,17555,11360,229,232,98.7,426,433,98.4,137,289,47.4,0,0.6,0.2,-0.6,1,12,0,0,1
ENG-Premier League,2425,Liverpool,Andrew Robertson,SCO,DF,30,1994,27.6,1559,1885,82.7,26310,8406,760,806,94.3,672,779,86.3,110,237,46.4,1,4.6,4.3,-3.6,40,150,31,17,176
ENG-Premier League,2425,Liverpool,Caoimhín Kelleher,IRL,GK,25,1998,10.0,289,382,75.7,6252,3968,99,99,100.0,147,147,100.0,43,135,31.9,0,0.0,0.0,0.0,0,6,0,0,0
ENG-Premier League,2425,Liverpool,Cody Gakpo,NED,FW,25,1999,21.5,480,634,75.7,6870,1656,298,343,86.9,149,225,66.2,19,36,52.8,4,4.4,3.8,-0.4,38,24,27,8,52
ENG-Premier League,2425,Liverpool,Conor Bradley,NIR,DF,21,2003,8.4,456,544,83.8,6875,1711,261,286,91.3,175,198,88.4,12,36,33.3,2,1.4,1.4,0.6,7,26,3,1,33
ENG-Premier League,2425,Liverpool,Curtis Jones,ENG,"MF,DF",23,2001,19.0,1021,1097,93.1,15072,3158,584,605,96.5,373,404,92.3,40,53,75.5,3,1.1,1.6,1.9,22,84,19,1,117
ENG-Premier League,2425,Liverpool,Darwin Núñez,URU,FW,25,1999,12.6,163,230,70.9,2390,587,89,111,80.2,48,65,73.8,13,20,65.0,2,1.3,0.5,0.7,11,9,3,1,27
ENG-Premier League,2425,Liverpool,Diogo Jota,POR,FW,27,1996,13.3,216,310,69.7,3313,829,113,147,76.9,79,104,76.0,13,23,56.5,3,1.8,1.1,1.2,11,29,3,1,34
ENG-Premier League,2425,Liverpool,Dominik Szoboszlai,HUN,MF,23,2000,27.7,1114,1322,84.3,17528,3641,601,671,89.6,366,416,88.0,95,133,71.4,6,7.4,5.9,-1.4,56,88,33,5,131
ENG-Premier League,2425,Liverpool,Federico Chiesa,ITA,FW,26,1997,1.2,27,31,87.1,373,131,17,18,94.4,6,8,75.0,2,2,100.0,0,0.2,0.2,-0.2,2,4,1,0,3
ENG-Premier League,2425,Liverpool,Harvey Elliott,ENG,MF,21,2003,4.1,240,292,82.2,4164,1016,120,130,92.3,91,108,84.3,22,33,66.7,2,1.1,0.7,0.9,10,26,6,0,44
ENG-Premier League,2425,Liverpool,Ibrahima Konaté,FRA,DF,25,1999,28.4,1718,1905,90.2,31820,10824,592,631,93.8,1023,1077,95.0,94,171,55.0,2,1.0,0.9,1.0,10,143,9,0,115
ENG-Premier League,2425,Liverpool,Jarell Quansah,ENG,DF,21,2003,5.5,356,392,90.8,6327,2038,137,141,97.2,196,212,92.5,20,32,62.5,0,0.1,0.2,-0.1,2,22,1,0,19
ENG-Premier League,2425,Liverpool,Jayden Danns,ENG,MF,18,2006,0.1,1,1,100.0,6,0,1,1,100.0,0,0,,0,0,,0,0.0,0.0,0.0,0,0,0,0,0
ENG-Premier League,2425,Liverpool,Joe Gomez,ENG,DF,27,1997,5.8,377,425,88.7,6689,2299,155,170,91.2,191,204,93.6,26,42,61.9,0,0.1,0.1,-0.1,2,29,0,0,35
ENG-Premier League,2425,Liverpool,Kostas Tsimikas,GRE,DF,28,1996,9.3,550,654,84.1,9357,3100,267,282,94.7,222,253,87.7,49,96,51.0,1,2.1,2.3,-1.1,16,42,12,4,76
ENG-Premier League,2425,Liverpool,Luis Díaz,COL,FW,27,1997,26.7,736,874,84.2,11789,2533,394,445,88.5,254,295,86.1,60,74,81.1,5,5.0,4.5,0.0,56,48,46,6,110
ENG-Premier League,2425,Liverpool,Mohamed Salah,EGY,FW,32,1992,37.5,892,1263,70.6,13343,3919,501,601,83.4,302,433,69.7,59,100,59.0,18,14.2,9.1,3.8,88,53,93,15,144
ENG-Premier League,2425,Liverpool,Ryan Gravenberch,NED,MF,22,2002,35.1,1718,1927,89.2,25904,6528,917,991,92.5,680,737,92.3,64,104,61.5,4,3.1,3.5,0.9,26,151,35,2,181
ENG-Premier League,2425,Liverpool,Trent Alexander-Arnold,ENG,DF,25,1998,26.3,1448,1971,73.5,27901,11363,632,704,89.8,589,771,76.4,203,418,48.6,6,7.3,7.4,-1.3,52,207,65,20,232
ENG-Premier League,2425,Liverpool,Virgil van Dijk,NED,DF,33,1991,37.0,2687,2934,91.6,49026,19099,1099,1142,96.2,1333,1397,95.4,229,341,67.2,1,0.7,1.0,0.3,12,290,7,0,198
ENG-Premier League,2425,Liverpool,Vitezslav Jaros,CZE,GK,23,2001,0.1,6,8,75.0,302,273,0,0,,1,1,100.0,5,7,71.4,0,0.0,0.0,0.0,0,2,0,0,0
ENG-Premier League,2425,Liverpool,Wataru Endo,JPN,"MF,DF",31,1993,3.0,182,194,93.8,2833,700,91,97,93.8,77,80,96.3,8,8,100.0,0,0.1,0.1,-0.1,2,16,1,0,19
ENG-Premier League,2425,Manchester City,Abdukodir Khusanov,UZB,DF,20,2004,5.6,360,395,91.1,6126,1976,160,169,94.7,191,197,97.0,6,23,26.1,0,0.1,0.1,-0.1,2,23,0,0,25
ENG-Premier League,2425,Manchester City,Bernardo Silva,POR,"MF,FW",29,1994,29.7,1547,1783,86.8,23646,4501,877,949,92.4,554,634,87.4,82,124,66.1,4,5.1,4.5,-1.1,53,87,40,7,134
ENG-Premier League,2425,Manchester City,Claudio Echeverri,ARG,FW,18,2006,0.1,3,3,100.0,26,18,1,1,100.0,1,1,100.0,0,0,,0,0.0,0.0,0.0,0,0,0,0,1
ENG-Premier League,2425,Manchester City,Divin Mubama,ENG,FW,19,2004,0.3,2,3,66.7,44,18,1,1,100.0,0,0,,1,1,100.0,0,0.0,0.0,0.0,0,0,0,0,1
ENG-Premier League,2425,Manchester City,Ederson,BRA,GK,30,1993,25.8,811,923,87.9,19885,13212,142,142,100.0,471,479,98.3,194,297,65.3,4,1.5,0.2,2.5,4,21,1,0,2
ENG-Premier League,2425,Manchester City,Erling Haaland,NOR,FW,24,2000,30.4,255,381,66.9,3086,593,175,246,71.1,59,84,70.2,4,6,66.7,3,3.0,2.0,0.0,29,10,8,1,20
ENG-Premier League,2425,Manchester City,Jack Grealish,ENG,"FW,MF",28,1995,8.0,382,436,87.6,5685,986,247,265,93.2,115,131,87.8,18,26,69.2,1,1.8,1.7,-0.8,24,23,16,0,52
ENG-Premier League,2425,Manchester City,Jahmai Simpson-Pusey,ENG,DF,18,2005,1.1,107,115,93.0,1754,549,47,49,95.9,57,59,96.6,3,7,42.9,0,0.0,0.0,0.0,0,3,0,0,3
ENG-Premier League,2425,Manchester City,James Mcatee,ENG,"MF,FW",21,2002,3.9,100,125,80.0,1491,254,57,65,87.7,40,45,88.9,3,9,33.3,0,0.5,0.8,-0.5,3,7,2,0,7
ENG-Premier League,2425,Manchester City,Jeremy Doku,BEL,"FW,MF",22,2002,16.8,603,762,79.1,8464,1506,400,463,86.4,183,226,81.0,14,21,66.7,6,4.8,3.8,1.2,32,12,48,6,69
ENG-Premier League,2425,Manchester City,John Stones,ENG,"DF,MF",30,1994,6.1,367,403,91.1,6382,1601,169,179,94.4,161,174,92.5,31,40,77.5,0,0.1,0.2,-0.1,2,42,0,0,21
ENG-Premier League,2425,Manchester City,Joško Gvardiol,CRO,DF,22,2002,36.4,2454,2721,90.2,39905,10760,1198,1274,94.0,1128,1217,92.7,107,162,66.0,0,2.1,2.9,-2.1,26,247,20,1,264
ENG-Premier League,2425,Manchester City,Kevin De Bruyne,BEL,"MF,FW",33,1991,18.9,908,1196,75.9,15487,4454,459,537,85.5,346,449,77.1,90,159,56.6,7,8.0,6.7,-1.0,57,88,59,13,157
ENG-Premier League,2425,Manchester City,Kyle Walker,ENG,DF,34,1990,10.8,724,826,87.7,11928,3918,367,388,94.6,305,334,91.3,42,82,51.2,0,0.4,1.3,-0.4,7,63,7,4,64
ENG-Premier League,2425,Manchester City,Manuel Akanji,SUI,DF,29,1995,22.4,1632,1744,93.6,27046,7578,776,812,95.6,757,795,95.2,84,113,74.3,0,0.4,1.3,-0.4,9,177,11,2,158
ENG-Premier League,2425,Manchester City,Mateo Kovačić,CRO,MF,30,1994,24.4,1742,1882,92.6,27279,7278,919,967,95.0,735,770,95.5,69,105,65.7,2,3.6,3.2,-1.6,33,206,30,0,164
ENG-Premier League,2425,Manchester City,Matheus Nunes,POR,"DF,MF",25,1998,18.6,1065,1234,86.3,16409,2994,598,651,91.9,398,458,86.9,53,81,65.4,6,4.4,3.3,1.6,23,53,26,7,79
ENG-Premier League,2425,Manchester City,Nathan Aké,NED,DF,29,1995,7.5,509,542,93.9,8321,2950,248,253,98.0,237,244,97.1,20,34,58.8,0,0.0,0.2,0.0,1,42,1,0,50
ENG-Premier League,2425,Manchester City,Nico O’Reilly,ENG,DF,19,2005,5.9,305,353,86.4,4042,780,209,226,92.5,88,109,80.7,3,7,42.9,0,0.4,0.7,-0.4,4,28,1,1,17
ENG-Premier League,2425,Manchester City,Nicolás González,ESP,MF,22,2002,8.4,575,625,92.0,8643,1985,332,346,96.0,223,242,92.1,14,22,63.6,0,0.1,0.5,-0.1,1,52,4,0,50
ENG-Premier League,2425,Manchester City,Omar Marmoush,EGY,"FW,MF",25,1999,13.1,252,318,79.2,3443,849,164,193,85.0,69,88,78.4,9,16,56.3,0,2.8,2.1,-2.8,15,10,29,4,37
ENG-Premier League,2425,Manchester City,Oscar Bobb,NOR,FW,21,2003,0.2,13,15,86.7,169,33,8,10,80.0,4,4,100.0,0,0,,0,0.1,0.0,-0.1,1,0,1,0,1
ENG-Premier League,2425,Manchester City,Phil Foden,ENG,"MF,FW",24,2000,19.7,791,941,84.1,12385,2615,469,516,90.9,242,271,89.3,67,112,59.8,2,4.8,5.3,-2.8,43,41,39,6,103
ENG-Premier League,2425,Manchester City,Rico Lewis,ENG,"DF,MF",19,2004,21.0,1201,1312,91.5,17279,3228,721,762,94.6,438,466,94.0,28,44,63.6,2,0.3,1.0,1.7,7,92,14,0,107
ENG-Premier League,2425,Manchester City,Rodri,ESP,MF,28,1996,0.8,64,68,94.1,1142,277,31,32,96.9,25,28,89.3,7,7,100.0,0,0.0,0.1,0.0,1,3,1,0,4
ENG-Premier League,2425,Manchester City,Rúben Dias,POR,DF,27,1997,25.2,2167,2317,93.5,37644,12143,900,929,96.9,1118,1159,96.5,120,177,67.8,0,0.3,1.2,-0.3,5,222,12,0,160
ENG-Premier League,2425,Manchester City,Stefan Ortega,GER,GK,31,1992,12.2,373,459,81.3,8327,5597,102,105,97.1,190,196,96.9,79,154,51.3,0,0.0,0.0,0.0,0,6,0,0,0
ENG-Premier League,2425,Manchester City,Sávio,BRA,"FW,MF",20,2004,19.6,692,856,80.8,10296,1727,423,470,90.0,227,283,80.2,31,56,55.4,8,6.9,6.1,1.1,46,19,47,8,67
ENG-Premier League,2425,Manchester City,Vitor Reis,BRA,DF,18,2006,0.0,2,2,100.0,50,10,0,0,,2,2,100.0,0,0,,0,0.0,0.0,0.0,0,0,0,0,0
ENG-Premier League,2425,Manchester City,İlkay Gündoğan,GER,MF,33,1990,24.7,1525,1703,89.5,23600,4511,871,923,94.4,520,565,92.0,102,155,65.8,6,3.5,4.4,2.5,44,108,23,2,127
ENG-Premier League,2425,Manchester Utd,Alejandro Garnacho,ARG,"MF,FW",20,2004,24.4,649,823,78.9,9138,1181,405,458,88.4,183,223,82.1,31,52,59.6,2,4.5,2.8,-2.5,37,22,25,5,56
ENG-Premier League,2425,Manchester Utd,Altay Bayındır,TUR,GK,26,1998,4.0,92,152,60.5,2444,1386,13,13,100.0,52,55,94.5,26,81,32.1,0,0.0,0.0,0.0,0,1,0,0,0
ENG-Premier League,2425,Manchester Utd,Amad Diallo,CIV,"MF,FW",22,2002,21.1,795,949,83.8,11030,2193,493,542,91.0,227,264,86.0,40,72,55.6,6,4.9,4.2,1.1,49,27,35,7,60
ENG-Premier League,2425,Manchester Utd,André Onana,CMR,GK,28,1996,34.0,948,1306,72.6,22819,13922,220,222,99.1,524,529,99.1,199,544,36.6,0,0.2,0.2,-0.2,1,28,0,0,1
ENG-Premier League,2425,Manchester Utd,Antony,BRA,"DF,MF",24,2000,1.6,56,69,81.2,688,111,45,51,88.2,9,14,64.3,1,1,100.0,0,0.1,0.2,-0.1,3,1,5,2,6
ENG-Premier League,2425,Manchester Utd,Ayden Heaven,ENG,DF,17,2006,1.9,90,106,84.9,1542,458,35,39,89.7,51,56,91.1,3,7,42.9,0,0.0,0.0,0.0,1,4,0,0,7
ENG-Premier League,2425,Manchester Utd,Bruno Fernandes,POR,MF,29,1994,33.5,1707,2242,76.1,30541,10698,802,919,87.3,629,769,81.8,223,405,55.1,10,8.5,8.0,1.5,91,214,85,11,325
ENG-Premier League,2425,Manchester Utd,Casemiro,BRA,MF,32,1992,16.6,780,990,78.8,13010,4069,369,425,86.8,313,374,83.7,69,113,61.1,0,2.3,2.0,-2.3,22,81,23,6,84
ENG-Premier League,2425,Manchester Utd,Chidozie Obi-Martin,DEN,FW,16,2007,1.8,20,24,83.3,259,49,10,11,90.9,7,9,77.8,1,2,50.0,0,0.0,0.0,0.0,0,1,0,0,1
ENG-Premier League,2425,Manchester Utd,Christian Eriksen,DEN,MF,32,1992,11.8,590,749,78.8,9936,3131,312,339,92.0,194,242,80.2,62,130,47.7,2,3.2,2.6,-1.2,31,54,13,6,55
ENG-Premier League,2425,Manchester Utd,Diogo Dalot,POR,DF,25,1999,31.3,1347,1673,80.5,21723,6617,694,773,89.8,525,641,81.9,95,170,55.9,3,2.0,2.5,1.0,26,61,25,8,103
ENG-Premier League,2425,Manchester Utd,Harry Amass,ENG,DF,17,2007,3.8,149,181,82.3,1920,387,97,105,92.4,44,56,78.6,3,11,27.3,0,0.0,0.1,0.0,1,5,0,0,7
ENG-Premier League,2425,Manchester Utd,Harry Maguire,ENG,DF,31,1993,19.5,965,1128,85.5,17965,6236,354,392,90.3,517,568,91.0,80,139,57.6,0,0.6,0.3,-0.6,9,48,4,0,51
ENG-Premier League,2425,Manchester Utd,Jonny Evans,NIR,DF,36,1988,3.5,192,217,88.5,3090,906,90,95,94.7,89,100,89.0,7,14,50.0,0,0.0,0.0,0.0,0,10,1,0,10
ENG-Premier League,2425,Manchester Utd,Joshua Zirkzee,NED,"FW,MF",23,2001,15.6,292,410,71.2,3600,901,196,251,78.1,61,82,74.4,9,18,50.0,1,1.5,1.1,-0.5,12,26,6,0,44
ENG-Premier League,2425,Manchester Utd,Kobbie Mainoo,ENG,MF,19,2005,18.3,723,836,86.5,9649,2346,452,490,92.2,192,219,87.7,31,45,68.9,0,1.6,1.8,-1.6,14,50,12,1,65
ENG-Premier League,2425,Manchester Utd,Leny Yoro,FRA,DF,18,2005,12.9,708,766,92.4,11513,3678,313,328,95.4,351,373,94.1,27,41,65.9,0,0.1,0.2,-0.1,2,44,5,1,52
ENG-Premier League,2425,Manchester Utd,Lisandro Martínez,ARG,DF,26,1998,19.5,1200,1342,89.4,20292,7055,522,554,94.2,601,646,93.0,64,116,55.2,1,1.1,1.3,-0.1,9,91,18,2,117
ENG-Premier League,2425,Manchester Utd,Luke Shaw,ENG,DF,29,1995,3.9,249,290,85.9,4252,1388,118,127,92.9,108,119,90.8,20,33,60.6,0,0.7,0.8,-0.7,5,20,3,1,24
ENG-Premier League,2425,Manchester Utd,Manuel Ugarte,URU,MF,23,2001,19.8,800,910,87.9,13018,2801,410,457,89.7,310,333,93.1,62,83,74.7,2,1.1,0.7,0.9,10,59,9,3,61
ENG-Premier League,2425,Manchester Utd,Marcus Rashford,ENG,"FW,MF",26,1997,10.9,253,343,73.8,3508,868,168,201,83.6,56,85,65.9,14,28,50.0,1,2.1,1.4,-1.1,15,13,16,8,21
ENG-Premier League,2425,Manchester Utd,Mason Mount,ENG,MF,25,1999,6.9,207,253,81.8,3015,709,120,138,87.0,58,71,81.7,13,18,72.2,0,0.6,0.6,-0.6,8,19,8,2,33
ENG-Premier League,2425,Manchester Utd,Matthijs de Ligt,NED,DF,24,1999,23.6,1241,1380,89.9,21810,5955,454,482,94.2,728,771,94.4,53,108,49.1,0,0.3,0.3,-0.3,6,63,2,1,55
ENG-Premier League,2425,Manchester Utd,Noussair Mazraoui,MAR,DF,26,1997,31.5,1526,1781,85.7,23059,8056,834,913,91.3,574,644,89.1,73,130,56.2,1,1.5,1.9,-0.5,20,125,20,5,115
ENG-Premier League,2425,Manchester Utd,Patrick Dorgu,DEN,DF,19,2004,9.4,400,494,81.0,5631,1295,250,280,89.3,124,159,78.0,12,28,42.9,0,0.7,1.3,-0.7,12,23,11,2,34
ENG-Premier League,2425,Manchester Utd,Rasmus Højlund,DEN,FW,21,2003,22.3,251,336,74.7,2741,486,183,226,81.0,42,62,67.7,4,6,66.7,0,1.8,1.1,-1.8,16,14,5,1,18
ENG-Premier League,2425,Manchester Utd,Scott McTominay,SCO,MF,27,1996,0.2,10,10,100.0,186,99,5,5,100.0,3,3,100.0,2,2,100.0,0,0.0,0.0,0.0,0,2,0,0,1
ENG-Premier League,2425,Manchester Utd,Toby Collyer,ENG,MF,20,2004,2.0,76,92,82.6,1127,121,37,43,86.0,32,37,86.5,3,4,75.0,0,0.3,0.4,-0.3,2,3,1,0,5
ENG-Premier League,2425,Manchester Utd,Tyler Fredricson,ENG,DF,19,2005,1.8,110,122,90.2,1932,434,47,50,94.0,54,59,91.5,8,9,88.9,0,0.0,0.0,0.0,0,8,0,0,8
ENG-Premier League,2425,Manchester Utd,Tyrell Malacia,NED,DF,24,1999,1.1,49,55,89.1,642,260,31,33,93.9,13,14,92.9,2,2,100.0,0,0.0,0.0,0.0,1,7,1,0,3
ENG-Premier League,2425,Manchester Utd,Victor Lindelöf,SWE,DF,30,1994,7.8,362,386,93.8,6074,1912,154,163,94.5,184,191,96.3,20,26,76.9,0,0.1,0.1,-0.1,3,17,2,1,26
ENG-Premier League,2425,Newcastle Utd,Alexander Isak,SWE,FW,24,1999,30.6,519,689,75.3,7434,1644,306,364,84.1,163,207,78.7,26,42,61.9,6,4.3,3.6,1.7,41,35,31,1,88
ENG-Premier League,2425,Newcastle Utd,Anthony Gordon,ENG,"FW,MF",23,2001,27.0,720,982,73.3,11128,3642,397,464,85.6,244,312,78.2,56,125,44.8,5,5.0,5.1,0.0,51,65,55,17,98
ENG-Premier League,2425,Newcastle Utd,Bruno Guimarães,BRA,MF,26,1997,36.3,1481,1798,82.4,24436,7860,736,810,90.9,581,670,86.7,118,201,58.7,6,6.1,5.4,-0.1,52,180,77,6,271
ENG-Premier League,2425,Newcastle Utd,Callum Wilson,ENG,FW,32,1992,4.1,40,53,75.5,504,89,22,27,81.5,13,16,81.3,0,0,,0,0.1,0.1,-0.1,3,2,0,0,4
ENG-Premier League,2425,Newcastle Utd,Dan Burn,ENG,DF,32,1992,37.0,1774,2006,88.4,32347,11375,621,692,89.7,1029,1088,94.6,110,181,60.8,1,0.9,1.1,0.1,9,50,9,0,75
ENG-Premier League,2425,Newcastle Utd,Emil Krafth,SWE,DF,29,1994,3.8,124,158,78.5,2017,786,60,74,81.1,53,62,85.5,7,12,58.3,0,0.1,0.0,-0.1,1,6,1,0,8
ENG-Premier League,2425,Newcastle Utd,Fabian Schär,SUI,DF,32,1991,32.6,1654,1977,83.7,33173,12752,577,625,92.3,877,944,92.9,191,373,51.2,0,0.4,1.0,-0.4,5,161,13,0,118
ENG-Premier League,2425,Newcastle Utd,Harvey Barnes,ENG,FW,26,1997,19.5,474,607,78.1,6642,1989,302,348,86.8,149,204,73.0,14,26,53.8,4,4.0,4.6,0.0,26,25,41,9,83
ENG-Premier League,2425,Newcastle Utd,Jacob Murphy,ENG,FW,29,1995,26.2,688,1004,68.5,10412,3438,411,484,84.9,218,320,68.1,43,109,39.4,12,8.9,6.2,3.1,42,58,41,15,83
ENG-Premier League,2425,Newcastle Utd,Joe Willock,ENG,"MF,FW",24,1999,12.1,300,363,82.6,4282,903,174,195,89.2,107,123,87.0,10,22,45.5,2,2.1,0.9,-0.1,22,28,8,0,41
ENG-Premier League,2425,Newcastle Utd,Joelinton,BRA,"MF,FW",27,1996,26.6,863,1043,82.7,12199,3384,529,603,87.7,277,320,86.6,33,55,60.0,3,2.5,2.3,0.5,23,80,17,2,116
ENG-Premier League,2425,Newcastle Utd,Kieran Trippier,ENG,DF,33,1990,14.5,1036,1256,82.5,17676,6130,500,529,94.5,432,504,85.7,83,172,48.3,3,1.4,1.5,1.6,22,70,22,2,117
ENG-Premier League,2425,Newcastle Utd,Lewis Hall,ENG,DF,19,2004,24.3,1300,1592,81.7,21999,8891,653,715,91.3,525,617,85.1,104,202,51.5,4,4.3,3.7,-0.3,34,114,17,5,123
ENG-Premier League,2425,Newcastle Utd,Lewis Miley,ENG,MF,18,2006,3.5,168,191,88.0,2439,402,94,105,89.5,59,61,96.7,7,10,70.0,0,0.0,0.3,0.0,1,11,4,0,17
ENG-Premier League,2425,Newcastle Utd,Lloyd Kelly,ENG,DF,25,1998,3.4,146,181,80.7,2636,867,57,65,87.7,78,87,89.7,10,24,41.7,1,0.5,0.1,0.5,2,6,1,1,9
ENG-Premier League,2425,Newcastle Utd,Martin Dúbravka,SVK,GK,35,1989,10.0,265,333,79.6,5932,3082,58,58,100.0,161,161,100.0,45,112,40.2,0,0.0,0.0,0.0,0,0,0,0,0
ENG-Premier League,2425,Newcastle Utd,Matt Targett,ENG,DF,28,1995,0.2,14,15,93.3,187,49,9,10,90.0,4,4,100.0,1,1,100.0,0,0.0,0.1,0.0,0,0,1,1,0
ENG-Premier League,2425,Newcastle Utd,Miguel Almirón,PAR,FW,30,1994,1.7,54,66,81.8,707,219,39,42,92.9,13,16,81.3,1,3,33.3,0,0.3,0.2,-0.3,3,3,1,0,6
ENG-Premier League,2425,Newcastle Utd,Nick Pope,ENG,GK,32,1992,28.0,575,782,73.5,14597,8818,120,121,99.2,300,305,98.4,151,351,43.0,0,0.0,0.0,0.0,1,2,0,0,1
ENG-Premier League,2425,Newcastle Utd,Sandro Tonali,ITA,MF,24,2000,29.2,1285,1535,83.7,20569,5348,672,745,90.2,468,537,87.2,99,157,63.1,2,2.2,2.8,-0.2,28,104,30,5,128
ENG-Premier League,2425,Newcastle Utd,Sean Longstaff,ENG,MF,26,1997,8.9,295,349,84.5,4407,1175,161,185,87.0,111,120,92.5,15,22,68.2,0,0.2,0.2,-0.2,4,26,1,0,40
ENG-Premier League,2425,Newcastle Utd,Sven Botman,NED,DF,24,2000,4.6,220,246,89.4,3768,1437,93,107,86.9,103,107,96.3,15,21,71.4,0,0.5,0.2,-0.5,2,13,0,0,7
ENG-Premier League,2425,Newcastle Utd,Valentino Livramento,ENG,DF,21,2002,31.6,1403,1643,85.4,20773,6686,811,895,90.6,507,583,87.0,54,91,59.3,1,2.6,2.7,-1.6,25,108,28,6,158
ENG-Premier League,2425,Newcastle Utd,William Osula,DEN,FW,20,2003,1.5,18,29,62.1,200,68,14,20,70.0,3,5,60.0,0,1,0.0,0,0.1,0.1,-0.1,2,2,1,0,4
ENG-Premier League,2425,Nott'ham Forest,Anthony Elanga,SWE,"FW,MF",22,2002,27.8,540,827,65.3,8021,2660,318,387,82.2,150,232,64.7,46,131,35.1,11,5.7,5.1,5.3,50,32,26,8,63
ENG-Premier League,2425,Nott'ham Forest,Callum Hudson-Odoi,ENG,"FW,MF",23,2000,24.4,691,843,82.0,10242,2075,401,437,91.8,218,266,82.0,44,87,50.6,2,2.7,2.6,-0.7,44,38,33,11,71
ENG-Premier League,2425,Nott'ham Forest,Chris Wood,NZL,FW,32,1991,32.9,315,490,64.3,4434,1018,186,272,68.4,88,134,65.7,19,26,73.1,3,2.6,1.5,0.4,22,19,12,1,42
ENG-Premier League,2425,Nott'ham Forest,Danilo,BRA,"MF,FW",23,2001,3.1,94,121,77.7,1541,549,44,52,84.6,39,46,84.8,7,12,58.3,0,0.0,0.0,0.0,0,13,0,0,11
ENG-Premier League,2425,Nott'ham Forest,Elliot Anderson,ENG,MF,21,2002,30.3,1085,1386,78.3,17458,5922,572,640,89.4,402,496,81.0,77,165,46.7,6,3.3,3.6,2.7,37,121,19,2,143
ENG-Premier League,2425,Nott'ham Forest,Eric da Silva Moreira,GER,"MF,DF",18,2006,0.3,7,8,87.5,86,7,6,7,85.7,1,1,100.0,0,0,,0,0.0,0.0,0.0,0,0,0,0,0
ENG-Premier League,2425,Nott'ham Forest,Harry Toffolo,ENG,DF,28,1995,1.5,47,67,70.1,653,304,30,32,93.8,15,24,62.5,1,7,14.3,0,0.0,0.0,0.0,0,1,0,0,2
ENG-Premier League,2425,Nott'ham Forest,Ibrahim Sangaré,CIV,MF,26,1997,6.6,276,323,85.4,4521,1475,129,144,89.6,117,127,92.1,20,31,64.5,1,0.4,0.2,0.6,4,28,4,1,27
ENG-Premier League,2425,Nott'ham Forest,James Ward-Prowse,ENG,MF,29,1994,4.4,145,182,79.7,2296,768,82,88,93.2,53,61,86.9,8,23,34.8,1,1.1,0.8,-0.1,4,16,2,0,16
ENG-Premier League,2425,Nott'ham Forest,Jota Silva,POR,"FW,MF",24,1999,9.5,118,196,60.2,1692,471,66,86,76.7,37,60,61.7,6,19,31.6,1,2.9,1.8,-1.9,14,4,9,3,18
ENG-Premier League,2425,Nott'ham Forest,Matz Sels,BEL,GK,32,1992,38.0,519,998,52.0,19289,16407,79,79,100.0,168,171,98.2,271,734,36.9,0,0.4,0.3,-0.4,2,45,4,0,2
ENG-Premier League,2425,Nott'ham Forest,Morato,BRA,DF,23,2001,10.1,238,309,77.0,3987,1931,107,123,87.0,108,129,83.7,15,35,42.9,0,0.0,0.0,0.0,0,19,0,0,19
ENG-Premier League,2425,Nott'ham Forest,Morgan Gibbs-White,ENG,MF,24,2000,31.1,993,1269,78.3,15389,4754,540,634,85.2,336,409,82.2,73,124,58.9,8,5.0,4.7,3.0,51,128,41,10,164
ENG-Premier League,2425,Nott'ham Forest,Murillo,BRA,DF,22,2002,35.4,1138,1450,78.5,22680,10645,420,466,90.1,535,609,87.8,161,327,49.2,0,1.2,1.1,-1.2,13,139,13,1,115
ENG-Premier League,2425,Nott'ham Forest,Neco Williams,WAL,DF,23,2001,28.8,843,1116,75.5,12607,5011,488,540,90.4,282,391,72.1,40,107,37.4,3,1.6,1.5,1.4,18,69,22,10,89
ENG-Premier League,2425,Nott'ham Forest,Nicolás Domínguez,ARG,"MF,FW",26,1998,21.8,821,947,86.7,11995,3387,463,508,91.1,279,312,89.4,34,55,61.8,1,1.3,1.6,-0.3,13,81,11,1,83
ENG-Premier League,2425,Nott'ham Forest,Nikola Milenković,SRB,DF,26,1997,37.0,850,1033,82.3,17093,6325,258,293,88.1,475,538,88.3,103,167,61.7,2,1.1,0.5,0.9,9,53,2,0,51
ENG-Premier League,2425,Nott'ham Forest,Ola Aina,NGA,DF,27,1996,33.3,994,1352,73.5,15371,6297,530,598,88.6,374,502,74.5,57,166,34.3,1,1.4,2.2,-0.4,16,85,23,11,107
ENG-Premier League,2425,Nott'ham Forest,Ramón Sosa,PAR,"FW,MF",24,1999,3.3,66,97,68.0,1016,283,33,47,70.2,24,35,68.6,5,7,71.4,0,0.5,0.4,-0.5,8,2,5,3,6
ENG-Premier League,2425,Nott'ham Forest,Ryan Yates,ENG,MF,26,1997,21.3,618,758,81.5,9172,2063,324,370,87.6,225,263,85.6,32,56,57.1,1,1.2,0.5,-0.2,18,48,4,0,53
ENG-Premier League,2425,Nott'ham Forest,Taiwo Awoniyi,NGA,FW,26,1997,4.6,61,96,63.5,705,157,42,59,71.2,14,25,56.0,1,5,20.0,0,0.1,0.1,-0.1,2,5,2,0,7
ENG-Premier League,2425,Nott'ham Forest,Willy Boly,CIV,DF,33,1991,1.7,55,70,78.6,1010,477,20,22,90.9,30,32,93.8,4,15,26.7,0,0.0,0.0,0.0,0,3,0,0,2
ENG-Premier League,2425,Nott'ham Forest,Álex Moreno,ESP,"DF,MF",31,1993,10.6,308,428,72.0,4574,1911,184,210,87.6,95,148,64.2,14,40,35.0,1,1.3,1.1,-0.3,8,25,9,2,34
ENG-Premier League,2425,Southampton,Aaron Ramsdale,ENG,GK,26,1998,30.0,774,1223,63.3,21949,16992,209,210,99.5,302,313,96.5,257,686,37.5,0,0.0,0.1,0.0,0,36,1,0,0
ENG-Premier League,2425,Southampton,Adam Armstrong,ENG,"FW,MF",27,1997,13.9,231,288,80.2,3320,446,138,158,87.3,81,95,85.3,6,13,46.2,2,1.2,0.6,0.8,9,10,8,2,21
ENG-Premier League,2425,Southampton,Adam Lallana,ENG,MF,36,1988,4.0,221,260,85.0,2891,980,147,165,89.1,61,67,91.0,4,9,44.4,2,0.9,0.5,1.1,4,21,9,3,24
ENG-Premier League,2425,Southampton,Albert Grønbaek,DEN,"FW,MF",23,2001,1.6,13,18,72.2,135,43,9,11,81.8,2,4,50.0,0,0,,0,0.0,0.0,0.0,1,2,0,0,1
ENG-Premier League,2425,Southampton,Alex McCarthy,ENG,GK,34,1989,5.0,117,156,75.0,2823,1985,41,43,95.3,45,49,91.8,30,61,49.2,0,0.0,0.0,0.0,0,5,0,0,0
ENG-Premier League,2425,Southampton,Armel Bella Kotchap,GER,DF,22,2001,3.7,202,224,90.2,3829,956,65,66,98.5,119,123,96.7,16,29,55.2,0,0.0,0.0,0.0,0,6,0,0,5
ENG-Premier League,2425,Southampton,Ben Brereton,CHI,FW,25,1999,5.0,128,166,77.1,1836,383,83,95,87.4,36,53,67.9,7,11,63.6,0,0.1,0.1,-0.1,3,9,2,1,9
ENG-Premier League,2425,Southampton,Cameron Archer,ENG,FW,23,2001,16.0,205,251,81.7,2612,367,131,151,86.8,54,59,91.5,5,9,55.6,0,0.5,0.7,-0.5,5,7,7,0,14
ENG-Premier League,2425,Southampton,Carlos Alcaraz,ARG,MF,21,2002,0.1,13,13,100.0,221,66,7,7,100.0,4,4,100.0,2,2,100.0,0,0.1,0.0,-0.1,1,4,1,1,6
ENG-Premier League,2425,Southampton,Charlie Taylor,ENG,DF,30,1993,4.0,196,223,87.9,3602,910,70,75,93.3,103,112,92.0,20,28,71.4,0,0.1,0.2,-0.1,1,9,3,1,9
ENG-Premier League,2425,Southampton,Flynn Downes,ENG,MF,25,1999,23.9,1003,1109,90.4,14646,2893,577,620,93.1,352,382,92.1,37,53,69.8,0,1.1,1.4,-1.1,15,62,12,0,66
ENG-Premier League,2425,Southampton,Jack Stephens,ENG,DF,30,1994,15.4,879,955,92.0,15471,4366,346,372,93.0,464,492,94.3,54,65,83.1,0,0.2,0.3,-0.2,3,51,5,0,63
ENG-Premier League,2425,Southampton,James Bree,ENG,DF,26,1997,11.9,500,599,83.5,7922,2204,243,269,90.3,220,253,87.0,27,52,51.9,1,0.9,0.7,0.1,10,29,7,6,34
ENG-Premier League,2425,Southampton,Jan Bednarek,POL,DF,28,1996,28.1,1564,1687,92.7,27781,8925,590,620,95.2,856,903,94.8,105,137,76.6,0,0.5,0.9,-0.5,5,72,1,0,60
ENG-Premier League,2425,Southampton,Jay Robinson,ENG,"MF,FW",17,2007,1.5,23,34,67.6,264,100,14,17,82.4,6,8,75.0,1,4,25.0,0,0.7,0.5,-0.7,3,1,1,0,1
ENG-Premier League,2425,Southampton,Joachim Kayi Sanda,FRA,DF,17,2006,0.2,15,15,100.0,304,57,3,3,100.0,11,11,100.0,1,1,100.0,0,0.0,0.0,0.0,0,0,0,0,1
ENG-Premier League,2425,Southampton,Joe Aribo,NGA,"MF,DF",28,1996,22.4,929,1046,88.8,13689,2630,514,563,91.3,357,391,91.3,31,45,68.9,0,1.6,1.3,-1.6,16,51,4,1,75
ENG-Premier League,2425,Southampton,Joe Lumley,ENG,GK,29,1995,3.0,106,151,70.2,2342,1476,42,44,95.5,42,46,91.3,21,59,35.6,0,0.0,0.0,0.0,0,2,0,0,0
ENG-Premier League,2425,Southampton,Kamaldeen Sulemana,GHA,"FW,MF",22,2002,15.6,285,357,79.8,4101,627,177,201,88.1,86,103,83.5,13,28,46.4,1,1.0,0.8,0.0,10,6,13,7,27
ENG-Premier League,2425,Southampton,Kyle Walker-Peters,ENG,DF,27,1997,32.4,1493,1693,88.2,22418,6584,832,886,93.9,573,637,90.0,56,93,60.2,2,2.8,2.3,-0.8,24,119,30,4,139
ENG-Premier League,2425,Southampton,Lesley Ugochukwu,FRA,MF,20,2004,18.4,600,706,85.0,9335,2081,289,327,88.4,265,292,90.8,23,38,60.5,1,1.0,0.6,0.0,14,54,7,1,49
ENG-Premier League,2425,Southampton,Mateus Fernandes,POR,MF,20,2004,32.3,1087,1361,79.9,18406,4369,510,580,87.9,415,483,85.9,110,196,56.1,4,3.0,3.6,1.0,34,98,27,6,145
ENG-Premier League,2425,Southampton,Maxwel Cornet,CIV,FW,27,1996,0.8,17,22,77.3,262,37,9,10,90.0,6,8,75.0,1,2,50.0,0,0.0,0.0,0.0,0,0,0,0,0
ENG-Premier League,2425,Southampton,Nathan Wood-Gordon,ENG,DF,22,2002,8.6,444,476,93.3,7532,1915,183,192,95.3,240,248,96.8,17,27,63.0,0,0.0,0.0,0.0,1,11,0,0,17
ENG-Premier League,2425,Southampton,Paul Onuachu,NGA,FW,30,1994,11.7,160,263,60.8,2292,365,84,134,62.7,45,70,64.3,12,19,63.2,1,0.5,0.3,0.5,8,13,2,0,13
ENG-Premier League,2425,Southampton,Ronnie Edwards,ENG,DF,21,2003,0.1,5,5,100.0,109,0,0,0,,5,5,100.0,0,0,,0,0.0,0.0,0.0,0,0,0,0,0
ENG-Premier League,2425,Southampton,Ross Stewart,SCO,FW,28,1996,4.3,67,95,70.5,861,86,34,45,75.6,25,32,78.1,0,1,0.0,0,0.0,0.1,0.0,0,2,1,0,2
ENG-Premier League,2425,Southampton,Ryan Fraser,SCO,"FW,DF",30,1994,3.4,77,103,74.8,1121,208,43,46,93.5,28,40,70.0,3,10,30.0,0,0.1,0.1,-0.1,2,3,1,0,8
ENG-Premier League,2425,Southampton,Ryan Manning,IRL,"DF,MF",28,1996,16.2,619,803,77.1,10360,3336,317,344,92.2,233,288,80.9,55,125,44.0,1,3.2,2.8,-2.2,34,33,12,8,35
ENG-Premier League,2425,Southampton,Samuel Amo-Ameyaw,ENG,"FW,DF",18,2006,0.3,8,9,88.9,107,13,6,6,100.0,2,3,66.7,0,0,,0,0.1,0.1,-0.1,1,0,1,1,0
ENG-Premier League,2425,Southampton,Samuel Edozie,ENG,"DF,FW",21,2003,0.7,25,33,75.8,316,67,19,21,90.5,6,7,85.7,0,3,0.0,0,0.1,0.2,-0.1,1,0,3,0,4
ENG-Premier League,2425,Southampton,Taylor Harwood-Bellis,ENG,DF,22,2002,31.4,1892,2164,87.4,35252,12592,683,739,92.4,1019,1113,91.6,174,272,64.0,0,1.0,0.7,-1.0,14,178,10,1,125
ENG-Premier League,2425,Southampton,Tyler Dibling,ENG,"FW,MF",18,2006,20.8,504,620,81.3,7544,1553,286,316,90.5,181,212,85.4,22,48,45.8,0,1.5,1.5,-1.5,20,27,20,1,64
ENG-Premier League,2425,Southampton,Welington,BRA,DF,23,2001,5.4,145,186,78.0,2273,695,71,79,89.9,61,79,77.2,8,16,50.0,0,0.1,0.2,-0.1,3,8,5,4,11
ENG-Premier League,2425,Southampton,William Smallbone,IRL,MF,24,2000,7.7,270,356,75.8,4399,1203,130,154,84.4,112,131,85.5,20,53,37.7,0,0.7,0.9,-0.7,10,13,4,3,27
ENG-Premier League,2425,Southampton,Yukinari Sugawara,JPN,"DF,MF",24,2000,17.3,713,891,80.0,11241,3454,377,427,88.3,282,339,83.2,37,76,48.7,1,2.2,2.5,-1.2,17,47,21,9,72
ENG-Premier League,2425,Tottenham,Alfie Dorrington,ENG,DF,19,2005,0.2,15,16,93.8,304,39,6,7,85.7,7,7,100.0,2,2,100.0,0,0.0,0.0,0.0,0,0,0,0,0
ENG-Premier League,2425,Tottenham,Antonín Kinský,CZE,GK,21,2003,6.0,167,217,77.0,3990,2480,27,27,100.0,98,101,97.0,38,83,45.8,0,0.1,0.0,-0.1,1,2,0,0,1
ENG-Premier League,2425,Tottenham,Archie Gray,ENG,"DF,MF",18,2006,19.5,1001,1145,87.4,17440,5370,389,423,92.0,537,584,92.0,59,103,57.3,0,0.1,0.2,-0.1,3,43,0,0,40
ENG-Premier League,2425,Tottenham,Ben Davies,WAL,DF,31,1993,14.8,896,1023,87.6,16735,6614,302,335,90.1,501,530,94.5,77,124,62.1,0,0.2,0.5,-0.2,2,47,2,0,52
ENG-Premier League,2425,Tottenham,Brandon Austin,ENG,GK,25,1999,1.0,22,32,68.8,526,386,7,7,100.0,9,9,100.0,6,16,37.5,0,0.0,0.0,0.0,0,0,0,0,0
ENG-Premier League,2425,Tottenham,Brennan Johnson,WAL,FW,23,2001,24.2,449,638,70.4,5932,1611,274,341,80.4,144,191,75.4,11,34,32.4,3,2.3,2.0,0.7,19,25,35,6,71
ENG-Premier League,2425,Tottenham,Cristian Romero,ARG,DF,26,1998,15.7,1094,1223,89.5,20402,8197,370,405,91.4,630,665,94.7,80,126,63.5,0,0.6,0.8,-0.6,7,109,8,1,71
ENG-Premier League,2425,Tottenham,Dane Scarlett,ENG,"FW,MF",20,2004,0.4,3,5,60.0,37,20,2,2,100.0,1,1,100.0,0,1,0.0,1,0.0,0.0,1.0,1,0,0,0,1
ENG-Premier League,2425,Tottenham,Dejan Kulusevski,SWE,"MF,FW",24,2000,26.5,658,893,73.7,9216,2920,394,457,86.2,203,260,78.1,32,79,40.5,4,6.2,3.9,-2.2,65,62,52,6,124
ENG-Premier League,2425,Tottenham,Destiny Udogie,ITA,DF,21,2002,21.4,972,1115,87.2,14117,4770,544,597,91.1,371,412,90.0,26,33,78.8,1,1.5,1.2,-0.5,16,89,6,1,121
ENG-Premier League,2425,Tottenham,Djed Spence,ENG,DF,23,2000,19.9,992,1161,85.4,14185,4261,585,622,94.1,343,400,85.8,32,67,47.8,2,1.8,1.4,0.2,11,78,18,8,105
ENG-Premier League,2425,Tottenham,Dominic Solanke,ENG,FW,26,1997,24.5,255,361,70.6,3429,944,154,205,75.1,68,87,78.2,12,18,66.7,3,2.9,1.2,0.1,14,28,9,0,47
ENG-Premier League,2425,Tottenham,Fraser Forster,ENG,GK,36,1988,7.0,168,198,84.8,3349,2105,54,55,98.2,86,90,95.6,23,47,48.9,0,0.0,0.0,0.0,0,1,0,0,0
ENG-Premier League,2425,Tottenham,Guglielmo Vicario,ITA,GK,27,1996,24.0,764,874,87.4,15137,8856,237,239,99.2,431,446,96.6,89,180,49.4,0,0.0,0.0,0.0,0,2,0,0,1
ENG-Premier League,2425,Tottenham,James Maddison,ENG,MF,27,1996,20.1,1021,1256,81.3,16664,5028,481,529,90.9,424,492,86.2,75,162,46.3,7,4.2,5.9,2.8,41,123,32,5,164
ENG-Premier League,2425,Tottenham,Kevin Danso,AUT,DF,25,1998,9.4,480,555,86.5,9082,2716,146,163,89.6,297,320,92.8,33,61,54.1,0,0.1,0.1,-0.1,2,22,2,1,19
ENG-Premier League,2425,Tottenham,Lucas Bergvall,SWE,MF,18,2006,13.5,629,720,87.4,10567,2202,295,321,91.9,264,294,89.8,53,71,74.6,1,0.6,0.8,0.4,11,53,7,3,49
ENG-Premier League,2425,Tottenham,Mathys Tel,FRA,FW,19,2005,10.1,185,266,69.5,3172,666,89,112,79.5,71,97,73.2,20,34,58.8,1,2.6,1.5,-1.6,14,12,14,4,21
ENG-Premier League,2425,Tottenham,Micky van de Ven,NED,DF,23,2001,11.3,729,802,90.9,13817,4206,217,236,91.9,455,471,96.6,50,80,62.5,2,1.2,0.7,0.8,2,50,1,0,51
ENG-Premier League,2425,Tottenham,Mikey Moore,ENG,FW,16,2007,4.1,67,96,69.8,853,226,42,45,93.3,18,30,60.0,2,7,28.6,1,0.3,0.6,0.7,3,2,5,1,9
ENG-Premier League,2425,Tottenham,Pape Matar Sarr,SEN,MF,21,2002,21.3,889,1029,86.4,13609,3128,462,509,90.8,347,386,89.9,45,62,72.6,2,1.6,0.8,0.4,15,85,12,2,88
ENG-Premier League,2425,Tottenham,Pedro Porro,ESP,DF,24,1999,29.0,1385,1892,73.2,24256,9602,674,769,87.6,541,680,79.6,142,327,43.4,6,5.0,4.6,1.0,57,124,57,27,154
ENG-Premier League,2425,Tottenham,Radu Drăgușin,ROU,DF,22,2002,13.9,716,840,85.2,13638,5250,223,245,91.0,437,470,93.0,47,107,43.9,0,0.4,0.2,-0.4,4,52,2,1,37
ENG-Premier League,2425,Tottenham,Richarlison,BRA,FW,27,1997,5.6,62,103,60.2,937,280,31,45,68.9,19,32,59.4,6,9,66.7,1,0.9,0.6,0.1,4,8,4,2,11
ENG-Premier League,2425,Tottenham,Rodrigo Bentancur,URU,MF,27,1997,18.3,946,1076,87.9,15392,3700,450,496,90.7,425,459,92.6,47,63,74.6,0,0.4,1.0,-0.4,10,109,13,2,100
ENG-Premier League,2425,Tottenham,Sergio Reguilón,ESP,DF,27,1996,2.2,93,136,68.4,1503,540,42,54,77.8,46,60,76.7,4,17,23.5,0,0.0,0.3,0.0,1,13,2,1,13
ENG-Premier League,2425,Tottenham,Son Heung-min,KOR,FW,32,1992,23.4,730,925,78.9,10322,2867,447,498,89.8,206,256,80.5,39,81,48.1,9,8.2,5.1,0.8,50,40,51,6,111
ENG-Premier League,2425,Tottenham,Timo Werner,GER,"FW,MF",28,1996,5.7,158,236,66.9,2383,597,80,97,82.5,61,86,70.9,7,18,38.9,3,2.5,1.5,0.5,10,3,15,2,30
ENG-Premier League,2425,Tottenham,Will Lankshear,ENG,"FW,MF",19,2005,0.1,0,1,0.0,0,0,0,1,0.0,0,0,,0,0,,0,0.0,0.0,0.0,0,0,0,0,0
ENG-Premier League,2425,Tottenham,Wilson Odobert,FRA,"FW,MF",19,2004,9.4,212,274,77.4,2878,567,139,150,92.7,54,73,74.0,8,12,66.7,0,1.0,0.8,-1.0,6,11,12,3,27
ENG-Premier League,2425,Tottenham,Yves Bissouma,MLI,MF,27,1996,15.6,755,852,88.6,11376,2858,413,448,92.2,278,300,92.7,36,60,60.0,0,0.3,0.6,-0.3,6,61,10,1,75
ENG-Premier League,2425,West Ham,Aaron Cresswell,ENG,DF,34,1989,9.2,504,610,82.6,9299,3625,229,249,92.0,212,241,88.0,58,107,54.2,0,1.3,1.9,-1.3,9,52,5,2,36
ENG-Premier League,2425,West Ham,Aaron Wan-Bissaka,COD,DF,26,1997,35.0,1472,1815,81.1,20696,7523,953,1056,90.2,449,550,81.6,48,105,45.7,5,3.5,2.8,1.5,33,94,35,11,149
ENG-Premier League,2425,West Ham,Alphonse Areola,FRA,GK,31,1993,25.1,688,989,69.6,18224,12284,153,154,99.4,334,350,95.4,198,473,41.9,0,0.0,0.0,0.0,0,11,0,0,1
ENG-Premier League,2425,West Ham,Andy Irving,SCO,MF,24,2000,1.8,109,124,87.9,1705,439,61,64,95.3,36,43,83.7,9,9,100.0,0,0.2,0.1,-0.2,1,14,1,1,9
ENG-Premier League,2425,West Ham,Carlos Soler,ESP,"MF,FW",27,1997,15.7,570,669,85.2,8890,2414,308,326,94.5,212,246,86.2,32,59,54.2,1,1.4,1.9,-0.4,18,43,13,0,56
ENG-Premier League,2425,West Ham,Crysencio Summerville,NED,"FW,MF",22,2001,8.7,194,254,76.4,2881,640,125,148,84.5,55,62,88.7,11,22,50.0,1,1.7,1.7,-0.7,17,13,12,5,18
ENG-Premier League,2425,West Ham,Danny Ings,ENG,"FW,MF",32,1992,3.2,63,92,68.5,830,126,41,49,83.7,19,29,65.5,1,5,20.0,2,1.3,0.1,0.7,6,4,1,0,5
ENG-Premier League,2425,West Ham,Edson Álvarez,MEX,MF,26,1997,19.7,861,1003,85.8,14393,4200,424,475,89.3,361,402,89.8,66,92,71.7,1,0.8,0.9,0.2,12,92,12,3,85
ENG-Premier League,2425,West Ham,Emerson Palmieri,ITA,DF,29,1994,23.5,861,1077,79.9,12546,4549,515,574,89.7,283,348,81.3,43,102,42.2,1,1.5,2.2,-0.5,16,51,13,5,66
ENG-Premier League,2425,West Ham,Evan Ferguson,IRL,FW,19,2004,1.7,28,37,75.7,375,21,21,26,80.8,5,7,71.4,1,2,50.0,0,0.3,0.3,-0.3,2,1,0,0,1
ENG-Premier League,2425,West Ham,Guido Rodríguez,ARG,MF,30,1994,12.8,480,569,84.4,8091,2164,239,272,87.9,195,215,90.7,38,59,64.4,1,0.2,0.2,0.8,4,37,1,0,33
ENG-Premier League,2425,West Ham,James Ward-Prowse,ENG,MF,29,1994,11.5,677,768,88.2,11241,3140,354,369,95.9,257,281,91.5,56,96,58.3,1,1.9,1.8,-0.9,20,76,5,2,54
ENG-Premier League,2425,West Ham,Jarrod Bowen,ENG,"FW,MF",27,1996,33.0,584,815,71.7,9476,2687,326,388,84.0,187,250,74.8,54,94,57.4,8,6.8,6.5,1.2,51,41,46,8,91
ENG-Premier League,2425,West Ham,Jean-Clair Todibo,FRA,DF,24,1999,20.3,951,1082,87.9,16772,5965,355,378,93.9,542,574,94.4,48,109,44.0,0,0.0,0.1,0.0,2,44,1,0,38
ENG-Premier League,2425,West Ham,Kaelan Casey,ENG,DF,19,2004,0.0,0,0,,0,0,0,0,,0,0,,0,0,,0,0.0,0.0,0.0,0,0,0,0,0
ENG-Premier League,2425,West Ham,Konstantinos Mavropanos,GRE,DF,26,1997,22.7,1092,1265,86.3,21548,7277,341,373,91.4,643,693,92.8,102,176,58.0,0,0.5,0.4,-0.5,5,64,4,1,61
ENG-Premier League,2425,West Ham,Lewis Orford,ENG,MF,18,2006,0.5,33,38,86.8,583,83,11,13,84.6,18,20,90.0,2,3,66.7,0,0.0,0.0,0.0,2,2,1,1,0
ENG-Premier League,2425,West Ham,Lucas Paquetá,BRA,"MF,FW",26,1997,26.4,1126,1456,77.3,18683,6014,590,700,84.3,389,494,78.7,119,184,64.7,0,3.1,3.3,-3.1,36,132,44,4,155
ENG-Premier League,2425,West Ham,Luis Guilherme,BRA,"MF,FW",18,2006,1.7,58,67,86.6,894,212,37,38,97.4,16,18,88.9,5,8,62.5,0,0.1,0.1,-0.1,3,5,3,2,5
ENG-Premier League,2425,West Ham,Max Kilman,ENG,DF,27,1997,37.2,1697,1958,86.7,32592,10820,546,594,91.9,990,1065,93.0,150,265,56.6,1,1.2,1.2,-0.2,16,109,4,0,113
ENG-Premier League,2425,West Ham,Michail Antonio,JAM,FW,34,1990,9.3,114,188,60.6,2183,424,52,72,72.2,37,62,59.7,22,31,71.0,1,1.6,0.9,-0.6,9,11,6,2,18
ENG-Premier League,2425,West Ham,Mohammed Kudus,GHA,"FW,MF",23,2000,28.8,715,855,83.6,11695,1800,381,421,90.5,256,288,88.9,58,85,68.2,3,3.1,2.7,-0.1,31,46,29,15,79
ENG-Premier League,2425,West Ham,Niclas Füllkrug,GER,FW,31,1993,8.8,133,198,67.2,1852,314,83,108,76.9,35,58,60.3,7,13,53.8,2,1.9,0.4,0.1,14,12,5,0,14
ENG-Premier League,2425,West Ham,Oliver Scarles,ENG,"DF,FW",18,2005,7.4,293,372,78.8,4388,1151,174,196,88.8,106,126,84.1,11,37,29.7,0,0.1,0.1,-0.1,2,10,5,1,22
ENG-Premier League,2425,West Ham,Tomáš Souček,CZE,MF,29,1995,28.5,715,969,73.8,11811,3221,364,457,79.6,265,343,77.3,65,97,67.0,1,1.0,1.3,0.0,14,62,8,1,74
ENG-Premier League,2425,West Ham,Vladimír Coufal,CZE,DF,31,1992,11.9,470,598,78.6,7419,2842,247,272,90.8,184,228,80.7,28,72,38.9,0,0.7,1.0,-0.7,8,44,13,8,39
ENG-Premier League,2425,West Ham,Łukasz Fabiański,POL,GK,39,1985,12.9,332,495,67.1,9586,6808,59,59,100.0,159,160,99.4,114,275,41.5,0,0.0,0.0,0.0,0,5,0,0,0
ENG-Premier League,2425,Wolves,Alfie Pond,ENG,DF,20,2004,0.0,1,1,100.0,23,0,0,0,,1,1,100.0,0,0,,0,0.0,0.0,0.0,0,0,0,0,0
ENG-Premier League,2425,Wolves,André,BRA,MF,23,2001,27.5,1247,1342,92.9,19660,5471,646,677,95.4,475,500,95.0,80,98,81.6,0,0.8,0.7,-0.8,18,111,5,0,109
ENG-Premier League,2425,Wolves,Boubacar Traoré,MLI,MF,22,2001,0.0,0,0,,0,0,0,0,,0,0,,0,0,,0,0.0,0.0,0.0,0,0,0,0,0
ENG-Premier League,2425,Wolves,Carlos Forbs,POR,"MF,FW",20,2004,2.7,60,91,65.9,788,228,39,51,76.5,19,26,73.1,1,5,20.0,0,0.0,0.1,0.0,1,2,3,1,8
ENG-Premier League,2425,Wolves,Chiquinho,POR,MF,24,2000,0.1,3,3,100.0,71,22,1,1,100.0,1,1,100.0,1,1,100.0,0,0.0,0.0,0.0,1,0,1,1,0
ENG-Premier League,2425,Wolves,Craig Dawson,ENG,DF,34,1990,10.8,484,559,86.6,9745,3180,149,161,92.5,267,287,93.0,57,95,60.0,0,0.0,0.1,0.0,2,22,1,0,20
ENG-Premier League,2425,Wolves,Daniel Bentley,ENG,GK,31,1993,2.0,49,65,75.4,1252,851,6,6,100.0,33,33,100.0,10,26,38.5,0,0.0,0.0,0.0,0,1,0,0,0
ENG-Premier League,2425,Wolves,Daniel Podence,POR,"MF,FW",28,1995,0.5,11,16,68.8,132,78,7,7,100.0,3,3,100.0,0,2,0.0,0,0.0,0.0,0.0,0,1,1,0,2
ENG-Premier League,2425,Wolves,Emmanuel Agbadou,CIV,DF,27,1997,15.7,855,1001,85.4,17344,6203,276,299,92.3,466,501,93.0,107,181,59.1,0,0.2,0.3,-0.2,4,40,1,0,31
ENG-Premier League,2425,Wolves,Gonçalo Guedes,POR,"MF,FW",27,1996,11.1,259,349,74.2,4193,1060,137,158,86.7,97,128,75.8,17,35,48.6,4,1.3,0.9,2.7,14,18,17,5,40
ENG-Premier League,2425,Wolves,Hwang Hee-chan,KOR,"MF,FW",28,1996,7.3,166,204,81.4,2152,420,110,126,87.3,43,51,84.3,4,5,80.0,0,0.1,0.3,-0.1,3,7,4,2,12
ENG-Premier League,2425,Wolves,Jean-Ricner Bellegarde,HAI,"MF,FW",26,1998,18.6,475,599,79.3,7404,1436,271,304,89.1,152,188,80.9,36,62,58.1,7,3.8,2.8,3.2,27,30,18,8,43
ENG-Premier League,2425,Wolves,José Sá,POR,GK,31,1993,29.0,592,924,64.1,15334,10381,120,121,99.2,325,335,97.0,143,460,31.1,0,0.2,0.0,-0.2,3,22,1,0,2
ENG-Premier League,2425,Wolves,João Gomes,BRA,MF,23,2001,33.0,1380,1623,85.0,19707,4911,813,896,90.7,430,498,86.3,66,112,58.9,1,1.2,1.9,-0.2,23,122,24,1,165
ENG-Premier League,2425,Wolves,Jørgen Strand Larsen,NOR,FW,24,2000,28.7,295,457,64.6,3818,697,182,254,71.7,73,112,65.2,14,20,70.0,4,3.0,1.0,1.0,21,19,4,1,29
ENG-Premier League,2425,Wolves,Mario Lemina,GAB,"MF,DF",30,1993,15.2,493,613,80.4,9479,2966,176,207,85.0,249,284,87.7,58,95,61.1,3,1.1,1.2,1.9,10,43,13,4,48
ENG-Premier League,2425,Wolves,Marshall Munetsi,ZIM,"MF,FW",28,1996,12.0,152,212,71.7,1898,390,95,122,77.9,43,57,75.4,3,6,50.0,1,1.8,1.1,-0.8,9,7,3,2,10
ENG-Premier League,2425,Wolves,Mateus Mane,,MF,,,0.0,4,5,80.0,60,0,3,4,75.0,1,1,100.0,0,0,,0,0.0,0.0,0.0,0,0,0,0,0
ENG-Premier League,2425,Wolves,Matheus Cunha,BRA,"MF,FW",25,1999,28.9,811,1133,71.6,12850,4384,460,539,85.3,228,300,76.0,87,197,44.2,6,7.7,5.3,-1.7,56,92,58,10,144
ENG-Premier League,2425,Wolves,Matt Doherty,IRL,DF,32,1992,23.4,1078,1302,82.8,20102,6585,435,483,90.1,514,591,87.0,115,186,61.8,1,1.5,1.2,-0.5,12,94,15,1,79
ENG-Premier League,2425,Wolves,Nasser Djiga,BFA,DF,21,2002,0.7,40,48,83.3,740,183,9,10,90.0,28,29,96.6,3,8,37.5,0,0.0,0.0,0.0,0,3,0,0,3
ENG-Premier League,2425,Wolves,Nélson Semedo,POR,DF,30,1993,32.1,1096,1357,80.8,16627,5130,598,653,91.6,409,490,83.5,59,128,46.1,4,2.8,1.7,1.2,25,70,28,13,80
ENG-Premier League,2425,Wolves,Pablo Sarabia,ESP,"MF,FW",32,1992,9.0,308,445,69.2,5160,1909,144,165,87.3,110,147,74.8,36,80,45.0,2,1.8,1.9,0.2,15,39,20,3,60
ENG-Premier League,2425,Wolves,Pedro Lima,BRA,DF,18,2006,0.8,28,38,73.7,457,188,14,17,82.4,11,14,78.6,3,5,60.0,0,0.1,0.1,-0.1,2,2,3,2,4
ENG-Premier League,2425,Wolves,Rayan Aït-Nouri,ALG,DF,23,2001,34.5,1449,1721,84.2,19837,5926,897,959,93.5,435,499,87.2,48,118,40.7,7,5.5,4.0,1.5,46,77,30,10,108
ENG-Premier League,2425,Wolves,Rodrigo Gomes,POR,"DF,FW",21,2003,9.0,212,309,68.6,3052,1023,121,152,79.6,72,99,72.7,8,28,28.6,0,0.9,0.7,-0.9,12,12,14,4,27
ENG-Premier League,2425,Wolves,Sam Johnstone,ENG,GK,31,1993,7.0,184,278,66.2,5548,4270,31,32,96.9,80,82,97.6,72,160,45.0,0,0.0,0.0,0.0,1,6,0,0,0
ENG-Premier League,2425,Wolves,Santiago Bueno,URU,DF,25,1998,18.7,741,842,88.0,13598,4177,260,281,92.5,417,444,93.9,51,91,56.0,0,0.0,0.1,0.0,0,24,2,0,28
ENG-Premier League,2425,Wolves,Tom King,WAL,GK,29,1995,0.0,0,1,0.0,0,0,0,1,0.0,0,0,,0,0,,0,0.0,0.0,0.0,0,0,0,0,0
ENG-Premier League,2425,Wolves,Tommy Doyle,ENG,MF,22,2001,5.4,321,392,81.9,6591,2010,112,119,94.1,138,155,89.0,61,93,65.6,1,0.5,0.3,0.5,7,44,3,0,40
ENG-Premier League,2425,Wolves,Toti Gomes,POR,DF,25,1999,29.0,1473,1714,85.9,24482,8584,677,734,92.2,674,733,92.0,89,171,52.0,1,0.9,0.6,0.1,9,87,6,3,86
ENG-Premier League,2425,Wolves,Yerson Mosquera,COL,DF,23,2001,4.9,205,240,85.4,3996,1184,66,73,90.4,115,123,93.5,22,35,62.9,0,0.1,0.0,-0.1,2,16,1,1,7
