,,,,nation,pos,age,born,Playing Time,Playing Time,Playing Time,Playing Time,Performance,Performance,Performance,Performance,Performance,Performance,Performance,Performance,Expected,Expected,Expected,Expected,Progression,Progression,Progression,Per 90 Minutes,Per 90 Minutes,Per 90 Minutes,Per 90 Minutes,Per 90 Minutes,Per 90 Minutes,Per 90 Minutes,Per 90 Minutes,Per 90 Minutes,Per 90 Minutes
,,,,,,,,MP,Starts,Min,90s,Gls,Ast,G+A,G-PK,PK,PKatt,CrdY,CrdR,xG,npxG,xAG,npxG+xAG,PrgC,PrgP,PrgR,Gls,Ast,G+A,G-PK,G+A-PK,xG,xAG,xG+xAG,npxG,npxG+xAG
league,season,team,player,,,,,,,,,,,,,,,,,,,,,,,,,,,,,,,,,
ENG-Premier League,2324,Arsenal,Aaron Ramsdale,ENG,GK,25,1998,6,6,540,6.0,0,0,0,0,0,0,0,0,0.0,0.0,0.0,0.0,0,2,0,0.0,0.0,0.0,0.0,0.0,0.0,0.0,0.0,0.0,0.0
ENG-Premier League,2324,Arsenal,Ben White,ENG,DF,25,1997,37,35,2988,33.2,4,4,8,4,0,0,8,0,1.2,1.2,3.8,5.0,44,192,162,0.12,0.12,0.24,0.12,0.24,0.03,0.11,0.15,0.03,0.15
ENG-Premier League,2324,Arsenal,Bukayo Saka,ENG,FW,21,2001,35,35,2919,32.4,16,9,25,10,6,6,4,0,15.5,10.8,10.5,21.2,155,126,508,0.49,0.28,0.77,0.31,0.59,0.48,0.32,0.8,0.33,0.65
ENG-Premier League,2324,Arsenal,Cédric Soares,POR,DF,31,1991,3,0,62,0.7,0,0,0,0,0,0,0,0,0.0,0.0,0.0,0.0,0,3,6,0.0,0.0,0.0,0.0,0.0,0.0,0.0,0.0,0.0,0.0
ENG-Premier League,2324,Arsenal,David Raya,ESP,GK,27,1995,32,32,2880,32.0,0,0,0,0,0,0,2,0,0.0,0.0,0.0,0.0,0,2,0,0.0,0.0,0.0,0.0,0.0,0.0,0.0,0.0,0.0,0.0
ENG-Premier League,2324,Arsenal,Declan Rice,ENG,MF,24,1999,38,37,3225,35.8,7,8,15,7,0,0,5,0,3.3,3.3,5.3,8.6,75,278,64,0.2,0.22,0.42,0.2,0.42,0.09,0.15,0.24,0.09,0.24
ENG-Premier League,2324,Arsenal,Eddie Nketiah,ENG,FW,24,1999,27,10,1082,12.0,5,2,7,5,0,0,3,0,4.5,4.5,0.8,5.4,22,20,77,0.42,0.17,0.58,0.42,0.58,0.38,0.07,0.45,0.38,0.45
ENG-Premier League,2324,Arsenal,Emile Smith Rowe,ENG,MF,23,2000,13,3,353,3.9,0,1,1,0,0,0,0,0,2.0,2.0,0.2,2.2,11,23,18,0.0,0.25,0.25,0.0,0.25,0.5,0.06,0.56,0.5,0.56
ENG-Premier League,2324,Arsenal,Ethan Nwaneri,ENG,FW,16,2007,1,0,14,0.2,0,0,0,0,0,0,0,0,0.0,0.0,0.0,0.0,2,2,1,0.0,0.0,0.0,0.0,0.0,0.0,0.15,0.15,0.0,0.15
ENG-Premier League,2324,Arsenal,Fabio Vieira,POR,"MF,FW",23,2000,11,2,297,3.3,1,2,3,0,1,1,0,1,1.3,0.5,1.6,2.1,12,15,30,0.3,0.61,0.91,0.0,0.61,0.38,0.49,0.87,0.14,0.64
ENG-Premier League,2324,Arsenal,Gabriel Jesus,BRA,FW,26,1997,27,17,1478,16.4,4,5,9,4,0,0,6,0,6.3,6.3,3.8,10.1,38,42,155,0.24,0.3,0.55,0.24,0.55,0.39,0.23,0.62,0.39,0.62
ENG-Premier League,2324,Arsenal,Gabriel Magalhães,BRA,DF,25,1997,36,34,3044,33.8,4,0,4,4,0,0,4,0,4.3,4.3,0.7,5.0,13,117,8,0.12,0.0,0.12,0.12,0.12,0.13,0.02,0.15,0.13,0.15
ENG-Premier League,2324,Arsenal,Gabriel Martinelli,BRA,FW,22,2001,35,24,2019,22.4,6,4,10,6,0,0,1,0,6.8,6.8,6.1,12.9,127,65,345,0.27,0.18,0.45,0.27,0.45,0.31,0.27,0.58,0.31,0.58
ENG-Premier League,2324,Arsenal,Jakub Kiwior,POL,DF,23,2000,20,11,946,10.5,1,3,4,1,0,0,1,0,0.8,0.8,0.9,1.7,4,55,16,0.1,0.29,0.38,0.1,0.38,0.08,0.09,0.16,0.08,0.16
ENG-Premier League,2324,Arsenal,Jorginho,ITA,MF,31,1991,24,10,921,10.2,0,2,2,0,0,0,1,0,0.1,0.1,1.4,1.5,8,101,8,0.0,0.2,0.2,0.0,0.2,0.01,0.13,0.14,0.01,0.14
ENG-Premier League,2324,Arsenal,Jurriën Timber,NED,DF,22,2001,2,1,71,0.8,0,0,0,0,0,0,2,0,0.0,0.0,0.0,0.0,0,8,5,0.0,0.0,0.0,0.0,0.0,0.0,0.0,0.0,0.0,0.0
ENG-Premier League,2324,Arsenal,Kai Havertz,GER,"MF,FW",24,1999,37,30,2634,29.3,13,7,20,12,1,1,11,0,12.3,11.6,4.4,15.9,55,99,191,0.44,0.24,0.68,0.41,0.65,0.42,0.15,0.57,0.39,0.54
ENG-Premier League,2324,Arsenal,Leandro Trossard,BEL,"FW,MF",28,1994,34,18,1649,18.3,12,1,13,12,0,0,2,0,7.9,7.9,2.8,10.7,66,76,155,0.65,0.05,0.71,0.65,0.71,0.43,0.15,0.58,0.43,0.58
ENG-Premier League,2324,Arsenal,Martin Ødegaard,NOR,MF,24,1998,35,35,3091,34.3,8,10,18,6,2,2,2,0,7.4,5.8,9.6,15.5,91,344,202,0.23,0.29,0.52,0.17,0.47,0.22,0.28,0.5,0.17,0.45
ENG-Premier League,2324,Arsenal,Mohamed Elneny,EGY,MF,31,1992,3,0,28,0.3,0,0,0,0,0,0,0,0,0.1,0.1,0.0,0.1,1,1,0,0.0,0.0,0.0,0.0,0.0,0.26,0.0,0.26,0.26,0.26
ENG-Premier League,2324,Arsenal,Oleksandr Zinchenko,UKR,DF,26,1996,27,20,1722,19.1,1,2,3,1,0,0,2,0,0.6,0.6,2.5,3.1,40,229,58,0.05,0.1,0.16,0.05,0.16,0.03,0.13,0.16,0.03,0.16
ENG-Premier League,2324,Arsenal,Reiss Nelson,ENG,FW,23,1999,15,1,268,3.0,0,0,0,0,0,0,1,0,0.2,0.2,0.6,0.8,9,5,26,0.0,0.0,0.0,0.0,0.0,0.07,0.2,0.27,0.07,0.27
ENG-Premier League,2324,Arsenal,Takehiro Tomiyasu,JPN,DF,24,1998,22,10,1149,12.8,2,1,3,2,0,0,2,1,1.5,1.5,0.4,1.9,17,72,37,0.16,0.08,0.23,0.16,0.23,0.12,0.03,0.15,0.12,0.15
ENG-Premier League,2324,Arsenal,Thomas Partey,GHA,"MF,DF",30,1993,14,9,788,8.8,0,0,0,0,0,0,3,0,0.4,0.4,0.3,0.7,15,72,10,0.0,0.0,0.0,0.0,0.0,0.05,0.03,0.08,0.05,0.08
ENG-Premier League,2324,Arsenal,William Saliba,FRA,DF,22,2001,38,38,3420,38.0,2,1,3,2,0,0,4,0,1.6,1.6,0.2,1.8,16,157,6,0.05,0.03,0.08,0.05,0.08,0.04,0.01,0.05,0.04,0.05
ENG-Premier League,2324,Aston Villa,Bertrand Traoré,BFA,"DF,FW",27,1995,2,0,11,0.1,0,0,0,0,0,0,0,0,0.0,0.0,0.0,0.0,0,0,0,0.0,0.0,0.0,0.0,0.0,0.0,0.0,0.0,0.0,0.0
ENG-Premier League,2324,Aston Villa,Boubacar Kamara,FRA,MF,23,1999,20,20,1652,18.4,0,1,1,0,0,0,7,1,0.1,0.1,1.3,1.4,19,83,10,0.0,0.05,0.05,0.0,0.05,0.01,0.07,0.08,0.01,0.08
ENG-Premier League,2324,Aston Villa,Calum Chambers,ENG,"MF,DF",28,1995,5,1,152,1.7,0,1,1,0,0,0,1,0,0.0,0.0,0.1,0.1,0,5,1,0.0,0.59,0.59,0.0,0.59,0.0,0.06,0.06,0.0,0.06
ENG-Premier League,2324,Aston Villa,Cameron Archer,ENG,MF,22,2001,1,0,6,0.1,0,0,0,0,0,0,1,0,0.0,0.0,0.0,0.0,1,0,0,0.0,0.0,0.0,0.0,0.0,0.0,0.0,0.0,0.0,0.0
ENG-Premier League,2324,Aston Villa,Clément Lenglet,FRA,DF,28,1995,14,14,1153,12.8,0,1,1,0,0,0,3,0,0.9,0.9,0.8,1.6,26,51,1,0.0,0.08,0.08,0.0,0.08,0.07,0.06,0.13,0.07,0.13
ENG-Premier League,2324,Aston Villa,Diego Carlos,BRA,DF,30,1993,27,20,1816,20.2,0,0,0,0,0,0,4,0,1.9,1.9,0.1,2.0,4,59,1,0.0,0.0,0.0,0.0,0.0,0.1,0.0,0.1,0.1,0.1
ENG-Premier League,2324,Aston Villa,Douglas Luiz,BRA,MF,25,1998,35,35,2993,33.3,9,5,14,5,4,4,12,0,6.9,3.8,5.4,9.2,60,168,50,0.27,0.15,0.42,0.15,0.3,0.21,0.16,0.37,0.11,0.28
ENG-Premier League,2324,Aston Villa,Emiliano Martínez,ARG,GK,30,1992,34,34,3015,33.5,0,0,0,0,0,0,4,0,0.0,0.0,0.0,0.0,0,2,0,0.0,0.0,0.0,0.0,0.0,0.0,0.0,0.0,0.0,0.0
ENG-Premier League,2324,Aston Villa,Ezri Konsa,ENG,DF,25,1997,35,35,3069,34.1,1,0,1,1,0,0,5,0,2.5,2.5,0.5,3.0,37,136,33,0.03,0.0,0.03,0.03,0.03,0.07,0.02,0.09,0.07,0.09
ENG-Premier League,2324,Aston Villa,Finley Munroe,ENG,MF,18,2005,1,0,4,0.0,0,0,0,0,0,0,0,0,0.0,0.0,0.0,0.0,0,0,0,0.0,0.0,0.0,0.0,0.0,0.0,0.0,0.0,0.0,0.0
ENG-Premier League,2324,Aston Villa,Jacob Ramsey,ENG,"FW,MF",22,2001,16,8,853,9.5,1,1,2,1,0,0,2,0,2.2,2.2,1.0,3.2,33,28,69,0.11,0.11,0.21,0.11,0.21,0.23,0.11,0.34,0.23,0.34
ENG-Premier League,2324,Aston Villa,Jaden Philogene Bidace,ENG,FW,21,2002,1,0,4,0.0,0,0,0,0,0,0,0,0,0.0,0.0,0.0,0.0,2,0,1,0.0,0.0,0.0,0.0,0.0,0.0,0.0,0.0,0.0,0.0
ENG-Premier League,2324,Aston Villa,John McGinn,SCO,"MF,FW",28,1994,35,35,2999,33.3,6,4,10,6,0,0,9,1,5.0,5.0,4.6,9.6,59,189,84,0.18,0.12,0.3,0.18,0.3,0.15,0.14,0.29,0.15,0.29
ENG-Premier League,2324,Aston Villa,Jáder Durán,COL,"FW,MF",19,2003,23,3,475,5.3,5,0,5,5,0,0,5,0,2.0,2.0,0.3,2.3,9,9,25,0.95,0.0,0.95,0.95,0.95,0.38,0.06,0.44,0.38,0.44
ENG-Premier League,2324,Aston Villa,Kaine Kesler-Hayden,ENG,"MF,DF",20,2002,3,0,6,0.1,0,0,0,0,0,0,0,0,0.0,0.0,0.0,0.0,0,0,0,0.0,0.0,0.0,0.0,0.0,0.0,0.0,0.0,0.0,0.0
ENG-Premier League,2324,Aston Villa,Leander Dendoncker,BEL,MF,28,1995,8,1,119,1.3,1,0,1,1,0,0,0,0,0.7,0.7,0.0,0.7,0,3,2,0.76,0.0,0.76,0.76,0.76,0.56,0.0,0.56,0.56,0.56
ENG-Premier League,2324,Aston Villa,Leon Bailey,JAM,"MF,FW",25,1997,35,22,2068,23.0,10,9,19,10,0,0,5,0,6.3,6.3,9.2,15.5,102,82,226,0.44,0.39,0.83,0.44,0.83,0.27,0.4,0.67,0.27,0.67
ENG-Premier League,2324,Aston Villa,Lucas Digne,FRA,DF,30,1993,33,27,2410,26.8,1,3,4,1,0,0,7,0,1.1,1.1,4.1,5.2,42,77,200,0.04,0.11,0.15,0.04,0.15,0.04,0.15,0.19,0.04,0.19
ENG-Premier League,2324,Aston Villa,Matty Cash,POL,DF,25,1997,29,23,2142,23.8,2,2,4,2,0,0,8,0,4.2,4.2,2.3,6.5,62,88,101,0.08,0.08,0.17,0.08,0.17,0.18,0.1,0.27,0.18,0.27
ENG-Premier League,2324,Aston Villa,Morgan Rogers,ENG,"MF,FW",21,2002,11,8,638,7.1,3,1,4,3,0,0,3,0,1.4,1.4,0.6,2.0,22,28,30,0.42,0.14,0.56,0.42,0.56,0.19,0.09,0.28,0.19,0.28
ENG-Premier League,2324,Aston Villa,Moussa Diaby,FRA,"FW,MF",24,1999,38,25,2174,24.2,6,8,14,6,0,0,1,0,7.0,7.0,6.6,13.6,94,72,183,0.25,0.33,0.58,0.25,0.58,0.29,0.27,0.56,0.29,0.56
ENG-Premier League,2324,Aston Villa,Nicolò Zaniolo,ITA,"FW,MF",24,1999,25,9,839,9.3,2,0,2,2,0,0,7,0,2.6,2.6,1.0,3.6,35,30,60,0.21,0.0,0.21,0.21,0.21,0.28,0.11,0.39,0.28,0.39
ENG-Premier League,2324,Aston Villa,Ollie Watkins,ENG,FW,27,1995,37,37,3217,35.7,19,13,32,19,0,0,4,0,16.8,16.8,7.3,24.2,62,55,214,0.53,0.36,0.9,0.53,0.9,0.47,0.21,0.68,0.47,0.68
ENG-Premier League,2324,Aston Villa,Omari Kellyman,ENG,FW,17,2005,2,0,37,0.4,0,0,0,0,0,0,0,0,0.1,0.1,0.0,0.1,1,0,0,0.0,0.0,0.0,0.0,0.0,0.17,0.0,0.17,0.17,0.17
ENG-Premier League,2324,Aston Villa,Pau Torres,ESP,DF,26,1997,29,27,2464,27.4,2,0,2,2,0,0,1,0,1.0,1.0,0.4,1.4,42,128,16,0.07,0.0,0.07,0.07,0.07,0.04,0.02,0.05,0.04,0.05
ENG-Premier League,2324,Aston Villa,Philippe Coutinho,BRA,"MF,FW",31,1992,2,0,25,0.3,0,0,0,0,0,0,0,0,0.1,0.1,0.0,0.1,5,5,2,0.0,0.0,0.0,0.0,0.0,0.52,0.0,0.52,0.52,0.52
ENG-Premier League,2324,Aston Villa,Robin Olsen,SWE,GK,33,1990,5,4,405,4.5,0,0,0,0,0,0,0,0,0.0,0.0,0.0,0.0,0,0,0,0.0,0.0,0.0,0.0,0.0,0.0,0.0,0.0,0.0,0.0
ENG-Premier League,2324,Aston Villa,Tim Iroegbunam,ENG,MF,20,2003,9,1,164,1.8,0,0,0,0,0,0,0,0,0.0,0.0,0.0,0.0,3,1,0,0.0,0.0,0.0,0.0,0.0,0.0,0.0,0.0,0.0,0.0
ENG-Premier League,2324,Aston Villa,Tyrone Mings,ENG,DF,30,1993,1,1,30,0.3,0,0,0,0,0,0,0,0,0.0,0.0,0.0,0.0,0,0,0,0.0,0.0,0.0,0.0,0.0,0.02,0.07,0.09,0.02,0.09
ENG-Premier League,2324,Aston Villa,Youri Tielemans,BEL,"MF,FW",26,1997,32,17,1622,18.0,2,6,8,2,0,0,3,0,1.3,1.3,2.6,3.9,23,128,46,0.11,0.33,0.44,0.11,0.44,0.07,0.14,0.21,0.07,0.21
ENG-Premier League,2324,Aston Villa,Álex Moreno,ESP,DF,30,1993,21,11,1031,11.5,2,0,2,2,0,0,2,0,1.1,1.1,1.1,2.3,32,24,83,0.17,0.0,0.17,0.17,0.17,0.1,0.1,0.2,0.1,0.2
ENG-Premier League,2324,Bournemouth,Adam Smith,ENG,DF,32,1991,28,25,2150,23.9,0,2,2,0,0,0,6,0,0.1,0.1,1.3,1.4,24,89,28,0.0,0.08,0.08,0.0,0.08,0.0,0.05,0.06,0.0,0.06
ENG-Premier League,2324,Bournemouth,Alex Scott,ENG,MF,19,2003,23,11,1014,11.3,1,1,2,1,0,0,3,0,0.7,0.7,1.7,2.4,24,50,35,0.09,0.09,0.18,0.09,0.18,0.06,0.15,0.22,0.06,0.22
ENG-Premier League,2324,Bournemouth,Antoine Semenyo,GHA,FW,23,2000,33,25,2105,23.4,8,2,10,8,0,0,6,0,4.6,4.6,3.2,7.8,89,64,188,0.34,0.09,0.43,0.34,0.43,0.2,0.14,0.34,0.2,0.34
ENG-Premier League,2324,Bournemouth,Chris Mepham,WAL,DF,25,1997,10,6,617,6.9,0,1,1,0,0,0,2,0,0.1,0.1,0.4,0.5,4,25,1,0.0,0.15,0.15,0.0,0.15,0.01,0.06,0.07,0.01,0.07
ENG-Premier League,2324,Bournemouth,Dango Ouattara,BFA,"FW,DF",21,2002,30,12,1229,13.7,1,2,3,1,0,0,3,0,2.6,2.6,1.5,4.1,47,35,90,0.07,0.15,0.22,0.07,0.22,0.19,0.11,0.3,0.19,0.3
ENG-Premier League,2324,Bournemouth,David Brooks,WAL,"FW,MF",26,1997,13,2,282,3.1,1,1,2,1,0,0,1,0,2.2,2.2,1.0,3.2,8,21,27,0.32,0.32,0.64,0.32,0.64,0.7,0.33,1.03,0.7,1.03
ENG-Premier League,2324,Bournemouth,Dominic Sadi,ENG,FW,19,2003,1,0,1,0.0,0,0,0,0,0,0,0,0,0.0,0.0,0.0,0.0,0,0,0,0.0,0.0,0.0,0.0,0.0,0.0,0.0,0.0,0.0,0.0
ENG-Premier League,2324,Bournemouth,Dominic Solanke,ENG,FW,25,1997,38,37,3325,36.9,19,3,22,17,2,3,3,0,19.6,17.2,3.0,20.3,52,60,184,0.51,0.08,0.6,0.46,0.54,0.53,0.08,0.61,0.47,0.55
ENG-Premier League,2324,Bournemouth,Enes Ünal,TUR,"FW,MF",26,1997,16,2,328,3.6,2,2,4,2,0,0,1,0,2.9,2.9,1.0,3.9,4,7,28,0.55,0.55,1.1,0.55,1.1,0.8,0.28,1.07,0.8,1.07
ENG-Premier League,2324,Bournemouth,Hamed Junior Traorè,CIV,MF,23,2000,3,0,47,0.5,0,0,0,0,0,0,0,0,0.2,0.2,0.0,0.2,2,3,4,0.0,0.0,0.0,0.0,0.0,0.34,0.07,0.41,0.34,0.41
ENG-Premier League,2324,Bournemouth,Illia Zabarnyi,UKR,DF,20,2002,37,37,3330,37.0,1,0,1,1,0,0,5,0,1.1,1.1,0.4,1.5,24,109,1,0.03,0.0,0.03,0.03,0.03,0.03,0.01,0.04,0.03,0.04
ENG-Premier League,2324,Bournemouth,Ionuț Radu,ROU,GK,26,1997,2,2,180,2.0,0,0,0,0,0,0,0,0,0.0,0.0,0.0,0.0,0,0,0,0.0,0.0,0.0,0.0,0.0,0.0,0.0,0.0,0.0,0.0
ENG-Premier League,2324,Bournemouth,Jaidon Anthony,ENG,FW,23,1999,3,2,152,1.7,0,0,0,0,0,0,1,0,0.1,0.1,0.0,0.1,2,8,9,0.0,0.0,0.0,0.0,0.0,0.04,0.0,0.04,0.04,0.04
ENG-Premier League,2324,Bournemouth,James Hill,ENG,DF,21,2002,5,1,76,0.8,0,0,0,0,0,0,0,0,0.0,0.0,0.0,0.0,0,5,1,0.0,0.0,0.0,0.0,0.0,0.0,0.0,0.0,0.0,0.0
ENG-Premier League,2324,Bournemouth,Joe Rothwell,ENG,MF,28,1995,11,3,386,4.3,0,0,0,0,0,0,0,0,0.1,0.1,0.2,0.3,6,20,3,0.0,0.0,0.0,0.0,0.0,0.02,0.06,0.08,0.02,0.08
ENG-Premier League,2324,Bournemouth,Justin Kluivert,NED,"MF,FW",24,1999,32,26,1916,21.3,7,1,8,7,0,0,5,0,6.2,6.2,1.9,8.1,65,50,114,0.33,0.05,0.38,0.33,0.38,0.29,0.09,0.38,0.29,0.38
ENG-Premier League,2324,Bournemouth,Kieffer Moore,WAL,"FW,MF",30,1992,8,0,108,1.2,1,0,1,1,0,0,0,0,1.5,1.5,0.2,1.7,2,4,15,0.83,0.0,0.83,0.83,0.83,1.23,0.2,1.44,1.23,1.44
ENG-Premier League,2324,Bournemouth,Lewis Cook,ENG,MF,26,1997,33,32,2786,31.0,0,3,3,0,0,0,5,1,0.4,0.4,4.3,4.6,22,142,15,0.0,0.1,0.1,0.0,0.1,0.01,0.14,0.15,0.01,0.15
ENG-Premier League,2324,Bournemouth,Lloyd Kelly,ENG,DF,24,1998,23,17,1559,17.3,0,1,1,0,0,0,2,0,0.3,0.3,1.2,1.6,15,56,28,0.0,0.06,0.06,0.0,0.06,0.02,0.07,0.09,0.02,0.09
ENG-Premier League,2324,Bournemouth,Luis Sinisterra,COL,"FW,MF",24,1999,20,7,699,7.8,2,2,4,2,0,0,0,0,2.5,2.5,2.4,5.0,51,38,85,0.26,0.26,0.52,0.26,0.52,0.33,0.31,0.64,0.33,0.64
ENG-Premier League,2324,Bournemouth,Marcos Senesi,ARG,DF,26,1997,31,26,2242,24.9,4,5,9,4,0,0,13,0,2.0,2.0,1.7,3.7,31,127,4,0.16,0.2,0.36,0.16,0.36,0.08,0.07,0.15,0.08,0.15
ENG-Premier League,2324,Bournemouth,Marcus Tavernier,ENG,FW,24,1999,30,25,2118,23.5,3,4,7,3,0,0,3,0,3.9,3.9,5.2,9.1,79,84,171,0.13,0.17,0.3,0.13,0.3,0.17,0.22,0.39,0.17,0.39
ENG-Premier League,2324,Bournemouth,Mark Travers,IRL,GK,24,1999,4,4,360,4.0,0,0,0,0,0,0,0,0,0.0,0.0,0.0,0.0,0,0,0,0.0,0.0,0.0,0.0,0.0,0.0,0.0,0.0,0.0,0.0
ENG-Premier League,2324,Bournemouth,Max Aarons,ENG,DF,23,2000,20,13,1237,13.7,0,1,1,0,0,0,1,0,0.0,0.0,0.8,0.9,22,43,26,0.0,0.07,0.07,0.0,0.07,0.0,0.06,0.06,0.0,0.06
ENG-Premier League,2324,Bournemouth,Milos Kerkez,HUN,DF,19,2003,28,22,1970,21.9,0,1,1,0,0,0,4,1,1.2,1.2,0.8,2.0,46,44,93,0.0,0.05,0.05,0.0,0.05,0.06,0.04,0.09,0.06,0.09
ENG-Premier League,2324,Bournemouth,Neto,BRA,GK,34,1989,32,32,2880,32.0,0,0,0,0,0,0,5,0,0.0,0.0,0.0,0.0,0,0,0,0.0,0.0,0.0,0.0,0.0,0.0,0.0,0.0,0.0,0.0
ENG-Premier League,2324,Bournemouth,Philip Billing,DEN,MF,27,1996,29,13,1398,15.5,2,2,4,2,0,0,3,1,2.5,2.5,3.2,5.7,22,53,63,0.13,0.13,0.26,0.13,0.26,0.16,0.21,0.36,0.16,0.36
ENG-Premier League,2324,Bournemouth,Romain Faivre,FRA,"MF,FW",25,1998,5,0,41,0.5,0,0,0,0,0,0,1,0,0.2,0.2,0.0,0.2,4,5,4,0.0,0.0,0.0,0.0,0.0,0.34,0.0,0.34,0.34,0.34
ENG-Premier League,2324,Bournemouth,Ryan Christie,SCO,MF,28,1995,37,35,2907,32.3,0,5,5,0,0,0,6,0,2.3,2.3,5.4,7.7,60,167,78,0.0,0.15,0.15,0.0,0.15,0.07,0.17,0.24,0.07,0.24
ENG-Premier League,2324,Bournemouth,Tyler Adams,USA,MF,24,1999,3,1,121,1.3,0,0,0,0,0,0,0,0,0.0,0.0,0.1,0.1,4,5,1,0.0,0.0,0.0,0.0,0.0,0.0,0.06,0.06,0.0,0.06
ENG-Premier League,2324,Brentford,Aaron Hickey,SCO,DF,21,2002,9,9,713,7.9,0,0,0,0,0,0,5,0,0.2,0.2,0.1,0.3,9,21,13,0.0,0.0,0.0,0.0,0.0,0.03,0.01,0.04,0.03,0.04
ENG-Premier League,2324,Brentford,Ben Mee,ENG,DF,33,1989,16,15,1272,14.1,2,0,2,2,0,0,1,1,1.5,1.5,0.3,1.8,11,49,9,0.14,0.0,0.14,0.14,0.14,0.1,0.02,0.13,0.1,0.13
ENG-Premier League,2324,Brentford,Bryan Mbeumo,CMR,FW,23,1999,25,22,1960,21.8,9,6,15,6,3,3,2,0,9.8,7.4,4.6,12.1,74,88,195,0.41,0.28,0.69,0.28,0.55,0.45,0.21,0.66,0.34,0.55
ENG-Premier League,2324,Brentford,Christian Nørgaard,DEN,MF,29,1994,31,30,2505,27.8,2,1,3,2,0,0,8,0,3.5,3.5,1.9,5.4,15,161,42,0.07,0.04,0.11,0.07,0.11,0.12,0.07,0.19,0.12,0.19
ENG-Premier League,2324,Brentford,Ethan Pinnock,JAM,DF,30,1993,29,28,2521,28.0,2,0,2,2,0,0,1,0,2.0,2.0,1.0,3.0,11,61,16,0.07,0.0,0.07,0.07,0.07,0.07,0.04,0.11,0.07,0.11
ENG-Premier League,2324,Brentford,Frank Onyeka,NGA,MF,25,1998,26,11,1161,12.9,1,2,3,1,0,0,8,0,2.2,2.2,1.8,4.0,17,33,39,0.08,0.16,0.23,0.08,0.23,0.17,0.14,0.31,0.17,0.31
ENG-Premier League,2324,Brentford,Ivan Toney,ENG,FW,27,1996,17,16,1450,16.1,4,2,6,4,0,0,5,0,6.0,6.0,1.5,7.4,23,40,98,0.25,0.12,0.37,0.25,0.37,0.37,0.09,0.46,0.37,0.46
ENG-Premier League,2324,Brentford,Josh Dasilva,ENG,"DF,FW",24,1998,3,0,24,0.3,0,0,0,0,0,0,0,0,0.0,0.0,0.2,0.2,2,2,5,0.0,0.0,0.0,0.0,0.0,0.0,0.72,0.72,0.0,0.72
ENG-Premier League,2324,Brentford,Keane Lewis-Potter,ENG,"FW,DF",22,2001,30,15,1441,16.0,3,1,4,3,0,0,0,0,6.3,6.3,1.7,8.0,56,32,135,0.19,0.06,0.25,0.19,0.25,0.39,0.11,0.5,0.39,0.5
ENG-Premier League,2324,Brentford,Kevin Schade,GER,"FW,MF",21,2001,11,3,333,3.7,2,1,3,2,0,0,0,0,1.2,1.2,0.7,1.9,8,9,23,0.54,0.27,0.81,0.54,0.81,0.32,0.19,0.52,0.32,0.52
ENG-Premier League,2324,Brentford,Kristoffer Ajer,NOR,DF,25,1998,28,21,1832,20.4,2,1,3,2,0,0,5,0,1.3,1.3,2.3,3.6,22,61,31,0.1,0.05,0.15,0.1,0.15,0.06,0.11,0.18,0.06,0.18
ENG-Premier League,2324,Brentford,Mads Roerslev,DEN,DF,24,1999,34,22,1985,22.1,1,2,3,1,0,0,1,0,0.9,0.9,1.8,2.7,18,43,90,0.05,0.09,0.14,0.05,0.14,0.04,0.08,0.12,0.04,0.12
ENG-Premier League,2324,Brentford,Mark Flekken,NED,GK,30,1993,37,37,3285,36.5,0,1,1,0,0,0,3,0,0.0,0.0,0.5,0.5,0,5,0,0.0,0.03,0.03,0.0,0.03,0.0,0.01,0.01,0.0,0.01
ENG-Premier League,2324,Brentford,Mathias Jensen,DEN,MF,27,1996,32,27,2204,24.5,3,3,6,3,0,0,5,0,0.7,0.7,4.0,4.7,19,123,66,0.12,0.12,0.25,0.12,0.25,0.03,0.16,0.19,0.03,0.19
ENG-Premier League,2324,Brentford,Mathias Jørgensen,DEN,DF,33,1990,14,12,1087,12.1,1,0,1,1,0,0,4,0,0.7,0.7,0.9,1.7,5,50,4,0.08,0.0,0.08,0.08,0.08,0.06,0.08,0.14,0.06,0.14
ENG-Premier League,2324,Brentford,Michael Olakigbe,ENG,"DF,FW",19,2004,8,0,59,0.7,0,0,0,0,0,0,0,0,0.1,0.1,0.0,0.1,10,4,17,0.0,0.0,0.0,0.0,0.0,0.18,0.0,0.18,0.18,0.18
ENG-Premier League,2324,Brentford,Mikkel Damsgaard,DEN,MF,23,2000,23,7,842,9.4,0,2,2,0,0,0,2,0,0.9,0.9,1.4,2.4,16,61,32,0.0,0.21,0.21,0.0,0.21,0.1,0.16,0.25,0.1,0.25
ENG-Premier League,2324,Brentford,Myles Peart-Harris,ENG,"DF,MF",20,2002,3,0,13,0.1,0,0,0,0,0,0,0,0,0.0,0.0,0.0,0.0,2,1,1,0.0,0.0,0.0,0.0,0.0,0.0,0.12,0.12,0.0,0.12
ENG-Premier League,2324,Brentford,Nathan Collins,IRL,DF,22,2001,32,29,2652,29.5,1,1,2,1,0,0,3,0,1.7,1.7,2.2,3.9,11,97,18,0.03,0.03,0.07,0.03,0.07,0.06,0.07,0.13,0.06,0.13
ENG-Premier League,2324,Brentford,Neal Maupay,FRA,FW,26,1996,29,13,1321,14.7,6,3,9,6,0,0,8,0,5.7,5.7,2.3,8.1,21,37,91,0.41,0.2,0.61,0.41,0.61,0.39,0.16,0.55,0.39,0.55
ENG-Premier League,2324,Brentford,Rico Henry,ENG,DF,26,1997,5,5,401,4.5,0,1,1,0,0,0,1,0,0.1,0.1,1.0,1.1,13,20,12,0.0,0.22,0.22,0.0,0.22,0.02,0.22,0.24,0.02,0.24
ENG-Premier League,2324,Brentford,Saman Ghoddos,IRN,DF,29,1993,19,7,739,8.2,1,0,1,1,0,0,5,0,0.3,0.3,1.1,1.4,22,36,31,0.12,0.0,0.12,0.12,0.12,0.04,0.13,0.17,0.04,0.17
ENG-Premier League,2324,Brentford,Sergio Reguilón,ESP,DF,26,1996,16,14,1118,12.4,0,4,4,0,0,0,4,1,0.8,0.8,2.8,3.6,34,38,40,0.0,0.32,0.32,0.0,0.32,0.06,0.23,0.29,0.06,0.29
ENG-Premier League,2324,Brentford,Shandon Baptiste,GRN,MF,25,1998,10,2,229,2.5,1,1,2,1,0,0,1,0,0.9,0.9,0.2,1.1,3,5,1,0.39,0.39,0.79,0.39,0.79,0.35,0.08,0.43,0.35,0.43
ENG-Premier League,2324,Brentford,Thomas Strakosha,ALB,GK,28,1995,2,1,135,1.5,0,0,0,0,0,0,0,0,0.0,0.0,0.0,0.0,0,0,0,0.0,0.0,0.0,0.0,0.0,0.0,0.0,0.0,0.0,0.0
ENG-Premier League,2324,Brentford,Vitaly Janelt,GER,"MF,DF",25,1998,38,37,3054,33.9,1,3,4,1,0,0,8,0,1.8,1.8,4.8,6.5,25,123,81,0.03,0.09,0.12,0.03,0.12,0.05,0.14,0.19,0.05,0.19
ENG-Premier League,2324,Brentford,Yehor Yarmoliuk,UKR,MF,19,2004,27,6,688,7.6,0,0,0,0,0,0,2,0,1.0,1.0,0.1,1.1,13,35,36,0.0,0.0,0.0,0.0,0.0,0.13,0.01,0.14,0.13,0.14
ENG-Premier League,2324,Brentford,Yoane Wissa,COD,FW,26,1996,34,29,2493,27.7,12,3,15,12,0,0,7,0,10.6,10.6,3.9,14.5,45,48,150,0.43,0.11,0.54,0.43,0.54,0.38,0.14,0.52,0.38,0.52
ENG-Premier League,2324,Brighton,Adam Lallana,ENG,"MF,FW",35,1988,25,13,850,9.4,0,1,1,0,0,0,2,0,0.8,0.8,1.7,2.5,9,39,55,0.0,0.11,0.11,0.0,0.11,0.09,0.18,0.27,0.09,0.27
ENG-Premier League,2324,Brighton,Adam Webster,ENG,DF,28,1995,15,13,1144,12.7,0,0,0,0,0,0,2,0,0.4,0.4,0.1,0.6,16,80,2,0.0,0.0,0.0,0.0,0.0,0.03,0.01,0.05,0.03,0.05
ENG-Premier League,2324,Brighton,Ansu Fati,ESP,"MF,FW",20,2002,19,3,521,5.8,2,0,2,2,0,0,2,0,3.4,3.4,0.8,4.2,16,28,50,0.35,0.0,0.35,0.35,0.35,0.59,0.14,0.73,0.59,0.73
ENG-Premier League,2324,Brighton,Bart Verbruggen,NED,GK,20,2002,21,21,1890,21.0,0,0,0,0,0,0,3,0,0.0,0.0,0.0,0.0,0,3,0,0.0,0.0,0.0,0.0,0.0,0.0,0.0,0.0,0.0,0.0
ENG-Premier League,2324,Brighton,Benicio Boaitey,ENG,"FW,DF",19,2004,5,0,40,0.4,0,0,0,0,0,0,1,0,0.0,0.0,0.1,0.1,1,2,2,0.0,0.0,0.0,0.0,0.0,0.05,0.13,0.19,0.05,0.19
ENG-Premier League,2324,Brighton,Billy Gilmour,SCO,MF,22,2001,30,24,2120,23.6,0,1,1,0,0,0,8,1,1.0,1.0,2.0,3.0,39,193,33,0.0,0.04,0.04,0.0,0.04,0.04,0.09,0.13,0.04,0.13
ENG-Premier League,2324,Brighton,Carlos Baleba,CMR,MF,19,2004,27,15,1325,14.7,0,0,0,0,0,0,7,0,0.8,0.8,0.3,1.1,19,50,9,0.0,0.0,0.0,0.0,0.0,0.06,0.02,0.08,0.06,0.08
ENG-Premier League,2324,Brighton,Danny Welbeck,ENG,"FW,MF",32,1990,29,21,1693,18.8,5,1,6,5,0,0,4,0,5.3,5.3,1.7,7.0,32,44,100,0.27,0.05,0.32,0.27,0.32,0.28,0.09,0.37,0.28,0.37
ENG-Premier League,2324,Brighton,Evan Ferguson,IRL,FW,18,2004,27,15,1367,15.2,6,0,6,6,0,0,1,0,4.6,4.6,0.5,5.1,13,15,62,0.4,0.0,0.4,0.4,0.4,0.3,0.04,0.34,0.3,0.34
ENG-Premier League,2324,Brighton,Facundo Buonanotte,ARG,"FW,MF",18,2004,27,17,1364,15.2,3,1,4,3,0,0,7,0,2.4,2.4,1.8,4.2,23,42,69,0.2,0.07,0.26,0.2,0.26,0.16,0.12,0.28,0.16,0.28
ENG-Premier League,2324,Brighton,Igor,BRA,DF,25,1998,24,17,1637,18.2,0,0,0,0,0,0,4,0,0.3,0.3,0.7,1.0,30,107,12,0.0,0.0,0.0,0.0,0.0,0.02,0.04,0.05,0.02,0.05
ENG-Premier League,2324,Brighton,Jack Hinshelwood,ENG,DF,18,2005,12,8,869,9.7,3,0,3,3,0,0,1,0,1.9,1.9,0.7,2.5,16,19,38,0.31,0.0,0.31,0.31,0.31,0.19,0.07,0.26,0.19,0.26
ENG-Premier League,2324,Brighton,Jakub Moder,POL,"MF,DF",24,1999,17,6,618,6.9,0,0,0,0,0,0,2,0,0.6,0.6,0.8,1.3,10,23,26,0.0,0.0,0.0,0.0,0.0,0.08,0.11,0.2,0.08,0.2
ENG-Premier League,2324,Brighton,James Milner,ENG,"DF,MF",37,1986,15,11,773,8.6,0,2,2,0,0,0,3,0,0.3,0.3,1.8,2.0,11,69,73,0.0,0.23,0.23,0.0,0.23,0.03,0.21,0.24,0.03,0.24
ENG-Premier League,2324,Brighton,Jan Paul van Hecke,NED,DF,23,2000,28,26,2369,26.3,0,0,0,0,0,0,4,0,1.2,1.2,0.9,2.1,25,147,7,0.0,0.0,0.0,0.0,0.0,0.05,0.03,0.08,0.05,0.08
ENG-Premier League,2324,Brighton,Jason Steele,ENG,GK,32,1990,17,17,1530,17.0,0,0,0,0,0,0,0,0,0.0,0.0,0.0,0.0,0,0,0,0.0,0.0,0.0,0.0,0.0,0.0,0.0,0.0,0.0,0.0
ENG-Premier League,2324,Brighton,João Pedro,BRA,"FW,MF",21,2001,31,19,2045,22.7,9,3,12,5,4,5,2,0,11.9,7.9,3.8,11.7,83,92,205,0.4,0.13,0.53,0.22,0.35,0.53,0.17,0.69,0.35,0.51
ENG-Premier League,2324,Brighton,Joël Veltman,NED,DF,31,1992,27,17,1588,17.6,1,1,2,1,0,0,4,0,0.4,0.4,0.5,0.9,24,85,54,0.06,0.06,0.11,0.06,0.11,0.02,0.03,0.05,0.02,0.05
ENG-Premier League,2324,Brighton,Julio Enciso,PAR,"MF,FW",19,2004,12,5,475,5.3,0,2,2,0,0,0,2,0,1.4,1.4,1.7,3.2,28,21,29,0.0,0.38,0.38,0.0,0.38,0.27,0.32,0.59,0.27,0.59
ENG-Premier League,2324,Brighton,Kaoru Mitoma,JPN,FW,26,1997,19,15,1486,16.5,3,4,7,3,0,0,4,0,3.5,3.5,2.7,6.2,121,64,239,0.18,0.24,0.42,0.18,0.42,0.21,0.16,0.37,0.21,0.37
ENG-Premier League,2324,Brighton,Lewis Dunk,ENG,DF,31,1991,33,33,2869,31.9,3,1,4,3,0,0,7,1,3.1,3.1,0.9,4.0,33,152,13,0.09,0.03,0.13,0.09,0.13,0.1,0.03,0.12,0.1,0.12
ENG-Premier League,2324,Brighton,Mahmoud Dahoud,GER,MF,27,1996,9,6,452,5.0,0,1,1,0,0,0,1,1,0.2,0.2,0.9,1.1,4,11,6,0.0,0.2,0.2,0.0,0.2,0.04,0.18,0.22,0.04,0.22
ENG-Premier League,2324,Brighton,Mark O'Mahony,IRL,FW,18,2005,3,1,63,0.7,0,0,0,0,0,0,1,0,0.1,0.1,0.0,0.1,0,0,0,0.0,0.0,0.0,0.0,0.0,0.08,0.0,0.08,0.08,0.08
ENG-Premier League,2324,Brighton,Odeluga Offiah,ENG,DF,20,2002,4,1,128,1.4,0,0,0,0,0,0,0,0,0.0,0.0,0.0,0.0,9,4,9,0.0,0.0,0.0,0.0,0.0,0.0,0.0,0.0,0.0,0.0
ENG-Premier League,2324,Brighton,Pascal Groß,GER,"MF,DF",32,1991,36,34,3114,34.6,4,10,14,3,1,1,6,0,6.5,5.7,8.1,13.8,83,302,180,0.12,0.29,0.4,0.09,0.38,0.19,0.24,0.42,0.16,0.4
ENG-Premier League,2324,Brighton,Pervis Estupiñán,ECU,DF,25,1998,19,15,1243,13.8,2,3,5,2,0,0,4,0,1.0,1.0,3.5,4.4,47,83,88,0.14,0.22,0.36,0.14,0.36,0.07,0.25,0.32,0.07,0.32
ENG-Premier League,2324,Brighton,Simon Adingra,CIV,FW,21,2002,31,25,2222,24.7,6,1,7,6,0,0,3,0,4.3,4.3,3.7,8.0,111,50,278,0.24,0.04,0.28,0.24,0.28,0.17,0.15,0.32,0.17,0.32
ENG-Premier League,2324,Brighton,Solly March,ENG,"FW,DF",29,1994,7,7,554,6.2,3,1,4,3,0,0,1,0,2.0,2.0,1.0,2.9,14,24,44,0.49,0.16,0.65,0.49,0.65,0.32,0.16,0.47,0.32,0.47
ENG-Premier League,2324,Brighton,Tariq Lamptey,GHA,"DF,FW",22,2000,19,10,914,10.2,0,3,3,0,0,0,3,0,0.4,0.4,1.2,1.7,39,17,64,0.0,0.3,0.3,0.0,0.3,0.04,0.12,0.16,0.04,0.16
ENG-Premier League,2324,Brighton,Valentín Barco,ARG,"DF,FW",19,2004,6,3,307,3.4,0,0,0,0,0,0,1,0,0.2,0.2,0.2,0.4,8,14,20,0.0,0.0,0.0,0.0,0.0,0.05,0.07,0.13,0.05,0.13
ENG-Premier League,2324,Burnley,Aaron Ramsey,ENG,"MF,FW",20,2003,14,5,527,5.9,0,0,0,0,0,0,1,0,0.3,0.3,0.4,0.7,8,8,17,0.0,0.0,0.0,0.0,0.0,0.06,0.07,0.13,0.06,0.13
ENG-Premier League,2324,Burnley,Ameen Al-Dakhil,BEL,DF,21,2002,13,12,1056,11.7,1,0,1,1,0,0,1,0,1.3,1.3,0.1,1.4,7,35,9,0.09,0.0,0.09,0.09,0.09,0.11,0.01,0.12,0.11,0.12
ENG-Premier League,2324,Burnley,Anass Zaroury,MAR,"FW,MF",22,2000,6,1,152,1.7,0,0,0,0,0,0,0,1,0.2,0.2,0.0,0.2,2,2,12,0.0,0.0,0.0,0.0,0.0,0.1,0.02,0.12,0.1,0.12
ENG-Premier League,2324,Burnley,Arijanet Muric,KVX,GK,24,1998,10,10,900,10.0,0,0,0,0,0,0,0,0,0.0,0.0,0.2,0.2,0,1,0,0.0,0.0,0.0,0.0,0.0,0.0,0.02,0.02,0.0,0.02
ENG-Premier League,2324,Burnley,Benson Manuel,ANG,"MF,FW",26,1997,8,1,116,1.3,0,0,0,0,0,0,0,0,0.1,0.1,0.0,0.1,5,2,14,0.0,0.0,0.0,0.0,0.0,0.05,0.03,0.08,0.05,0.08
ENG-Premier League,2324,Burnley,Charlie Taylor,ENG,DF,29,1993,28,25,2331,25.9,1,1,2,1,0,0,8,0,0.2,0.2,1.2,1.5,36,82,81,0.04,0.04,0.08,0.04,0.08,0.01,0.05,0.06,0.01,0.06
ENG-Premier League,2324,Burnley,Connor Roberts,WAL,DF,27,1995,14,8,823,9.1,0,1,1,0,0,0,5,1,0.0,0.0,0.2,0.2,6,38,13,0.0,0.11,0.11,0.0,0.11,0.0,0.02,0.02,0.0,0.02
ENG-Premier League,2324,Burnley,Dara O'Shea,IRL,DF,24,1999,33,32,2892,32.1,3,4,7,3,0,0,5,1,0.7,0.7,2.0,2.7,32,122,10,0.09,0.12,0.22,0.09,0.22,0.02,0.06,0.08,0.02,0.08
ENG-Premier League,2324,Burnley,David Datro Fofana,CIV,FW,20,2002,15,10,879,9.8,4,1,5,4,0,0,1,0,4.5,4.5,1.8,6.4,21,15,39,0.41,0.1,0.51,0.41,0.51,0.46,0.19,0.65,0.46,0.65
ENG-Premier League,2324,Burnley,Han-Noah Massengo,FRA,"MF,DF",22,2001,3,0,16,0.2,0,0,0,0,0,0,0,0,0.0,0.0,0.0,0.0,2,0,0,0.0,0.0,0.0,0.0,0.0,0.0,0.0,0.0,0.0,0.0
ENG-Premier League,2324,Burnley,Hannes Delcroix,HAI,DF,24,1999,12,5,589,6.5,0,0,0,0,0,0,2,0,0.4,0.4,0.2,0.6,2,18,6,0.0,0.0,0.0,0.0,0.0,0.05,0.03,0.09,0.05,0.09
ENG-Premier League,2324,Burnley,Hjalmar Ekdal,SWE,DF,24,1998,8,5,437,4.9,0,0,0,0,0,0,2,0,0.1,0.1,0.1,0.1,5,11,1,0.0,0.0,0.0,0.0,0.0,0.01,0.01,0.03,0.01,0.03
ENG-Premier League,2324,Burnley,Jack Cork,ENG,MF,34,1989,4,0,27,0.3,0,0,0,0,0,0,0,0,0.0,0.0,0.0,0.0,4,4,1,0.0,0.0,0.0,0.0,0.0,0.0,0.0,0.0,0.0,0.0
ENG-Premier League,2324,Burnley,Jacob Bruun Larsen,DEN,"MF,FW",24,1998,32,16,1249,13.9,6,0,6,5,1,1,1,0,5.0,4.2,1.5,5.7,61,38,146,0.43,0.0,0.43,0.36,0.36,0.36,0.1,0.46,0.3,0.41
ENG-Premier League,2324,Burnley,James Trafford,ENG,GK,20,2002,28,28,2520,28.0,0,0,0,0,0,0,2,0,0.0,0.0,0.0,0.0,0,6,0,0.0,0.0,0.0,0.0,0.0,0.0,0.0,0.0,0.0,0.0
ENG-Premier League,2324,Burnley,Jay Rodriguez,ENG,FW,34,1989,21,7,822,9.1,2,1,3,1,1,1,0,0,3.5,2.7,0.2,2.9,2,17,28,0.22,0.11,0.33,0.11,0.22,0.38,0.02,0.4,0.3,0.32
ENG-Premier League,2324,Burnley,Jordan Beyer,GER,DF,23,2000,15,15,1234,13.7,0,1,1,0,0,0,6,0,0.5,0.5,0.3,0.8,9,25,1,0.0,0.07,0.07,0.0,0.07,0.04,0.02,0.06,0.04,0.06
ENG-Premier League,2324,Burnley,Josh Brownhill,ENG,MF,27,1995,33,23,2252,25.0,4,2,6,4,0,0,4,1,1.9,1.9,2.1,4.0,19,90,36,0.16,0.08,0.24,0.16,0.24,0.08,0.08,0.16,0.08,0.16
ENG-Premier League,2324,Burnley,Josh Cullen,IRL,MF,27,1996,25,23,2057,22.9,2,3,5,2,0,0,9,0,0.6,0.6,1.8,2.4,22,123,22,0.09,0.13,0.22,0.09,0.22,0.03,0.08,0.11,0.03,0.11
ENG-Premier League,2324,Burnley,Jóhann Berg Guðmundsson,ISL,"MF,FW",32,1990,26,12,1192,13.2,1,3,4,1,0,0,2,0,1.9,1.9,2.7,4.5,13,59,69,0.08,0.23,0.3,0.08,0.3,0.14,0.2,0.34,0.14,0.34
ENG-Premier League,2324,Burnley,Lorenz Assignon,TOG,DF,23,2000,15,15,1234,13.7,1,2,3,1,0,0,5,1,0.4,0.4,2.6,3.0,38,34,57,0.07,0.15,0.22,0.07,0.22,0.03,0.19,0.22,0.03,0.22
ENG-Premier League,2324,Burnley,Luca Koleosho,ITA,"MF,FW",18,2004,15,13,974,10.8,1,1,2,1,0,0,0,0,2.0,2.0,1.3,3.3,53,19,82,0.09,0.09,0.18,0.09,0.18,0.18,0.12,0.3,0.18,0.3
ENG-Premier League,2324,Burnley,Lyle Foster,RSA,"FW,MF",22,2000,24,22,1899,21.1,5,3,8,5,0,0,0,1,4.5,4.5,1.9,6.4,55,37,104,0.24,0.14,0.38,0.24,0.38,0.21,0.09,0.3,0.21,0.3
ENG-Premier League,2324,Burnley,Maxime Estève,FRA,DF,21,2002,16,15,1309,14.5,0,0,0,0,0,0,6,0,0.3,0.3,0.0,0.3,15,40,3,0.0,0.0,0.0,0.0,0.0,0.02,0.0,0.02,0.02,0.02
ENG-Premier League,2324,Burnley,Michael Obafemi,IRL,"FW,MF",23,2000,2,0,20,0.2,0,0,0,0,0,0,0,0,0.1,0.1,0.0,0.1,0,0,3,0.0,0.0,0.0,0.0,0.0,0.4,0.0,0.4,0.4,0.4
ENG-Premier League,2324,Burnley,Mike Trésor,BEL,"FW,MF",24,1999,16,3,420,4.7,0,0,0,0,0,0,0,0,0.5,0.5,0.4,0.9,15,10,31,0.0,0.0,0.0,0.0,0.0,0.1,0.08,0.18,0.1,0.18
ENG-Premier League,2324,Burnley,Nathan Redmond,ENG,"FW,MF",29,1994,12,0,142,1.6,0,0,0,0,0,0,1,0,0.0,0.0,0.3,0.3,7,8,22,0.0,0.0,0.0,0.0,0.0,0.0,0.19,0.19,0.0,0.19
ENG-Premier League,2324,Burnley,Sander Berge,NOR,MF,25,1998,37,34,3005,33.4,1,2,3,1,0,0,10,1,1.9,1.9,2.4,4.3,64,164,29,0.03,0.06,0.09,0.03,0.09,0.06,0.07,0.13,0.06,0.13
ENG-Premier League,2324,Burnley,Vitinho,BRA,"DF,MF",24,1999,32,26,2314,25.7,0,2,2,0,0,0,1,0,1.6,1.6,1.3,2.9,59,66,110,0.0,0.08,0.08,0.0,0.08,0.06,0.05,0.11,0.06,0.11
ENG-Premier League,2324,Burnley,Wilson Odobert,FRA,"MF,FW",18,2004,29,25,2098,23.3,3,2,5,3,0,0,3,0,2.8,2.8,3.3,6.1,102,58,123,0.13,0.09,0.21,0.13,0.21,0.12,0.14,0.26,0.12,0.26
ENG-Premier League,2324,Burnley,Zeki Amdouni,SUI,FW,22,2000,34,27,1953,21.7,5,1,6,4,1,1,2,0,5.8,5.0,1.4,6.5,63,49,93,0.23,0.05,0.28,0.18,0.23,0.27,0.07,0.33,0.23,0.3
ENG-Premier League,2324,Chelsea,Alex Matos,ENG,MF,18,2004,1,0,1,0.0,0,0,0,0,0,0,0,0,0.0,0.0,0.0,0.0,0,0,0,0.0,0.0,0.0,0.0,0.0,0.0,0.0,0.0,0.0,0.0
ENG-Premier League,2324,Chelsea,Alfie Gilchrist,ENG,DF,19,2003,11,2,207,2.3,1,0,1,1,0,0,1,0,0.3,0.3,0.0,0.3,1,7,4,0.43,0.0,0.43,0.43,0.43,0.14,0.0,0.14,0.14,0.14
ENG-Premier League,2324,Chelsea,Armando Broja,ALB,FW,21,2001,13,6,454,5.0,1,0,1,1,0,0,0,0,2.4,2.4,0.2,2.5,11,6,37,0.2,0.0,0.2,0.2,0.2,0.47,0.03,0.5,0.47,0.5
ENG-Premier League,2324,Chelsea,Axel Disasi,FRA,DF,25,1998,31,29,2579,28.7,2,0,2,2,0,0,6,0,2.4,2.4,0.3,2.7,30,112,21,0.07,0.0,0.07,0.07,0.07,0.08,0.01,0.09,0.08,0.09
ENG-Premier League,2324,Chelsea,Ben Chilwell,ENG,DF,26,1996,13,9,756,8.4,0,1,1,0,0,0,5,0,1.2,1.2,2.2,3.4,22,25,59,0.0,0.12,0.12,0.0,0.12,0.14,0.26,0.41,0.14,0.41
ENG-Premier League,2324,Chelsea,Benoît Badiashile,FRA,DF,22,2001,18,15,1338,14.9,0,1,1,0,0,0,3,0,0.3,0.3,1.5,1.8,3,46,3,0.0,0.07,0.07,0.0,0.07,0.02,0.1,0.12,0.02,0.12
ENG-Premier League,2324,Chelsea,Carney Chukwuemeka,ENG,"MF,FW",19,2003,9,2,227,2.5,1,1,2,1,0,0,2,0,0.2,0.2,0.3,0.5,4,12,19,0.4,0.4,0.79,0.4,0.79,0.06,0.13,0.19,0.06,0.19
ENG-Premier League,2324,Chelsea,Cesare Casadei,ITA,"FW,MF",20,2003,11,0,79,0.9,0,0,0,0,0,0,0,0,0.0,0.0,0.1,0.1,1,3,3,0.0,0.0,0.0,0.0,0.0,0.0,0.12,0.12,0.0,0.12
ENG-Premier League,2324,Chelsea,Christopher Nkunku,FRA,"FW,MF",25,1997,11,2,443,4.9,3,0,3,3,0,0,0,0,2.3,2.3,0.2,2.5,10,19,35,0.61,0.0,0.61,0.61,0.61,0.47,0.05,0.52,0.47,0.52
ENG-Premier League,2324,Chelsea,Cole Palmer,ENG,"FW,MF",21,2002,33,29,2607,29.0,22,11,33,13,9,9,7,0,18.2,11.1,11.1,22.2,117,197,195,0.76,0.38,1.14,0.45,0.83,0.63,0.38,1.01,0.38,0.77
ENG-Premier League,2324,Chelsea,Conor Gallagher,ENG,MF,23,2000,37,37,3128,34.8,5,7,12,5,0,0,9,1,4.2,4.2,5.0,9.2,62,172,122,0.14,0.2,0.35,0.14,0.35,0.12,0.15,0.27,0.12,0.27
ENG-Premier League,2324,Chelsea,Deivid Washington,BRA,"DF,FW",18,2005,2,0,13,0.1,0,0,0,0,0,0,0,0,0.5,0.5,0.0,0.5,0,0,1,0.0,0.0,0.0,0.0,0.0,3.23,0.0,3.23,3.23,3.23
ENG-Premier League,2324,Chelsea,Enzo Fernández,ARG,MF,22,2001,28,26,2209,24.5,3,2,5,2,1,2,7,0,6.2,4.6,3.4,8.0,52,210,54,0.12,0.08,0.2,0.08,0.16,0.25,0.14,0.39,0.19,0.33
ENG-Premier League,2324,Chelsea,Ian Maatsen,NED,"FW,MF",21,2002,12,1,209,2.3,0,0,0,0,0,0,1,0,0.8,0.8,0.1,0.9,9,8,15,0.0,0.0,0.0,0.0,0.0,0.35,0.04,0.39,0.35,0.39
ENG-Premier League,2324,Chelsea,Jimi Tauriainen,ENG,FW,19,2004,1,0,1,0.0,0,0,0,0,0,0,0,0,0.0,0.0,0.0,0.0,0,0,0,0.0,0.0,0.0,0.0,0.0,0.0,0.0,0.0,0.0,0.0
ENG-Premier League,2324,Chelsea,Joshua Acheampong,ENG,DF,17,2006,1,0,6,0.1,0,0,0,0,0,0,0,0,0.0,0.0,0.0,0.0,0,0,0,0.0,0.0,0.0,0.0,0.0,0.0,0.0,0.0,0.0,0.0
ENG-Premier League,2324,Chelsea,Lesley Ugochukwu,FRA,MF,19,2004,12,3,301,3.3,0,0,0,0,0,0,2,0,0.0,0.0,0.1,0.1,8,17,3,0.0,0.0,0.0,0.0,0.0,0.0,0.03,0.03,0.0,0.03
ENG-Premier League,2324,Chelsea,Levi Colwill,ENG,DF,20,2003,23,20,1797,20.0,1,1,2,1,0,0,2,0,1.3,1.3,1.2,2.5,23,73,27,0.05,0.05,0.1,0.05,0.1,0.06,0.06,0.12,0.06,0.12
ENG-Premier League,2324,Chelsea,Malo Gusto,FRA,DF,20,2003,27,19,1751,19.5,0,6,6,0,0,0,7,1,0.9,0.9,4.3,5.2,78,86,135,0.0,0.31,0.31,0.0,0.31,0.05,0.22,0.27,0.05,0.27
ENG-Premier League,2324,Chelsea,Marc Cucurella,ESP,DF,25,1998,21,20,1782,19.8,0,2,2,0,0,0,10,0,1.1,1.1,1.1,2.2,31,50,73,0.0,0.1,0.1,0.0,0.1,0.06,0.05,0.11,0.06,0.11
ENG-Premier League,2324,Chelsea,Mason Burstow,ENG,FW,19,2003,2,0,9,0.1,0,0,0,0,0,0,0,0,0.0,0.0,0.0,0.0,0,0,1,0.0,0.0,0.0,0.0,0.0,0.0,0.0,0.0,0.0,0.0
ENG-Premier League,2324,Chelsea,Moisés Caicedo,ECU,MF,21,2001,35,33,2866,31.8,1,3,4,1,0,0,11,0,0.4,0.4,2.6,3.0,27,173,27,0.03,0.09,0.13,0.03,0.13,0.01,0.08,0.09,0.01,0.09
ENG-Premier League,2324,Chelsea,Mykhailo Mudryk,UKR,FW,22,2001,31,18,1576,17.5,5,2,7,5,0,0,5,0,4.4,4.4,4.1,8.5,92,45,139,0.29,0.11,0.4,0.29,0.4,0.25,0.23,0.48,0.25,0.48
ENG-Premier League,2324,Chelsea,Nicolas Jackson,SEN,FW,22,2001,35,31,2799,31.1,14,5,19,14,0,0,10,0,18.6,18.6,4.3,22.9,70,67,200,0.45,0.16,0.61,0.45,0.61,0.6,0.14,0.74,0.6,0.74
ENG-Premier League,2324,Chelsea,Noni Madueke,ENG,FW,21,2002,23,13,1053,11.7,5,2,7,4,1,1,2,0,2.5,1.7,2.6,4.3,76,52,136,0.43,0.17,0.6,0.34,0.51,0.21,0.23,0.44,0.14,0.37
ENG-Premier League,2324,Chelsea,Raheem Sterling,ENG,"FW,MF",28,1994,31,22,1978,22.0,8,4,12,8,0,0,7,0,6.5,6.5,4.5,11.0,120,78,242,0.36,0.18,0.55,0.36,0.55,0.29,0.2,0.5,0.29,0.5
ENG-Premier League,2324,Chelsea,Reece James,ENG,DF,23,1999,10,5,419,4.7,0,2,2,0,0,0,2,2,0.3,0.3,1.7,2.1,19,21,35,0.0,0.43,0.43,0.0,0.43,0.07,0.37,0.44,0.07,0.44
ENG-Premier League,2324,Chelsea,Robert Sánchez,ESP,GK,25,1997,16,16,1433,15.9,0,0,0,0,0,0,2,0,0.0,0.0,0.0,0.0,0,1,0,0.0,0.0,0.0,0.0,0.0,0.0,0.0,0.0,0.0,0.0
ENG-Premier League,2324,Chelsea,Roméo Lavia,BEL,MF,19,2004,1,0,33,0.4,0,0,0,0,0,0,0,0,0.0,0.0,0.0,0.0,0,1,0,0.0,0.0,0.0,0.0,0.0,0.0,0.0,0.0,0.0,0.0
ENG-Premier League,2324,Chelsea,Thiago Silva,BRA,DF,38,1984,31,28,2527,28.1,3,1,4,3,0,0,4,0,0.8,0.8,1.0,1.8,2,102,5,0.11,0.04,0.14,0.11,0.14,0.03,0.04,0.06,0.03,0.06
ENG-Premier League,2324,Chelsea,Trevoh Chalobah,ENG,DF,24,1999,13,10,952,10.6,1,0,1,1,0,0,1,0,0.2,0.2,0.1,0.3,5,31,9,0.09,0.0,0.09,0.09,0.09,0.02,0.01,0.02,0.02,0.02
ENG-Premier League,2324,Chelsea,Đorđe Petrović,SRB,GK,23,1999,23,22,1987,22.1,0,0,0,0,0,0,2,0,0.0,0.0,0.0,0.0,0,1,0,0.0,0.0,0.0,0.0,0.0,0.0,0.0,0.0,0.0,0.0
ENG-Premier League,2324,Crystal Palace,Adam Wharton,ENG,MF,19,2004,16,15,1297,14.4,0,3,3,0,0,0,2,0,0.3,0.3,2.4,2.8,14,79,10,0.0,0.21,0.21,0.0,0.21,0.02,0.17,0.19,0.02,0.19
ENG-Premier League,2324,Crystal Palace,Cheick Doucouré,MLI,MF,23,2000,11,11,919,10.2,0,0,0,0,0,0,2,0,0.3,0.3,0.7,1.0,9,49,5,0.0,0.0,0.0,0.0,0.0,0.03,0.07,0.1,0.03,0.1
ENG-Premier League,2324,Crystal Palace,Chris Richards,USA,"DF,MF",23,2000,26,23,2094,23.3,1,1,2,1,0,0,3,0,0.6,0.6,0.4,1.0,1,43,1,0.04,0.04,0.09,0.04,0.09,0.03,0.02,0.04,0.03,0.04
ENG-Premier League,2324,Crystal Palace,Daniel Muñoz,COL,"DF,MF",27,1996,16,16,1439,16.0,0,4,4,0,0,0,4,0,1.2,1.2,2.4,3.7,25,38,80,0.0,0.25,0.25,0.0,0.25,0.08,0.15,0.23,0.08,0.23
ENG-Premier League,2324,Crystal Palace,David Ozoh,ENG,"MF,DF",18,2005,9,0,156,1.7,0,0,0,0,0,0,1,0,0.0,0.0,0.0,0.0,2,4,3,0.0,0.0,0.0,0.0,0.0,0.0,0.0,0.0,0.0,0.0
ENG-Premier League,2324,Crystal Palace,Dean Henderson,ENG,GK,26,1997,18,18,1620,18.0,0,0,0,0,0,0,2,0,0.0,0.0,0.0,0.0,0,0,0,0.0,0.0,0.0,0.0,0.0,0.0,0.0,0.0,0.0,0.0
ENG-Premier League,2324,Crystal Palace,Eberechi Eze,ENG,"MF,FW",25,1998,27,24,2055,22.8,11,4,15,10,1,1,3,0,9.1,8.3,5.2,13.5,68,93,139,0.48,0.18,0.66,0.44,0.61,0.4,0.23,0.62,0.36,0.59
ENG-Premier League,2324,Crystal Palace,James Tomkins,ENG,DF,34,1989,4,0,10,0.1,0,0,0,0,0,0,0,0,0.0,0.0,0.0,0.0,0,1,0,0.0,0.0,0.0,0.0,0.0,0.0,0.0,0.0,0.0,0.0
ENG-Premier League,2324,Crystal Palace,Jaïro Riedewald,NED,"MF,FW",26,1996,9,2,235,2.6,0,0,0,0,0,0,0,0,0.0,0.0,0.0,0.0,3,10,3,0.0,0.0,0.0,0.0,0.0,0.01,0.0,0.01,0.01,0.01
ENG-Premier League,2324,Crystal Palace,Jean-Philippe Mateta,FRA,FW,26,1997,35,25,2282,25.4,16,5,21,14,2,2,3,0,10.9,9.4,3.1,12.5,29,25,135,0.63,0.2,0.83,0.55,0.75,0.43,0.12,0.56,0.37,0.49
ENG-Premier League,2324,Crystal Palace,Jefferson Lerma,COL,"MF,DF",28,1994,28,27,2400,26.7,1,1,2,1,0,0,8,0,2.7,2.7,2.2,4.8,14,106,51,0.04,0.04,0.07,0.04,0.07,0.1,0.08,0.18,0.1,0.18
ENG-Premier League,2324,Crystal Palace,Jeffrey Schlupp,GHA,"FW,MF",30,1992,29,17,1352,15.0,2,2,4,2,0,0,1,0,1.8,1.8,2.3,4.1,20,33,52,0.13,0.13,0.27,0.13,0.27,0.12,0.15,0.27,0.12,0.27
ENG-Premier League,2324,Crystal Palace,Jesurun Rak Sakyi,ENG,"MF,FW",20,2002,6,0,136,1.5,0,0,0,0,0,0,0,0,0.4,0.4,0.2,0.6,7,2,18,0.0,0.0,0.0,0.0,0.0,0.28,0.1,0.38,0.28,0.38
ENG-Premier League,2324,Crystal Palace,Joachim Andersen,DEN,DF,27,1996,38,38,3415,37.9,2,3,5,2,0,0,7,0,1.7,1.7,2.8,4.5,21,147,10,0.05,0.08,0.13,0.05,0.13,0.04,0.07,0.12,0.04,0.12
ENG-Premier League,2324,Crystal Palace,Joel Ward,ENG,DF,33,1989,26,23,1980,22.0,0,1,1,0,0,0,4,0,0.9,0.9,0.2,1.1,16,66,14,0.0,0.05,0.05,0.0,0.05,0.04,0.01,0.05,0.04,0.05
ENG-Premier League,2324,Crystal Palace,Jordan Ayew,GHA,"FW,MF",31,1991,35,30,2543,28.3,4,7,11,4,0,0,9,1,3.9,3.9,4.2,8.1,74,63,173,0.14,0.25,0.39,0.14,0.39,0.14,0.15,0.29,0.14,0.29
ENG-Premier League,2324,Crystal Palace,Marc Guéhi,ENG,DF,23,2000,25,23,2021,22.5,0,1,1,0,0,0,2,0,0.6,0.6,0.6,1.2,15,67,7,0.0,0.04,0.04,0.0,0.04,0.03,0.03,0.05,0.03,0.05
ENG-Premier League,2324,Crystal Palace,Matheus França,BRA,"MF,FW",19,2004,10,1,232,2.6,0,1,1,0,0,0,1,0,0.4,0.4,0.9,1.2,12,8,12,0.0,0.39,0.39,0.0,0.39,0.14,0.34,0.48,0.14,0.48
ENG-Premier League,2324,Crystal Palace,Michael Olise,FRA,"FW,MF",21,2001,19,14,1275,14.2,10,6,16,9,1,1,0,0,5.5,4.7,5.8,10.5,68,78,134,0.71,0.42,1.13,0.64,1.06,0.39,0.41,0.8,0.33,0.74
ENG-Premier League,2324,Crystal Palace,Naouirou Ahamada,FRA,"MF,FW",21,2002,20,0,349,3.9,0,0,0,0,0,0,4,1,0.5,0.5,0.0,0.5,19,25,20,0.0,0.0,0.0,0.0,0.0,0.13,0.01,0.13,0.13,0.13
ENG-Premier League,2324,Crystal Palace,Nathaniel Clyne,ENG,DF,32,1991,19,14,1338,14.9,0,0,0,0,0,0,0,0,0.2,0.2,0.2,0.4,10,33,18,0.0,0.0,0.0,0.0,0.0,0.01,0.01,0.03,0.01,0.03
ENG-Premier League,2324,Crystal Palace,Odsonne Édouard,FRA,"FW,MF",25,1998,30,17,1555,17.3,7,0,7,7,0,0,4,0,6.2,6.2,1.2,7.4,33,36,100,0.41,0.0,0.41,0.41,0.41,0.36,0.07,0.43,0.36,0.43
ENG-Premier League,2324,Crystal Palace,Remi Matthews,ENG,GK,29,1994,1,0,4,0.0,0,0,0,0,0,0,0,0,0.0,0.0,0.0,0.0,0,0,0,0.0,0.0,0.0,0.0,0.0,0.0,0.0,0.0,0.0,0.0
ENG-Premier League,2324,Crystal Palace,Sam Johnstone,ENG,GK,30,1993,20,20,1796,20.0,0,0,0,0,0,0,1,0,0.0,0.0,0.0,0.0,0,0,0,0.0,0.0,0.0,0.0,0.0,0.0,0.0,0.0,0.0,0.0
ENG-Premier League,2324,Crystal Palace,Tyrick Mitchell,ENG,"DF,MF",23,1999,37,37,3204,35.6,2,3,5,2,0,0,6,0,1.6,1.6,2.8,4.4,32,94,159,0.06,0.08,0.14,0.06,0.14,0.04,0.08,0.12,0.04,0.12
ENG-Premier League,2324,Crystal Palace,Will Hughes,ENG,MF,28,1995,30,23,1891,21.0,0,1,1,0,0,0,6,0,0.3,0.3,1.1,1.5,14,76,17,0.0,0.05,0.05,0.0,0.05,0.02,0.05,0.07,0.02,0.07
ENG-Premier League,2324,Everton,Abdoulaye Doucouré,MLI,"FW,MF",30,1993,32,32,2629,29.2,7,1,8,7,0,0,7,0,8.8,8.8,2.9,11.6,55,97,140,0.24,0.03,0.27,0.24,0.27,0.3,0.1,0.4,0.3,0.4
ENG-Premier League,2324,Everton,Alex Iwobi,NGA,MF,27,1996,2,2,140,1.6,0,0,0,0,0,0,0,0,0.3,0.3,0.2,0.5,6,4,8,0.0,0.0,0.0,0.0,0.0,0.21,0.14,0.35,0.21,0.35
ENG-Premier League,2324,Everton,Amadou Onana,BEL,MF,21,2001,30,23,2091,23.2,2,0,2,2,0,0,5,0,2.0,2.0,2.7,4.7,21,107,39,0.09,0.0,0.09,0.09,0.09,0.09,0.11,0.2,0.09,0.2
ENG-Premier League,2324,Everton,André Gomes,POR,"MF,FW",30,1993,12,3,508,5.6,1,0,1,1,0,0,4,0,0.3,0.3,0.4,0.7,8,36,29,0.18,0.0,0.18,0.18,0.18,0.05,0.07,0.13,0.05,0.13
ENG-Premier League,2324,Everton,Arnaut Danjuma,NED,"MF,FW",26,1997,14,5,595,6.6,1,0,1,1,0,0,0,0,2.6,2.6,1.1,3.7,24,9,44,0.15,0.0,0.15,0.15,0.15,0.4,0.17,0.57,0.4,0.57
ENG-Premier League,2324,Everton,Ashley Young,ENG,"DF,MF",38,1985,31,27,2280,25.3,0,0,0,0,0,0,7,1,0.6,0.6,1.5,2.1,40,82,61,0.0,0.0,0.0,0.0,0.0,0.02,0.06,0.08,0.02,0.08
ENG-Premier League,2324,Everton,Ben Godfrey,ENG,DF,25,1998,15,13,1120,12.4,0,0,0,0,0,0,2,0,1.7,1.7,0.3,2.0,11,43,26,0.0,0.0,0.0,0.0,0.0,0.14,0.02,0.16,0.14,0.16
ENG-Premier League,2324,Everton,Beto,GNB,FW,25,1998,30,9,951,10.6,3,0,3,3,0,1,2,0,6.8,6.0,0.9,6.9,14,14,58,0.28,0.0,0.28,0.28,0.28,0.64,0.09,0.73,0.57,0.66
ENG-Premier League,2324,Everton,Dominic Calvert-Lewin,ENG,FW,26,1997,32,26,2171,24.1,7,2,9,5,2,2,2,0,12.9,11.4,3.1,14.5,36,31,122,0.29,0.08,0.37,0.21,0.29,0.54,0.13,0.66,0.47,0.6
ENG-Premier League,2324,Everton,Dwight McNeil,ENG,"MF,FW",23,1999,35,33,2892,32.1,3,6,9,3,0,0,2,0,3.4,3.4,8.8,12.2,80,114,147,0.09,0.19,0.28,0.09,0.28,0.11,0.27,0.38,0.11,0.38
ENG-Premier League,2324,Everton,Idrissa Gana Gueye,SEN,MF,33,1989,25,24,1884,20.9,4,0,4,4,0,0,8,0,1.3,1.3,1.1,2.4,29,83,41,0.19,0.0,0.19,0.19,0.19,0.06,0.05,0.12,0.06,0.12
ENG-Premier League,2324,Everton,Jack Harrison,ENG,"MF,FW",26,1996,29,25,2214,24.6,3,3,6,3,0,0,1,0,3.6,3.6,3.4,7.0,65,62,135,0.12,0.12,0.24,0.12,0.24,0.14,0.14,0.28,0.14,0.28
ENG-Premier League,2324,Everton,James Garner,ENG,MF,22,2001,37,34,3004,33.4,1,2,3,1,0,0,7,0,2.7,2.7,4.6,7.3,36,100,76,0.03,0.06,0.09,0.03,0.09,0.08,0.14,0.22,0.08,0.22
ENG-Premier League,2324,Everton,James Tarkowski,ENG,DF,30,1992,38,38,3419,38.0,1,1,2,1,0,0,11,0,2.6,2.6,2.5,5.1,15,130,20,0.03,0.03,0.05,0.03,0.05,0.07,0.06,0.13,0.07,0.13
ENG-Premier League,2324,Everton,Jarrad Branthwaite,ENG,DF,21,2002,35,35,3116,34.6,3,0,3,3,0,0,8,0,1.7,1.7,1.0,2.8,2,74,6,0.09,0.0,0.09,0.09,0.09,0.05,0.03,0.08,0.05,0.08
ENG-Premier League,2324,Everton,Jordan Pickford,ENG,GK,29,1994,38,38,3420,38.0,0,0,0,0,0,0,5,0,0.0,0.0,0.1,0.1,1,6,0,0.0,0.0,0.0,0.0,0.0,0.0,0.0,0.0,0.0,0.0
ENG-Premier League,2324,Everton,Lewis Dobbin,ENG,MF,20,2003,12,1,232,2.6,1,0,1,1,0,0,1,0,0.3,0.3,0.5,0.8,6,3,20,0.39,0.0,0.39,0.39,0.39,0.11,0.19,0.3,0.11,0.3
ENG-Premier League,2324,Everton,Lewis Warrington,ENG,FW,20,2002,1,0,1,0.0,0,0,0,0,0,0,0,0,0.0,0.0,0.0,0.0,0,0,0,0.0,0.0,0.0,0.0,0.0,0.0,0.0,0.0,0.0,0.0
ENG-Premier League,2324,Everton,Michael Keane,ENG,DF,30,1993,9,4,439,4.9,1,0,1,1,0,0,2,0,0.7,0.7,0.0,0.7,4,14,3,0.21,0.0,0.21,0.21,0.21,0.14,0.0,0.14,0.14,0.14
ENG-Premier League,2324,Everton,Nathan Patterson,SCO,DF,21,2001,20,9,1005,11.2,0,2,2,0,0,0,4,0,0.3,0.3,1.7,2.0,17,38,39,0.0,0.18,0.18,0.0,0.18,0.03,0.15,0.18,0.03,0.18
ENG-Premier League,2324,Everton,Neal Maupay,FRA,FW,26,1996,2,1,111,1.2,0,0,0,0,0,0,0,0,1.4,1.4,0.1,1.5,1,0,6,0.0,0.0,0.0,0.0,0.0,1.16,0.05,1.22,1.16,1.22
ENG-Premier League,2324,Everton,Séamus Coleman,IRL,DF,34,1988,12,7,665,7.4,0,0,0,0,0,0,0,0,0.0,0.0,1.0,1.0,5,22,16,0.0,0.0,0.0,0.0,0.0,0.0,0.14,0.14,0.0,0.14
ENG-Premier League,2324,Everton,Thomas Cannon,IRL,FW,20,2002,1,0,1,0.0,0,0,0,0,0,0,0,0,0.0,0.0,0.0,0.0,0,0,0,0.0,0.0,0.0,0.0,0.0,0.0,0.0,0.0,0.0,0.0
ENG-Premier League,2324,Everton,Tyler Onyango,ENG,MF,20,2003,1,0,1,0.0,0,0,0,0,0,0,0,0,0.0,0.0,0.0,0.0,0,0,0,0.0,0.0,0.0,0.0,0.0,0.0,0.0,0.0,0.0,0.0
ENG-Premier League,2324,Everton,Vitaliy Mykolenko,UKR,DF,24,1999,28,28,2469,27.4,2,0,2,2,0,0,1,0,1.5,1.5,0.9,2.4,14,55,68,0.07,0.0,0.07,0.07,0.07,0.06,0.03,0.09,0.06,0.09
ENG-Premier League,2324,Everton,Youssef Chermiti,POR,FW,19,2004,18,1,208,2.3,0,0,0,0,0,0,3,0,0.7,0.7,0.8,1.5,5,5,15,0.0,0.0,0.0,0.0,0.0,0.31,0.34,0.65,0.31,0.65
ENG-Premier League,2324,Fulham,Adama Traoré,ESP,"FW,MF",27,1996,17,1,377,4.2,2,3,5,2,0,0,2,0,1.5,1.5,0.7,2.2,29,16,48,0.48,0.72,1.19,0.48,1.19,0.36,0.17,0.53,0.36,0.53
ENG-Premier League,2324,Fulham,Aleksandar Mitrović,SRB,FW,28,1994,1,0,33,0.4,0,0,0,0,0,0,0,0,0.2,0.2,0.0,0.2,0,1,0,0.0,0.0,0.0,0.0,0.0,0.44,0.0,0.44,0.44,0.44
ENG-Premier League,2324,Fulham,Alex Iwobi,NGA,"FW,MF",27,1996,30,25,2192,24.4,5,2,7,5,0,0,2,0,5.3,5.3,4.7,10.0,109,147,175,0.21,0.08,0.29,0.21,0.29,0.22,0.19,0.41,0.22,0.41
ENG-Premier League,2324,Fulham,Andreas Pereira,BRA,MF,27,1996,37,34,2613,29.0,3,7,10,3,0,0,6,0,4.6,4.6,7.1,11.7,56,138,125,0.1,0.24,0.34,0.1,0.34,0.16,0.24,0.4,0.16,0.4
ENG-Premier League,2324,Fulham,Antonee Robinson,USA,DF,25,1997,37,37,3265,36.3,0,6,6,0,0,0,6,0,0.7,0.7,4.2,4.8,99,129,194,0.0,0.17,0.17,0.0,0.17,0.02,0.11,0.13,0.02,0.13
ENG-Premier League,2324,Fulham,Armando Broja,ALB,FW,21,2001,8,0,88,1.0,0,1,1,0,0,0,0,0,0.0,0.0,0.4,0.4,2,2,7,0.0,1.02,1.02,0.0,1.02,0.0,0.41,0.41,0.0,0.41
ENG-Premier League,2324,Fulham,Bernd Leno,GER,GK,31,1992,38,38,3420,38.0,0,0,0,0,0,0,3,0,0.0,0.0,0.0,0.0,0,0,0,0.0,0.0,0.0,0.0,0.0,0.0,0.0,0.0,0.0,0.0
ENG-Premier League,2324,Fulham,Bobby De Cordova-Reid,JAM,FW,30,1993,33,17,1423,15.8,6,2,8,6,0,0,4,0,4.6,4.6,1.8,6.4,35,47,95,0.38,0.13,0.51,0.38,0.51,0.28,0.11,0.4,0.28,0.4
ENG-Premier League,2324,Fulham,Calvin Bassey,NGA,DF,23,1999,29,25,2303,25.6,1,0,1,1,0,0,6,1,0.3,0.3,0.0,0.4,15,62,4,0.04,0.0,0.04,0.04,0.04,0.01,0.0,0.01,0.01,0.01
ENG-Premier League,2324,Fulham,Carlos Vinícius,BRA,FW,28,1995,13,2,315,3.5,2,0,2,2,0,0,2,0,1.6,1.6,0.8,2.4,3,3,13,0.57,0.0,0.57,0.57,0.57,0.46,0.23,0.69,0.46,0.69
ENG-Premier League,2324,Fulham,Fodé Ballo-Touré,SEN,"DF,MF",26,1997,6,0,71,0.8,0,0,0,0,0,0,1,0,0.0,0.0,0.0,0.0,5,0,4,0.0,0.0,0.0,0.0,0.0,0.0,0.0,0.0,0.0,0.0
ENG-Premier League,2324,Fulham,Harrison Reed,ENG,MF,28,1995,27,15,1325,14.7,0,2,2,0,0,0,6,0,0.3,0.3,1.1,1.4,10,56,40,0.0,0.14,0.14,0.0,0.14,0.02,0.07,0.09,0.02,0.09
ENG-Premier League,2324,Fulham,Harry Wilson,WAL,FW,26,1997,35,16,1620,18.0,4,6,10,4,0,0,6,0,3.4,3.4,3.5,6.8,41,60,130,0.22,0.33,0.56,0.22,0.56,0.19,0.19,0.38,0.19,0.38
ENG-Premier League,2324,Fulham,Issa Diop,FRA,DF,26,1997,18,16,1424,15.8,0,0,0,0,0,0,4,1,0.3,0.3,0.0,0.3,11,66,1,0.0,0.0,0.0,0.0,0.0,0.02,0.0,0.02,0.02,0.02
ENG-Premier League,2324,Fulham,João Palhinha,POR,MF,28,1995,33,31,2699,30.0,4,1,5,4,0,0,13,0,3.3,3.3,0.8,4.1,8,97,14,0.13,0.03,0.17,0.13,0.17,0.11,0.03,0.14,0.11,0.14
ENG-Premier League,2324,Fulham,Kenny Tete,NED,DF,27,1995,14,10,867,9.6,1,0,1,1,0,0,2,0,0.9,0.9,0.4,1.2,20,54,38,0.1,0.0,0.1,0.1,0.1,0.09,0.04,0.13,0.09,0.13
ENG-Premier League,2324,Fulham,Luke Harris,WAL,MF,18,2005,1,0,75,0.8,0,0,0,0,0,0,0,0,0.3,0.3,0.0,0.3,0,1,0,0.0,0.0,0.0,0.0,0.0,0.33,0.0,0.33,0.33,0.33
ENG-Premier League,2324,Fulham,Raúl Jiménez,MEX,FW,32,1991,24,18,1395,15.5,7,0,7,7,0,0,3,1,5.2,5.2,1.5,6.6,11,24,87,0.45,0.0,0.45,0.45,0.45,0.33,0.1,0.43,0.33,0.43
ENG-Premier League,2324,Fulham,Rodrigo Muniz,BRA,FW,22,2001,26,18,1593,17.7,9,1,10,9,0,0,1,0,8.7,8.7,2.0,10.7,8,19,76,0.51,0.06,0.56,0.51,0.56,0.49,0.12,0.61,0.49,0.61
ENG-Premier League,2324,Fulham,Saša Lukić,SRB,MF,26,1996,24,13,1122,12.5,1,0,1,1,0,0,3,0,1.6,1.6,0.8,2.4,12,43,27,0.08,0.0,0.08,0.08,0.08,0.13,0.06,0.19,0.13,0.19
ENG-Premier League,2324,Fulham,Tim Ream,USA,DF,35,1987,18,17,1503,16.7,1,0,1,1,0,0,4,1,1.0,1.0,0.0,1.0,11,65,3,0.06,0.0,0.06,0.06,0.06,0.06,0.0,0.06,0.06,0.06
ENG-Premier League,2324,Fulham,Timothy Castagne,BEL,DF,27,1995,34,29,2634,29.3,1,3,4,1,0,0,3,0,1.6,1.6,1.9,3.5,48,77,113,0.03,0.1,0.14,0.03,0.14,0.06,0.07,0.12,0.06,0.12
ENG-Premier League,2324,Fulham,Tom Cairney,SCO,MF,32,1991,34,14,1488,16.5,1,4,5,1,0,0,3,0,1.1,1.1,2.3,3.4,35,145,72,0.06,0.24,0.3,0.06,0.3,0.07,0.14,0.2,0.07,0.2
ENG-Premier League,2324,Fulham,Tosin Adarabioyo,ENG,DF,25,1997,20,18,1617,18.0,2,0,2,2,0,0,2,0,0.7,0.7,0.1,0.8,10,62,5,0.11,0.0,0.11,0.11,0.11,0.04,0.01,0.05,0.04,0.05
ENG-Premier League,2324,Fulham,Willian,BRA,FW,34,1988,31,24,2053,22.8,4,2,6,2,2,2,1,0,5.1,3.6,3.9,7.5,92,153,181,0.18,0.09,0.26,0.09,0.18,0.22,0.17,0.4,0.16,0.33
ENG-Premier League,2324,Liverpool,Alexis Mac Allister,ARG,MF,24,1998,33,31,2599,28.9,5,5,10,4,1,1,7,1,3.7,2.9,3.6,6.4,44,209,48,0.17,0.17,0.35,0.14,0.31,0.13,0.12,0.25,0.1,0.22
ENG-Premier League,2324,Liverpool,Alisson,BRA,GK,30,1992,28,28,2520,28.0,0,0,0,0,0,0,1,0,0.0,0.0,0.0,0.0,0,5,0,0.0,0.0,0.0,0.0,0.0,0.0,0.0,0.0,0.0,0.0
ENG-Premier League,2324,Liverpool,Andrew Robertson,SCO,DF,29,1994,23,18,1693,18.8,3,2,5,3,0,0,2,0,1.9,1.9,5.4,7.3,63,140,130,0.16,0.11,0.27,0.16,0.27,0.1,0.29,0.39,0.1,0.39
ENG-Premier League,2324,Liverpool,Ben Gannon-Doak,SCO,FW,17,2005,1,0,14,0.2,0,0,0,0,0,0,0,0,0.0,0.0,0.0,0.0,0,0,0,0.0,0.0,0.0,0.0,0.0,0.0,0.0,0.0,0.0,0.0
ENG-Premier League,2324,Liverpool,Bobby Clark,ENG,MF,18,2005,5,1,89,1.0,0,0,0,0,0,0,0,0,0.1,0.1,0.0,0.1,3,3,7,0.0,0.0,0.0,0.0,0.0,0.14,0.0,0.14,0.14,0.14
ENG-Premier League,2324,Liverpool,Caoimhín Kelleher,IRL,GK,24,1998,10,10,900,10.0,0,0,0,0,0,0,0,0,0.0,0.0,0.0,0.0,0,1,0,0.0,0.0,0.0,0.0,0.0,0.0,0.0,0.0,0.0,0.0
ENG-Premier League,2324,Liverpool,Cody Gakpo,NED,"FW,MF",24,1999,35,17,1649,18.3,8,5,13,8,0,0,1,0,9.0,9.0,2.9,11.8,43,83,130,0.44,0.27,0.71,0.44,0.71,0.49,0.16,0.64,0.49,0.64
ENG-Premier League,2324,Liverpool,Conor Bradley,NIR,DF,20,2003,11,10,753,8.4,1,3,4,1,0,0,2,0,0.9,0.9,1.5,2.3,35,29,64,0.12,0.36,0.48,0.12,0.48,0.1,0.17,0.28,0.1,0.28
ENG-Premier League,2324,Liverpool,Curtis Jones,ENG,MF,22,2001,23,14,1167,13.0,1,1,2,1,0,0,3,1,2.6,2.6,0.7,3.3,31,74,88,0.08,0.08,0.15,0.08,0.15,0.2,0.05,0.25,0.2,0.25
ENG-Premier League,2324,Liverpool,Darwin Núñez,URU,FW,24,1999,36,22,2047,22.7,11,8,19,11,0,1,9,0,16.3,15.5,6.0,21.5,58,54,206,0.48,0.35,0.84,0.48,0.84,0.72,0.27,0.98,0.68,0.95
ENG-Premier League,2324,Liverpool,Diogo Jota,POR,FW,26,1996,21,14,1145,12.7,10,3,13,10,0,0,3,1,5.3,5.3,3.3,8.6,54,34,111,0.79,0.24,1.02,0.79,1.02,0.42,0.26,0.68,0.42,0.68
ENG-Premier League,2324,Liverpool,Dominik Szoboszlai,HUN,MF,22,2000,33,25,2104,23.4,3,2,5,3,0,0,1,0,3.7,3.7,5.8,9.5,75,152,160,0.13,0.09,0.21,0.13,0.21,0.16,0.25,0.4,0.16,0.4
ENG-Premier League,2324,Liverpool,Harvey Elliott,ENG,"MF,FW",20,2003,34,11,1352,15.0,3,6,9,3,0,0,2,0,2.7,2.7,3.5,6.2,44,128,122,0.2,0.4,0.6,0.2,0.6,0.18,0.23,0.42,0.18,0.42
ENG-Premier League,2324,Liverpool,Ibrahima Konaté,FRA,DF,24,1999,22,17,1574,17.5,0,0,0,0,0,0,5,1,0.7,0.7,0.4,1.1,24,118,3,0.0,0.0,0.0,0.0,0.0,0.04,0.02,0.06,0.04,0.06
ENG-Premier League,2324,Liverpool,James McConnell,ENG,MF,18,2004,3,0,4,0.0,0,0,0,0,0,0,0,0,0.0,0.0,0.0,0.0,0,1,0,0.0,0.0,0.0,0.0,0.0,0.0,0.0,0.0,0.0,0.0
ENG-Premier League,2324,Liverpool,Jarell Quansah,ENG,DF,20,2003,17,13,1190,13.2,2,0,2,2,0,0,1,0,1.0,1.0,0.1,1.1,13,67,1,0.15,0.0,0.15,0.15,0.15,0.08,0.01,0.08,0.08,0.08
ENG-Premier League,2324,Liverpool,Jayden Danns,ENG,FW,17,2006,2,0,9,0.1,0,0,0,0,0,0,1,0,0.0,0.0,0.0,0.0,0,1,2,0.0,0.0,0.0,0.0,0.0,0.0,0.0,0.0,0.0,0.0
ENG-Premier League,2324,Liverpool,Joe Gomez,ENG,DF,26,1997,32,17,1786,19.8,0,1,1,0,0,0,5,0,0.8,0.8,1.3,2.1,44,100,105,0.0,0.05,0.05,0.0,0.05,0.04,0.07,0.1,0.04,0.1
ENG-Premier League,2324,Liverpool,Joël Matip,CMR,DF,31,1991,10,9,781,8.7,0,0,0,0,0,0,2,0,0.5,0.5,0.1,0.6,8,34,1,0.0,0.0,0.0,0.0,0.0,0.06,0.01,0.06,0.06,0.06
ENG-Premier League,2324,Liverpool,Kaide Gordon,ENG,FW,18,2004,1,0,1,0.0,0,0,0,0,0,0,0,0,0.0,0.0,0.0,0.0,0,1,0,0.0,0.0,0.0,0.0,0.0,0.0,0.0,0.0,0.0,0.0
ENG-Premier League,2324,Liverpool,Kostas Tsimikas,GRE,DF,27,1996,13,8,679,7.5,0,3,3,0,0,0,0,0,0.1,0.1,1.0,1.1,24,31,73,0.0,0.4,0.4,0.0,0.4,0.01,0.14,0.15,0.01,0.15
ENG-Premier League,2324,Liverpool,Luis Díaz,COL,FW,26,1997,37,32,2629,29.2,8,5,13,8,0,0,3,0,11.9,11.9,5.7,17.5,137,113,302,0.27,0.17,0.45,0.27,0.45,0.41,0.19,0.6,0.41,0.6
ENG-Premier League,2324,Liverpool,Mohamed Salah,EGY,FW,31,1992,32,28,2534,28.2,18,10,28,13,5,7,2,0,21.2,15.5,11.8,27.3,98,147,341,0.64,0.36,0.99,0.46,0.82,0.75,0.42,1.17,0.55,0.97
ENG-Premier League,2324,Liverpool,Owen Beck,WAL,DF,20,2002,1,0,8,0.1,0,0,0,0,0,0,0,0,0.0,0.0,0.0,0.0,0,0,1,0.0,0.0,0.0,0.0,0.0,0.0,0.0,0.0,0.0,0.0
ENG-Premier League,2324,Liverpool,Ryan Gravenberch,NED,MF,21,2002,26,12,1121,12.5,1,0,1,1,0,0,0,0,2.0,2.0,0.9,2.9,39,78,71,0.08,0.0,0.08,0.08,0.08,0.16,0.07,0.23,0.16,0.23
ENG-Premier League,2324,Liverpool,Stefan Bajcetic,ESP,MF,18,2004,1,0,26,0.3,0,0,0,0,0,0,0,0,0.0,0.0,0.0,0.0,0,1,0,0.0,0.0,0.0,0.0,0.0,0.0,0.0,0.0,0.0,0.0
ENG-Premier League,2324,Liverpool,Thiago Alcántara,ESP,MF,32,1991,1,0,6,0.1,0,0,0,0,0,0,0,0,0.0,0.0,0.0,0.0,0,0,0,0.0,0.0,0.0,0.0,0.0,0.0,0.0,0.0,0.0,0.0
ENG-Premier League,2324,Liverpool,Trent Alexander-Arnold,ENG,DF,24,1998,28,25,2155,23.9,3,4,7,3,0,0,6,0,2.6,2.3,7.2,9.5,45,205,97,0.13,0.17,0.29,0.13,0.29,0.11,0.3,0.41,0.1,0.4
ENG-Premier League,2324,Liverpool,Virgil van Dijk,NED,DF,32,1991,36,36,3177,35.3,2,2,4,2,0,0,3,1,2.8,2.8,1.6,4.4,32,200,7,0.06,0.06,0.11,0.06,0.11,0.08,0.04,0.12,0.08,0.12
ENG-Premier League,2324,Liverpool,Wataru Endo,JPN,MF,30,1993,29,20,1722,19.1,1,0,1,1,0,0,10,0,0.5,0.5,1.7,2.3,10,101,21,0.05,0.0,0.05,0.05,0.05,0.03,0.09,0.12,0.03,0.12
ENG-Premier League,2324,Luton Town,Albert Sambi Lokonga,BEL,MF,23,1999,17,16,1303,14.5,1,3,4,1,0,0,4,0,0.6,0.6,1.4,2.0,29,72,13,0.07,0.21,0.28,0.07,0.28,0.04,0.1,0.14,0.04,0.14
ENG-Premier League,2324,Luton Town,Alfie Doughty,ENG,DF,23,1999,37,34,2925,32.5,2,8,10,2,0,0,5,0,1.3,1.3,6.3,7.6,94,106,164,0.06,0.25,0.31,0.06,0.31,0.04,0.19,0.23,0.04,0.23
ENG-Premier League,2324,Luton Town,Amari'i Bell,JAM,DF,29,1994,21,21,1720,19.1,0,0,0,0,0,0,0,0,0.3,0.3,0.5,0.7,32,76,10,0.0,0.0,0.0,0.0,0.0,0.01,0.02,0.04,0.01,0.04
ENG-Premier League,2324,Luton Town,Andros Townsend,ENG,"MF,FW",32,1991,27,14,1210,13.4,1,3,4,1,0,0,1,0,1.2,1.2,1.3,2.5,47,35,71,0.07,0.22,0.3,0.07,0.3,0.09,0.1,0.19,0.09,0.19
ENG-Premier League,2324,Luton Town,Carlton Morris,ENG,"FW,MF",27,1995,38,32,2862,31.8,11,4,15,6,5,5,4,0,11.4,7.5,2.8,10.2,37,56,120,0.35,0.13,0.47,0.19,0.31,0.36,0.09,0.45,0.23,0.32
ENG-Premier League,2324,Luton Town,Cauley Woodrow,ENG,"FW,MF",28,1994,24,2,427,4.7,1,1,2,1,0,0,2,0,1.4,1.4,1.2,2.6,7,6,22,0.21,0.21,0.42,0.21,0.42,0.3,0.25,0.55,0.3,0.55
ENG-Premier League,2324,Luton Town,Chiedozie Ogbene,IRL,"MF,DF",26,1997,30,20,1995,22.2,4,1,5,4,0,0,1,0,4.2,4.2,3.1,7.4,127,53,150,0.18,0.05,0.23,0.18,0.23,0.19,0.14,0.33,0.19,0.33
ENG-Premier League,2324,Luton Town,Daiki Hashioka,JPN,DF,24,1999,10,6,595,6.6,0,0,0,0,0,0,0,0,0.1,0.1,0.7,0.8,3,21,16,0.0,0.0,0.0,0.0,0.0,0.02,0.1,0.12,0.02,0.12
ENG-Premier League,2324,Luton Town,Elijah Adebayo,ENG,FW,25,1998,27,16,1419,15.8,10,0,10,10,0,0,1,0,5.9,5.9,0.7,6.6,16,23,110,0.63,0.0,0.63,0.63,0.63,0.37,0.04,0.42,0.37,0.42
ENG-Premier League,2324,Luton Town,Fred Onyedinma,ENG,"DF,MF",26,1996,8,4,407,4.5,0,0,0,0,0,0,1,0,0.2,0.2,0.1,0.3,9,6,21,0.0,0.0,0.0,0.0,0.0,0.04,0.02,0.06,0.04,0.06
ENG-Premier League,2324,Luton Town,Gabriel Osho,NGA,DF,24,1998,21,21,1846,20.5,2,0,2,2,0,0,3,0,1.1,1.1,0.1,1.2,10,37,4,0.1,0.0,0.1,0.1,0.1,0.05,0.01,0.06,0.05,0.06
ENG-Premier League,2324,Luton Town,Issa Kaboré,BFA,DF,22,2001,24,21,1729,19.2,0,2,2,0,0,0,7,0,0.2,0.2,2.1,2.3,60,54,85,0.0,0.1,0.1,0.0,0.1,0.01,0.11,0.12,0.01,0.12
ENG-Premier League,2324,Luton Town,Jacob Brown,SCO,"MF,FW",25,1998,19,12,1019,11.3,2,0,2,2,0,0,4,0,2.8,2.8,0.7,3.4,25,19,53,0.18,0.0,0.18,0.18,0.18,0.25,0.06,0.3,0.25,0.3
ENG-Premier League,2324,Luton Town,James Shea,ENG,GK,32,1991,1,0,15,0.2,0,0,0,0,0,0,0,0,0.0,0.0,0.0,0.0,0,0,0,0.0,0.0,0.0,0.0,0.0,0.0,0.0,0.0,0.0,0.0
ENG-Premier League,2324,Luton Town,Jordan Clark,ENG,MF,29,1993,23,14,1304,14.5,1,1,2,1,0,0,4,0,1.0,1.0,1.3,2.2,21,51,39,0.07,0.07,0.14,0.07,0.14,0.07,0.09,0.16,0.07,0.16
ENG-Premier League,2324,Luton Town,Joseph Johnson,ENG,DF,17,2006,2,0,77,0.9,0,0,0,0,0,0,1,0,0.0,0.0,0.0,0.0,0,2,1,0.0,0.0,0.0,0.0,0.0,0.0,0.0,0.0,0.0,0.0
ENG-Premier League,2324,Luton Town,Luke Berry,ENG,"MF,DF",31,1992,17,2,323,3.6,2,1,3,2,0,0,1,0,1.0,1.0,0.3,1.3,1,8,7,0.56,0.28,0.84,0.56,0.84,0.28,0.07,0.35,0.28,0.35
ENG-Premier League,2324,Luton Town,Mads Juel Andersen,DEN,DF,25,1997,8,4,400,4.4,1,0,1,1,0,0,1,0,0.3,0.3,0.0,0.3,0,7,1,0.23,0.0,0.23,0.23,0.23,0.06,0.0,0.06,0.06,0.06
ENG-Premier League,2324,Luton Town,Marvelous Nakamba,ZIM,MF,29,1994,13,13,1130,12.6,0,0,0,0,0,0,5,0,0.2,0.2,0.4,0.6,1,36,5,0.0,0.0,0.0,0.0,0.0,0.01,0.03,0.05,0.01,0.05
ENG-Premier League,2324,Luton Town,Pelly Ruddock Mpanzu,COD,MF,30,1993,27,11,1101,12.2,0,0,0,0,0,0,1,0,0.6,0.6,0.4,1.1,10,34,15,0.0,0.0,0.0,0.0,0.0,0.05,0.04,0.09,0.05,0.09
ENG-Premier League,2324,Luton Town,Reece Burke,ENG,DF,26,1996,22,20,1660,18.4,0,4,4,0,0,0,5,0,1.3,1.3,1.4,2.7,11,67,14,0.0,0.22,0.22,0.0,0.22,0.07,0.07,0.15,0.07,0.15
ENG-Premier League,2324,Luton Town,Ross Barkley,ENG,MF,29,1993,32,30,2618,29.1,5,4,9,5,0,0,6,0,4.1,4.1,3.7,7.9,48,163,39,0.17,0.14,0.31,0.17,0.31,0.14,0.13,0.27,0.14,0.27
ENG-Premier League,2324,Luton Town,Ryan Giles,ENG,"DF,MF",23,2000,11,5,503,5.6,0,0,0,0,0,0,0,0,0.1,0.1,0.2,0.3,9,17,30,0.0,0.0,0.0,0.0,0.0,0.02,0.04,0.06,0.02,0.06
ENG-Premier League,2324,Luton Town,Tahith Chong,CUW,"MF,FW",23,1999,33,20,1982,22.0,4,0,4,4,0,0,4,0,2.7,2.7,0.5,3.2,57,72,101,0.18,0.0,0.18,0.18,0.18,0.12,0.02,0.15,0.12,0.15
ENG-Premier League,2324,Luton Town,Teden Mengi,ENG,DF,21,2002,30,28,2469,27.4,1,0,1,1,0,0,3,0,0.6,0.6,0.3,0.9,15,54,1,0.04,0.0,0.04,0.04,0.04,0.02,0.01,0.03,0.02,0.03
ENG-Premier League,2324,Luton Town,Thomas Kaminski,BEL,GK,30,1992,38,38,3405,37.8,0,0,0,0,0,0,3,0,0.0,0.0,0.0,0.0,0,1,0,0.0,0.0,0.0,0.0,0.0,0.0,0.0,0.0,0.0,0.0
ENG-Premier League,2324,Luton Town,Tom Lockyer,WAL,DF,28,1994,14,14,1169,13.0,1,1,2,1,0,0,4,0,1.1,1.1,0.6,1.7,6,37,2,0.08,0.08,0.15,0.08,0.15,0.08,0.05,0.13,0.08,0.13
ENG-Premier League,2324,Luton Town,Zack Nelson,ENG,"MF,DF",18,2004,2,0,7,0.1,0,0,0,0,0,0,0,0,0.0,0.0,0.0,0.0,0,0,0,0.0,0.0,0.0,0.0,0.0,0.0,0.0,0.0,0.0,0.0
ENG-Premier League,2324,Manchester City,Aymeric Laporte,ESP,DF,29,1994,1,0,12,0.1,0,0,0,0,0,0,0,0,0.0,0.0,0.0,0.0,0,0,0,0.0,0.0,0.0,0.0,0.0,0.27,0.0,0.27,0.27,0.27
ENG-Premier League,2324,Manchester City,Bernardo Silva,POR,"MF,FW",28,1994,33,29,2578,28.6,6,9,15,6,0,0,8,0,3.7,3.7,7.6,11.3,140,177,260,0.21,0.31,0.52,0.21,0.52,0.13,0.27,0.4,0.13,0.4
ENG-Premier League,2324,Manchester City,Cole Palmer,ENG,MF,21,2002,1,0,11,0.1,0,0,0,0,0,0,0,0,0.0,0.0,0.0,0.0,0,0,0,0.0,0.0,0.0,0.0,0.0,0.0,0.0,0.0,0.0,0.0
ENG-Premier League,2324,Manchester City,Ederson,BRA,GK,29,1993,33,33,2785,30.9,0,0,0,0,0,0,5,0,0.0,0.0,0.1,0.1,0,4,0,0.0,0.0,0.0,0.0,0.0,0.0,0.0,0.0,0.0,0.0
ENG-Premier League,2324,Manchester City,Erling Haaland,NOR,FW,23,2000,31,29,2552,28.4,27,5,32,20,7,8,1,0,29.2,22.9,4.3,27.2,35,26,126,0.95,0.18,1.13,0.71,0.88,1.03,0.15,1.18,0.81,0.96
ENG-Premier League,2324,Manchester City,Jack Grealish,ENG,"FW,MF",27,1995,20,10,1009,11.2,3,1,4,3,0,0,6,0,2.1,2.1,2.5,4.6,87,50,146,0.27,0.09,0.36,0.27,0.36,0.19,0.22,0.41,0.19,0.41
ENG-Premier League,2324,Manchester City,James Mcatee,ENG,MF,20,2002,1,0,1,0.0,0,0,0,0,0,0,0,0,0.0,0.0,0.0,0.0,0,0,0,0.0,0.0,0.0,0.0,0.0,0.0,0.0,0.0,0.0,0.0
ENG-Premier League,2324,Manchester City,Jeremy Doku,BEL,"FW,MF",21,2002,29,18,1595,17.7,3,8,11,3,0,0,3,0,2.5,2.5,4.6,7.1,218,57,295,0.17,0.45,0.62,0.17,0.62,0.14,0.26,0.4,0.14,0.4
ENG-Premier League,2324,Manchester City,John Stones,ENG,"DF,MF",29,1994,16,12,1064,11.8,1,0,1,1,0,0,2,0,1.0,1.0,0.2,1.3,16,57,24,0.08,0.0,0.08,0.08,0.08,0.09,0.02,0.11,0.09,0.11
ENG-Premier League,2324,Manchester City,Joško Gvardiol,CRO,DF,21,2002,28,26,2328,25.9,4,1,5,4,0,0,3,0,3.1,3.1,1.4,4.5,63,136,115,0.15,0.04,0.19,0.15,0.19,0.12,0.06,0.18,0.12,0.18
ENG-Premier League,2324,Manchester City,Julián Álvarez,ARG,"MF,FW",23,2000,36,31,2647,29.4,11,8,19,9,2,2,2,0,13.0,11.5,6.4,17.9,64,103,180,0.37,0.27,0.65,0.31,0.58,0.44,0.22,0.66,0.39,0.61
ENG-Premier League,2324,Manchester City,Kalvin Phillips,ENG,MF,27,1995,4,0,93,1.0,0,0,0,0,0,0,0,0,0.1,0.1,0.0,0.1,7,7,3,0.0,0.0,0.0,0.0,0.0,0.07,0.0,0.07,0.07,0.07
ENG-Premier League,2324,Manchester City,Kevin De Bruyne,BEL,MF,32,1991,18,15,1221,13.6,4,10,14,4,0,0,2,0,2.4,2.4,11.5,14.0,47,111,133,0.29,0.74,1.03,0.29,1.03,0.18,0.85,1.03,0.18,1.03
ENG-Premier League,2324,Manchester City,Kyle Walker,ENG,DF,33,1990,32,30,2767,30.7,0,4,4,0,0,0,2,0,0.4,0.4,2.6,3.0,74,157,172,0.0,0.13,0.13,0.0,0.13,0.01,0.09,0.1,0.01,0.1
ENG-Premier League,2324,Manchester City,Manuel Akanji,SUI,"DF,MF",28,1995,30,28,2511,27.9,2,0,2,2,0,0,4,1,1.9,1.9,0.5,2.4,46,148,36,0.07,0.0,0.07,0.07,0.07,0.07,0.02,0.09,0.07,0.09
ENG-Premier League,2324,Manchester City,Mateo Kovačić,CRO,MF,29,1994,30,16,1551,17.2,1,0,1,1,0,0,4,0,1.3,1.3,1.6,2.9,37,100,38,0.06,0.0,0.06,0.06,0.06,0.07,0.09,0.17,0.07,0.17
ENG-Premier League,2324,Manchester City,Matheus Nunes,POR,MF,24,1998,17,7,661,7.3,0,2,2,0,0,0,0,0,0.8,0.8,1.1,2.0,28,34,58,0.0,0.27,0.27,0.0,0.27,0.11,0.15,0.27,0.11,0.27
ENG-Premier League,2324,Manchester City,Nathan Aké,NED,DF,28,1995,29,24,2042,22.7,2,2,4,2,0,0,0,0,2.5,2.5,1.2,3.7,24,116,18,0.09,0.09,0.18,0.09,0.18,0.11,0.05,0.16,0.11,0.16
ENG-Premier League,2324,Manchester City,Oscar Bobb,NOR,"FW,MF",20,2003,14,2,302,3.4,1,1,2,1,0,0,0,0,1.4,1.4,1.2,2.6,13,25,38,0.3,0.3,0.6,0.3,0.6,0.41,0.37,0.78,0.41,0.78
ENG-Premier League,2324,Manchester City,Phil Foden,ENG,"FW,MF",23,2000,35,33,2857,31.7,19,8,27,19,0,0,2,0,10.3,10.3,8.4,18.7,93,168,269,0.6,0.25,0.85,0.6,0.85,0.33,0.26,0.59,0.33,0.59
ENG-Premier League,2324,Manchester City,Rico Lewis,ENG,"DF,MF",18,2004,16,8,809,9.0,2,0,2,2,0,0,1,0,0.6,0.6,1.1,1.8,21,33,46,0.22,0.0,0.22,0.22,0.22,0.07,0.12,0.19,0.07,0.19
ENG-Premier League,2324,Manchester City,Rodri,ESP,MF,27,1996,34,34,2931,32.6,8,9,17,8,0,0,8,1,4.1,4.1,3.9,8.0,76,376,55,0.25,0.28,0.52,0.25,0.52,0.12,0.12,0.24,0.12,0.24
ENG-Premier League,2324,Manchester City,Rúben Dias,POR,DF,26,1997,30,28,2559,28.4,0,0,0,0,0,0,0,0,1.4,1.4,0.3,1.7,34,173,16,0.0,0.0,0.0,0.0,0.0,0.05,0.01,0.06,0.05,0.06
ENG-Premier League,2324,Manchester City,Sergio Gómez,ESP,"FW,MF",22,2000,6,0,53,0.6,0,1,1,0,0,0,0,0,0.2,0.2,0.2,0.4,4,2,4,0.0,1.7,1.7,0.0,1.7,0.41,0.31,0.73,0.41,0.73
ENG-Premier League,2324,Manchester City,Stefan Ortega,GER,GK,30,1992,9,5,635,7.1,0,0,0,0,0,0,0,0,0.0,0.0,0.0,0.0,0,0,0,0.0,0.0,0.0,0.0,0.0,0.0,0.0,0.0,0.0,0.0
ENG-Premier League,2324,Manchester Utd,Aaron Wan-Bissaka,COD,DF,25,1997,22,20,1780,19.8,0,2,2,0,0,0,4,0,0.1,0.1,1.5,1.6,30,77,54,0.0,0.1,0.1,0.0,0.1,0.01,0.08,0.08,0.01,0.08
ENG-Premier League,2324,Manchester Utd,Alejandro Garnacho,ARG,FW,19,2004,36,30,2565,28.5,7,4,11,7,0,0,4,0,8.4,8.3,5.1,13.4,178,62,281,0.25,0.14,0.39,0.25,0.39,0.29,0.18,0.47,0.29,0.47
ENG-Premier League,2324,Manchester Utd,Amad Diallo,CIV,"FW,MF",21,2002,9,3,390,4.3,1,1,2,1,0,0,1,0,0.5,0.5,1.1,1.6,11,10,31,0.23,0.23,0.46,0.23,0.46,0.12,0.24,0.36,0.12,0.36
ENG-Premier League,2324,Manchester Utd,André Onana,CMR,GK,27,1996,38,38,3420,38.0,0,0,0,0,0,0,5,0,0.0,0.0,0.1,0.1,1,5,0,0.0,0.0,0.0,0.0,0.0,0.0,0.0,0.0,0.0,0.0
ENG-Premier League,2324,Manchester Utd,Anthony Martial,FRA,FW,27,1995,13,5,448,5.0,1,0,1,1,0,0,0,0,1.2,1.2,0.2,1.5,6,12,36,0.2,0.0,0.2,0.2,0.2,0.25,0.05,0.29,0.25,0.29
ENG-Premier League,2324,Manchester Utd,Antony,BRA,FW,23,2000,29,15,1324,14.7,1,1,2,1,0,0,5,0,3.4,3.4,2.8,6.1,53,64,149,0.07,0.07,0.14,0.07,0.14,0.23,0.19,0.42,0.23,0.42
ENG-Premier League,2324,Manchester Utd,Bruno Fernandes,POR,"MF,FW",28,1994,35,35,3118,34.6,10,8,18,6,4,5,9,0,10.0,6.1,11.8,17.8,86,297,182,0.29,0.23,0.52,0.17,0.4,0.29,0.34,0.63,0.18,0.51
ENG-Premier League,2324,Manchester Utd,Casemiro,BRA,"MF,DF",31,1992,25,24,1982,22.0,1,2,3,1,0,0,7,0,3.5,3.5,1.0,4.5,12,112,36,0.05,0.09,0.14,0.05,0.14,0.16,0.05,0.2,0.16,0.2
ENG-Premier League,2324,Manchester Utd,Christian Eriksen,DEN,MF,31,1992,22,12,1141,12.7,1,2,3,1,0,0,1,0,1.0,1.0,2.3,3.3,20,68,23,0.08,0.16,0.24,0.08,0.24,0.08,0.18,0.26,0.08,0.26
ENG-Premier League,2324,Manchester Utd,Daniel Gore,ENG,MF,18,2004,1,0,1,0.0,0,0,0,0,0,0,0,0,0.0,0.0,0.0,0.0,0,0,0,0.0,0.0,0.0,0.0,0.0,0.0,0.0,0.0,0.0,0.0
ENG-Premier League,2324,Manchester Utd,Diogo Dalot,POR,DF,24,1999,36,35,3174,35.3,2,3,5,2,0,0,6,1,1.7,1.7,2.9,4.6,52,124,111,0.06,0.09,0.14,0.06,0.14,0.05,0.08,0.13,0.05,0.13
ENG-Premier League,2324,Manchester Utd,Donny van de Beek,NED,DF,26,1997,1,0,3,0.0,0,0,0,0,0,0,0,0,0.0,0.0,0.1,0.2,0,0,1,0.0,0.0,0.0,0.0,0.0,1.09,4.44,5.54,1.09,5.54
ENG-Premier League,2324,Manchester Utd,Ethan Wheatley,ENG,FW,17,2006,3,0,16,0.2,0,0,0,0,0,0,0,0,0.0,0.0,0.0,0.0,0,0,1,0.0,0.0,0.0,0.0,0.0,0.0,0.0,0.0,0.0,0.0
ENG-Premier League,2324,Manchester Utd,Facundo Pellistri,URU,"FW,MF",21,2001,9,1,172,1.9,0,1,1,0,0,0,0,0,0.7,0.7,0.1,0.8,6,6,31,0.0,0.52,0.52,0.0,0.52,0.38,0.05,0.43,0.38,0.43
ENG-Premier League,2324,Manchester Utd,Hannibal Mejbri,TUN,"MF,FW",20,2003,5,1,133,1.5,1,0,1,1,0,0,1,0,0.0,0.0,0.4,0.4,2,6,10,0.68,0.0,0.68,0.68,0.68,0.02,0.25,0.27,0.02,0.27
ENG-Premier League,2324,Manchester Utd,Harry Maguire,ENG,DF,30,1993,22,18,1653,18.4,2,2,4,2,0,0,4,0,2.0,2.0,1.2,3.3,20,73,2,0.11,0.11,0.22,0.11,0.22,0.11,0.07,0.18,0.11,0.18
ENG-Premier League,2324,Manchester Utd,Jadon Sancho,ENG,"FW,MF",23,2000,3,0,79,0.9,0,0,0,0,0,0,0,0,0.0,0.0,0.1,0.1,10,4,5,0.0,0.0,0.0,0.0,0.0,0.0,0.06,0.06,0.0,0.06
ENG-Premier League,2324,Manchester Utd,Jonny Evans,NIR,DF,35,1988,23,15,1392,15.5,0,1,1,0,0,0,2,0,0.1,0.1,1.2,1.2,7,37,1,0.0,0.06,0.06,0.0,0.06,0.0,0.08,0.08,0.0,0.08
ENG-Premier League,2324,Manchester Utd,Kobbie Mainoo,ENG,MF,18,2005,24,24,1924,21.4,3,1,4,3,0,0,3,0,0.9,0.9,0.7,1.6,25,64,36,0.14,0.05,0.19,0.14,0.19,0.04,0.03,0.07,0.04,0.07
ENG-Premier League,2324,Manchester Utd,Lisandro Martínez,ARG,DF,25,1998,11,8,646,7.2,0,1,1,0,0,0,3,0,0.0,0.0,0.1,0.1,8,28,1,0.0,0.14,0.14,0.0,0.14,0.0,0.01,0.01,0.0,0.01
ENG-Premier League,2324,Manchester Utd,Luke Shaw,ENG,DF,28,1995,12,12,959,10.7,0,0,0,0,0,0,6,0,0.0,0.0,1.0,1.0,10,45,30,0.0,0.0,0.0,0.0,0.0,0.0,0.09,0.1,0.0,0.1
ENG-Premier League,2324,Manchester Utd,Marcus Rashford,ENG,FW,25,1997,33,26,2271,25.2,7,2,9,5,2,2,2,0,7.4,5.8,2.3,8.1,95,65,185,0.28,0.08,0.36,0.2,0.28,0.29,0.09,0.38,0.23,0.32
ENG-Premier League,2324,Manchester Utd,Mason Mount,ENG,"MF,FW",24,1999,14,5,516,5.7,1,0,1,1,0,0,2,0,0.4,0.4,0.3,0.7,9,21,34,0.17,0.0,0.17,0.17,0.17,0.07,0.06,0.13,0.07,0.13
ENG-Premier League,2324,Manchester Utd,Omari Forson,ENG,FW,19,2004,4,1,70,0.8,0,1,1,0,0,0,0,0,0.0,0.0,0.2,0.2,1,2,2,0.0,1.29,1.29,0.0,1.29,0.04,0.23,0.27,0.04,0.27
ENG-Premier League,2324,Manchester Utd,Raphaël Varane,FRA,DF,30,1993,22,16,1375,15.3,1,0,1,1,0,0,2,0,1.3,1.3,0.1,1.3,16,59,2,0.07,0.0,0.07,0.07,0.07,0.08,0.0,0.09,0.08,0.09
ENG-Premier League,2324,Manchester Utd,Rasmus Højlund,DEN,FW,20,2003,30,25,2158,24.0,10,2,12,10,0,0,2,0,7.6,7.6,1.6,9.2,35,33,111,0.42,0.08,0.5,0.42,0.5,0.32,0.07,0.38,0.32,0.38
ENG-Premier League,2324,Manchester Utd,Scott McTominay,SCO,"MF,FW",26,1996,32,18,1901,21.1,7,1,8,7,0,0,2,0,5.7,5.7,0.8,6.6,29,64,47,0.33,0.05,0.38,0.33,0.38,0.27,0.04,0.31,0.27,0.31
ENG-Premier League,2324,Manchester Utd,Sergio Reguilón,ESP,DF,26,1996,9,4,412,4.6,0,0,0,0,0,0,3,0,0.2,0.2,0.7,0.9,11,27,38,0.0,0.0,0.0,0.0,0.0,0.04,0.16,0.2,0.04,0.2
ENG-Premier League,2324,Manchester Utd,Sofyan Amrabat,MAR,"MF,DF",26,1996,21,10,938,10.4,0,0,0,0,0,0,6,0,0.1,0.1,0.3,0.4,6,66,10,0.0,0.0,0.0,0.0,0.0,0.01,0.03,0.04,0.01,0.04
ENG-Premier League,2324,Manchester Utd,Victor Lindelöf,SWE,DF,29,1994,19,14,1328,14.8,1,1,2,1,0,0,2,0,0.8,0.8,0.3,1.1,17,40,17,0.07,0.07,0.14,0.07,0.14,0.05,0.02,0.07,0.05,0.07
ENG-Premier League,2324,Manchester Utd,Willy Kambwala,FRA,DF,18,2004,8,3,330,3.7,0,0,0,0,0,0,1,0,0.0,0.0,0.0,0.0,2,8,1,0.0,0.0,0.0,0.0,0.0,0.0,0.0,0.0,0.0,0.0
ENG-Premier League,2324,Newcastle Utd,Alex Murphy,IRL,"DF,FW",19,2004,2,0,13,0.1,0,0,0,0,0,0,0,0,0.0,0.0,0.0,0.0,0,1,0,0.0,0.0,0.0,0.0,0.0,0.0,0.0,0.0,0.0,0.0
ENG-Premier League,2324,Newcastle Utd,Alexander Isak,SWE,FW,23,1999,30,27,2255,25.1,21,2,23,16,5,6,1,0,20.3,15.6,3.7,19.3,68,71,129,0.84,0.08,0.92,0.64,0.72,0.81,0.15,0.96,0.62,0.77
ENG-Premier League,2324,Newcastle Utd,Amadou Diallo,ENG,MF,20,2003,1,0,1,0.0,0,0,0,0,0,0,0,0,0.0,0.0,0.0,0.0,0,0,0,0.0,0.0,0.0,0.0,0.0,0.0,0.0,0.0,0.0,0.0
ENG-Premier League,2324,Newcastle Utd,Anthony Gordon,ENG,FW,22,2001,35,34,2890,32.1,11,10,21,10,1,1,12,1,10.2,9.4,8.0,17.4,138,101,232,0.34,0.31,0.65,0.31,0.62,0.32,0.25,0.57,0.29,0.54
ENG-Premier League,2324,Newcastle Utd,Ben Parkinson,ENG,FW,18,2005,1,0,25,0.3,0,0,0,0,0,0,0,0,0.0,0.0,0.0,0.0,0,0,0,0.0,0.0,0.0,0.0,0.0,0.0,0.0,0.0,0.0,0.0
ENG-Premier League,2324,Newcastle Utd,Bruno Guimarães,BRA,MF,25,1997,37,37,3263,36.3,7,8,15,7,0,0,9,0,4.8,4.8,6.4,11.2,65,283,73,0.19,0.22,0.41,0.19,0.41,0.13,0.18,0.31,0.13,0.31
ENG-Premier League,2324,Newcastle Utd,Callum Wilson,ENG,FW,31,1992,20,9,991,11.0,9,1,10,7,2,2,3,0,8.8,7.2,0.6,7.8,11,9,77,0.82,0.09,0.91,0.64,0.73,0.8,0.05,0.85,0.65,0.71
ENG-Premier League,2324,Newcastle Utd,Dan Burn,ENG,DF,31,1992,33,32,2726,30.3,2,2,4,2,0,0,4,0,3.1,3.1,1.1,4.2,14,75,25,0.07,0.07,0.13,0.07,0.13,0.1,0.04,0.14,0.1,0.14
ENG-Premier League,2324,Newcastle Utd,Elliot Anderson,ENG,"MF,FW",20,2002,21,10,1027,11.4,0,2,2,0,0,0,3,0,1.5,1.5,1.9,3.5,37,57,70,0.0,0.18,0.18,0.0,0.18,0.13,0.17,0.3,0.13,0.3
ENG-Premier League,2324,Newcastle Utd,Emil Krafth,SWE,DF,28,1994,17,8,913,10.1,0,0,0,0,0,0,2,0,0.2,0.2,1.0,1.2,12,29,33,0.0,0.0,0.0,0.0,0.0,0.02,0.1,0.12,0.02,0.12
ENG-Premier League,2324,Newcastle Utd,Fabian Schär,SUI,DF,31,1991,36,35,3054,33.9,4,1,5,4,0,0,5,0,2.5,2.5,0.7,3.3,28,133,20,0.12,0.03,0.15,0.12,0.15,0.07,0.02,0.1,0.07,0.1
ENG-Premier League,2324,Newcastle Utd,Harvey Barnes,ENG,"FW,MF",25,1997,21,7,802,8.9,5,3,8,5,0,0,2,0,3.6,3.6,3.2,6.8,45,34,79,0.56,0.34,0.9,0.56,0.9,0.4,0.36,0.76,0.4,0.76
ENG-Premier League,2324,Newcastle Utd,Jacob Murphy,ENG,"FW,DF",28,1995,21,14,1189,13.2,3,7,10,3,0,0,1,0,2.1,2.1,5.0,7.1,33,52,113,0.23,0.53,0.76,0.23,0.76,0.16,0.37,0.54,0.16,0.54
ENG-Premier League,2324,Newcastle Utd,Jamaal Lascelles,ENG,DF,29,1993,16,13,1080,12.0,1,0,1,1,0,0,4,0,0.7,0.7,0.1,0.8,8,31,3,0.08,0.0,0.08,0.08,0.08,0.06,0.01,0.07,0.06,0.07
ENG-Premier League,2324,Newcastle Utd,Joe White,ENG,MF,20,2002,4,0,13,0.1,0,0,0,0,0,0,1,0,0.0,0.0,0.0,0.0,2,3,3,0.0,0.0,0.0,0.0,0.0,0.0,0.0,0.0,0.0,0.0
ENG-Premier League,2324,Newcastle Utd,Joe Willock,ENG,MF,23,1999,9,5,419,4.7,1,0,1,1,0,0,0,0,0.8,0.8,0.6,1.4,16,17,26,0.21,0.0,0.21,0.21,0.21,0.17,0.12,0.3,0.17,0.3
ENG-Premier League,2324,Newcastle Utd,Joelinton,BRA,"MF,FW",26,1996,20,15,1279,14.2,2,1,3,2,0,0,6,0,3.1,3.1,2.8,5.9,29,56,60,0.14,0.07,0.21,0.14,0.21,0.22,0.2,0.41,0.22,0.41
ENG-Premier League,2324,Newcastle Utd,Kieran Trippier,ENG,DF,32,1990,28,26,2236,24.8,1,10,11,1,0,0,5,0,0.7,0.7,7.5,8.2,34,157,128,0.04,0.4,0.44,0.04,0.44,0.03,0.3,0.33,0.03,0.33
ENG-Premier League,2324,Newcastle Utd,Lewis Hall,ENG,DF,18,2004,18,8,781,8.7,1,0,1,1,0,0,2,0,0.3,0.3,0.3,0.6,19,46,27,0.12,0.0,0.12,0.12,0.12,0.04,0.03,0.07,0.04,0.07
ENG-Premier League,2324,Newcastle Utd,Lewis Miley,ENG,MF,17,2006,17,14,1202,13.4,1,3,4,1,0,0,1,0,1.2,1.2,1.7,2.9,14,53,54,0.07,0.22,0.3,0.07,0.3,0.09,0.13,0.22,0.09,0.22
ENG-Premier League,2324,Newcastle Utd,Loris Karius,GER,GK,30,1993,1,1,90,1.0,0,0,0,0,0,0,0,0,0.0,0.0,0.0,0.0,0,0,0,0.0,0.0,0.0,0.0,0.0,0.0,0.0,0.0,0.0,0.0
ENG-Premier League,2324,Newcastle Utd,Martin Dúbravka,SVK,GK,34,1989,23,22,1985,22.1,0,0,0,0,0,0,1,0,0.0,0.0,0.1,0.1,0,0,0,0.0,0.0,0.0,0.0,0.0,0.0,0.0,0.0,0.0,0.0
ENG-Premier League,2324,Newcastle Utd,Matt Ritchie,SCO,"FW,MF",33,1989,13,0,128,1.4,1,0,1,1,0,0,1,0,1.0,1.0,0.0,1.0,5,8,13,0.7,0.0,0.7,0.7,0.7,0.68,0.0,0.68,0.68,0.68
ENG-Premier League,2324,Newcastle Utd,Matt Targett,ENG,DF,27,1995,3,1,78,0.9,0,0,0,0,0,0,1,0,0.0,0.0,0.0,0.0,1,2,0,0.0,0.0,0.0,0.0,0.0,0.0,0.03,0.03,0.0,0.03
ENG-Premier League,2324,Newcastle Utd,Michael Ndiweni,ENG,FW,19,2003,1,0,1,0.0,0,0,0,0,0,0,0,0,0.0,0.0,0.0,0.0,0,0,0,0.0,0.0,0.0,0.0,0.0,0.0,0.0,0.0,0.0,0.0
ENG-Premier League,2324,Newcastle Utd,Miguel Almirón,PAR,FW,29,1994,33,23,1937,21.5,3,1,4,3,0,0,2,0,4.5,4.5,2.6,7.2,78,78,162,0.14,0.05,0.19,0.14,0.19,0.21,0.12,0.33,0.21,0.33
ENG-Premier League,2324,Newcastle Utd,Nick Pope,ENG,GK,31,1992,15,15,1345,14.9,0,0,0,0,0,0,1,0,0.0,0.0,0.0,0.0,0,0,0,0.0,0.0,0.0,0.0,0.0,0.0,0.0,0.0,0.0,0.0
ENG-Premier League,2324,Newcastle Utd,Paul Dummett,WAL,DF,31,1991,5,0,20,0.2,0,0,0,0,0,0,0,0,0.0,0.0,0.0,0.0,1,1,0,0.0,0.0,0.0,0.0,0.0,0.11,0.0,0.11,0.11,0.11
ENG-Premier League,2324,Newcastle Utd,Sandro Tonali,ITA,MF,23,2000,8,5,438,4.9,1,0,1,1,0,0,2,0,0.7,0.7,0.6,1.3,11,19,21,0.21,0.0,0.21,0.21,0.21,0.13,0.13,0.26,0.13,0.26
ENG-Premier League,2324,Newcastle Utd,Sean Longstaff,ENG,MF,25,1997,35,30,2747,30.5,6,2,8,6,0,0,7,0,6.6,6.6,2.3,8.8,24,145,116,0.2,0.07,0.26,0.2,0.26,0.22,0.07,0.29,0.22,0.29
ENG-Premier League,2324,Newcastle Utd,Sven Botman,NED,DF,23,2000,17,15,1377,15.3,2,2,4,2,0,0,2,0,0.6,0.6,1.0,1.6,0,35,5,0.13,0.13,0.26,0.13,0.26,0.04,0.07,0.11,0.04,0.11
ENG-Premier League,2324,Newcastle Utd,Valentino Livramento,ENG,DF,20,2002,26,12,1314,14.6,1,0,1,1,0,0,1,0,0.4,0.4,0.8,1.2,44,61,76,0.07,0.0,0.07,0.07,0.07,0.03,0.05,0.08,0.03,0.08
ENG-Premier League,2324,Nott'ham Forest,Andrew Omobamidele,IRL,DF,21,2002,11,8,783,8.7,0,0,0,0,0,0,2,0,0.1,0.1,0.1,0.2,1,8,0,0.0,0.0,0.0,0.0,0.0,0.02,0.01,0.03,0.02,0.03
ENG-Premier League,2324,Nott'ham Forest,Andrey Santos,BRA,MF,19,2004,1,0,8,0.1,0,0,0,0,0,0,0,0,0.1,0.1,0.0,0.1,0,0,0,0.0,0.0,0.0,0.0,0.0,0.64,0.0,0.64,0.64,0.64
ENG-Premier League,2324,Nott'ham Forest,Anthony Elanga,SWE,"FW,MF",21,2002,36,25,2433,27.0,5,9,14,5,0,0,1,0,6.6,6.6,6.7,13.3,98,49,196,0.18,0.33,0.52,0.18,0.52,0.24,0.25,0.49,0.24,0.49
ENG-Premier League,2324,Nott'ham Forest,Brandon Aguilera,CRC,FW,20,2003,1,0,5,0.1,0,0,0,0,0,0,0,0,0.0,0.0,0.0,0.0,0,0,1,0.0,0.0,0.0,0.0,0.0,0.0,0.0,0.0,0.0,0.0
ENG-Premier League,2324,Nott'ham Forest,Brennan Johnson,WAL,"FW,MF",22,2001,3,3,237,2.6,0,0,0,0,0,0,0,0,0.3,0.3,0.2,0.5,8,1,14,0.0,0.0,0.0,0.0,0.0,0.12,0.08,0.21,0.12,0.21
ENG-Premier League,2324,Nott'ham Forest,Callum Hudson-Odoi,ENG,"FW,MF",22,2000,29,20,1854,20.6,8,1,9,8,0,0,0,0,2.7,2.7,2.8,5.5,111,58,173,0.39,0.05,0.44,0.39,0.44,0.13,0.14,0.27,0.13,0.27
ENG-Premier League,2324,Nott'ham Forest,Cheikhou Kouyaté,SEN,MF,33,1989,12,2,212,2.4,0,0,0,0,0,0,2,0,0.3,0.3,0.0,0.3,0,5,5,0.0,0.0,0.0,0.0,0.0,0.12,0.02,0.14,0.12,0.14
ENG-Premier League,2324,Nott'ham Forest,Chris Wood,NZL,FW,31,1991,31,20,1812,20.1,14,1,15,14,0,0,0,0,11.9,11.9,2.1,14.0,16,30,76,0.7,0.05,0.75,0.7,0.75,0.59,0.1,0.69,0.59,0.69
ENG-Premier League,2324,Nott'ham Forest,Danilo,BRA,MF,22,2001,29,20,1792,19.9,2,2,4,2,0,0,4,0,1.8,1.8,1.5,3.4,22,82,28,0.1,0.1,0.2,0.1,0.2,0.09,0.08,0.17,0.09,0.17
ENG-Premier League,2324,Nott'ham Forest,Divock Origi,BEL,FW,28,1995,20,6,606,6.7,0,1,1,0,0,0,1,0,1.4,1.4,2.1,3.5,19,14,41,0.0,0.15,0.15,0.0,0.15,0.21,0.31,0.51,0.21,0.51
ENG-Premier League,2324,Nott'ham Forest,Felipe,BRA,DF,34,1989,7,4,375,4.2,0,0,0,0,0,0,4,0,0.1,0.1,0.1,0.2,1,6,0,0.0,0.0,0.0,0.0,0.0,0.03,0.01,0.04,0.03,0.04
ENG-Premier League,2324,Nott'ham Forest,Gio Reyna,USA,"FW,MF",20,2002,9,2,235,2.6,0,1,1,0,0,0,0,0,0.3,0.3,0.5,0.8,3,12,14,0.0,0.38,0.38,0.0,0.38,0.11,0.18,0.29,0.11,0.29
ENG-Premier League,2324,Nott'ham Forest,Gonzalo Montiel,ARG,DF,26,1997,14,8,801,8.9,0,2,2,0,0,0,5,0,0.1,0.1,1.4,1.5,9,28,32,0.0,0.22,0.22,0.0,0.22,0.01,0.15,0.17,0.01,0.17
ENG-Premier League,2324,Nott'ham Forest,Harry Toffolo,ENG,DF,27,1995,23,15,1459,16.2,1,3,4,1,0,0,3,0,1.6,1.6,1.5,3.2,10,42,34,0.06,0.19,0.25,0.06,0.25,0.1,0.1,0.2,0.1,0.2
ENG-Premier League,2324,Nott'ham Forest,Ibrahim Sangaré,CIV,MF,25,1997,17,13,1035,11.5,0,0,0,0,0,0,6,0,0.6,0.6,0.4,1.0,5,44,7,0.0,0.0,0.0,0.0,0.0,0.06,0.03,0.09,0.06,0.09
ENG-Premier League,2324,Nott'ham Forest,Joe Worrall,ENG,DF,26,1997,7,5,439,4.9,0,0,0,0,0,0,0,1,0.1,0.1,0.2,0.3,0,8,1,0.0,0.0,0.0,0.0,0.0,0.02,0.04,0.06,0.02,0.06
ENG-Premier League,2324,Nott'ham Forest,Matt Turner,USA,GK,29,1994,17,17,1530,17.0,0,0,0,0,0,0,2,0,0.0,0.0,0.0,0.0,0,0,0,0.0,0.0,0.0,0.0,0.0,0.0,0.0,0.0,0.0,0.0
ENG-Premier League,2324,Nott'ham Forest,Matz Sels,BEL,GK,31,1992,16,16,1440,16.0,0,0,0,0,0,0,1,0,0.0,0.0,0.1,0.1,0,0,0,0.0,0.0,0.0,0.0,0.0,0.0,0.0,0.0,0.0,0.0
ENG-Premier League,2324,Nott'ham Forest,Morgan Gibbs-White,ENG,"MF,FW",23,2000,37,35,3156,35.1,5,10,15,4,1,1,9,0,6.9,6.1,8.4,14.5,79,171,181,0.14,0.29,0.43,0.11,0.4,0.2,0.24,0.44,0.17,0.41
ENG-Premier League,2324,Nott'ham Forest,Moussa Niakhate,SEN,DF,27,1996,21,15,1460,16.2,1,0,1,1,0,0,5,1,1.1,1.1,0.1,1.2,13,39,6,0.06,0.0,0.06,0.06,0.06,0.07,0.01,0.08,0.07,0.08
ENG-Premier League,2324,Nott'ham Forest,Murillo,BRA,DF,21,2002,32,32,2789,31.0,0,2,2,0,0,0,5,0,1.8,1.8,1.2,3.0,22,89,7,0.0,0.06,0.06,0.0,0.06,0.06,0.04,0.1,0.06,0.1
ENG-Premier League,2324,Nott'ham Forest,Neco Williams,WAL,DF,22,2001,26,18,1637,18.2,0,1,1,0,0,0,4,0,0.8,0.8,1.6,2.5,48,47,86,0.0,0.05,0.05,0.0,0.05,0.04,0.09,0.13,0.04,0.13
ENG-Premier League,2324,Nott'ham Forest,Nicolás Domínguez,ARG,"MF,FW",25,1998,26,19,1495,16.6,2,2,4,2,0,0,4,0,1.3,1.3,1.0,2.3,14,91,43,0.12,0.12,0.24,0.12,0.24,0.08,0.06,0.14,0.08,0.14
ENG-Premier League,2324,Nott'ham Forest,Nuno Tavares,POR,DF,23,2000,8,5,457,5.1,0,0,0,0,0,0,2,0,0.2,0.2,0.5,0.7,14,24,12,0.0,0.0,0.0,0.0,0.0,0.03,0.1,0.13,0.03,0.13
ENG-Premier League,2324,Nott'ham Forest,Odysseas Vlachodimos,GRE,GK,29,1994,5,5,450,5.0,0,0,0,0,0,0,0,0,0.0,0.0,0.0,0.0,0,1,0,0.0,0.0,0.0,0.0,0.0,0.0,0.01,0.01,0.0,0.01
ENG-Premier League,2324,Nott'ham Forest,Ola Aina,NGA,DF,26,1996,22,20,1692,18.8,1,1,2,1,0,0,3,0,0.3,0.3,0.9,1.2,52,69,37,0.05,0.05,0.11,0.05,0.11,0.01,0.05,0.06,0.01,0.06
ENG-Premier League,2324,Nott'ham Forest,Orel Mangala,BEL,MF,25,1998,20,19,1563,17.4,1,0,1,1,0,0,6,0,0.8,0.8,0.2,1.1,13,45,14,0.06,0.0,0.06,0.06,0.06,0.05,0.01,0.06,0.05,0.06
ENG-Premier League,2324,Nott'ham Forest,Rodrigo Ribeiro,POR,"MF,FW",18,2005,4,0,17,0.2,0,0,0,0,0,0,0,0,0.0,0.0,0.0,0.0,2,2,1,0.0,0.0,0.0,0.0,0.0,0.0,0.0,0.0,0.0,0.0
ENG-Premier League,2324,Nott'ham Forest,Ryan Yates,ENG,MF,25,1997,35,21,1992,22.1,1,1,2,1,0,0,6,0,2.6,2.6,0.8,3.5,18,73,37,0.05,0.05,0.09,0.05,0.09,0.12,0.04,0.16,0.12,0.16
ENG-Premier League,2324,Nott'ham Forest,Scott McKenna,SCO,DF,26,1996,5,5,416,4.6,0,0,0,0,0,0,0,0,0.2,0.2,0.2,0.4,1,10,0,0.0,0.0,0.0,0.0,0.0,0.05,0.04,0.08,0.05,0.08
ENG-Premier League,2324,Nott'ham Forest,Serge Aurier,CIV,"DF,MF",30,1992,12,10,833,9.3,0,2,2,0,0,0,2,0,0.2,0.2,0.5,0.6,10,47,29,0.0,0.22,0.22,0.0,0.22,0.02,0.05,0.07,0.02,0.07
ENG-Premier League,2324,Nott'ham Forest,Taiwo Awoniyi,NGA,FW,25,1997,20,12,1042,11.6,6,3,9,6,0,0,2,0,4.7,4.7,1.7,6.4,8,14,45,0.52,0.26,0.78,0.52,0.78,0.41,0.15,0.56,0.41,0.56
ENG-Premier League,2324,Nott'ham Forest,Willy Boly,CIV,DF,32,1991,20,18,1438,16.0,2,1,3,2,0,0,3,1,1.5,1.5,1.3,2.8,4,32,3,0.13,0.06,0.19,0.13,0.19,0.09,0.08,0.18,0.09,0.18
ENG-Premier League,2324,Sheffield Utd,Andre Brooks,ENG,"MF,DF",19,2003,20,12,938,10.4,0,0,0,0,0,0,1,0,0.4,0.4,0.1,0.5,12,18,22,0.0,0.0,0.0,0.0,0.0,0.04,0.01,0.05,0.04,0.05
ENG-Premier League,2324,Sheffield Utd,Anel Ahmedhodžić,BIH,DF,24,1999,31,29,2649,29.4,2,0,2,2,0,0,11,1,3.1,3.1,0.8,4.0,15,43,21,0.07,0.0,0.07,0.07,0.07,0.11,0.03,0.14,0.11,0.14
ENG-Premier League,2324,Sheffield Utd,Anis Ben Slimane,TUN,MF,22,2001,15,4,419,4.7,0,0,0,0,0,0,2,0,0.8,0.8,0.3,1.1,3,12,21,0.0,0.0,0.0,0.0,0.0,0.17,0.06,0.23,0.17,0.23
ENG-Premier League,2324,Sheffield Utd,Antwoine Hackford,ENG,FW,19,2004,2,0,13,0.1,0,0,0,0,0,0,0,0,0.0,0.0,0.0,0.0,0,0,0,0.0,0.0,0.0,0.0,0.0,0.0,0.0,0.0,0.0,0.0
ENG-Premier League,2324,Sheffield Utd,Auston Trusty,USA,DF,24,1998,32,28,2572,28.6,0,0,0,0,0,0,4,0,0.4,0.4,1.1,1.5,10,40,15,0.0,0.0,0.0,0.0,0.0,0.01,0.04,0.05,0.01,0.05
ENG-Premier League,2324,Sheffield Utd,Ben Brereton,CHI,"FW,MF",24,1999,14,14,1105,12.3,6,1,7,5,1,1,3,0,6.1,5.3,1.5,6.7,23,37,78,0.49,0.08,0.57,0.41,0.49,0.49,0.12,0.61,0.43,0.55
ENG-Premier League,2324,Sheffield Utd,Ben Osborn,ENG,"DF,MF",28,1994,24,14,1367,15.2,0,2,2,0,0,0,3,0,0.2,0.2,0.9,1.1,16,55,44,0.0,0.13,0.13,0.0,0.13,0.01,0.06,0.07,0.01,0.07
ENG-Premier League,2324,Sheffield Utd,Bénie Traoré,CIV,"FW,MF",20,2002,8,3,387,4.3,0,0,0,0,0,0,0,0,0.3,0.3,0.5,0.8,7,9,14,0.0,0.0,0.0,0.0,0.0,0.06,0.13,0.19,0.06,0.19
ENG-Premier League,2324,Sheffield Utd,Cameron Archer,ENG,"FW,MF",22,2001,29,21,1832,20.4,4,1,5,4,0,0,1,0,5.5,5.5,2.8,8.3,33,15,114,0.2,0.05,0.25,0.2,0.25,0.27,0.14,0.41,0.27,0.41
ENG-Premier League,2324,Sheffield Utd,Chris Basham,ENG,"DF,MF",35,1988,8,3,321,3.6,0,0,0,0,0,0,1,0,0.1,0.1,0.3,0.4,1,7,6,0.0,0.0,0.0,0.0,0.0,0.04,0.07,0.1,0.04,0.1
ENG-Premier League,2324,Sheffield Utd,Daniel Jebbison,CAN,FW,19,2003,1,0,21,0.2,0,0,0,0,0,0,0,0,0.0,0.0,0.0,0.0,0,0,1,0.0,0.0,0.0,0.0,0.0,0.0,0.0,0.0,0.0,0.0
ENG-Premier League,2324,Sheffield Utd,George Baldock,GRE,DF,30,1993,13,11,969,10.8,0,1,1,0,0,0,4,0,0.0,0.0,0.8,0.8,9,31,24,0.0,0.09,0.09,0.0,0.09,0.0,0.07,0.08,0.0,0.08
ENG-Premier League,2324,Sheffield Utd,Gustavo Hamer,NED,MF,26,1997,36,34,2910,32.3,4,6,10,4,0,0,9,0,3.0,3.0,6.1,9.1,36,135,86,0.12,0.19,0.31,0.12,0.31,0.09,0.19,0.28,0.09,0.28
ENG-Premier League,2324,Sheffield Utd,Ivo Grbić,CRO,GK,27,1996,9,9,771,8.6,0,0,0,0,0,0,1,0,0.0,0.0,0.0,0.0,0,0,0,0.0,0.0,0.0,0.0,0.0,0.0,0.0,0.0,0.0,0.0
ENG-Premier League,2324,Sheffield Utd,Jack Robinson,ENG,DF,29,1993,34,31,2885,32.1,1,1,2,1,0,0,10,0,1.2,1.2,1.2,2.4,8,63,14,0.03,0.03,0.06,0.03,0.06,0.04,0.04,0.08,0.04,0.08
ENG-Premier League,2324,Sheffield Utd,James Mcatee,ENG,"MF,FW",20,2002,30,20,1822,20.2,3,3,6,2,1,1,2,0,3.1,2.3,2.9,5.2,56,51,110,0.15,0.15,0.3,0.1,0.25,0.15,0.15,0.3,0.11,0.26
ENG-Premier League,2324,Sheffield Utd,Jayden Bogle,ENG,DF,23,2000,34,32,2788,31.0,3,0,3,3,0,0,9,0,2.3,2.3,1.0,3.3,38,60,92,0.1,0.0,0.1,0.1,0.1,0.07,0.03,0.11,0.07,0.11
ENG-Premier League,2324,Sheffield Utd,John Egan,IRL,DF,30,1992,6,6,482,5.4,0,0,0,0,0,0,2,0,0.2,0.2,0.0,0.2,0,5,1,0.0,0.0,0.0,0.0,0.0,0.03,0.0,0.03,0.03,0.03
ENG-Premier League,2324,Sheffield Utd,John Fleck,SCO,"MF,DF",31,1991,4,1,92,1.0,0,0,0,0,0,0,1,0,0.0,0.0,0.4,0.4,2,3,0,0.0,0.0,0.0,0.0,0.0,0.0,0.44,0.44,0.0,0.44
ENG-Premier League,2324,Sheffield Utd,Luke Thomas,ENG,DF,22,2001,12,11,917,10.2,0,0,0,0,0,0,3,0,0.5,0.5,0.1,0.6,8,33,22,0.0,0.0,0.0,0.0,0.0,0.05,0.0,0.06,0.05,0.06
ENG-Premier League,2324,Sheffield Utd,Mason Holgate,JAM,DF,26,1996,10,9,710,7.9,0,0,0,0,0,0,3,1,0.6,0.6,0.4,1.1,0,13,0,0.0,0.0,0.0,0.0,0.0,0.08,0.05,0.13,0.08,0.13
ENG-Premier League,2324,Sheffield Utd,Max Lowe,ENG,"DF,MF",26,1997,10,4,503,5.6,0,0,0,0,0,0,1,0,0.6,0.6,0.7,1.3,5,12,11,0.0,0.0,0.0,0.0,0.0,0.1,0.13,0.23,0.1,0.23
ENG-Premier League,2324,Sheffield Utd,Oliver Arblaster,ENG,MF,19,2004,12,11,943,10.5,0,0,0,0,0,0,2,0,0.0,0.0,0.8,0.8,14,43,4,0.0,0.0,0.0,0.0,0.0,0.0,0.07,0.08,0.0,0.08
ENG-Premier League,2324,Sheffield Utd,Oliver McBurnie,SCO,FW,27,1996,21,15,1280,14.2,6,3,9,4,2,2,7,2,6.9,5.3,2.0,7.3,6,30,60,0.42,0.21,0.63,0.28,0.49,0.48,0.14,0.62,0.37,0.51
ENG-Premier League,2324,Sheffield Utd,Oliver Norwood,NIR,MF,32,1991,27,16,1440,16.0,1,0,1,0,1,1,8,0,1.1,0.3,0.6,0.9,3,73,10,0.06,0.0,0.06,0.0,0.0,0.07,0.04,0.11,0.02,0.06
ENG-Premier League,2324,Sheffield Utd,Rhian Brewster,ENG,"FW,MF",23,2000,13,3,346,3.8,0,0,0,0,0,0,0,1,0.4,0.4,0.1,0.5,1,3,21,0.0,0.0,0.0,0.0,0.0,0.09,0.03,0.12,0.09,0.12
ENG-Premier League,2324,Sheffield Utd,Rhys Norrington-Davies,WAL,DF,24,1999,5,2,110,1.2,0,0,0,0,0,0,1,0,0.0,0.0,0.0,0.0,3,2,6,0.0,0.0,0.0,0.0,0.0,0.0,0.01,0.01,0.0,0.01
ENG-Premier League,2324,Sheffield Utd,Ryan One,SCO,FW,17,2006,1,0,8,0.1,0,0,0,0,0,0,0,0,0.0,0.0,0.0,0.0,1,0,0,0.0,0.0,0.0,0.0,0.0,0.0,0.0,0.0,0.0,0.0
ENG-Premier League,2324,Sheffield Utd,Sam Curtis,IRL,DF,17,2005,1,0,28,0.3,0,0,0,0,0,0,0,0,0.0,0.0,0.0,0.0,0,1,1,0.0,0.0,0.0,0.0,0.0,0.0,0.0,0.0,0.0,0.0
ENG-Premier League,2324,Sheffield Utd,Sydie Peck,ENG,MF,18,2004,1,0,10,0.1,0,0,0,0,0,0,0,0,0.0,0.0,0.0,0.0,0,0,0,0.0,0.0,0.0,0.0,0.0,0.0,0.0,0.0,0.0,0.0
ENG-Premier League,2324,Sheffield Utd,Tom Davies,ENG,MF,25,1998,9,2,221,2.5,0,0,0,0,0,0,2,0,0.4,0.4,0.1,0.4,3,8,3,0.0,0.0,0.0,0.0,0.0,0.14,0.03,0.17,0.14,0.17
ENG-Premier League,2324,Sheffield Utd,Vinicius Souza,BRA,MF,24,1999,36,29,2668,29.6,1,0,1,1,0,0,3,0,0.6,0.6,0.2,0.9,8,66,21,0.03,0.0,0.03,0.03,0.03,0.02,0.01,0.03,0.02,0.03
ENG-Premier League,2324,Sheffield Utd,Wes Foderingham,ENG,GK,32,1991,30,29,2649,29.4,0,0,0,0,0,0,2,0,0.0,0.0,0.1,0.1,0,0,0,0.0,0.0,0.0,0.0,0.0,0.0,0.0,0.0,0.0,0.0
ENG-Premier League,2324,Sheffield Utd,William Osula,DEN,FW,19,2003,21,9,786,8.7,0,0,0,0,0,0,4,0,1.6,1.6,0.1,1.7,7,2,41,0.0,0.0,0.0,0.0,0.0,0.19,0.01,0.2,0.19,0.2
ENG-Premier League,2324,Sheffield Utd,Yasser Larouci,ALG,DF,22,2001,11,6,531,5.9,0,0,0,0,0,0,1,0,0.2,0.2,0.3,0.5,18,14,12,0.0,0.0,0.0,0.0,0.0,0.04,0.05,0.09,0.04,0.09
ENG-Premier League,2324,Tottenham,Alejo Véliz,ARG,FW,19,2003,8,0,50,0.6,1,0,1,1,0,0,1,0,0.2,0.2,0.0,0.2,0,1,3,1.8,0.0,1.8,1.8,1.8,0.45,0.0,0.45,0.45,0.45
ENG-Premier League,2324,Tottenham,Ben Davies,WAL,DF,30,1993,17,12,1090,12.1,1,0,1,1,0,0,2,0,2.3,2.3,0.4,2.7,13,71,20,0.08,0.0,0.08,0.08,0.08,0.19,0.03,0.23,0.19,0.23
ENG-Premier League,2324,Tottenham,Brennan Johnson,WAL,FW,22,2001,32,23,2085,23.2,5,10,15,5,0,0,3,0,10.3,10.3,8.1,18.3,97,72,293,0.22,0.43,0.65,0.22,0.65,0.44,0.35,0.79,0.44,0.79
ENG-Premier League,2324,Tottenham,Bryan Gil,ESP,"FW,MF",22,2001,11,2,209,2.3,0,0,0,0,0,0,0,0,0.8,0.8,0.2,1.0,11,16,49,0.0,0.0,0.0,0.0,0.0,0.32,0.09,0.41,0.32,0.41
ENG-Premier League,2324,Tottenham,Cristian Romero,ARG,DF,25,1998,33,33,2790,31.0,5,0,5,5,0,0,7,1,3.5,3.5,0.4,3.9,32,179,8,0.16,0.0,0.16,0.16,0.16,0.11,0.01,0.13,0.11,0.13
ENG-Premier League,2324,Tottenham,Dane Scarlett,ENG,FW,19,2004,4,0,22,0.2,0,0,0,0,0,0,0,0,0.0,0.0,0.0,0.0,0,1,4,0.0,0.0,0.0,0.0,0.0,0.0,0.0,0.0,0.0,0.0
ENG-Premier League,2324,Tottenham,Davinson Sánchez,COL,DF,27,1996,1,0,77,0.9,0,0,0,0,0,0,1,0,0.1,0.1,0.0,0.1,0,2,0,0.0,0.0,0.0,0.0,0.0,0.14,0.0,0.14,0.14,0.14
ENG-Premier League,2324,Tottenham,Dejan Kulusevski,SWE,"FW,MF",23,2000,36,31,2762,30.7,8,3,11,8,0,0,7,0,4.7,4.7,7.7,12.4,151,144,388,0.26,0.1,0.36,0.26,0.36,0.15,0.25,0.4,0.15,0.4
ENG-Premier League,2324,Tottenham,Destiny Udogie,ITA,DF,20,2002,28,28,2391,26.6,2,3,5,2,0,0,7,1,2.4,2.4,2.2,4.6,83,155,138,0.08,0.11,0.19,0.08,0.19,0.09,0.08,0.17,0.09,0.17
ENG-Premier League,2324,Tottenham,Emerson,BRA,DF,24,1999,22,11,1161,12.9,1,0,1,1,0,0,4,0,0.2,0.2,0.4,0.6,21,57,35,0.08,0.0,0.08,0.08,0.08,0.02,0.03,0.05,0.02,0.05
ENG-Premier League,2324,Tottenham,Eric Dier,ENG,DF,29,1994,4,1,201,2.2,0,0,0,0,0,0,0,0,0.0,0.0,0.0,0.0,0,3,0,0.0,0.0,0.0,0.0,0.0,0.0,0.0,0.0,0.0,0.0
ENG-Premier League,2324,Tottenham,Giovani Lo Celso,ARG,MF,27,1996,22,4,506,5.6,2,2,4,2,0,0,2,0,0.6,0.6,1.9,2.5,25,68,29,0.36,0.36,0.71,0.36,0.71,0.1,0.34,0.45,0.1,0.45
ENG-Premier League,2324,Tottenham,Guglielmo Vicario,ITA,GK,26,1996,38,38,3420,38.0,0,0,0,0,0,0,2,0,0.0,0.0,0.0,0.0,0,3,0,0.0,0.0,0.0,0.0,0.0,0.0,0.0,0.0,0.0,0.0
ENG-Premier League,2324,Tottenham,Ivan Perišić,CRO,FW,34,1989,5,0,103,1.1,0,1,1,0,0,0,2,0,0.1,0.1,0.9,1.0,15,9,17,0.0,0.87,0.87,0.0,0.87,0.1,0.75,0.85,0.1,0.85
ENG-Premier League,2324,Tottenham,James Maddison,ENG,MF,26,1996,28,26,2135,23.7,4,9,13,4,0,0,5,0,6.4,6.4,5.9,12.4,58,224,156,0.17,0.38,0.55,0.17,0.55,0.27,0.25,0.52,0.27,0.52
ENG-Premier League,2324,Tottenham,Jamie Donley,NIR,FW,18,2005,3,0,3,0.0,0,0,0,0,0,0,1,0,0.0,0.0,0.0,0.0,0,0,0,0.0,0.0,0.0,0.0,0.0,0.0,0.0,0.0,0.0,0.0
ENG-Premier League,2324,Tottenham,Manor Solomon,ISR,FW,24,1999,5,2,199,2.2,0,2,2,0,0,0,1,0,0.4,0.4,0.8,1.2,17,11,44,0.0,0.9,0.9,0.0,0.9,0.19,0.38,0.56,0.19,0.56
ENG-Premier League,2324,Tottenham,Micky van de Ven,NED,DF,22,2001,27,27,2339,26.0,3,0,3,3,0,0,5,0,0.6,0.6,0.0,0.6,19,108,9,0.12,0.0,0.12,0.12,0.12,0.02,0.0,0.02,0.02,0.02
ENG-Premier League,2324,Tottenham,Mikey Moore,ENG,MF,15,2007,2,0,4,0.0,0,0,0,0,0,0,0,0,0.0,0.0,0.0,0.0,2,1,2,0.0,0.0,0.0,0.0,0.0,0.0,0.0,0.0,0.0,0.0
ENG-Premier League,2324,Tottenham,Oliver Skipp,ENG,"MF,DF",22,2000,21,5,707,7.9,0,0,0,0,0,0,3,0,0.7,0.7,0.6,1.3,8,37,25,0.0,0.0,0.0,0.0,0.0,0.09,0.07,0.16,0.09,0.16
ENG-Premier League,2324,Tottenham,Pape Matar Sarr,SEN,MF,20,2002,34,27,2069,23.0,3,3,6,3,0,0,9,0,3.4,3.4,2.2,5.7,43,150,90,0.13,0.13,0.26,0.13,0.26,0.15,0.1,0.25,0.15,0.25
ENG-Premier League,2324,Tottenham,Pedro Porro,ESP,DF,23,1999,35,35,3089,34.3,3,7,10,3,0,0,3,0,2.9,2.9,7.2,10.1,57,194,158,0.09,0.2,0.29,0.09,0.29,0.09,0.21,0.3,0.09,0.3
ENG-Premier League,2324,Tottenham,Pierre Højbjerg,DEN,MF,27,1995,36,8,1311,14.6,0,0,0,0,0,0,4,0,0.7,0.7,1.2,1.9,17,134,29,0.0,0.0,0.0,0.0,0.0,0.05,0.08,0.13,0.05,0.13
ENG-Premier League,2324,Tottenham,Radu Drăgușin,ROU,DF,21,2002,9,4,429,4.8,0,0,0,0,0,0,1,0,0.1,0.1,0.0,0.1,5,8,1,0.0,0.0,0.0,0.0,0.0,0.03,0.0,0.03,0.03,0.03
ENG-Premier League,2324,Tottenham,Richarlison,BRA,FW,26,1997,28,18,1491,16.6,11,4,15,11,0,0,3,0,9.6,9.6,2.1,11.7,26,38,106,0.66,0.24,0.91,0.66,0.91,0.58,0.13,0.7,0.58,0.7
ENG-Premier League,2324,Tottenham,Rodrigo Bentancur,URU,MF,26,1997,23,13,1005,11.2,1,1,2,1,0,0,7,0,1.9,1.9,0.5,2.4,16,72,31,0.09,0.09,0.18,0.09,0.18,0.17,0.04,0.22,0.17,0.22
ENG-Premier League,2324,Tottenham,Son Heung-min,KOR,FW,31,1992,35,34,2934,32.6,17,10,27,15,2,2,1,0,12.0,10.4,11.8,22.2,119,139,325,0.52,0.31,0.83,0.46,0.77,0.37,0.36,0.73,0.32,0.68
ENG-Premier League,2324,Tottenham,Timo Werner,GER,FW,27,1996,13,10,809,9.0,2,3,5,2,0,0,1,0,3.7,3.7,2.7,6.4,79,41,124,0.22,0.33,0.56,0.22,0.56,0.41,0.3,0.72,0.41,0.72
ENG-Premier League,2324,Tottenham,Yves Bissouma,MLI,MF,26,1996,28,26,2068,23.0,0,0,0,0,0,0,10,2,1.4,1.4,0.4,1.8,43,169,13,0.0,0.0,0.0,0.0,0.0,0.06,0.02,0.08,0.06,0.08
ENG-Premier League,2324,West Ham,Aaron Cresswell,ENG,"DF,FW",33,1989,11,4,436,4.8,0,0,0,0,0,0,1,0,0.0,0.0,0.4,0.4,4,26,6,0.0,0.0,0.0,0.0,0.0,0.0,0.09,0.09,0.0,0.09
ENG-Premier League,2324,West Ham,Alphonse Areola,FRA,GK,30,1993,31,31,2699,30.0,0,0,0,0,0,0,1,0,0.0,0.0,0.0,0.0,0,1,0,0.0,0.0,0.0,0.0,0.0,0.0,0.0,0.0,0.0,0.0
ENG-Premier League,2324,West Ham,Angelo Ogbonna,ITA,DF,35,1988,11,7,635,7.1,0,0,0,0,0,0,1,0,0.0,0.0,0.0,0.0,2,4,0,0.0,0.0,0.0,0.0,0.0,0.01,0.0,0.01,0.01,0.01
ENG-Premier League,2324,West Ham,Ben Johnson,ENG,"DF,FW",23,2000,14,4,544,6.0,0,0,0,0,0,0,1,0,0.2,0.2,0.0,0.2,17,22,33,0.0,0.0,0.0,0.0,0.0,0.03,0.0,0.03,0.03,0.03
ENG-Premier League,2324,West Ham,Danny Ings,ENG,FW,31,1992,20,3,404,4.5,1,0,1,1,0,0,1,0,1.3,1.3,0.3,1.5,7,8,29,0.22,0.0,0.22,0.22,0.22,0.28,0.06,0.34,0.28,0.34
ENG-Premier League,2324,West Ham,Divin Mubama,ENG,FW,18,2004,5,0,80,0.9,0,0,0,0,0,0,0,0,0.1,0.1,0.0,0.1,0,0,5,0.0,0.0,0.0,0.0,0.0,0.17,0.0,0.17,0.17,0.17
ENG-Premier League,2324,West Ham,Edson Álvarez,MEX,MF,25,1997,31,28,2377,26.4,1,1,2,1,0,0,11,0,1.3,1.3,0.6,1.9,20,91,26,0.04,0.04,0.08,0.04,0.08,0.05,0.02,0.07,0.05,0.07
ENG-Premier League,2324,West Ham,Emerson Palmieri,ITA,DF,28,1994,36,35,3137,34.9,1,2,3,1,0,0,10,0,1.5,1.5,2.4,3.9,59,125,124,0.03,0.06,0.09,0.03,0.09,0.04,0.07,0.11,0.04,0.11
ENG-Premier League,2324,West Ham,George Earthy,ENG,FW,18,2004,3,0,34,0.4,1,0,1,1,0,0,0,0,0.3,0.3,0.0,0.3,0,1,3,2.65,0.0,2.65,2.65,2.65,0.82,0.0,0.82,0.82,0.82
ENG-Premier League,2324,West Ham,James Ward-Prowse,ENG,MF,28,1994,37,34,3001,33.3,7,7,14,5,2,2,4,0,6.0,4.4,7.8,12.3,18,144,63,0.21,0.21,0.42,0.15,0.36,0.18,0.23,0.41,0.13,0.37
ENG-Premier League,2324,West Ham,Jarrod Bowen,ENG,FW,26,1996,34,34,3019,33.5,16,6,22,16,0,0,2,0,11.6,11.6,5.5,17.2,90,52,186,0.48,0.18,0.66,0.48,0.66,0.35,0.16,0.51,0.35,0.51
ENG-Premier League,2324,West Ham,Kaelan Casey,ENG,DF,18,2004,1,0,1,0.0,0,0,0,0,0,0,0,0,0.0,0.0,0.0,0.0,0,0,0,0.0,0.0,0.0,0.0,0.0,0.0,0.0,0.0,0.0,0.0
ENG-Premier League,2324,West Ham,Kalvin Phillips,ENG,MF,27,1995,8,3,309,3.4,0,0,0,0,0,0,3,1,0.1,0.1,0.0,0.1,3,19,4,0.0,0.0,0.0,0.0,0.0,0.02,0.0,0.02,0.02,0.02
ENG-Premier League,2324,West Ham,Konstantinos Mavropanos,GRE,DF,25,1997,19,16,1500,16.7,1,0,1,1,0,0,2,0,1.2,1.2,0.2,1.4,10,38,2,0.06,0.0,0.06,0.06,0.06,0.07,0.01,0.08,0.07,0.08
ENG-Premier League,2324,West Ham,Kurt Zouma,FRA,DF,28,1994,33,32,2838,31.5,3,0,3,3,0,0,3,0,1.8,1.8,0.2,2.0,7,53,1,0.1,0.0,0.1,0.1,0.1,0.06,0.01,0.06,0.06,0.06
ENG-Premier League,2324,West Ham,Lucas Paquetá,BRA,"FW,MF",25,1997,31,31,2622,29.1,4,6,10,2,2,2,10,0,5.4,3.8,5.4,9.2,34,187,116,0.14,0.21,0.34,0.07,0.27,0.18,0.18,0.37,0.13,0.32
ENG-Premier League,2324,West Ham,Maxwel Cornet,CIV,"MF,FW",26,1996,7,1,112,1.2,1,0,1,1,0,0,0,0,0.4,0.4,0.2,0.6,3,2,8,0.8,0.0,0.8,0.8,0.8,0.32,0.13,0.46,0.32,0.46
ENG-Premier League,2324,West Ham,Michail Antonio,JAM,FW,33,1990,26,21,1695,18.8,6,2,8,6,0,0,6,0,5.8,5.8,0.9,6.7,48,22,104,0.32,0.11,0.42,0.32,0.42,0.31,0.05,0.35,0.31,0.35
ENG-Premier League,2324,West Ham,Mohammed Kudus,GHA,"FW,MF",22,2000,33,27,2484,27.6,8,6,14,8,0,0,6,0,5.1,5.1,3.5,8.6,117,80,216,0.29,0.22,0.51,0.29,0.51,0.19,0.13,0.31,0.19,0.31
ENG-Premier League,2324,West Ham,Nayef Aguerd,MAR,DF,27,1996,21,21,1857,20.6,1,0,1,1,0,0,3,1,1.5,1.5,0.3,1.8,10,68,3,0.05,0.0,0.05,0.05,0.05,0.07,0.01,0.09,0.07,0.09
ENG-Premier League,2324,West Ham,Pablo Fornals,ESP,"MF,FW",27,1996,15,4,426,4.7,0,0,0,0,0,0,0,0,0.3,0.3,0.3,0.6,4,29,27,0.0,0.0,0.0,0.0,0.0,0.07,0.07,0.13,0.07,0.13
ENG-Premier League,2324,West Ham,Saïd Benrahma,ALG,"FW,MF",27,1995,13,5,620,6.9,0,1,1,0,0,1,1,0,1.8,1.0,1.4,2.5,28,28,70,0.0,0.15,0.15,0.0,0.15,0.27,0.21,0.47,0.15,0.36
ENG-Premier League,2324,West Ham,Thilo Kehrer,GER,"DF,MF",26,1996,4,0,22,0.2,0,0,0,0,0,0,2,0,0.0,0.0,0.0,0.0,0,1,1,0.0,0.0,0.0,0.0,0.0,0.0,0.0,0.0,0.0,0.0
ENG-Premier League,2324,West Ham,Tomáš Souček,CZE,MF,28,1995,37,34,2870,31.9,7,2,9,7,0,0,7,0,6.7,6.7,1.7,8.4,7,86,39,0.22,0.06,0.28,0.22,0.28,0.21,0.05,0.26,0.21,0.26
ENG-Premier League,2324,West Ham,Vladimír Coufal,CZE,DF,30,1992,36,36,3132,34.8,0,7,7,0,0,0,7,1,0.3,0.3,4.0,4.3,68,119,126,0.0,0.2,0.2,0.0,0.2,0.01,0.11,0.12,0.01,0.12
ENG-Premier League,2324,West Ham,Łukasz Fabiański,POL,GK,38,1985,10,7,721,8.0,0,0,0,0,0,0,0,0,0.0,0.0,0.0,0.0,0,1,0,0.0,0.0,0.0,0.0,0.0,0.0,0.0,0.0,0.0,0.0
ENG-Premier League,2324,Wolves,Boubacar Traoré,MLI,MF,21,2001,24,7,819,9.1,0,0,0,0,0,0,4,0,0.3,0.3,0.4,0.7,9,29,15,0.0,0.0,0.0,0.0,0.0,0.03,0.04,0.07,0.03,0.07
ENG-Premier League,2324,Wolves,Craig Dawson,ENG,DF,33,1990,25,25,2209,24.5,1,1,2,1,0,0,7,0,1.5,1.5,1.4,2.9,1,49,4,0.04,0.04,0.08,0.04,0.08,0.06,0.06,0.12,0.06,0.12
ENG-Premier League,2324,Wolves,Daniel Bentley,ENG,GK,30,1993,5,3,383,4.3,0,0,0,0,0,0,0,0,0.0,0.0,0.0,0.0,0,0,0,0.0,0.0,0.0,0.0,0.0,0.0,0.0,0.0,0.0,0.0
ENG-Premier League,2324,Wolves,Enso Gonzalez,PAR,"MF,DF",18,2005,1,0,1,0.0,0,0,0,0,0,0,0,0,0.0,0.0,0.0,0.0,0,0,2,0.0,0.0,0.0,0.0,0.0,0.0,0.0,0.0,0.0,0.0
ENG-Premier League,2324,Wolves,Fábio Silva,POR,FW,21,2002,8,3,264,2.9,0,0,0,0,0,0,2,0,1.0,1.0,0.2,1.2,5,10,13,0.0,0.0,0.0,0.0,0.0,0.35,0.07,0.42,0.35,0.42
ENG-Premier League,2324,Wolves,Hugo Bueno,ESP,"DF,MF",20,2002,22,7,741,8.2,0,0,0,0,0,0,1,0,0.3,0.3,0.8,1.0,22,8,40,0.0,0.0,0.0,0.0,0.0,0.03,0.09,0.13,0.03,0.13
ENG-Premier League,2324,Wolves,Hwang Hee-chan,KOR,"FW,MF",27,1996,29,25,2119,23.5,12,3,15,11,1,1,6,0,7.7,6.9,3.0,9.9,37,37,120,0.51,0.13,0.64,0.47,0.59,0.33,0.13,0.45,0.29,0.42
ENG-Premier League,2324,Wolves,Jean-Ricner Bellegarde,HAI,"MF,FW",25,1998,22,10,958,10.6,2,1,3,2,0,0,0,1,1.6,1.6,1.0,2.5,30,39,49,0.19,0.09,0.28,0.19,0.28,0.15,0.09,0.24,0.15,0.24
ENG-Premier League,2324,Wolves,Jonny Castro,ESP,MF,29,1994,1,0,5,0.1,0,0,0,0,0,0,0,0,0.0,0.0,0.0,0.0,0,0,0,0.0,0.0,0.0,0.0,0.0,0.0,0.0,0.0,0.0,0.0
ENG-Premier League,2324,Wolves,José Sá,POR,GK,30,1993,35,35,3037,33.7,0,1,1,0,0,0,1,0,0.0,0.0,0.0,0.0,0,1,0,0.0,0.03,0.03,0.0,0.03,0.0,0.0,0.0,0.0,0.0
ENG-Premier League,2324,Wolves,João Gomes,BRA,MF,22,2001,34,32,2649,29.4,2,1,3,2,0,0,11,0,1.7,1.7,1.1,2.8,28,101,44,0.07,0.03,0.1,0.07,0.1,0.06,0.04,0.1,0.06,0.1
ENG-Premier League,2324,Wolves,Leon Chiwome,ENG,FW,17,2006,3,2,174,1.9,0,0,0,0,0,0,0,0,0.1,0.1,0.0,0.1,1,2,7,0.0,0.0,0.0,0.0,0.0,0.05,0.0,0.05,0.05,0.05
ENG-Premier League,2324,Wolves,Mario Lemina,GAB,MF,29,1993,35,34,2968,33.0,4,1,5,4,0,0,12,1,4.6,4.6,1.5,6.2,32,76,49,0.12,0.03,0.15,0.12,0.15,0.14,0.05,0.19,0.14,0.19
ENG-Premier League,2324,Wolves,Matheus Cunha,BRA,"FW,MF",24,1999,32,29,2440,27.1,12,7,19,11,1,1,9,0,9.5,8.7,3.2,11.9,107,87,139,0.44,0.26,0.7,0.41,0.66,0.35,0.12,0.47,0.32,0.44
ENG-Premier League,2324,Wolves,Matheus Nunes,POR,MF,24,1998,2,2,179,2.0,0,0,0,0,0,0,2,1,0.1,0.1,0.1,0.2,7,8,9,0.0,0.0,0.0,0.0,0.0,0.04,0.05,0.09,0.04,0.09
ENG-Premier League,2324,Wolves,Matt Doherty,IRL,"DF,MF",31,1992,30,9,1150,12.8,1,0,1,1,0,0,2,0,0.8,0.8,1.3,2.2,12,31,64,0.08,0.0,0.08,0.08,0.08,0.07,0.1,0.17,0.07,0.17
ENG-Premier League,2324,Wolves,Max Kilman,ENG,DF,26,1997,38,38,3420,38.0,2,0,2,2,0,0,7,0,1.8,1.8,1.4,3.2,22,117,5,0.05,0.0,0.05,0.05,0.05,0.05,0.04,0.08,0.05,0.08
ENG-Premier League,2324,Wolves,Nathan Fraser,IRL,FW,18,2005,7,1,186,2.1,0,0,0,0,0,0,1,0,0.3,0.3,0.1,0.4,1,2,21,0.0,0.0,0.0,0.0,0.0,0.16,0.04,0.19,0.16,0.19
ENG-Premier League,2324,Wolves,Nélson Semedo,POR,"DF,MF",29,1993,36,36,3084,34.3,0,1,1,0,0,0,10,1,1.3,1.3,1.7,3.0,103,138,150,0.0,0.03,0.03,0.0,0.03,0.04,0.05,0.09,0.04,0.09
ENG-Premier League,2324,Wolves,Pablo Sarabia,ESP,"MF,FW",31,1992,30,20,1745,19.4,4,7,11,2,2,2,5,0,5.5,3.9,5.9,9.8,41,109,137,0.21,0.36,0.57,0.1,0.46,0.28,0.3,0.59,0.2,0.5
ENG-Premier League,2324,Wolves,Pedro Neto,POR,"FW,MF",23,2000,20,18,1516,16.8,2,9,11,2,0,0,4,0,3.5,3.5,4.4,7.9,98,54,149,0.12,0.53,0.65,0.12,0.65,0.21,0.26,0.47,0.21,0.47
ENG-Premier League,2324,Wolves,Rayan Aït-Nouri,ALG,"DF,MF",22,2001,33,29,2329,25.9,2,1,3,2,0,0,7,0,3.3,3.3,2.4,5.6,67,99,99,0.08,0.04,0.12,0.08,0.12,0.13,0.09,0.22,0.13,0.22
ENG-Premier League,2324,Wolves,Santiago Bueno,URU,DF,24,1998,12,9,822,9.1,0,0,0,0,0,0,1,0,0.0,0.0,0.1,0.1,3,11,2,0.0,0.0,0.0,0.0,0.0,0.0,0.01,0.01,0.0,0.01
ENG-Premier League,2324,Wolves,Sasa Kalajdzic,AUT,FW,26,1997,11,1,166,1.8,2,0,2,2,0,0,0,0,1.1,1.1,1.0,2.0,1,5,9,1.08,0.0,1.08,1.08,1.08,0.57,0.52,1.09,0.57,1.09
ENG-Premier League,2324,Wolves,Tawanda Chirewa,ZIM,"MF,FW",19,2003,8,1,145,1.6,0,0,0,0,0,0,1,0,0.2,0.2,0.0,0.2,1,7,8,0.0,0.0,0.0,0.0,0.0,0.1,0.02,0.12,0.1,0.12
ENG-Premier League,2324,Wolves,Tommy Doyle,ENG,MF,21,2001,26,11,1222,13.6,0,0,0,0,0,0,2,0,0.4,0.4,0.4,0.9,21,81,17,0.0,0.0,0.0,0.0,0.0,0.03,0.03,0.06,0.03,0.06
ENG-Premier League,2324,Wolves,Toti Gomes,POR,DF,24,1999,35,31,2772,30.8,1,3,4,1,0,0,7,0,1.6,1.6,1.2,2.8,22,79,11,0.03,0.1,0.13,0.03,0.13,0.05,0.04,0.09,0.05,0.09
ENG-Premier League,2425,Arsenal,Ben White,ENG,DF,26,1997,17,13,1198,13.3,0,2,2,0,0,0,2,0,0.5,0.5,1.4,1.8,23,59,42,0.0,0.15,0.15,0.0,0.15,0.03,0.1,0.14,0.03,0.14
ENG-Premier League,2425,Arsenal,Bukayo Saka,ENG,"FW,MF",22,2001,25,20,1729,19.2,6,10,16,5,1,1,3,0,6.8,6.0,7.6,13.7,96,70,255,0.31,0.52,0.83,0.26,0.78,0.36,0.4,0.75,0.31,0.71
ENG-Premier League,2425,Arsenal,David Raya,ESP,GK,28,1995,38,38,3420,38.0,0,0,0,0,0,0,3,0,0.0,0.0,0.0,0.0,0,14,0,0.0,0.0,0.0,0.0,0.0,0.0,0.0,0.0,0.0,0.0
ENG-Premier League,2425,Arsenal,Declan Rice,ENG,MF,25,1999,35,33,2825,31.4,4,7,11,4,0,0,7,1,3.5,3.5,6.6,10.1,90,192,94,0.13,0.22,0.35,0.13,0.35,0.11,0.21,0.32,0.11,0.32
ENG-Premier League,2425,Arsenal,Ethan Nwaneri,ENG,"FW,MF",17,2007,26,11,895,9.9,4,2,6,4,0,0,1,0,1.2,1.2,1.2,2.4,46,33,113,0.4,0.2,0.6,0.4,0.6,0.12,0.12,0.24,0.12,0.24
ENG-Premier League,2425,Arsenal,Gabriel Jesus,BRA,FW,27,1997,17,6,608,6.8,3,0,3,3,0,0,4,0,3.0,3.0,0.7,3.7,15,19,57,0.44,0.0,0.44,0.44,0.44,0.44,0.1,0.54,0.44,0.54
ENG-Premier League,2425,Arsenal,Gabriel Magalhães,BRA,DF,26,1997,28,28,2363,26.3,3,1,4,3,0,0,4,0,2.6,2.6,0.9,3.5,10,126,11,0.11,0.04,0.15,0.11,0.15,0.1,0.03,0.13,0.1,0.13
ENG-Premier League,2425,Arsenal,Gabriel Martinelli,BRA,"FW,MF",23,2001,33,25,2290,25.4,8,4,12,8,0,0,1,0,7.4,7.4,5.0,12.4,124,52,289,0.31,0.16,0.47,0.31,0.47,0.29,0.19,0.49,0.29,0.49
ENG-Premier League,2425,Arsenal,Jakub Kiwior,POL,DF,24,2000,17,10,1122,12.5,1,0,1,1,0,0,1,0,0.2,0.2,0.3,0.5,5,48,1,0.08,0.0,0.08,0.08,0.08,0.01,0.03,0.04,0.01,0.04
ENG-Premier League,2425,Arsenal,Jorginho,ITA,MF,32,1991,15,9,704,7.8,0,0,0,0,0,0,5,0,0.1,0.1,0.4,0.5,12,48,6,0.0,0.0,0.0,0.0,0.0,0.01,0.05,0.06,0.01,0.06
ENG-Premier League,2425,Arsenal,Jurriën Timber,NED,DF,23,2001,30,27,2417,26.9,1,3,4,1,0,0,7,0,1.2,1.2,0.8,2.1,57,146,104,0.04,0.11,0.15,0.04,0.15,0.05,0.03,0.08,0.05,0.08
ENG-Premier League,2425,Arsenal,Kai Havertz,GER,"FW,MF",25,1999,23,21,1875,20.8,9,3,12,9,0,0,5,0,9.5,9.5,2.4,12.0,35,61,113,0.43,0.14,0.58,0.43,0.58,0.46,0.12,0.57,0.46,0.57
ENG-Premier League,2425,Arsenal,Kieran Tierney,SCO,"DF,FW",27,1997,13,2,259,2.9,1,0,1,1,0,0,0,0,0.4,0.4,1.4,1.7,8,15,29,0.35,0.0,0.35,0.35,0.35,0.12,0.48,0.6,0.12,0.6
ENG-Premier League,2425,Arsenal,Leandro Trossard,BEL,FW,29,1994,38,28,2546,28.3,8,7,15,8,0,0,4,1,7.2,7.2,6.1,13.3,80,101,226,0.28,0.25,0.53,0.28,0.53,0.25,0.22,0.47,0.25,0.47
ENG-Premier League,2425,Arsenal,Martin Ødegaard,NOR,MF,25,1998,30,26,2325,25.8,3,8,11,2,1,1,4,0,4.8,4.0,5.4,9.5,92,258,154,0.12,0.31,0.43,0.08,0.39,0.19,0.21,0.4,0.16,0.37
ENG-Premier League,2425,Arsenal,Mikel Merino,ESP,"MF,FW",28,1996,28,17,1586,17.6,7,2,9,7,0,0,4,1,5.9,5.9,2.0,7.9,11,69,94,0.4,0.11,0.51,0.4,0.51,0.34,0.11,0.45,0.34,0.45
ENG-Premier League,2425,Arsenal,Myles Lewis-Skelly,ENG,DF,17,2006,23,15,1369,15.2,1,0,1,1,0,0,3,2,0.2,0.2,0.4,0.6,37,71,37,0.07,0.0,0.07,0.07,0.07,0.01,0.03,0.04,0.01,0.04
ENG-Premier League,2425,Arsenal,Nathan Butler-Oyedeji,ENG,FW,21,2003,1,0,7,0.1,0,0,0,0,0,0,0,0,0.1,0.1,0.0,0.1,0,0,0,0.0,0.0,0.0,0.0,0.0,0.94,0.0,0.94,0.94,0.94
ENG-Premier League,2425,Arsenal,Oleksandr Zinchenko,UKR,"DF,MF",27,1996,15,5,527,5.9,0,1,1,0,0,0,1,0,0.6,0.6,0.2,0.8,10,48,14,0.0,0.17,0.17,0.0,0.17,0.11,0.03,0.14,0.11,0.14
ENG-Premier League,2425,Arsenal,Raheem Sterling,ENG,"FW,MF",29,1994,17,7,499,5.5,0,2,2,0,0,0,1,0,1.4,1.4,0.5,1.9,27,18,79,0.0,0.36,0.36,0.0,0.36,0.26,0.09,0.34,0.26,0.34
ENG-Premier League,2425,Arsenal,Reiss Nelson,ENG,FW,24,1999,1,0,3,0.0,0,0,0,0,0,0,0,0,0.0,0.0,0.0,0.0,0,0,0,0.0,0.0,0.0,0.0,0.0,0.0,0.0,0.0,0.0,0.0
ENG-Premier League,2425,Arsenal,Riccardo Calafiori,ITA,DF,22,2002,19,11,983,10.9,2,1,3,2,0,0,4,0,0.9,0.9,0.3,1.1,22,54,29,0.18,0.09,0.27,0.18,0.27,0.08,0.03,0.11,0.08,0.11
ENG-Premier League,2425,Arsenal,Takehiro Tomiyasu,JPN,DF,25,1998,1,0,7,0.1,0,0,0,0,0,0,0,0,0.2,0.2,0.0,0.2,0,1,0,0.0,0.0,0.0,0.0,0.0,2.37,0.0,2.37,2.37,2.37
ENG-Premier League,2425,Arsenal,Thomas Partey,GHA,"MF,DF",31,1993,35,31,2797,31.1,4,2,6,4,0,0,4,0,2.3,2.3,2.1,4.3,36,185,48,0.13,0.06,0.19,0.13,0.19,0.07,0.07,0.14,0.07,0.14
ENG-Premier League,2425,Arsenal,William Saliba,FRA,DF,23,2001,35,35,3039,33.8,2,0,2,2,0,0,2,1,2.3,2.3,0.9,3.1,16,138,6,0.06,0.0,0.06,0.06,0.06,0.07,0.03,0.09,0.07,0.09
ENG-Premier League,2425,Aston Villa,Amadou Onana,BEL,MF,22,2001,26,20,1617,18.0,3,0,3,3,0,0,4,0,2.1,2.1,0.7,2.8,29,75,16,0.17,0.0,0.17,0.17,0.17,0.12,0.04,0.16,0.12,0.16
ENG-Premier League,2425,Aston Villa,Andrés García,ESP,"DF,MF",21,2003,7,5,318,3.5,0,0,0,0,0,0,0,0,0.0,0.0,0.2,0.2,26,15,28,0.0,0.0,0.0,0.0,0.0,0.01,0.05,0.06,0.01,0.06
ENG-Premier League,2425,Aston Villa,Axel Disasi,FRA,DF,26,1998,7,5,490,5.4,0,0,0,0,0,0,2,0,0.1,0.1,0.4,0.5,10,16,5,0.0,0.0,0.0,0.0,0.0,0.02,0.07,0.09,0.02,0.09
ENG-Premier League,2425,Aston Villa,Boubacar Kamara,FRA,MF,24,1999,26,20,1726,19.2,1,0,1,1,0,0,2,0,0.8,0.8,0.9,1.7,19,85,7,0.05,0.0,0.05,0.05,0.05,0.04,0.05,0.09,0.04,0.09
ENG-Premier League,2425,Aston Villa,Diego Carlos,BRA,DF,31,1993,10,8,830,9.2,0,0,0,0,0,0,1,0,0.6,0.6,0.0,0.6,3,34,0,0.0,0.0,0.0,0.0,0.0,0.07,0.0,0.07,0.07,0.07
ENG-Premier League,2425,Aston Villa,Donyell Malen,NED,FW,25,1999,14,2,305,3.4,3,0,3,3,0,0,0,0,2.2,2.2,0.2,2.4,12,6,30,0.89,0.0,0.89,0.89,0.89,0.64,0.05,0.69,0.64,0.69
ENG-Premier League,2425,Aston Villa,Emi Buendía,ARG,"MF,FW",27,1996,12,0,98,1.1,0,0,0,0,0,0,1,0,0.7,0.7,0.0,0.7,3,7,6,0.0,0.0,0.0,0.0,0.0,0.6,0.02,0.62,0.6,0.62
ENG-Premier League,2425,Aston Villa,Emiliano Martínez,ARG,GK,31,1992,37,37,3194,35.5,0,0,0,0,0,0,5,1,0.0,0.0,0.5,0.5,0,4,0,0.0,0.0,0.0,0.0,0.0,0.0,0.02,0.02,0.0,0.02
ENG-Premier League,2425,Aston Villa,Ezri Konsa,ENG,DF,26,1997,34,33,2936,32.6,2,0,2,2,0,0,1,0,1.3,1.3,0.4,1.7,24,90,11,0.06,0.0,0.06,0.06,0.06,0.04,0.01,0.05,0.04,0.05
ENG-Premier League,2425,Aston Villa,Ian Maatsen,NED,DF,22,2002,29,10,1139,12.7,1,2,3,1,0,0,2,0,0.9,0.9,2.7,3.6,31,50,104,0.08,0.16,0.24,0.08,0.24,0.07,0.22,0.28,0.07,0.28
ENG-Premier League,2425,Aston Villa,Jacob Ramsey,ENG,"FW,MF",23,2001,29,19,1623,18.0,1,3,4,1,0,0,4,1,1.6,1.6,2.3,3.9,61,68,114,0.06,0.17,0.22,0.06,0.22,0.09,0.13,0.22,0.09,0.22
ENG-Premier League,2425,Aston Villa,Jaden Philogene Bidace,ENG,"FW,MF",22,2002,11,2,332,3.7,0,0,0,0,0,0,4,1,0.5,0.5,0.3,0.8,7,4,17,0.0,0.0,0.0,0.0,0.0,0.13,0.08,0.2,0.13,0.2
ENG-Premier League,2425,Aston Villa,John McGinn,SCO,"MF,FW",29,1994,34,27,2223,24.7,1,4,5,1,0,0,7,0,3.1,2.8,3.5,6.3,32,103,87,0.04,0.16,0.2,0.04,0.2,0.13,0.14,0.27,0.11,0.26
ENG-Premier League,2425,Aston Villa,Jáder Durán,COL,FW,20,2003,20,4,638,7.1,7,0,7,7,0,0,3,1,4.9,4.9,0.2,5.1,7,13,44,0.99,0.0,0.99,0.99,0.99,0.69,0.03,0.71,0.69,0.71
ENG-Premier League,2425,Aston Villa,Kosta Nedeljković,SRB,DF,18,2005,5,0,126,1.4,0,0,0,0,0,0,0,0,0.0,0.0,0.0,0.0,1,6,0,0.0,0.0,0.0,0.0,0.0,0.0,0.0,0.0,0.0,0.0
ENG-Premier League,2425,Aston Villa,Lamare Bogarde,NED,"DF,MF",20,2004,8,5,476,5.3,0,0,0,0,0,0,2,0,0.0,0.0,0.1,0.2,12,14,9,0.0,0.0,0.0,0.0,0.0,0.01,0.02,0.03,0.01,0.03
ENG-Premier League,2425,Aston Villa,Leon Bailey,JAM,"FW,MF",26,1997,24,14,1139,12.7,1,2,3,1,0,0,3,0,1.7,1.7,1.5,3.3,58,35,121,0.08,0.16,0.24,0.08,0.24,0.14,0.12,0.26,0.14,0.26
ENG-Premier League,2425,Aston Villa,Lucas Digne,FRA,DF,31,1993,32,28,2351,26.1,0,4,4,0,0,0,4,0,0.8,0.8,4.7,5.5,23,57,142,0.0,0.15,0.15,0.0,0.15,0.03,0.18,0.21,0.03,0.21
ENG-Premier League,2425,Aston Villa,Marco Asensio,ESP,MF,28,1996,13,9,743,8.3,3,1,4,3,0,2,2,0,4.4,2.9,1.0,3.8,22,45,38,0.36,0.12,0.48,0.36,0.48,0.54,0.12,0.66,0.35,0.47
ENG-Premier League,2425,Aston Villa,Marcus Rashford,ENG,FW,26,1997,10,4,444,4.9,2,2,4,1,1,1,0,0,3.1,2.3,2.3,4.5,22,13,42,0.41,0.41,0.81,0.2,0.61,0.62,0.46,1.08,0.46,0.92
ENG-Premier League,2425,Aston Villa,Matty Cash,POL,DF,26,1997,27,24,2070,23.0,1,1,2,1,0,0,7,0,0.5,0.5,1.1,1.6,48,42,90,0.04,0.04,0.09,0.04,0.09,0.02,0.05,0.07,0.02,0.07
ENG-Premier League,2425,Aston Villa,Morgan Rogers,ENG,"FW,MF",22,2002,37,37,3114,34.6,8,10,18,8,0,0,10,0,6.6,6.6,7.8,14.4,114,123,188,0.23,0.29,0.52,0.23,0.52,0.19,0.23,0.42,0.19,0.42
ENG-Premier League,2425,Aston Villa,Ollie Watkins,ENG,FW,28,1995,38,31,2598,28.9,16,8,24,14,2,2,2,0,15.3,13.8,3.3,17.1,55,31,165,0.55,0.28,0.83,0.48,0.76,0.53,0.12,0.65,0.48,0.59
ENG-Premier League,2425,Aston Villa,Pau Torres,ESP,DF,27,1997,24,23,2020,22.4,0,0,0,0,0,0,2,0,0.5,0.5,0.1,0.6,40,97,8,0.0,0.0,0.0,0.0,0.0,0.02,0.01,0.03,0.02,0.03
ENG-Premier League,2425,Aston Villa,Robin Olsen,SWE,GK,34,1990,4,1,226,2.5,0,0,0,0,0,0,0,0,0.0,0.0,0.0,0.0,0,0,0,0.0,0.0,0.0,0.0,0.0,0.0,0.0,0.0,0.0,0.0
ENG-Premier League,2425,Aston Villa,Ross Barkley,ENG,MF,30,1993,20,3,581,6.5,3,1,4,3,0,0,3,0,1.8,1.8,0.6,2.4,15,36,10,0.46,0.15,0.62,0.46,0.62,0.27,0.1,0.37,0.27,0.37
ENG-Premier League,2425,Aston Villa,Tyrone Mings,ENG,DF,31,1993,14,12,1120,12.4,0,0,0,0,0,0,1,0,0.8,0.8,0.2,1.0,7,40,1,0.0,0.0,0.0,0.0,0.0,0.07,0.02,0.08,0.07,0.08
ENG-Premier League,2425,Aston Villa,Youri Tielemans,BEL,MF,27,1997,36,35,3026,33.6,3,7,10,3,0,1,4,0,3.3,2.5,7.0,9.5,39,235,48,0.09,0.21,0.3,0.09,0.3,0.1,0.21,0.31,0.07,0.28
ENG-Premier League,2425,Bournemouth,Adam Smith,ENG,DF,33,1991,25,19,1590,17.7,0,0,0,0,0,0,7,0,0.7,0.7,0.4,1.1,15,49,34,0.0,0.0,0.0,0.0,0.0,0.04,0.02,0.06,0.04,0.06
ENG-Premier League,2425,Bournemouth,Alex Scott,ENG,MF,20,2003,20,8,755,8.4,0,0,0,0,0,0,3,0,0.7,0.7,0.9,1.6,15,52,33,0.0,0.0,0.0,0.0,0.0,0.09,0.11,0.19,0.09,0.19
ENG-Premier League,2425,Bournemouth,Antoine Semenyo,GHA,FW,24,2000,37,36,3203,35.6,11,5,16,11,0,0,9,0,10.0,10.0,5.8,15.8,140,109,282,0.31,0.14,0.45,0.31,0.45,0.28,0.16,0.44,0.28,0.44
ENG-Premier League,2425,Bournemouth,Ben Winterburn,ENG,"MF,FW",19,2004,4,0,24,0.3,0,0,0,0,0,0,0,0,0.0,0.0,0.0,0.0,2,0,2,0.0,0.0,0.0,0.0,0.0,0.0,0.0,0.0,0.0,0.0
ENG-Premier League,2425,Bournemouth,Dango Ouattara,BFA,FW,22,2002,32,21,2005,22.3,7,4,11,7,0,0,3,0,8.4,8.4,5.5,13.8,79,43,191,0.31,0.18,0.49,0.31,0.49,0.38,0.25,0.62,0.38,0.62
ENG-Premier League,2425,Bournemouth,Daniel Jebbison,CAN,FW,20,2003,16,0,119,1.3,1,0,1,1,0,0,1,0,1.0,1.0,0.2,1.2,4,3,16,0.76,0.0,0.76,0.76,0.76,0.75,0.15,0.9,0.75,0.9
ENG-Premier League,2425,Bournemouth,David Brooks,WAL,"FW,MF",27,1997,29,9,960,10.7,2,0,2,2,0,0,3,0,2.5,2.5,1.9,4.4,35,35,83,0.19,0.0,0.19,0.19,0.19,0.24,0.18,0.41,0.24,0.41
ENG-Premier League,2425,Bournemouth,Dean Huijsen,ESP,DF,19,2005,32,26,2427,27.0,3,2,5,3,0,0,10,0,1.9,1.9,2.0,3.9,41,132,10,0.11,0.07,0.19,0.11,0.19,0.07,0.08,0.14,0.07,0.14
ENG-Premier League,2425,Bournemouth,Enes Ünal,TUR,"FW,MF",27,1997,17,2,345,3.8,2,1,3,2,0,0,2,0,2.7,2.7,0.4,3.1,4,12,22,0.52,0.26,0.78,0.52,0.78,0.72,0.1,0.82,0.72,0.82
ENG-Premier League,2425,Bournemouth,Evanilson,BRA,FW,24,1999,31,28,2319,25.8,10,1,11,10,0,1,1,1,12.5,11.7,1.9,13.6,29,28,99,0.39,0.04,0.43,0.39,0.43,0.48,0.07,0.56,0.45,0.53
ENG-Premier League,2425,Bournemouth,Illia Zabarnyi,UKR,DF,21,2002,36,35,3109,34.5,0,1,1,0,0,0,4,1,1.3,1.3,0.7,2.0,27,140,4,0.0,0.03,0.03,0.0,0.03,0.04,0.02,0.06,0.04,0.06
ENG-Premier League,2425,Bournemouth,James Hill,ENG,DF,22,2002,10,6,448,5.0,0,1,1,0,0,0,1,0,0.3,0.3,0.3,0.6,3,16,8,0.0,0.2,0.2,0.0,0.2,0.06,0.05,0.11,0.06,0.11
ENG-Premier League,2425,Bournemouth,Julian Araujo,MEX,DF,22,2001,12,7,497,5.5,0,0,0,0,0,0,2,0,0.0,0.0,0.1,0.1,4,14,22,0.0,0.0,0.0,0.0,0.0,0.0,0.01,0.01,0.0,0.01
ENG-Premier League,2425,Bournemouth,Julio Soler,ARG,"DF,FW",19,2005,3,0,11,0.1,0,0,0,0,0,0,0,0,0.0,0.0,0.0,0.0,0,0,2,0.0,0.0,0.0,0.0,0.0,0.0,0.0,0.0,0.0,0.0
ENG-Premier League,2425,Bournemouth,Justin Kluivert,NED,MF,25,1999,34,29,2340,26.0,12,6,18,6,6,6,8,0,10.3,5.6,4.8,10.5,81,105,173,0.46,0.23,0.69,0.23,0.46,0.4,0.19,0.58,0.22,0.4
ENG-Premier League,2425,Bournemouth,Kepa Arrizabalaga,ESP,GK,29,1994,31,31,2790,31.0,0,0,0,0,0,0,3,0,0.1,0.1,0.0,0.1,0,2,0,0.0,0.0,0.0,0.0,0.0,0.0,0.0,0.0,0.0,0.0
ENG-Premier League,2425,Bournemouth,Lewis Cook,ENG,"MF,DF",27,1997,36,32,2978,33.1,1,3,4,1,0,0,8,1,0.9,0.9,4.1,5.1,33,158,52,0.03,0.09,0.12,0.03,0.12,0.03,0.12,0.15,0.03,0.15
ENG-Premier League,2425,Bournemouth,Luis Sinisterra,COL,"FW,MF",25,1999,12,1,236,2.6,1,1,2,1,0,0,0,0,1.2,1.2,1.4,2.6,19,6,38,0.38,0.38,0.76,0.38,0.76,0.46,0.54,1.0,0.46,1.0
ENG-Premier League,2425,Bournemouth,Marcos Senesi,ARG,DF,27,1997,17,13,1106,12.3,0,0,0,0,0,0,5,0,0.8,0.8,0.2,1.1,12,62,7,0.0,0.0,0.0,0.0,0.0,0.07,0.02,0.09,0.07,0.09
ENG-Premier League,2425,Bournemouth,Marcus Tavernier,ENG,"FW,MF",25,1999,29,20,1939,21.5,3,5,8,3,0,0,6,0,5.5,5.5,4.0,9.5,53,128,129,0.14,0.23,0.37,0.14,0.37,0.25,0.19,0.44,0.25,0.44
ENG-Premier League,2425,Bournemouth,Mark Travers,IRL,GK,25,1999,5,5,450,5.0,0,0,0,0,0,0,0,0,0.0,0.0,0.0,0.0,0,0,0,0.0,0.0,0.0,0.0,0.0,0.0,0.0,0.0,0.0,0.0
ENG-Premier League,2425,Bournemouth,Max Aarons,ENG,DF,24,2000,3,1,86,1.0,0,0,0,0,0,0,0,0,0.0,0.0,0.0,0.0,1,8,3,0.0,0.0,0.0,0.0,0.0,0.0,0.0,0.0,0.0,0.0
ENG-Premier League,2425,Bournemouth,Milos Kerkez,HUN,DF,20,2003,38,38,3336,37.1,2,5,7,2,0,0,4,0,0.6,0.5,3.9,4.4,106,159,197,0.05,0.13,0.19,0.05,0.19,0.02,0.1,0.12,0.01,0.12
ENG-Premier League,2425,Bournemouth,Neto,BRA,GK,35,1989,2,2,180,2.0,0,0,0,0,0,0,0,0,0.0,0.0,0.0,0.0,0,0,0,0.0,0.0,0.0,0.0,0.0,0.0,0.0,0.0,0.0,0.0
ENG-Premier League,2425,Bournemouth,Philip Billing,DEN,MF,28,1996,10,1,184,2.0,0,0,0,0,0,0,1,0,0.6,0.6,1.1,1.7,3,15,13,0.0,0.0,0.0,0.0,0.0,0.28,0.54,0.82,0.28,0.82
ENG-Premier League,2425,Bournemouth,Remy Rees-Dottin,ENG,FW,18,2006,1,0,1,0.0,0,0,0,0,0,0,0,0,0.0,0.0,0.0,0.0,0,0,0,0.0,0.0,0.0,0.0,0.0,0.0,0.0,0.0,0.0,0.0
ENG-Premier League,2425,Bournemouth,Ryan Christie,SCO,MF,29,1995,29,27,2117,23.5,2,3,5,2,0,0,9,0,1.8,1.8,3.5,5.4,34,137,44,0.09,0.13,0.21,0.09,0.21,0.08,0.15,0.23,0.08,0.23
ENG-Premier League,2425,Bournemouth,Tyler Adams,USA,MF,25,1999,28,21,1965,21.8,0,3,3,0,0,0,7,0,1.6,1.6,1.0,2.6,14,76,10,0.0,0.14,0.14,0.0,0.14,0.07,0.05,0.12,0.07,0.12
ENG-Premier League,2425,Bournemouth,Zain Silcott-Duberry,MSR,FW,19,2005,1,0,1,0.0,0,0,0,0,0,0,0,0,0.0,0.0,0.0,0.0,0,0,0,0.0,0.0,0.0,0.0,0.0,0.0,0.0,0.0,0.0,0.0
ENG-Premier League,2425,Brentford,Ben Mee,ENG,DF,34,1989,7,2,183,2.0,0,0,0,0,0,0,2,0,0.0,0.0,0.0,0.0,3,11,2,0.0,0.0,0.0,0.0,0.0,0.0,0.0,0.0,0.0,0.0
ENG-Premier League,2425,Brentford,Bryan Mbeumo,CMR,FW,24,1999,38,38,3414,37.9,20,7,27,15,5,6,3,0,12.3,7.5,8.3,15.9,130,141,351,0.53,0.18,0.71,0.4,0.58,0.32,0.22,0.54,0.2,0.42
ENG-Premier League,2425,Brentford,Christian Nørgaard,DEN,MF,30,1994,34,34,2819,31.3,5,4,9,5,0,0,8,1,4.3,4.3,1.3,5.6,14,154,42,0.16,0.13,0.29,0.16,0.29,0.14,0.04,0.18,0.14,0.18
ENG-Premier League,2425,Brentford,Edmond-Paris Maghoma,ENG,"MF,FW",23,2001,8,0,119,1.3,0,0,0,0,0,0,0,0,0.1,0.1,0.1,0.2,4,13,4,0.0,0.0,0.0,0.0,0.0,0.09,0.08,0.17,0.09,0.17
ENG-Premier League,2425,Brentford,Ethan Pinnock,JAM,DF,31,1993,22,21,1913,21.3,2,0,2,2,0,0,2,0,1.1,1.1,1.2,2.3,3,41,9,0.09,0.0,0.09,0.09,0.09,0.05,0.05,0.11,0.05,0.11
ENG-Premier League,2425,Brentford,Fabio Carvalho,POR,"FW,MF",21,2002,19,3,455,5.1,2,1,3,2,0,0,1,0,2.5,2.5,0.7,3.2,9,17,23,0.4,0.2,0.59,0.4,0.59,0.49,0.13,0.62,0.49,0.62
ENG-Premier League,2425,Brentford,Frank Onyeka,NGA,MF,26,1998,2,0,25,0.3,0,0,0,0,0,0,0,0,0.0,0.0,0.0,0.0,0,1,0,0.0,0.0,0.0,0.0,0.0,0.0,0.0,0.0,0.0,0.0
ENG-Premier League,2425,Brentford,Gustavo Nunes,BRA,"FW,MF",18,2005,3,0,12,0.1,0,0,0,0,0,0,0,0,0.0,0.0,0.0,0.0,1,0,0,0.0,0.0,0.0,0.0,0.0,0.0,0.0,0.0,0.0,0.0
ENG-Premier League,2425,Brentford,Hákon Valdimarsson,ISL,GK,22,2001,2,1,145,1.6,0,0,0,0,0,0,0,0,0.0,0.0,0.0,0.0,0,0,0,0.0,0.0,0.0,0.0,0.0,0.0,0.0,0.0,0.0,0.0
ENG-Premier League,2425,Brentford,Jayden Meghoma,ENG,DF,18,2006,1,0,5,0.1,0,0,0,0,0,0,0,0,0.0,0.0,0.0,0.0,0,0,0,0.0,0.0,0.0,0.0,0.0,0.0,0.0,0.0,0.0,0.0
ENG-Premier League,2425,Brentford,Keane Lewis-Potter,ENG,"DF,FW",23,2001,38,36,3093,34.4,1,3,4,1,0,0,7,0,3.1,3.1,3.2,6.3,98,98,156,0.03,0.09,0.12,0.03,0.12,0.09,0.09,0.18,0.09,0.18
ENG-Premier League,2425,Brentford,Kevin Schade,GER,FW,22,2001,38,26,2293,25.5,11,2,13,11,0,0,3,0,8.2,8.2,3.7,11.9,61,38,165,0.43,0.08,0.51,0.43,0.51,0.32,0.14,0.47,0.32,0.47
ENG-Premier League,2425,Brentford,Kim Jisoo,KOR,DF,19,2004,3,0,30,0.3,0,0,0,0,0,0,0,0,0.0,0.0,0.0,0.0,0,2,0,0.0,0.0,0.0,0.0,0.0,0.0,0.0,0.0,0.0,0.0
ENG-Premier League,2425,Brentford,Kristoffer Ajer,NOR,DF,26,1998,24,17,1438,16.0,0,0,0,0,0,0,5,0,1.0,1.0,1.2,2.2,27,56,44,0.0,0.0,0.0,0.0,0.0,0.06,0.08,0.14,0.06,0.14
ENG-Premier League,2425,Brentford,Mads Roerslev,DEN,DF,25,1999,19,11,1101,12.2,0,2,2,0,0,0,2,0,0.2,0.2,3.0,3.2,17,51,54,0.0,0.16,0.16,0.0,0.16,0.02,0.24,0.26,0.02,0.26
ENG-Premier League,2425,Brentford,Mark Flekken,NED,GK,31,1993,37,37,3275,36.4,0,2,2,0,0,0,1,0,0.0,0.0,0.5,0.5,0,0,0,0.0,0.05,0.05,0.0,0.05,0.0,0.01,0.01,0.0,0.01
ENG-Premier League,2425,Brentford,Mathias Jensen,DEN,MF,28,1996,24,8,862,9.6,0,2,2,0,0,0,2,0,0.2,0.2,1.7,1.9,6,61,27,0.0,0.21,0.21,0.0,0.21,0.03,0.17,0.2,0.03,0.2
ENG-Premier League,2425,Brentford,Michael Kayode,ITA,DF,20,2004,12,6,528,5.9,0,1,1,0,0,0,2,0,0.2,0.2,1.2,1.5,12,12,24,0.0,0.17,0.17,0.0,0.17,0.04,0.21,0.25,0.04,0.25
ENG-Premier League,2425,Brentford,Mikkel Damsgaard,DEN,"MF,FW",24,2000,38,34,2911,32.3,2,10,12,2,0,0,2,0,2.8,2.8,8.4,11.2,73,234,137,0.06,0.31,0.37,0.06,0.37,0.09,0.26,0.35,0.09,0.35
ENG-Premier League,2425,Brentford,Nathan Collins,IRL,DF,23,2001,38,38,3420,38.0,2,3,5,2,0,0,5,0,2.5,2.5,1.8,4.3,32,127,18,0.05,0.08,0.13,0.05,0.13,0.07,0.05,0.11,0.07,0.11
ENG-Premier League,2425,Brentford,Rico Henry,ENG,DF,27,1997,5,0,99,1.1,0,0,0,0,0,0,0,0,0.0,0.0,0.0,0.0,0,4,5,0.0,0.0,0.0,0.0,0.0,0.0,0.0,0.0,0.0,0.0
ENG-Premier League,2425,Brentford,Ryan Trevitt,ENG,MF,21,2003,1,0,4,0.0,0,0,0,0,0,0,0,0,0.0,0.0,0.0,0.0,0,0,1,0.0,0.0,0.0,0.0,0.0,0.0,0.0,0.0,0.0,0.0
ENG-Premier League,2425,Brentford,Sepp van den Berg,NED,DF,22,2001,31,29,2586,28.7,0,0,0,0,0,0,3,0,2.0,2.0,0.8,2.8,12,79,28,0.0,0.0,0.0,0.0,0.0,0.07,0.03,0.1,0.07,0.1
ENG-Premier League,2425,Brentford,Thiago,BRA,"FW,MF",23,2001,8,1,175,1.9,0,0,0,0,0,0,0,0,0.1,0.1,0.1,0.2,3,4,8,0.0,0.0,0.0,0.0,0.0,0.07,0.04,0.1,0.07,0.1
ENG-Premier League,2425,Brentford,Vitaly Janelt,GER,MF,26,1998,32,27,2254,25.0,1,3,4,1,0,0,3,0,0.8,0.8,2.2,3.0,17,80,38,0.04,0.12,0.16,0.04,0.16,0.03,0.09,0.12,0.03,0.12
ENG-Premier League,2425,Brentford,Yehor Yarmoliuk,UKR,MF,20,2004,31,15,1450,16.1,0,0,0,0,0,0,6,0,0.6,0.6,0.9,1.5,15,63,47,0.0,0.0,0.0,0.0,0.0,0.04,0.05,0.09,0.04,0.09
ENG-Premier League,2425,Brentford,Yoane Wissa,COD,FW,27,1996,35,34,2919,32.4,19,4,23,19,0,0,5,0,18.5,18.5,2.6,21.1,60,67,154,0.59,0.12,0.71,0.59,0.71,0.57,0.08,0.65,0.57,0.65
ENG-Premier League,2425,Brentford,Yunus Emre Konak,TUR,"FW,MF",18,2006,10,0,42,0.5,0,0,0,0,0,0,0,0,0.2,0.2,0.0,0.2,1,2,2,0.0,0.0,0.0,0.0,0.0,0.33,0.0,0.33,0.33,0.33
ENG-Premier League,2425,Brighton,Adam Webster,ENG,DF,29,1995,14,11,887,9.9,0,0,0,0,0,0,1,0,0.2,0.2,0.5,0.7,8,63,2,0.0,0.0,0.0,0.0,0.0,0.03,0.05,0.08,0.03,0.08
ENG-Premier League,2425,Brighton,Bart Verbruggen,NED,GK,21,2002,36,36,3240,36.0,0,1,1,0,0,0,5,0,0.0,0.0,0.0,0.0,0,2,0,0.0,0.03,0.03,0.0,0.03,0.0,0.0,0.0,0.0,0.0
ENG-Premier League,2425,Brighton,Billy Gilmour,SCO,MF,23,2001,2,1,98,1.1,0,0,0,0,0,0,0,0,0.1,0.1,0.0,0.1,2,11,2,0.0,0.0,0.0,0.0,0.0,0.07,0.0,0.07,0.07,0.07
ENG-Premier League,2425,Brighton,Brajan Gruda,GER,"MF,FW",20,2004,21,8,687,7.6,1,4,5,1,0,0,0,0,1.2,1.2,2.1,3.3,22,26,57,0.13,0.52,0.66,0.13,0.66,0.16,0.28,0.43,0.16,0.43
ENG-Premier League,2425,Brighton,Carlos Baleba,CMR,MF,20,2004,34,31,2661,29.6,3,1,4,3,0,0,8,1,3.1,3.1,1.3,4.4,43,118,29,0.1,0.03,0.14,0.1,0.14,0.1,0.05,0.15,0.1,0.15
ENG-Premier League,2425,Brighton,Danny Welbeck,ENG,FW,33,1990,30,24,2115,23.5,10,4,14,9,1,1,5,0,9.6,8.8,1.4,10.1,21,47,95,0.43,0.17,0.6,0.38,0.55,0.41,0.06,0.46,0.37,0.43
ENG-Premier League,2425,Brighton,Diego Gómez,PAR,MF,21,2003,16,4,516,5.7,1,0,1,1,0,0,0,0,0.9,0.9,0.7,1.6,8,27,23,0.17,0.0,0.17,0.17,0.17,0.15,0.13,0.28,0.15,0.28
ENG-Premier League,2425,Brighton,Eiran Cashin,IRL,DF,22,2001,2,0,20,0.2,0,0,0,0,0,0,0,0,0.0,0.0,0.0,0.0,0,6,1,0.0,0.0,0.0,0.0,0.0,0.0,0.0,0.0,0.0,0.0
ENG-Premier League,2425,Brighton,Evan Ferguson,IRL,FW,19,2004,13,2,246,2.7,1,0,1,1,0,0,0,0,0.5,0.5,0.4,1.0,2,1,9,0.37,0.0,0.37,0.37,0.37,0.2,0.15,0.35,0.2,0.35
ENG-Premier League,2425,Brighton,Ferdi Kadioglu,TUR,"DF,MF",24,1999,6,5,385,4.3,1,0,1,1,0,0,1,0,0.4,0.4,0.2,0.6,1,15,27,0.23,0.0,0.23,0.23,0.23,0.1,0.04,0.14,0.1,0.14
ENG-Premier League,2425,Brighton,Georginio Rutter,FRA,"MF,FW",22,2002,28,19,1656,18.4,5,3,8,5,0,0,2,0,4.6,4.6,2.5,7.1,42,67,79,0.27,0.16,0.43,0.27,0.43,0.25,0.14,0.39,0.25,0.39
ENG-Premier League,2425,Brighton,Harry Howell,ENG,FW,15,2008,1,0,7,0.1,0,0,0,0,0,0,0,0,0.0,0.0,0.0,0.0,0,0,3,0.0,0.0,0.0,0.0,0.0,0.0,0.0,0.0,0.0,0.0
ENG-Premier League,2425,Brighton,Igor,BRA,DF,26,1998,13,10,961,10.7,0,0,0,0,0,0,4,0,0.0,0.0,0.2,0.2,9,49,1,0.0,0.0,0.0,0.0,0.0,0.0,0.02,0.02,0.0,0.02
ENG-Premier League,2425,Brighton,Jack Hinshelwood,ENG,"MF,DF",19,2005,26,22,1842,20.5,5,2,7,5,0,0,5,0,2.7,2.7,1.5,4.2,19,68,54,0.24,0.1,0.34,0.24,0.34,0.13,0.07,0.21,0.13,0.21
ENG-Premier League,2425,Brighton,Jakub Moder,POL,MF,25,1999,4,0,11,0.1,0,0,0,0,0,0,0,0,0.0,0.0,0.2,0.2,2,4,0,0.0,0.0,0.0,0.0,0.0,0.0,1.45,1.45,0.0,1.45
ENG-Premier League,2425,Brighton,James Milner,ENG,MF,38,1986,4,3,170,1.9,0,0,0,0,0,0,1,0,0.2,0.2,0.2,0.4,1,10,10,0.0,0.0,0.0,0.0,0.0,0.09,0.12,0.21,0.09,0.21
ENG-Premier League,2425,Brighton,Jan Paul van Hecke,NED,DF,24,2000,34,33,2958,32.9,1,1,2,1,0,0,8,1,1.3,1.3,1.5,2.8,55,228,5,0.03,0.03,0.06,0.03,0.06,0.04,0.05,0.09,0.04,0.09
ENG-Premier League,2425,Brighton,Jason Steele,ENG,GK,33,1990,2,2,180,2.0,0,0,0,0,0,0,0,0,0.0,0.0,0.0,0.0,0,0,0,0.0,0.0,0.0,0.0,0.0,0.0,0.0,0.0,0.0,0.0
ENG-Premier League,2425,Brighton,Jeremy Sarmiento,ECU,MF,22,2002,1,0,9,0.1,0,0,0,0,0,0,0,0,0.0,0.0,0.0,0.0,0,0,2,0.0,0.0,0.0,0.0,0.0,0.0,0.0,0.0,0.0,0.0
ENG-Premier League,2425,Brighton,João Pedro,BRA,"FW,MF",22,2001,27,23,1948,21.6,10,6,16,5,5,5,4,1,8.9,5.0,5.0,10.0,66,78,128,0.46,0.28,0.74,0.23,0.51,0.41,0.23,0.64,0.23,0.46
ENG-Premier League,2425,Brighton,Joël Veltman,NED,DF,32,1992,21,19,1697,18.9,0,0,0,0,0,0,5,0,0.5,0.5,0.5,0.9,32,85,34,0.0,0.0,0.0,0.0,0.0,0.02,0.02,0.05,0.02,0.05
ENG-Premier League,2425,Brighton,Julio Enciso,PAR,"MF,FW",20,2004,12,2,294,3.3,0,0,0,0,0,0,0,0,1.0,1.0,0.2,1.2,11,14,17,0.0,0.0,0.0,0.0,0.0,0.31,0.07,0.38,0.31,0.38
ENG-Premier League,2425,Brighton,Kaoru Mitoma,JPN,"FW,MF",27,1997,36,28,2603,28.9,10,4,14,10,0,0,1,0,9.2,9.2,4.6,13.8,146,89,291,0.35,0.14,0.48,0.35,0.48,0.32,0.16,0.48,0.32,0.48
ENG-Premier League,2425,Brighton,Lewis Dunk,ENG,DF,32,1991,25,23,2083,23.1,0,0,0,0,0,0,5,0,0.8,0.8,0.5,1.3,20,142,3,0.0,0.0,0.0,0.0,0.0,0.03,0.02,0.06,0.03,0.06
ENG-Premier League,2425,Brighton,Mats Wieffer,NED,"DF,MF",24,1999,25,10,1015,11.3,1,3,4,1,0,0,6,0,0.8,0.8,1.6,2.4,18,62,23,0.09,0.27,0.35,0.09,0.35,0.07,0.14,0.21,0.07,0.21
ENG-Premier League,2425,Brighton,Matt O'Riley,DEN,MF,23,2000,21,11,938,10.4,2,2,4,1,1,1,1,0,2.8,2.0,2.4,4.4,22,38,52,0.19,0.19,0.38,0.1,0.29,0.27,0.23,0.5,0.2,0.42
ENG-Premier League,2425,Brighton,Pervis Estupiñán,ECU,DF,26,1998,30,26,2402,26.7,1,1,2,1,0,0,5,0,1.2,1.2,2.1,3.3,59,132,112,0.04,0.04,0.07,0.04,0.07,0.04,0.08,0.12,0.04,0.12
ENG-Premier League,2425,Brighton,Simon Adingra,CIV,"FW,MF",22,2002,29,12,1097,12.2,2,2,4,2,0,0,0,0,2.5,2.5,2.5,4.9,50,18,136,0.16,0.16,0.33,0.16,0.33,0.2,0.2,0.4,0.2,0.4
ENG-Premier League,2425,Brighton,Solly March,ENG,"FW,MF",30,1994,8,1,168,1.9,0,0,0,0,0,0,2,0,0.1,0.1,0.3,0.4,5,2,20,0.0,0.0,0.0,0.0,0.0,0.05,0.15,0.19,0.05,0.19
ENG-Premier League,2425,Brighton,Tariq Lamptey,GHA,DF,23,2000,15,10,860,9.6,2,2,4,2,0,0,0,0,0.4,0.4,0.8,1.2,32,14,45,0.21,0.21,0.42,0.21,0.42,0.04,0.08,0.12,0.04,0.12
ENG-Premier League,2425,Brighton,Yankuba Minteh,GAM,"FW,MF",20,2004,32,20,1838,20.4,6,4,10,6,0,0,6,0,4.1,4.1,5.0,9.1,90,48,201,0.29,0.2,0.49,0.29,0.49,0.2,0.24,0.44,0.2,0.44
ENG-Premier League,2425,Brighton,Yasin Ayari,SWE,MF,20,2003,34,22,1965,21.8,2,1,3,2,0,0,3,0,2.4,2.4,2.3,4.8,30,75,61,0.09,0.05,0.14,0.09,0.14,0.11,0.11,0.22,0.11,0.22
ENG-Premier League,2425,Chelsea,Axel Disasi,FRA,DF,26,1998,6,4,364,4.0,1,0,1,1,0,0,1,0,0.3,0.3,0.1,0.4,6,16,2,0.25,0.0,0.25,0.25,0.25,0.07,0.02,0.09,0.07,0.09
ENG-Premier League,2425,Chelsea,Benoît Badiashile,FRA,DF,23,2001,5,3,334,3.7,0,0,0,0,0,0,0,0,0.0,0.0,0.0,0.0,3,17,2,0.0,0.0,0.0,0.0,0.0,0.0,0.0,0.0,0.0,0.0
ENG-Premier League,2425,Chelsea,Christopher Nkunku,FRA,FW,26,1997,27,9,921,10.2,3,2,5,3,0,0,2,0,4.8,4.8,2.1,6.9,17,25,68,0.29,0.2,0.49,0.29,0.49,0.47,0.21,0.68,0.47,0.67
ENG-Premier League,2425,Chelsea,Cole Palmer,ENG,"MF,FW",22,2002,37,36,3191,35.5,15,8,23,11,4,5,7,0,17.3,13.3,10.9,24.2,120,214,187,0.42,0.23,0.65,0.31,0.54,0.49,0.31,0.79,0.38,0.68
ENG-Premier League,2425,Chelsea,Enzo Fernández,ARG,MF,23,2001,36,32,2947,32.7,6,7,13,6,0,0,8,0,6.1,6.1,6.8,12.9,60,212,126,0.18,0.21,0.4,0.18,0.4,0.19,0.21,0.39,0.19,0.39
ENG-Premier League,2425,Chelsea,Filip Jørgensen,DEN,GK,22,2002,6,6,540,6.0,0,0,0,0,0,0,0,0,0.0,0.0,0.0,0.0,0,0,0,0.0,0.0,0.0,0.0,0.0,0.0,0.0,0.0,0.0,0.0
ENG-Premier League,2425,Chelsea,Jadon Sancho,ENG,FW,24,2000,31,19,1764,19.6,3,4,7,3,0,0,2,0,2.2,2.2,3.7,5.8,102,90,225,0.15,0.2,0.36,0.15,0.36,0.11,0.19,0.3,0.11,0.3
ENG-Premier League,2425,Chelsea,Joshua Acheampong,ENG,DF,18,2006,4,2,170,1.9,0,0,0,0,0,0,1,0,0.2,0.2,0.0,0.2,0,8,0,0.0,0.0,0.0,0.0,0.0,0.12,0.0,0.12,0.12,0.12
ENG-Premier League,2425,Chelsea,João Félix,POR,"FW,MF",24,1999,12,3,369,4.1,1,1,2,1,0,0,2,0,2.2,2.2,1.0,3.2,21,26,30,0.24,0.24,0.49,0.24,0.49,0.54,0.23,0.78,0.54,0.78
ENG-Premier League,2425,Chelsea,Kiernan Dewsbury-Hall,ENG,"MF,FW",25,1998,13,2,264,2.9,0,1,1,0,0,0,0,0,0.2,0.2,1.1,1.3,5,14,11,0.0,0.34,0.34,0.0,0.34,0.08,0.36,0.44,0.08,0.44
ENG-Premier League,2425,Chelsea,Levi Colwill,ENG,DF,21,2003,35,35,3149,35.0,2,1,3,2,0,0,9,0,1.9,1.9,1.1,3.0,14,131,12,0.06,0.03,0.09,0.06,0.09,0.05,0.03,0.09,0.05,0.09
ENG-Premier League,2425,Chelsea,Malo Gusto,FRA,DF,21,2003,32,19,1862,20.7,0,1,1,0,0,0,4,0,1.7,1.7,1.4,3.1,50,119,85,0.0,0.05,0.05,0.0,0.05,0.08,0.07,0.15,0.08,0.15
ENG-Premier League,2425,Chelsea,Marc Cucurella,ESP,DF,26,1998,36,33,2988,33.2,5,1,6,5,0,0,10,1,2.8,2.8,2.1,4.9,35,118,117,0.15,0.03,0.18,0.15,0.18,0.08,0.06,0.15,0.08,0.15
ENG-Premier League,2425,Chelsea,Marc Guiu,ESP,FW,18,2006,3,0,73,0.8,0,0,0,0,0,0,0,0,0.0,0.0,0.0,0.0,0,0,3,0.0,0.0,0.0,0.0,0.0,0.0,0.04,0.04,0.0,0.04
ENG-Premier League,2425,Chelsea,Mathis Amougou,FRA,MF,18,2006,1,0,8,0.1,0,0,0,0,0,0,0,0,0.0,0.0,0.0,0.0,0,1,0,0.0,0.0,0.0,0.0,0.0,0.0,0.0,0.0,0.0,0.0
ENG-Premier League,2425,Chelsea,Moisés Caicedo,ECU,"MF,DF",22,2001,38,38,3351,37.2,1,2,3,1,0,0,11,0,0.8,0.8,3.0,3.8,43,215,37,0.03,0.05,0.08,0.03,0.08,0.02,0.08,0.1,0.02,0.1
ENG-Premier League,2425,Chelsea,Mykhailo Mudryk,UKR,FW,23,2001,7,1,151,1.7,0,0,0,0,0,0,0,0,0.3,0.3,1.0,1.2,7,5,12,0.0,0.0,0.0,0.0,0.0,0.15,0.58,0.73,0.15,0.73
ENG-Premier League,2425,Chelsea,Nicolas Jackson,SEN,FW,23,2001,30,28,2220,24.7,10,5,15,10,0,0,7,1,12.3,12.3,4.3,16.6,47,38,129,0.41,0.2,0.61,0.41,0.61,0.5,0.17,0.67,0.5,0.67
ENG-Premier League,2425,Chelsea,Noni Madueke,ENG,FW,22,2002,32,27,2033,22.6,7,3,10,7,0,0,3,0,9.6,9.6,4.2,13.9,154,69,226,0.31,0.13,0.44,0.31,0.44,0.43,0.19,0.61,0.43,0.61
ENG-Premier League,2425,Chelsea,Pedro Neto,POR,FW,24,2000,35,24,2269,25.2,4,6,10,4,0,0,8,0,3.5,3.5,6.7,10.2,126,60,253,0.16,0.24,0.4,0.16,0.4,0.14,0.27,0.4,0.14,0.4
ENG-Premier League,2425,Chelsea,Reece James,ENG,"DF,MF",24,1999,19,12,1063,11.8,1,1,2,1,0,0,1,0,0.4,0.4,0.7,1.1,7,64,12,0.08,0.08,0.17,0.08,0.17,0.04,0.06,0.1,0.04,0.1
ENG-Premier League,2425,Chelsea,Renato Veiga,POR,"DF,MF",21,2003,7,1,181,2.0,0,0,0,0,0,0,2,0,0.1,0.1,0.0,0.1,4,7,3,0.0,0.0,0.0,0.0,0.0,0.07,0.0,0.07,0.07,0.07
ENG-Premier League,2425,Chelsea,Robert Sánchez,ESP,GK,26,1997,32,32,2880,32.0,0,0,0,0,0,0,5,0,0.0,0.0,0.1,0.1,0,1,0,0.0,0.0,0.0,0.0,0.0,0.0,0.0,0.0,0.0,0.0
ENG-Premier League,2425,Chelsea,Roméo Lavia,BEL,MF,20,2004,16,11,797,8.9,0,1,1,0,0,0,4,0,0.3,0.3,0.7,1.0,3,31,7,0.0,0.11,0.11,0.0,0.11,0.03,0.08,0.11,0.03,0.11
ENG-Premier League,2425,Chelsea,Shumaira Mheuka,ENG,MF,16,2007,1,0,1,0.0,0,0,0,0,0,0,0,0,0.1,0.1,0.0,0.1,0,0,0,0.0,0.0,0.0,0.0,0.0,5.06,0.0,5.06,5.06,5.06
ENG-Premier League,2425,Chelsea,Tosin Adarabioyo,ENG,DF,26,1997,22,15,1409,15.7,1,1,2,1,0,0,4,0,0.9,0.9,0.2,1.2,5,42,1,0.06,0.06,0.13,0.06,0.13,0.06,0.01,0.07,0.06,0.07
ENG-Premier League,2425,Chelsea,Trevoh Chalobah,ENG,DF,25,1999,13,11,910,10.1,0,1,1,0,0,0,2,0,0.8,0.8,1.2,2.0,4,37,2,0.0,0.1,0.1,0.0,0.1,0.08,0.12,0.19,0.08,0.19
ENG-Premier League,2425,Chelsea,Tyrique George,ENG,FW,18,2006,8,1,183,2.0,1,1,2,1,0,0,1,0,0.2,0.2,0.7,0.9,9,3,22,0.49,0.49,0.98,0.49,0.98,0.1,0.36,0.46,0.1,0.46
ENG-Premier League,2425,Chelsea,Wesley Fofana,FRA,DF,23,2000,14,14,1172,13.0,0,0,0,0,0,0,7,0,0.4,0.4,0.4,0.8,19,32,4,0.0,0.0,0.0,0.0,0.0,0.03,0.03,0.07,0.03,0.06
ENG-Premier League,2425,Crystal Palace,Adam Wharton,ENG,MF,20,2004,20,16,1318,14.6,0,2,2,0,0,0,2,0,0.4,0.4,3.0,3.4,14,107,11,0.0,0.14,0.14,0.0,0.14,0.03,0.21,0.23,0.03,0.23
ENG-Premier League,2425,Crystal Palace,Asher Agbinone,ENG,MF,18,2005,2,0,6,0.1,0,0,0,0,0,0,0,0,0.0,0.0,0.0,0.1,2,0,1,0.0,0.0,0.0,0.0,0.0,0.29,0.5,0.79,0.29,0.79
ENG-Premier League,2425,Crystal Palace,Ben Chilwell,ENG,DF,27,1996,8,1,259,2.9,1,0,1,1,0,0,1,0,0.2,0.2,0.8,1.0,5,8,15,0.35,0.0,0.35,0.35,0.35,0.08,0.26,0.34,0.08,0.34
ENG-Premier League,2425,Crystal Palace,Caleb Kporha,ENG,DF,18,2006,2,0,13,0.1,0,0,0,0,0,0,0,0,0.0,0.0,0.0,0.0,1,0,0,0.0,0.0,0.0,0.0,0.0,0.0,0.0,0.0,0.0,0.0
ENG-Premier League,2425,Crystal Palace,Chadi Riad,MAR,DF,21,2003,1,1,90,1.0,0,0,0,0,0,0,0,0,0.0,0.0,0.0,0.0,2,7,0,0.0,0.0,0.0,0.0,0.0,0.0,0.0,0.0,0.0,0.0
ENG-Premier League,2425,Crystal Palace,Cheick Doucouré,MLI,MF,24,2000,13,4,452,5.0,0,0,0,0,0,0,1,0,0.4,0.4,0.0,0.4,2,19,7,0.0,0.0,0.0,0.0,0.0,0.08,0.0,0.08,0.08,0.08
ENG-Premier League,2425,Crystal Palace,Chris Richards,USA,DF,24,2000,24,22,1922,21.4,1,0,1,1,0,0,4,1,1.4,1.4,0.1,1.5,6,39,2,0.05,0.0,0.05,0.05,0.05,0.06,0.0,0.07,0.06,0.07
ENG-Premier League,2425,Crystal Palace,Daichi Kamada,JPN,MF,27,1996,34,15,1564,17.4,0,0,0,0,0,0,4,1,1.1,1.1,1.9,3.0,25,89,56,0.0,0.0,0.0,0.0,0.0,0.06,0.11,0.17,0.06,0.17
ENG-Premier League,2425,Crystal Palace,Daniel Muñoz,COL,DF,28,1996,37,37,3228,35.9,4,5,9,4,0,0,10,0,4.9,4.9,5.5,10.5,62,97,206,0.11,0.14,0.25,0.11,0.25,0.14,0.15,0.29,0.14,0.29
ENG-Premier League,2425,Crystal Palace,Dean Henderson,ENG,GK,27,1997,38,38,3420,38.0,0,0,0,0,0,0,3,0,0.0,0.0,0.2,0.2,0,0,0,0.0,0.0,0.0,0.0,0.0,0.0,0.0,0.0,0.0,0.0
ENG-Premier League,2425,Crystal Palace,Eberechi Eze,ENG,"MF,FW",26,1998,34,31,2588,28.8,8,8,16,7,1,2,1,0,10.5,8.9,6.2,15.1,69,97,153,0.28,0.28,0.56,0.24,0.52,0.36,0.22,0.58,0.31,0.53
ENG-Premier League,2425,Crystal Palace,Eddie Nketiah,ENG,"FW,MF",25,1999,29,9,1034,11.5,3,1,4,3,0,0,6,1,5.8,5.8,1.7,7.4,41,19,79,0.26,0.09,0.35,0.26,0.35,0.5,0.15,0.65,0.5,0.65
ENG-Premier League,2425,Crystal Palace,Ismaila Sarr,SEN,MF,26,1998,38,30,2711,30.1,8,6,14,8,0,0,4,0,10.7,10.7,8.5,19.2,75,85,183,0.27,0.2,0.46,0.27,0.46,0.35,0.28,0.64,0.35,0.64
ENG-Premier League,2425,Crystal Palace,Jean-Philippe Mateta,FRA,FW,27,1997,37,33,2648,29.4,14,2,16,12,2,2,2,0,13.5,11.9,3.2,15.1,45,52,122,0.48,0.07,0.54,0.41,0.48,0.46,0.11,0.57,0.41,0.51
ENG-Premier League,2425,Crystal Palace,Jefferson Lerma,COL,"MF,DF",29,1994,33,26,2274,25.3,0,1,1,0,0,0,9,0,1.1,1.1,1.6,2.7,13,97,26,0.0,0.04,0.04,0.0,0.04,0.04,0.06,0.11,0.04,0.11
ENG-Premier League,2425,Crystal Palace,Jeffrey Schlupp,GHA,"MF,DF",31,1992,12,0,103,1.1,0,0,0,0,0,0,0,0,0.2,0.2,0.2,0.3,4,5,9,0.0,0.0,0.0,0.0,0.0,0.14,0.14,0.28,0.14,0.28
ENG-Premier League,2425,Crystal Palace,Joachim Andersen,DEN,DF,28,1996,1,1,90,1.0,0,0,0,0,0,0,1,0,0.0,0.0,0.0,0.0,1,4,1,0.0,0.0,0.0,0.0,0.0,0.04,0.0,0.04,0.04,0.04
ENG-Premier League,2425,Crystal Palace,Joel Ward,ENG,DF,34,1989,2,1,71,0.8,0,0,0,0,0,0,1,0,0.0,0.0,0.0,0.0,0,1,1,0.0,0.0,0.0,0.0,0.0,0.0,0.06,0.06,0.0,0.06
ENG-Premier League,2425,Crystal Palace,Jordan Ayew,GHA,"FW,MF",32,1991,1,0,21,0.2,0,0,0,0,0,0,1,0,0.5,0.5,0.0,0.5,0,0,1,0.0,0.0,0.0,0.0,0.0,1.96,0.21,2.17,1.96,2.17
ENG-Premier League,2425,Crystal Palace,Justin Devenny,NIR,MF,20,2003,23,4,507,5.6,1,1,2,1,0,0,1,0,0.8,0.8,0.6,1.4,5,21,13,0.18,0.18,0.36,0.18,0.36,0.14,0.11,0.25,0.14,0.25
ENG-Premier League,2425,Crystal Palace,Marc Guéhi,ENG,DF,24,2000,34,34,3059,34.0,3,2,5,3,0,0,9,1,2.0,2.0,1.8,3.7,22,134,10,0.09,0.06,0.15,0.09,0.15,0.06,0.05,0.11,0.06,0.11
ENG-Premier League,2425,Crystal Palace,Matheus França,BRA,"MF,FW",20,2004,4,0,55,0.6,1,0,1,1,0,0,0,0,0.3,0.3,0.0,0.3,4,3,4,1.64,0.0,1.64,1.64,1.64,0.42,0.0,0.42,0.42,0.42
ENG-Premier League,2425,Crystal Palace,Maxence Lacroix,FRA,DF,24,2000,35,35,3116,34.6,1,1,2,1,0,0,5,0,3.4,3.4,1.0,4.4,8,65,7,0.03,0.03,0.06,0.03,0.06,0.1,0.03,0.13,0.1,0.13
ENG-Premier League,2425,Crystal Palace,Nathaniel Clyne,ENG,"DF,MF",33,1991,13,5,483,5.4,0,0,0,0,0,0,1,0,0.0,0.0,0.3,0.3,6,7,8,0.0,0.0,0.0,0.0,0.0,0.0,0.06,0.06,0.0,0.06
ENG-Premier League,2425,Crystal Palace,Odsonne Édouard,FRA,"MF,FW",26,1998,2,1,115,1.3,0,0,0,0,0,0,0,0,0.4,0.4,0.0,0.4,3,4,7,0.0,0.0,0.0,0.0,0.0,0.31,0.04,0.34,0.31,0.34
ENG-Premier League,2425,Crystal Palace,Romain Esse,ENG,MF,19,2005,7,1,138,1.5,1,1,2,1,0,0,0,0,0.3,0.3,0.4,0.7,1,7,14,0.65,0.65,1.3,0.65,1.3,0.21,0.27,0.48,0.21,0.48
ENG-Premier League,2425,Crystal Palace,Trevoh Chalobah,ENG,DF,25,1999,12,12,1060,11.8,3,0,3,3,0,0,1,0,1.2,1.2,0.4,1.6,11,34,6,0.25,0.0,0.25,0.25,0.25,0.1,0.03,0.14,0.1,0.14
ENG-Premier League,2425,Crystal Palace,Tyrick Mitchell,ENG,DF,24,1999,37,37,3092,34.4,0,5,5,0,0,0,2,0,1.3,1.3,6.4,7.7,63,70,171,0.0,0.15,0.15,0.0,0.15,0.04,0.19,0.22,0.04,0.22
ENG-Premier League,2425,Crystal Palace,Will Hughes,ENG,MF,29,1995,33,24,2108,23.4,0,3,3,0,0,0,11,0,1.1,1.1,3.1,4.2,20,87,27,0.0,0.13,0.13,0.0,0.13,0.05,0.13,0.18,0.05,0.18
ENG-Premier League,2425,Everton,Abdoulaye Doucouré,MLI,MF,31,1993,33,31,2564,28.5,3,2,5,3,0,0,5,1,4.1,4.1,2.4,6.6,42,82,96,0.11,0.07,0.18,0.11,0.18,0.15,0.09,0.23,0.15,0.23
ENG-Premier League,2425,Everton,Armando Broja,ALB,FW,22,2001,10,4,334,3.7,0,0,0,0,0,0,1,0,0.1,0.1,0.2,0.3,12,2,26,0.0,0.0,0.0,0.0,0.0,0.03,0.05,0.08,0.03,0.08
ENG-Premier League,2425,Everton,Ashley Young,ENG,DF,39,1985,32,19,1875,20.8,1,3,4,1,0,0,7,1,0.3,0.3,2.3,2.6,24,90,32,0.05,0.14,0.19,0.05,0.19,0.01,0.11,0.12,0.01,0.12
ENG-Premier League,2425,Everton,Beto,GNB,FW,26,1998,30,15,1534,17.0,8,0,8,8,0,0,2,0,8.2,8.2,1.2,9.4,15,16,77,0.47,0.0,0.47,0.47,0.47,0.48,0.07,0.55,0.48,0.55
ENG-Premier League,2425,Everton,Carlos Alcaraz,ARG,"FW,MF",21,2002,15,7,764,8.5,2,3,5,2,0,0,4,0,1.7,1.7,1.6,3.4,19,42,21,0.24,0.35,0.59,0.24,0.59,0.2,0.19,0.4,0.2,0.4
ENG-Premier League,2425,Everton,Dominic Calvert-Lewin,ENG,FW,27,1997,26,19,1609,17.9,3,1,4,3,0,0,2,0,6.7,6.7,0.6,7.4,23,20,112,0.17,0.06,0.22,0.17,0.22,0.38,0.04,0.41,0.38,0.41
ENG-Premier League,2425,Everton,Dwight McNeil,ENG,"MF,FW",24,1999,21,15,1371,15.2,4,6,10,4,0,0,1,0,1.1,1.1,5.2,6.3,38,69,80,0.26,0.39,0.66,0.26,0.66,0.07,0.34,0.41,0.07,0.41
ENG-Premier League,2425,Everton,Harrison Armstrong,ENG,MF,17,2007,3,0,48,0.5,0,0,0,0,0,0,1,0,0.4,0.4,0.1,0.4,1,1,0,0.0,0.0,0.0,0.0,0.0,0.69,0.14,0.82,0.69,0.82
ENG-Premier League,2425,Everton,Idrissa Gana Gueye,SEN,MF,34,1989,37,35,3063,34.0,0,3,3,0,0,0,9,0,1.1,1.1,1.7,2.8,27,145,27,0.0,0.09,0.09,0.0,0.09,0.03,0.05,0.08,0.03,0.08
ENG-Premier League,2425,Everton,Iliman Ndiaye,SEN,FW,24,2000,33,29,2430,27.0,9,0,9,7,2,2,3,0,6.2,4.7,1.9,6.5,86,59,122,0.33,0.0,0.33,0.26,0.26,0.23,0.07,0.3,0.17,0.24
ENG-Premier League,2425,Everton,Jack Harrison,ENG,FW,27,1996,34,24,2076,23.1,1,0,1,1,0,0,0,0,3.5,3.5,3.7,7.2,73,51,127,0.04,0.0,0.04,0.04,0.04,0.15,0.16,0.31,0.15,0.31
ENG-Premier League,2425,Everton,Jake O'Brien,IRL,DF,23,2001,20,17,1571,17.5,2,0,2,2,0,0,5,0,0.8,0.8,0.6,1.3,7,50,25,0.11,0.0,0.11,0.11,0.11,0.04,0.03,0.08,0.04,0.08
ENG-Premier League,2425,Everton,James Garner,ENG,"MF,DF",23,2001,21,17,1594,17.7,0,1,1,0,0,0,5,0,0.7,0.7,1.4,2.1,15,50,30,0.0,0.06,0.06,0.0,0.06,0.04,0.08,0.12,0.04,0.12
ENG-Premier League,2425,Everton,James Tarkowski,ENG,DF,31,1992,33,33,2922,32.5,1,1,2,1,0,0,6,0,1.3,1.3,2.9,4.2,9,75,3,0.03,0.03,0.06,0.03,0.06,0.04,0.09,0.13,0.04,0.13
ENG-Premier League,2425,Everton,Jarrad Branthwaite,ENG,DF,22,2002,30,28,2511,27.9,0,1,1,0,0,0,4,0,1.2,1.2,0.7,1.9,10,66,2,0.0,0.04,0.04,0.0,0.04,0.04,0.02,0.07,0.04,0.07
ENG-Premier League,2425,Everton,Jesper Lindstrøm,DEN,FW,24,2000,25,15,1239,13.8,0,1,1,0,0,0,2,0,2.1,2.1,2.0,4.1,30,25,81,0.0,0.07,0.07,0.0,0.07,0.15,0.15,0.3,0.15,0.3
ENG-Premier League,2425,Everton,Jordan Pickford,ENG,GK,30,1994,38,38,3420,38.0,0,1,1,0,0,0,7,0,0.0,0.0,0.4,0.4,0,0,0,0.0,0.03,0.03,0.0,0.03,0.0,0.01,0.01,0.0,0.01
ENG-Premier League,2425,Everton,Mason Holgate,JAM,"FW,DF",27,1996,1,0,6,0.1,0,0,0,0,0,0,0,0,0.0,0.0,0.0,0.0,0,0,0,0.0,0.0,0.0,0.0,0.0,0.0,0.0,0.0,0.0,0.0
ENG-Premier League,2425,Everton,Michael Keane,ENG,DF,31,1993,14,11,1049,11.7,3,0,3,3,0,0,5,0,0.6,0.6,0.1,0.7,1,14,3,0.26,0.0,0.26,0.26,0.26,0.05,0.01,0.06,0.05,0.06
ENG-Premier League,2425,Everton,Nathan Patterson,SCO,DF,22,2001,10,3,347,3.9,0,1,1,0,0,0,1,0,0.1,0.1,0.4,0.5,6,13,18,0.0,0.26,0.26,0.0,0.26,0.02,0.11,0.13,0.02,0.13
ENG-Premier League,2425,Everton,Orel Mangala,BEL,MF,26,1998,19,14,1261,14.0,1,0,1,1,0,0,2,0,1.1,1.1,0.6,1.8,6,34,19,0.07,0.0,0.07,0.07,0.07,0.08,0.05,0.13,0.08,0.13
ENG-Premier League,2425,Everton,Roman Dixon,ENG,DF,19,2004,1,1,90,1.0,0,0,0,0,0,0,0,0,0.0,0.0,0.0,0.0,0,0,1,0.0,0.0,0.0,0.0,0.0,0.0,0.0,0.0,0.0,0.0
ENG-Premier League,2425,Everton,Séamus Coleman,IRL,DF,35,1988,5,3,215,2.4,0,0,0,0,0,0,1,0,0.6,0.6,0.0,0.6,1,11,7,0.0,0.0,0.0,0.0,0.0,0.24,0.0,0.24,0.24,0.24
ENG-Premier League,2425,Everton,Tim Iroegbunam,ENG,MF,21,2003,18,5,574,6.4,0,1,1,0,0,0,4,0,0.2,0.2,0.2,0.4,8,15,9,0.0,0.16,0.16,0.0,0.16,0.04,0.03,0.07,0.04,0.07
ENG-Premier League,2425,Everton,Vitaliy Mykolenko,UKR,DF,25,1999,35,35,3082,34.2,1,2,3,1,0,0,4,0,0.5,0.5,2.6,3.1,33,110,99,0.03,0.06,0.09,0.03,0.09,0.01,0.08,0.09,0.01,0.09
ENG-Premier League,2425,Everton,Youssef Chermiti,POR,"FW,MF",20,2004,4,0,45,0.5,0,0,0,0,0,0,1,0,0.1,0.1,0.0,0.1,0,1,6,0.0,0.0,0.0,0.0,0.0,0.22,0.0,0.22,0.22,0.22
ENG-Premier League,2425,Fulham,Adama Traoré,ESP,"FW,MF",28,1996,36,18,1772,19.7,2,7,9,2,0,0,3,0,4.0,4.0,4.9,8.9,100,68,161,0.1,0.36,0.46,0.1,0.46,0.2,0.25,0.45,0.2,0.45
ENG-Premier League,2425,Fulham,Alex Iwobi,NGA,"FW,MF",28,1996,38,35,2981,33.1,9,6,15,9,0,0,1,0,4.7,4.7,7.0,11.8,144,213,246,0.27,0.18,0.45,0.27,0.45,0.14,0.21,0.36,0.14,0.36
ENG-Premier League,2425,Fulham,Andreas Pereira,BRA,MF,28,1996,33,25,2013,22.4,2,4,6,2,0,1,7,0,3.8,3.0,4.6,7.6,29,104,81,0.09,0.18,0.27,0.09,0.27,0.17,0.21,0.38,0.14,0.34
ENG-Premier League,2425,Fulham,Antonee Robinson,USA,DF,26,1997,36,35,3167,35.2,0,10,10,0,0,0,8,0,0.7,0.7,4.2,4.9,118,131,274,0.0,0.28,0.28,0.0,0.28,0.02,0.12,0.14,0.02,0.14
ENG-Premier League,2425,Fulham,Bernd Leno,GER,GK,32,1992,38,38,3420,38.0,0,1,1,0,0,0,5,0,0.0,0.0,0.1,0.1,0,0,0,0.0,0.03,0.03,0.0,0.03,0.0,0.0,0.0,0.0,0.0
ENG-Premier League,2425,Fulham,Calvin Bassey,NGA,DF,24,1999,35,34,3074,34.2,1,0,1,1,0,0,7,0,1.0,1.0,0.1,1.2,39,116,15,0.03,0.0,0.03,0.03,0.03,0.03,0.0,0.03,0.03,0.03
ENG-Premier League,2425,Fulham,Carlos Vinícius,BRA,"MF,FW",29,1995,3,0,16,0.2,0,0,0,0,0,0,0,0,0.0,0.0,0.0,0.0,1,0,3,0.0,0.0,0.0,0.0,0.0,0.21,0.0,0.21,0.21,0.21
ENG-Premier League,2425,Fulham,Emile Smith Rowe,ENG,MF,24,2000,34,25,2043,22.7,6,3,9,6,0,0,3,0,4.5,4.5,1.4,6.0,53,126,127,0.26,0.13,0.4,0.26,0.4,0.2,0.06,0.26,0.2,0.26
ENG-Premier League,2425,Fulham,Harrison Reed,ENG,MF,29,1995,12,0,108,1.2,0,0,0,0,0,0,2,0,0.2,0.2,0.1,0.3,1,4,7,0.0,0.0,0.0,0.0,0.0,0.21,0.07,0.27,0.21,0.27
ENG-Premier League,2425,Fulham,Harry Wilson,WAL,"FW,MF",27,1997,25,12,1162,12.9,6,1,7,6,0,0,2,0,4.2,4.2,1.1,5.3,22,51,96,0.46,0.08,0.54,0.46,0.54,0.33,0.09,0.41,0.33,0.41
ENG-Premier League,2425,Fulham,Issa Diop,FRA,DF,27,1997,21,15,1339,14.9,0,0,0,0,0,0,2,0,0.5,0.5,0.1,0.6,6,25,3,0.0,0.0,0.0,0.0,0.0,0.04,0.01,0.04,0.04,0.04
ENG-Premier League,2425,Fulham,Jay Stansfield,ENG,MF,21,2002,1,0,1,0.0,0,0,0,0,0,0,0,0,0.0,0.0,0.0,0.0,0,0,0,0.0,0.0,0.0,0.0,0.0,0.0,0.0,0.0,0.0,0.0
ENG-Premier League,2425,Fulham,Joachim Andersen,DEN,DF,28,1996,29,29,2583,28.7,0,0,0,0,0,0,6,1,1.0,1.0,0.5,1.5,16,112,2,0.0,0.0,0.0,0.0,0.0,0.04,0.02,0.05,0.04,0.05
ENG-Premier League,2425,Fulham,Jorge Cuenca,ESP,DF,24,1999,8,4,351,3.9,0,0,0,0,0,0,0,0,0.0,0.0,0.0,0.0,0,10,0,0.0,0.0,0.0,0.0,0.0,0.01,0.0,0.01,0.01,0.01
ENG-Premier League,2425,Fulham,Joshua King,ENG,MF,17,2007,8,1,130,1.4,0,0,0,0,0,0,0,0,0.3,0.3,0.4,0.7,3,9,16,0.0,0.0,0.0,0.0,0.0,0.22,0.3,0.51,0.22,0.51
ENG-Premier League,2425,Fulham,Kenny Tete,NED,DF,28,1995,22,21,1774,19.7,0,2,2,0,0,0,5,0,1.4,1.4,0.9,2.3,34,63,54,0.0,0.1,0.1,0.0,0.1,0.07,0.05,0.12,0.07,0.12
ENG-Premier League,2425,Fulham,Martial Godo,ENG,"FW,DF",21,2003,2,0,24,0.3,0,0,0,0,0,0,0,0,0.0,0.0,0.1,0.1,2,3,6,0.0,0.0,0.0,0.0,0.0,0.0,0.21,0.21,0.0,0.21
ENG-Premier League,2425,Fulham,Raúl Jiménez,MEX,FW,33,1991,38,30,2494,27.7,12,3,15,9,3,3,4,0,12.0,9.6,3.3,12.9,35,62,125,0.43,0.11,0.54,0.32,0.43,0.43,0.12,0.55,0.35,0.47
ENG-Premier League,2425,Fulham,Reiss Nelson,ENG,FW,24,1999,11,5,487,5.4,1,1,2,1,0,0,1,0,1.1,1.1,1.0,2.1,45,35,63,0.18,0.18,0.37,0.18,0.37,0.2,0.18,0.39,0.2,0.39
ENG-Premier League,2425,Fulham,Rodrigo Muniz,BRA,FW,23,2001,31,8,964,10.7,8,1,9,8,0,0,1,0,5.8,5.8,0.7,6.5,6,27,31,0.75,0.09,0.84,0.75,0.84,0.54,0.07,0.61,0.54,0.61
ENG-Premier League,2425,Fulham,Ryan Sessegnon,ENG,"FW,DF",24,2000,16,7,580,6.4,4,2,6,4,0,0,1,0,1.6,1.6,1.1,2.7,18,22,59,0.62,0.31,0.93,0.62,0.93,0.25,0.17,0.42,0.25,0.42
ENG-Premier League,2425,Fulham,Sander Berge,NOR,MF,26,1998,31,26,2224,24.7,0,0,0,0,0,0,6,0,0.4,0.4,0.6,1.0,29,124,9,0.0,0.0,0.0,0.0,0.0,0.01,0.03,0.04,0.01,0.04
ENG-Premier League,2425,Fulham,Saša Lukić,SRB,MF,27,1996,30,28,2344,26.0,0,2,2,0,0,0,12,0,1.2,1.2,2.7,3.9,39,98,33,0.0,0.08,0.08,0.0,0.08,0.04,0.11,0.15,0.04,0.15
ENG-Premier League,2425,Fulham,Timothy Castagne,BEL,DF,28,1995,24,17,1649,18.3,0,1,1,0,0,0,1,0,0.4,0.4,1.2,1.6,17,62,67,0.0,0.05,0.05,0.0,0.05,0.02,0.07,0.09,0.02,0.09
ENG-Premier League,2425,Fulham,Tom Cairney,SCO,MF,33,1991,25,3,628,7.0,2,0,2,2,0,0,3,1,0.8,0.8,1.1,1.8,18,53,33,0.29,0.0,0.29,0.29,0.29,0.11,0.15,0.26,0.11,0.26
ENG-Premier League,2425,Fulham,Willian,BRA,"FW,MF",35,1988,10,2,257,2.9,0,0,0,0,0,0,0,0,0.3,0.3,0.5,0.8,11,40,33,0.0,0.0,0.0,0.0,0.0,0.1,0.18,0.28,0.1,0.28
ENG-Premier League,2425,Ipswich Town,Alex Palmer,ENG,GK,27,1996,13,13,1170,13.0,0,0,0,0,0,0,2,0,0.0,0.0,0.0,0.0,0,1,0,0.0,0.0,0.0,0.0,0.0,0.0,0.0,0.0,0.0,0.0
ENG-Premier League,2425,Ipswich Town,Ali Al Hamadi,IRQ,FW,22,2002,11,0,134,1.5,0,0,0,0,0,0,3,0,0.4,0.4,0.1,0.4,4,3,14,0.0,0.0,0.0,0.0,0.0,0.24,0.05,0.28,0.24,0.28
ENG-Premier League,2425,Ipswich Town,Arijanet Muric,KVX,GK,25,1998,18,18,1620,18.0,0,0,0,0,0,0,1,0,0.0,0.0,0.0,0.0,0,1,0,0.0,0.0,0.0,0.0,0.0,0.0,0.0,0.0,0.0,0.0
ENG-Premier League,2425,Ipswich Town,Axel Tuanzebe,COD,DF,26,1997,22,20,1710,19.0,0,1,1,0,0,0,5,1,0.2,0.2,0.3,0.5,10,61,15,0.0,0.05,0.05,0.0,0.05,0.01,0.02,0.03,0.01,0.03
ENG-Premier League,2425,Ipswich Town,Ben Godfrey,ENG,DF,26,1998,3,2,159,1.8,0,0,0,0,0,0,1,0,0.0,0.0,0.0,0.0,2,4,1,0.0,0.0,0.0,0.0,0.0,0.0,0.0,0.0,0.0,0.0
ENG-Premier League,2425,Ipswich Town,Ben Johnson,ENG,"DF,FW",24,2000,23,14,1354,15.0,1,2,3,1,0,0,5,1,1.1,1.1,1.3,2.3,16,27,33,0.07,0.13,0.2,0.07,0.2,0.07,0.09,0.16,0.07,0.16
ENG-Premier League,2425,Ipswich Town,Cameron Burgess,AUS,DF,28,1995,18,16,1541,17.1,0,2,2,0,0,0,0,0,1.1,1.1,0.5,1.6,2,42,4,0.0,0.12,0.12,0.0,0.12,0.06,0.03,0.09,0.06,0.09
ENG-Premier League,2425,Ipswich Town,Chiedozie Ogbene,IRL,FW,27,1997,5,3,238,2.6,0,0,0,0,0,0,0,0,0.0,0.0,0.1,0.1,7,0,15,0.0,0.0,0.0,0.0,0.0,0.0,0.03,0.03,0.0,0.03
ENG-Premier League,2425,Ipswich Town,Christian Walton,ENG,GK,28,1995,7,7,630,7.0,0,0,0,0,0,0,0,0,0.0,0.0,0.0,0.0,0,0,0,0.0,0.0,0.0,0.0,0.0,0.0,0.0,0.0,0.0,0.0
ENG-Premier League,2425,Ipswich Town,Conor Chaplin,ENG,"MF,FW",27,1997,22,10,857,9.5,1,1,2,1,0,0,2,0,1.5,1.5,0.7,2.2,13,29,23,0.11,0.11,0.21,0.11,0.21,0.16,0.07,0.23,0.16,0.23
ENG-Premier League,2425,Ipswich Town,Conor Townsend,ENG,DF,31,1993,6,3,335,3.7,0,1,1,0,0,0,1,0,0.0,0.0,0.7,0.7,2,8,13,0.0,0.27,0.27,0.0,0.27,0.01,0.18,0.18,0.01,0.18
ENG-Premier League,2425,Ipswich Town,Dara O'Shea,IRL,DF,25,1999,35,35,3122,34.7,0,2,2,0,0,0,6,0,1.3,1.3,0.5,1.8,3,80,8,0.0,0.06,0.06,0.0,0.06,0.04,0.01,0.05,0.04,0.05
ENG-Premier League,2425,Ipswich Town,George Edmundson,ENG,DF,26,1997,1,0,2,0.0,0,0,0,0,0,0,0,0,0.0,0.0,0.0,0.0,0,0,0,0.0,0.0,0.0,0.0,0.0,0.0,0.0,0.0,0.0,0.0
ENG-Premier League,2425,Ipswich Town,George Hirst,SCO,FW,25,1999,26,5,661,7.3,3,1,4,3,0,0,3,0,2.1,2.1,0.3,2.5,9,13,31,0.41,0.14,0.54,0.41,0.54,0.29,0.05,0.34,0.29,0.34
ENG-Premier League,2425,Ipswich Town,Harry Clarke,ENG,DF,23,2001,7,4,379,4.2,0,0,0,0,0,0,3,1,0.1,0.1,0.0,0.1,5,14,2,0.0,0.0,0.0,0.0,0.0,0.02,0.01,0.03,0.02,0.03
ENG-Premier League,2425,Ipswich Town,Jack Clarke,ENG,"FW,MF",23,2000,32,12,1181,13.1,0,4,4,0,0,0,2,0,1.2,1.2,2.3,3.5,39,44,57,0.0,0.3,0.3,0.0,0.3,0.09,0.17,0.26,0.09,0.26
ENG-Premier League,2425,Ipswich Town,Jack Taylor,IRL,MF,26,1998,32,4,860,9.6,1,0,1,1,0,0,4,0,0.7,0.7,0.5,1.3,11,43,23,0.1,0.0,0.1,0.1,0.1,0.08,0.06,0.13,0.08,0.13
ENG-Premier League,2425,Ipswich Town,Jacob Greaves,ENG,DF,23,2000,25,25,2205,24.5,1,0,1,1,0,0,5,0,1.3,1.3,0.3,1.6,11,69,11,0.04,0.0,0.04,0.04,0.04,0.05,0.01,0.06,0.05,0.06
ENG-Premier League,2425,Ipswich Town,Jaden Philogene Bidace,ENG,"FW,DF",22,2002,10,5,474,5.3,2,0,2,2,0,0,1,0,2.0,2.0,0.2,2.2,13,10,36,0.38,0.0,0.38,0.38,0.38,0.37,0.05,0.42,0.37,0.42
ENG-Premier League,2425,Ipswich Town,Jens Cajuste,SWE,MF,24,1999,30,25,1959,21.8,1,1,2,1,0,0,2,0,0.7,0.7,0.8,1.5,26,59,20,0.05,0.05,0.09,0.05,0.09,0.03,0.04,0.07,0.03,0.07
ENG-Premier League,2425,Ipswich Town,Julio Enciso,PAR,"MF,FW",20,2004,13,12,869,9.7,2,3,5,2,0,0,3,0,1.7,1.7,1.4,3.1,23,28,44,0.21,0.31,0.52,0.21,0.52,0.18,0.14,0.32,0.18,0.32
ENG-Premier League,2425,Ipswich Town,Kalvin Phillips,ENG,MF,28,1995,19,14,1237,13.7,0,0,0,0,0,0,6,1,0.4,0.4,0.2,0.7,4,51,4,0.0,0.0,0.0,0.0,0.0,0.03,0.02,0.05,0.03,0.05
ENG-Premier League,2425,Ipswich Town,Leif Davis,ENG,DF,24,2000,33,32,2743,30.5,1,2,3,1,0,0,5,1,1.0,1.0,4.9,5.8,52,59,137,0.03,0.07,0.1,0.03,0.1,0.03,0.16,0.19,0.03,0.19
ENG-Premier League,2425,Ipswich Town,Liam Delap,ENG,FW,21,2003,37,32,2593,28.8,12,2,14,10,2,2,12,0,9.3,7.8,1.9,9.7,61,30,110,0.42,0.07,0.49,0.35,0.42,0.32,0.07,0.39,0.27,0.34
ENG-Premier League,2425,Ipswich Town,Luke Woolfenden,ENG,DF,25,1998,15,12,1187,13.2,0,0,0,0,0,0,2,0,0.0,0.0,0.0,0.0,7,15,0,0.0,0.0,0.0,0.0,0.0,0.0,0.0,0.0,0.0,0.0
ENG-Premier League,2425,Ipswich Town,Marcus Harness,ENG,MF,28,1996,2,0,45,0.5,0,0,0,0,0,0,0,0,0.0,0.0,0.0,0.0,0,2,1,0.0,0.0,0.0,0.0,0.0,0.0,0.0,0.0,0.0,0.0
ENG-Premier League,2425,Ipswich Town,Massimo Luongo,AUS,MF,31,1992,11,2,201,2.2,0,0,0,0,0,0,0,0,0.0,0.0,0.0,0.0,0,6,1,0.0,0.0,0.0,0.0,0.0,0.0,0.0,0.0,0.0,0.0
ENG-Premier League,2425,Ipswich Town,Nathan Broadhead,WAL,"MF,FW",26,1998,18,7,702,7.8,2,0,2,2,0,0,1,0,1.7,1.7,0.7,2.4,20,14,33,0.26,0.0,0.26,0.26,0.26,0.22,0.09,0.31,0.22,0.31
ENG-Premier League,2425,Ipswich Town,Omari Hutchinson,ENG,"MF,FW",20,2003,31,30,2583,28.7,3,2,5,3,0,0,5,0,2.9,2.9,3.5,6.4,97,75,159,0.1,0.07,0.17,0.1,0.17,0.1,0.12,0.22,0.1,0.22
ENG-Premier League,2425,Ipswich Town,Sam Morsy,EGY,MF,32,1991,33,31,2751,30.6,1,1,2,1,0,0,10,0,0.4,0.4,1.2,1.6,22,120,13,0.03,0.03,0.07,0.03,0.07,0.01,0.04,0.05,0.01,0.05
ENG-Premier League,2425,Ipswich Town,Sammie Szmodics,IRL,"FW,MF",28,1995,20,13,992,11.0,4,0,4,4,0,0,2,0,3.4,3.4,0.2,3.6,16,19,47,0.36,0.0,0.36,0.36,0.36,0.31,0.02,0.33,0.31,0.33
ENG-Premier League,2425,Ipswich Town,Wes Burns,WAL,"FW,DF",29,1994,18,12,926,10.3,0,1,1,0,0,0,1,0,0.5,0.5,1.6,2.2,38,8,65,0.0,0.1,0.1,0.0,0.1,0.05,0.16,0.21,0.05,0.21
ENG-Premier League,2425,Leicester City,Abdul Fatawu Issahaku,GHA,FW,20,2004,11,6,579,6.4,0,2,2,0,0,0,0,0,0.4,0.4,1.6,2.0,42,17,60,0.0,0.31,0.31,0.0,0.31,0.06,0.24,0.31,0.06,0.31
ENG-Premier League,2425,Leicester City,Bilal El Khannouss,MAR,"MF,FW",20,2004,32,27,2182,24.2,2,3,5,2,0,0,4,0,1.3,1.3,4.6,5.8,73,128,89,0.08,0.12,0.21,0.08,0.21,0.05,0.19,0.24,0.05,0.24
ENG-Premier League,2425,Leicester City,Bobby De Cordova-Reid,JAM,FW,31,1993,23,9,744,8.3,1,2,3,1,0,0,2,0,0.8,0.8,1.2,2.0,14,15,48,0.12,0.24,0.36,0.12,0.36,0.1,0.15,0.24,0.1,0.24
ENG-Premier League,2425,Leicester City,Boubakary Soumaré,FRA,MF,25,1999,31,25,2171,24.1,0,0,0,0,0,0,8,0,0.3,0.3,0.4,0.7,34,105,23,0.0,0.0,0.0,0.0,0.0,0.01,0.02,0.03,0.01,0.03
ENG-Premier League,2425,Leicester City,Caleb Okoli,ITA,DF,23,2001,19,12,1125,12.5,1,0,1,1,0,0,4,0,0.6,0.6,0.0,0.6,3,32,2,0.08,0.0,0.08,0.08,0.08,0.05,0.0,0.05,0.05,0.05
ENG-Premier League,2425,Leicester City,Conor Coady,ENG,DF,31,1993,22,19,1714,19.0,1,0,1,1,0,0,3,0,0.4,0.4,0.1,0.5,3,32,0,0.05,0.0,0.05,0.05,0.05,0.02,0.0,0.03,0.02,0.03
ENG-Premier League,2425,Leicester City,Danny Ward,WAL,GK,31,1993,2,1,135,1.5,0,0,0,0,0,0,0,0,0.0,0.0,0.0,0.0,0,0,0,0.0,0.0,0.0,0.0,0.0,0.0,0.0,0.0,0.0,0.0
ENG-Premier League,2425,Leicester City,Facundo Buonanotte,ARG,"FW,MF",19,2004,31,14,1523,16.9,5,2,7,5,0,0,8,0,3.9,3.9,3.1,7.0,39,54,74,0.3,0.12,0.41,0.3,0.41,0.23,0.18,0.41,0.23,0.41
ENG-Premier League,2425,Leicester City,Hamza Choudhury,BAN,"MF,DF",26,1997,4,1,131,1.5,0,0,0,0,0,0,0,0,0.0,0.0,0.4,0.4,4,3,6,0.0,0.0,0.0,0.0,0.0,0.0,0.27,0.27,0.0,0.27
ENG-Premier League,2425,Leicester City,Harry Winks,ENG,MF,28,1996,22,17,1538,17.1,0,2,2,0,0,0,4,0,0.2,0.2,1.2,1.5,19,101,11,0.0,0.12,0.12,0.0,0.12,0.01,0.07,0.09,0.01,0.09
ENG-Premier League,2425,Leicester City,Jake Evans,,FW,,,4,0,24,0.3,0,0,0,0,0,0,0,0,0.0,0.0,0.0,0.0,0,0,1,0.0,0.0,0.0,0.0,0.0,0.0,0.0,0.0,0.0,0.0
ENG-Premier League,2425,Leicester City,Jakub Stolarczyk,POL,GK,23,2000,10,10,900,10.0,0,0,0,0,0,0,1,0,0.0,0.0,0.0,0.0,0,1,0,0.0,0.0,0.0,0.0,0.0,0.0,0.0,0.0,0.0,0.0
ENG-Premier League,2425,Leicester City,James Justin,ENG,DF,26,1998,36,34,2912,32.4,2,2,4,2,0,0,6,0,1.5,1.5,0.8,2.3,39,91,96,0.06,0.06,0.12,0.06,0.12,0.05,0.03,0.07,0.05,0.07
ENG-Premier League,2425,Leicester City,Jamie Vardy,ENG,FW,37,1987,35,35,2823,31.4,9,4,13,8,1,2,5,0,11.2,9.6,3.0,12.6,29,22,120,0.29,0.13,0.41,0.26,0.38,0.36,0.1,0.45,0.31,0.4
ENG-Premier League,2425,Leicester City,Jannik Vestergaard,DEN,DF,31,1992,18,16,1391,15.5,0,0,0,0,0,0,5,0,0.1,0.1,0.1,0.2,3,32,2,0.0,0.0,0.0,0.0,0.0,0.01,0.01,0.01,0.01,0.01
ENG-Premier League,2425,Leicester City,Jeremy Monga,,"FW,MF",15,2009,7,0,112,1.2,0,0,0,0,0,0,0,0,0.2,0.2,0.0,0.2,6,3,10,0.0,0.0,0.0,0.0,0.0,0.13,0.01,0.14,0.13,0.14
ENG-Premier League,2425,Leicester City,Jordan Ayew,GHA,"FW,MF",32,1991,30,19,1638,18.2,5,0,5,4,1,1,5,0,3.2,2.4,1.1,3.5,49,46,86,0.27,0.0,0.27,0.22,0.22,0.17,0.06,0.24,0.13,0.19
ENG-Premier League,2425,Leicester City,Kasey McAteer,IRL,FW,22,2001,18,9,852,9.5,1,1,2,1,0,0,3,0,1.0,1.0,0.7,1.7,19,14,71,0.11,0.11,0.21,0.11,0.21,0.11,0.08,0.18,0.11,0.18
ENG-Premier League,2425,Leicester City,Luke Thomas,ENG,DF,23,2001,14,13,1110,12.3,0,0,0,0,0,0,3,0,0.4,0.4,0.5,0.9,5,37,16,0.0,0.0,0.0,0.0,0.0,0.03,0.04,0.07,0.03,0.07
ENG-Premier League,2425,Leicester City,Mads Hermansen,DEN,GK,24,2000,27,27,2385,26.5,0,0,0,0,0,0,1,0,0.0,0.0,0.0,0.0,0,1,0,0.0,0.0,0.0,0.0,0.0,0.0,0.0,0.0,0.0,0.0
ENG-Premier League,2425,Leicester City,Michael Golding,ENG,MF,18,2006,1,0,1,0.0,0,0,0,0,0,0,0,0,0.0,0.0,0.0,0.0,0,0,0,0.0,0.0,0.0,0.0,0.0,0.0,0.0,0.0,0.0,0.0
ENG-Premier League,2425,Leicester City,Odsonne Édouard,FRA,FW,26,1998,4,0,29,0.3,0,0,0,0,0,0,0,0,0.0,0.0,0.0,0.0,0,1,2,0.0,0.0,0.0,0.0,0.0,0.0,0.13,0.13,0.0,0.13
ENG-Premier League,2425,Leicester City,Olabade Aluko,,DF,,,1,0,2,0.0,0,0,0,0,0,0,0,0,0.0,0.0,0.0,0.0,0,0,0,0.0,0.0,0.0,0.0,0.0,0.0,0.0,0.0,0.0,0.0
ENG-Premier League,2425,Leicester City,Oliver Skipp,ENG,MF,23,2000,24,10,1129,12.5,0,0,0,0,0,0,8,0,0.4,0.4,0.3,0.6,16,35,19,0.0,0.0,0.0,0.0,0.0,0.03,0.02,0.05,0.03,0.05
ENG-Premier League,2425,Leicester City,Patson Daka,ZAM,"FW,MF",25,1998,23,6,736,8.2,1,0,1,1,0,0,0,0,1.3,1.3,0.1,1.3,11,8,36,0.12,0.0,0.12,0.12,0.12,0.15,0.01,0.16,0.15,0.16
ENG-Premier League,2425,Leicester City,Ricardo Pereira,POR,DF,30,1993,10,4,388,4.3,0,0,0,0,0,0,1,0,0.1,0.1,0.0,0.1,3,18,5,0.0,0.0,0.0,0.0,0.0,0.02,0.0,0.02,0.02,0.02
ENG-Premier League,2425,Leicester City,Stephy Mavididi,ENG,FW,26,1998,30,16,1615,17.9,4,1,5,4,0,0,2,0,1.8,1.8,2.6,4.4,91,57,138,0.22,0.06,0.28,0.22,0.28,0.1,0.15,0.25,0.1,0.25
ENG-Premier League,2425,Leicester City,Victor Bernth Kristiansen,DEN,DF,21,2002,30,29,2482,27.6,0,1,1,0,0,0,1,0,0.3,0.3,1.4,1.7,40,70,78,0.0,0.04,0.04,0.0,0.04,0.01,0.05,0.06,0.01,0.06
ENG-Premier League,2425,Leicester City,Wilfred Ndidi,NGA,MF,27,1996,28,28,2324,25.8,0,5,5,0,0,0,8,0,2.0,2.0,1.9,3.9,18,70,75,0.0,0.19,0.19,0.0,0.19,0.08,0.07,0.15,0.08,0.15
ENG-Premier League,2425,Leicester City,Will Alves,ENG,FW,19,2005,1,0,1,0.0,0,0,0,0,0,0,0,0,0.0,0.0,0.0,0.0,0,0,1,0.0,0.0,0.0,0.0,0.0,0.0,0.0,0.0,0.0,0.0
ENG-Premier League,2425,Leicester City,Wout Faes,BEL,DF,26,1998,34,30,2815,31.3,1,0,1,1,0,0,4,0,1.5,1.5,0.1,1.6,12,86,1,0.03,0.0,0.03,0.03,0.03,0.05,0.0,0.05,0.05,0.05
ENG-Premier League,2425,Leicester City,Woyo Coulibaly,MLI,DF,25,1999,4,1,109,1.2,0,0,0,0,0,0,1,0,0.0,0.0,0.0,0.0,4,3,2,0.0,0.0,0.0,0.0,0.0,0.04,0.0,0.04,0.04,0.04
ENG-Premier League,2425,Liverpool,Alexis Mac Allister,ARG,MF,25,1998,35,30,2599,28.9,5,5,10,5,0,0,6,0,2.8,2.8,4.7,7.5,36,177,80,0.17,0.17,0.35,0.17,0.35,0.1,0.16,0.26,0.1,0.26
ENG-Premier League,2425,Liverpool,Alisson,BRA,GK,31,1992,28,28,2508,27.9,0,0,0,0,0,0,0,0,0.0,0.0,0.6,0.6,0,1,0,0.0,0.0,0.0,0.0,0.0,0.0,0.02,0.02,0.0,0.02
ENG-Premier League,2425,Liverpool,Andrew Robertson,SCO,DF,30,1994,33,29,2482,27.6,0,1,1,0,0,0,3,1,1.2,1.2,4.6,5.8,64,176,108,0.0,0.04,0.04,0.0,0.04,0.04,0.17,0.21,0.04,0.21
ENG-Premier League,2425,Liverpool,Caoimhín Kelleher,IRL,GK,25,1998,10,10,900,10.0,0,0,0,0,0,0,0,0,0.0,0.0,0.0,0.0,0,0,0,0.0,0.0,0.0,0.0,0.0,0.0,0.0,0.0,0.0,0.0
ENG-Premier League,2425,Liverpool,Cody Gakpo,NED,FW,25,1999,35,23,1935,21.5,10,4,14,10,0,0,5,0,7.1,7.1,4.4,11.5,59,52,278,0.47,0.19,0.65,0.47,0.65,0.33,0.2,0.53,0.33,0.53
ENG-Premier League,2425,Liverpool,Conor Bradley,NIR,DF,21,2003,19,7,754,8.4,0,2,2,0,0,0,4,0,0.7,0.7,1.4,2.1,35,33,39,0.0,0.24,0.24,0.0,0.24,0.08,0.17,0.25,0.08,0.25
ENG-Premier League,2425,Liverpool,Curtis Jones,ENG,"MF,DF",23,2001,33,19,1712,19.0,3,3,6,3,0,0,3,1,4.3,4.3,1.1,5.4,30,117,79,0.16,0.16,0.32,0.16,0.32,0.23,0.06,0.29,0.23,0.29
ENG-Premier League,2425,Liverpool,Darwin Núñez,URU,FW,25,1999,30,8,1133,12.6,5,2,7,5,0,0,8,0,5.8,5.8,1.3,7.1,23,27,78,0.4,0.16,0.56,0.4,0.56,0.46,0.1,0.57,0.46,0.57
ENG-Premier League,2425,Liverpool,Diogo Jota,POR,FW,27,1996,26,14,1196,13.3,6,3,9,6,0,0,2,0,7.9,7.9,1.8,9.8,37,34,88,0.45,0.23,0.68,0.45,0.68,0.6,0.14,0.74,0.6,0.74
ENG-Premier League,2425,Liverpool,Dominik Szoboszlai,HUN,MF,23,2000,36,29,2491,27.7,6,6,12,6,0,0,6,0,7.3,7.3,7.4,14.7,72,131,127,0.22,0.22,0.43,0.22,0.43,0.27,0.27,0.53,0.27,0.53
ENG-Premier League,2425,Liverpool,Federico Chiesa,ITA,FW,26,1997,6,1,108,1.2,0,0,0,0,0,0,0,0,0.3,0.3,0.2,0.5,3,3,7,0.0,0.0,0.0,0.0,0.0,0.28,0.15,0.43,0.28,0.43
ENG-Premier League,2425,Liverpool,Harvey Elliott,ENG,MF,21,2003,18,2,371,4.1,1,2,3,1,0,0,1,0,1.8,1.8,1.1,2.8,10,44,30,0.24,0.49,0.73,0.24,0.73,0.43,0.26,0.69,0.43,0.69
ENG-Premier League,2425,Liverpool,Ibrahima Konaté,FRA,DF,25,1999,31,30,2560,28.4,1,2,3,1,0,0,5,0,1.7,1.7,1.0,2.7,25,115,3,0.04,0.07,0.11,0.04,0.11,0.06,0.03,0.1,0.06,0.1
ENG-Premier League,2425,Liverpool,Jarell Quansah,ENG,DF,21,2003,13,4,495,5.5,0,0,0,0,0,0,2,0,0.1,0.1,0.1,0.2,3,19,4,0.0,0.0,0.0,0.0,0.0,0.02,0.02,0.04,0.02,0.04
ENG-Premier League,2425,Liverpool,Jayden Danns,ENG,MF,18,2006,1,0,11,0.1,0,0,0,0,0,0,0,0,0.0,0.0,0.0,0.0,0,0,0,0.0,0.0,0.0,0.0,0.0,0.0,0.0,0.0,0.0,0.0
ENG-Premier League,2425,Liverpool,Joe Gomez,ENG,DF,27,1997,9,6,519,5.8,0,0,0,0,0,0,1,0,0.3,0.3,0.1,0.4,5,35,2,0.0,0.0,0.0,0.0,0.0,0.06,0.02,0.08,0.06,0.08
ENG-Premier League,2425,Liverpool,Kostas Tsimikas,GRE,DF,28,1996,18,9,837,9.3,0,1,1,0,0,0,2,0,0.4,0.4,2.1,2.5,17,76,43,0.0,0.11,0.11,0.0,0.11,0.04,0.23,0.27,0.04,0.27
ENG-Premier League,2425,Liverpool,Luis Díaz,COL,FW,27,1997,36,28,2399,26.7,13,5,18,13,0,0,2,0,12.0,12.0,5.0,17.1,108,110,293,0.49,0.19,0.68,0.49,0.68,0.45,0.19,0.64,0.45,0.64
ENG-Premier League,2425,Liverpool,Mohamed Salah,EGY,FW,32,1992,38,38,3371,37.5,29,18,47,20,9,9,1,0,25.2,18.2,14.2,32.4,155,144,488,0.77,0.48,1.25,0.53,1.01,0.67,0.38,1.05,0.49,0.87
ENG-Premier League,2425,Liverpool,Ryan Gravenberch,NED,MF,22,2002,37,37,3160,35.1,0,4,4,0,0,0,6,1,1.1,1.1,3.1,4.2,70,181,55,0.0,0.11,0.11,0.0,0.11,0.03,0.09,0.12,0.03,0.12
ENG-Premier League,2425,Liverpool,Trent Alexander-Arnold,ENG,DF,25,1998,33,28,2365,26.3,3,6,9,3,0,0,5,0,1.9,1.9,7.3,9.2,51,232,94,0.11,0.23,0.34,0.11,0.34,0.07,0.28,0.35,0.07,0.35
ENG-Premier League,2425,Liverpool,Virgil van Dijk,NED,DF,33,1991,37,37,3330,37.0,3,1,4,3,0,0,5,0,2.2,2.2,0.7,3.0,22,198,6,0.08,0.03,0.11,0.08,0.11,0.06,0.02,0.08,0.06,0.08
ENG-Premier League,2425,Liverpool,Vitezslav Jaros,CZE,GK,23,2001,1,0,12,0.1,0,0,0,0,0,0,0,0,0.0,0.0,0.0,0.0,0,0,0,0.0,0.0,0.0,0.0,0.0,0.0,0.0,0.0,0.0,0.0
ENG-Premier League,2425,Liverpool,Wataru Endo,JPN,"MF,DF",31,1993,20,1,273,3.0,0,0,0,0,0,0,0,0,0.0,0.0,0.1,0.1,1,19,8,0.0,0.0,0.0,0.0,0.0,0.0,0.02,0.02,0.0,0.02
ENG-Premier League,2425,Manchester City,Abdukodir Khusanov,UZB,DF,20,2004,6,6,503,5.6,0,0,0,0,0,0,1,0,0.0,0.0,0.1,0.1,1,25,2,0.0,0.0,0.0,0.0,0.0,0.0,0.02,0.02,0.0,0.02
ENG-Premier League,2425,Manchester City,Bernardo Silva,POR,"MF,FW",29,1994,33,29,2670,29.7,4,4,8,4,0,0,7,0,3.9,3.9,5.1,9.0,101,134,200,0.13,0.13,0.27,0.13,0.27,0.13,0.17,0.3,0.13,0.3
ENG-Premier League,2425,Manchester City,Claudio Echeverri,ARG,FW,18,2006,1,0,6,0.1,0,0,0,0,0,0,0,0,0.0,0.0,0.0,0.0,0,1,1,0.0,0.0,0.0,0.0,0.0,0.0,0.0,0.0,0.0,0.0
ENG-Premier League,2425,Manchester City,Divin Mubama,ENG,FW,19,2004,1,0,28,0.3,0,0,0,0,0,0,0,0,0.0,0.0,0.0,0.0,0,1,0,0.0,0.0,0.0,0.0,0.0,0.12,0.0,0.12,0.12,0.12
ENG-Premier League,2425,Manchester City,Ederson,BRA,GK,30,1993,26,26,2320,25.8,0,4,4,0,0,0,4,0,0.0,0.0,1.5,1.5,0,2,0,0.0,0.16,0.16,0.0,0.16,0.0,0.06,0.06,0.0,0.06
ENG-Premier League,2425,Manchester City,Erling Haaland,NOR,FW,24,2000,31,31,2736,30.4,22,3,25,19,3,4,2,0,22.0,18.8,3.0,21.8,24,20,124,0.72,0.1,0.82,0.62,0.72,0.72,0.1,0.82,0.62,0.72
ENG-Premier League,2425,Manchester City,Jack Grealish,ENG,"FW,MF",28,1995,20,7,721,8.0,1,1,2,1,0,0,3,0,1.1,1.1,1.8,3.0,69,52,118,0.12,0.12,0.25,0.12,0.25,0.14,0.23,0.37,0.14,0.37
ENG-Premier League,2425,Manchester City,Jahmai Simpson-Pusey,ENG,DF,18,2005,2,1,96,1.1,0,0,0,0,0,0,1,0,0.0,0.0,0.0,0.0,1,3,0,0.0,0.0,0.0,0.0,0.0,0.0,0.0,0.0,0.0,0.0
ENG-Premier League,2425,Manchester City,James Mcatee,ENG,"MF,FW",21,2002,15,3,349,3.9,3,0,3,3,0,0,1,0,2.8,2.8,0.5,3.3,7,7,32,0.77,0.0,0.77,0.77,0.77,0.72,0.13,0.85,0.72,0.85
ENG-Premier League,2425,Manchester City,Jeremy Doku,BEL,"FW,MF",22,2002,29,16,1516,16.8,3,6,9,3,0,0,1,0,1.3,1.3,4.8,6.1,213,69,286,0.18,0.36,0.53,0.18,0.53,0.08,0.29,0.36,0.08,0.36
ENG-Premier League,2425,Manchester City,John Stones,ENG,"DF,MF",30,1994,11,6,548,6.1,2,0,2,2,0,0,1,0,0.4,0.4,0.1,0.5,10,21,2,0.33,0.0,0.33,0.33,0.33,0.07,0.01,0.08,0.07,0.08
ENG-Premier League,2425,Manchester City,Joško Gvardiol,CRO,DF,22,2002,37,36,3277,36.4,5,0,5,5,0,0,2,0,4.6,4.3,2.1,6.3,91,264,121,0.14,0.0,0.14,0.14,0.14,0.13,0.06,0.18,0.12,0.17
ENG-Premier League,2425,Manchester City,Kevin De Bruyne,BEL,"MF,FW",33,1991,28,19,1702,18.9,4,7,11,4,0,0,2,0,5.1,5.1,8.0,13.1,51,157,150,0.21,0.37,0.58,0.21,0.58,0.27,0.42,0.69,0.27,0.69
ENG-Premier League,2425,Manchester City,Kyle Walker,ENG,DF,34,1990,15,9,970,10.8,0,0,0,0,0,0,3,0,0.1,0.1,0.4,0.6,12,64,11,0.0,0.0,0.0,0.0,0.0,0.01,0.04,0.05,0.01,0.05
ENG-Premier League,2425,Manchester City,Manuel Akanji,SUI,DF,29,1995,26,23,2014,22.4,0,0,0,0,0,0,3,0,1.6,1.6,0.4,1.9,46,158,7,0.0,0.0,0.0,0.0,0.0,0.07,0.02,0.09,0.07,0.09
ENG-Premier League,2425,Manchester City,Mateo Kovačić,CRO,MF,30,1994,31,25,2198,24.4,6,2,8,6,0,0,5,1,1.9,1.9,3.6,5.5,56,164,16,0.25,0.08,0.33,0.25,0.33,0.08,0.15,0.23,0.08,0.23
ENG-Premier League,2425,Manchester City,Matheus Nunes,POR,"DF,MF",25,1998,26,19,1674,18.6,1,6,7,1,0,0,4,0,1.2,1.2,4.4,5.6,63,79,175,0.05,0.32,0.38,0.05,0.38,0.07,0.23,0.3,0.07,0.3
ENG-Premier League,2425,Manchester City,Nathan Aké,NED,DF,29,1995,10,8,678,7.5,0,0,0,0,0,0,0,0,0.2,0.2,0.0,0.2,12,50,2,0.0,0.0,0.0,0.0,0.0,0.03,0.0,0.03,0.03,0.03
ENG-Premier League,2425,Manchester City,Nico O’Reilly,ENG,DF,19,2005,9,6,528,5.9,2,0,2,2,0,0,0,0,1.3,1.3,0.4,1.6,16,17,26,0.34,0.0,0.34,0.34,0.34,0.22,0.06,0.28,0.22,0.28
ENG-Premier League,2425,Manchester City,Nicolás González,ESP,MF,22,2002,11,9,760,8.4,1,0,1,1,0,0,3,0,0.5,0.5,0.1,0.5,9,50,11,0.12,0.0,0.12,0.12,0.12,0.06,0.01,0.06,0.06,0.06
ENG-Premier League,2425,Manchester City,Omar Marmoush,EGY,"FW,MF",25,1999,16,14,1175,13.1,7,0,7,7,0,0,0,0,5.5,5.5,2.8,8.3,29,37,78,0.54,0.0,0.54,0.54,0.54,0.42,0.21,0.64,0.42,0.64
ENG-Premier League,2425,Manchester City,Oscar Bobb,NOR,FW,21,2003,3,0,16,0.2,0,0,0,0,0,0,0,0,0.0,0.0,0.1,0.1,1,1,1,0.0,0.0,0.0,0.0,0.0,0.0,0.41,0.41,0.0,0.41
ENG-Premier League,2425,Manchester City,Phil Foden,ENG,"MF,FW",24,2000,28,20,1777,19.7,7,2,9,7,0,0,2,0,5.2,5.2,4.8,9.9,50,103,128,0.35,0.1,0.46,0.35,0.46,0.26,0.24,0.5,0.26,0.5
ENG-Premier League,2425,Manchester City,Rico Lewis,ENG,"DF,MF",19,2004,28,21,1893,21.0,1,2,3,1,0,0,5,1,1.4,1.4,0.3,1.7,39,107,78,0.05,0.1,0.14,0.05,0.14,0.07,0.02,0.08,0.07,0.08
ENG-Premier League,2425,Manchester City,Rodri,ESP,MF,28,1996,3,1,73,0.8,0,0,0,0,0,0,0,0,0.0,0.0,0.0,0.0,1,4,1,0.0,0.0,0.0,0.0,0.0,0.0,0.06,0.06,0.0,0.06
ENG-Premier League,2425,Manchester City,Rúben Dias,POR,DF,27,1997,27,25,2271,25.2,0,0,0,0,0,0,4,0,1.5,1.5,0.3,1.8,43,160,8,0.0,0.0,0.0,0.0,0.0,0.06,0.01,0.07,0.06,0.07
ENG-Premier League,2425,Manchester City,Stefan Ortega,GER,GK,31,1992,13,12,1100,12.2,0,0,0,0,0,0,1,0,0.0,0.0,0.0,0.0,0,0,0,0.0,0.0,0.0,0.0,0.0,0.0,0.0,0.0,0.0,0.0
ENG-Premier League,2425,Manchester City,Sávio,BRA,"FW,MF",20,2004,29,21,1766,19.6,1,8,9,1,0,0,3,0,5.0,5.0,6.9,11.9,137,67,246,0.05,0.41,0.46,0.05,0.46,0.26,0.35,0.61,0.26,0.61
ENG-Premier League,2425,Manchester City,Vitor Reis,BRA,DF,18,2006,1,0,1,0.0,0,0,0,0,0,0,0,0,0.0,0.0,0.0,0.0,0,0,0,0.0,0.0,0.0,0.0,0.0,0.0,0.0,0.0,0.0,0.0
ENG-Premier League,2425,Manchester City,İlkay Gündoğan,GER,MF,33,1990,33,25,2223,24.7,1,6,7,1,0,0,1,0,3.2,3.2,3.5,6.7,64,127,96,0.04,0.24,0.28,0.04,0.28,0.13,0.14,0.27,0.13,0.27
ENG-Premier League,2425,Manchester Utd,Alejandro Garnacho,ARG,"MF,FW",20,2004,36,23,2199,24.4,6,2,8,6,0,0,3,0,7.3,7.3,4.5,11.8,141,56,290,0.25,0.08,0.33,0.25,0.33,0.3,0.19,0.48,0.3,0.48
ENG-Premier League,2425,Manchester Utd,Altay Bayındır,TUR,GK,26,1998,4,4,360,4.0,0,0,0,0,0,0,0,0,0.0,0.0,0.0,0.0,0,0,0,0.0,0.0,0.0,0.0,0.0,0.0,0.0,0.0,0.0,0.0
ENG-Premier League,2425,Manchester Utd,Amad Diallo,CIV,"MF,FW",22,2002,26,20,1901,21.1,8,6,14,8,0,0,5,0,4.7,4.7,4.9,9.6,109,60,200,0.38,0.28,0.66,0.38,0.66,0.22,0.23,0.45,0.22,0.45
ENG-Premier League,2425,Manchester Utd,André Onana,CMR,GK,28,1996,34,34,3060,34.0,0,0,0,0,0,0,0,0,0.0,0.0,0.2,0.2,0,1,0,0.0,0.0,0.0,0.0,0.0,0.0,0.0,0.0,0.0,0.0
ENG-Premier League,2425,Manchester Utd,Antony,BRA,"DF,MF",24,2000,8,0,141,1.6,0,0,0,0,0,0,0,0,1.0,1.0,0.1,1.1,5,6,7,0.0,0.0,0.0,0.0,0.0,0.65,0.08,0.73,0.65,0.73
ENG-Premier League,2425,Manchester Utd,Ayden Heaven,ENG,DF,17,2006,4,2,170,1.9,0,0,0,0,0,0,1,0,0.1,0.1,0.0,0.2,1,7,1,0.0,0.0,0.0,0.0,0.0,0.07,0.01,0.08,0.07,0.08
ENG-Premier League,2425,Manchester Utd,Bruno Fernandes,POR,MF,29,1994,36,35,3018,33.5,8,10,18,5,3,3,5,2,9.9,7.6,8.5,16.1,77,325,129,0.24,0.3,0.54,0.15,0.45,0.3,0.25,0.55,0.23,0.48
ENG-Premier League,2425,Manchester Utd,Casemiro,BRA,MF,32,1992,24,18,1494,16.6,1,0,1,1,0,0,5,0,1.9,1.9,2.3,4.2,4,84,28,0.06,0.0,0.06,0.06,0.06,0.11,0.14,0.25,0.11,0.25
ENG-Premier League,2425,Manchester Utd,Chidozie Obi-Martin,DEN,FW,16,2007,7,1,165,1.8,0,0,0,0,0,0,1,0,0.7,0.7,0.0,0.7,2,1,12,0.0,0.0,0.0,0.0,0.0,0.36,0.0,0.36,0.36,0.36
ENG-Premier League,2425,Manchester Utd,Christian Eriksen,DEN,MF,32,1992,23,11,1061,11.8,1,2,3,0,1,1,4,0,1.4,0.6,3.2,3.8,13,55,29,0.08,0.17,0.25,0.0,0.17,0.12,0.27,0.39,0.05,0.32
ENG-Premier League,2425,Manchester Utd,Diogo Dalot,POR,DF,25,1999,33,31,2814,31.3,0,3,3,0,0,0,5,0,2.0,2.0,2.0,4.1,62,103,168,0.0,0.1,0.1,0.0,0.1,0.07,0.07,0.13,0.07,0.13
ENG-Premier League,2425,Manchester Utd,Harry Amass,ENG,DF,17,2007,5,4,346,3.8,0,0,0,0,0,0,0,0,0.1,0.1,0.0,0.1,9,7,23,0.0,0.0,0.0,0.0,0.0,0.02,0.01,0.02,0.02,0.02
ENG-Premier League,2425,Manchester Utd,Harry Maguire,ENG,DF,31,1993,27,19,1758,19.5,1,0,1,1,0,0,7,0,1.8,1.8,0.6,2.4,7,51,7,0.05,0.0,0.05,0.05,0.05,0.09,0.03,0.12,0.09,0.12
ENG-Premier League,2425,Manchester Utd,Jonny Evans,NIR,DF,36,1988,7,3,315,3.5,0,0,0,0,0,0,1,0,0.1,0.1,0.0,0.1,3,10,3,0.0,0.0,0.0,0.0,0.0,0.04,0.0,0.04,0.04,0.04
ENG-Premier League,2425,Manchester Utd,Joshua Zirkzee,NED,"FW,MF",23,2001,32,14,1402,15.6,3,1,4,3,0,0,2,0,4.8,4.8,1.5,6.3,14,44,69,0.19,0.06,0.26,0.19,0.26,0.31,0.1,0.41,0.31,0.41
ENG-Premier League,2425,Manchester Utd,Kobbie Mainoo,ENG,MF,19,2005,25,19,1651,18.3,0,0,0,0,0,0,5,0,0.7,0.7,1.6,2.3,22,65,47,0.0,0.0,0.0,0.0,0.0,0.04,0.09,0.12,0.04,0.12
ENG-Premier League,2425,Manchester Utd,Leny Yoro,FRA,DF,18,2005,21,12,1165,12.9,0,0,0,0,0,0,5,0,0.7,0.7,0.1,0.8,19,52,4,0.0,0.0,0.0,0.0,0.0,0.05,0.01,0.06,0.05,0.06
ENG-Premier League,2425,Manchester Utd,Lisandro Martínez,ARG,DF,26,1998,20,20,1751,19.5,2,1,3,2,0,0,7,0,1.3,1.3,1.1,2.4,23,117,7,0.1,0.05,0.15,0.1,0.15,0.07,0.06,0.13,0.07,0.13
ENG-Premier League,2425,Manchester Utd,Luke Shaw,ENG,DF,29,1995,7,4,349,3.9,0,0,0,0,0,0,1,0,0.0,0.0,0.7,0.7,7,24,7,0.0,0.0,0.0,0.0,0.0,0.01,0.18,0.19,0.01,0.19
ENG-Premier League,2425,Manchester Utd,Manuel Ugarte,URU,MF,23,2001,29,22,1785,19.8,1,2,3,1,0,0,11,0,1.0,1.0,1.1,2.1,16,61,20,0.05,0.1,0.15,0.05,0.15,0.05,0.06,0.11,0.05,0.11
ENG-Premier League,2425,Manchester Utd,Marcus Rashford,ENG,"FW,MF",26,1997,15,12,978,10.9,4,1,5,4,0,0,2,0,1.7,1.7,2.1,3.8,20,21,79,0.37,0.09,0.46,0.37,0.46,0.16,0.19,0.35,0.16,0.35
ENG-Premier League,2425,Manchester Utd,Mason Mount,ENG,MF,25,1999,17,8,622,6.9,1,0,1,1,0,0,3,0,3.2,3.2,0.6,3.8,15,33,41,0.14,0.0,0.14,0.14,0.14,0.47,0.08,0.55,0.47,0.55
ENG-Premier League,2425,Manchester Utd,Matthijs de Ligt,NED,DF,24,1999,29,25,2123,23.6,2,0,2,2,0,0,3,0,2.5,2.5,0.3,2.8,7,55,6,0.08,0.0,0.08,0.08,0.08,0.1,0.01,0.12,0.1,0.12
ENG-Premier League,2425,Manchester Utd,Noussair Mazraoui,MAR,DF,26,1997,37,34,2838,31.5,0,1,1,0,0,0,3,0,0.7,0.7,1.5,2.2,42,115,58,0.0,0.03,0.03,0.0,0.03,0.02,0.05,0.07,0.02,0.07
ENG-Premier League,2425,Manchester Utd,Patrick Dorgu,DEN,DF,19,2004,12,10,842,9.4,0,0,0,0,0,0,3,1,0.4,0.4,0.7,1.2,41,34,83,0.0,0.0,0.0,0.0,0.0,0.05,0.08,0.12,0.05,0.12
ENG-Premier League,2425,Manchester Utd,Rasmus Højlund,DEN,FW,21,2003,32,23,2004,22.3,4,0,4,4,0,0,2,0,5.3,5.3,1.8,7.1,28,18,101,0.18,0.0,0.18,0.18,0.18,0.24,0.08,0.32,0.24,0.32
ENG-Premier League,2425,Manchester Utd,Scott McTominay,SCO,MF,27,1996,2,0,19,0.2,0,0,0,0,0,0,0,0,0.1,0.1,0.0,0.1,0,1,2,0.0,0.0,0.0,0.0,0.0,0.33,0.0,0.33,0.33,0.33
ENG-Premier League,2425,Manchester Utd,Toby Collyer,ENG,MF,20,2004,6,0,179,2.0,0,0,0,0,0,0,0,0,0.2,0.2,0.3,0.4,0,5,2,0.0,0.0,0.0,0.0,0.0,0.09,0.13,0.22,0.09,0.22
ENG-Premier League,2425,Manchester Utd,Tyler Fredricson,ENG,DF,19,2005,2,2,165,1.8,0,0,0,0,0,0,0,0,0.0,0.0,0.0,0.0,2,8,0,0.0,0.0,0.0,0.0,0.0,0.0,0.0,0.0,0.0,0.0
ENG-Premier League,2425,Manchester Utd,Tyrell Malacia,NED,DF,24,1999,3,2,100,1.1,0,0,0,0,0,0,1,0,0.0,0.0,0.0,0.0,3,3,6,0.0,0.0,0.0,0.0,0.0,0.0,0.03,0.03,0.0,0.03
ENG-Premier League,2425,Manchester Utd,Victor Lindelöf,SWE,DF,30,1994,16,6,704,7.8,0,0,0,0,0,0,1,0,0.0,0.0,0.1,0.1,5,26,4,0.0,0.0,0.0,0.0,0.0,0.0,0.01,0.01,0.0,0.01
ENG-Premier League,2425,Newcastle Utd,Alexander Isak,SWE,FW,24,1999,34,34,2756,30.6,23,6,29,19,4,4,1,0,20.3,17.2,4.3,21.6,83,88,217,0.75,0.2,0.95,0.62,0.82,0.66,0.14,0.81,0.56,0.7
ENG-Premier League,2425,Newcastle Utd,Anthony Gordon,ENG,"FW,MF",23,2001,34,28,2434,27.0,6,5,11,5,1,2,2,0,8.0,6.5,5.0,11.4,121,98,214,0.22,0.18,0.41,0.18,0.37,0.3,0.18,0.48,0.24,0.42
ENG-Premier League,2425,Newcastle Utd,Bruno Guimarães,BRA,MF,26,1997,38,38,3271,36.3,5,6,11,5,0,0,7,0,4.3,4.3,6.1,10.4,64,271,96,0.14,0.17,0.3,0.14,0.3,0.12,0.17,0.29,0.12,0.29
ENG-Premier League,2425,Newcastle Utd,Callum Wilson,ENG,FW,32,1992,18,2,370,4.1,0,0,0,0,0,0,1,0,0.4,0.4,0.1,0.5,5,4,17,0.0,0.0,0.0,0.0,0.0,0.09,0.03,0.12,0.09,0.12
ENG-Premier League,2425,Newcastle Utd,Dan Burn,ENG,DF,32,1992,37,37,3330,37.0,1,1,2,1,0,0,11,0,2.0,2.0,0.9,2.8,12,75,14,0.03,0.03,0.05,0.03,0.05,0.05,0.02,0.08,0.05,0.08
ENG-Premier League,2425,Newcastle Utd,Emil Krafth,SWE,DF,29,1994,12,2,342,3.8,0,0,0,0,0,0,2,0,0.0,0.0,0.1,0.1,5,8,3,0.0,0.0,0.0,0.0,0.0,0.01,0.02,0.03,0.01,0.03
ENG-Premier League,2425,Newcastle Utd,Fabian Schär,SUI,DF,32,1991,34,33,2934,32.6,4,0,4,4,0,0,9,1,3.7,3.7,0.4,4.1,18,118,22,0.12,0.0,0.12,0.12,0.12,0.11,0.01,0.13,0.11,0.13
ENG-Premier League,2425,Newcastle Utd,Harvey Barnes,ENG,FW,26,1997,33,17,1755,19.5,9,4,13,9,0,0,0,0,7.2,7.2,4.0,11.2,93,83,192,0.46,0.21,0.67,0.46,0.67,0.37,0.2,0.57,0.37,0.57
ENG-Premier League,2425,Newcastle Utd,Jacob Murphy,ENG,FW,29,1995,35,31,2360,26.2,8,12,20,8,0,0,4,0,5.7,5.7,8.9,14.6,79,83,231,0.31,0.46,0.76,0.31,0.76,0.22,0.34,0.56,0.22,0.56
ENG-Premier League,2425,Newcastle Utd,Joe Willock,ENG,"MF,FW",24,1999,32,11,1086,12.1,0,2,2,0,0,0,4,0,1.6,1.6,2.1,3.8,38,41,86,0.0,0.17,0.17,0.0,0.17,0.14,0.18,0.31,0.14,0.31
ENG-Premier League,2425,Newcastle Utd,Joelinton,BRA,"MF,FW",27,1996,29,29,2393,26.6,4,3,7,4,0,0,10,0,3.9,3.9,2.5,6.4,40,116,110,0.15,0.11,0.26,0.15,0.26,0.15,0.09,0.24,0.15,0.24
ENG-Premier League,2425,Newcastle Utd,Kieran Trippier,ENG,DF,33,1990,25,14,1309,14.5,0,3,3,0,0,0,1,0,0.1,0.1,1.4,1.5,26,117,58,0.0,0.21,0.21,0.0,0.21,0.01,0.1,0.1,0.01,0.1
ENG-Premier League,2425,Newcastle Utd,Lewis Hall,ENG,DF,19,2004,27,24,2189,24.3,0,4,4,0,0,0,3,0,0.4,0.4,4.3,4.7,41,123,80,0.0,0.16,0.16,0.0,0.16,0.02,0.18,0.19,0.02,0.19
ENG-Premier League,2425,Newcastle Utd,Lewis Miley,ENG,MF,18,2006,14,1,313,3.5,1,0,1,1,0,0,0,0,0.5,0.5,0.0,0.6,2,17,8,0.29,0.0,0.29,0.29,0.29,0.16,0.01,0.16,0.16,0.16
ENG-Premier League,2425,Newcastle Utd,Lloyd Kelly,ENG,DF,25,1998,10,4,303,3.4,0,1,1,0,0,0,2,0,0.4,0.4,0.5,0.9,0,9,5,0.0,0.3,0.3,0.0,0.3,0.12,0.14,0.26,0.12,0.26
ENG-Premier League,2425,Newcastle Utd,Martin Dúbravka,SVK,GK,35,1989,10,10,900,10.0,0,0,0,0,0,0,0,0,0.0,0.0,0.0,0.0,0,0,0,0.0,0.0,0.0,0.0,0.0,0.0,0.0,0.0,0.0,0.0
ENG-Premier League,2425,Newcastle Utd,Matt Targett,ENG,DF,28,1995,2,0,21,0.2,0,0,0,0,0,0,0,0,0.0,0.0,0.0,0.0,0,0,1,0.0,0.0,0.0,0.0,0.0,0.0,0.0,0.0,0.0,0.0
ENG-Premier League,2425,Newcastle Utd,Miguel Almirón,PAR,FW,30,1994,9,1,157,1.7,0,0,0,0,0,0,0,0,0.5,0.5,0.3,0.8,3,6,18,0.0,0.0,0.0,0.0,0.0,0.3,0.15,0.45,0.3,0.45
ENG-Premier League,2425,Newcastle Utd,Nick Pope,ENG,GK,32,1992,28,28,2520,28.0,0,0,0,0,0,0,2,0,0.0,0.0,0.0,0.0,0,1,0,0.0,0.0,0.0,0.0,0.0,0.0,0.0,0.0,0.0,0.0
ENG-Premier League,2425,Newcastle Utd,Sandro Tonali,ITA,MF,24,2000,36,28,2630,29.2,4,2,6,4,0,0,5,0,4.4,4.4,2.2,6.6,37,128,53,0.14,0.07,0.21,0.14,0.21,0.15,0.07,0.22,0.15,0.22
ENG-Premier League,2425,Newcastle Utd,Sean Longstaff,ENG,MF,26,1997,25,8,798,8.9,0,0,0,0,0,0,2,0,0.6,0.6,0.2,0.8,4,40,22,0.0,0.0,0.0,0.0,0.0,0.07,0.02,0.09,0.07,0.09
ENG-Premier League,2425,Newcastle Utd,Sven Botman,NED,DF,24,2000,8,6,412,4.6,0,0,0,0,0,0,1,0,0.5,0.5,0.5,1.1,0,7,0,0.0,0.0,0.0,0.0,0.0,0.12,0.12,0.24,0.12,0.24
ENG-Premier League,2425,Newcastle Utd,Valentino Livramento,ENG,DF,21,2002,37,32,2840,31.6,0,1,1,0,0,0,1,0,0.3,0.3,2.6,2.9,83,158,119,0.0,0.03,0.03,0.0,0.03,0.01,0.08,0.09,0.01,0.09
ENG-Premier League,2425,Newcastle Utd,William Osula,DEN,FW,20,2003,14,0,134,1.5,1,0,1,1,0,0,0,0,0.2,0.2,0.1,0.3,5,4,17,0.67,0.0,0.67,0.67,0.67,0.11,0.1,0.21,0.11,0.21
ENG-Premier League,2425,Nott'ham Forest,Anthony Elanga,SWE,"FW,MF",22,2002,38,31,2501,27.8,6,11,17,6,0,0,1,0,4.5,4.5,5.7,10.1,102,63,229,0.22,0.4,0.61,0.22,0.61,0.16,0.2,0.36,0.16,0.36
ENG-Premier League,2425,Nott'ham Forest,Callum Hudson-Odoi,ENG,"FW,MF",23,2000,31,25,2194,24.4,5,2,7,5,0,0,2,0,2.5,2.5,2.7,5.2,130,71,189,0.21,0.08,0.29,0.21,0.29,0.1,0.11,0.21,0.1,0.21
ENG-Premier League,2425,Nott'ham Forest,Chris Wood,NZL,FW,32,1991,36,35,2959,32.9,20,3,23,17,3,3,1,0,13.4,11.0,2.6,13.6,14,42,94,0.61,0.09,0.7,0.52,0.61,0.41,0.08,0.49,0.34,0.42
ENG-Premier League,2425,Nott'ham Forest,Danilo,BRA,"MF,FW",23,2001,8,5,275,3.1,0,0,0,0,0,0,0,0,0.0,0.0,0.0,0.0,2,11,1,0.0,0.0,0.0,0.0,0.0,0.0,0.0,0.0,0.0,0.0
ENG-Premier League,2425,Nott'ham Forest,Elliot Anderson,ENG,MF,21,2002,37,33,2728,30.3,2,6,8,2,0,0,10,0,2.1,2.1,3.3,5.4,52,143,95,0.07,0.2,0.26,0.07,0.26,0.07,0.11,0.18,0.07,0.18
ENG-Premier League,2425,Nott'ham Forest,Eric da Silva Moreira,GER,"MF,DF",18,2006,2,0,30,0.3,0,0,0,0,0,0,0,0,0.0,0.0,0.0,0.0,1,0,1,0.0,0.0,0.0,0.0,0.0,0.0,0.0,0.0,0.0,0.0
ENG-Premier League,2425,Nott'ham Forest,Harry Toffolo,ENG,DF,28,1995,4,1,137,1.5,0,0,0,0,0,0,1,0,0.0,0.0,0.0,0.0,0,2,4,0.0,0.0,0.0,0.0,0.0,0.01,0.0,0.01,0.01,0.01
ENG-Premier League,2425,Nott'ham Forest,Ibrahim Sangaré,CIV,MF,26,1997,13,7,590,6.6,0,1,1,0,0,0,3,0,0.0,0.0,0.4,0.4,1,27,4,0.0,0.15,0.15,0.0,0.15,0.0,0.06,0.06,0.0,0.06
ENG-Premier League,2425,Nott'ham Forest,James Ward-Prowse,ENG,MF,29,1994,9,5,400,4.4,0,1,1,0,0,0,2,1,0.1,0.1,1.1,1.2,1,16,3,0.0,0.23,0.23,0.0,0.23,0.01,0.25,0.26,0.01,0.26
ENG-Premier League,2425,Nott'ham Forest,Jota Silva,POR,"FW,MF",24,1999,31,5,854,9.5,3,1,4,3,0,0,5,0,2.1,2.1,2.9,5.0,21,18,59,0.32,0.11,0.42,0.32,0.42,0.22,0.3,0.53,0.22,0.53
ENG-Premier League,2425,Nott'ham Forest,Matz Sels,BEL,GK,32,1992,38,38,3420,38.0,0,0,0,0,0,0,4,0,0.0,0.0,0.4,0.4,1,2,0,0.0,0.0,0.0,0.0,0.0,0.0,0.01,0.01,0.0,0.01
ENG-Premier League,2425,Nott'ham Forest,Morato,BRA,DF,23,2001,26,6,907,10.1,0,0,0,0,0,0,5,0,0.2,0.2,0.0,0.2,1,19,1,0.0,0.0,0.0,0.0,0.0,0.02,0.0,0.02,0.02,0.02
ENG-Premier League,2425,Nott'ham Forest,Morgan Gibbs-White,ENG,MF,24,2000,34,34,2803,31.1,7,8,15,7,0,0,11,1,6.3,6.3,5.0,11.2,69,164,136,0.22,0.26,0.48,0.22,0.48,0.2,0.16,0.36,0.2,0.36
ENG-Premier League,2425,Nott'ham Forest,Murillo,BRA,DF,22,2002,36,36,3188,35.4,2,0,2,2,0,0,6,0,1.4,1.4,1.2,2.6,22,115,5,0.06,0.0,0.06,0.06,0.06,0.04,0.03,0.07,0.04,0.07
ENG-Premier League,2425,Nott'ham Forest,Neco Williams,WAL,DF,23,2001,35,28,2594,28.8,1,3,4,1,0,0,7,0,2.3,2.3,1.6,3.9,68,89,103,0.03,0.1,0.14,0.03,0.14,0.08,0.05,0.13,0.08,0.13
ENG-Premier League,2425,Nott'ham Forest,Nicolás Domínguez,ARG,"MF,FW",26,1998,34,23,1963,21.8,0,1,1,0,0,0,9,0,1.5,1.5,1.3,2.8,16,83,33,0.0,0.05,0.05,0.0,0.05,0.07,0.06,0.13,0.07,0.13
ENG-Premier League,2425,Nott'ham Forest,Nikola Milenković,SRB,DF,26,1997,37,37,3330,37.0,5,2,7,5,0,0,4,0,4.0,4.0,1.1,5.1,3,51,6,0.14,0.05,0.19,0.14,0.19,0.11,0.03,0.14,0.11,0.14
ENG-Premier League,2425,Nott'ham Forest,Ola Aina,NGA,DF,27,1996,35,35,2995,33.3,2,1,3,2,0,0,5,0,0.6,0.6,1.4,2.1,67,107,67,0.06,0.03,0.09,0.06,0.09,0.02,0.04,0.06,0.02,0.06
ENG-Premier League,2425,Nott'ham Forest,Ramón Sosa,PAR,"FW,MF",24,1999,19,1,295,3.3,1,0,1,1,0,0,1,0,1.0,1.0,0.5,1.5,12,6,17,0.31,0.0,0.31,0.31,0.31,0.31,0.15,0.45,0.31,0.45
ENG-Premier League,2425,Nott'ham Forest,Ryan Yates,ENG,MF,26,1997,35,18,1915,21.3,2,1,3,2,0,0,10,0,2.3,2.3,1.2,3.5,18,53,16,0.09,0.05,0.14,0.09,0.14,0.11,0.05,0.16,0.11,0.16
ENG-Premier League,2425,Nott'ham Forest,Taiwo Awoniyi,NGA,FW,26,1997,26,3,416,4.6,1,0,1,1,0,0,0,0,2.1,2.1,0.1,2.2,6,7,20,0.22,0.0,0.22,0.22,0.22,0.46,0.02,0.48,0.46,0.48
ENG-Premier League,2425,Nott'ham Forest,Willy Boly,CIV,DF,33,1991,6,1,150,1.7,0,0,0,0,0,0,1,0,0.1,0.1,0.0,0.1,0,2,0,0.0,0.0,0.0,0.0,0.0,0.04,0.0,0.04,0.04,0.04
ENG-Premier League,2425,Nott'ham Forest,Álex Moreno,ESP,"DF,MF",31,1993,15,11,955,10.6,0,1,1,0,0,0,2,0,0.2,0.2,1.3,1.4,26,34,34,0.0,0.09,0.09,0.0,0.09,0.02,0.12,0.13,0.02,0.13
ENG-Premier League,2425,Southampton,Aaron Ramsdale,ENG,GK,26,1998,30,30,2700,30.0,0,0,0,0,0,0,2,0,0.0,0.0,0.0,0.0,0,0,0,0.0,0.0,0.0,0.0,0.0,0.0,0.0,0.0,0.0,0.0
ENG-Premier League,2425,Southampton,Adam Armstrong,ENG,"FW,MF",27,1997,20,15,1248,13.9,2,2,4,2,0,1,4,0,3.3,2.3,1.2,3.5,25,21,79,0.14,0.14,0.29,0.14,0.29,0.24,0.09,0.32,0.17,0.25
ENG-Premier League,2425,Southampton,Adam Lallana,ENG,MF,36,1988,14,5,361,4.0,0,2,2,0,0,0,4,0,0.2,0.2,0.9,1.1,6,24,10,0.0,0.5,0.5,0.0,0.5,0.04,0.23,0.27,0.04,0.27
ENG-Premier League,2425,Southampton,Albert Grønbaek,DEN,"FW,MF",23,2001,4,2,143,1.6,0,0,0,0,0,0,0,0,0.1,0.1,0.0,0.1,1,1,3,0.0,0.0,0.0,0.0,0.0,0.07,0.01,0.08,0.07,0.08
ENG-Premier League,2425,Southampton,Alex McCarthy,ENG,GK,34,1989,5,5,450,5.0,0,0,0,0,0,0,0,0,0.0,0.0,0.0,0.0,0,0,0,0.0,0.0,0.0,0.0,0.0,0.0,0.0,0.0,0.0,0.0
ENG-Premier League,2425,Southampton,Armel Bella Kotchap,GER,DF,22,2001,4,2,331,3.7,0,0,0,0,0,0,0,0,0.3,0.3,0.0,0.3,0,5,0,0.0,0.0,0.0,0.0,0.0,0.09,0.0,0.09,0.09,0.09
ENG-Premier League,2425,Southampton,Ben Brereton,CHI,FW,25,1999,10,4,449,5.0,0,0,0,0,0,0,1,0,0.9,0.9,0.1,1.0,12,9,42,0.0,0.0,0.0,0.0,0.0,0.18,0.02,0.2,0.18,0.2
ENG-Premier League,2425,Southampton,Cameron Archer,ENG,FW,23,2001,35,13,1441,16.0,2,0,2,2,0,1,0,0,5.7,4.9,0.5,5.4,22,14,66,0.12,0.0,0.12,0.12,0.12,0.36,0.03,0.39,0.31,0.34
ENG-Premier League,2425,Southampton,Carlos Alcaraz,ARG,MF,21,2002,1,0,10,0.1,0,0,0,0,0,0,0,0,0.1,0.1,0.1,0.2,4,6,1,0.0,0.0,0.0,0.0,0.0,0.62,0.86,1.48,0.62,1.48
ENG-Premier League,2425,Southampton,Charlie Taylor,ENG,DF,30,1993,8,3,356,4.0,0,0,0,0,0,0,1,0,0.0,0.0,0.1,0.1,3,9,7,0.0,0.0,0.0,0.0,0.0,0.0,0.02,0.02,0.0,0.02
ENG-Premier League,2425,Southampton,Flynn Downes,ENG,MF,25,1999,27,25,2151,23.9,1,0,1,1,0,0,12,0,0.6,0.6,1.1,1.7,29,66,29,0.04,0.0,0.04,0.04,0.04,0.03,0.05,0.07,0.03,0.07
ENG-Premier League,2425,Southampton,Jack Stephens,ENG,DF,30,1994,19,17,1389,15.4,1,0,1,1,0,0,2,2,0.6,0.6,0.2,0.7,14,63,2,0.06,0.0,0.06,0.06,0.06,0.04,0.01,0.05,0.04,0.05
ENG-Premier League,2425,Southampton,James Bree,ENG,DF,26,1997,17,13,1075,11.9,0,1,1,0,0,0,0,0,0.1,0.1,0.9,1.0,13,34,43,0.0,0.08,0.08,0.0,0.08,0.01,0.08,0.08,0.01,0.08
ENG-Premier League,2425,Southampton,Jan Bednarek,POL,DF,28,1996,30,30,2531,28.1,2,0,2,2,0,0,7,0,0.7,0.7,0.5,1.2,5,60,2,0.07,0.0,0.07,0.07,0.07,0.02,0.02,0.04,0.02,0.04
ENG-Premier League,2425,Southampton,Jay Robinson,ENG,"MF,FW",17,2007,4,1,137,1.5,0,0,0,0,0,0,0,0,0.0,0.0,0.7,0.7,3,1,10,0.0,0.0,0.0,0.0,0.0,0.03,0.44,0.47,0.03,0.47
ENG-Premier League,2425,Southampton,Joachim Kayi Sanda,FRA,DF,17,2006,2,0,14,0.2,0,0,0,0,0,0,0,0,0.0,0.0,0.0,0.0,0,1,0,0.0,0.0,0.0,0.0,0.0,0.0,0.0,0.0,0.0,0.0
ENG-Premier League,2425,Southampton,Joe Aribo,NGA,"MF,DF",28,1996,32,21,2013,22.4,3,0,3,3,0,0,1,0,2.7,2.7,1.6,4.3,36,75,65,0.13,0.0,0.13,0.13,0.13,0.12,0.07,0.19,0.12,0.19
ENG-Premier League,2425,Southampton,Joe Lumley,ENG,GK,29,1995,3,3,270,3.0,0,0,0,0,0,0,0,0,0.0,0.0,0.0,0.0,0,0,0,0.0,0.0,0.0,0.0,0.0,0.0,0.0,0.0,0.0,0.0
ENG-Premier League,2425,Southampton,Kamaldeen Sulemana,GHA,"FW,MF",22,2002,26,17,1402,15.6,1,1,2,1,0,0,2,0,1.5,1.5,1.0,2.5,63,27,87,0.06,0.06,0.13,0.06,0.13,0.1,0.06,0.16,0.1,0.16
ENG-Premier League,2425,Southampton,Kyle Walker-Peters,ENG,DF,27,1997,33,33,2918,32.4,0,2,2,0,0,0,5,0,0.8,0.8,2.8,3.6,114,139,144,0.0,0.06,0.06,0.0,0.06,0.03,0.09,0.11,0.03,0.11
ENG-Premier League,2425,Southampton,Lesley Ugochukwu,FRA,MF,20,2004,26,18,1655,18.4,1,1,2,1,0,0,7,0,0.9,0.9,1.0,1.9,29,49,20,0.05,0.05,0.11,0.05,0.11,0.05,0.06,0.1,0.05,0.1
ENG-Premier League,2425,Southampton,Mateus Fernandes,POR,MF,20,2004,36,34,2909,32.3,2,4,6,2,0,0,8,0,4.0,4.0,3.0,7.0,76,145,108,0.06,0.12,0.19,0.06,0.19,0.12,0.09,0.22,0.12,0.22
ENG-Premier League,2425,Southampton,Maxwel Cornet,CIV,FW,27,1996,2,1,72,0.8,0,0,0,0,0,0,1,0,0.2,0.2,0.0,0.2,1,0,5,0.0,0.0,0.0,0.0,0.0,0.2,0.0,0.2,0.2,0.2
ENG-Premier League,2425,Southampton,Nathan Wood-Gordon,ENG,DF,22,2002,11,9,773,8.6,0,0,0,0,0,0,2,0,0.2,0.2,0.0,0.3,2,17,0,0.0,0.0,0.0,0.0,0.0,0.03,0.0,0.03,0.03,0.03
ENG-Premier League,2425,Southampton,Paul Onuachu,NGA,FW,30,1994,25,11,1050,11.7,4,1,5,4,0,0,4,0,3.6,3.6,0.5,4.1,7,13,40,0.34,0.09,0.43,0.34,0.43,0.31,0.04,0.35,0.31,0.35
ENG-Premier League,2425,Southampton,Ronnie Edwards,ENG,DF,21,2003,1,0,12,0.1,0,0,0,0,0,0,0,0,0.0,0.0,0.0,0.0,0,0,0,0.0,0.0,0.0,0.0,0.0,0.0,0.0,0.0,0.0,0.0
ENG-Premier League,2425,Southampton,Ross Stewart,SCO,FW,28,1996,12,4,389,4.3,1,0,1,1,0,0,1,0,1.1,1.1,0.0,1.1,3,2,10,0.23,0.0,0.23,0.23,0.23,0.25,0.0,0.25,0.25,0.25
ENG-Premier League,2425,Southampton,Ryan Fraser,SCO,"FW,DF",30,1994,8,4,306,3.4,0,0,0,0,0,0,0,1,0.0,0.0,0.1,0.1,10,8,18,0.0,0.0,0.0,0.0,0.0,0.01,0.03,0.04,0.01,0.04
ENG-Premier League,2425,Southampton,Ryan Manning,IRL,"DF,MF",28,1996,24,18,1462,16.2,0,1,1,0,0,0,2,0,0.3,0.3,3.2,3.6,14,35,74,0.0,0.06,0.06,0.0,0.06,0.02,0.2,0.22,0.02,0.22
ENG-Premier League,2425,Southampton,Samuel Amo-Ameyaw,ENG,"FW,DF",18,2006,2,0,28,0.3,0,0,0,0,0,0,1,0,0.0,0.0,0.1,0.1,1,0,3,0.0,0.0,0.0,0.0,0.0,0.07,0.22,0.29,0.07,0.29
ENG-Premier League,2425,Southampton,Samuel Edozie,ENG,"DF,FW",21,2003,2,0,65,0.7,0,0,0,0,0,0,1,0,0.0,0.0,0.1,0.1,6,4,23,0.0,0.0,0.0,0.0,0.0,0.0,0.14,0.14,0.0,0.14
ENG-Premier League,2425,Southampton,Taylor Harwood-Bellis,ENG,DF,22,2002,34,32,2825,31.4,1,0,1,1,0,0,9,0,1.8,1.8,1.0,2.8,29,125,9,0.03,0.0,0.03,0.03,0.03,0.06,0.03,0.09,0.06,0.09
ENG-Premier League,2425,Southampton,Tyler Dibling,ENG,"FW,MF",18,2006,33,20,1874,20.8,2,0,2,2,0,0,6,0,2.5,2.5,1.5,4.1,69,64,96,0.1,0.0,0.1,0.1,0.1,0.12,0.07,0.2,0.12,0.2
ENG-Premier League,2425,Southampton,Welington,BRA,DF,23,2001,10,6,482,5.4,0,0,0,0,0,0,1,0,0.0,0.0,0.1,0.1,5,11,19,0.0,0.0,0.0,0.0,0.0,0.01,0.01,0.02,0.01,0.02
ENG-Premier League,2425,Southampton,William Smallbone,IRL,MF,24,2000,18,6,690,7.7,1,0,1,1,0,0,1,0,0.6,0.6,0.7,1.3,5,27,25,0.13,0.0,0.13,0.13,0.13,0.07,0.1,0.17,0.07,0.17
ENG-Premier League,2425,Southampton,Yukinari Sugawara,JPN,"DF,MF",24,2000,30,16,1557,17.3,1,1,2,1,0,0,4,0,0.5,0.5,2.2,2.7,33,72,78,0.06,0.06,0.12,0.06,0.12,0.03,0.13,0.16,0.03,0.16
ENG-Premier League,2425,Tottenham,Alfie Dorrington,ENG,DF,19,2005,1,0,14,0.2,0,0,0,0,0,0,0,0,0.0,0.0,0.0,0.0,0,0,0,0.0,0.0,0.0,0.0,0.0,0.0,0.0,0.0,0.0,0.0
ENG-Premier League,2425,Tottenham,Antonín Kinský,CZE,GK,21,2003,6,6,540,6.0,0,0,0,0,0,0,0,0,0.0,0.0,0.1,0.1,1,1,0,0.0,0.0,0.0,0.0,0.0,0.0,0.01,0.01,0.0,0.01
ENG-Premier League,2425,Tottenham,Archie Gray,ENG,"DF,MF",18,2006,28,19,1751,19.5,0,0,0,0,0,0,1,0,0.0,0.0,0.1,0.2,7,40,17,0.0,0.0,0.0,0.0,0.0,0.0,0.01,0.01,0.0,0.01
ENG-Premier League,2425,Tottenham,Ben Davies,WAL,DF,31,1993,17,14,1331,14.8,0,0,0,0,0,0,5,0,0.3,0.3,0.2,0.5,14,52,6,0.0,0.0,0.0,0.0,0.0,0.02,0.01,0.03,0.02,0.03
ENG-Premier League,2425,Tottenham,Brandon Austin,ENG,GK,25,1999,1,1,90,1.0,0,0,0,0,0,0,0,0,0.0,0.0,0.0,0.0,0,0,0,0.0,0.0,0.0,0.0,0.0,0.0,0.0,0.0,0.0,0.0
ENG-Premier League,2425,Tottenham,Brennan Johnson,WAL,FW,23,2001,33,24,2177,24.2,11,3,14,11,0,0,5,0,10.4,10.4,2.3,12.7,60,71,197,0.45,0.12,0.58,0.45,0.58,0.43,0.09,0.52,0.43,0.52
ENG-Premier League,2425,Tottenham,Cristian Romero,ARG,DF,26,1998,18,18,1416,15.7,1,0,1,1,0,0,3,0,1.6,1.6,0.6,2.2,12,71,3,0.06,0.0,0.06,0.06,0.06,0.1,0.04,0.14,0.1,0.14
ENG-Premier League,2425,Tottenham,Dane Scarlett,ENG,"FW,MF",20,2004,3,0,34,0.4,0,1,1,0,0,0,0,0,0.0,0.0,0.0,0.1,1,1,1,0.0,2.65,2.65,0.0,2.65,0.09,0.12,0.22,0.09,0.22
ENG-Premier League,2425,Tottenham,Dejan Kulusevski,SWE,"MF,FW",24,2000,32,27,2389,26.5,7,4,11,7,0,0,3,0,4.2,4.2,6.2,10.4,120,124,210,0.26,0.15,0.41,0.26,0.41,0.16,0.23,0.39,0.16,0.39
ENG-Premier League,2425,Tottenham,Destiny Udogie,ITA,DF,21,2002,25,24,1924,21.4,0,1,1,0,0,0,2,0,0.3,0.3,1.5,1.8,54,121,94,0.0,0.05,0.05,0.0,0.05,0.01,0.07,0.08,0.01,0.08
ENG-Premier League,2425,Tottenham,Djed Spence,ENG,DF,23,2000,25,19,1792,19.9,1,2,3,1,0,0,4,1,0.6,0.6,1.8,2.3,59,105,70,0.05,0.1,0.15,0.05,0.15,0.03,0.09,0.12,0.03,0.12
ENG-Premier League,2425,Tottenham,Dominic Solanke,ENG,FW,26,1997,27,25,2201,24.5,9,3,12,8,1,1,0,0,10.9,10.1,2.9,13.1,31,47,88,0.37,0.12,0.49,0.33,0.45,0.45,0.12,0.57,0.41,0.54
ENG-Premier League,2425,Tottenham,Fraser Forster,ENG,GK,36,1988,7,7,630,7.0,0,0,0,0,0,0,0,0,0.0,0.0,0.0,0.0,0,0,0,0.0,0.0,0.0,0.0,0.0,0.0,0.0,0.0,0.0,0.0
ENG-Premier League,2425,Tottenham,Guglielmo Vicario,ITA,GK,27,1996,24,24,2160,24.0,0,0,0,0,0,0,1,0,0.0,0.0,0.0,0.0,0,1,0,0.0,0.0,0.0,0.0,0.0,0.0,0.0,0.0,0.0,0.0
ENG-Premier League,2425,Tottenham,James Maddison,ENG,MF,27,1996,31,21,1809,20.1,9,7,16,9,0,0,6,0,5.8,5.8,4.2,10.0,45,164,95,0.45,0.35,0.8,0.45,0.8,0.29,0.21,0.5,0.29,0.5
ENG-Premier League,2425,Tottenham,Kevin Danso,AUT,DF,25,1998,10,9,842,9.4,0,0,0,0,0,0,0,0,0.4,0.4,0.1,0.5,11,19,1,0.0,0.0,0.0,0.0,0.0,0.04,0.01,0.05,0.04,0.05
ENG-Premier League,2425,Tottenham,Lucas Bergvall,SWE,MF,18,2006,27,11,1212,13.5,0,1,1,0,0,0,3,0,0.7,0.7,0.6,1.3,33,49,31,0.0,0.07,0.07,0.0,0.07,0.05,0.04,0.09,0.05,0.09
ENG-Premier League,2425,Tottenham,Mathys Tel,FRA,FW,19,2005,13,11,911,10.1,2,1,3,1,1,1,2,0,3.0,2.2,2.6,4.7,28,21,72,0.2,0.1,0.3,0.1,0.2,0.29,0.25,0.55,0.22,0.47
ENG-Premier League,2425,Tottenham,Micky van de Ven,NED,DF,23,2001,13,12,1015,11.3,0,2,2,0,0,0,4,0,0.6,0.6,1.2,1.7,8,51,1,0.0,0.18,0.18,0.0,0.18,0.05,0.1,0.15,0.05,0.15
ENG-Premier League,2425,Tottenham,Mikey Moore,ENG,FW,16,2007,10,3,366,4.1,0,1,1,0,0,0,0,0,0.2,0.2,0.3,0.5,12,9,40,0.0,0.25,0.25,0.0,0.25,0.05,0.08,0.13,0.05,0.13
ENG-Premier League,2425,Tottenham,Pape Matar Sarr,SEN,MF,21,2002,36,22,1913,21.3,3,2,5,3,0,0,6,0,3.7,3.7,1.6,5.3,33,88,53,0.14,0.09,0.24,0.14,0.24,0.17,0.08,0.25,0.17,0.25
ENG-Premier League,2425,Tottenham,Pedro Porro,ESP,DF,24,1999,33,28,2610,29.0,2,6,8,2,0,0,5,0,1.6,1.6,5.0,6.6,65,154,109,0.07,0.21,0.28,0.07,0.28,0.05,0.17,0.23,0.05,0.23
ENG-Premier League,2425,Tottenham,Radu Drăgușin,ROU,DF,22,2002,16,14,1252,13.9,0,0,0,0,0,0,1,0,0.1,0.1,0.4,0.5,7,37,2,0.0,0.0,0.0,0.0,0.0,0.01,0.03,0.04,0.01,0.04
ENG-Premier League,2425,Tottenham,Richarlison,BRA,FW,27,1997,15,4,504,5.6,4,1,5,4,0,0,2,0,3.7,3.7,0.9,4.6,8,11,22,0.71,0.18,0.89,0.71,0.89,0.66,0.16,0.82,0.66,0.82
ENG-Premier League,2425,Tottenham,Rodrigo Bentancur,URU,MF,27,1997,26,21,1645,18.3,2,0,2,2,0,0,9,0,1.3,1.3,0.4,1.7,28,100,34,0.11,0.0,0.11,0.11,0.11,0.07,0.02,0.1,0.07,0.1
ENG-Premier League,2425,Tottenham,Sergio Reguilón,ESP,DF,27,1996,4,1,196,2.2,0,0,0,0,0,0,2,0,0.1,0.1,0.0,0.1,5,13,12,0.0,0.0,0.0,0.0,0.0,0.05,0.01,0.07,0.05,0.07
ENG-Premier League,2425,Tottenham,Son Heung-min,KOR,FW,32,1992,30,24,2110,23.4,7,9,16,6,1,2,1,0,7.2,5.7,8.2,13.9,96,111,265,0.3,0.38,0.68,0.26,0.64,0.31,0.35,0.66,0.24,0.59
ENG-Premier League,2425,Tottenham,Timo Werner,GER,"FW,MF",28,1996,18,4,516,5.7,0,3,3,0,0,0,0,0,1.0,1.0,2.5,3.5,42,30,89,0.0,0.52,0.52,0.0,0.52,0.17,0.44,0.61,0.17,0.61
ENG-Premier League,2425,Tottenham,Will Lankshear,ENG,"FW,MF",19,2005,3,0,11,0.1,0,0,0,0,0,0,0,0,0.0,0.0,0.0,0.0,0,0,1,0.0,0.0,0.0,0.0,0.0,0.0,0.0,0.0,0.0,0.0
ENG-Premier League,2425,Tottenham,Wilson Odobert,FRA,"FW,MF",19,2004,16,9,850,9.4,1,0,1,1,0,0,0,0,1.6,1.6,1.0,2.6,45,27,66,0.11,0.0,0.11,0.11,0.11,0.17,0.1,0.27,0.17,0.27
ENG-Premier League,2425,Tottenham,Yves Bissouma,MLI,MF,27,1996,28,16,1408,15.6,2,0,2,2,0,0,7,0,0.6,0.6,0.3,0.9,15,75,3,0.13,0.0,0.13,0.13,0.13,0.04,0.02,0.06,0.04,0.06
ENG-Premier League,2425,West Ham,Aaron Cresswell,ENG,DF,34,1989,18,10,824,9.2,0,0,0,0,0,0,3,0,0.2,0.2,1.3,1.6,6,36,4,0.0,0.0,0.0,0.0,0.0,0.03,0.15,0.17,0.03,0.17
ENG-Premier League,2425,West Ham,Aaron Wan-Bissaka,COD,DF,26,1997,36,35,3154,35.0,2,5,7,2,0,0,1,0,1.2,1.2,3.5,4.7,110,149,167,0.06,0.14,0.2,0.06,0.2,0.03,0.1,0.14,0.03,0.14
ENG-Premier League,2425,West Ham,Alphonse Areola,FRA,GK,31,1993,26,25,2260,25.1,0,0,0,0,0,0,0,0,0.0,0.0,0.0,0.0,0,1,0,0.0,0.0,0.0,0.0,0.0,0.0,0.0,0.0,0.0,0.0
ENG-Premier League,2425,West Ham,Andy Irving,SCO,MF,24,2000,10,1,166,1.8,0,0,0,0,0,0,2,0,0.1,0.1,0.2,0.4,0,9,4,0.0,0.0,0.0,0.0,0.0,0.06,0.13,0.19,0.06,0.19
ENG-Premier League,2425,West Ham,Carlos Soler,ESP,"MF,FW",27,1997,31,14,1409,15.7,1,1,2,1,0,0,6,0,1.8,1.8,1.4,3.2,17,56,37,0.06,0.06,0.13,0.06,0.13,0.12,0.09,0.21,0.12,0.21
ENG-Premier League,2425,West Ham,Crysencio Summerville,NED,"FW,MF",22,2001,19,7,786,8.7,1,1,2,1,0,0,2,0,1.6,1.6,1.7,3.3,29,18,71,0.11,0.11,0.23,0.11,0.23,0.19,0.19,0.38,0.19,0.38
ENG-Premier League,2425,West Ham,Danny Ings,ENG,"FW,MF",32,1992,15,1,284,3.2,1,2,3,1,0,0,0,0,2.3,2.3,1.3,3.5,6,5,29,0.32,0.63,0.95,0.32,0.95,0.72,0.41,1.12,0.72,1.12
ENG-Premier League,2425,West Ham,Edson Álvarez,MEX,MF,26,1997,28,20,1772,19.7,0,1,1,0,0,0,9,1,0.4,0.4,0.8,1.2,24,85,18,0.0,0.05,0.05,0.0,0.05,0.02,0.04,0.06,0.02,0.06
ENG-Premier League,2425,West Ham,Emerson Palmieri,ITA,DF,29,1994,31,26,2113,23.5,2,1,3,2,0,0,5,0,2.0,2.0,1.5,3.4,47,66,83,0.09,0.04,0.13,0.09,0.13,0.08,0.06,0.15,0.08,0.15
ENG-Premier League,2425,West Ham,Evan Ferguson,IRL,FW,19,2004,8,1,156,1.7,0,0,0,0,0,0,0,0,0.6,0.6,0.3,0.9,1,1,7,0.0,0.0,0.0,0.0,0.0,0.32,0.17,0.5,0.32,0.5
ENG-Premier League,2425,West Ham,Guido Rodríguez,ARG,MF,30,1994,23,16,1149,12.8,0,1,1,0,0,0,6,0,0.2,0.2,0.2,0.4,4,33,7,0.0,0.08,0.08,0.0,0.08,0.02,0.01,0.03,0.02,0.03
ENG-Premier League,2425,West Ham,James Ward-Prowse,ENG,MF,29,1994,15,12,1039,11.5,1,1,2,1,0,0,2,0,1.6,1.6,1.9,3.6,11,54,9,0.09,0.09,0.17,0.09,0.17,0.14,0.17,0.31,0.14,0.31
ENG-Premier League,2425,West Ham,Jarrod Bowen,ENG,"FW,MF",27,1996,34,34,2973,33.0,13,8,21,12,1,1,1,0,8.6,7.8,6.8,14.7,109,91,212,0.39,0.24,0.64,0.36,0.61,0.26,0.21,0.47,0.24,0.44
ENG-Premier League,2425,West Ham,Jean-Clair Todibo,FRA,DF,24,1999,27,20,1825,20.3,0,0,0,0,0,0,3,0,0.4,0.4,0.0,0.4,9,38,5,0.0,0.0,0.0,0.0,0.0,0.02,0.0,0.02,0.02,0.02
ENG-Premier League,2425,West Ham,Kaelan Casey,ENG,DF,19,2004,1,0,1,0.0,0,0,0,0,0,0,0,0,0.0,0.0,0.0,0.0,0,0,0,0.0,0.0,0.0,0.0,0.0,0.0,0.0,0.0,0.0,0.0
ENG-Premier League,2425,West Ham,Konstantinos Mavropanos,GRE,DF,26,1997,33,21,2045,22.7,0,0,0,0,0,0,6,1,1.5,1.5,0.5,2.0,17,61,2,0.0,0.0,0.0,0.0,0.0,0.07,0.02,0.09,0.07,0.09
ENG-Premier League,2425,West Ham,Lewis Orford,ENG,MF,18,2006,2,0,49,0.5,0,0,0,0,0,0,0,0,0.0,0.0,0.0,0.0,0,0,1,0.0,0.0,0.0,0.0,0.0,0.05,0.04,0.09,0.05,0.09
ENG-Premier League,2425,West Ham,Lucas Paquetá,BRA,"MF,FW",26,1997,33,27,2380,26.4,4,0,4,2,2,2,10,0,5.3,3.7,3.1,6.8,26,155,85,0.15,0.0,0.15,0.08,0.08,0.2,0.12,0.32,0.14,0.26
ENG-Premier League,2425,West Ham,Luis Guilherme,BRA,"MF,FW",18,2006,12,1,150,1.7,0,0,0,0,0,0,0,0,0.4,0.4,0.1,0.5,4,5,16,0.0,0.0,0.0,0.0,0.0,0.25,0.05,0.3,0.25,0.3
ENG-Premier League,2425,West Ham,Max Kilman,ENG,DF,27,1997,38,38,3348,37.2,0,1,1,0,0,0,5,0,1.6,1.6,1.2,2.8,31,113,6,0.0,0.03,0.03,0.0,0.03,0.04,0.03,0.08,0.04,0.08
ENG-Premier League,2425,West Ham,Michail Antonio,JAM,FW,34,1990,14,11,836,9.3,1,1,2,1,0,0,1,0,2.2,2.2,1.6,3.8,29,18,59,0.11,0.11,0.22,0.11,0.22,0.24,0.17,0.41,0.24,0.41
ENG-Premier League,2425,West Ham,Mohammed Kudus,GHA,"FW,MF",23,2000,32,31,2590,28.8,5,3,8,5,0,0,2,1,6.9,6.9,3.1,10.0,98,79,216,0.17,0.1,0.28,0.17,0.28,0.24,0.11,0.35,0.24,0.35
ENG-Premier League,2425,West Ham,Niclas Füllkrug,GER,FW,31,1993,18,6,790,8.8,3,2,5,3,0,0,2,0,2.2,2.2,1.9,4.1,7,14,31,0.34,0.23,0.57,0.34,0.57,0.25,0.22,0.46,0.25,0.46
ENG-Premier League,2425,West Ham,Oliver Scarles,ENG,"DF,FW",18,2005,15,7,665,7.4,0,0,0,0,0,0,1,0,0.1,0.1,0.1,0.2,12,22,44,0.0,0.0,0.0,0.0,0.0,0.01,0.01,0.03,0.01,0.03
ENG-Premier League,2425,West Ham,Tomáš Souček,CZE,MF,29,1995,35,30,2567,28.5,9,1,10,9,0,0,8,0,6.7,6.7,1.0,7.8,9,74,68,0.32,0.04,0.35,0.32,0.35,0.24,0.04,0.27,0.24,0.27
ENG-Premier League,2425,West Ham,Vladimír Coufal,CZE,DF,31,1992,22,11,1067,11.9,0,0,0,0,0,0,5,0,0.3,0.3,0.7,1.0,26,39,33,0.0,0.0,0.0,0.0,0.0,0.03,0.06,0.08,0.03,0.08
ENG-Premier League,2425,West Ham,Łukasz Fabiański,POL,GK,39,1985,14,13,1160,12.9,0,0,0,0,0,0,2,0,0.0,0.0,0.0,0.0,0,0,0,0.0,0.0,0.0,0.0,0.0,0.0,0.0,0.0,0.0,0.0
ENG-Premier League,2425,Wolves,Alfie Pond,ENG,DF,20,2004,1,0,1,0.0,0,0,0,0,0,0,0,0,0.0,0.0,0.0,0.0,0,0,0,0.0,0.0,0.0,0.0,0.0,0.0,0.0,0.0,0.0,0.0
ENG-Premier League,2425,Wolves,André,BRA,MF,23,2001,33,31,2472,27.5,0,0,0,0,0,0,7,0,0.4,0.4,0.8,1.3,10,109,11,0.0,0.0,0.0,0.0,0.0,0.02,0.03,0.05,0.02,0.05
ENG-Premier League,2425,Wolves,Boubacar Traoré,MLI,MF,22,2001,1,0,1,0.0,0,0,0,0,0,0,0,0,0.0,0.0,0.0,0.0,0,0,0,0.0,0.0,0.0,0.0,0.0,0.0,0.0,0.0,0.0,0.0
ENG-Premier League,2425,Wolves,Carlos Forbs,POR,"MF,FW",20,2004,10,1,239,2.7,0,0,0,0,0,0,2,0,0.1,0.1,0.0,0.2,10,8,28,0.0,0.0,0.0,0.0,0.0,0.05,0.01,0.07,0.05,0.07
ENG-Premier League,2425,Wolves,Chiquinho,POR,MF,24,2000,1,0,7,0.1,0,0,0,0,0,0,0,0,0.0,0.0,0.0,0.0,0,0,0,0.0,0.0,0.0,0.0,0.0,0.0,0.42,0.42,0.0,0.42
ENG-Premier League,2425,Wolves,Craig Dawson,ENG,DF,34,1990,15,10,971,10.8,0,0,0,0,0,0,2,0,0.5,0.5,0.0,0.5,6,20,5,0.0,0.0,0.0,0.0,0.0,0.05,0.0,0.05,0.05,0.05
ENG-Premier League,2425,Wolves,Daniel Bentley,ENG,GK,31,1993,2,2,180,2.0,0,0,0,0,0,0,0,0,0.0,0.0,0.0,0.0,0,0,0,0.0,0.0,0.0,0.0,0.0,0.0,0.0,0.0,0.0,0.0
ENG-Premier League,2425,Wolves,Daniel Podence,POR,"MF,FW",28,1995,2,0,48,0.5,0,0,0,0,0,0,0,0,0.0,0.0,0.0,0.0,1,2,3,0.0,0.0,0.0,0.0,0.0,0.07,0.0,0.07,0.07,0.07
ENG-Premier League,2425,Wolves,Emmanuel Agbadou,CIV,DF,27,1997,16,16,1410,15.7,1,0,1,1,0,0,3,0,0.8,0.8,0.2,1.1,6,31,2,0.06,0.0,0.06,0.06,0.06,0.05,0.02,0.07,0.05,0.07
ENG-Premier League,2425,Wolves,Gonçalo Guedes,POR,"MF,FW",27,1996,29,10,995,11.1,2,4,6,2,0,0,1,0,3.2,3.2,1.3,4.5,41,40,79,0.18,0.36,0.54,0.18,0.54,0.29,0.11,0.4,0.29,0.4
ENG-Premier League,2425,Wolves,Hwang Hee-chan,KOR,"MF,FW",28,1996,21,5,661,7.3,2,0,2,2,0,0,0,0,0.8,0.8,0.1,0.9,15,12,42,0.27,0.0,0.27,0.27,0.27,0.11,0.02,0.13,0.11,0.13
ENG-Premier League,2425,Wolves,Jean-Ricner Bellegarde,HAI,"MF,FW",26,1998,35,20,1677,18.6,2,7,9,2,0,0,3,0,1.5,1.5,3.8,5.3,52,43,89,0.11,0.38,0.48,0.11,0.48,0.08,0.2,0.29,0.08,0.29
ENG-Premier League,2425,Wolves,José Sá,POR,GK,31,1993,29,29,2609,29.0,0,0,0,0,0,0,2,0,0.0,0.0,0.2,0.2,0,2,0,0.0,0.0,0.0,0.0,0.0,0.0,0.01,0.01,0.0,0.01
ENG-Premier League,2425,Wolves,João Gomes,BRA,MF,23,2001,36,35,2974,33.0,3,1,4,3,0,0,11,1,2.9,2.9,1.2,4.1,59,165,76,0.09,0.03,0.12,0.09,0.12,0.09,0.04,0.12,0.09,0.12
ENG-Premier League,2425,Wolves,Jørgen Strand Larsen,NOR,FW,24,2000,35,30,2587,28.7,14,4,18,14,0,0,4,0,10.3,10.3,3.0,13.3,17,29,112,0.49,0.14,0.63,0.49,0.63,0.36,0.1,0.46,0.36,0.46
ENG-Premier League,2425,Wolves,Mario Lemina,GAB,"MF,DF",30,1993,17,15,1364,15.2,1,3,4,1,0,0,4,0,1.4,1.4,1.1,2.5,8,48,21,0.07,0.2,0.26,0.07,0.26,0.09,0.07,0.17,0.09,0.17
ENG-Premier League,2425,Wolves,Marshall Munetsi,ZIM,"MF,FW",28,1996,14,12,1078,12.0,2,1,3,2,0,0,0,0,3.3,3.3,1.8,5.1,9,10,35,0.17,0.08,0.25,0.17,0.25,0.28,0.15,0.42,0.28,0.42
ENG-Premier League,2425,Wolves,Mateus Mane,,MF,,,1,0,2,0.0,0,0,0,0,0,0,0,0,0.0,0.0,0.0,0.0,0,0,0,0.0,0.0,0.0,0.0,0.0,0.0,0.0,0.0,0.0,0.0
ENG-Premier League,2425,Wolves,Matheus Cunha,BRA,"MF,FW",25,1999,33,29,2597,28.9,15,6,21,15,0,0,4,0,8.6,8.6,7.7,16.4,112,144,161,0.52,0.21,0.73,0.52,0.73,0.3,0.27,0.57,0.3,0.57
ENG-Premier League,2425,Wolves,Matt Doherty,IRL,DF,32,1992,30,25,2109,23.4,2,1,3,2,0,0,6,0,1.0,1.0,1.5,2.6,29,79,41,0.09,0.04,0.13,0.09,0.13,0.04,0.07,0.11,0.04,0.11
ENG-Premier League,2425,Wolves,Nasser Djiga,BFA,DF,21,2002,5,1,66,0.7,0,0,0,0,0,0,0,0,0.0,0.0,0.0,0.0,0,3,2,0.0,0.0,0.0,0.0,0.0,0.0,0.0,0.0,0.0,0.0
ENG-Premier League,2425,Wolves,Nélson Semedo,POR,DF,30,1993,34,32,2886,32.1,0,4,4,0,0,0,8,0,0.9,0.9,2.8,3.7,67,80,119,0.0,0.12,0.12,0.0,0.12,0.03,0.09,0.12,0.03,0.12
ENG-Premier League,2425,Wolves,Pablo Sarabia,ESP,"MF,FW",32,1992,23,7,814,9.0,3,2,5,3,0,0,3,0,2.9,2.9,1.8,4.6,15,60,62,0.33,0.22,0.55,0.33,0.55,0.32,0.19,0.51,0.32,0.51
ENG-Premier League,2425,Wolves,Pedro Lima,BRA,DF,18,2006,3,1,70,0.8,0,0,0,0,0,0,0,0,0.1,0.1,0.1,0.1,4,4,11,0.0,0.0,0.0,0.0,0.0,0.07,0.09,0.16,0.07,0.16
ENG-Premier League,2425,Wolves,Rayan Aït-Nouri,ALG,DF,23,2001,37,37,3109,34.5,4,7,11,4,0,0,7,1,2.7,2.7,5.5,8.2,89,108,176,0.12,0.2,0.32,0.12,0.32,0.08,0.16,0.24,0.08,0.24
ENG-Premier League,2425,Wolves,Rodrigo Gomes,POR,"DF,FW",21,2003,25,7,810,9.0,2,0,2,2,0,0,0,0,0.7,0.7,0.9,1.6,23,27,81,0.22,0.0,0.22,0.22,0.22,0.08,0.1,0.18,0.08,0.18
ENG-Premier League,2425,Wolves,Sam Johnstone,ENG,GK,31,1993,7,7,630,7.0,0,0,0,0,0,0,0,0,0.0,0.0,0.0,0.0,0,0,0,0.0,0.0,0.0,0.0,0.0,0.0,0.0,0.0,0.0,0.0
ENG-Premier League,2425,Wolves,Santiago Bueno,URU,DF,25,1998,29,18,1687,18.7,0,0,0,0,0,0,2,0,0.4,0.4,0.0,0.4,1,28,1,0.0,0.0,0.0,0.0,0.0,0.02,0.0,0.02,0.02,0.02
ENG-Premier League,2425,Wolves,Tom King,WAL,GK,29,1995,1,0,1,0.0,0,0,0,0,0,0,0,0,0.0,0.0,0.0,0.0,0,0,0,0.0,0.0,0.0,0.0,0.0,0.0,0.0,0.0,0.0,0.0
ENG-Premier League,2425,Wolves,Tommy Doyle,ENG,MF,22,2001,24,3,488,5.4,0,1,1,0,0,0,1,0,0.6,0.6,0.5,1.1,6,40,4,0.0,0.18,0.18,0.0,0.18,0.1,0.09,0.2,0.1,0.2
ENG-Premier League,2425,Wolves,Toti Gomes,POR,DF,25,1999,31,30,2614,29.0,0,1,1,0,0,0,7,0,0.7,0.7,0.9,1.7,27,86,18,0.0,0.03,0.03,0.0,0.03,0.03,0.03,0.06,0.03,0.06
ENG-Premier League,2425,Wolves,Yerson Mosquera,COL,DF,23,2001,5,5,441,4.9,0,0,0,0,0,0,2,0,0.3,0.3,0.1,0.4,0,7,0,0.0,0.0,0.0,0.0,0.0,0.07,0.02,0.09,0.07,0.09
