join_key,match_id,date,home_team,away_team,home_goals,away_goals,home_xg,away_xg,season,Match,home_team_shortened
2023-08-11_Burnley,22275,2023-08-11,Burnley,Manchester City,0,3,0.311032,2.40074,2023,Burnley v Manchester City,Burnley
2023-08-12_Arsenal,22276,2023-08-12,Arsenal,Nottingham Forest,2,1,0.84262,0.966305,2023,Arsenal v Nottingham Forest,Arsenal
2023-08-12_Bournemouth,22277,2023-08-12,Bournemouth,West Ham,1,1,1.51025,1.4834,2023,Bournemouth v West Ham,Bournemouth
2023-08-12_Brighton,22278,2023-08-12,Brighton,Luton,4,1,4.36748,1.88594,2023,Brighton v Luton,Brighton
2023-08-12_Everton,22279,2023-08-12,Everton,Fulham,0,1,2.59001,1.58144,2023,Everton v Fulham,Everton
2023-08-12_Sheffield,22280,2023-08-12,Sheffield United,Crystal Palace,0,1,0.422704,2.27616,2023,Sheffield United v Crystal Palace,Sheffield
2023-08-12_Newcastle,22281,2023-08-12,Newcastle United,Aston Villa,5,1,4.32208,1.486,2023,Newcastle United v Aston Villa,Newcastle
2023-08-13_Brentford,22282,2023-08-13,Brentford,Tottenham,2,2,1.90756,1.45316,2023,Brentford v Tottenham,Brentford
2023-08-13_Chelsea,22283,2023-08-13,Chelsea,Liverpool,1,1,1.93258,1.29994,2023,Chelsea v Liverpool,Chelsea
2023-08-14_Manchester,22284,2023-08-14,Manchester United,Wolverhampton Wanderers,1,0,1.97087,1.72228,2023,Manchester United v Wolverhampton Wanderers,Manchester
2023-08-18_Nottingham,22285,2023-08-18,Nottingham Forest,Sheffield United,2,1,1.37181,0.551038,2023,Nottingham Forest v Sheffield United,Nottingham
2023-08-19_Wolverhampton,22286,2023-08-19,Wolverhampton Wanderers,Brighton,1,4,2.68821,3.15562,2023,Wolverhampton Wanderers v Brighton,Wolverhampton
2023-08-19_Fulham,22287,2023-08-19,Fulham,Brentford,0,3,0.399899,3.46888,2023,Fulham v Brentford,Fulham
2023-08-19_Liverpool,22288,2023-08-19,Liverpool,Bournemouth,3,1,3.25448,1.3867,2023,Liverpool v Bournemouth,Liverpool
2023-08-19_Tottenham,22290,2023-08-19,Tottenham,Manchester United,2,0,2.53904,2.44604,2023,Tottenham v Manchester United,Tottenham
2023-08-19_Manchester,22291,2023-08-19,Manchester City,Newcastle United,1,0,1.22528,0.257154,2023,Manchester City v Newcastle United,Manchester
2023-08-20_Aston,22292,2023-08-20,Aston Villa,Everton,4,0,3.24336,0.721465,2023,Aston Villa v Everton,Aston
2023-08-20_West,22293,2023-08-20,West Ham,Chelsea,3,1,1.71234,1.60916,2023,West Ham v Chelsea,West
2023-08-21_Crystal,22294,2023-08-21,Crystal Palace,Arsenal,0,1,1.06916,2.20593,2023,Crystal Palace v Arsenal,Crystal
2023-08-25_Chelsea,22295,2023-08-25,Chelsea,Luton,3,0,3.41419,0.465741,2023,Chelsea v Luton,Chelsea
2023-08-26_Bournemouth,22296,2023-08-26,Bournemouth,Tottenham,0,2,0.483582,2.26115,2023,Bournemouth v Tottenham,Bournemouth
2023-08-26_Arsenal,22297,2023-08-26,Arsenal,Fulham,2,2,3.23088,0.849817,2023,Arsenal v Fulham,Arsenal
2023-08-26_Brentford,22298,2023-08-26,Brentford,Crystal Palace,1,1,0.948011,1.06061,2023,Brentford v Crystal Palace,Brentford
2023-08-26_Everton,22299,2023-08-26,Everton,Wolverhampton Wanderers,0,1,1.89792,1.40228,2023,Everton v Wolverhampton Wanderers,Everton
2023-08-26_Manchester,22300,2023-08-26,Manchester United,Nottingham Forest,3,2,3.02803,0.960354,2023,Manchester United v Nottingham Forest,Manchester
2023-08-26_Brighton,22301,2023-08-26,Brighton,West Ham,1,3,1.3743,2.9527,2023,Brighton v West Ham,Brighton
2023-08-27_Burnley,22302,2023-08-27,Burnley,Aston Villa,1,3,0.630605,2.83691,2023,Burnley v Aston Villa,Burnley
2023-08-27_Sheffield,22303,2023-08-27,Sheffield United,Manchester City,1,2,0.762232,3.84804,2023,Sheffield United v Manchester City,Sheffield
2023-08-27_Newcastle,22304,2023-08-27,Newcastle United,Liverpool,1,2,1.62037,0.856121,2023,Newcastle United v Liverpool,Newcastle
2023-09-01_Luton,21925,2023-09-01,Luton,West Ham,1,2,2.02244,1.22528,2023,Luton v West Ham,Luton
2023-09-02_Sheffield,21926,2023-09-02,Sheffield United,Everton,2,2,1.575,2.73871,2023,Sheffield United v Everton,Sheffield
2023-09-02_Manchester,21927,2023-09-02,Manchester City,Fulham,5,1,2.00152,1.46427,2023,Manchester City v Fulham,Manchester
2023-09-02_Brentford,21928,2023-09-02,Brentford,Bournemouth,2,2,3.07185,2.11013,2023,Brentford v Bournemouth,Brentford
2023-09-02_Burnley,21929,2023-09-02,Burnley,Tottenham,2,5,1.66604,2.39785,2023,Burnley v Tottenham,Burnley
2023-09-02_Chelsea,21930,2023-09-02,Chelsea,Nottingham Forest,0,1,2.28442,1.1505,2023,Chelsea v Nottingham Forest,Chelsea
2023-09-02_Brighton,21931,2023-09-02,Brighton,Newcastle United,3,1,1.32258,0.90476,2023,Brighton v Newcastle United,Brighton
2023-09-03_Crystal,21932,2023-09-03,Crystal Palace,Wolverhampton Wanderers,3,2,2.32935,1.13911,2023,Crystal Palace v Wolverhampton Wanderers,Crystal
2023-09-03_Liverpool,21933,2023-09-03,Liverpool,Aston Villa,3,0,2.73138,0.615503,2023,Liverpool v Aston Villa,Liverpool
2023-09-03_Arsenal,21934,2023-09-03,Arsenal,Manchester United,3,1,1.90973,0.966109,2023,Arsenal v Manchester United,Arsenal
2023-09-16_Wolverhampton,21935,2023-09-16,Wolverhampton Wanderers,Liverpool,1,3,0.538833,2.82701,2023,Wolverhampton Wanderers v Liverpool,Wolverhampton
2023-09-16_Tottenham,21936,2023-09-16,Tottenham,Sheffield United,2,1,2.15909,0.790655,2023,Tottenham v Sheffield United,Tottenham
2023-09-16_West,21937,2023-09-16,West Ham,Manchester City,1,3,0.895632,4.15046,2023,West Ham v Manchester City,West
2023-09-16_Aston,21938,2023-09-16,Aston Villa,Crystal Palace,3,1,2.31518,1.11696,2023,Aston Villa v Crystal Palace,Aston
2023-09-16_Fulham,21939,2023-09-16,Fulham,Luton,1,0,1.75704,1.45705,2023,Fulham v Luton,Fulham
2023-09-16_Manchester,21940,2023-09-16,Manchester United,Brighton,1,3,0.719951,1.93908,2023,Manchester United v Brighton,Manchester
2023-09-16_Newcastle,21943,2023-09-16,Newcastle United,Brentford,1,0,1.50126,0.633678,2023,Newcastle United v Brentford,Newcastle
2023-09-17_Bournemouth,21942,2023-09-17,Bournemouth,Chelsea,0,0,1.32515,1.39677,2023,Bournemouth v Chelsea,Bournemouth
2023-09-17_Everton,21941,2023-09-17,Everton,Arsenal,0,1,0.28317,0.802605,2023,Everton v Arsenal,Everton
2023-09-18_Nottingham,21944,2023-09-18,Nottingham Forest,Burnley,1,1,0.705795,0.807651,2023,Nottingham Forest v Burnley,Nottingham
2023-09-23_Luton,21945,2023-09-23,Luton,Wolverhampton Wanderers,1,1,2.24101,0.762984,2023,Luton v Wolverhampton Wanderers,Luton
2023-09-23_Manchester,21946,2023-09-23,Manchester City,Nottingham Forest,2,0,1.33984,0.729109,2023,Manchester City v Nottingham Forest,Manchester
2023-09-23_Crystal,21948,2023-09-23,Crystal Palace,Fulham,0,0,0.37236,0.542678,2023,Crystal Palace v Fulham,Crystal
2023-09-23_Brentford,21949,2023-09-23,Brentford,Everton,1,3,1.57402,2.51497,2023,Brentford v Everton,Brentford
2023-09-23_Burnley,21950,2023-09-23,Burnley,Manchester United,0,1,0.935444,0.840273,2023,Burnley v Manchester United,Burnley
2023-09-24_Chelsea,21947,2023-09-24,Chelsea,Aston Villa,0,1,1.19716,1.13479,2023,Chelsea v Aston Villa,Chelsea
2023-09-24_Brighton,21951,2023-09-24,Brighton,Bournemouth,3,1,2.14533,1.58984,2023,Brighton v Bournemouth,Brighton
2023-09-24_Arsenal,21952,2023-09-24,Arsenal,Tottenham,2,2,2.3429,2.21166,2023,Arsenal v Tottenham,Arsenal
2023-09-24_Liverpool,21953,2023-09-24,Liverpool,West Ham,3,1,4.14262,1.53878,2023,Liverpool v West Ham,Liverpool
2023-09-24_Sheffield,21954,2023-09-24,Sheffield United,Newcastle United,0,8,0.579392,5.1082,2023,Sheffield United v Newcastle United,Sheffield
2023-09-30_Aston,21955,2023-09-30,Aston Villa,Brighton,6,1,1.90746,1.72819,2023,Aston Villa v Brighton,Aston
2023-09-30_Everton,21956,2023-09-30,Everton,Luton,1,2,3.65377,1.5102,2023,Everton v Luton,Everton
2023-09-30_Manchester,21957,2023-09-30,Manchester United,Crystal Palace,0,1,1.55408,1.19015,2023,Manchester United v Crystal Palace,Manchester
2023-09-30_Newcastle,21958,2023-09-30,Newcastle United,Burnley,2,0,3.08516,0.801849,2023,Newcastle United v Burnley,Newcastle
2023-09-30_Bournemouth,21959,2023-09-30,Bournemouth,Arsenal,0,4,0.644443,4.0742,2023,Bournemouth v Arsenal,Bournemouth
2023-09-30_West,21960,2023-09-30,West Ham,Sheffield United,2,0,3.19753,0.911997,2023,West Ham v Sheffield United,West
2023-09-30_Wolverhampton,21961,2023-09-30,Wolverhampton Wanderers,Manchester City,2,1,0.673985,0.98075,2023,Wolverhampton Wanderers v Manchester City,Wolverhampton
2023-09-30_Tottenham,21962,2023-09-30,Tottenham,Liverpool,2,1,2.18823,1.12299,2023,Tottenham v Liverpool,Tottenham
2023-10-01_Nottingham,21963,2023-10-01,Nottingham Forest,Brentford,1,1,0.800317,1.75862,2023,Nottingham Forest v Brentford,Nottingham
2023-10-02_Fulham,21964,2023-10-02,Fulham,Chelsea,0,2,0.889383,1.98461,2023,Fulham v Chelsea,Fulham
2023-10-03_Luton,22289,2023-10-03,Luton,Burnley,1,2,1.53058,0.920206,2023,Luton v Burnley,Luton
2023-10-07_Luton,21971,2023-10-07,Luton,Tottenham,0,1,0.848118,2.37947,2023,Luton v Tottenham,Luton
2023-10-07_Burnley,21967,2023-10-07,Burnley,Chelsea,1,4,0.956642,1.97566,2023,Burnley v Chelsea,Burnley
2023-10-07_Everton,21969,2023-10-07,Everton,Bournemouth,3,0,3.16482,0.981732,2023,Everton v Bournemouth,Everton
2023-10-07_Fulham,21970,2023-10-07,Fulham,Sheffield United,3,1,2.26612,0.251809,2023,Fulham v Sheffield United,Fulham
2023-10-07_Manchester,21972,2023-10-07,Manchester United,Brentford,2,1,1.29356,1.02509,2023,Manchester United v Brentford,Manchester
2023-10-07_Crystal,21968,2023-10-07,Crystal Palace,Nottingham Forest,0,0,0.982452,1.22105,2023,Crystal Palace v Nottingham Forest,Crystal
2023-10-08_Brighton,21966,2023-10-08,Brighton,Liverpool,2,2,2.23187,2.51029,2023,Brighton v Liverpool,Brighton
2023-10-08_West,21973,2023-10-08,West Ham,Newcastle United,2,2,0.931345,1.97865,2023,West Ham v Newcastle United,West
2023-10-08_Wolverhampton,21974,2023-10-08,Wolverhampton Wanderers,Aston Villa,1,1,1.76232,1.81618,2023,Wolverhampton Wanderers v Aston Villa,Wolverhampton
2023-10-08_Arsenal,21965,2023-10-08,Arsenal,Manchester City,1,0,0.386558,0.858071,2023,Arsenal v Manchester City,Arsenal
2023-10-21_Liverpool,21979,2023-10-21,Liverpool,Everton,2,0,2.28568,0.0937725,2023,Liverpool v Everton,Liverpool
2023-10-21_Bournemouth,21975,2023-10-21,Bournemouth,Wolverhampton Wanderers,1,2,1.01839,2.30454,2023,Bournemouth v Wolverhampton Wanderers,Bournemouth
2023-10-21_Brentford,21977,2023-10-21,Brentford,Burnley,3,0,3.15685,0.693129,2023,Brentford v Burnley,Brentford
2023-10-21_Manchester,21980,2023-10-21,Manchester City,Brighton,2,1,0.962509,0.963733,2023,Manchester City v Brighton,Manchester
2023-10-21_Newcastle,21981,2023-10-21,Newcastle United,Crystal Palace,4,0,3.73336,1.08795,2023,Newcastle United v Crystal Palace,Newcastle
2023-10-21_Nottingham,21982,2023-10-21,Nottingham Forest,Luton,2,2,3.27549,1.49555,2023,Nottingham Forest v Luton,Nottingham
2023-10-21_Chelsea,21978,2023-10-21,Chelsea,Arsenal,2,2,1.71838,1.05791,2023,Chelsea v Arsenal,Chelsea
2023-10-21_Sheffield,21983,2023-10-21,Sheffield United,Manchester United,1,2,1.41074,1.46187,2023,Sheffield United v Manchester United,Sheffield
2023-10-22_Aston,21976,2023-10-22,Aston Villa,West Ham,4,1,2.34143,0.659622,2023,Aston Villa v West Ham,Aston
2023-10-23_Tottenham,21984,2023-10-23,Tottenham,Fulham,2,0,1.63523,0.745838,2023,Tottenham v Fulham,Tottenham
2023-10-27_Crystal,21990,2023-10-27,Crystal Palace,Tottenham,1,2,0.561834,0.989103,2023,Crystal Palace v Tottenham,Crystal
2023-10-28_Chelsea,21989,2023-10-28,Chelsea,Brentford,0,2,1.71801,2.48137,2023,Chelsea v Brentford,Chelsea
2023-10-28_Bournemouth,21985,2023-10-28,Bournemouth,Burnley,2,1,1.10052,0.90255,2023,Bournemouth v Burnley,Bournemouth
2023-10-28_Arsenal,21986,2023-10-28,Arsenal,Sheffield United,5,0,3.03496,0.0281554,2023,Arsenal v Sheffield United,Arsenal
2023-10-28_Wolverhampton,21994,2023-10-28,Wolverhampton Wanderers,Newcastle United,2,2,0.863393,2.31987,2023,Wolverhampton Wanderers v Newcastle United,Wolverhampton
2023-10-29_West,21993,2023-10-29,West Ham,Everton,0,1,0.618578,0.733813,2023,West Ham v Everton,West
2023-10-29_Aston,21987,2023-10-29,Aston Villa,Luton,3,1,3.07654,0.453117,2023,Aston Villa v Luton,Aston
2023-10-29_Brighton,21988,2023-10-29,Brighton,Fulham,1,1,1.31996,0.552523,2023,Brighton v Fulham,Brighton
2023-10-29_Liverpool,21991,2023-10-29,Liverpool,Nottingham Forest,3,0,2.70428,0.642014,2023,Liverpool v Nottingham Forest,Liverpool
2023-10-29_Manchester,21992,2023-10-29,Manchester United,Manchester City,0,3,0.714628,4.54595,2023,Manchester United v Manchester City,Manchester
2023-11-04_Fulham,21998,2023-11-04,Fulham,Manchester United,0,1,1.18241,0.697095,2023,Fulham v Manchester United,Fulham
2023-11-04_Brentford,21995,2023-11-04,Brentford,West Ham,3,2,1.82944,1.75505,2023,Brentford v West Ham,Brentford
2023-11-04_Burnley,21996,2023-11-04,Burnley,Crystal Palace,0,2,1.4998,1.43653,2023,Burnley v Crystal Palace,Burnley
2023-11-04_Everton,21997,2023-11-04,Everton,Brighton,1,1,0.617607,0.442489,2023,Everton v Brighton,Everton
2023-11-04_Manchester,22000,2023-11-04,Manchester City,Bournemouth,6,1,2.39949,0.643127,2023,Manchester City v Bournemouth,Manchester
2023-11-04_Sheffield,22003,2023-11-04,Sheffield United,Wolverhampton Wanderers,2,1,1.10165,1.14803,2023,Sheffield United v Wolverhampton Wanderers,Sheffield
2023-11-04_Newcastle,22001,2023-11-04,Newcastle United,Arsenal,1,0,1.12355,0.535473,2023,Newcastle United v Arsenal,Newcastle
2023-11-05_Nottingham,22002,2023-11-05,Nottingham Forest,Aston Villa,2,0,0.592447,1.33116,2023,Nottingham Forest v Aston Villa,Nottingham
2023-11-05_Luton,21999,2023-11-05,Luton,Liverpool,1,1,1.3411,3.03925,2023,Luton v Liverpool,Luton
2023-11-06_Tottenham,22004,2023-11-06,Tottenham,Chelsea,1,4,0.959108,4.05865,2023,Tottenham v Chelsea,Tottenham
2023-11-11_Wolverhampton,22014,2023-11-11,Wolverhampton Wanderers,Tottenham,2,1,1.90884,0.432315,2023,Wolverhampton Wanderers v Tottenham,Wolverhampton
2023-11-11_Arsenal,22006,2023-11-11,Arsenal,Burnley,3,1,2.63194,0.327706,2023,Arsenal v Burnley,Arsenal
2023-11-11_Crystal,22010,2023-11-11,Crystal Palace,Everton,2,3,1.89194,1.7904,2023,Crystal Palace v Everton,Crystal
2023-11-11_Manchester,22012,2023-11-11,Manchester United,Luton,1,0,2.74105,0.408265,2023,Manchester United v Luton,Manchester
2023-11-11_Bournemouth,22005,2023-11-11,Bournemouth,Newcastle United,2,0,2.78424,0.306141,2023,Bournemouth v Newcastle United,Bournemouth
2023-11-12_Aston,22007,2023-11-12,Aston Villa,Fulham,3,1,2.86039,0.648745,2023,Aston Villa v Fulham,Aston
2023-11-12_Brighton,22008,2023-11-12,Brighton,Sheffield United,1,1,1.08601,0.84434,2023,Brighton v Sheffield United,Brighton
2023-11-12_Liverpool,22011,2023-11-12,Liverpool,Brentford,3,0,1.56004,1.44954,2023,Liverpool v Brentford,Liverpool
2023-11-12_West,22013,2023-11-12,West Ham,Nottingham Forest,3,2,2.06402,1.42128,2023,West Ham v Nottingham Forest,West
2023-11-12_Chelsea,22009,2023-11-12,Chelsea,Manchester City,4,4,3.47238,3.19324,2023,Chelsea v Manchester City,Chelsea
2023-11-25_Manchester,22020,2023-11-25,Manchester City,Liverpool,1,1,1.79622,0.766278,2023,Manchester City v Liverpool,Manchester
2023-11-25_Burnley,22016,2023-11-25,Burnley,West Ham,1,2,1.44228,1.36963,2023,Burnley v West Ham,Burnley
2023-11-25_Luton,22019,2023-11-25,Luton,Crystal Palace,2,1,0.996153,1.83546,2023,Luton v Crystal Palace,Luton
2023-11-25_Newcastle,22021,2023-11-25,Newcastle United,Chelsea,4,1,2.15227,0.968061,2023,Newcastle United v Chelsea,Newcastle
2023-11-25_Nottingham,22022,2023-11-25,Nottingham Forest,Brighton,2,3,2.22655,1.21792,2023,Nottingham Forest v Brighton,Nottingham
2023-11-25_Sheffield,22023,2023-11-25,Sheffield United,Bournemouth,1,3,0.816227,3.13975,2023,Sheffield United v Bournemouth,Sheffield
2023-11-25_Brentford,22015,2023-11-25,Brentford,Arsenal,0,1,1.66315,1.82699,2023,Brentford v Arsenal,Brentford
2023-11-26_Tottenham,22024,2023-11-26,Tottenham,Aston Villa,1,2,2.22542,2.39755,2023,Tottenham v Aston Villa,Tottenham
2023-11-26_Everton,22017,2023-11-26,Everton,Manchester United,0,3,2.49764,2.07334,2023,Everton v Manchester United,Everton
2023-11-27_Fulham,22018,2023-11-27,Fulham,Wolverhampton Wanderers,3,2,2.49057,1.57875,2023,Fulham v Wolverhampton Wanderers,Fulham
2023-12-02_Arsenal,22026,2023-12-02,Arsenal,Wolverhampton Wanderers,2,1,3.30368,1.07886,2023,Arsenal v Wolverhampton Wanderers,Arsenal
2023-12-02_Brentford,22027,2023-12-02,Brentford,Luton,3,1,3.25952,0.227176,2023,Brentford v Luton,Brentford
2023-12-02_Burnley,22028,2023-12-02,Burnley,Sheffield United,5,0,2.60469,0.618131,2023,Burnley v Sheffield United,Burnley
2023-12-02_Nottingham,22033,2023-12-02,Nottingham Forest,Everton,0,1,0.673085,0.623789,2023,Nottingham Forest v Everton,Nottingham
2023-12-02_Newcastle,22032,2023-12-02,Newcastle United,Manchester United,1,0,2.90191,0.422674,2023,Newcastle United v Manchester United,Newcastle
2023-12-03_Bournemouth,22025,2023-12-03,Bournemouth,Aston Villa,2,2,2.54937,0.89511,2023,Bournemouth v Aston Villa,Bournemouth
2023-12-03_Chelsea,22029,2023-12-03,Chelsea,Brighton,3,2,1.66304,0.855058,2023,Chelsea v Brighton,Chelsea
2023-12-03_Liverpool,22030,2023-12-03,Liverpool,Fulham,4,3,2.72831,1.51005,2023,Liverpool v Fulham,Liverpool
2023-12-03_West,22034,2023-12-03,West Ham,Crystal Palace,1,1,1.1466,0.987682,2023,West Ham v Crystal Palace,West
2023-12-03_Manchester,22031,2023-12-03,Manchester City,Tottenham,3,3,2.90729,0.433077,2023,Manchester City v Tottenham,Manchester
2023-12-05_Wolverhampton,22042,2023-12-05,Wolverhampton Wanderers,Burnley,1,0,1.11886,0.781542,2023,Wolverhampton Wanderers v Burnley,Wolverhampton
2023-12-05_Luton,22039,2023-12-05,Luton,Arsenal,3,4,0.526254,2.58815,2023,Luton v Arsenal,Luton
2023-12-06_Brighton,22036,2023-12-06,Brighton,Brentford,2,1,1.54099,1.22007,2023,Brighton v Brentford,Brighton
2023-12-06_Fulham,22038,2023-12-06,Fulham,Nottingham Forest,5,0,3.09427,0.218659,2023,Fulham v Nottingham Forest,Fulham
2023-12-06_Sheffield,22040,2023-12-06,Sheffield United,Liverpool,0,2,0.834172,1.80116,2023,Sheffield United v Liverpool,Sheffield
2023-12-06_Crystal,22043,2023-12-06,Crystal Palace,Bournemouth,0,2,1.26441,1.79997,2023,Crystal Palace v Bournemouth,Crystal
2023-12-06_Aston,22035,2023-12-06,Aston Villa,Manchester City,1,0,2.1922,1.00198,2023,Aston Villa v Manchester City,Aston
2023-12-06_Manchester,22044,2023-12-06,Manchester United,Chelsea,2,1,4.03949,2.3512,2023,Manchester United v Chelsea,Manchester
2023-12-07_Everton,22037,2023-12-07,Everton,Newcastle United,3,0,2.95393,1.29564,2023,Everton v Newcastle United,Everton
2023-12-07_Tottenham,22041,2023-12-07,Tottenham,West Ham,1,2,1.61268,1.7409,2023,Tottenham v West Ham,Tottenham
2023-12-09_Crystal,22047,2023-12-09,Crystal Palace,Liverpool,1,2,1.79152,1.3708,2023,Crystal Palace v Liverpool,Crystal
2023-12-09_Brighton,22046,2023-12-09,Brighton,Burnley,1,1,2.96247,1.05162,2023,Brighton v Burnley,Brighton
2023-12-09_Manchester,22051,2023-12-09,Manchester United,Bournemouth,0,3,1.11296,1.9742,2023,Manchester United v Bournemouth,Manchester
2023-12-09_Sheffield,22052,2023-12-09,Sheffield United,Brentford,1,0,0.841976,0.644638,2023,Sheffield United v Brentford,Sheffield
2023-12-09_Wolverhampton,22054,2023-12-09,Wolverhampton Wanderers,Nottingham Forest,1,1,1.02199,1.21801,2023,Wolverhampton Wanderers v Nottingham Forest,Wolverhampton
2023-12-09_Aston,22045,2023-12-09,Aston Villa,Arsenal,1,0,0.628499,1.71667,2023,Aston Villa v Arsenal,Aston
2023-12-10_Everton,22048,2023-12-10,Everton,Chelsea,2,0,1.11437,0.885512,2023,Everton v Chelsea,Everton
2023-12-10_Fulham,22049,2023-12-10,Fulham,West Ham,5,0,2.1884,0.983,2023,Fulham v West Ham,Fulham
2023-12-10_Luton,22050,2023-12-10,Luton,Manchester City,1,2,0.689037,2.23353,2023,Luton v Manchester City,Luton
2023-12-10_Tottenham,22053,2023-12-10,Tottenham,Newcastle United,4,1,4.40118,1.61368,2023,Tottenham v Newcastle United,Tottenham
2023-12-15_Nottingham,22063,2023-12-15,Nottingham Forest,Tottenham,0,2,1.70569,1.60738,2023,Nottingham Forest v Tottenham,Nottingham
2023-12-16_Chelsea,22059,2023-12-16,Chelsea,Sheffield United,2,0,3.27322,0.44014,2023,Chelsea v Sheffield United,Chelsea
2023-12-16_Manchester,22061,2023-12-16,Manchester City,Crystal Palace,2,2,2.41646,1.64977,2023,Manchester City v Crystal Palace,Manchester
2023-12-16_Newcastle,22062,2023-12-16,Newcastle United,Fulham,3,0,4.27933,0.471042,2023,Newcastle United v Fulham,Newcastle
2023-12-16_Burnley,22058,2023-12-16,Burnley,Everton,0,2,0.811435,2.22305,2023,Burnley v Everton,Burnley
2023-12-17_Arsenal,22056,2023-12-17,Arsenal,Brighton,2,0,2.76976,0.663054,2023,Arsenal v Brighton,Arsenal
2023-12-17_Brentford,22057,2023-12-17,Brentford,Aston Villa,1,2,0.796812,1.4664,2023,Brentford v Aston Villa,Brentford
2023-12-17_West,22064,2023-12-17,West Ham,Wolverhampton Wanderers,3,0,1.03828,0.556206,2023,West Ham v Wolverhampton Wanderers,West
2023-12-17_Liverpool,22060,2023-12-17,Liverpool,Manchester United,0,0,1.97111,0.632715,2023,Liverpool v Manchester United,Liverpool
2023-12-21_Crystal,22066,2023-12-21,Crystal Palace,Brighton,1,1,1.65409,1.33653,2023,Crystal Palace v Brighton,Crystal
2023-12-22_Aston,22065,2023-12-22,Aston Villa,Sheffield United,1,1,1.21861,0.646159,2023,Aston Villa v Sheffield United,Aston
2023-12-23_West,22072,2023-12-23,West Ham,Manchester United,2,0,1.51468,0.730496,2023,West Ham v Manchester United,West
2023-12-23_Fulham,22067,2023-12-23,Fulham,Burnley,0,2,1.38096,0.41714,2023,Fulham v Burnley,Fulham
2023-12-23_Luton,22069,2023-12-23,Luton,Newcastle United,1,0,1.81844,1.41488,2023,Luton v Newcastle United,Luton
2023-12-23_Nottingham,22070,2023-12-23,Nottingham Forest,Bournemouth,2,3,0.791806,1.89067,2023,Nottingham Forest v Bournemouth,Nottingham
2023-12-23_Tottenham,22071,2023-12-23,Tottenham,Everton,2,1,1.57527,1.98385,2023,Tottenham v Everton,Tottenham
2023-12-23_Liverpool,22068,2023-12-23,Liverpool,Arsenal,1,1,0.982901,0.851681,2023,Liverpool v Arsenal,Liverpool
2023-12-24_Wolverhampton,22073,2023-12-24,Wolverhampton Wanderers,Chelsea,2,1,1.74626,1.75447,2023,Wolverhampton Wanderers v Chelsea,Wolverhampton
2023-12-26_Newcastle,22083,2023-12-26,Newcastle United,Nottingham Forest,1,3,2.79106,3.1074,2023,Newcastle United v Nottingham Forest,Newcastle
2023-12-26_Bournemouth,22075,2023-12-26,Bournemouth,Fulham,3,0,2.07911,0.324365,2023,Bournemouth v Fulham,Bournemouth
2023-12-26_Sheffield,22084,2023-12-26,Sheffield United,Luton,2,3,3.61788,0.715575,2023,Sheffield United v Luton,Sheffield
2023-12-26_Burnley,22079,2023-12-26,Burnley,Liverpool,0,2,0.972389,1.68451,2023,Burnley v Liverpool,Burnley
2023-12-26_Manchester,22082,2023-12-26,Manchester United,Aston Villa,3,2,1.20104,1.83637,2023,Manchester United v Aston Villa,Manchester
2023-12-27_Brentford,22077,2023-12-27,Brentford,Wolverhampton Wanderers,1,4,2.59347,1.89483,2023,Brentford v Wolverhampton Wanderers,Brentford
2023-12-27_Chelsea,22080,2023-12-27,Chelsea,Crystal Palace,2,1,2.73005,0.958077,2023,Chelsea v Crystal Palace,Chelsea
2023-12-27_Everton,22081,2023-12-27,Everton,Manchester City,1,3,1.23529,2.28321,2023,Everton v Manchester City,Everton
2023-12-28_Brighton,22078,2023-12-28,Brighton,Tottenham,4,2,3.84702,2.06955,2023,Brighton v Tottenham,Brighton
2023-12-28_Arsenal,22076,2023-12-28,Arsenal,West Ham,0,2,2.7884,1.59711,2023,Arsenal v West Ham,Arsenal
2023-12-30_Luton,22089,2023-12-30,Luton,Chelsea,2,3,2.64093,1.57463,2023,Luton v Chelsea,Luton
2023-12-30_Aston,22085,2023-12-30,Aston Villa,Burnley,3,2,2.92587,1.11923,2023,Aston Villa v Burnley,Aston
2023-12-30_Crystal,22086,2023-12-30,Crystal Palace,Brentford,3,1,1.61057,1.28731,2023,Crystal Palace v Brentford,Crystal
2023-12-30_Manchester,22090,2023-12-30,Manchester City,Sheffield United,2,0,2.24229,0.263211,2023,Manchester City v Sheffield United,Manchester
2023-12-30_Wolverhampton,22094,2023-12-30,Wolverhampton Wanderers,Everton,3,0,2.64477,0.519641,2023,Wolverhampton Wanderers v Everton,Wolverhampton
2023-12-30_Nottingham,22091,2023-12-30,Nottingham Forest,Manchester United,2,1,0.744348,0.651905,2023,Nottingham Forest v Manchester United,Nottingham
2023-12-31_Fulham,22087,2023-12-31,Fulham,Arsenal,2,1,1.52829,1.6591,2023,Fulham v Arsenal,Fulham
2023-12-31_Tottenham,22092,2023-12-31,Tottenham,Bournemouth,3,1,2.15027,1.58229,2023,Tottenham v Bournemouth,Tottenham
2024-01-01_Liverpool,22088,2024-01-01,Liverpool,Newcastle United,4,2,6.67151,0.910974,2023,Liverpool v Newcastle United,Liverpool
2024-01-02_West,22093,2024-01-02,West Ham,Brighton,0,0,0.9831,2.1552,2023,West Ham v Brighton,West
2024-01-12_Burnley,22096,2024-01-12,Burnley,Luton,1,1,1.52023,0.965167,2023,Burnley v Luton,Burnley
2024-01-13_Chelsea,22097,2024-01-13,Chelsea,Fulham,1,0,2.0456,0.697847,2023,Chelsea v Fulham,Chelsea
2024-01-13_Newcastle,22100,2024-01-13,Newcastle United,Manchester City,2,3,1.23638,2.55452,2023,Newcastle United v Manchester City,Newcastle
2024-01-14_Everton,22098,2024-01-14,Everton,Aston Villa,0,0,1.03664,1.3435,2023,Everton v Aston Villa,Everton
2024-01-14_Manchester,22099,2024-01-14,Manchester United,Tottenham,2,2,0.923233,1.31224,2023,Manchester United v Tottenham,Manchester
2024-01-20_Arsenal,22103,2024-01-20,Arsenal,Crystal Palace,5,0,3.52167,0.288083,2023,Arsenal v Crystal Palace,Arsenal
2024-01-20_Brentford,22104,2024-01-20,Brentford,Nottingham Forest,3,2,1.94219,1.22251,2023,Brentford v Nottingham Forest,Brentford
2024-01-21_Sheffield,22101,2024-01-21,Sheffield United,West Ham,2,2,2.61362,2.4241,2023,Sheffield United v West Ham,Sheffield
2024-01-21_Bournemouth,22102,2024-01-21,Bournemouth,Liverpool,0,4,0.834585,1.53344,2023,Bournemouth v Liverpool,Bournemouth
2024-01-22_Brighton,22095,2024-01-22,Brighton,Wolverhampton Wanderers,0,0,1.3701,1.14116,2023,Brighton v Wolverhampton Wanderers,Brighton
2024-01-30_Nottingham,22108,2024-01-30,Nottingham Forest,Arsenal,1,2,0.631618,1.39143,2023,Nottingham Forest v Arsenal,Nottingham
2024-01-30_Fulham,22106,2024-01-30,Fulham,Everton,0,0,2.37499,2.83317,2023,Fulham v Everton,Fulham
2024-01-30_Luton,22107,2024-01-30,Luton,Brighton,4,0,3.63312,1.01366,2023,Luton v Brighton,Luton
2024-01-30_Crystal,22112,2024-01-30,Crystal Palace,Sheffield United,3,2,1.1601,0.768467,2023,Crystal Palace v Sheffield United,Crystal
2024-01-30_Aston,22105,2024-01-30,Aston Villa,Newcastle United,1,3,1.44485,3.3224,2023,Aston Villa v Newcastle United,Aston
2024-01-31_Tottenham,22109,2024-01-31,Tottenham,Brentford,3,2,3.36194,1.59637,2023,Tottenham v Brentford,Tottenham
2024-01-31_Manchester,22114,2024-01-31,Manchester City,Burnley,3,1,1.84756,1.49114,2023,Manchester City v Burnley,Manchester
2024-01-31_Liverpool,22113,2024-01-31,Liverpool,Chelsea,4,1,3.6627,0.477972,2023,Liverpool v Chelsea,Liverpool
2024-02-01_West,22110,2024-02-01,West Ham,Bournemouth,1,1,1.3128,1.13487,2023,West Ham v Bournemouth,West
2024-02-01_Wolverhampton,22111,2024-02-01,Wolverhampton Wanderers,Manchester United,3,4,2.27609,3.22698,2023,Wolverhampton Wanderers v Manchester United,Wolverhampton
2024-02-03_Everton,22121,2024-02-03,Everton,Tottenham,2,2,3.25881,0.922371,2023,Everton v Tottenham,Everton
2024-02-03_Brighton,22118,2024-02-03,Brighton,Crystal Palace,4,1,1.92591,0.241137,2023,Brighton v Crystal Palace,Brighton
2024-02-03_Burnley,22119,2024-02-03,Burnley,Fulham,2,2,1.00428,1.28806,2023,Burnley v Fulham,Burnley
2024-02-03_Newcastle,22123,2024-02-03,Newcastle United,Luton,4,4,2.37353,2.67463,2023,Newcastle United v Luton,Newcastle
2024-02-03_Sheffield,22124,2024-02-03,Sheffield United,Aston Villa,0,5,1.52784,2.99015,2023,Sheffield United v Aston Villa,Sheffield
2024-02-04_Bournemouth,22115,2024-02-04,Bournemouth,Nottingham Forest,1,1,1.1895,0.456548,2023,Bournemouth v Nottingham Forest,Bournemouth
2024-02-04_Chelsea,22120,2024-02-04,Chelsea,Wolverhampton Wanderers,2,4,2.35967,2.48996,2023,Chelsea v Wolverhampton Wanderers,Chelsea
2024-02-04_Manchester,22122,2024-02-04,Manchester United,West Ham,3,0,0.96721,1.1807,2023,Manchester United v West Ham,Manchester
2024-02-04_Arsenal,22116,2024-02-04,Arsenal,Liverpool,3,1,2.8526,0.542052,2023,Arsenal v Liverpool,Arsenal
2024-02-05_Brentford,22117,2024-02-05,Brentford,Manchester City,1,3,0.865741,2.10785,2023,Brentford v Manchester City,Brentford
2024-02-10_Manchester,22130,2024-02-10,Manchester City,Everton,2,0,1.58971,0.192072,2023,Manchester City v Everton,Manchester
2024-02-10_Fulham,22127,2024-02-10,Fulham,Bournemouth,3,1,1.7456,2.60612,2023,Fulham v Bournemouth,Fulham
2024-02-10_Liverpool,22128,2024-02-10,Liverpool,Burnley,3,1,3.14734,1.11123,2023,Liverpool v Burnley,Liverpool
2024-02-10_Luton,22129,2024-02-10,Luton,Sheffield United,1,3,1.76215,1.98283,2023,Luton v Sheffield United,Luton
2024-02-10_Tottenham,22132,2024-02-10,Tottenham,Brighton,2,1,2.10928,1.49285,2023,Tottenham v Brighton,Tottenham
2024-02-10_Wolverhampton,22134,2024-02-10,Wolverhampton Wanderers,Brentford,0,2,1.05781,1.84908,2023,Wolverhampton Wanderers v Brentford,Wolverhampton
2024-02-10_Nottingham,22131,2024-02-10,Nottingham Forest,Newcastle United,2,3,0.968075,0.511375,2023,Nottingham Forest v Newcastle United,Nottingham
2024-02-11_West,22133,2024-02-11,West Ham,Arsenal,0,6,0.191065,3.99893,2023,West Ham v Arsenal,West
2024-02-11_Aston,22125,2024-02-11,Aston Villa,Manchester United,1,2,2.64675,2.44591,2023,Aston Villa v Manchester United,Aston
2024-02-12_Crystal,22126,2024-02-12,Crystal Palace,Chelsea,1,3,0.719516,1.26948,2023,Crystal Palace v Chelsea,Crystal
2024-02-17_Brentford,22135,2024-02-17,Brentford,Liverpool,1,4,1.69518,3.08952,2023,Brentford v Liverpool,Brentford
2024-02-17_Burnley,22136,2024-02-17,Burnley,Arsenal,0,5,0.335143,2.20575,2023,Burnley v Arsenal,Burnley
2024-02-17_Fulham,22138,2024-02-17,Fulham,Aston Villa,1,2,1.41796,1.57297,2023,Fulham v Aston Villa,Fulham
2024-02-17_Newcastle,22141,2024-02-17,Newcastle United,Bournemouth,2,2,2.38425,2.08098,2023,Newcastle United v Bournemouth,Newcastle
2024-02-17_Nottingham,22142,2024-02-17,Nottingham Forest,West Ham,2,0,2.66942,0.520016,2023,Nottingham Forest v West Ham,Nottingham
2024-02-17_Tottenham,22144,2024-02-17,Tottenham,Wolverhampton Wanderers,1,2,1.59768,1.77591,2023,Tottenham v Wolverhampton Wanderers,Tottenham
2024-02-17_Manchester,22140,2024-02-17,Manchester City,Chelsea,1,1,2.77713,1.82903,2023,Manchester City v Chelsea,Manchester
2024-02-18_Sheffield,22143,2024-02-18,Sheffield United,Brighton,0,5,0.586214,3.35549,2023,Sheffield United v Brighton,Sheffield
2024-02-18_Luton,22139,2024-02-18,Luton,Manchester United,1,2,1.57234,3.58973,2023,Luton v Manchester United,Luton
2024-02-19_Everton,22137,2024-02-19,Everton,Crystal Palace,1,1,2.44588,0.734685,2023,Everton v Crystal Palace,Everton
2024-02-20_Manchester,22074,2024-02-20,Manchester City,Brentford,1,0,2.53766,0.503799,2023,Manchester City v Brentford,Manchester
2024-02-21_Liverpool,22151,2024-02-21,Liverpool,Luton,4,1,3.70302,0.956512,2023,Liverpool v Luton,Liverpool
2024-02-24_Aston,22147,2024-02-24,Aston Villa,Nottingham Forest,4,2,3.48861,2.25569,2023,Aston Villa v Nottingham Forest,Aston
2024-02-24_Brighton,22148,2024-02-24,Brighton,Everton,1,1,1.6538,0.286655,2023,Brighton v Everton,Brighton
2024-02-24_Crystal,22150,2024-02-24,Crystal Palace,Burnley,3,0,2.41612,0.0760216,2023,Crystal Palace v Burnley,Crystal
2024-02-24_Manchester,22152,2024-02-24,Manchester United,Fulham,1,2,1.96036,1.1385,2023,Manchester United v Fulham,Manchester
2024-02-24_Bournemouth,22145,2024-02-24,Bournemouth,Manchester City,0,1,0.925889,1.79636,2023,Bournemouth v Manchester City,Bournemouth
2024-02-24_Arsenal,22146,2024-02-24,Arsenal,Newcastle United,4,1,2.59336,0.217373,2023,Arsenal v Newcastle United,Arsenal
2024-02-25_Wolverhampton,22154,2024-02-25,Wolverhampton Wanderers,Sheffield United,1,0,1.21618,0.654342,2023,Wolverhampton Wanderers v Sheffield United,Wolverhampton
2024-02-26_West,22153,2024-02-26,West Ham,Brentford,4,2,2.06873,1.33683,2023,West Ham v Brentford,West
2024-03-02_Brentford,22155,2024-03-02,Brentford,Chelsea,2,2,2.4732,2.1523,2023,Brentford v Chelsea,Brentford
2024-03-02_Everton,22157,2024-03-02,Everton,West Ham,1,3,3.12075,2.17948,2023,Everton v West Ham,Everton
2024-03-02_Fulham,22158,2024-03-02,Fulham,Brighton,3,0,1.37604,1.15198,2023,Fulham v Brighton,Fulham
2024-03-02_Newcastle,22161,2024-03-02,Newcastle United,Wolverhampton Wanderers,3,0,3.33495,0.507769,2023,Newcastle United v Wolverhampton Wanderers,Newcastle
2024-03-02_Nottingham,22162,2024-03-02,Nottingham Forest,Liverpool,0,1,0.971466,1.32259,2023,Nottingham Forest v Liverpool,Nottingham
2024-03-02_Tottenham,22164,2024-03-02,Tottenham,Crystal Palace,3,1,2.6625,0.277887,2023,Tottenham v Crystal Palace,Tottenham
2024-03-02_Luton,22159,2024-03-02,Luton,Aston Villa,2,3,2.43312,2.08586,2023,Luton v Aston Villa,Luton
2024-03-03_Burnley,22156,2024-03-03,Burnley,Bournemouth,0,2,1.60461,1.43616,2023,Burnley v Bournemouth,Burnley
2024-03-03_Manchester,22160,2024-03-03,Manchester City,Manchester United,3,1,2.64173,0.153764,2023,Manchester City v Manchester United,Manchester
2024-03-04_Sheffield,22163,2024-03-04,Sheffield United,Arsenal,0,6,0.201374,2.47294,2023,Sheffield United v Arsenal,Sheffield
2024-03-09_Manchester,22172,2024-03-09,Manchester United,Everton,2,0,2.9016,1.8214,2023,Manchester United v Everton,Manchester
2024-03-09_Bournemouth,22165,2024-03-09,Bournemouth,Sheffield United,2,2,3.92657,1.91752,2023,Bournemouth v Sheffield United,Bournemouth
2024-03-09_Crystal,22170,2024-03-09,Crystal Palace,Luton,1,1,3.25103,1.08531,2023,Crystal Palace v Luton,Crystal
2024-03-09_Wolverhampton,22174,2024-03-09,Wolverhampton Wanderers,Fulham,2,1,1.29589,2.94155,2023,Wolverhampton Wanderers v Fulham,Wolverhampton
2024-03-09_Arsenal,22166,2024-03-09,Arsenal,Brentford,2,1,1.59369,0.733239,2023,Arsenal v Brentford,Arsenal
2024-03-10_Aston,22167,2024-03-10,Aston Villa,Tottenham,0,4,1.23267,2.25381,2023,Aston Villa v Tottenham,Aston
2024-03-10_Brighton,22168,2024-03-10,Brighton,Nottingham Forest,1,0,0.534518,0.687034,2023,Brighton v Nottingham Forest,Brighton
2024-03-10_West,22173,2024-03-10,West Ham,Burnley,2,2,1.87414,0.88131,2023,West Ham v Burnley,West
2024-03-10_Liverpool,22171,2024-03-10,Liverpool,Manchester City,1,1,2.25492,1.37289,2023,Liverpool v Manchester City,Liverpool
2024-03-11_Chelsea,22169,2024-03-11,Chelsea,Newcastle United,3,2,1.78315,0.568435,2023,Chelsea v Newcastle United,Chelsea
2024-03-13_Bournemouth,25861,2024-03-13,Bournemouth,Luton,4,3,2.84403,2.79419,2023,Bournemouth v Luton,Bournemouth
2024-03-16_Burnley,22177,2024-03-16,Burnley,Brentford,2,1,2.69776,1.25123,2023,Burnley v Brentford,Burnley
2024-03-16_Luton,22181,2024-03-16,Luton,Nottingham Forest,1,1,0.853782,1.95268,2023,Luton v Nottingham Forest,Luton
2024-03-16_Fulham,22180,2024-03-16,Fulham,Tottenham,3,0,2.47234,2.14564,2023,Fulham v Tottenham,Fulham
2024-03-17_West,22183,2024-03-17,West Ham,Aston Villa,1,1,1.32829,0.911274,2023,West Ham v Aston Villa,West
2024-03-30_Newcastle,22191,2024-03-30,Newcastle United,West Ham,4,3,3.80922,0.994584,2023,Newcastle United v West Ham,Newcastle
2024-03-30_Bournemouth,22185,2024-03-30,Bournemouth,Everton,2,1,1.39268,0.93378,2023,Bournemouth v Everton,Bournemouth
2024-03-30_Chelsea,22188,2024-03-30,Chelsea,Burnley,2,2,4.46643,2.10422,2023,Chelsea v Burnley,Chelsea
2024-03-30_Nottingham,22192,2024-03-30,Nottingham Forest,Crystal Palace,1,1,0.784652,0.900972,2023,Nottingham Forest v Crystal Palace,Nottingham
2024-03-30_Sheffield,22193,2024-03-30,Sheffield United,Fulham,3,3,1.78824,1.10254,2023,Sheffield United v Fulham,Sheffield
2024-03-30_Tottenham,22194,2024-03-30,Tottenham,Luton,2,1,2.46523,0.402402,2023,Tottenham v Luton,Tottenham
2024-03-30_Aston,22186,2024-03-30,Aston Villa,Wolverhampton Wanderers,2,0,1.28271,1.66232,2023,Aston Villa v Wolverhampton Wanderers,Aston
2024-03-30_Brentford,22187,2024-03-30,Brentford,Manchester United,1,1,3.16487,0.989565,2023,Brentford v Manchester United,Brentford
2024-03-31_Liverpool,22189,2024-03-31,Liverpool,Brighton,2,1,3.21149,0.43922,2023,Liverpool v Brighton,Liverpool
2024-03-31_Manchester,22190,2024-03-31,Manchester City,Arsenal,0,0,1.22009,0.511402,2023,Manchester City v Arsenal,Manchester
2024-04-02_Nottingham,22198,2024-04-02,Nottingham Forest,Fulham,3,1,1.94619,1.04304,2023,Nottingham Forest v Fulham,Nottingham
2024-04-02_Newcastle,22202,2024-04-02,Newcastle United,Everton,1,1,2.65009,1.69834,2023,Newcastle United v Everton,Newcastle
2024-04-02_Bournemouth,22195,2024-04-02,Bournemouth,Crystal Palace,1,0,1.30969,0.174389,2023,Bournemouth v Crystal Palace,Bournemouth
2024-04-02_Burnley,22197,2024-04-02,Burnley,Wolverhampton Wanderers,1,1,1.12581,1.01021,2023,Burnley v Wolverhampton Wanderers,Burnley
2024-04-02_West,22199,2024-04-02,West Ham,Tottenham,1,1,1.47017,1.39423,2023,West Ham v Tottenham,West
2024-04-03_Arsenal,22196,2024-04-03,Arsenal,Luton,2,0,1.14384,0.292082,2023,Arsenal v Luton,Arsenal
2024-04-03_Brentford,22200,2024-04-03,Brentford,Brighton,0,0,0.423299,1.22404,2023,Brentford v Brighton,Brentford
2024-04-03_Manchester,22204,2024-04-03,Manchester City,Aston Villa,4,1,3.87704,1.18643,2023,Manchester City v Aston Villa,Manchester
2024-04-04_Liverpool,22203,2024-04-04,Liverpool,Sheffield United,3,1,2.51772,0.720948,2023,Liverpool v Sheffield United,Liverpool
2024-04-04_Chelsea,22201,2024-04-04,Chelsea,Manchester United,4,3,3.48048,1.56686,2023,Chelsea v Manchester United,Chelsea
2024-04-06_Crystal,22207,2024-04-06,Crystal Palace,Manchester City,2,4,1.49472,2.26381,2023,Crystal Palace v Manchester City,Crystal
2024-04-06_Aston,22205,2024-04-06,Aston Villa,Brentford,3,3,1.16333,1.42064,2023,Aston Villa v Brentford,Aston
2024-04-06_Everton,22208,2024-04-06,Everton,Burnley,1,0,0.659844,0.34699,2023,Everton v Burnley,Everton
2024-04-06_Fulham,22209,2024-04-06,Fulham,Newcastle United,0,1,0.834564,1.18012,2023,Fulham v Newcastle United,Fulham
2024-04-06_Luton,22210,2024-04-06,Luton,Bournemouth,2,1,1.30478,0.616108,2023,Luton v Bournemouth,Luton
2024-04-06_Wolverhampton,22214,2024-04-06,Wolverhampton Wanderers,West Ham,1,2,1.78341,1.14133,2023,Wolverhampton Wanderers v West Ham,Wolverhampton
2024-04-06_Brighton,22206,2024-04-06,Brighton,Arsenal,0,3,0.428514,4.16518,2023,Brighton v Arsenal,Brighton
2024-04-07_Manchester,22211,2024-04-07,Manchester United,Liverpool,2,2,0.814509,4.43457,2023,Manchester United v Liverpool,Manchester
2024-04-07_Sheffield,22212,2024-04-07,Sheffield United,Chelsea,2,2,1.74265,0.521789,2023,Sheffield United v Chelsea,Sheffield
2024-04-07_Tottenham,22213,2024-04-07,Tottenham,Nottingham Forest,3,1,1.61978,2.00122,2023,Tottenham v Nottingham Forest,Tottenham
2024-04-13_Newcastle,22222,2024-04-13,Newcastle United,Tottenham,4,0,3.1483,0.737596,2023,Newcastle United v Tottenham,Newcastle
2024-04-13_Brentford,22217,2024-04-13,Brentford,Sheffield United,2,0,1.09071,0.834498,2023,Brentford v Sheffield United,Brentford
2024-04-13_Burnley,22218,2024-04-13,Burnley,Brighton,1,1,1.8522,0.889445,2023,Burnley v Brighton,Burnley
2024-04-13_Manchester,22221,2024-04-13,Manchester City,Luton,5,1,4.64245,0.809775,2023,Manchester City v Luton,Manchester
2024-04-13_Nottingham,22223,2024-04-13,Nottingham Forest,Wolverhampton Wanderers,2,2,1.76244,1.45688,2023,Nottingham Forest v Wolverhampton Wanderers,Nottingham
2024-04-13_Bournemouth,22215,2024-04-13,Bournemouth,Manchester United,2,2,2.38519,1.52274,2023,Bournemouth v Manchester United,Bournemouth
2024-04-14_Liverpool,22220,2024-04-14,Liverpool,Crystal Palace,0,1,3.04497,2.12879,2023,Liverpool v Crystal Palace,Liverpool
2024-04-14_West,22224,2024-04-14,West Ham,Fulham,0,2,1.45307,3.61413,2023,West Ham v Fulham,West
2024-04-14_Arsenal,22216,2024-04-14,Arsenal,Aston Villa,0,2,1.89003,0.929049,2023,Arsenal v Aston Villa,Arsenal
2024-04-15_Chelsea,22219,2024-04-15,Chelsea,Everton,6,0,3.37093,1.21791,2023,Chelsea v Everton,Chelsea
2024-04-20_Luton,22230,2024-04-20,Luton,Brentford,1,5,0.497799,3.7809,2023,Luton v Brentford,Luton
2024-04-20_Sheffield,22232,2024-04-20,Sheffield United,Burnley,1,4,1.97816,2.42338,2023,Sheffield United v Burnley,Sheffield
2024-04-20_Wolverhampton,22234,2024-04-20,Wolverhampton Wanderers,Arsenal,0,2,0.164516,1.66179,2023,Wolverhampton Wanderers v Arsenal,Wolverhampton
2024-04-21_Everton,22228,2024-04-21,Everton,Nottingham Forest,2,0,0.473233,1.18916,2023,Everton v Nottingham Forest,Everton
2024-04-21_Aston,22225,2024-04-21,Aston Villa,Bournemouth,3,1,2.62687,2.05211,2023,Aston Villa v Bournemouth,Aston
2024-04-21_Crystal,22227,2024-04-21,Crystal Palace,West Ham,5,2,3.7185,1.34536,2023,Crystal Palace v West Ham,Crystal
2024-04-21_Fulham,22229,2024-04-21,Fulham,Liverpool,1,3,0.83885,1.02445,2023,Fulham v Liverpool,Fulham
2024-04-23_Arsenal,22175,2024-04-23,Arsenal,Chelsea,5,0,3.45858,1.60343,2023,Arsenal v Chelsea,Arsenal
2024-04-24_Wolverhampton,22184,2024-04-24,Wolverhampton Wanderers,Bournemouth,0,1,0.484454,2.40311,2023,Wolverhampton Wanderers v Bournemouth,Wolverhampton
2024-04-24_Crystal,22178,2024-04-24,Crystal Palace,Newcastle United,2,0,1.43661,0.55129,2023,Crystal Palace v Newcastle United,Crystal
2024-04-24_Everton,22179,2024-04-24,Everton,Liverpool,2,0,1.89111,1.87155,2023,Everton v Liverpool,Everton
2024-04-24_Manchester,22182,2024-04-24,Manchester United,Sheffield United,4,2,3.51311,1.20517,2023,Manchester United v Sheffield United,Manchester
2024-04-25_Brighton,22176,2024-04-25,Brighton,Manchester City,0,4,0.572021,1.90507,2023,Brighton v Manchester City,Brighton
2024-04-27_West,22243,2024-04-27,West Ham,Liverpool,2,2,0.794025,2.29298,2023,West Ham v Liverpool,West
2024-04-27_Fulham,22238,2024-04-27,Fulham,Crystal Palace,1,1,1.39418,1.05387,2023,Fulham v Crystal Palace,Fulham
2024-04-27_Manchester,22239,2024-04-27,Manchester United,Burnley,1,1,3.06197,1.89591,2023,Manchester United v Burnley,Manchester
2024-04-27_Newcastle,22240,2024-04-27,Newcastle United,Sheffield United,5,1,2.93477,1.82408,2023,Newcastle United v Sheffield United,Newcastle
2024-04-27_Wolverhampton,22244,2024-04-27,Wolverhampton Wanderers,Luton,2,1,1.49011,0.90435,2023,Wolverhampton Wanderers v Luton,Wolverhampton
2024-04-27_Everton,22237,2024-04-27,Everton,Brentford,1,0,1.21399,0.956356,2023,Everton v Brentford,Everton
2024-04-27_Aston,22236,2024-04-27,Aston Villa,Chelsea,2,2,0.612257,1.56401,2023,Aston Villa v Chelsea,Aston
2024-04-28_Bournemouth,22235,2024-04-28,Bournemouth,Brighton,3,0,2.48132,1.35682,2023,Bournemouth v Brighton,Bournemouth
2024-04-28_Tottenham,22241,2024-04-28,Tottenham,Arsenal,2,3,2.60458,1.51469,2023,Tottenham v Arsenal,Tottenham
2024-04-28_Nottingham,22242,2024-04-28,Nottingham Forest,Manchester City,0,2,2.17312,0.932063,2023,Nottingham Forest v Manchester City,Nottingham
2024-05-02_Chelsea,22149,2024-05-02,Chelsea,Tottenham,2,0,2.22432,1.27064,2023,Chelsea v Tottenham,Chelsea
2024-05-03_Luton,22252,2024-05-03,Luton,Everton,1,1,0.950391,1.22959,2023,Luton v Everton,Luton
2024-05-04_Arsenal,22245,2024-05-04,Arsenal,Bournemouth,3,0,3.91372,0.4687,2023,Arsenal v Bournemouth,Arsenal
2024-05-04_Brentford,22246,2024-05-04,Brentford,Fulham,0,0,0.809379,1.45579,2023,Brentford v Fulham,Brentford
2024-05-04_Burnley,22248,2024-05-04,Burnley,Newcastle United,1,4,1.28632,4.25643,2023,Burnley v Newcastle United,Burnley
2024-05-04_Sheffield,22254,2024-05-04,Sheffield United,Nottingham Forest,1,3,2.48986,1.93818,2023,Sheffield United v Nottingham Forest,Sheffield
2024-05-04_Manchester,22253,2024-05-04,Manchester City,Wolverhampton Wanderers,5,1,4.52542,0.396887,2023,Manchester City v Wolverhampton Wanderers,Manchester
2024-05-05_Brighton,22247,2024-05-05,Brighton,Aston Villa,1,0,2.63566,0.0644055,2023,Brighton v Aston Villa,Brighton
2024-05-05_Chelsea,22249,2024-05-05,Chelsea,West Ham,5,0,4.21838,0.893899,2023,Chelsea v West Ham,Chelsea
2024-05-05_Liverpool,22251,2024-05-05,Liverpool,Tottenham,4,2,3.26222,1.17205,2023,Liverpool v Tottenham,Liverpool
2024-05-06_Crystal,22250,2024-05-06,Crystal Palace,Manchester United,4,0,2.0656,0.341417,2023,Crystal Palace v Manchester United,Crystal
2024-05-11_Fulham,22258,2024-05-11,Fulham,Manchester City,0,4,0.0886245,3.15218,2023,Fulham v Manchester City,Fulham
2024-05-11_Bournemouth,22255,2024-05-11,Bournemouth,Brentford,1,2,1.07237,1.92722,2023,Bournemouth v Brentford,Bournemouth
2024-05-11_Everton,22257,2024-05-11,Everton,Sheffield United,1,0,1.82411,0.465523,2023,Everton v Sheffield United,Everton
2024-05-11_Newcastle,22260,2024-05-11,Newcastle United,Brighton,1,1,2.45163,1.91556,2023,Newcastle United v Brighton,Newcastle
2024-05-11_Tottenham,22262,2024-05-11,Tottenham,Burnley,2,1,3.00238,0.950331,2023,Tottenham v Burnley,Tottenham
2024-05-11_West,22263,2024-05-11,West Ham,Luton,3,1,3.71009,0.640456,2023,West Ham v Luton,West
2024-05-11_Wolverhampton,22264,2024-05-11,Wolverhampton Wanderers,Crystal Palace,1,3,1.1561,2.51452,2023,Wolverhampton Wanderers v Crystal Palace,Wolverhampton
2024-05-11_Nottingham,22261,2024-05-11,Nottingham Forest,Chelsea,2,3,2.44569,2.41068,2023,Nottingham Forest v Chelsea,Nottingham
2024-05-12_Manchester,22259,2024-05-12,Manchester United,Arsenal,0,1,0.551669,1.73104,2023,Manchester United v Arsenal,Manchester
2024-05-13_Aston,22256,2024-05-13,Aston Villa,Liverpool,3,3,2.71655,1.89968,2023,Aston Villa v Liverpool,Aston
2024-05-14_Tottenham,22233,2024-05-14,Tottenham,Manchester City,0,2,1.84285,2.70331,2023,Tottenham v Manchester City,Tottenham
2024-05-15_Brighton,22226,2024-05-15,Brighton,Chelsea,1,2,1.32423,1.544,2023,Brighton v Chelsea,Brighton
2024-05-15_Manchester,22231,2024-05-15,Manchester United,Newcastle United,3,2,1.49706,2.27657,2023,Manchester United v Newcastle United,Manchester
2024-05-19_Arsenal,22265,2024-05-19,Arsenal,Everton,2,1,3.2117,0.664904,2023,Arsenal v Everton,Arsenal
2024-05-19_Brentford,22266,2024-05-19,Brentford,Newcastle United,2,4,1.70157,3.65044,2023,Brentford v Newcastle United,Brentford
2024-05-19_Brighton,22267,2024-05-19,Brighton,Manchester United,0,2,1.9717,1.00404,2023,Brighton v Manchester United,Brighton
2024-05-19_Burnley,22268,2024-05-19,Burnley,Nottingham Forest,1,2,1.08222,1.57962,2023,Burnley v Nottingham Forest,Burnley
2024-05-19_Chelsea,22269,2024-05-19,Chelsea,Bournemouth,2,1,1.59771,2.002,2023,Chelsea v Bournemouth,Chelsea
2024-05-19_Crystal,22270,2024-05-19,Crystal Palace,Aston Villa,5,0,2.23189,0.598846,2023,Crystal Palace v Aston Villa,Crystal
2024-05-19_Liverpool,22271,2024-05-19,Liverpool,Wolverhampton Wanderers,2,0,5.65937,0.731254,2023,Liverpool v Wolverhampton Wanderers,Liverpool
2024-05-19_Luton,22272,2024-05-19,Luton,Fulham,2,4,2.06743,1.11598,2023,Luton v Fulham,Luton
2024-05-19_Manchester,22273,2024-05-19,Manchester City,West Ham,3,1,2.31504,0.240159,2023,Manchester City v West Ham,Manchester
2024-05-19_Sheffield,22274,2024-05-19,Sheffield United,Tottenham,0,3,0.697312,3.19675,2023,Sheffield United v Tottenham,Sheffield
2024-08-16_Manchester,26602,2024-08-16,Manchester United,Fulham,1,0,2.04268,0.418711,2024,Manchester United v Fulham,Manchester
2024-08-17_Ipswich,26603,2024-08-17,Ipswich,Liverpool,0,2,0.342601,3.92906,2024,Ipswich v Liverpool,Ipswich
2024-08-17_Arsenal,26604,2024-08-17,Arsenal,Wolverhampton Wanderers,2,0,1.6283,0.575835,2024,Arsenal v Wolverhampton Wanderers,Arsenal
2024-08-17_Everton,26605,2024-08-17,Everton,Brighton,0,3,0.405325,1.79083,2024,Everton v Brighton,Everton
2024-08-17_Newcastle,26606,2024-08-17,Newcastle United,Southampton,1,0,0.433489,1.95483,2024,Newcastle United v Southampton,Newcastle
2024-08-17_Nottingham,26607,2024-08-17,Nottingham Forest,Bournemouth,1,1,1.24405,1.90915,2024,Nottingham Forest v Bournemouth,Nottingham
2024-08-17_West,26608,2024-08-17,West Ham,Aston Villa,1,2,2.8047,2.6703,2024,West Ham v Aston Villa,West
2024-08-18_Brentford,26609,2024-08-18,Brentford,Crystal Palace,2,1,1.38064,1.14757,2024,Brentford v Crystal Palace,Brentford
2024-08-18_Chelsea,26610,2024-08-18,Chelsea,Manchester City,0,2,1.06123,1.18038,2024,Chelsea v Manchester City,Chelsea
2024-08-19_Leicester,26611,2024-08-19,Leicester,Tottenham,1,1,1.02614,1.40775,2024,Leicester v Tottenham,Leicester
2024-08-24_Brighton,26612,2024-08-24,Brighton,Manchester United,2,1,2.14153,1.28556,2024,Brighton v Manchester United,Brighton
2024-08-24_Crystal,26613,2024-08-24,Crystal Palace,West Ham,0,2,1.3761,1.53421,2024,Crystal Palace v West Ham,Crystal
2024-08-24_Fulham,26614,2024-08-24,Fulham,Leicester,2,1,1.96218,0.857005,2024,Fulham v Leicester,Fulham
2024-08-24_Manchester,26615,2024-08-24,Manchester City,Ipswich,4,1,3.07818,0.479999,2024,Manchester City v Ipswich,Manchester
2024-08-24_Southampton,26616,2024-08-24,Southampton,Nottingham Forest,0,1,0.214952,2.86475,2024,Southampton v Nottingham Forest,Southampton
2024-08-24_Tottenham,26617,2024-08-24,Tottenham,Everton,4,0,2.61143,0.648869,2024,Tottenham v Everton,Tottenham
2024-08-24_Aston,26618,2024-08-24,Aston Villa,Arsenal,0,2,1.31664,1.41399,2024,Aston Villa v Arsenal,Aston
2024-08-25_Wolverhampton,26619,2024-08-25,Wolverhampton Wanderers,Chelsea,2,6,2.4181,2.02935,2024,Wolverhampton Wanderers v Chelsea,Wolverhampton
2024-08-25_Bournemouth,26620,2024-08-25,Bournemouth,Newcastle United,1,1,2.53513,1.89287,2024,Bournemouth v Newcastle United,Bournemouth
2024-08-25_Liverpool,26621,2024-08-25,Liverpool,Brentford,2,0,2.71877,0.457239,2024,Liverpool v Brentford,Liverpool
2024-08-31_Arsenal,26622,2024-08-31,Arsenal,Brighton,1,1,2.41798,1.81748,2024,Arsenal v Brighton,Arsenal
2024-08-31_Brentford,26623,2024-08-31,Brentford,Southampton,3,1,3.86281,1.64713,2024,Brentford v Southampton,Brentford
2024-08-31_Everton,26624,2024-08-31,Everton,Bournemouth,2,3,2.55629,2.95688,2024,Everton v Bournemouth,Everton
2024-08-31_Ipswich,26625,2024-08-31,Ipswich,Fulham,1,1,0.707048,1.18883,2024,Ipswich v Fulham,Ipswich
2024-08-31_Leicester,26626,2024-08-31,Leicester,Aston Villa,1,2,0.774741,2.16385,2024,Leicester v Aston Villa,Leicester
2024-08-31_Nottingham,26627,2024-08-31,Nottingham Forest,Wolverhampton Wanderers,1,1,1.41069,0.937632,2024,Nottingham Forest v Wolverhampton Wanderers,Nottingham
2024-08-31_West,26628,2024-08-31,West Ham,Manchester City,1,3,0.947201,3.19297,2024,West Ham v Manchester City,West
2024-09-01_Newcastle,26629,2024-09-01,Newcastle United,Tottenham,2,1,1.58694,1.63304,2024,Newcastle United v Tottenham,Newcastle
2024-09-01_Chelsea,26630,2024-09-01,Chelsea,Crystal Palace,1,1,2.97743,0.459708,2024,Chelsea v Crystal Palace,Chelsea
2024-09-01_Manchester,26631,2024-09-01,Manchester United,Liverpool,0,3,1.50087,2.10397,2024,Manchester United v Liverpool,Manchester
2024-09-14_Southampton,26632,2024-09-14,Southampton,Manchester United,0,3,1.35593,3.02693,2024,Southampton v Manchester United,Southampton
2024-09-14_Brighton,26633,2024-09-14,Brighton,Ipswich,0,0,1.75696,0.721323,2024,Brighton v Ipswich,Brighton
2024-09-14_Fulham,26634,2024-09-14,Fulham,West Ham,1,1,2.88601,0.682719,2024,Fulham v West Ham,Fulham
2024-09-14_Liverpool,26635,2024-09-14,Liverpool,Nottingham Forest,0,1,1.17044,0.589532,2024,Liverpool v Nottingham Forest,Liverpool
2024-09-14_Crystal,26636,2024-09-14,Crystal Palace,Leicester,2,2,2.88716,1.65187,2024,Crystal Palace v Leicester,Crystal
2024-09-14_Manchester,26637,2024-09-14,Manchester City,Brentford,2,1,1.55279,1.05094,2024,Manchester City v Brentford,Manchester
2024-09-14_Aston,26638,2024-09-14,Aston Villa,Everton,3,2,3.15876,0.852158,2024,Aston Villa v Everton,Aston
2024-09-14_Bournemouth,26639,2024-09-14,Bournemouth,Chelsea,0,1,1.53731,0.932726,2024,Bournemouth v Chelsea,Bournemouth
2024-09-15_Tottenham,26640,2024-09-15,Tottenham,Arsenal,0,1,0.792595,1.1209,2024,Tottenham v Arsenal,Tottenham
2024-09-15_Wolverhampton,26641,2024-09-15,Wolverhampton Wanderers,Newcastle United,1,2,1.46969,1.48343,2024,Wolverhampton Wanderers v Newcastle United,Wolverhampton
2024-09-21_West,26642,2024-09-21,West Ham,Chelsea,0,3,0.758267,2.39727,2024,West Ham v Chelsea,West
2024-09-21_Southampton,26643,2024-09-21,Southampton,Ipswich,1,1,2.89813,1.645,2024,Southampton v Ipswich,Southampton
2024-09-21_Leicester,26644,2024-09-21,Leicester,Everton,1,1,1.33793,1.82377,2024,Leicester v Everton,Leicester
2024-09-21_Liverpool,26645,2024-09-21,Liverpool,Bournemouth,3,0,2.43731,1.46979,2024,Liverpool v Bournemouth,Liverpool
2024-09-21_Fulham,26646,2024-09-21,Fulham,Newcastle United,3,1,3.21141,1.09768,2024,Fulham v Newcastle United,Fulham
2024-09-21_Aston,26647,2024-09-21,Aston Villa,Wolverhampton Wanderers,3,1,2.37351,0.520117,2024,Aston Villa v Wolverhampton Wanderers,Aston
2024-09-21_Tottenham,26648,2024-09-21,Tottenham,Brentford,3,1,3.89481,0.893565,2024,Tottenham v Brentford,Tottenham
2024-09-21_Crystal,26649,2024-09-21,Crystal Palace,Manchester United,0,0,1.66928,2.35056,2024,Crystal Palace v Manchester United,Crystal
2024-09-22_Brighton,26650,2024-09-22,Brighton,Nottingham Forest,2,2,1.56836,1.36923,2024,Brighton v Nottingham Forest,Brighton
2024-09-22_Manchester,26651,2024-09-22,Manchester City,Arsenal,2,2,2.75588,1.28411,2024,Manchester City v Arsenal,Manchester
2024-09-28_Newcastle,26652,2024-09-28,Newcastle United,Manchester City,1,1,1.34344,1.26516,2024,Newcastle United v Manchester City,Newcastle
2024-09-28_Nottingham,26653,2024-09-28,Nottingham Forest,Fulham,0,1,0.614351,1.43592,2024,Nottingham Forest v Fulham,Nottingham
2024-09-28_Everton,26654,2024-09-28,Everton,Crystal Palace,2,1,1.10959,1.12358,2024,Everton v Crystal Palace,Everton
2024-09-28_Arsenal,26655,2024-09-28,Arsenal,Leicester,4,2,6.05305,0.337909,2024,Arsenal v Leicester,Arsenal
2024-09-28_Brentford,26656,2024-09-28,Brentford,West Ham,1,1,0.370222,0.878617,2024,Brentford v West Ham,Brentford
2024-09-28_Chelsea,26657,2024-09-28,Chelsea,Brighton,4,2,3.65839,1.20712,2024,Chelsea v Brighton,Chelsea
2024-09-28_Wolverhampton,26658,2024-09-28,Wolverhampton Wanderers,Liverpool,1,2,0.748925,2.11724,2024,Wolverhampton Wanderers v Liverpool,Wolverhampton
2024-09-29_Ipswich,26659,2024-09-29,Ipswich,Aston Villa,2,2,1.84608,1.14494,2024,Ipswich v Aston Villa,Ipswich
2024-09-29_Manchester,26660,2024-09-29,Manchester United,Tottenham,0,3,0.600721,5.4072,2024,Manchester United v Tottenham,Manchester
2024-09-30_Bournemouth,26661,2024-09-30,Bournemouth,Southampton,3,1,1.44215,0.696068,2024,Bournemouth v Southampton,Bournemouth
2024-10-05_Crystal,26662,2024-10-05,Crystal Palace,Liverpool,0,1,0.609481,2.07332,2024,Crystal Palace v Liverpool,Crystal
2024-10-05_Leicester,26663,2024-10-05,Leicester,Bournemouth,1,0,0.912063,1.94963,2024,Leicester v Bournemouth,Leicester
2024-10-05_Manchester,26664,2024-10-05,Manchester City,Fulham,3,2,1.36684,2.75846,2024,Manchester City v Fulham,Manchester
2024-10-05_West,26665,2024-10-05,West Ham,Ipswich,4,1,4.39402,1.18463,2024,West Ham v Ipswich,West
2024-10-05_Arsenal,26666,2024-10-05,Arsenal,Southampton,3,1,3.25165,1.27313,2024,Arsenal v Southampton,Arsenal
2024-10-05_Brentford,26667,2024-10-05,Brentford,Wolverhampton Wanderers,5,3,4.13513,0.696254,2024,Brentford v Wolverhampton Wanderers,Brentford
2024-10-05_Everton,26669,2024-10-05,Everton,Newcastle United,0,0,0.692214,1.79048,2024,Everton v Newcastle United,Everton
2024-10-06_Chelsea,26668,2024-10-06,Chelsea,Nottingham Forest,1,1,2.27752,1.66654,2024,Chelsea v Nottingham Forest,Chelsea
2024-10-06_Aston,26670,2024-10-06,Aston Villa,Manchester United,0,0,0.532809,0.448537,2024,Aston Villa v Manchester United,Aston
2024-10-06_Brighton,26671,2024-10-06,Brighton,Tottenham,3,2,1.97217,1.09279,2024,Brighton v Tottenham,Brighton
2024-10-19_Tottenham,26672,2024-10-19,Tottenham,West Ham,4,1,1.44052,0.858803,2024,Tottenham v West Ham,Tottenham
2024-10-19_Fulham,26673,2024-10-19,Fulham,Aston Villa,1,3,2.63074,1.43595,2024,Fulham v Aston Villa,Fulham
2024-10-19_Ipswich,26674,2024-10-19,Ipswich,Everton,0,2,1.174,1.60804,2024,Ipswich v Everton,Ipswich
2024-10-19_Manchester,26675,2024-10-19,Manchester United,Brentford,2,1,1.76555,0.892843,2024,Manchester United v Brentford,Manchester
2024-10-19_Newcastle,26676,2024-10-19,Newcastle United,Brighton,0,1,1.93657,1.6779,2024,Newcastle United v Brighton,Newcastle
2024-10-19_Southampton,26678,2024-10-19,Southampton,Leicester,2,3,2.42776,2.83826,2024,Southampton v Leicester,Southampton
2024-10-19_Bournemouth,26680,2024-10-19,Bournemouth,Arsenal,2,0,2.18419,0.740758,2024,Bournemouth v Arsenal,Bournemouth
2024-10-20_Wolverhampton,26681,2024-10-20,Wolverhampton Wanderers,Manchester City,1,2,0.761217,1.36569,2024,Wolverhampton Wanderers v Manchester City,Wolverhampton
2024-10-20_Liverpool,26679,2024-10-20,Liverpool,Chelsea,2,1,2.22517,1.33904,2024,Liverpool v Chelsea,Liverpool
2024-10-21_Nottingham,26677,2024-10-21,Nottingham Forest,Crystal Palace,1,0,1.88573,0.835001,2024,Nottingham Forest v Crystal Palace,Nottingham
2024-10-25_Leicester,26682,2024-10-25,Leicester,Nottingham Forest,1,3,0.832415,2.54488,2024,Leicester v Nottingham Forest,Leicester
2024-10-26_Manchester,26683,2024-10-26,Manchester City,Southampton,1,0,3.16286,0.369989,2024,Manchester City v Southampton,Manchester
2024-10-26_Aston,26684,2024-10-26,Aston Villa,Bournemouth,1,1,1.974,0.328651,2024,Aston Villa v Bournemouth,Aston
2024-10-26_Brentford,26685,2024-10-26,Brentford,Ipswich,4,3,4.09663,1.65698,2024,Brentford v Ipswich,Brentford
2024-10-26_Brighton,26686,2024-10-26,Brighton,Wolverhampton Wanderers,2,2,1.51347,1.11074,2024,Brighton v Wolverhampton Wanderers,Brighton
2024-10-26_Everton,26687,2024-10-26,Everton,Fulham,1,1,0.884845,1.49531,2024,Everton v Fulham,Everton
2024-10-27_Chelsea,26688,2024-10-27,Chelsea,Newcastle United,2,1,1.61794,1.74225,2024,Chelsea v Newcastle United,Chelsea
2024-10-27_Crystal,26689,2024-10-27,Crystal Palace,Tottenham,1,0,0.978611,1.0192,2024,Crystal Palace v Tottenham,Crystal
2024-10-27_West,26690,2024-10-27,West Ham,Manchester United,2,1,2.99312,2.62598,2024,West Ham v Manchester United,West
2024-10-27_Arsenal,26691,2024-10-27,Arsenal,Liverpool,2,2,1.0883,1.35346,2024,Arsenal v Liverpool,Arsenal
2024-11-02_Newcastle,26694,2024-11-02,Newcastle United,Arsenal,1,0,0.859715,0.911305,2024,Newcastle United v Arsenal,Newcastle
2024-11-02_Bournemouth,26692,2024-11-02,Bournemouth,Manchester City,2,1,2.4493,2.3527,2024,Bournemouth v Manchester City,Bournemouth
2024-11-02_Ipswich,26695,2024-11-02,Ipswich,Leicester,1,1,1.33617,2.33858,2024,Ipswich v Leicester,Ipswich
2024-11-02_Liverpool,26696,2024-11-02,Liverpool,Brighton,2,1,1.81037,1.01568,2024,Liverpool v Brighton,Liverpool
2024-11-02_Nottingham,26698,2024-11-02,Nottingham Forest,West Ham,3,0,2.35011,0.132317,2024,Nottingham Forest v West Ham,Nottingham
2024-11-02_Southampton,26699,2024-11-02,Southampton,Everton,1,0,0.540345,1.78581,2024,Southampton v Everton,Southampton
2024-11-02_Wolverhampton,26701,2024-11-02,Wolverhampton Wanderers,Crystal Palace,2,2,1.65018,2.64849,2024,Wolverhampton Wanderers v Crystal Palace,Wolverhampton
2024-11-03_Tottenham,26700,2024-11-03,Tottenham,Aston Villa,4,1,2.09751,2.48749,2024,Tottenham v Aston Villa,Tottenham
2024-11-03_Manchester,26697,2024-11-03,Manchester United,Chelsea,1,1,2.1605,1.21071,2024,Manchester United v Chelsea,Manchester
2024-11-04_Fulham,26693,2024-11-04,Fulham,Brentford,2,1,1.43017,0.739231,2024,Fulham v Brentford,Fulham
2024-11-09_Brentford,26702,2024-11-09,Brentford,Bournemouth,3,2,1.56474,2.49234,2024,Brentford v Bournemouth,Brentford
2024-11-09_Crystal,26706,2024-11-09,Crystal Palace,Fulham,0,2,1.96037,2.25331,2024,Crystal Palace v Fulham,Crystal
2024-11-09_West,26710,2024-11-09,West Ham,Everton,0,0,1.1237,0.865983,2024,West Ham v Everton,West
2024-11-09_Wolverhampton,26711,2024-11-09,Wolverhampton Wanderers,Southampton,2,0,0.912781,0.792655,2024,Wolverhampton Wanderers v Southampton,Wolverhampton
2024-11-09_Brighton,26703,2024-11-09,Brighton,Manchester City,2,1,2.87116,2.60334,2024,Brighton v Manchester City,Brighton
2024-11-09_Liverpool,26707,2024-11-09,Liverpool,Aston Villa,2,0,2.68196,1.66337,2024,Liverpool v Aston Villa,Liverpool
2024-11-10_Nottingham,26704,2024-11-10,Nottingham Forest,Newcastle United,1,3,1.17852,1.86904,2024,Nottingham Forest v Newcastle United,Nottingham
2024-11-10_Manchester,26708,2024-11-10,Manchester United,Leicester,3,0,1.2369,0.417295,2024,Manchester United v Leicester,Manchester
2024-11-10_Tottenham,26709,2024-11-10,Tottenham,Ipswich,1,2,1.75088,2.18392,2024,Tottenham v Ipswich,Tottenham
2024-11-10_Chelsea,26705,2024-11-10,Chelsea,Arsenal,1,1,1.24067,1.9605,2024,Chelsea v Arsenal,Chelsea
2024-11-23_Leicester,26719,2024-11-23,Leicester,Chelsea,1,2,0.967987,2.81658,2024,Leicester v Chelsea,Leicester
2024-11-23_Bournemouth,26712,2024-11-23,Bournemouth,Brighton,1,2,1.91157,1.23059,2024,Bournemouth v Brighton,Bournemouth
2024-11-23_Arsenal,26714,2024-11-23,Arsenal,Nottingham Forest,3,0,1.66016,0.403136,2024,Arsenal v Nottingham Forest,Arsenal
2024-11-23_Everton,26715,2024-11-23,Everton,Brentford,0,0,1.5951,1.34314,2024,Everton v Brentford,Everton
2024-11-23_Aston,26716,2024-11-23,Aston Villa,Crystal Palace,2,2,3.04455,1.61437,2024,Aston Villa v Crystal Palace,Aston
2024-11-23_Fulham,26717,2024-11-23,Fulham,Wolverhampton Wanderers,1,4,0.717158,1.33903,2024,Fulham v Wolverhampton Wanderers,Fulham
2024-11-23_Manchester,26720,2024-11-23,Manchester City,Tottenham,0,4,2.15899,3.30449,2024,Manchester City v Tottenham,Manchester
2024-11-24_Southampton,26721,2024-11-24,Southampton,Liverpool,2,3,1.53985,3.18835,2024,Southampton v Liverpool,Southampton
2024-11-24_Ipswich,26718,2024-11-24,Ipswich,Manchester United,1,1,1.98714,1.26912,2024,Ipswich v Manchester United,Ipswich
2024-11-25_Newcastle,26713,2024-11-25,Newcastle United,West Ham,0,2,1.49781,0.942824,2024,Newcastle United v West Ham,Newcastle
2024-11-29_Brighton,26723,2024-11-29,Brighton,Southampton,1,1,1.86986,0.934969,2024,Brighton v Southampton,Brighton
2024-11-30_Brentford,26722,2024-11-30,Brentford,Leicester,4,1,2.21885,0.907555,2024,Brentford v Leicester,Brentford
2024-11-30_Crystal,26725,2024-11-30,Crystal Palace,Newcastle United,1,1,2.29595,0.020989,2024,Crystal Palace v Newcastle United,Crystal
2024-11-30_Nottingham,26728,2024-11-30,Nottingham Forest,Ipswich,1,0,1.76587,0.462771,2024,Nottingham Forest v Ipswich,Nottingham
2024-11-30_Wolverhampton,26731,2024-11-30,Wolverhampton Wanderers,Bournemouth,2,4,0.866034,3.07901,2024,Wolverhampton Wanderers v Bournemouth,Wolverhampton
2024-11-30_West,26730,2024-11-30,West Ham,Arsenal,2,5,1.23539,3.99935,2024,West Ham v Arsenal,West
2024-12-01_Chelsea,26724,2024-12-01,Chelsea,Aston Villa,3,0,1.94939,0.875443,2024,Chelsea v Aston Villa,Chelsea
2024-12-01_Manchester,26727,2024-12-01,Manchester United,Everton,4,0,1.76161,0.766749,2024,Manchester United v Everton,Manchester
2024-12-01_Tottenham,26729,2024-12-01,Tottenham,Fulham,1,1,1.01086,1.57274,2024,Tottenham v Fulham,Tottenham
2024-12-01_Liverpool,26726,2024-12-01,Liverpool,Manchester City,2,0,3.70054,0.745015,2024,Liverpool v Manchester City,Liverpool
2024-12-03_Ipswich,26737,2024-12-03,Ipswich,Crystal Palace,0,1,0.471708,1.65422,2024,Ipswich v Crystal Palace,Ipswich
2024-12-03_Leicester,26738,2024-12-03,Leicester,West Ham,3,1,2.78061,2.87716,2024,Leicester v West Ham,Leicester
2024-12-04_Everton,26735,2024-12-04,Everton,Wolverhampton Wanderers,4,0,1.49904,0.847724,2024,Everton v Wolverhampton Wanderers,Everton
2024-12-04_Manchester,26739,2024-12-04,Manchester City,Nottingham Forest,3,0,3.20169,0.802155,2024,Manchester City v Nottingham Forest,Manchester
2024-12-04_Newcastle,26740,2024-12-04,Newcastle United,Liverpool,3,3,1.52057,2.22766,2024,Newcastle United v Liverpool,Newcastle
2024-12-04_Southampton,26741,2024-12-04,Southampton,Chelsea,1,5,1.91014,5.8331,2024,Southampton v Chelsea,Southampton
2024-12-04_Arsenal,26733,2024-12-04,Arsenal,Manchester United,2,0,2.96684,0.256083,2024,Arsenal v Manchester United,Arsenal
2024-12-04_Aston,26734,2024-12-04,Aston Villa,Brentford,3,1,3.21673,1.13266,2024,Aston Villa v Brentford,Aston
2024-12-05_Fulham,26736,2024-12-05,Fulham,Brighton,3,1,0.666644,1.09939,2024,Fulham v Brighton,Fulham
2024-12-05_Bournemouth,26732,2024-12-05,Bournemouth,Tottenham,1,0,3.27716,0.623934,2024,Bournemouth v Tottenham,Bournemouth
2024-12-07_Aston,26742,2024-12-07,Aston Villa,Southampton,1,0,2.51338,0.385832,2024,Aston Villa v Southampton,Aston
2024-12-07_Brentford,26743,2024-12-07,Brentford,Newcastle United,4,2,1.746,1.95645,2024,Brentford v Newcastle United,Brentford
2024-12-07_Crystal,26747,2024-12-07,Crystal Palace,Manchester City,2,2,1.21476,1.5846,2024,Crystal Palace v Manchester City,Crystal
2024-12-07_Manchester,26744,2024-12-07,Manchester United,Nottingham Forest,2,3,1.4697,0.651217,2024,Manchester United v Nottingham Forest,Manchester
2024-12-08_Fulham,26749,2024-12-08,Fulham,Arsenal,1,1,0.150988,2.4333,2024,Fulham v Arsenal,Fulham
2024-12-08_Ipswich,26750,2024-12-08,Ipswich,Bournemouth,1,2,1.5668,3.49127,2024,Ipswich v Bournemouth,Ipswich
2024-12-08_Leicester,26751,2024-12-08,Leicester,Brighton,2,2,1.42438,1.12184,2024,Leicester v Brighton,Leicester
2024-12-08_Tottenham,26745,2024-12-08,Tottenham,Chelsea,3,4,3.25488,2.57326,2024,Tottenham v Chelsea,Tottenham
2024-12-09_West,26746,2024-12-09,West Ham,Wolverhampton Wanderers,2,1,1.19808,1.47567,2024,West Ham v Wolverhampton Wanderers,West
2024-12-14_Liverpool,26752,2024-12-14,Liverpool,Fulham,2,2,2.09698,1.2862,2024,Liverpool v Fulham,Liverpool
2024-12-14_Arsenal,26755,2024-12-14,Arsenal,Everton,0,0,1.30865,0.132166,2024,Arsenal v Everton,Arsenal
2024-12-14_Wolverhampton,26758,2024-12-14,Wolverhampton Wanderers,Ipswich,1,2,1.23748,1.73349,2024,Wolverhampton Wanderers v Ipswich,Wolverhampton
2024-12-14_Newcastle,26760,2024-12-14,Newcastle United,Leicester,4,0,3.95461,0.186759,2024,Newcastle United v Leicester,Newcastle
2024-12-14_Nottingham,26761,2024-12-14,Nottingham Forest,Aston Villa,2,1,2.2861,0.389423,2024,Nottingham Forest v Aston Villa,Nottingham
2024-12-15_Brighton,26756,2024-12-15,Brighton,Crystal Palace,1,3,1.32323,3.00618,2024,Brighton v Crystal Palace,Brighton
2024-12-15_Manchester,26753,2024-12-15,Manchester City,Manchester United,1,2,0.638103,2.04662,2024,Manchester City v Manchester United,Manchester
2024-12-15_Chelsea,26757,2024-12-15,Chelsea,Brentford,2,1,2.59146,1.65861,2024,Chelsea v Brentford,Chelsea
2024-12-15_Southampton,26759,2024-12-15,Southampton,Tottenham,0,5,1.27356,3.89322,2024,Southampton v Tottenham,Southampton
2024-12-16_Bournemouth,26754,2024-12-16,Bournemouth,West Ham,1,1,2.04842,1.81827,2024,Bournemouth v West Ham,Bournemouth
2024-12-21_Aston,26762,2024-12-21,Aston Villa,Manchester City,2,1,2.05988,1.09627,2024,Aston Villa v Manchester City,Aston
2024-12-21_Brentford,26766,2024-12-21,Brentford,Nottingham Forest,0,2,0.769004,0.964897,2024,Brentford v Nottingham Forest,Brentford
2024-12-21_West,26767,2024-12-21,West Ham,Brighton,1,1,1.22937,1.34379,2024,West Ham v Brighton,West
2024-12-21_Ipswich,26771,2024-12-21,Ipswich,Newcastle United,0,4,1.06427,3.23386,2024,Ipswich v Newcastle United,Ipswich
2024-12-21_Crystal,26765,2024-12-21,Crystal Palace,Arsenal,1,5,1.6052,3.05434,2024,Crystal Palace v Arsenal,Crystal
2024-12-22_Fulham,26763,2024-12-22,Fulham,Southampton,0,0,1.25255,0.280031,2024,Fulham v Southampton,Fulham
2024-12-22_Everton,26764,2024-12-22,Everton,Chelsea,0,0,1.07081,1.51591,2024,Everton v Chelsea,Everton
2024-12-22_Manchester,26769,2024-12-22,Manchester United,Bournemouth,0,3,2.28533,1.82831,2024,Manchester United v Bournemouth,Manchester
2024-12-22_Leicester,26770,2024-12-22,Leicester,Wolverhampton Wanderers,0,3,0.78868,1.13531,2024,Leicester v Wolverhampton Wanderers,Leicester
2024-12-22_Tottenham,26768,2024-12-22,Tottenham,Liverpool,3,6,1.20245,5.20214,2024,Tottenham v Liverpool,Tottenham
2024-12-26_Manchester,26777,2024-12-26,Manchester City,Everton,1,1,2.51965,0.653289,2024,Manchester City v Everton,Manchester
2024-12-26_Bournemouth,26772,2024-12-26,Bournemouth,Crystal Palace,0,0,1.20189,0.500066,2024,Bournemouth v Crystal Palace,Bournemouth
2024-12-26_Chelsea,26775,2024-12-26,Chelsea,Fulham,1,2,1.55626,1.77929,2024,Chelsea v Fulham,Chelsea
2024-12-26_Newcastle,26778,2024-12-26,Newcastle United,Aston Villa,3,0,2.82867,0.225522,2024,Newcastle United v Aston Villa,Newcastle
2024-12-26_Nottingham,26779,2024-12-26,Nottingham Forest,Tottenham,1,0,1.30018,1.05758,2024,Nottingham Forest v Tottenham,Nottingham
2024-12-26_Southampton,26780,2024-12-26,Southampton,West Ham,0,1,2.19833,1.90111,2024,Southampton v West Ham,Southampton
2024-12-26_Wolverhampton,26781,2024-12-26,Wolverhampton Wanderers,Manchester United,2,0,0.826489,0.358876,2024,Wolverhampton Wanderers v Manchester United,Wolverhampton
2024-12-26_Liverpool,26776,2024-12-26,Liverpool,Leicester,3,1,1.89935,0.22097,2024,Liverpool v Leicester,Liverpool
2024-12-27_Brighton,26774,2024-12-27,Brighton,Brentford,0,0,1.33538,0.961233,2024,Brighton v Brentford,Brighton
2024-12-27_Arsenal,26773,2024-12-27,Arsenal,Ipswich,1,0,2.16462,0.0783327,2024,Arsenal v Ipswich,Arsenal
2024-12-29_Leicester,26788,2024-12-29,Leicester,Manchester City,0,2,1.84208,1.58002,2024,Leicester v Manchester City,Leicester
2024-12-29_Crystal,26784,2024-12-29,Crystal Palace,Southampton,2,1,3.05417,1.21853,2024,Crystal Palace v Southampton,Crystal
2024-12-29_Everton,26785,2024-12-29,Everton,Nottingham Forest,0,2,0.615191,2.02753,2024,Everton v Nottingham Forest,Everton
2024-12-29_Fulham,26786,2024-12-29,Fulham,Bournemouth,2,2,0.961566,1.70692,2024,Fulham v Bournemouth,Fulham
2024-12-29_Tottenham,26790,2024-12-29,Tottenham,Wolverhampton Wanderers,2,2,2.28433,0.640697,2024,Tottenham v Wolverhampton Wanderers,Tottenham
2024-12-29_West,26791,2024-12-29,West Ham,Liverpool,0,5,0.518279,3.29868,2024,West Ham v Liverpool,West
2024-12-30_Aston,26782,2024-12-30,Aston Villa,Brighton,2,2,1.87997,0.938042,2024,Aston Villa v Brighton,Aston
2024-12-30_Ipswich,26787,2024-12-30,Ipswich,Chelsea,2,0,1.50093,1.60622,2024,Ipswich v Chelsea,Ipswich
2024-12-30_Manchester,26789,2024-12-30,Manchester United,Newcastle United,0,2,1.00073,2.2424,2024,Manchester United v Newcastle United,Manchester
2025-01-01_Brentford,26783,2025-01-01,Brentford,Arsenal,1,3,0.272604,1.99848,2024,Brentford v Arsenal,Brentford
2025-01-04_Tottenham,26800,2025-01-04,Tottenham,Newcastle United,1,2,1.00333,2.42963,2024,Tottenham v Newcastle United,Tottenham
2025-01-04_Bournemouth,26792,2025-01-04,Bournemouth,Everton,1,0,2.61852,0.561015,2024,Bournemouth v Everton,Bournemouth
2025-01-04_Aston,26793,2025-01-04,Aston Villa,Leicester,2,1,2.3456,0.81548,2024,Aston Villa v Leicester,Aston
2025-01-04_Crystal,26795,2025-01-04,Crystal Palace,Chelsea,1,1,1.2766,1.51541,2024,Crystal Palace v Chelsea,Crystal
2025-01-04_Manchester,26798,2025-01-04,Manchester City,West Ham,4,1,1.97986,1.53286,2024,Manchester City v West Ham,Manchester
2025-01-04_Southampton,26799,2025-01-04,Southampton,Brentford,0,5,0.249614,5.54874,2024,Southampton v Brentford,Southampton
2025-01-04_Brighton,26794,2025-01-04,Brighton,Arsenal,1,1,1.76513,1.81142,2024,Brighton v Arsenal,Brighton
2025-01-05_Fulham,26796,2025-01-05,Fulham,Ipswich,2,2,2.65469,1.4434,2024,Fulham v Ipswich,Fulham
2025-01-05_Liverpool,26797,2025-01-05,Liverpool,Manchester United,2,2,2.862,1.67469,2024,Liverpool v Manchester United,Liverpool
2025-01-06_Wolverhampton,26801,2025-01-06,Wolverhampton Wanderers,Nottingham Forest,0,3,1.90463,2.57227,2024,Wolverhampton Wanderers v Nottingham Forest,Wolverhampton
2025-01-14_Brentford,26803,2025-01-14,Brentford,Manchester City,2,2,2.39088,2.65315,2024,Brentford v Manchester City,Brentford
2025-01-14_West,26808,2025-01-14,West Ham,Fulham,3,2,0.937322,2.83581,2024,West Ham v Fulham,West
2025-01-14_Chelsea,26809,2025-01-14,Chelsea,Bournemouth,2,2,2.53808,1.14845,2024,Chelsea v Bournemouth,Chelsea
2025-01-14_Nottingham,26807,2025-01-14,Nottingham Forest,Liverpool,1,1,0.5292,2.72291,2024,Nottingham Forest v Liverpool,Nottingham
2025-01-15_Everton,26804,2025-01-15,Everton,Aston Villa,0,1,1.23126,1.28522,2024,Everton v Aston Villa,Everton
2025-01-15_Leicester,26806,2025-01-15,Leicester,Crystal Palace,0,2,2.09904,2.2647,2024,Leicester v Crystal Palace,Leicester
2025-01-15_Newcastle,26810,2025-01-15,Newcastle United,Wolverhampton Wanderers,3,0,2.13327,1.47433,2024,Newcastle United v Wolverhampton Wanderers,Newcastle
2025-01-15_Arsenal,26802,2025-01-15,Arsenal,Tottenham,2,1,2.25501,0.777071,2024,Arsenal v Tottenham,Arsenal
2025-01-16_Ipswich,26805,2025-01-16,Ipswich,Brighton,0,2,0.268127,1.06343,2024,Ipswich v Brighton,Ipswich
2025-01-16_Manchester,26811,2025-01-16,Manchester United,Southampton,3,1,3.10847,1.36705,2024,Manchester United v Southampton,Manchester
2025-01-18_Newcastle,26819,2025-01-18,Newcastle United,Bournemouth,1,4,0.837801,2.70174,2024,Newcastle United v Bournemouth,Newcastle
2025-01-18_Brentford,26813,2025-01-18,Brentford,Liverpool,0,2,1.20021,4.16249,2024,Brentford v Liverpool,Brentford
2025-01-18_Leicester,26817,2025-01-18,Leicester,Fulham,0,2,0.676934,2.36823,2024,Leicester v Fulham,Leicester
2025-01-18_West,26821,2025-01-18,West Ham,Crystal Palace,0,2,0.221062,1.62561,2024,West Ham v Crystal Palace,West
2025-01-18_Arsenal,26812,2025-01-18,Arsenal,Aston Villa,2,2,1.64458,1.20602,2024,Arsenal v Aston Villa,Arsenal
2025-01-19_Everton,26815,2025-01-19,Everton,Tottenham,3,2,2.56089,1.35719,2024,Everton v Tottenham,Everton
2025-01-19_Manchester,26818,2025-01-19,Manchester United,Brighton,1,3,1.31823,2.17172,2024,Manchester United v Brighton,Manchester
2025-01-19_Nottingham,26820,2025-01-19,Nottingham Forest,Southampton,3,2,2.36419,1.25922,2024,Nottingham Forest v Southampton,Nottingham
2025-01-19_Ipswich,26816,2025-01-19,Ipswich,Manchester City,0,6,0.795637,3.20228,2024,Ipswich v Manchester City,Ipswich
2025-01-20_Chelsea,26814,2025-01-20,Chelsea,Wolverhampton Wanderers,3,1,3.14882,1.06726,2024,Chelsea v Wolverhampton Wanderers,Chelsea
2025-01-25_Bournemouth,26822,2025-01-25,Bournemouth,Nottingham Forest,5,0,2.8254,0.996166,2024,Bournemouth v Nottingham Forest,Bournemouth
2025-01-25_Brighton,26824,2025-01-25,Brighton,Everton,0,1,0.64378,0.870883,2024,Brighton v Everton,Brighton
2025-01-25_Liverpool,26827,2025-01-25,Liverpool,Ipswich,4,1,2.16809,0.804707,2024,Liverpool v Ipswich,Liverpool
2025-01-25_Southampton,26829,2025-01-25,Southampton,Newcastle United,1,3,0.825621,3.08319,2024,Southampton v Newcastle United,Southampton
2025-01-25_Wolverhampton,26831,2025-01-25,Wolverhampton Wanderers,Arsenal,0,1,0.514724,0.887358,2024,Wolverhampton Wanderers v Arsenal,Wolverhampton
2025-01-25_Manchester,26828,2025-01-25,Manchester City,Chelsea,3,1,2.23213,1.49843,2024,Manchester City v Chelsea,Manchester
2025-01-26_Crystal,26825,2025-01-26,Crystal Palace,Brentford,1,2,1.23177,1.92037,2024,Crystal Palace v Brentford,Crystal
2025-01-26_Tottenham,26830,2025-01-26,Tottenham,Leicester,1,2,1.27483,1.40469,2024,Tottenham v Leicester,Tottenham
2025-01-26_Aston,26823,2025-01-26,Aston Villa,West Ham,1,1,0.907851,1.67886,2024,Aston Villa v West Ham,Aston
2025-01-26_Fulham,26826,2025-01-26,Fulham,Manchester United,0,1,0.560571,0.201988,2024,Fulham v Manchester United,Fulham
2025-02-01_Nottingham,26840,2025-02-01,Nottingham Forest,Brighton,7,0,4.0677,0.756296,2024,Nottingham Forest v Brighton,Nottingham
2025-02-01_Bournemouth,26832,2025-02-01,Bournemouth,Liverpool,0,2,1.65273,2.7219,2024,Bournemouth v Liverpool,Bournemouth
2025-02-01_Everton,26836,2025-02-01,Everton,Leicester,4,0,3.11261,0.447136,2024,Everton v Leicester,Everton
2025-02-01_Ipswich,26837,2025-02-01,Ipswich,Southampton,1,2,1.94845,1.17566,2024,Ipswich v Southampton,Ipswich
2025-02-01_Newcastle,26839,2025-02-01,Newcastle United,Fulham,1,2,1.22716,1.60881,2024,Newcastle United v Fulham,Newcastle
2025-02-01_Wolverhampton,26841,2025-02-01,Wolverhampton Wanderers,Aston Villa,2,0,2.00146,0.742809,2024,Wolverhampton Wanderers v Aston Villa,Wolverhampton
2025-02-02_Brentford,26834,2025-02-02,Brentford,Tottenham,0,2,1.66475,0.945355,2024,Brentford v Tottenham,Brentford
2025-02-02_Manchester,26838,2025-02-02,Manchester United,Crystal Palace,0,2,1.50706,2.44633,2024,Manchester United v Crystal Palace,Manchester
2025-02-02_Arsenal,26833,2025-02-02,Arsenal,Manchester City,5,1,1.53202,0.743191,2024,Arsenal v Manchester City,Arsenal
2025-02-03_Chelsea,26835,2025-02-03,Chelsea,West Ham,2,1,1.39066,1.1868,2024,Chelsea v West Ham,Chelsea
2025-02-12_Everton,26748,2025-02-12,Everton,Liverpool,2,2,0.910523,0.929103,2024,Everton v Liverpool,Everton
2025-02-14_Brighton,26843,2025-02-14,Brighton,Chelsea,3,0,2.06892,0.649788,2024,Brighton v Chelsea,Brighton
2025-02-15_Leicester,26846,2025-02-15,Leicester,Arsenal,0,2,0.233209,1.75,2024,Leicester v Arsenal,Leicester
2025-02-15_Aston,26842,2025-02-15,Aston Villa,Ipswich,1,1,2.89841,0.332864,2024,Aston Villa v Ipswich,Aston
2025-02-15_Fulham,26845,2025-02-15,Fulham,Nottingham Forest,2,1,2.20993,0.331301,2024,Fulham v Nottingham Forest,Fulham
2025-02-15_Manchester,26848,2025-02-15,Manchester City,Newcastle United,4,0,2.12004,0.157211,2024,Manchester City v Newcastle United,Manchester
2025-02-15_Southampton,26849,2025-02-15,Southampton,Bournemouth,1,3,0.974418,2.08722,2024,Southampton v Bournemouth,Southampton
2025-02-15_West,26851,2025-02-15,West Ham,Brentford,0,1,0.673466,1.96499,2024,West Ham v Brentford,West
2025-02-15_Crystal,26844,2025-02-15,Crystal Palace,Everton,1,2,2.30646,1.01565,2024,Crystal Palace v Everton,Crystal
2025-02-16_Liverpool,26847,2025-02-16,Liverpool,Wolverhampton Wanderers,2,1,1.86758,1.05329,2024,Liverpool v Wolverhampton Wanderers,Liverpool
2025-02-16_Tottenham,26850,2025-02-16,Tottenham,Manchester United,1,0,1.97109,1.42652,2024,Tottenham v Manchester United,Tottenham
2025-02-19_Aston,26884,2025-02-19,Aston Villa,Liverpool,2,2,1.02269,2.04279,2024,Aston Villa v Liverpool,Aston
2025-02-21_Leicester,26858,2025-02-21,Leicester,Brentford,0,4,0.727901,2.03465,2024,Leicester v Brentford,Leicester
2025-02-22_Everton,26855,2025-02-22,Everton,Manchester United,2,2,2.10444,0.645685,2024,Everton v Manchester United,Everton
2025-02-22_Bournemouth,26852,2025-02-22,Bournemouth,Wolverhampton Wanderers,0,1,0.629691,2.10124,2024,Bournemouth v Wolverhampton Wanderers,Bournemouth
2025-02-22_Arsenal,26853,2025-02-22,Arsenal,West Ham,0,1,1.37264,1.02684,2024,Arsenal v West Ham,Arsenal
2025-02-22_Fulham,26856,2025-02-22,Fulham,Crystal Palace,0,2,0.23426,1.46203,2024,Fulham v Crystal Palace,Fulham
2025-02-22_Ipswich,26857,2025-02-22,Ipswich,Tottenham,1,4,1.15389,1.58741,2024,Ipswich v Tottenham,Ipswich
2025-02-22_Southampton,26861,2025-02-22,Southampton,Brighton,0,4,0.154147,5.12018,2024,Southampton v Brighton,Southampton
2025-02-22_Aston,26854,2025-02-22,Aston Villa,Chelsea,2,1,2.69413,2.17418,2024,Aston Villa v Chelsea,Aston
2025-02-23_Newcastle,26860,2025-02-23,Newcastle United,Nottingham Forest,4,3,3.45858,2.38603,2024,Newcastle United v Nottingham Forest,Newcastle
2025-02-23_Manchester,26859,2025-02-23,Manchester City,Liverpool,0,2,0.58248,0.807058,2024,Manchester City v Liverpool,Manchester
2025-02-25_Brighton,26863,2025-02-25,Brighton,Bournemouth,2,1,2.57927,1.70169,2024,Brighton v Bournemouth,Brighton
2025-02-25_Wolverhampton,26867,2025-02-25,Wolverhampton Wanderers,Fulham,1,2,0.928973,1.43473,2024,Wolverhampton Wanderers v Fulham,Wolverhampton
2025-02-25_Crystal,26868,2025-02-25,Crystal Palace,Aston Villa,4,1,4.02522,0.667217,2024,Crystal Palace v Aston Villa,Crystal
2025-02-25_Chelsea,26869,2025-02-25,Chelsea,Southampton,4,0,2.98234,0.845039,2024,Chelsea v Southampton,Chelsea
2025-02-26_Brentford,26862,2025-02-26,Brentford,Everton,1,1,1.34009,1.44955,2024,Brentford v Everton,Brentford
2025-02-26_Nottingham,26864,2025-02-26,Nottingham Forest,Arsenal,0,0,0.508611,1.31766,2024,Nottingham Forest v Arsenal,Nottingham
2025-02-26_Tottenham,26865,2025-02-26,Tottenham,Manchester City,0,1,1.28426,2.38641,2024,Tottenham v Manchester City,Tottenham
2025-02-26_Manchester,26871,2025-02-26,Manchester United,Ipswich,3,2,1.40202,1.04498,2024,Manchester United v Ipswich,Manchester
2025-02-26_Liverpool,26870,2025-02-26,Liverpool,Newcastle United,2,0,1.40027,0.45882,2024,Liverpool v Newcastle United,Liverpool
2025-02-27_West,26866,2025-02-27,West Ham,Leicester,2,0,1.70437,0.289578,2024,West Ham v Leicester,West
2025-03-08_Nottingham,26878,2025-03-08,Nottingham Forest,Manchester City,1,0,0.501476,0.721234,2024,Nottingham Forest v Manchester City,Nottingham
2025-03-08_Brighton,26873,2025-03-08,Brighton,Fulham,2,1,1.94417,0.708227,2024,Brighton v Fulham,Brighton
2025-03-08_Crystal,26875,2025-03-08,Crystal Palace,Ipswich,1,0,3.13879,1.63282,2024,Crystal Palace v Ipswich,Crystal
2025-03-08_Liverpool,26876,2025-03-08,Liverpool,Southampton,3,1,4.98996,0.511566,2024,Liverpool v Southampton,Liverpool
2025-03-08_Brentford,26872,2025-03-08,Brentford,Aston Villa,0,1,0.637743,1.29638,2024,Brentford v Aston Villa,Brentford
2025-03-08_Wolverhampton,26881,2025-03-08,Wolverhampton Wanderers,Everton,1,1,0.812432,1.3672,2024,Wolverhampton Wanderers v Everton,Wolverhampton
2025-03-09_Chelsea,26874,2025-03-09,Chelsea,Leicester,1,0,1.76844,0.108487,2024,Chelsea v Leicester,Chelsea
2025-03-09_Tottenham,26879,2025-03-09,Tottenham,Bournemouth,2,2,1.35053,2.22536,2024,Tottenham v Bournemouth,Tottenham
2025-03-09_Manchester,26877,2025-03-09,Manchester United,Arsenal,1,1,1.31107,1.82996,2024,Manchester United v Arsenal,Manchester
2025-03-10_West,26880,2025-03-10,West Ham,Newcastle United,0,1,0.823986,1.62976,2024,West Ham v Newcastle United,West
2025-03-15_Everton,26885,2025-03-15,Everton,West Ham,1,1,1.189,0.516029,2024,Everton v West Ham,Everton
2025-03-15_Ipswich,26887,2025-03-15,Ipswich,Nottingham Forest,2,4,0.520839,1.30722,2024,Ipswich v Nottingham Forest,Ipswich
2025-03-15_Manchester,26889,2025-03-15,Manchester City,Brighton,2,2,2.02642,2.11119,2024,Manchester City v Brighton,Manchester
2025-03-15_Southampton,26891,2025-03-15,Southampton,Wolverhampton Wanderers,1,2,1.2821,0.540718,2024,Southampton v Wolverhampton Wanderers,Southampton
2025-03-15_Bournemouth,26882,2025-03-15,Bournemouth,Brentford,1,2,2.02714,1.60321,2024,Bournemouth v Brentford,Bournemouth
2025-03-16_Arsenal,26883,2025-03-16,Arsenal,Chelsea,1,0,0.695725,0.286036,2024,Arsenal v Chelsea,Arsenal
2025-03-16_Fulham,26886,2025-03-16,Fulham,Tottenham,2,0,1.03966,1.40865,2024,Fulham v Tottenham,Fulham
2025-03-16_Leicester,26888,2025-03-16,Leicester,Manchester United,0,3,1.30455,1.13892,2024,Leicester v Manchester United,Leicester
2025-04-01_Arsenal,26892,2025-04-01,Arsenal,Fulham,2,1,2.30189,1.44206,2024,Arsenal v Fulham,Arsenal
2025-04-01_Wolverhampton,26895,2025-04-01,Wolverhampton Wanderers,West Ham,1,0,1.10359,1.73057,2024,Wolverhampton Wanderers v West Ham,Wolverhampton
2025-04-01_Nottingham,26894,2025-04-01,Nottingham Forest,Manchester United,1,0,0.512063,1.86688,2024,Nottingham Forest v Manchester United,Nottingham
2025-04-02_Brighton,26893,2025-04-02,Brighton,Aston Villa,0,3,0.558009,1.20715,2024,Brighton v Aston Villa,Brighton
2025-04-02_Bournemouth,26896,2025-04-02,Bournemouth,Ipswich,1,2,1.99637,1.41263,2024,Bournemouth v Ipswich,Bournemouth
2025-04-02_Manchester,26898,2025-04-02,Manchester City,Leicester,2,0,2.07165,0.104741,2024,Manchester City v Leicester,Manchester
2025-04-02_Newcastle,26899,2025-04-02,Newcastle United,Brentford,2,1,2.26584,1.53201,2024,Newcastle United v Brentford,Newcastle
2025-04-02_Southampton,26900,2025-04-02,Southampton,Crystal Palace,1,1,0.687304,0.93776,2024,Southampton v Crystal Palace,Southampton
2025-04-02_Liverpool,26901,2025-04-02,Liverpool,Everton,1,0,1.29718,0.823136,2024,Liverpool v Everton,Liverpool
2025-04-03_Chelsea,26897,2025-04-03,Chelsea,Tottenham,1,0,1.30443,1.40274,2024,Chelsea v Tottenham,Chelsea
2025-04-05_Everton,26905,2025-04-05,Everton,Arsenal,1,1,1.22875,1.4031,2024,Everton v Arsenal,Everton
2025-04-05_Crystal,26904,2025-04-05,Crystal Palace,Brighton,2,1,0.443965,1.27226,2024,Crystal Palace v Brighton,Crystal
2025-04-05_Ipswich,26907,2025-04-05,Ipswich,Wolverhampton Wanderers,1,2,0.872356,2.8096,2024,Ipswich v Wolverhampton Wanderers,Ipswich
2025-04-05_West,26911,2025-04-05,West Ham,Bournemouth,2,2,0.907832,1.94869,2024,West Ham v Bournemouth,West
2025-04-05_Aston,26902,2025-04-05,Aston Villa,Nottingham Forest,2,1,2.63349,0.96769,2024,Aston Villa v Nottingham Forest,Aston
2025-04-06_Brentford,26903,2025-04-06,Brentford,Chelsea,0,0,1.36123,1.47829,2024,Brentford v Chelsea,Brentford
2025-04-06_Fulham,26906,2025-04-06,Fulham,Liverpool,3,2,1.72764,1.40638,2024,Fulham v Liverpool,Fulham
2025-04-06_Tottenham,26910,2025-04-06,Tottenham,Southampton,3,1,2.648,0.780439,2024,Tottenham v Southampton,Tottenham
2025-04-06_Manchester,26909,2025-04-06,Manchester United,Manchester City,0,0,1.23317,0.687894,2024,Manchester United v Manchester City,Manchester
2025-04-07_Leicester,26908,2025-04-07,Leicester,Newcastle United,0,3,0.354575,3.44111,2024,Leicester v Newcastle United,Leicester
2025-04-12_Manchester,26917,2025-04-12,Manchester City,Crystal Palace,5,2,4.59724,1.33808,2024,Manchester City v Crystal Palace,Manchester
2025-04-12_Brighton,26914,2025-04-12,Brighton,Leicester,2,2,3.6978,1.98444,2024,Brighton v Leicester,Brighton
2025-04-12_Nottingham,26920,2025-04-12,Nottingham Forest,Everton,0,1,0.423949,1.26036,2024,Nottingham Forest v Everton,Nottingham
2025-04-12_Southampton,26921,2025-04-12,Southampton,Aston Villa,0,3,0.412256,2.99927,2024,Southampton v Aston Villa,Southampton
2025-04-12_Arsenal,26913,2025-04-12,Arsenal,Brentford,1,1,0.767369,0.588583,2024,Arsenal v Brentford,Arsenal
2025-04-13_Chelsea,26915,2025-04-13,Chelsea,Ipswich,2,2,2.90758,1.60301,2024,Chelsea v Ipswich,Chelsea
2025-04-13_Liverpool,26916,2025-04-13,Liverpool,West Ham,2,1,1.42902,1.46598,2024,Liverpool v West Ham,Liverpool
2025-04-13_Wolverhampton,26919,2025-04-13,Wolverhampton Wanderers,Tottenham,4,2,2.22977,1.62887,2024,Wolverhampton Wanderers v Tottenham,Wolverhampton
2025-04-13_Newcastle,26918,2025-04-13,Newcastle United,Manchester United,4,1,2.6383,0.786568,2024,Newcastle United v Manchester United,Newcastle
2025-04-14_Bournemouth,26912,2025-04-14,Bournemouth,Fulham,1,0,1.8577,1.07203,2024,Bournemouth v Fulham,Bournemouth
2025-04-16_Newcastle,26890,2025-04-16,Newcastle United,Crystal Palace,5,0,2.32947,2.37548,2024,Newcastle United v Crystal Palace,Newcastle
2025-04-19_Brentford,26923,2025-04-19,Brentford,Brighton,4,2,2.95516,1.24107,2024,Brentford v Brighton,Brentford
2025-04-19_Crystal,26924,2025-04-19,Crystal Palace,Bournemouth,0,0,0.337818,0.664093,2024,Crystal Palace v Bournemouth,Crystal
2025-04-19_Everton,26925,2025-04-19,Everton,Manchester City,0,2,0.81683,1.87989,2024,Everton v Manchester City,Everton
2025-04-19_West,26931,2025-04-19,West Ham,Southampton,1,1,0.98423,0.922877,2024,West Ham v Southampton,West
2025-04-19_Aston,26922,2025-04-19,Aston Villa,Newcastle United,4,1,3.05371,1.27176,2024,Aston Villa v Newcastle United,Aston
2025-04-20_Fulham,26926,2025-04-20,Fulham,Chelsea,1,2,0.306122,0.75172,2024,Fulham v Chelsea,Fulham
2025-04-20_Ipswich,26927,2025-04-20,Ipswich,Arsenal,0,4,0.192879,2.81362,2024,Ipswich v Arsenal,Ipswich
2025-04-20_Manchester,26929,2025-04-20,Manchester United,Wolverhampton Wanderers,0,1,1.13966,0.187814,2024,Manchester United v Wolverhampton Wanderers,Manchester
2025-04-20_Leicester,26928,2025-04-20,Leicester,Liverpool,0,1,0.232205,4.52706,2024,Leicester v Liverpool,Leicester
2025-04-21_Tottenham,26930,2025-04-21,Tottenham,Nottingham Forest,1,2,2.4024,0.557682,2024,Tottenham v Nottingham Forest,Tottenham
2025-04-22_Manchester,26937,2025-04-22,Manchester City,Aston Villa,2,1,1.36232,1.85906,2024,Manchester City v Aston Villa,Manchester
2025-04-23_Arsenal,26933,2025-04-23,Arsenal,Crystal Palace,2,2,1.92149,2.50515,2024,Arsenal v Crystal Palace,Arsenal
2025-04-26_Chelsea,26935,2025-04-26,Chelsea,Everton,1,0,0.768313,0.916838,2024,Chelsea v Everton,Chelsea
2025-04-26_Brighton,26934,2025-04-26,Brighton,West Ham,3,2,1.29433,1.24134,2024,Brighton v West Ham,Brighton
2025-04-26_Newcastle,26938,2025-04-26,Newcastle United,Ipswich,3,0,4.11539,0.127203,2024,Newcastle United v Ipswich,Newcastle
2025-04-26_Southampton,26940,2025-04-26,Southampton,Fulham,1,2,0.935581,1.9956,2024,Southampton v Fulham,Southampton
2025-04-26_Wolverhampton,26941,2025-04-26,Wolverhampton Wanderers,Leicester,3,0,2.57666,1.04978,2024,Wolverhampton Wanderers v Leicester,Wolverhampton
2025-04-27_Bournemouth,26932,2025-04-27,Bournemouth,Manchester United,1,1,0.60995,1.91039,2024,Bournemouth v Manchester United,Bournemouth
2025-04-27_Liverpool,26936,2025-04-27,Liverpool,Tottenham,5,1,2.51104,0.512812,2024,Liverpool v Tottenham,Liverpool
2025-05-01_Nottingham,26939,2025-05-01,Nottingham Forest,Brentford,0,2,0.670607,1.52054,2024,Nottingham Forest v Brentford,Nottingham
2025-05-02_Manchester,26942,2025-05-02,Manchester City,Wolverhampton Wanderers,1,0,0.859463,0.622455,2024,Manchester City v Wolverhampton Wanderers,Manchester
2025-05-03_Aston,26946,2025-05-03,Aston Villa,Fulham,1,0,1.29013,0.702787,2024,Aston Villa v Fulham,Aston
2025-05-03_Everton,26950,2025-05-03,Everton,Ipswich,2,2,0.808481,1.14351,2024,Everton v Ipswich,Everton
2025-05-03_Leicester,26951,2025-05-03,Leicester,Southampton,2,0,1.60739,0.550774,2024,Leicester v Southampton,Leicester
2025-05-03_Arsenal,26945,2025-05-03,Arsenal,Bournemouth,1,2,2.05484,1.41783,2024,Arsenal v Bournemouth,Arsenal
2025-05-04_West,26943,2025-05-04,West Ham,Tottenham,1,1,1.15166,0.847022,2024,West Ham v Tottenham,West
2025-05-04_Brighton,26944,2025-05-04,Brighton,Newcastle United,1,1,0.687863,1.63777,2024,Brighton v Newcastle United,Brighton
2025-05-04_Brentford,26947,2025-05-04,Brentford,Manchester United,4,3,3.58737,1.13404,2024,Brentford v Manchester United,Brentford
2025-05-04_Chelsea,26948,2025-05-04,Chelsea,Liverpool,3,1,3.51944,1.4267,2024,Chelsea v Liverpool,Chelsea
2025-05-05_Crystal,26949,2025-05-05,Crystal Palace,Nottingham Forest,1,1,2.34037,0.63684,2024,Crystal Palace v Nottingham Forest,Crystal
2025-05-10_Fulham,26953,2025-05-10,Fulham,Everton,1,3,1.20869,1.32604,2024,Fulham v Everton,Fulham
2025-05-10_Ipswich,26954,2025-05-10,Ipswich,Brentford,0,1,0.717433,1.32077,2024,Ipswich v Brentford,Ipswich
2025-05-10_Southampton,26959,2025-05-10,Southampton,Manchester City,0,0,0.136995,1.58463,2024,Southampton v Manchester City,Southampton
2025-05-10_Wolverhampton,26961,2025-05-10,Wolverhampton Wanderers,Brighton,0,2,0.73395,1.41254,2024,Wolverhampton Wanderers v Brighton,Wolverhampton
2025-05-10_Bournemouth,26955,2025-05-10,Bournemouth,Aston Villa,0,1,1.02272,1.12376,2024,Bournemouth v Aston Villa,Bournemouth
2025-05-11_Newcastle,26957,2025-05-11,Newcastle United,Chelsea,2,0,1.6703,0.646426,2024,Newcastle United v Chelsea,Newcastle
2025-05-11_Manchester,26956,2025-05-11,Manchester United,West Ham,0,2,2.31287,2.15985,2024,Manchester United v West Ham,Manchester
2025-05-11_Nottingham,26958,2025-05-11,Nottingham Forest,Leicester,2,2,1.76909,1.22949,2024,Nottingham Forest v Leicester,Nottingham
2025-05-11_Tottenham,26960,2025-05-11,Tottenham,Crystal Palace,0,2,0.806792,3.98546,2024,Tottenham v Crystal Palace,Tottenham
2025-05-11_Liverpool,26952,2025-05-11,Liverpool,Arsenal,2,2,2.74682,2.18795,2024,Liverpool v Arsenal,Liverpool
2025-05-16_Aston,26963,2025-05-16,Aston Villa,Tottenham,2,0,1.69061,0.523016,2024,Aston Villa v Tottenham,Aston
2025-05-16_Chelsea,26966,2025-05-16,Chelsea,Manchester United,1,0,1.29571,0.337632,2024,Chelsea v Manchester United,Chelsea
2025-05-18_Everton,26968,2025-05-18,Everton,Southampton,2,0,2.67793,1.05025,2024,Everton v Southampton,Everton
2025-05-18_West,26971,2025-05-18,West Ham,Nottingham Forest,1,2,0.850457,2.14756,2024,West Ham v Nottingham Forest,West
2025-05-18_Brentford,26964,2025-05-18,Brentford,Fulham,2,3,2.43045,1.61741,2024,Brentford v Fulham,Brentford
2025-05-18_Leicester,26969,2025-05-18,Leicester,Ipswich,2,0,0.788544,1.36957,2024,Leicester v Ipswich,Leicester
2025-05-18_Arsenal,26962,2025-05-18,Arsenal,Newcastle United,1,0,1.15958,2.24634,2024,Arsenal v Newcastle United,Arsenal
2025-05-19_Brighton,26965,2025-05-19,Brighton,Liverpool,3,2,2.17789,3.065,2024,Brighton v Liverpool,Brighton
2025-05-20_Crystal,26967,2025-05-20,Crystal Palace,Wolverhampton Wanderers,4,2,1.68451,1.42886,2024,Crystal Palace v Wolverhampton Wanderers,Crystal
2025-05-20_Manchester,26970,2025-05-20,Manchester City,Bournemouth,3,1,1.59779,0.962014,2024,Manchester City v Bournemouth,Manchester
2025-05-25_Nottingham,26972,2025-05-25,Nottingham Forest,Chelsea,0,1,1.58014,1.30874,2024,Nottingham Forest v Chelsea,Nottingham
2025-05-25_Newcastle,26973,2025-05-25,Newcastle United,Everton,0,1,1.1591,1.07279,2024,Newcastle United v Everton,Newcastle
2025-05-25_Manchester,26974,2025-05-25,Manchester United,Aston Villa,2,0,2.96259,0.335222,2024,Manchester United v Aston Villa,Manchester
2025-05-25_Liverpool,26975,2025-05-25,Liverpool,Crystal Palace,1,1,1.92122,1.4144,2024,Liverpool v Crystal Palace,Liverpool
2025-05-25_Tottenham,26976,2025-05-25,Tottenham,Brighton,1,4,1.85265,3.11624,2024,Tottenham v Brighton,Tottenham
2025-05-25_Southampton,26977,2025-05-25,Southampton,Arsenal,1,2,0.598144,2.40711,2024,Southampton v Arsenal,Southampton
2025-05-25_Wolverhampton,26978,2025-05-25,Wolverhampton Wanderers,Brentford,1,1,1.10889,1.97196,2024,Wolverhampton Wanderers v Brentford,Wolverhampton
2025-05-25_Bournemouth,26979,2025-05-25,Bournemouth,Leicester,2,0,2.72449,0.156702,2024,Bournemouth v Leicester,Bournemouth
2025-05-25_Ipswich,26980,2025-05-25,Ipswich,West Ham,1,3,0.893095,0.967379,2024,Ipswich v West Ham,Ipswich
2025-05-25_Fulham,26981,2025-05-25,Fulham,Manchester City,0,2,2.21797,2.45923,2024,Fulham v Manchester City,Fulham
2025-08-15_Liverpool,28778,2025-08-15,Liverpool,Bournemouth,4,2,2.33007,1.57303,2025,Liverpool v Bournemouth,Liverpool
2025-08-16_Aston,28779,2025-08-16,Aston Villa,Newcastle United,0,0,0.318601,1.40098,2025,Aston Villa v Newcastle United,Aston
2025-08-16_Brighton,28780,2025-08-16,Brighton,Fulham,1,1,1.44008,0.902883,2025,Brighton v Fulham,Brighton
2025-08-16_Sunderland,28781,2025-08-16,Sunderland,West Ham,3,0,0.724368,0.558948,2025,Sunderland v West Ham,Sunderland
2025-08-16_Tottenham,28782,2025-08-16,Tottenham,Burnley,3,0,1.97858,0.734138,2025,Tottenham v Burnley,Tottenham
2025-08-16_Wolverhampton,28783,2025-08-16,Wolverhampton Wanderers,Manchester City,0,4,0.519436,2.29903,2025,Wolverhampton Wanderers v Manchester City,Wolverhampton
2025-08-17_Chelsea,28784,2025-08-17,Chelsea,Crystal Palace,0,0,1.36793,1.03414,2025,Chelsea v Crystal Palace,Chelsea
2025-08-17_Nottingham,28785,2025-08-17,Nottingham Forest,Brentford,3,1,1.7555,1.32516,2025,Nottingham Forest v Brentford,Nottingham
2025-08-17_Manchester,28786,2025-08-17,Manchester United,Arsenal,0,1,1.37653,1.3304,2025,Manchester United v Arsenal,Manchester
2025-08-18_Leeds,28787,2025-08-18,Leeds,Everton,1,0,2.3812,0.674338,2025,Leeds v Everton,Leeds
2025-08-22_West,28788,2025-08-22,West Ham,Chelsea,1,5,0.978572,3.94997,2025,West Ham v Chelsea,West
2025-08-23_Manchester,28789,2025-08-23,Manchester City,Tottenham,0,2,1.2475,1.28015,2025,Manchester City v Tottenham,Manchester
2025-08-23_Brentford,28790,2025-08-23,Brentford,Aston Villa,1,0,1.12964,0.976852,2025,Brentford v Aston Villa,Brentford
2025-08-23_Burnley,28791,2025-08-23,Burnley,Sunderland,2,0,1.00381,1.12127,2025,Burnley v Sunderland,Burnley
2025-08-23_Bournemouth,28792,2025-08-23,Bournemouth,Wolverhampton Wanderers,1,0,1.78462,0.373367,2025,Bournemouth v Wolverhampton Wanderers,Bournemouth
2025-08-23_Arsenal,28793,2025-08-23,Arsenal,Leeds,5,0,2.73761,0.156761,2025,Arsenal v Leeds,Arsenal
2025-08-24_Crystal,28794,2025-08-24,Crystal Palace,Nottingham Forest,1,1,1.10188,1.32987,2025,Crystal Palace v Nottingham Forest,Crystal
2025-08-24_Everton,28795,2025-08-24,Everton,Brighton,2,0,1.80116,2.08487,2025,Everton v Brighton,Everton
2025-08-24_Fulham,28796,2025-08-24,Fulham,Manchester United,1,1,1.65333,1.54603,2025,Fulham v Manchester United,Fulham
2025-08-25_Newcastle,28797,2025-08-25,Newcastle United,Liverpool,2,3,1.96342,0.646559,2025,Newcastle United v Liverpool,Newcastle
2025-08-30_Chelsea,28798,2025-08-30,Chelsea,Fulham,2,0,2.4324,0.736228,2025,Chelsea v Fulham,Chelsea
2025-08-30_Tottenham,28799,2025-08-30,Tottenham,Bournemouth,0,1,0.17067,2.1201,2025,Tottenham v Bournemouth,Tottenham
2025-08-30_Wolverhampton,28800,2025-08-30,Wolverhampton Wanderers,Everton,2,3,0.943257,2.03791,2025,Wolverhampton Wanderers v Everton,Wolverhampton
2025-08-30_Sunderland,28801,2025-08-30,Sunderland,Brentford,2,1,1.57127,1.44604,2025,Sunderland v Brentford,Sunderland
2025-08-30_Manchester,28802,2025-08-30,Manchester United,Burnley,3,2,4.02237,1.32618,2025,Manchester United v Burnley,Manchester
2025-08-30_Leeds,28803,2025-08-30,Leeds,Newcastle United,0,0,0.6773,0.303635,2025,Leeds v Newcastle United,Leeds
2025-08-31_Nottingham,28804,2025-08-31,Nottingham Forest,West Ham,0,3,0.716018,2.236,2025,Nottingham Forest v West Ham,Nottingham
2025-08-31_Brighton,28805,2025-08-31,Brighton,Manchester City,2,1,2.20864,2.13418,2025,Brighton v Manchester City,Brighton
2025-08-31_Liverpool,28806,2025-08-31,Liverpool,Arsenal,1,0,0.481404,0.485679,2025,Liverpool v Arsenal,Liverpool
2025-08-31_Aston,28807,2025-08-31,Aston Villa,Crystal Palace,0,3,1.20586,2.59713,2025,Aston Villa v Crystal Palace,Aston
2025-09-13_Arsenal,28808,2025-09-13,Arsenal,Nottingham Forest,3,0,2.8817,0.293681,2025,Arsenal v Nottingham Forest,Arsenal
2025-09-13_Newcastle,28809,2025-09-13,Newcastle United,Wolverhampton Wanderers,1,0,1.19186,0.375942,2025,Newcastle United v Wolverhampton Wanderers,Newcastle
2025-09-13_Bournemouth,28810,2025-09-13,Bournemouth,Brighton,2,1,1.44187,0.624923,2025,Bournemouth v Brighton,Bournemouth
2025-09-13_Crystal,28811,2025-09-13,Crystal Palace,Sunderland,0,0,1.75805,0.354129,2025,Crystal Palace v Sunderland,Crystal
2025-09-13_Everton,28812,2025-09-13,Everton,Aston Villa,0,0,1.8927,0.354327,2025,Everton v Aston Villa,Everton
2025-09-13_Fulham,28813,2025-09-13,Fulham,Leeds,1,0,1.13979,0.830398,2025,Fulham v Leeds,Fulham
2025-09-13_West,28814,2025-09-13,West Ham,Tottenham,0,3,0.793248,1.51402,2025,West Ham v Tottenham,West
2025-09-13_Brentford,28815,2025-09-13,Brentford,Chelsea,2,2,1.17533,0.755999,2025,Brentford v Chelsea,Brentford
2025-09-14_Burnley,28816,2025-09-14,Burnley,Liverpool,0,1,0.168041,2.79492,2025,Burnley v Liverpool,Burnley
2025-09-14_Manchester,28817,2025-09-14,Manchester City,Manchester United,3,0,1.99725,1.51915,2025,Manchester City v Manchester United,Manchester
2025-09-20_Liverpool,28818,2025-09-20,Liverpool,Everton,2,1,1.06166,0.721371,2025,Liverpool v Everton,Liverpool
2025-09-20_West,28819,2025-09-20,West Ham,Crystal Palace,1,2,0.466365,2.33565,2025,West Ham v Crystal Palace,West
2025-09-20_Wolverhampton,28820,2025-09-20,Wolverhampton Wanderers,Leeds,1,3,1.5661,0.456988,2025,Wolverhampton Wanderers v Leeds,Wolverhampton
2025-09-20_Brighton,28821,2025-09-20,Brighton,Tottenham,2,2,1.40466,1.19181,2025,Brighton v Tottenham,Brighton
2025-09-20_Burnley,28822,2025-09-20,Burnley,Nottingham Forest,1,1,1.14159,0.830779,2025,Burnley v Nottingham Forest,Burnley
2025-09-20_Manchester,28824,2025-09-20,Manchester United,Chelsea,2,1,1.34458,0.469843,2025,Manchester United v Chelsea,Manchester
2025-09-20_Fulham,28825,2025-09-20,Fulham,Brentford,3,1,1.52431,0.826556,2025,Fulham v Brentford,Fulham
2025-09-21_Bournemouth,28823,2025-09-21,Bournemouth,Newcastle United,0,0,0.55066,0.153629,2025,Bournemouth v Newcastle United,Bournemouth
2025-09-21_Sunderland,28826,2025-09-21,Sunderland,Aston Villa,1,1,0.938312,0.939354,2025,Sunderland v Aston Villa,Sunderland
2025-09-21_Arsenal,28827,2025-09-21,Arsenal,Manchester City,1,1,0.718575,1.1227,2025,Arsenal v Manchester City,Arsenal
2025-09-27_Brentford,28828,2025-09-27,Brentford,Manchester United,3,1,2.78726,2.23609,2025,Brentford v Manchester United,Brentford
2025-09-27_Chelsea,28829,2025-09-27,Chelsea,Brighton,1,3,2.02653,2.4751,2025,Chelsea v Brighton,Chelsea
2025-09-27_Crystal,28830,2025-09-27,Crystal Palace,Liverpool,2,1,3.53323,3.10176,2025,Crystal Palace v Liverpool,Crystal
2025-09-27_Leeds,28832,2025-09-27,Leeds,Bournemouth,2,2,2.04728,1.06033,2025,Leeds v Bournemouth,Leeds
2025-09-27_Manchester,28833,2025-09-27,Manchester City,Burnley,5,1,3.22133,0.509491,2025,Manchester City v Burnley,Manchester
2025-09-27_Nottingham,28834,2025-09-27,Nottingham Forest,Sunderland,0,1,1.4203,1.94154,2025,Nottingham Forest v Sunderland,Nottingham
2025-09-27_Tottenham,28835,2025-09-27,Tottenham,Wolverhampton Wanderers,1,1,0.818711,1.15951,2025,Tottenham v Wolverhampton Wanderers,Tottenham
2025-09-28_Aston,28831,2025-09-28,Aston Villa,Fulham,3,1,1.36575,0.952612,2025,Aston Villa v Fulham,Aston
2025-09-28_Newcastle,28836,2025-09-28,Newcastle United,Arsenal,1,2,0.739851,2.07048,2025,Newcastle United v Arsenal,Newcastle
2025-09-29_Everton,28837,2025-09-29,Everton,West Ham,1,1,0.909703,0.775766,2025,Everton v West Ham,Everton
2025-10-03_Bournemouth,28838,2025-10-03,Bournemouth,Fulham,3,1,1.33458,0.84335,2025,Bournemouth v Fulham,Bournemouth
2025-10-04_Leeds,28844,2025-10-04,Leeds,Tottenham,1,2,1.48051,0.688198,2025,Leeds v Tottenham,Leeds
2025-10-04_Arsenal,28839,2025-10-04,Arsenal,West Ham,2,0,3.0585,0.864549,2025,Arsenal v West Ham,Arsenal
2025-10-04_Manchester,28845,2025-10-04,Manchester United,Sunderland,2,0,1.9298,0.807119,2025,Manchester United v Sunderland,Manchester
2025-10-04_Chelsea,28842,2025-10-04,Chelsea,Liverpool,2,1,1.23721,2.05981,2025,Chelsea v Liverpool,Chelsea
2025-10-05_Aston,28840,2025-10-05,Aston Villa,Burnley,2,1,1.73572,0.502292,2025,Aston Villa v Burnley,Aston
2025-10-05_Everton,28843,2025-10-05,Everton,Crystal Palace,2,1,2.13876,2.17789,2025,Everton v Crystal Palace,Everton
2025-10-05_Newcastle,28846,2025-10-05,Newcastle United,Nottingham Forest,2,0,3.81662,0.337689,2025,Newcastle United v Nottingham Forest,Newcastle
2025-10-05_Wolverhampton,28847,2025-10-05,Wolverhampton Wanderers,Brighton,1,1,0.369404,1.39158,2025,Wolverhampton Wanderers v Brighton,Wolverhampton
2025-10-05_Brentford,28841,2025-10-05,Brentford,Manchester City,0,1,0.693758,1.09647,2025,Brentford v Manchester City,Brentford
2025-10-18_Nottingham,28854,2025-10-18,Nottingham Forest,Chelsea,0,3,2.0555,2.5583,2025,Nottingham Forest v Chelsea,Nottingham
2025-10-18_Brighton,28848,2025-10-18,Brighton,Newcastle United,2,1,0.857104,1.28313,2025,Brighton v Newcastle United,Brighton
2025-10-18_Burnley,28849,2025-10-18,Burnley,Leeds,2,0,0.509647,2.33152,2025,Burnley v Leeds,Burnley
2025-10-18_Crystal,28850,2025-10-18,Crystal Palace,Bournemouth,3,3,4.56284,2.0471,2025,Crystal Palace v Bournemouth,Crystal
2025-10-18_Manchester,28853,2025-10-18,Manchester City,Everton,2,0,2.4799,0.794622,2025,Manchester City v Everton,Manchester
2025-10-18_Sunderland,28855,2025-10-18,Sunderland,Wolverhampton Wanderers,2,0,1.02481,0.676323,2025,Sunderland v Wolverhampton Wanderers,Sunderland
2025-10-18_Fulham,28851,2025-10-18,Fulham,Arsenal,0,1,0.502332,2.07823,2025,Fulham v Arsenal,Fulham
2025-10-19_Tottenham,28856,2025-10-19,Tottenham,Aston Villa,1,2,1.51461,0.352231,2025,Tottenham v Aston Villa,Tottenham
2025-10-19_Liverpool,28852,2025-10-19,Liverpool,Manchester United,1,2,2.60972,2.53117,2025,Liverpool v Manchester United,Liverpool
2025-10-20_West,28857,2025-10-20,West Ham,Brentford,0,2,0.260251,3.46635,2025,West Ham v Brentford,West
2025-10-24_Leeds,28864,2025-10-24,Leeds,West Ham,2,1,2.2214,0.498653,2025,Leeds v West Ham,Leeds
2025-10-25_Chelsea,28862,2025-10-25,Chelsea,Sunderland,1,2,1.21332,1.5506,2025,Chelsea v Sunderland,Chelsea
2025-10-25_Newcastle,28866,2025-10-25,Newcastle United,Fulham,2,1,2.76806,1.52001,2025,Newcastle United v Fulham,Newcastle
2025-10-25_Manchester,28865,2025-10-25,Manchester United,Brighton,4,2,1.96231,0.947154,2025,Manchester United v Brighton,Manchester
2025-10-25_Brentford,28861,2025-10-25,Brentford,Liverpool,3,2,3.27126,2.11838,2025,Brentford v Liverpool,Brentford
2025-10-26_Bournemouth,28858,2025-10-26,Bournemouth,Nottingham Forest,2,0,0.656601,0.305493,2025,Bournemouth v Nottingham Forest,Bournemouth
2025-10-26_Arsenal,28859,2025-10-26,Arsenal,Crystal Palace,1,0,0.856175,0.350534,2025,Arsenal v Crystal Palace,Arsenal
2025-10-26_Aston,28860,2025-10-26,Aston Villa,Manchester City,1,0,0.843906,1.36914,2025,Aston Villa v Manchester City,Aston
2025-10-26_Wolverhampton,28867,2025-10-26,Wolverhampton Wanderers,Burnley,2,3,2.58132,1.54544,2025,Wolverhampton Wanderers v Burnley,Wolverhampton
2025-10-26_Everton,28863,2025-10-26,Everton,Tottenham,0,3,1.4032,2.09327,2025,Everton v Tottenham,Everton
