league,season,team,player,league_id,season_id,team_id,player_id,position,matches,minutes,goals,xg,np_goals,np_xg,assists,xa,shots,key_passes,yellow_cards,red_cards,xg_chain,xg_buildup
ENG-Premier League,2324,Arsenal,Aaron Ramsdale,1,2023,83,5603,GK,6,540,0,0.0,0,0.0,0,0.0,0,0,0,0,0.7832736372947693,0.7832736372947693
ENG-Premier League,2324,Arsenal,Ben White,1,2023,83,7298,D S,37,3024,4,2.015913512557745,4,2.015913512557745,4,4.758832193911076,13,38,8,0,20.14929211512208,17.290449742227793
ENG-Premier League,2324,Arsenal,Bukayo Saka,1,2023,83,7322,F,35,2990,16,16.807056225836277,10,12.240043208003044,8,11.325986489653587,107,89,4,0,30.357597015798092,13.228619534522295
ENG-Premier League,2324,Arsenal,Cédric Soares,1,2023,83,847,S,3,44,0,0.0,0,0.0,0,0.0,0,0,0,0,0.19675532914698124,0.19675532914698124
ENG-Premier League,2324,Arsenal,David Raya,1,2023,83,9676,GK,32,2880,0,0.0,0,0.0,0,0.0,0,0,2,0,7.5175920985639095,7.5175920985639095
ENG-Premier League,2324,Arsenal,Declan Rice,1,2023,83,5553,M S,38,3256,7,3.186093623749912,7,3.186093623749912,8,5.895036246627569,58,47,5,0,19.678100544027984,16.131323732435703
ENG-Premier League,2324,Arsenal,Eddie Nketiah,1,2023,83,6482,F S,27,1036,5,5.057408779859543,5,5.057408779859543,2,1.209644090384245,38,9,3,0,5.851144388318062,0.9911122377961874
ENG-Premier League,2324,Arsenal,Emile Smith-Rowe,1,2023,83,7230,M S,13,325,0,1.5201803892850876,0,1.5201803892850876,1,0.24036412686109543,15,4,0,0,3.7657799795269966,2.0563183277845383
ENG-Premier League,2324,Arsenal,Ethan Nwaneri,1,2023,83,11132,S,1,6,0,0.0,0,0.0,0,0.024536216631531715,0,1,0,0,0.024536216631531715,0.024536216631531715
ENG-Premier League,2324,Arsenal,Fábio Vieira,1,2023,83,11007,M S,11,277,1,1.164049606770277,0,0.4028807692229748,2,1.3098269253969193,7,5,0,1,1.5897186901420355,0.29259338416159153
ENG-Premier League,2324,Arsenal,Gabriel,1,2023,83,5613,D S,36,3050,3,4.025354804471135,3,4.025354804471135,0,0.8747859355062246,31,3,4,0,13.232404409907758,12.333239757455885
ENG-Premier League,2324,Arsenal,Gabriel Jesus,1,2023,83,5543,F S,27,1496,4,7.291733928024769,4,7.291733928024769,5,4.235467437654734,55,28,6,0,15.054804097861052,5.210432682186365
ENG-Premier League,2324,Arsenal,Gabriel Martinelli,1,2023,83,7752,F S,35,2056,6,7.1196701768785715,6,7.1196701768785715,4,5.3229342848062515,58,46,1,0,16.80896869674325,6.638341135345399
ENG-Premier League,2324,Arsenal,Jakub Kiwior,1,2023,83,10012,D S,20,953,1,1.1961752735078335,1,1.1961752735078335,3,0.9080287516117096,6,6,1,0,5.180064149200916,3.9905764758586884
ENG-Premier League,2324,Arsenal,Jorginho,1,2023,83,1389,M S,24,911,0,0.08004274033010006,0,0.08004274033010006,2,1.5529427882283926,4,10,1,0,6.152929972857237,5.498104698956013
ENG-Premier League,2324,Arsenal,Jurriën Timber,1,2023,83,11707,D S,2,70,0,0.0,0,0.0,0,0.0,0,0,2,0,0.2789519429206848,0.2789519429206848
ENG-Premier League,2324,Arsenal,Kai Havertz,1,2023,83,5220,F M S,37,2651,13,13.465729914605618,12,12.704561084508896,7,5.814370539039373,69,45,11,0,24.790123470127583,9.346141943708062
ENG-Premier League,2324,Arsenal,Leandro Trossard,1,2023,83,7698,F M S,34,1649,12,9.575767548754811,12,9.575767548754811,1,3.252073733136058,60,24,2,0,16.976479506120086,5.5028668232262135
ENG-Premier League,2324,Arsenal,Martin Odegaard,1,2023,83,2517,M,35,3117,8,7.670226177200675,6,6.147925289347768,10,11.577396512031555,77,102,2,0,29.81505699455738,18.138023640960455
ENG-Premier League,2324,Arsenal,Mohamed Elneny,1,2023,83,496,S,3,18,0,0.0575435645878315,0,0.0575435645878315,0,0.0,2,0,0,0,0.154712975025177,0.0971694067120552
ENG-Premier League,2324,Arsenal,Oleksandr Zinchenko,1,2023,83,2958,D S,27,1742,1,0.5664580916054547,1,0.5664580916054547,2,3.02644526027143,17,29,2,0,9.755152989178896,8.132995340973139
ENG-Premier League,2324,Arsenal,Reiss Nelson,1,2023,83,6492,F S,15,215,0,0.23842556215822697,0,0.23842556215822697,0,0.6414464898407459,4,5,1,0,3.198990484699607,2.478929640725255
ENG-Premier League,2324,Arsenal,Takehiro Tomiyasu,1,2023,83,7931,D S,22,1106,2,1.6189159248024225,2,1.6189159248024225,1,0.5923872366547585,17,6,0,1,3.8184002935886383,3.4134652838110924
ENG-Premier League,2324,Arsenal,Thomas Partey,1,2023,83,2328,D M S,14,793,0,0.36420316621661186,0,0.36420316621661186,0,0.4302750788629055,8,6,3,0,5.986752610653639,5.494942259043455
ENG-Premier League,2324,Arsenal,William Saliba,1,2023,83,6888,D,38,3420,2,2.367191250436008,2,2.367191250436008,1,0.24890925362706184,10,6,4,0,16.631769336760044,16.434827260673046
ENG-Premier League,2324,Aston Villa,Bertrand Traoré,1,2023,71,695,S,2,7,0,0.0,0,0.0,0,0.0,0,0,0,0,0.0,0.0
ENG-Premier League,2324,Aston Villa,Boubacar Kamara,1,2023,71,5789,M,20,1686,0,0.14352729450911283,0,0.14352729450911283,1,1.0960499802604318,5,20,7,1,9.230381686240435,8.439194424077868
ENG-Premier League,2324,Aston Villa,Calum Chambers,1,2023,71,508,M S,5,137,0,0.0,0,0.0,1,0.05676691234111786,0,1,1,0,0.6117476709187031,0.6117476709187031
ENG-Premier League,2324,Aston Villa,Cameron Archer,1,2023,71,9912,F M S,30,1870,4,5.785084556788206,4,5.785084556788206,1,2.983854740858078,41,24,2,0,9.17532782163471,1.594775709323585
ENG-Premier League,2324,Aston Villa,Clement Lenglet,1,2023,71,5050,D,14,1167,0,0.9835287630558014,0,0.9835287630558014,1,0.8562045320868492,7,2,3,0,7.290762335062027,7.290762335062027
ENG-Premier League,2324,Aston Villa,Diego Carlos,1,2023,71,5712,D S,27,1784,0,1.8101312145590782,0,1.8101312145590782,0,0.1100177364423871,9,4,4,0,5.879810709506273,5.67356039211154
ENG-Premier League,2324,Aston Villa,Douglas Luiz,1,2023,71,6122,M,35,3043,9,7.572099968791008,5,4.527424611151218,5,5.288189608603716,48,53,12,0,17.31126916781068,13.624405791983008
ENG-Premier League,2324,Aston Villa,Emiliano Martinez,1,2023,71,4401,GK,34,3022,0,0.0,0,0.0,0,0.018454523757100105,0,1,4,0,9.158851562067866,9.140397010371089
ENG-Premier League,2324,Aston Villa,Ezri Konsa Ngoyo,1,2023,71,7726,D,35,3090,1,2.3284507524222136,1,2.3284507524222136,0,0.6873185783624649,19,8,5,0,14.659921541810036,13.562622778117657
ENG-Premier League,2324,Aston Villa,Finley Munroe,1,2023,71,12581,S,1,1,0,0.0,0,0.0,0,0.0,0,0,0,0,0.0,0.0
ENG-Premier League,2324,Aston Villa,Jacob Ramsey,1,2023,71,8941,M S,16,824,1,2.316869243979454,1,2.316869243979454,1,0.9168627075850964,19,9,2,0,5.194736570119858,2.25878119841218
ENG-Premier League,2324,Aston Villa,Jaden Philogene-Bidace,1,2023,71,9415,S,1,1,0,0.0,0,0.0,0,0.0,0,0,0,0,0.10713136941194534,0.10713136941194534
ENG-Premier League,2324,Aston Villa,Jhon Durán,1,2023,71,11366,F S,23,394,5,1.9487376604229212,5,1.9487376604229212,0,0.2149669798091054,20,4,5,0,3.182466324418783,1.1166265159845352
ENG-Premier League,2324,Aston Villa,John McGinn,1,2023,71,7723,M,35,3053,6,4.672283694148064,6,4.672283694148064,4,5.626847393810749,40,45,9,1,20.780676677823067,13.845141869038343
ENG-Premier League,2324,Aston Villa,Kaine Hayden,1,2023,71,9409,S,3,3,0,0.0,0,0.0,0,0.0,0,0,0,0,0.0,0.0
ENG-Premier League,2324,Aston Villa,Leander Dendoncker,1,2023,71,7236,M S,8,117,1,0.8101427890360355,1,0.8101427890360355,0,0.0,2,0,0,0,0.636492345482111,0.5911310315132141
ENG-Premier League,2324,Aston Villa,Leon Bailey,1,2023,71,5221,F M S,35,2112,10,6.4655649326741695,10,6.4655649326741695,9,10.299157902598381,53,51,5,0,17.98974223807454,6.671372391283512
ENG-Premier League,2324,Aston Villa,Lucas Digne,1,2023,71,1823,D S,33,2406,1,1.2978818826377392,1,1.2978818826377392,3,2.9300744011998177,20,37,7,0,10.579740032553673,9.227116078138351
ENG-Premier League,2324,Aston Villa,Matthew Cash,1,2023,71,8864,D M S,29,2142,2,4.486114578321576,2,4.486114578321576,2,2.969944916665554,33,13,8,0,14.261767610907555,8.849687004461884
ENG-Premier League,2324,Aston Villa,Morgan Rogers,1,2023,71,12412,M S,11,652,3,1.086574248969555,3,1.086574248969555,1,0.9047513920813799,11,9,3,0,3.6785017512738705,2.2780009116977453
ENG-Premier League,2324,Aston Villa,Moussa Diaby,1,2023,71,6556,F M S,38,2233,6,6.457844961434603,6,6.457844961434603,8,8.6211255826056,54,46,1,0,17.952719137072563,6.211081475019455
ENG-Premier League,2324,Aston Villa,Nicolo Zaniolo,1,2023,71,6686,F M S,25,820,2,3.7046729400753975,2,3.7046729400753975,0,0.6395295020192862,27,10,7,0,5.261115295812488,1.7181058693677187
ENG-Premier League,2324,Aston Villa,Ollie Watkins,1,2023,71,8865,F,37,3250,19,19.26459836959839,19,19.26459836959839,13,7.745744535699487,106,45,4,0,29.229417741298676,5.899641819298267
ENG-Premier League,2324,Aston Villa,Omari Kellyman,1,2023,71,11739,S,2,25,0,0.04926174506545067,0,0.04926174506545067,0,0.0,1,0,0,0,0.04926174506545067,0.0
ENG-Premier League,2324,Aston Villa,Pau Torres,1,2023,71,6221,D S,29,2467,2,1.5308636222034693,2,1.5308636222034693,0,0.6226628543809056,12,8,1,0,12.13946529570967,11.884302482940257
ENG-Premier League,2324,Aston Villa,Philippe Coutinho,1,2023,71,488,S,2,18,0,0.14225715398788452,0,0.14225715398788452,0,0.0,3,0,0,0,0.14225715398788452,0.011847329325973988
ENG-Premier League,2324,Aston Villa,Robin Olsen,1,2023,71,6962,GK S,5,398,0,0.0,0,0.0,0,0.0,0,0,0,0,0.27475402504205704,0.27475402504205704
ENG-Premier League,2324,Aston Villa,Tim Iroegbunam,1,2023,71,9554,M S,9,136,0,0.0,0,0.0,0,0.0,0,0,0,0,0.08667697012424469,0.08667697012424469
ENG-Premier League,2324,Aston Villa,Tyrone Mings,1,2023,71,1024,D,1,30,0,0.01415904238820076,0,0.01415904238820076,0,0.13778242468833923,1,1,0,0,0.13778242468833923,0.0
ENG-Premier League,2324,Aston Villa,Youri Tielemans,1,2023,71,5956,F M S,32,1580,2,1.0049287639558315,2,1.0049287639558315,6,3.0543287601321936,14,18,3,0,10.675306875258684,8.060789976269007
ENG-Premier League,2324,Aston Villa,Álex Moreno,1,2023,71,4120,D S,21,1033,2,1.4437588155269623,2,1.4437588155269623,0,1.1591111738234758,8,11,2,0,6.872497453354299,4.588940887711942
ENG-Premier League,2324,Bournemouth,Adam Smith,1,2023,73,825,D S,28,2185,0,0.03963742405176163,0,0.03963742405176163,2,1.4616671204566956,2,17,6,0,7.450475042685866,6.158073959872127
ENG-Premier League,2324,Bournemouth,Alex Scott,1,2023,73,12149,M S,23,997,1,0.6420764941722155,1,0.6420764941722155,1,2.070768877863884,15,22,3,0,4.81823368743062,2.62489465624094
ENG-Premier League,2324,Bournemouth,Antoine Semenyo,1,2023,73,11363,M S,33,2141,8,6.423830641433597,8,6.423830641433597,2,3.799709178507328,70,29,7,0,15.41077795997262,5.7127093356102705
ENG-Premier League,2324,Bournemouth,Chris Mepham,1,2023,73,7384,D S,10,610,0,0.0895473062992096,0,0.0895473062992096,1,0.474224217236042,1,3,2,0,1.9734333753585815,1.9348021671175957
ENG-Premier League,2324,Bournemouth,Dango Ouattara,1,2023,73,9662,D F M S,30,1200,1,2.8214692445471883,1,2.8214692445471883,2,1.69136568531394,30,17,3,0,5.184925131499767,3.1382908783853054
ENG-Premier League,2324,Bournemouth,David Brooks,1,2023,73,6820,M S,13,241,1,2.2037018723785877,1,2.2037018723785877,1,0.9074392039328814,13,8,1,0,3.8162245713174343,0.9324527494609356
ENG-Premier League,2324,Bournemouth,Dominic Sadi,1,2023,73,11300,S,1,1,0,0.0,0,0.0,0,0.0,0,0,0,0,0.0,0.0
ENG-Premier League,2324,Bournemouth,Dominic Solanke,1,2023,73,1679,F S,38,3346,19,21.40683087334037,17,19.12332433462143,3,3.5437498800456524,109,39,3,0,22.5880119279027,4.080137750133872
ENG-Premier League,2324,Bournemouth,Enes Ünal,1,2023,73,6219,F S,16,283,2,4.017524182796478,2,4.017524182796478,2,1.2090652771294117,23,5,1,0,3.646910510957241,0.7151226531714201
ENG-Premier League,2324,Bournemouth,Hamed Junior Traore,1,2023,73,6986,S,3,32,0,0.13743155915290117,0,0.13743155915290117,0,0.05982113257050514,3,1,0,0,0.5355859631672502,0.33833327889442444
ENG-Premier League,2324,Bournemouth,Illia Zabarnyi,1,2023,73,11486,D,37,3330,1,1.736923448741436,1,1.736923448741436,0,0.38277394138276577,8,7,5,0,9.300164757296443,9.114820940420032
ENG-Premier League,2324,Bournemouth,Ionut Radu,1,2023,73,1830,GK,2,180,0,0.0,0,0.0,0,0.0,0,0,0,0,0.0,0.0
ENG-Premier League,2324,Bournemouth,Jaidon Anthony,1,2023,73,10746,M S,3,153,0,0.07687148451805115,0,0.07687148451805115,0,0.0,2,0,1,0,0.15334434807300568,0.07647287100553513
ENG-Premier League,2324,Bournemouth,James Hill,1,2023,73,10747,D S,5,74,0,0.0,0,0.0,0,0.0,0,0,0,0,0.14408478140830994,0.14408478140830994
ENG-Premier League,2324,Bournemouth,Joe Rothwell,1,2023,73,561,M S,11,370,0,0.04971148632466793,0,0.04971148632466793,0,0.1371351620182395,2,4,0,0,1.69688056781888,1.6346725337207317
ENG-Premier League,2324,Bournemouth,Justin Kluivert,1,2023,73,6963,M S,32,2029,7,7.296913180500269,7,7.296913180500269,1,1.6692864689975977,56,21,5,0,11.757105719298124,4.571535241790116
ENG-Premier League,2324,Bournemouth,Kieffer Moore,1,2023,73,10743,S,8,76,1,1.2537736184895039,1,1.2537736184895039,0,0.4799897577613592,6,2,0,0,1.9978741817176342,0.7897170707583427
ENG-Premier League,2324,Bournemouth,Lewis Cook,1,2023,73,1789,D M S,33,2799,0,0.4126169476658106,0,0.4126169476658106,3,3.6777359638363123,12,46,5,1,11.350567385554314,8.91490264236927
ENG-Premier League,2324,Bournemouth,Lloyd Kelly,1,2023,73,8090,D S,23,1567,0,0.3132251426577568,0,0.3132251426577568,1,1.6466527543962002,4,9,2,0,5.733856109902263,4.144671676680446
ENG-Premier League,2324,Bournemouth,Luis Sinisterra,1,2023,73,10866,M S,20,670,2,2.296443399041891,2,2.296443399041891,2,2.3218660429120064,27,19,0,0,4.859211741015315,2.420190142467618
ENG-Premier League,2324,Bournemouth,Marcos Senesi,1,2023,73,10864,D S,31,2253,4,2.3658602572977543,4,2.3658602572977543,5,1.8848512191325426,13,22,13,0,8.664394936524332,7.699831395410001
ENG-Premier League,2324,Bournemouth,Marcus Tavernier,1,2023,73,10741,F M S,30,2163,3,4.385046798735857,3,4.385046798735857,4,6.264871651306748,53,44,3,0,14.908875443041325,7.105101251974702
ENG-Premier League,2324,Bournemouth,Mark Travers,1,2023,73,7582,GK,4,360,0,0.0,0,0.0,0,0.0,0,0,0,0,0.0,0.0
ENG-Premier League,2324,Bournemouth,Max Aarons,1,2023,73,7688,D S,20,1219,0,0.047610869631171227,0,0.047610869631171227,1,0.8764500692486763,2,7,1,0,3.960431007668376,3.3971939999610186
ENG-Premier League,2324,Bournemouth,Milos Kerkez,1,2023,73,11709,D M S,28,1982,0,1.6971189985051751,0,1.6971189985051751,1,1.3916718121618032,16,13,4,1,7.389515491202474,5.424490239471197
ENG-Premier League,2324,Bournemouth,Neto,1,2023,73,1297,GK,32,2880,0,0.0,0,0.0,0,0.0,0,0,5,0,4.502189245074987,4.502189245074987
ENG-Premier League,2324,Bournemouth,Philip Billing,1,2023,73,6034,M S,29,1359,2,2.870723254047334,2,2.870723254047334,2,3.7171403001993895,30,23,3,1,7.183791579678655,2.8327820003032684
ENG-Premier League,2324,Bournemouth,Romain Faivre,1,2023,73,6420,S,5,21,0,0.13081937655806541,0,0.13081937655806541,0,0.0,2,0,1,0,0.14801255241036415,0.14801255241036415
ENG-Premier League,2324,Bournemouth,Ryan Christie,1,2023,73,10744,M S,37,2974,0,2.0325705148279667,0,2.0325705148279667,5,6.359501954168081,43,53,6,0,14.907791091129184,9.681732330471277
ENG-Premier League,2324,Bournemouth,Tyler Adams,1,2023,73,7352,M S,3,111,0,0.0,0,0.0,0,0.09760691225528717,0,1,0,0,0.5493647493422031,0.45175783708691597
ENG-Premier League,2324,Brentford,Aaron Hickey,1,2023,244,8942,D,9,749,0,0.19348732568323612,0,0.19348732568323612,0,0.04746435210108757,7,1,5,0,1.1258890461176634,0.9994768127799034
ENG-Premier League,2324,Brentford,Ben Mee,1,2023,244,1654,D S,16,1290,2,1.4556071758270264,2,1.4556071758270264,0,0.24989730305969715,10,6,1,1,1.8442281931638718,1.3644802905619144
ENG-Premier League,2324,Brentford,Bryan Mbeumo,1,2023,244,6552,F S,25,1954,9,9.158370908349752,6,6.874864336103201,6,5.14017678797245,53,32,2,0,15.155989956110716,6.123919734731317
ENG-Premier League,2324,Brentford,Christian Nørgaard,1,2023,244,7083,M S,31,2556,2,3.1722932122647762,2,3.1722932122647762,1,2.970704079605639,36,24,8,0,9.006961837410927,6.332392172887921
ENG-Premier League,2324,Brentford,Ethan Pinnock,1,2023,244,9678,D S,29,2521,2,3.382065122947097,2,3.382065122947097,0,0.5834191367030144,19,4,1,0,5.525476990267634,4.4719733241945505
ENG-Premier League,2324,Brentford,Frank Onyeka,1,2023,244,9681,M S,26,1124,1,2.0069142188876867,1,2.0069142188876867,2,1.8476180955767632,22,12,8,0,6.113463159650564,2.3846182618290186
ENG-Premier League,2324,Brentford,Ivan Toney,1,2023,244,998,F S,17,1447,4,7.132677088491619,4,7.132677088491619,2,2.186188329011202,51,13,5,0,7.6502086371183395,1.1057295147329569
ENG-Premier League,2324,Brentford,Josh Dasilva,1,2023,244,10405,S,3,16,0,0.0,0,0.0,0,0.12691843509674072,0,2,0,0,0.10939022153615952,0.0
ENG-Premier League,2324,Brentford,Keane Lewis-Potter,1,2023,244,10809,D F S,30,1432,3,8.581757307052612,3,8.581757307052612,1,1.6146608591079712,43,13,0,0,9.344955435022712,1.25881989300251
ENG-Premier League,2324,Brentford,Kevin Schade,1,2023,244,9156,F S,11,299,2,1.4017144106328487,2,1.4017144106328487,1,0.9465273916721344,8,4,0,0,2.1139008942991495,0.1965943891555071
ENG-Premier League,2324,Brentford,Kristoffer Ajer,1,2023,244,9677,D S,28,1845,2,1.4675675723701715,2,1.4675675723701715,1,2.600812576711178,12,12,5,0,5.710211778059602,3.668103391304612
ENG-Premier League,2324,Brentford,Mads Roerslev,1,2023,244,9685,D S,34,2009,1,1.1281067915260792,1,1.1281067915260792,2,2.064798539504409,7,15,1,0,6.286723421886563,4.37823604606092
ENG-Premier League,2324,Brentford,Mark Flekken,1,2023,244,7047,GK,37,3293,0,0.0,0,0.0,1,0.29118523746728897,0,3,3,0,4.7133525144308805,4.524704350158572
ENG-Premier League,2324,Brentford,Mathias Jensen,1,2023,244,7166,M S,32,2294,3,0.689183003269136,3,0.689183003269136,3,4.908007476478815,14,41,5,0,11.096407827921212,9.512499671429396
ENG-Premier League,2324,Brentford,Michael Olakigbe,1,2023,244,11487,S,8,35,0,0.08374244254082441,0,0.08374244254082441,0,0.0,3,0,0,0,0.20455775130540133,0.12081530690193176
ENG-Premier League,2324,Brentford,Mikkel Damsgaard,1,2023,244,8859,M S,23,797,0,0.8753717057406902,0,0.8753717057406902,2,2.291341120377183,9,10,2,0,4.728561159223318,2.396734122186899
ENG-Premier League,2324,Brentford,Myles Peart-Harris,1,2023,244,10205,S,3,3,0,0.0,0,0.0,0,0.011411809362471104,0,1,0,0,0.16001979354768991,0.1486079841852188
ENG-Premier League,2324,Brentford,Nathan Collins,1,2023,244,9733,D S,32,2647,1,1.9630648605525494,1,1.9630648605525494,1,2.0567236468195915,10,11,3,0,7.091836112551391,4.629758290015161
ENG-Premier League,2324,Brentford,Neal Maupay,1,2023,244,3621,F S,31,1381,6,7.23018298856914,6,7.23018298856914,3,2.382636667229235,42,16,8,0,11.593444548547268,3.028178656473756
ENG-Premier League,2324,Brentford,Rico Henry,1,2023,244,9679,D,5,401,0,0.045370095409452915,0,0.045370095409452915,1,0.7904934585094452,2,4,1,0,2.13233545422554,1.4655016660690308
ENG-Premier League,2324,Brentford,Saman Ghoddos,1,2023,244,7069,D S,19,701,1,0.302081985399127,1,0.302081985399127,0,1.0297286342829466,9,10,5,0,2.3261738447472453,2.0678049931302667
ENG-Premier League,2324,Brentford,Sergio Reguilón,1,2023,244,7187,D S,25,1539,0,1.177430784329772,0,1.177430784329772,4,3.6384903844445944,17,28,7,1,6.459852248430252,3.6084673702716827
ENG-Premier League,2324,Brentford,Shandon Baptiste,1,2023,244,9914,M S,10,203,1,0.8607992753386497,1,0.8607992753386497,1,0.4303002767264843,2,4,1,0,1.3308127243071795,0.26521478593349457
ENG-Premier League,2324,Brentford,Thomas Strakosha,1,2023,244,1214,GK S,2,127,0,0.0,0,0.0,0,0.0,0,0,0,0,0.0,0.0
ENG-Premier League,2324,Brentford,Vitaly Janelt,1,2023,244,9680,D M S,38,3137,1,2.0162796927616,1,2.0162796927616,3,4.314206030219793,21,37,8,0,12.40513951331377,9.032909959554672
ENG-Premier League,2324,Brentford,Yehor Yarmolyuk,1,2023,244,11772,M S,27,619,0,1.0328057277947664,0,1.0328057277947664,0,0.08315489068627357,11,3,2,0,3.1682952363044024,2.1086901389062405
ENG-Premier League,2324,Brentford,Yoane Wissa,1,2023,244,5786,F S,34,2556,12,11.16999962553382,12,11.16999962553382,3,3.828521143645048,67,29,7,0,16.368419870734215,4.587590790353715
ENG-Premier League,2324,Brentford,Zanka,1,2023,244,6030,D S,14,1082,1,0.6000314559787512,1,0.6000314559787512,0,0.9500103443861008,8,6,4,0,4.571010607294738,3.7045516846701503
ENG-Premier League,2324,Brighton,Adam Lallana,1,2023,220,486,M S,25,875,0,0.7641588356345892,0,0.7641588356345892,1,1.4911685585975647,11,15,2,0,4.825282486155629,2.9767271457239985
ENG-Premier League,2324,Brighton,Adam Webster,1,2023,220,7699,D S,15,1146,0,0.4553392454981804,0,0.4553392454981804,0,0.21061718463897705,8,5,1,0,6.527007706463337,6.405847318470478
ENG-Premier League,2324,Brighton,Anssumane Fati,1,2023,220,7967,F M S,19,456,2,3.8195773735642433,2,3.8195773735642433,0,0.6551500093191862,26,6,2,0,5.572026334702969,1.621451124548912
ENG-Premier League,2324,Brighton,Bart Verbruggen,1,2023,220,11711,GK,21,1890,0,0.0,0,0.0,0,0.0,0,0,3,0,3.662125539034605,3.662125539034605
ENG-Premier League,2324,Brighton,Benicio Baker-Boaitey,1,2023,220,12204,S,5,22,0,0.020216230303049088,0,0.020216230303049088,0,0.09631666541099548,1,1,1,0,0.26968415826559067,0.1531512588262558
ENG-Premier League,2324,Brighton,Billy Gilmour,1,2023,220,7988,M S,30,2154,0,0.7286842339672148,0,0.7286842339672148,1,2.0903379926458,25,22,8,1,17.74679738096893,16.257044926285744
ENG-Premier League,2324,Brighton,Carlos Baleba,1,2023,220,10527,M S,27,1303,0,0.7727098371833563,0,0.7727098371833563,0,0.44668083963915706,21,8,7,0,5.224796708673239,4.549104126170278
ENG-Premier League,2324,Brighton,Danny Welbeck,1,2023,220,501,F M S,29,1723,5,6.242080001160502,5,6.242080001160502,1,2.18816620670259,40,22,4,0,13.546813283115625,7.474573427811265
ENG-Premier League,2324,Brighton,Estupiñán,1,2023,220,5136,D S,19,1239,2,1.034091948531568,2,1.034091948531568,3,3.28635298833251,11,26,4,0,8.131439451128244,5.950095744803548
ENG-Premier League,2324,Brighton,Evan Ferguson,1,2023,220,10177,F S,27,1364,6,3.9660524409264326,6,3.9660524409264326,0,0.6511713527143002,33,6,1,0,6.868808541446924,2.484281620942056
ENG-Premier League,2324,Brighton,Facundo Buonanotte,1,2023,220,11362,F M S,27,1408,3,2.974676702171564,3,2.974676702171564,1,2.304281622171402,21,19,7,0,6.951848786324263,3.328327503055334
ENG-Premier League,2324,Brighton,Igor Julio,1,2023,220,7943,D S,24,1640,0,0.21774271875619888,0,0.21774271875619888,0,0.623787728138268,5,7,4,0,10.448413725942373,10.266164284199476
ENG-Premier League,2324,Brighton,Jack Hinshelwood,1,2023,220,11269,D M S,12,890,3,2.163621000945568,3,2.163621000945568,0,0.8382504060864449,14,8,1,0,4.8760778196156025,2.707413336262107
ENG-Premier League,2324,Brighton,Jakub Moder,1,2023,220,9284,D M S,17,586,0,0.8932432122528553,0,0.8932432122528553,0,0.7571170665323734,11,5,2,0,2.4987766928970814,1.1246388629078865
ENG-Premier League,2324,Brighton,James Milner,1,2023,220,489,D M S,15,788,0,0.2864724565297365,0,0.2864724565297365,2,1.4874638468027115,5,16,3,0,4.586263053119183,4.168471843004227
ENG-Premier League,2324,Brighton,Jan Paul van Hecke,1,2023,220,10807,D M S,28,2365,0,1.5838892180472612,0,1.5838892180472612,0,0.48821631632745266,15,10,4,0,11.12253069318831,10.831943391822278
ENG-Premier League,2324,Brighton,Jason Steele,1,2023,220,7235,GK,17,1530,0,0.0,0,0.0,0,0.0,0,0,0,0,3.745168898254633,3.745168898254633
ENG-Premier League,2324,Brighton,João Pedro,1,2023,220,8272,F M S,31,2026,9,11.918903339654207,5,8.113133335486054,3,5.4223863165825605,75,37,2,0,17.548418318852782,7.590120053850114
ENG-Premier League,2324,Brighton,Joël Veltman,1,2023,220,8780,D S,27,1549,1,0.7444530799984932,1,0.7444530799984932,1,0.5223252037540078,6,4,4,0,3.6864650389179587,3.0875401413068175
ENG-Premier League,2324,Brighton,Julio Enciso,1,2023,220,11058,M S,12,476,0,1.770764671266079,0,1.770764671266079,2,2.3733056373894215,28,9,2,0,4.64084342494607,1.593938222154975
ENG-Premier League,2324,Brighton,Kaoru Mitoma,1,2023,220,10806,D F M S,19,1482,3,4.680040899664164,3,4.680040899664164,4,3.3876203782856464,34,25,4,0,14.050323814153671,8.15176310762763
ENG-Premier League,2324,Brighton,Lewis Dunk,1,2023,220,6048,D,33,2895,3,2.9649088978767395,3,2.9649088978767395,1,1.1697372319176793,34,13,7,1,13.593212680891156,13.529502967372537
ENG-Premier League,2324,Brighton,Mahmoud Dahoud,1,2023,220,205,M S,9,462,0,0.16468830965459347,0,0.16468830965459347,1,1.1006960421800613,6,10,1,1,3.1638661548495293,2.4797462597489357
ENG-Premier League,2324,Brighton,Mark O’Mahony,1,2023,220,12205,F S,3,64,0,0.07050485908985138,0,0.07050485908985138,0,0.0,1,0,1,0,0.0,0.0
ENG-Premier League,2324,Brighton,Odeluga Offiah,1,2023,220,10453,D S,4,122,0,0.0,0,0.0,0,0.0,0,0,0,0,0.49596087634563446,0.49596087634563446
ENG-Premier League,2324,Brighton,Pascal Groß,1,2023,220,239,D M S,36,3107,4,6.07863125950098,3,5.317462421953678,10,8.449651076458395,55,101,6,0,23.865680940449238,17.94647761248052
ENG-Premier League,2324,Brighton,Simon Adingra,1,2023,220,11710,D F M S,31,2256,6,5.096701676025987,6,5.096701676025987,1,3.30205356515944,52,33,3,0,13.104233894497156,6.308099476620555
ENG-Premier League,2324,Brighton,Solly March,1,2023,220,6049,D M,7,571,3,2.7198847085237503,3,2.7198847085237503,1,0.9913322664797306,14,7,1,0,4.9072911739349365,2.40057972073555
ENG-Premier League,2324,Brighton,Tariq Lamptey,1,2023,220,8226,D M S,19,923,0,0.570682673715055,0,0.570682673715055,3,1.210934355854988,6,10,3,0,2.8591504972428083,1.6079945554956794
ENG-Premier League,2324,Brighton,Valentín Barco,1,2023,220,12498,D S,6,299,0,0.30768246576189995,0,0.30768246576189995,0,0.3052761070430279,4,4,1,0,2.3139365799725056,1.9353922195732594
ENG-Premier League,2324,Burnley,Aaron Ramsey,1,2023,92,9913,M S,14,516,0,0.4020077884197235,0,0.4020077884197235,0,0.39152228832244873,6,1,1,0,1.2944342708215117,0.5336329033598304
ENG-Premier League,2324,Burnley,Ameen Al Dakhil,1,2023,92,11699,D S,13,1055,1,1.2219129763543606,1,1.2219129763543606,0,0.09834579937160015,8,2,1,0,2.8363101556897163,1.7573904246091843
ENG-Premier League,2324,Burnley,Anass Zaroury,1,2023,92,11703,F S,6,141,0,0.17524435929954052,0,0.17524435929954052,0,0.04796999227255583,3,2,0,1,0.2102061901241541,0.0
ENG-Premier League,2324,Burnley,Arijanet Muric,1,2023,92,7027,GK,10,900,0,0.0,0,0.0,0,0.37258302234113216,0,4,0,0,2.251372165977955,1.878789134323597
ENG-Premier League,2324,Burnley,Benson Manuel,1,2023,92,11702,M S,8,91,0,0.09858994465321302,0,0.09858994465321302,0,0.08922482281923294,4,1,0,0,0.16302035003900528,0.1271920781582594
ENG-Premier League,2324,Burnley,Charlie Taylor,1,2023,92,6044,D S,28,2336,1,0.24035568069666624,1,0.24035568069666624,1,1.8833663314580917,10,15,8,0,4.918537275865674,4.101939328014851
ENG-Premier League,2324,Burnley,Connor Roberts,1,2023,92,5568,D S,14,804,0,0.0,0,0.0,1,0.31314151361584663,0,7,3,1,2.1132199577987194,1.9018691666424274
ENG-Premier League,2324,Burnley,Dara O'Shea,1,2023,92,8756,D S,33,2899,3,0.9073518002405763,3,0.9073518002405763,4,1.6444027656689286,19,13,5,1,4.856452916748822,4.503178563900292
ENG-Premier League,2324,Burnley,David Datro Fofana,1,2023,92,11295,F S,15,876,4,4.029318623244762,4,4.029318623244762,1,1.4943999461829662,19,8,1,0,4.770294601097703,0.415885504335165
ENG-Premier League,2324,Burnley,Han-Noah Massengo,1,2023,92,7264,S,3,9,0,0.0,0,0.0,0,0.0,0,0,0,0,0.0,0.0
ENG-Premier League,2324,Burnley,Hannes Delcroix,1,2023,92,11998,D S,12,575,0,0.23279432207345963,0,0.23279432207345963,0,0.20352116599678993,4,4,2,0,1.6811544448137283,1.477633286267519
ENG-Premier League,2324,Burnley,Hjalmar Ekdal,1,2023,92,11704,D S,8,440,0,0.07676978968083858,0,0.07676978968083858,0,0.029761802405118942,2,1,2,0,0.5405235048383474,0.5107617024332285
ENG-Premier League,2324,Burnley,Jack Cork,1,2023,92,712,S,4,16,0,0.0,0,0.0,0,0.0,0,0,0,0,0.24877267330884933,0.24877267330884933
ENG-Premier League,2324,Burnley,Jacob Bruun Larsen,1,2023,92,5355,F M S,32,1272,6,5.2944221664220095,5,4.533253343775868,0,1.4546170141547918,44,25,1,0,7.313723993487656,2.519299939274788
ENG-Premier League,2324,Burnley,James Trafford,1,2023,92,9077,GK,28,2520,0,0.0,0,0.0,0,0.0,0,0,2,0,2.3824947578832507,2.3824947578832507
ENG-Premier League,2324,Burnley,Jay Rodriguez,1,2023,92,844,F S,21,781,2,4.621791888028383,1,3.860623050481081,1,0.17110992223024368,22,4,0,0,3.988340836018324,0.8826676225289702
ENG-Premier League,2324,Burnley,Johann Berg Gudmundsson,1,2023,92,1663,F M S,26,1175,1,2.048229966312647,1,2.048229966312647,3,3.143440945073962,15,34,2,0,6.296170109882951,2.9956371504813433
ENG-Premier League,2324,Burnley,Josh Brownhill,1,2023,92,8323,M S,33,2229,4,1.8306225752457976,4,1.8306225752457976,2,1.8270882591605186,28,34,4,1,6.495785586535931,4.306291623972356
ENG-Premier League,2324,Burnley,Josh Cullen,1,2023,92,1018,M S,25,2072,2,0.532621605321765,2,0.532621605321765,3,1.9263525325804949,16,26,9,0,8.981078654527664,7.6769237499684095
ENG-Premier League,2324,Burnley,Lorenz Assignon,1,2023,92,8973,D,15,1249,1,0.4085904136300087,1,0.4085904136300087,2,2.075187735259533,9,13,3,1,3.949996647424996,3.191625501960516
ENG-Premier League,2324,Burnley,Louis Beyer,1,2023,92,6557,D,15,1252,0,0.42690371349453926,0,0.42690371349453926,1,0.4111006297171116,5,3,6,0,1.9057915396988392,1.516863290220499
ENG-Premier League,2324,Burnley,Luca Koleosho,1,2023,92,10620,F M S,15,1015,1,2.3243730422109365,1,2.3243730422109365,1,1.4566490054130554,23,11,0,0,3.7318228743970394,0.2789538074284792
ENG-Premier League,2324,Burnley,Lyle Foster,1,2023,92,7498,F M S,24,1938,5,5.608147136867046,5,5.608147136867046,3,1.4990256652235985,34,19,0,1,8.676230592653155,2.611631980165839
ENG-Premier League,2324,Burnley,Maxime Estève,1,2023,92,9487,D S,16,1314,0,0.24058250151574612,0,0.24058250151574612,0,0.012573497369885445,7,1,6,0,1.9057064168155193,1.8650701008737087
ENG-Premier League,2324,Burnley,Michael Obafemi,1,2023,92,6504,S,2,9,0,0.11657162755727768,0,0.11657162755727768,0,0.0,2,0,0,0,0.15364274382591248,0.037071119993925095
ENG-Premier League,2324,Burnley,Mike Trésor,1,2023,92,12094,F M S,16,384,0,0.6615988579578698,0,0.6615988579578698,0,0.6491026850417256,5,7,0,0,0.9828745895065367,0.34004739159718156
ENG-Premier League,2324,Burnley,Nathan Redmond,1,2023,92,790,S,12,100,0,0.0,0,0.0,0,0.2518436722457409,0,4,1,0,0.9050039984285831,0.8224344961345196
ENG-Premier League,2324,Burnley,Sander Berge,1,2023,92,8285,M S,37,3020,1,2.1221074890345335,1,2.1221074890345335,2,3.1849441323429346,25,29,8,1,12.192523565143347,8.591317790560424
ENG-Premier League,2324,Burnley,Vitinho,1,2023,92,11700,D M S,32,2324,0,1.7635137159377337,0,1.7635137159377337,2,1.0349685866385698,25,11,1,0,6.745405659079552,4.7740294598042965
ENG-Premier League,2324,Burnley,Wilson Odobert,1,2023,92,10822,F M S,29,2150,3,2.5438556540757418,3,2.5438556540757418,2,4.427815416827798,49,31,3,0,10.004786113277078,4.203309727832675
ENG-Premier League,2324,Burnley,Zeki Amdouni,1,2023,92,11701,F M S,34,2025,5,6.100483123213053,4,5.3393142856657505,1,1.494755046442151,49,16,2,0,7.888359908014536,2.6891510486602783
ENG-Premier League,2324,Chelsea,Alex Matos,1,2023,80,12086,S,1,1,0,0.0,0,0.0,0,0.0,0,0,0,0,0.0,0.0
ENG-Premier League,2324,Chelsea,Alfie Gilchrist,1,2023,80,11595,D S,11,192,1,0.6408083289861679,1,0.6408083289861679,0,0.0,5,0,1,0,0.9851318392902613,0.509981470182538
ENG-Premier League,2324,Chelsea,Armando Broja,1,2023,80,8384,F S,21,500,1,2.4893455486744642,1,2.4893455486744642,1,0.7393966801464558,13,4,0,0,4.2334747817367315,1.649859182536602
ENG-Premier League,2324,Chelsea,Axel Disasi,1,2023,80,6885,D S,31,2586,2,2.678889036178589,2,2.678889036178589,0,0.19504063576459885,16,3,6,0,14.653339916840196,14.106656992807984
ENG-Premier League,2324,Chelsea,Ben Chilwell,1,2023,80,782,D S,13,771,0,1.2212005220353603,0,1.2212005220353603,1,1.793320189230144,12,14,5,0,3.850440725684166,1.9574524844065309
ENG-Premier League,2324,Chelsea,Benoit Badiashile Mukinayi,1,2023,80,7240,D S,18,1338,0,0.5172926671802998,0,0.5172926671802998,1,1.5548250479623675,6,6,2,0,8.460209622979164,8.366715781390667
ENG-Premier League,2324,Chelsea,Carney Chukwuemeka,1,2023,80,9356,M S,9,219,1,0.11761219799518585,1,0.11761219799518585,1,0.24838955141603947,3,5,2,0,0.47145750373601913,0.10545574314892292
ENG-Premier League,2324,Chelsea,Cesare Casadei,1,2023,80,10433,S,11,48,0,0.0,0,0.0,0,0.11868480406701565,0,2,0,0,0.1853423323482275,0.0880566667765379
ENG-Premier League,2324,Chelsea,Chimuanya Ugochukwu,1,2023,80,9451,M S,12,289,0,0.0,0,0.0,0,0.18544436991214752,0,3,2,0,2.2840482108294964,2.163483928889036
ENG-Premier League,2324,Chelsea,Christopher Nkunku,1,2023,80,3300,F M S,11,416,3,2.4121735505759716,3,2.4121735505759716,0,0.2275804504752159,16,3,0,0,4.83782403729856,2.7286274563521147
ENG-Premier League,2324,Chelsea,Cole Palmer,1,2023,80,8497,F M S,34,2640,22,17.83224501274526,13,10.981725485995412,11,11.869294486939907,108,72,7,0,31.036520244553685,15.302413104102015
ENG-Premier League,2324,Chelsea,Conor Gallagher,1,2023,80,9040,M,37,3171,5,4.717563968151808,5,4.717563968151808,7,5.792711144313216,48,52,7,1,25.90884201787412,18.712417108938098
ENG-Premier League,2324,Chelsea,Deivid Washington,1,2023,80,12033,S,2,7,0,0.12518750131130219,0,0.12518750131130219,0,0.0,1,0,0,0,0.19184502959251404,0.06665752828121185
ENG-Premier League,2324,Chelsea,Djordje Petrovic,1,2023,80,12032,GK S,23,1982,0,0.0,0,0.0,0,0.0,0,0,2,0,3.3123070560395718,3.3123070560395718
ENG-Premier League,2324,Chelsea,Enzo Fernández,1,2023,80,11356,M S,28,2237,3,6.147583088837564,2,4.62524542491883,2,3.5588307976722717,47,32,7,0,18.34273999929428,12.553447233512998
ENG-Premier League,2324,Chelsea,Ian Maatsen,1,2023,80,11807,M S,12,169,0,0.6834889836609364,0,0.6834889836609364,0,0.05732445325702429,5,2,1,0,1.3501509558409452,0.6530423145741224
ENG-Premier League,2324,Chelsea,Jimi Tauriainen,1,2023,80,12497,S,1,1,0,0.0,0,0.0,0,0.0,0,0,0,0,0.0,0.0
ENG-Premier League,2324,Chelsea,Josh Acheampong,1,2023,80,12535,S,1,1,0,0.0,0,0.0,0,0.0,0,0,0,0,0.0,0.0
ENG-Premier League,2324,Chelsea,Levi Colwill,1,2023,80,10805,D S,23,1813,1,0.7760256305336952,1,0.7760256305336952,1,1.2379922457039356,11,7,2,0,8.106331346556544,7.155624521896243
ENG-Premier League,2324,Chelsea,Malo Gusto,1,2023,80,9017,D S,27,1754,0,1.700457390397787,0,1.700457390397787,6,5.507309950888157,15,32,7,1,14.041902555152774,10.585735710337758
ENG-Premier League,2324,Chelsea,Marc Cucurella,1,2023,80,7134,D S,21,1788,0,1.4538506548851728,0,1.4538506548851728,2,1.254556130617857,8,19,10,0,12.102387934923172,10.091670595109463
ENG-Premier League,2324,Chelsea,Mason Burstow,1,2023,80,11810,S,2,2,0,0.0,0,0.0,0,0.0,0,0,0,0,0.0,0.0
ENG-Premier League,2324,Chelsea,Moisés Caicedo,1,2023,80,9453,M S,35,2897,1,0.2973291608504951,1,0.2973291608504951,3,2.4989760648459196,13,22,11,0,25.048321802169085,23.26216376759112
ENG-Premier League,2324,Chelsea,Mykhailo Mudryk,1,2023,80,11305,F M S,31,1563,5,5.111277528107166,5,5.111277528107166,2,3.8853818774223328,35,32,5,0,10.99068268481642,4.357236756011844
ENG-Premier League,2324,Chelsea,Nicolas Jackson,1,2023,80,10048,F M S,35,2818,14,19.860593939200044,14,19.860593939200044,5,5.2836981769651175,80,36,10,0,27.917255371809006,7.270463835448027
ENG-Premier League,2324,Chelsea,Noni Madueke,1,2023,80,11357,M S,23,1066,5,3.0036024190485477,4,2.2424335815012455,2,2.160680465400219,32,20,2,0,7.7808678727597,4.740718839690089
ENG-Premier League,2324,Chelsea,Raheem Sterling,1,2023,80,618,F M S,31,1987,8,8.573790527880192,8,8.573790527880192,4,4.971372967585921,51,30,7,0,19.289956534281373,8.898095147684216
ENG-Premier League,2324,Chelsea,Reece James,1,2023,80,8067,D S,10,422,0,0.3389957156032324,0,0.3389957156032324,2,2.679515279829502,7,11,0,2,3.0341393500566483,1.8427834287285805
ENG-Premier League,2324,Chelsea,Robert Sánchez,1,2023,80,9098,GK,16,1438,0,0.0,0,0.0,0,0.0,0,0,2,0,4.148339273408055,4.148339273408055
ENG-Premier League,2324,Chelsea,Romeo Lavia,1,2023,80,10004,S,1,29,0,0.0,0,0.0,0,0.0,0,0,0,0,0.0,0.0
ENG-Premier League,2324,Chelsea,Thiago Silva,1,2023,80,3288,D S,31,2530,3,0.7915211245417595,3,0.7915211245417595,1,1.4041369603946805,14,9,4,0,14.303374078124762,14.190275978296995
ENG-Premier League,2324,Chelsea,Trevoh Chalobah,1,2023,80,6615,D S,13,944,1,0.35911528021097183,1,0.35911528021097183,0,0.07494096830487251,2,2,1,0,4.417237082496285,4.417237082496285
ENG-Premier League,2324,Crystal Palace,Adam Wharton,1,2023,78,12409,M S,16,1333,0,0.35551161505281925,0,0.35551161505281925,3,2.5562784411013126,10,20,2,0,6.304625790566206,4.828129124827683
ENG-Premier League,2324,Crystal Palace,Cheick Oumar Doucoure,1,2023,78,8666,M,11,926,0,0.1988849276676774,0,0.1988849276676774,0,0.7361565185710788,6,10,2,0,3.296035975217819,2.666292503476143
ENG-Premier League,2324,Crystal Palace,Chris Richards,1,2023,78,8430,D M S,26,2085,1,0.6396042630076408,1,0.6396042630076408,1,0.6775753749534488,11,6,3,0,5.3978734547272325,4.986880736425519
ENG-Premier League,2324,Crystal Palace,Daniel Muñoz,1,2023,78,12408,D,16,1440,0,1.7550712414085865,0,1.7550712414085865,4,3.085336983203888,8,21,4,0,6.9232857301831245,3.610450681298971
ENG-Premier League,2324,Crystal Palace,David Ozoh,1,2023,78,11268,S,9,133,0,0.0,0,0.0,0,0.0,0,0,1,0,0.742124617099762,0.742124617099762
ENG-Premier League,2324,Crystal Palace,Dean Henderson,1,2023,78,7702,GK,18,1620,0,0.0,0,0.0,0,0.0,0,0,2,0,1.2326296400278807,1.2326296400278807
ENG-Premier League,2324,Crystal Palace,Eberechi Eze,1,2023,78,8706,F M S,27,2097,11,9.37310928851366,10,8.611940443515778,4,6.844833366572857,83,54,3,0,16.38165108114481,6.3479389026761055
ENG-Premier League,2324,Crystal Palace,Jairo Riedewald,1,2023,78,6027,M S,9,219,0,0.05936440825462341,0,0.05936440825462341,0,0.0,1,0,0,0,1.6596563309431076,1.6002919226884842
ENG-Premier League,2324,Crystal Palace,James Tomkins,1,2023,78,530,S,4,4,0,0.0,0,0.0,0,0.0,0,0,0,0,0.0,0.0
ENG-Premier League,2324,Crystal Palace,Jean-Philippe Mateta,1,2023,78,5735,F S,35,2303,16,12.290523625910282,14,10.768185935914516,5,3.52706278860569,46,32,3,0,15.486321330070496,2.852151058614254
ENG-Premier League,2324,Crystal Palace,Jefferson Lerma,1,2023,78,2182,D M S,28,2413,1,2.384976907633245,1,2.384976907633245,1,2.4383071903139353,34,24,8,0,8.658741846680641,5.520685154944658
ENG-Premier League,2324,Crystal Palace,Jeffrey Schlupp,1,2023,78,757,F M S,29,1370,2,1.8823988568037748,2,1.8823988568037748,2,2.1711694821715355,19,18,1,0,6.629315219819546,2.9410562105476856
ENG-Premier League,2324,Crystal Palace,Jesurun Rak-Sakyi,1,2023,78,9461,S,6,124,0,0.35584220476448536,0,0.35584220476448536,0,0.07684876397252083,5,2,0,0,1.1574715673923492,0.7433868646621704
ENG-Premier League,2324,Crystal Palace,Joachim Andersen,1,2023,78,6314,D,38,3420,2,2.444138385821134,2,2.444138385821134,3,2.8891019374132156,21,21,7,0,10.297365324571729,9.6244976837188
ENG-Premier League,2324,Crystal Palace,Joel Ward,1,2023,78,510,D S,26,1985,0,0.7851169966161251,0,0.7851169966161251,1,0.09658221155405045,10,2,4,0,5.3411974757909775,5.244141489267349
ENG-Premier League,2324,Crystal Palace,Jordan Ayew,1,2023,78,672,F M S,35,2563,4,4.262499047443271,4,4.262499047443271,7,4.95881259907037,48,25,7,1,10.702397212386131,5.5203778790310025
ENG-Premier League,2324,Crystal Palace,Marc Guehi,1,2023,78,7603,D M S,25,2021,0,0.4888940155506134,0,0.4888940155506134,1,0.962568361312151,5,7,2,0,6.667929092422128,6.454947093501687
ENG-Premier League,2324,Crystal Palace,Matheus França,1,2023,78,12152,M S,10,197,0,0.2915826556272805,0,0.2915826556272805,1,0.8639639485627413,8,6,1,0,1.1256566774100065,0.5917453020811081
ENG-Premier League,2324,Crystal Palace,Michael Olise,1,2023,78,9948,F M S,19,1281,10,5.6874131839722395,9,4.926244312897325,6,5.196664724498987,56,35,0,0,12.075153382495046,5.0466043297201395
ENG-Premier League,2324,Crystal Palace,Naouirou Ahamada,1,2023,78,9274,S,20,282,0,0.5298433359712362,0,0.5298433359712362,0,0.05646481364965439,9,1,2,1,2.506193021312356,1.9648387469351292
ENG-Premier League,2324,Crystal Palace,Nathaniel Clyne,1,2023,78,603,D S,19,1341,0,0.18276398722082376,0,0.18276398722082376,0,0.15016059577465057,4,3,0,0,3.289492018520832,3.0100313499569893
ENG-Premier League,2324,Crystal Palace,Odsonne Edouard,1,2023,78,3697,F M S,30,1534,7,7.869511350989342,7,7.869511350989342,0,1.0359194399788976,51,18,4,0,8.31682275235653,2.1359799914062023
ENG-Premier League,2324,Crystal Palace,Remi Matthews,1,2023,78,9834,S,1,1,0,0.0,0,0.0,0,0.0,0,0,0,0,0.0,0.0
ENG-Premier League,2324,Crystal Palace,Sam Johnstone,1,2023,78,978,GK,20,1800,0,0.0,0,0.0,0,0.0,0,0,1,0,1.9733385294675827,1.9733385294675827
ENG-Premier League,2324,Crystal Palace,Tyrick Mitchell,1,2023,78,8214,D,37,3221,2,2.2116162590682507,2,2.2116162590682507,3,3.6366397831588984,12,24,6,0,12.8683971920982,8.858033265918493
ENG-Premier League,2324,Crystal Palace,Will Hughes,1,2023,78,6104,M S,30,1924,0,0.30102055706083775,0,0.30102055706083775,1,1.7067030258476734,8,21,6,0,5.737615456804633,5.330458853393793
ENG-Premier League,2324,Everton,Abdoulaye Doucouré,1,2023,72,1726,M,32,2678,7,10.20444649644196,7,10.20444649644196,1,2.55271128565073,47,33,7,0,13.33745107613504,5.22493714094162
ENG-Premier League,2324,Everton,Alex Iwobi,1,2023,72,500,M S,32,2398,5,5.662265548482537,5,5.662265548482537,2,4.8107705460861325,55,52,2,0,16.545354936271906,8.541501207277179
ENG-Premier League,2324,Everton,Amadou Onana,1,2023,72,9667,M S,30,2093,2,2.553437914699316,2,2.553437914699316,0,2.4138805400580168,29,18,5,0,10.676468232646585,8.992594484239817
ENG-Premier League,2324,Everton,André Gomes,1,2023,72,2383,M S,12,476,1,0.31534918770194054,1,0.31534918770194054,0,0.26019739359617233,8,3,4,0,1.3486489057540894,0.9295541495084763
ENG-Premier League,2324,Everton,Arnaut Danjuma Groeneveld,1,2023,72,8066,F M S,14,572,1,3.4230369105935097,1,3.4230369105935097,0,0.8538514971733093,25,6,0,0,4.255711138248444,0.09537248313426971
ENG-Premier League,2324,Everton,Ashley Young,1,2023,72,631,D M S,31,2305,0,0.5671309139579535,0,0.5671309139579535,0,2.473125728778541,13,21,5,1,6.803516559302807,5.159970347769558
ENG-Premier League,2324,Everton,Ben Godfrey,1,2023,72,7689,D S,15,1131,0,2.1673798076808453,0,2.1673798076808453,0,0.20296811684966087,15,3,2,0,1.4282750822603703,1.147367212921381
ENG-Premier League,2324,Everton,Beto,1,2023,72,9983,F S,30,898,3,7.16694748448208,3,6.405778587330133,0,1.1942407237365842,43,11,2,0,7.352622885257006,1.000561224296689
ENG-Premier League,2324,Everton,Dominic Calvert-Lewin,1,2023,72,5555,F S,32,2234,7,13.627293583005667,5,12.104955926537514,2,3.068425781559199,73,19,2,0,11.614983171224594,1.8352613244205713
ENG-Premier League,2324,Everton,Dwight McNeil,1,2023,72,6756,D M S,35,2914,3,3.64070400595665,3,3.64070400595665,6,10.325187070295215,57,69,2,0,14.694117410108447,5.355050271376967
ENG-Premier League,2324,Everton,Idrissa Gueye,1,2023,72,668,M S,25,1930,4,1.6615520063787699,4,1.6615520063787699,0,1.0346810910850763,26,15,8,0,7.9041884783655405,5.927652306854725
ENG-Premier League,2324,Everton,Jack Harrison,1,2023,72,8720,M S,29,2229,3,4.149862082675099,3,4.149862082675099,3,4.3471535332500935,34,27,1,0,8.462419219315052,2.3600274678319693
ENG-Premier League,2324,Everton,James Garner,1,2023,72,7438,M S,37,3016,1,2.2248211354017258,1,2.2248211354017258,2,5.287607742473483,41,43,7,0,9.332132609561086,5.183267613872886
ENG-Premier League,2324,Everton,James Tarkowski,1,2023,72,1665,D,38,3420,1,3.3438648656010628,1,3.3438648656010628,1,2.9575961800292134,25,21,11,0,6.766535404138267,6.192924220114946
ENG-Premier League,2324,Everton,Jarrad Branthwaite,1,2023,72,8476,D,35,3122,3,1.9108920088037848,3,1.9108920088037848,0,0.9319860828109086,14,4,8,0,6.321832184214145,6.261263381689787
ENG-Premier League,2324,Everton,Jordan Pickford,1,2023,72,741,GK,38,3420,0,0.0,0,0.0,0,0.1356039261445403,0,4,5,0,4.561621826142073,4.441057674586773
ENG-Premier League,2324,Everton,Lewis Dobbin,1,2023,72,10027,M S,12,198,1,0.502917317673564,1,0.502917317673564,0,0.4989037085324526,5,4,1,0,0.6766481157392263,0.13552195951342583
ENG-Premier League,2324,Everton,Lewis Warrington,1,2023,72,10775,S,1,1,0,0.0,0,0.0,0,0.0,0,0,0,0,0.0,0.0
ENG-Premier League,2324,Everton,Michael Keane,1,2023,72,1653,D S,9,432,1,0.9261618256568909,1,0.9261618256568909,0,0.0,6,0,2,0,0.8365163393318653,0.8365163393318653
ENG-Premier League,2324,Everton,Nathan Patterson,1,2023,72,10292,D S,20,979,0,0.45207766257226467,0,0.45207766257226467,2,1.616803351789713,4,8,4,0,5.134298218414187,3.8557239081710577
ENG-Premier League,2324,Everton,Seamus Coleman,1,2023,72,585,D S,12,654,0,0.0,0,0.0,0,0.8893022555857897,0,3,0,0,2.3442040607333183,1.454901821911335
ENG-Premier League,2324,Everton,Thomas Cannon,1,2023,72,11232,S,1,1,0,0.0,0,0.0,0,0.0,0,0,0,0,0.0,0.0
ENG-Premier League,2324,Everton,Tyler Onyango,1,2023,72,9287,S,1,1,0,0.0,0,0.0,0,0.0,0,0,0,0,0.0,0.0
ENG-Premier League,2324,Everton,Vitalii Mykolenko,1,2023,72,10291,D,28,2482,2,1.9085629284381866,2,1.9085629284381866,0,1.246465403586626,26,13,0,0,7.135594544932246,5.507095940411091
ENG-Premier League,2324,Everton,Youssef Chermiti,1,2023,72,11984,F S,18,159,0,0.6035170843824744,0,0.6035170843824744,0,0.4252763092517853,6,3,3,0,1.2006155140697956,0.23790132626891136
ENG-Premier League,2324,Fulham,Adama Traoré,1,2023,228,900,M S,17,310,2,1.4920614697039127,2,1.4920614697039127,3,0.7020887192338705,11,7,2,0,1.841224255040288,0.19511876441538334
ENG-Premier League,2324,Fulham,Aleksandar Mitrovic,1,2023,228,773,S,1,31,0,0.1909874528646469,0,0.1909874528646469,0,0.0,2,0,0,0,0.1909874528646469,0.0
ENG-Premier League,2324,Fulham,Andreas Pereira,1,2023,228,922,M S,37,2756,3,5.155889482237399,3,5.155889482237399,7,6.918029231950641,52,83,7,0,15.476547078229487,7.726291726343334
ENG-Premier League,2324,Fulham,Antonee Robinson,1,2023,228,8940,D,37,3290,0,0.8533244347199798,0,0.8533244347199798,6,3.767484251409769,16,31,6,0,13.781186819076538,11.46092726662755
ENG-Premier League,2324,Fulham,Bernd Leno,1,2023,228,181,GK,38,3420,0,0.0,0,0.0,0,0.0,0,0,3,0,4.714530278928578,4.714530278928578
ENG-Premier League,2324,Fulham,Bobby Reid,1,2023,228,6827,F M S,33,1431,6,5.469232198782265,6,5.469232198782265,2,1.5773739200085402,33,17,4,0,6.414783387444913,1.6770686488598585
ENG-Premier League,2324,Fulham,Calvin Bassey,1,2023,228,11728,D S,29,2278,1,0.3684718329459429,1,0.3684718329459429,0,0.10597540438175201,5,2,4,1,8.236559823155403,8.236559823155403
ENG-Premier League,2324,Fulham,Carlos Vinicius,1,2023,228,7395,F S,13,286,2,1.6243880316615105,2,1.6243880316615105,0,0.5761066563427448,9,5,2,0,3.164248041808605,1.0699065858498216
ENG-Premier League,2324,Fulham,Fode Toure,1,2023,228,5803,S,6,41,0,0.0,0,0.0,0,0.0,0,0,1,0,0.6374003142118454,0.6374003142118454
ENG-Premier League,2324,Fulham,Harrison Reed,1,2023,228,910,M S,27,1298,0,0.28592466469854116,0,0.28592466469854116,2,1.2897144686430693,9,14,6,0,4.717917591333389,4.137020692229271
ENG-Premier League,2324,Fulham,Harry Wilson,1,2023,228,5596,F M S,35,1576,4,2.8195397332310677,4,2.8195397332310677,6,3.1505596097558737,39,22,6,0,7.545763581991196,3.50857000797987
ENG-Premier League,2324,Fulham,Issa Diop,1,2023,228,3203,D S,18,1435,0,0.26873418875038624,0,0.26873418875038624,0,0.0,5,0,2,1,2.9229609984904528,2.9229609984904528
ENG-Premier League,2324,Fulham,João Palhinha,1,2023,228,10715,M S,33,2742,4,3.245512000285089,4,3.245512000285089,1,0.8451391234993935,44,12,13,0,11.165684594772756,9.492066229693592
ENG-Premier League,2324,Fulham,Kenny Tete,1,2023,228,5973,D S,14,880,1,1.1781789623200893,1,1.1781789623200893,0,0.16147804353386164,4,3,2,0,1.8050313368439674,1.7335399203002453
ENG-Premier League,2324,Fulham,Luke Harris,1,2023,228,10719,S,1,75,0,0.33846035599708557,0,0.33846035599708557,0,0.0,1,0,0,0,0.33846035599708557,0.0
ENG-Premier League,2324,Fulham,Raúl Jiménez,1,2023,228,4105,F S,24,1423,7,5.9900733437389135,7,5.9900733437389135,0,1.6923745833337307,41,11,3,1,7.9016893692314625,1.7369755171239376
ENG-Premier League,2324,Fulham,Rodrigo Muniz,1,2023,228,10717,F S,26,1602,9,8.481916300952435,9,8.481916300952435,1,1.3883774541318417,72,16,1,0,9.755544383078814,2.1016076635569334
ENG-Premier League,2324,Fulham,Sasa Lukic,1,2023,228,1537,M S,24,1107,1,1.2816824559122324,1,1.2816824559122324,0,0.6108460575342178,13,10,3,0,4.723364921286702,3.862767720595002
ENG-Premier League,2324,Fulham,Tim Ream,1,2023,228,7184,D S,18,1513,1,0.960849940776825,1,0.960849940776825,0,0.0,1,0,2,1,4.037653112784028,4.037653112784028
ENG-Premier League,2324,Fulham,Timothy Castagne,1,2023,228,6157,D S,34,2627,1,1.3355903550982475,1,1.3355903550982475,3,1.5853081783279777,14,18,3,0,8.171432700008154,6.209871254861355
ENG-Premier League,2324,Fulham,Tom Cairney,1,2023,228,6835,M S,34,1427,1,1.009905599988997,1,1.009905599988997,4,3.1143901832401752,17,25,3,0,9.088703569956124,7.377049610950053
ENG-Premier League,2324,Fulham,Tosin Adarabioyo,1,2023,228,5590,D S,20,1618,2,0.9477480566129088,2,0.9477480566129088,0,0.13653935492038727,14,2,2,0,5.4755807258188725,5.466204304248095
ENG-Premier League,2324,Fulham,Willian,1,2023,228,700,F M S,31,2080,4,5.017656198702753,2,3.495318523608148,2,4.14518438372761,45,45,1,0,13.592191327363253,9.297335214912891
ENG-Premier League,2324,Liverpool,Alexis Mac Allister,1,2023,87,8379,M S,33,2661,5,3.998983211815357,4,3.237814389169216,5,3.578091200441122,44,47,7,1,22.71393956243992,18.186699956655502
ENG-Premier League,2324,Liverpool,Alisson,1,2023,87,1257,GK,28,2520,0,0.0,0,0.0,0,0.0,0,0,1,0,8.493492092937231,8.493492092937231
ENG-Premier League,2324,Liverpool,Andrew Robertson,1,2023,87,1688,D S,23,1684,3,2.4325872622430325,3,2.4325872622430325,2,6.65541476290673,12,62,2,0,15.87774301506579,10.361629979684949
ENG-Premier League,2324,Liverpool,Ben Doak,1,2023,87,11231,S,1,6,0,0.0,0,0.0,0,0.0,0,0,0,0,0.0,0.0
ENG-Premier League,2324,Liverpool,Bobby Clark,1,2023,87,10997,M S,5,79,0,0.0737958550453186,0,0.0737958550453186,0,0.0,2,0,0,0,0.2553020417690277,0.2216729074716568
ENG-Premier League,2324,Liverpool,Caoimhin Kelleher,1,2023,87,7904,GK,10,900,0,0.0,0,0.0,0,0.044807832688093185,0,1,0,0,3.1609220281243324,3.1609220281243324
ENG-Premier League,2324,Liverpool,Cody Gakpo,1,2023,87,11296,F M S,35,1640,8,8.769219513982534,8,8.769219513982534,5,4.2288118079304695,66,25,1,0,17.55027423426509,6.47403072565794
ENG-Premier League,2324,Liverpool,Conor Bradley,1,2023,87,10120,D S,11,776,1,0.9028667435050011,1,0.9028667435050011,3,1.9515707418322563,12,15,2,0,6.451037675142288,4.833862990140915
ENG-Premier League,2324,Liverpool,Curtis Jones,1,2023,87,6665,M S,23,1152,1,2.483465351164341,1,2.483465351164341,1,0.9511555470526218,19,11,3,1,9.832491017878056,6.74063022620976
ENG-Premier League,2324,Liverpool,Darwin Núñez,1,2023,87,10720,F S,36,2037,11,19.187851031310856,11,18.42668213415891,8,5.950456521473825,108,33,9,0,25.07862750068307,5.313199203461409
ENG-Premier League,2324,Liverpool,Diogo Jota,1,2023,87,6854,F S,21,1164,10,6.724682793021202,10,6.724682793021202,3,3.19649357162416,41,23,1,1,12.289753511548042,5.313873592764139
ENG-Premier League,2324,Liverpool,Dominik Szoboszlai,1,2023,87,9788,M S,33,2135,3,3.519060474820435,3,3.519060474820435,2,5.657645266503096,60,55,1,0,21.230980657041073,15.891304083168507
ENG-Premier League,2324,Liverpool,Harvey Elliott,1,2023,87,7546,F M S,34,1268,3,2.5765033923089504,3,2.5765033923089504,6,4.262343382462859,49,36,2,0,14.047137239947915,9.563051972538233
ENG-Premier League,2324,Liverpool,Ibrahima Konaté,1,2023,87,6326,D S,22,1555,0,0.5480835782364011,0,0.5480835782364011,0,0.5098369065672159,11,8,3,1,10.232070155441761,10.100398369133472
ENG-Premier League,2324,Liverpool,James McConnell,1,2023,87,11811,S,3,3,0,0.0,0,0.0,0,0.0,0,0,0,0,0.0,0.0
ENG-Premier League,2324,Liverpool,Jarell Quansah,1,2023,87,10187,D S,17,1182,2,1.4266883935779333,2,1.4266883935779333,0,0.07552261091768742,6,3,1,0,7.204154305160046,7.149779371917248
ENG-Premier League,2324,Liverpool,Jayden Danns,1,2023,87,12455,S,2,6,0,0.0,0,0.0,0,0.0,0,0,1,0,0.0,0.0
ENG-Premier League,2324,Liverpool,Joel Matip,1,2023,87,332,D S,10,798,0,0.5547500364482403,0,0.5547500364482403,0,0.049058178439736366,5,2,2,0,4.6627917140722275,4.635653033852577
ENG-Premier League,2324,Liverpool,Joseph Gomez,1,2023,87,987,D M S,32,1749,0,0.8164968742057681,0,0.8164968742057681,1,1.5004456005990505,19,21,5,0,10.545846451073885,8.967196764424443
ENG-Premier League,2324,Liverpool,Kaide Gordon,1,2023,87,10118,S,1,1,0,0.0,0,0.0,0,0.0,0,0,0,0,0.0,0.0
ENG-Premier League,2324,Liverpool,Konstantinos Tsimikas,1,2023,87,8852,D S,13,667,0,0.09273439832031727,0,0.09273439832031727,3,1.1678164629265666,3,16,0,0,2.015436552464962,1.7746542319655418
ENG-Premier League,2324,Liverpool,Luis Díaz,1,2023,87,10408,F S,37,2706,8,12.864595355466008,8,12.864595355466008,5,6.482230054214597,94,64,3,0,24.42669267952442,10.309036564081907
ENG-Premier League,2324,Liverpool,Mohamed Salah,1,2023,87,1250,F S,32,2556,18,21.941274393349886,13,16.613166783005,10,12.332044444978237,114,66,2,0,31.875095803290606,8.363566914573312
ENG-Premier League,2324,Liverpool,Owen Beck,1,2023,87,10119,S,1,5,0,0.0,0,0.0,0,0.0,0,0,0,0,0.5044733881950378,0.5044733881950378
ENG-Premier League,2324,Liverpool,Ryan Gravenberch,1,2023,87,10697,M S,26,1116,1,1.7132481131702662,1,1.7132481131702662,0,1.0920489802956581,23,15,0,0,7.440316876396537,5.028185680508614
ENG-Premier League,2324,Liverpool,Stefan Bajcetic,1,2023,87,10723,S,1,23,0,0.0,0,0.0,0,0.0,0,0,0,0,0.0,0.0
ENG-Premier League,2324,Liverpool,Thiago Alcántara,1,2023,87,229,S,1,1,0,0.0,0,0.0,0,0.0,0,0,0,0,0.0,0.0
ENG-Premier League,2324,Liverpool,Trent Alexander-Arnold,1,2023,87,1791,D S,28,2190,3,2.745258178561926,3,2.745258178561926,4,8.361615665256977,47,64,6,0,19.35842103511095,14.500512413680553
ENG-Premier League,2324,Liverpool,Virgil van Dijk,1,2023,87,833,D,36,3177,2,3.299967482686043,2,3.299967482686043,2,1.8630620841868222,45,11,3,1,18.085036668926477,17.597938928753138
ENG-Premier League,2324,Liverpool,Wataru Endo,1,2023,87,8808,M S,29,1718,1,0.4377728682011366,1,0.4377728682011366,0,1.4933863505721092,10,16,10,0,12.217629071325064,11.228149242699146
ENG-Premier League,2324,Luton,Albert Sambi Lokonga,1,2023,256,9689,M S,17,1331,1,0.7531502321362495,1,0.7531502321362495,3,1.4872490242123604,8,9,4,0,4.319001622498035,3.1800113022327423
ENG-Premier League,2324,Luton,Alfie Doughty,1,2023,256,11723,D S,37,2980,2,1.831780318170786,2,1.831780318170786,8,6.612265331670642,26,70,5,0,11.054738521575928,7.9952765721827745
ENG-Premier League,2324,Luton,Amari'i Bell,1,2023,256,11713,D,21,1724,0,0.4993779337964952,0,0.4993779337964952,0,0.3448488349094987,2,8,0,0,5.261379264295101,4.456334888935089
ENG-Premier League,2324,Luton,Andros Townsend,1,2023,256,775,F M S,27,1211,1,1.4216714538633823,1,1.4216714538633823,3,1.456837410107255,20,18,1,0,2.8022335171699524,1.2012790031731129
ENG-Premier League,2324,Luton,Carlton Morris,1,2023,256,11717,F M S,38,2879,11,12.306741118431091,6,8.500896904617548,4,3.6919509368017316,72,22,4,0,12.545526312664151,5.202579701319337
ENG-Premier League,2324,Luton,Cauley Woodrow,1,2023,256,11721,F S,24,344,1,0.9773385636508465,1,0.9773385636508465,1,1.1986291874200106,16,10,2,0,2.1638130135834217,0.34370357915759087
ENG-Premier League,2324,Luton,Chiedozie Ogbene,1,2023,256,11719,D F M S,30,1984,4,4.80650751106441,4,4.80650751106441,1,3.4691168274730444,35,27,1,0,10.154046710580587,3.8293104991316795
ENG-Premier League,2324,Luton,Daiki Hashioka,1,2023,256,12509,D S,10,583,0,0.10021312907338142,0,0.10021312907338142,0,0.5188488382846117,2,3,0,0,2.0648620426654816,1.5119032934308052
ENG-Premier League,2324,Luton,Elijah Adebayo,1,2023,256,11718,F M S,27,1422,10,6.630781220272183,10,6.630781220272183,0,0.8136616554111242,31,14,1,0,8.281278105452657,1.9411640595644712
ENG-Premier League,2324,Luton,Fred Onyedinma,1,2023,256,12549,D S,8,419,0,0.18410924077033997,0,0.18410924077033997,0,0.13074029795825481,5,2,1,0,0.5668405517935753,0.25199100375175476
ENG-Premier League,2324,Luton,Gabriel Osho,1,2023,256,12151,D,21,1853,2,1.2455969844013453,2,1.2455969844013453,0,0.09535873681306839,10,2,3,0,2.9620273392647505,2.8737573195248842
ENG-Premier League,2324,Luton,Issa Kabore,1,2023,256,9619,D S,24,1748,0,0.3038460947573185,0,0.3038460947573185,2,3.148332368582487,6,16,7,0,6.17993501201272,3.283387303352356
ENG-Premier League,2324,Luton,Jacob Brown,1,2023,256,11720,F M S,19,1031,2,3.0787864811718464,2,3.0787864811718464,0,0.8424425385892391,25,8,4,0,3.890200674533844,0.4202767349779606
ENG-Premier League,2324,Luton,James Shea,1,2023,256,11724,S,1,10,0,0.0,0,0.0,0,0.0,0,0,0,0,0.0,0.0
ENG-Premier League,2324,Luton,Jordan Clark,1,2023,256,12187,M S,23,1326,1,0.9263012297451496,1,0.9263012297451496,1,1.848531438037753,17,12,4,0,4.373950673267245,2.6069892831146717
ENG-Premier League,2324,Luton,Joseph Johnson,1,2023,256,11980,S,2,75,0,0.0,0,0.0,0,0.0,0,0,1,0,0.035104941576719284,0.035104941576719284
ENG-Premier League,2324,Luton,Luke Berry,1,2023,256,11722,M S,17,272,2,1.1334221102297306,2,1.1334221102297306,1,0.06163011118769646,8,1,1,0,0.8148019686341286,0.2390769198536873
ENG-Premier League,2324,Luton,Mads Andersen,1,2023,256,11715,D S,8,390,1,0.6939341500401497,1,0.6939341500401497,0,0.0,3,0,1,0,0.6146718375384808,0.04231686517596245
ENG-Premier League,2324,Luton,Marvelous Nakamba,1,2023,256,8040,M,13,1140,0,0.1364169279113412,0,0.1364169279113412,0,0.3258170820772648,5,7,5,0,3.025253765285015,2.7535953894257545
ENG-Premier League,2324,Luton,Pelly Ruddock Mpanzu,1,2023,256,11716,M S,27,1068,0,1.2606520606204867,0,1.2606520606204867,0,0.5314477952197194,11,6,1,0,2.659800674766302,1.222071398049593
ENG-Premier League,2324,Luton,Reece Burke,1,2023,256,1771,D S,22,1691,0,2.1644996237009764,0,2.1644996237009764,4,2.3214404489845037,13,13,5,0,4.144421625882387,3.8680728431791067
ENG-Premier League,2324,Luton,Ross Barkley,1,2023,256,592,M S,32,2627,5,4.483209175989032,5,4.483209175989032,4,4.823556295596063,66,43,6,0,11.164351560175419,5.912003388628364
ENG-Premier League,2324,Luton,Ryan John Giles,1,2023,256,7277,D S,11,492,0,0.14714428782463074,0,0.14714428782463074,0,0.22607613913714886,2,5,0,0,0.7447603233158588,0.5261147022247314
ENG-Premier League,2324,Luton,Tahith Chong,1,2023,256,7439,D F M S,33,1978,4,3.5191842010244727,4,3.5191842010244727,0,0.43756147287786007,30,9,4,0,5.8977455431595445,3.575332073494792
ENG-Premier League,2324,Luton,Teden Mengi,1,2023,256,12073,D S,30,2465,1,0.6793681988492608,1,0.6793681988492608,0,0.3480907082557678,11,6,3,0,3.329129146412015,2.983856063336134
ENG-Premier League,2324,Luton,Thomas Kaminski,1,2023,256,11712,GK,38,3410,0,0.0,0,0.0,0,0.0386374369263649,0,1,3,0,2.81331679597497,2.7746793553233147
ENG-Premier League,2324,Luton,Tom Lockyer,1,2023,256,11714,D,14,1185,1,1.6194254234433174,1,1.6194254234433174,1,0.3757978826761246,7,3,4,0,1.8655977360904217,0.9909860678017139
ENG-Premier League,2324,Luton,Zack Nelson,1,2023,256,12188,S,2,2,0,0.0,0,0.0,0,0.0,0,0,0,0,0.06752422451972961,0.06752422451972961
ENG-Premier League,2324,Manchester City,Aymeric Laporte,1,2023,88,2498,S,1,6,0,0.11228246241807938,0,0.11228246241807938,0,0.0,1,0,0,0,0.0,0.0
ENG-Premier League,2324,Manchester City,Bernardo Silva,1,2023,88,3635,M S,33,2599,6,4.0968160554766655,6,4.0968160554766655,9,8.528519937768579,34,65,8,0,24.37213490717113,15.577253567054868
ENG-Premier League,2324,Manchester City,Ederson,1,2023,88,6054,GK,33,2794,0,0.0,0,0.0,0,0.0,0,0,5,0,8.03402054309845,8.03402054309845
ENG-Premier League,2324,Manchester City,Erling Haaland,1,2023,88,8260,F S,31,2581,27,31.65399668365717,20,25.564646281301975,5,4.7517555598169565,122,29,1,0,30.19725350290537,3.128645434975624
ENG-Premier League,2324,Manchester City,Jack Grealish,1,2023,88,675,M S,20,975,3,2.3835059702396393,3,2.3835059702396393,1,2.7743227388709784,22,26,6,0,11.642571322619915,7.49614975694567
ENG-Premier League,2324,Manchester City,James McAtee,1,2023,88,10126,F M S,31,1848,3,3.202349577099085,2,2.4411807619035244,3,3.0651655746623874,26,28,2,0,7.374102478846908,2.796986948233098
ENG-Premier League,2324,Manchester City,John Stones,1,2023,88,586,D M S,16,1060,1,0.7489623166620731,1,0.7489623166620731,0,0.261431485414505,4,6,2,0,6.698675032705069,6.489708628505468
ENG-Premier League,2324,Manchester City,Josko Gvardiol,1,2023,88,9790,D S,28,2335,4,3.0817854246124625,4,3.0817854246124625,1,2.115578116849065,32,19,3,0,18.244669392704964,14.99465874582529
ENG-Premier League,2324,Manchester City,Julián Álvarez,1,2023,88,10846,F M S,36,2682,11,14.373571239411831,9,12.851233504712582,8,5.823111834935844,98,66,2,0,27.162230297923088,13.089299127459526
ENG-Premier League,2324,Manchester City,Jéremy Doku,1,2023,88,8981,D M S,29,1616,3,3.7698520198464394,3,3.7698520198464394,8,5.476052410900593,56,45,3,0,14.622362297028303,7.702265929430723
ENG-Premier League,2324,Manchester City,Kalvin Phillips,1,2023,88,8719,M S,12,358,0,0.19420802872627974,0,0.19420802872627974,0,0.0,5,0,1,1,1.1170908715575933,0.9405870689079165
ENG-Premier League,2324,Manchester City,Kevin De Bruyne,1,2023,88,447,M S,18,1233,4,2.5787349939346313,4,2.5787349939346313,10,11.979073725640774,44,58,2,0,15.635810784995556,7.777100384235382
ENG-Premier League,2324,Manchester City,Kyle Walker,1,2023,88,638,D S,32,2770,0,0.3650220464915037,0,0.3650220464915037,4,3.342263269238174,16,25,2,0,21.998310588300228,20.06531212478876
ENG-Premier League,2324,Manchester City,Manuel Akanji,1,2023,88,6490,D M S,30,2517,2,2.200386293232441,2,2.200386293232441,0,0.5265345014631748,15,13,2,1,16.700940661132336,15.83909061923623
ENG-Premier League,2324,Manchester City,Mateo Kovacic,1,2023,88,2254,M S,30,1540,1,1.42939617857337,1,1.42939617857337,0,1.6855967957526445,22,21,4,0,13.513947013765574,12.226292986422777
ENG-Premier League,2324,Manchester City,Matheus Nunes,1,2023,88,11000,M S,19,817,0,0.9250318259000778,0,0.9250318259000778,2,1.5578467566519976,10,12,0,1,6.406420938670635,4.531493496149778
ENG-Premier League,2324,Manchester City,Nathan Aké,1,2023,88,579,D S,29,2046,2,2.1801057858392596,2,2.1801057858392596,2,1.736834991723299,20,10,0,0,13.195554159581661,12.08234017342329
ENG-Premier League,2324,Manchester City,Oscar Bobb,1,2023,88,11903,M S,14,269,1,1.49422175437212,1,1.49422175437212,1,1.187767542898655,4,8,0,0,5.021226137876511,2.8755914717912674
ENG-Premier League,2324,Manchester City,Phil Foden,1,2023,88,6055,F M S,35,2895,19,11.307983005419374,19,11.307983005419374,8,8.51623285189271,105,73,2,0,30.41696721315384,16.99899828247726
ENG-Premier League,2324,Manchester City,Rico Lewis,1,2023,88,10847,D M S,16,802,2,0.8562885001301765,2,0.8562885001301765,0,1.7641991823911667,5,13,1,0,6.614272229373455,4.863891489803791
ENG-Premier League,2324,Manchester City,Rodri,1,2023,88,2496,M,34,2967,8,4.294270480051637,8,4.294270480051637,9,5.32604681327939,62,50,8,1,31.623008400201797,26.291744768619537
ENG-Premier League,2324,Manchester City,Rúben Dias,1,2023,88,8961,D S,30,2552,0,1.828122090548277,0,1.828122090548277,0,0.600502266548574,20,7,0,0,16.81101167947054,16.458546616137028
ENG-Premier League,2324,Manchester City,Sergio Gómez,1,2023,88,6656,S,6,29,0,0.6195764094591141,0,0.6195764094591141,1,0.12880565226078033,2,1,0,0,0.9868094772100449,0.3672330677509308
ENG-Premier League,2324,Manchester City,Stefan Ortega Moreno,1,2023,88,8786,GK S,9,626,0,0.0,0,0.0,0,0.0,0,0,0,0,1.7157262079417706,1.7157262079417706
ENG-Premier League,2324,Manchester United,Aaron Wan-Bissaka,1,2023,89,5584,D S,22,1784,0,0.14621218293905258,0,0.14621218293905258,2,1.4311098009347916,3,12,4,0,7.737613718956709,6.425123929977417
ENG-Premier League,2324,Manchester United,Alejandro Garnacho,1,2023,89,10552,M S,36,2601,7,9.865097627043724,7,9.865097627043724,4,5.915270071476698,100,46,4,0,18.36983707919717,5.9700166545808315
ENG-Premier League,2324,Manchester United,Amad Diallo Traore,1,2023,89,8127,M S,9,375,1,0.5594709701836109,1,0.5594709701836109,1,1.0110422410070896,10,10,1,0,2.2942124884575605,1.4572133403271437
ENG-Premier League,2324,Manchester United,André Onana,1,2023,89,10913,GK,38,3420,0,0.0,0,0.0,0,0.13173804059624672,0,3,5,0,4.992942536249757,4.861204484477639
ENG-Premier League,2324,Manchester United,Anthony Martial,1,2023,89,553,F S,13,430,1,1.0567390732467175,1,1.0567390732467175,0,0.2762942183762789,6,6,0,0,1.701497795060277,0.41217057779431343
ENG-Premier League,2324,Manchester United,Antony,1,2023,89,11094,M S,29,1329,1,3.4931225115433335,1,3.4931225115433335,1,3.495804164558649,43,22,5,0,11.48103859461844,6.454792508855462
ENG-Premier League,2324,Manchester United,Bruno Fernandes,1,2023,89,1228,F M,35,3121,10,10.746266636997461,6,6.940422397106886,8,13.15852378681302,95,113,9,0,22.69340828806162,12.64676270633936
ENG-Premier League,2324,Manchester United,Casemiro,1,2023,89,2248,D M S,25,2006,1,3.123898906633258,1,3.123898906633258,2,1.3856250941753387,38,16,7,0,8.275429267436266,6.855192001909018
ENG-Premier League,2324,Manchester United,Christian Eriksen,1,2023,89,646,M S,22,1130,1,0.6886363411322236,1,0.6886363411322236,2,2.3459482928738,13,27,1,0,5.237064341083169,3.57036822848022
ENG-Premier League,2324,Manchester United,Daniel Gore,1,2023,89,11987,S,1,1,0,0.0,0,0.0,0,0.0,0,0,0,0,0.0,0.0
ENG-Premier League,2324,Manchester United,Diogo Dalot,1,2023,89,7281,D S,36,3171,2,1.3286937261000276,2,1.3286937261000276,3,3.0855262465775013,30,38,4,1,10.952797057107091,8.364923918619752
ENG-Premier League,2324,Manchester United,Donny van de Beek,1,2023,89,8821,S,1,1,0,0.03228488191962242,0,0.03228488191962242,0,0.06568886339664459,1,1,0,0,0.09797374159097672,0.0
ENG-Premier League,2324,Manchester United,Ethan Wheatley,1,2023,89,12568,S,3,9,0,0.0,0,0.0,0,0.0,0,0,0,0,0.0,0.0
ENG-Premier League,2324,Manchester United,Facundo Pellistri,1,2023,89,9324,M S,9,144,0,0.37423551455140114,0,0.37423551455140114,1,0.07077087461948395,4,1,0,0,1.411473162472248,0.9664667788892984
ENG-Premier League,2324,Manchester United,Hannibal Mejbri,1,2023,89,9558,M S,5,124,1,0.01660188101232052,1,0.01660188101232052,0,0.2175336331129074,1,2,1,0,0.6164471115916967,0.3823116421699524
ENG-Premier League,2324,Manchester United,Harry Maguire,1,2023,89,1687,D S,22,1645,2,2.137907139956951,2,2.137907139956951,2,1.306744921952486,20,6,3,0,5.5030854400247335,4.45605625025928
ENG-Premier League,2324,Manchester United,Jadon Sancho,1,2023,89,6345,S,3,68,0,0.0,0,0.0,0,0.12816749513149261,0,1,0,0,0.2712413966655731,0.1430738866329193
ENG-Premier League,2324,Manchester United,Jonny Evans,1,2023,89,807,D S,23,1399,0,0.08175858855247498,0,0.08175858855247498,1,0.7122423723340034,1,6,2,0,3.112667176872492,3.084139473736286
ENG-Premier League,2324,Manchester United,Kobbie Mainoo,1,2023,89,11174,M,24,1980,3,0.7737709768116474,3,0.7737709768116474,1,0.8450042605400085,11,15,3,0,5.0805817022919655,3.867461297661066
ENG-Premier League,2324,Manchester United,Lisandro Martínez,1,2023,89,10802,D S,11,656,0,0.0,0,0.0,1,0.047665963880717754,0,3,3,0,2.1589127592742443,2.1222109608352184
ENG-Premier League,2324,Manchester United,Luke Shaw,1,2023,89,1006,D,12,976,0,0.07127450406551361,0,0.07127450406551361,0,0.954092476516962,2,13,6,0,2.18767312169075,1.9797745142132044
ENG-Premier League,2324,Manchester United,Marcus Rashford,1,2023,89,556,F M S,33,2292,7,7.661536030471325,5,6.13919834792614,2,2.390108224004507,62,24,2,0,12.686340739950538,4.950286580249667
ENG-Premier League,2324,Manchester United,Mason Mount,1,2023,89,7768,M S,14,501,1,0.6238168478012085,1,0.6238168478012085,0,0.37420978117734194,5,6,2,0,3.08113169670105,2.231110103428364
ENG-Premier League,2324,Manchester United,Omari Forson,1,2023,89,12340,M S,4,62,0,0.04880104586482048,0,0.04880104586482048,1,0.12782835587859154,1,2,0,0,0.06839122623205185,0.03421920910477638
ENG-Premier League,2324,Manchester United,Raphael Varane,1,2023,89,2245,D S,22,1374,1,1.1560358591377735,1,1.1560358591377735,0,0.08104487508535385,8,1,2,0,4.322573345154524,3.4524471573531628
ENG-Premier League,2324,Manchester United,Rasmus Højlund,1,2023,89,11055,F S,30,2210,10,9.338883213698864,10,9.338883213698864,2,1.779460173100233,38,28,2,0,11.463255237787962,2.9498381465673447
ENG-Premier League,2324,Manchester United,Scott McTominay,1,2023,89,5560,F M S,32,1861,7,6.777370238676667,7,6.777370238676667,1,1.0619673654437065,44,11,2,0,9.31455492042005,3.7229946237057447
ENG-Premier League,2324,Manchester United,Sofyan Amrabat,1,2023,89,7927,D M S,21,922,0,0.07372471690177917,0,0.07372471690177917,0,0.2675175704061985,3,6,6,0,2.209341010078788,2.0533030200749636
ENG-Premier League,2324,Manchester United,Victor Lindelöf,1,2023,89,6080,D S,19,1340,1,0.43084179423749447,1,0.43084179423749447,1,0.2853157091885805,6,8,2,0,3.862116176635027,3.649274256080389
ENG-Premier League,2324,Manchester United,Willy Kambwala,1,2023,89,12275,D S,8,318,0,0.0,0,0.0,0,0.0,0,0,1,0,0.38690609484910965,0.38690609484910965
ENG-Premier League,2324,Newcastle United,Alex Murphy,1,2023,86,12199,S,2,5,0,0.0,0,0.0,0,0.0,0,0,0,0,0.0,0.0
ENG-Premier League,2324,Newcastle United,Alexander Isak,1,2023,86,5232,F S,30,2305,21,22.07426631450653,16,17.507253035902977,2,3.6520401313900948,78,27,1,0,24.041151970624924,5.754798140376806
ENG-Premier League,2324,Newcastle United,Amadou Diallo,1,2023,86,12200,S,1,1,0,0.0,0,0.0,0,0.0,0,0,0,0,0.0,0.0
ENG-Premier League,2324,Newcastle United,Anthony Gordon,1,2023,86,8150,F M S,35,2956,11,11.293779235333204,10,10.53261036798358,10,8.833045985549688,81,56,10,1,26.570194900035858,11.442161984741688
ENG-Premier League,2324,Newcastle United,Ben Parkinson,1,2023,86,12198,S,1,18,0,0.0,0,0.0,0,0.0,0,0,0,0,0.0,0.0
ENG-Premier League,2324,Newcastle United,Bruno Guimarães,1,2023,86,8327,M,37,3292,7,4.978310074657202,7,4.978310074657202,8,7.888791332021356,48,62,8,0,23.880530774593353,18.56961396895349
ENG-Premier League,2324,Newcastle United,Callum Wilson,1,2023,86,468,F S,20,963,9,10.12450959533453,7,8.602172024548054,1,0.9339367430657148,35,8,3,0,10.547705547884107,1.8611295819282532
ENG-Premier League,2324,Newcastle United,Dan Burn,1,2023,86,7382,D S,33,2763,2,4.111052492633462,2,4.111052492633462,2,1.8968225196003914,23,9,4,0,15.2240951359272,13.172115057706833
ENG-Premier League,2324,Newcastle United,Elliot Anderson,1,2023,86,9154,D F M S,21,997,0,1.3419555649161339,0,1.3419555649161339,2,1.5226023513823748,19,15,3,0,6.666737984865904,4.969087693840265
ENG-Premier League,2324,Newcastle United,Emil Krafth,1,2023,86,1545,D S,17,912,0,0.22536493092775345,0,0.22536493092775345,0,0.9704459868371487,4,9,2,0,4.405003933236003,3.7778926361352205
ENG-Premier League,2324,Newcastle United,Fabian Schär,1,2023,86,76,D S,36,3057,4,2.679914410226047,4,2.679914410226047,1,1.2247396316379309,35,9,5,0,13.900441944599152,13.216225143522024
ENG-Premier League,2324,Newcastle United,Harvey Barnes,1,2023,86,6681,F M S,21,738,5,3.467865003272891,5,3.467865003272891,3,4.21071451343596,27,13,3,0,9.07958210259676,2.550239199772477
ENG-Premier League,2324,Newcastle United,Jacob Murphy,1,2023,86,6063,D F M S,21,1216,3,2.8978680092841387,3,2.8978680092841387,7,5.225788880139589,30,31,1,0,11.551701165735722,4.93473332002759
ENG-Premier League,2324,Newcastle United,Jamaal Lascelles,1,2023,86,766,D S,16,1072,1,1.0759279876947403,1,1.0759279876947403,0,0.036406565457582474,6,2,4,0,3.6166847310960293,3.5107219703495502
ENG-Premier League,2324,Newcastle United,Joe White,1,2023,86,9959,S,4,8,0,0.0,0,0.0,0,0.0,0,0,1,0,0.0,0.0
ENG-Premier League,2324,Newcastle United,Joe Willock,1,2023,86,6630,M S,9,419,1,1.0462103113532066,1,1.0462103113532066,0,0.44771592877805233,7,7,0,0,2.0969158485531807,0.6613700017333031
ENG-Premier League,2324,Newcastle United,Joelinton,1,2023,86,87,F M S,20,1289,2,2.5591788068413734,2,2.5591788068413734,1,2.958754763007164,19,23,6,0,10.31060659699142,6.361314440146089
ENG-Premier League,2324,Newcastle United,Kieran Trippier,1,2023,86,652,D S,28,2255,1,0.6469280309975147,1,0.6469280309975147,10,8.592840051278472,8,66,5,0,13.876140996813774,10.365714758634567
ENG-Premier League,2324,Newcastle United,Lewis Hall,1,2023,86,10216,D S,18,748,1,0.41603143885731697,1,0.41603143885731697,0,0.30109941959381104,11,3,2,0,6.00943548977375,5.44678489677608
ENG-Premier League,2324,Newcastle United,Lewis Miley,1,2023,86,11386,M S,17,1223,1,1.1169020980596542,1,1.1169020980596542,3,1.546121459454298,13,12,1,0,6.223425015807152,4.03523076325655
ENG-Premier League,2324,Newcastle United,Loris Karius,1,2023,86,37,GK,1,90,0,0.0,0,0.0,0,0.0,0,0,0,0,0.0,0.0
ENG-Premier League,2324,Newcastle United,Martin Dubravka,1,2023,86,6532,GK S,23,1983,0,0.0,0,0.0,0,0.12002640217542648,0,1,1,0,3.5433348193764687,3.4233084097504616
ENG-Premier League,2324,Newcastle United,Matt Ritchie,1,2023,86,461,S,13,97,1,1.525990355759859,1,1.525990355759859,0,0.0,6,0,1,0,2.365898761898279,0.8581954278051853
ENG-Premier League,2324,Newcastle United,Matt Targett,1,2023,86,884,D S,3,78,0,0.0,0,0.0,0,0.06273338198661804,0,1,1,0,0.08886169828474522,0.026128316298127174
ENG-Premier League,2324,Newcastle United,Michael Ndiweni,1,2023,86,12215,S,1,1,0,0.0,0,0.0,0,0.0,0,0,0,0,0.0,0.0
ENG-Premier League,2324,Newcastle United,Miguel Almirón,1,2023,86,7420,F S,33,1967,3,5.132560992613435,3,5.132560992613435,1,3.0761873684823513,41,25,2,0,12.225016118958592,5.606135703623295
ENG-Premier League,2324,Newcastle United,Nick Pope,1,2023,86,5552,GK,15,1347,0,0.016498630866408348,0,0.016498630866408348,0,0.0,1,0,1,0,4.397169943898916,4.397169943898916
ENG-Premier League,2324,Newcastle United,Paul Dummett,1,2023,86,853,S,5,11,0,0.0,0,0.0,0,0.0,0,0,0,0,0.03596547618508339,0.03596547618508339
ENG-Premier League,2324,Newcastle United,Sandro Tonali,1,2023,86,7958,M S,8,436,1,0.8581285923719406,1,0.8581285923719406,0,0.5521692577749491,3,7,2,0,3.416136920452118,2.1788286715745926
ENG-Premier League,2324,Newcastle United,Sean Longstaff,1,2023,86,7078,M S,35,2748,6,7.077314300462604,6,7.077314300462604,2,3.0185976549983025,41,20,7,0,17.2361901816912,9.9536661230959
ENG-Premier League,2324,Newcastle United,Sven Botman,1,2023,86,8635,D S,17,1383,2,0.9827942438423634,2,0.9827942438423634,2,1.1396078020334244,10,5,2,0,5.531088795512915,5.531088795512915
ENG-Premier League,2324,Newcastle United,Valentino Livramento,1,2023,86,9512,D S,26,1275,1,0.961045878008008,1,0.961045878008008,0,1.0808788742870092,4,12,1,0,6.6416795793920755,5.265429927036166
ENG-Premier League,2324,Nottingham Forest,Andrew Omobamidele,1,2023,249,9833,D S,11,771,0,0.08128143101930618,0,0.08128143101930618,0,0.07729564048349857,1,2,2,0,1.927911488339305,1.8260405641049147
ENG-Premier League,2324,Nottingham Forest,Andrey Santos,1,2023,249,11808,S,1,3,0,0.07211316376924515,0,0.07211316376924515,0,0.0,2,0,0,0,0.027800722047686577,0.027800722047686577
ENG-Premier League,2324,Nottingham Forest,Anthony Elanga,1,2023,249,9524,F M S,36,2430,5,6.7731207851320505,5,6.7731207851320505,9,7.090984374284744,54,33,1,0,17.626320507377386,5.61586544662714
ENG-Premier League,2324,Nottingham Forest,Brandon Aguilera,1,2023,249,12034,S,1,1,0,0.0,0,0.0,0,0.0,0,0,0,0,0.0,0.0
ENG-Premier League,2324,Nottingham Forest,Brennan Johnson,1,2023,249,10760,F M S,35,2350,5,12.170278270728886,5,12.170278270728886,10,7.638319082558155,53,46,3,0,21.61685962975025,3.084777120500803
ENG-Premier League,2324,Nottingham Forest,Callum Hudson-Odoi,1,2023,249,6456,F M S,29,1844,8,3.01959465444088,8,3.01959465444088,1,3.0873287972062826,38,36,0,0,12.357455093413591,6.948451370000839
ENG-Premier League,2324,Nottingham Forest,Cheikhou Kouyaté,1,2023,249,532,M S,12,199,0,0.4007705431431532,0,0.4007705431431532,0,0.05584664270281792,5,1,2,0,0.8718480132520199,0.4558485820889473
ENG-Premier League,2324,Nottingham Forest,Chris Wood,1,2023,249,4456,F S,31,1797,14,13.364272002130747,14,13.364272002130747,1,1.987032251432538,48,22,0,0,15.345352198928595,0.9163662036880851
ENG-Premier League,2324,Nottingham Forest,Danilo,1,2023,249,11317,F M S,29,1799,2,1.6652069194242358,2,1.6652069194242358,2,1.5294003784656525,23,20,4,0,10.227419295348227,7.997594775632024
ENG-Premier League,2324,Nottingham Forest,Divock Origi,1,2023,249,484,F M S,20,557,0,1.545853216201067,0,1.545853216201067,1,1.5920869708061218,14,7,1,0,4.103459514677525,1.0764283947646618
ENG-Premier League,2324,Nottingham Forest,Felipe,1,2023,249,7921,D S,7,369,0,0.17141835950315,0,0.17141835950315,0,0.03801676072180271,3,2,3,0,1.4830044843256474,1.4425167199224234
ENG-Premier League,2324,Nottingham Forest,Giovanni Reyna,1,2023,249,8191,M S,9,206,0,0.20879216119647026,0,0.20879216119647026,1,0.39245820976793766,5,6,0,0,1.2173451017588377,0.8090423513203859
ENG-Premier League,2324,Nottingham Forest,Gonzalo Montiel,1,2023,249,9897,D S,14,809,0,0.11951960995793343,0,0.11951960995793343,2,1.7303651086986065,3,9,5,0,4.5273467022925615,3.0314525980502367
ENG-Premier League,2324,Nottingham Forest,Harry Toffolo,1,2023,249,10758,D S,23,1439,1,1.4097881969064474,1,1.4097881969064474,3,1.481477415189147,8,18,3,0,4.174264665693045,2.7104875817894936
ENG-Premier League,2324,Nottingham Forest,Ibrahim Sangare,1,2023,249,5722,M S,17,1053,0,0.8340437468141317,0,0.8340437468141317,0,0.35079983808100224,8,7,6,0,4.501044608652592,3.5168560035526752
ENG-Premier League,2324,Nottingham Forest,Joe Worrall,1,2023,249,10756,D S,7,440,0,0.08149255812168121,0,0.08149255812168121,0,0.12857882678508759,2,2,0,1,0.3787533640861511,0.3787533640861511
ENG-Premier League,2324,Nottingham Forest,Matt Turner,1,2023,249,10700,GK,17,1530,0,0.0,0,0.0,0,0.0,0,0,1,0,1.9971356615424156,1.9971356615424156
ENG-Premier League,2324,Nottingham Forest,Matz Sels,1,2023,249,6903,GK,16,1440,0,0.0,0,0.0,0,0.06965266913175583,0,1,1,0,0.8204675614833832,0.7508148960769176
ENG-Premier League,2324,Nottingham Forest,Morgan Gibbs-White,1,2023,249,6857,F M S,37,3177,5,6.069625414907932,4,5.308456636965275,10,9.522167706862092,71,74,9,0,18.272872403264046,9.268674820661545
ENG-Premier League,2324,Nottingham Forest,Moussa Niakhate,1,2023,249,5989,D S,21,1446,1,1.166658602654934,1,1.166658602654934,0,0.09786215238273144,5,3,3,1,5.4206202663481236,5.337864320725203
ENG-Premier League,2324,Nottingham Forest,Murillo,1,2023,249,12123,D,32,2813,0,1.6653295904397964,0,1.6653295904397964,2,1.2170642092823982,17,8,5,0,8.485122511163354,7.43321305885911
ENG-Premier League,2324,Nottingham Forest,Neco Williams,1,2023,249,8204,D M S,26,1622,0,0.9342501480132341,0,0.9342501480132341,1,1.1115016266703606,15,11,4,0,4.656272342428565,3.0113450456410646
ENG-Premier League,2324,Nottingham Forest,Nicolás Domínguez,1,2023,249,8252,M S,26,1543,2,1.7021510526537895,2,1.7021510526537895,2,0.9089695196598768,22,10,4,0,6.102301966398954,3.8425266593694687
ENG-Premier League,2324,Nottingham Forest,Nuno Tavares,1,2023,249,9691,D S,8,447,0,0.17316641379147768,0,0.17316641379147768,0,0.24934393167495728,7,2,2,0,0.6703841388225555,0.3541552796959877
ENG-Premier League,2324,Nottingham Forest,Odisseas Vlachodimos,1,2023,249,375,GK,5,450,0,0.0,0,0.0,0,0.03266533091664314,0,1,0,0,1.0999388750642538,1.0672735627740622
ENG-Premier League,2324,Nottingham Forest,Ola Aina,1,2023,249,725,D S,22,1730,1,0.29650082159787416,1,0.29650082159787416,1,0.7307851929217577,11,11,3,0,6.002222128212452,5.237075835466385
ENG-Premier League,2324,Nottingham Forest,Orel Mangala,1,2023,249,6088,M S,20,1599,1,0.8923602215945721,1,0.8923602215945721,0,0.28679931722581387,10,6,6,0,3.6685553789138794,2.841583462432027
ENG-Premier League,2324,Nottingham Forest,Rodrigo Ribeiro,1,2023,249,12418,S,4,11,0,0.0,0,0.0,0,0.0,0,0,0,0,0.0,0.0
ENG-Premier League,2324,Nottingham Forest,Ryan Yates,1,2023,249,11003,M S,35,1967,1,2.6223334167152643,1,2.6223334167152643,1,1.0064595751464367,32,7,6,0,7.967897219583392,5.582980010658503
ENG-Premier League,2324,Nottingham Forest,Scott McKenna,1,2023,249,10757,D,5,420,0,0.17008375376462936,0,0.17008375376462936,0,0.19044238328933716,2,3,0,0,0.285503588616848,0.18080484867095947
ENG-Premier League,2324,Nottingham Forest,Serge Aurier,1,2023,249,3600,D S,12,843,0,0.20426762104034424,0,0.20426762104034424,2,0.6003383956849575,6,3,2,0,2.7418938018381596,2.1127189621329308
ENG-Premier League,2324,Nottingham Forest,Taiwo Awoniyi,1,2023,249,7814,F S,20,1066,6,5.060870740562677,6,5.060870740562677,3,1.6294344998896122,22,10,2,0,6.060688458383083,1.5500111253932118
ENG-Premier League,2324,Nottingham Forest,Willy Boly,1,2023,249,6850,D S,20,1461,2,1.4704081807285547,2,1.4704081807285547,1,1.3754375465214252,14,8,1,1,4.124650048092008,3.0947159733623266
ENG-Premier League,2324,Sheffield United,Andre Brooks,1,2023,238,11731,D M S,20,948,0,0.49446123093366623,0,0.49446123093366623,0,0.09243074618279934,9,3,1,0,1.294992309063673,0.9438477288931608
ENG-Premier League,2324,Sheffield United,Anel Ahmedhodzic,1,2023,238,10386,D S,31,2646,2,3.4643044117838144,2,3.4643044117838144,0,0.9506413880735636,19,7,9,1,5.8164455853402615,2.930068898946047
ENG-Premier League,2324,Sheffield United,Anis Ben Slimane,1,2023,238,11730,M S,15,394,0,0.8026072084903717,0,0.8026072084903717,0,0.48480090498924255,8,3,2,0,1.5446888133883476,0.4106670431792736
ENG-Premier League,2324,Sheffield United,Antwoine Hackford,1,2023,238,9222,S,2,8,0,0.0,0,0.0,0,0.0,0,0,0,0,0.0,0.0
ENG-Premier League,2324,Sheffield United,Auston Trusty,1,2023,238,11732,D S,32,2576,0,0.6636047475039959,0,0.6636047475039959,0,1.102281242609024,8,8,4,0,2.3531993981450796,1.6658160258084536
ENG-Premier League,2324,Sheffield United,Ben Brereton Díaz,1,2023,238,11815,F M,14,1134,6,6.060540288686752,5,5.29937145113945,1,1.6426486261188984,35,8,3,0,7.229928359389305,1.5459889732301235
ENG-Premier League,2324,Sheffield United,Ben Osborn,1,2023,238,7714,D M S,24,1343,0,0.17907935101538897,0,0.17907935101538897,2,1.0758813545107841,4,13,3,0,3.0705280490219593,2.045230019837618
ENG-Premier League,2324,Sheffield United,Bénie Traoré,1,2023,238,11729,F M S,8,360,0,0.3212226927280426,0,0.3212226927280426,0,0.3953269124031067,1,4,0,0,1.2498194947838783,0.6901140883564949
ENG-Premier League,2324,Sheffield United,Chris Basham,1,2023,238,7704,D M S,8,298,0,0.4091367721557617,0,0.4091367721557617,0,0.142877459526062,2,2,1,0,0.30363729596138,0.30363729596138
ENG-Premier League,2324,Sheffield United,Daniel Jebbison,1,2023,238,9509,S,1,15,0,0.0,0,0.0,0,0.0,0,0,0,0,0.0,0.0
ENG-Premier League,2324,Sheffield United,George Baldock,1,2023,238,7706,D S,13,965,0,0.024696996435523033,0,0.024696996435523033,1,0.8560367710888386,1,7,4,0,1.778840757906437,1.5442426055669785
ENG-Premier League,2324,Sheffield United,Gustavo Hamer,1,2023,238,11839,F M S,36,2986,4,2.4141162959858775,4,2.4141162959858775,6,6.986010514199734,49,68,9,0,9.918377881404012,4.241241263225675
ENG-Premier League,2324,Sheffield United,Ivo Grbic,1,2023,238,8923,GK,9,776,0,0.0,0,0.0,0,0.0,0,0,1,0,0.5941517408937216,0.5941517408937216
ENG-Premier League,2324,Sheffield United,Jack Robinson,1,2023,238,8286,D S,34,2885,1,1.5116838621906936,1,1.5116838621906936,1,1.087454216554761,14,12,10,0,3.866813466884196,2.7258199555799365
ENG-Premier League,2324,Sheffield United,Jayden Bogle,1,2023,238,9205,D M S,34,2817,3,2.6024017240852118,3,2.6024017240852118,0,0.7326478343456984,32,10,8,0,5.202804431319237,2.6289064050652087
ENG-Premier League,2324,Sheffield United,John Egan,1,2023,238,7703,D,6,491,0,0.2383595146238804,0,0.2383595146238804,0,0.0,3,0,2,0,0.3853593021631241,0.2653413340449333
ENG-Premier League,2324,Sheffield United,John Fleck,1,2023,238,7709,M S,4,82,0,0.0,0,0.0,0,0.10508622229099274,0,1,1,0,0.14322500303387642,0.038138783536851406
ENG-Premier League,2324,Sheffield United,Luke Thomas,1,2023,238,8562,D M S,12,940,0,0.6857008039951324,0,0.6857008039951324,0,0.06999615393579006,6,2,3,0,1.4491792991757393,0.7634785007685423
ENG-Premier League,2324,Sheffield United,Mason Holgate,1,2023,238,985,D S,10,718,0,0.9260915219783783,0,0.9260915219783783,0,0.4414309561252594,3,1,3,1,1.08466067770496,0.6432297215797007
ENG-Premier League,2324,Sheffield United,Max Lowe,1,2023,238,8918,D S,10,499,0,0.9397587776184082,0,0.9397587776184082,0,0.012994728051126003,2,1,1,0,1.840770854614675,0.8880173694342375
ENG-Premier League,2324,Sheffield United,Oliver Arblaster,1,2023,238,12449,M S,12,954,0,0.021724281832575798,0,0.021724281832575798,0,1.0297467429190874,1,12,2,0,2.8812288218177855,2.644879447761923
ENG-Premier League,2324,Sheffield United,Oliver McBurnie,1,2023,238,1736,F S,21,1290,6,7.429724760353565,4,5.907387010753155,3,2.1915900241583586,33,12,3,2,6.99262013938278,2.891832641325891
ENG-Premier League,2324,Sheffield United,Oliver Norwood,1,2023,238,7710,M S,27,1413,1,0.9864262714982033,0,0.22529425099492073,0,0.6933921938762069,15,16,8,0,2.788633189164102,2.4070543106645346
ENG-Premier League,2324,Sheffield United,Rhian Brewster,1,2023,238,5569,F S,13,302,0,0.34494016505777836,0,0.34494016505777836,0,0.10135408118367195,7,2,0,1,0.784455269575119,0.3381610158830881
ENG-Premier League,2324,Sheffield United,Rhys Norrington-Davies,1,2023,238,12291,D S,5,107,0,0.0,0,0.0,0,0.026197632774710655,0,1,1,0,0.08285419456660748,0.05665656179189682
ENG-Premier League,2324,Sheffield United,Ryan Oné,1,2023,238,12158,S,1,4,0,0.0,0,0.0,0,0.0,0,0,0,0,0.0,0.0
ENG-Premier League,2324,Sheffield United,Sam Curtis,1,2023,238,12465,S,1,24,0,0.0,0,0.0,0,0.0,0,0,0,0,0.07648201286792755,0.07648201286792755
ENG-Premier League,2324,Sheffield United,Sydie Peck,1,2023,238,12251,S,1,6,0,0.0,0,0.0,0,0.0,0,0,0,0,0.0,0.0
ENG-Premier League,2324,Sheffield United,Tom Davies,1,2023,238,1042,M S,9,194,0,0.25131772086024284,0,0.25131772086024284,0,0.034635528922080994,4,1,2,0,0.6308722272515297,0.43550220504403114
ENG-Premier League,2324,Sheffield United,Vinicius Souza,1,2023,238,10872,D M S,36,2676,1,0.5002630027011037,1,0.5002630027011037,0,0.7816855013370514,14,5,3,0,4.085046709049493,2.9888922558166087
ENG-Premier League,2324,Sheffield United,Wes Foderingham,1,2023,238,8776,GK S,30,2644,0,0.0,0,0.0,0,0.06504426151514053,0,1,2,0,0.9430307522416115,0.877986490726471
ENG-Premier League,2324,Sheffield United,William Osula,1,2023,238,9556,F S,21,769,0,2.0722835399210453,0,2.0722835399210453,0,0.09878482669591904,21,1,4,0,2.056103426963091,0.1622651368379593
ENG-Premier League,2324,Sheffield United,Yasser Larouci,1,2023,238,10041,D S,11,531,0,0.25878923665732145,0,0.25878923665732145,0,0.3102901801466942,6,2,1,0,1.0104657374322414,0.45326434820890427
ENG-Premier League,2324,Tottenham,Alejo Véliz,1,2023,82,12105,S,8,27,1,0.20565900206565857,1,0.20565900206565857,0,0.0,2,0,1,0,0.20565900206565857,0.0
ENG-Premier League,2324,Tottenham,Ben Davies,1,2023,82,660,D S,17,1067,1,2.077168807387352,1,2.077168807387352,0,0.31063371151685715,12,4,2,0,7.61443617939949,6.318940620869398
ENG-Premier League,2324,Tottenham,Bryan Gil Salvatierra,1,2023,82,7338,M S,11,182,0,0.7904373183846474,0,0.7904373183846474,0,0.19244391098618507,4,4,0,0,2.1181607861071825,1.3597642369568348
ENG-Premier League,2324,Tottenham,Cristian Romero,1,2023,82,7218,D,33,2796,5,3.9851038865745068,5,3.9851038865745068,0,0.3418706227093935,24,7,7,1,17.811701461672783,16.453976824879646
ENG-Premier League,2324,Tottenham,Dane Scarlett,1,2023,82,9332,S,4,16,0,0.0,0,0.0,0,0.0,0,0,0,0,0.0,0.0
ENG-Premier League,2324,Tottenham,Davinson Sánchez,1,2023,82,6249,S,1,77,0,0.11006297916173935,0,0.11006297916173935,0,0.0,1,0,1,0,0.1389056295156479,0.1389056295156479
ENG-Premier League,2324,Tottenham,Dejan Kulusevski,1,2023,82,6691,F M S,36,2787,8,5.835474932566285,8,5.835474932566285,3,8.615606566891074,57,65,7,0,23.71713701635599,12.507268408313394
ENG-Premier League,2324,Tottenham,Emerson,1,2023,82,7430,D S,22,1145,1,0.17714704759418964,1,0.17714704759418964,0,0.4156769150868058,6,3,4,0,4.4803829826414585,4.325593873858452
ENG-Premier League,2324,Tottenham,Eric Dier,1,2023,82,643,D S,4,187,0,0.0,0,0.0,0,0.0,0,0,0,0,0.2850276902318001,0.2850276902318001
ENG-Premier League,2324,Tottenham,Giovani Lo Celso,1,2023,82,5681,M S,22,466,2,0.4979793429374695,2,0.4979793429374695,2,1.6030264683067799,13,17,2,0,3.47848142310977,2.747926991432905
ENG-Premier League,2324,Tottenham,Guglielmo Vicario,1,2023,82,8858,GK,38,3420,0,0.0,0,0.0,0,0.0,0,0,2,0,6.606127485632896,6.606127485632896
ENG-Premier League,2324,Tottenham,Ivan Perisic,1,2023,82,448,S,5,71,0,0.13002459704875946,0,0.13002459704875946,1,1.1601292341947556,2,5,2,0,1.8040422052145004,0.9906977340579033
ENG-Premier League,2324,Tottenham,Iyenoma Destiny Udogie,1,2023,82,8831,D,28,2437,2,2.81389419734478,2,2.81389419734478,3,2.5504489485174417,9,24,5,1,14.848989471793175,10.906614396721125
ENG-Premier League,2324,Tottenham,James Maddison,1,2023,82,6818,M S,28,2206,4,6.2975962068885565,4,6.2975962068885565,9,7.142374597489834,57,66,5,0,20.873470183461905,12.04095826484263
ENG-Premier League,2324,Tottenham,Jamie Donley,1,2023,82,12118,S,3,3,0,0.0,0,0.0,0,0.0,0,0,1,0,0.0,0.0
ENG-Premier League,2324,Tottenham,Manor Solomon,1,2023,82,10716,M S,5,194,0,0.3894983045756817,0,0.3894983045756817,2,0.9335471913218498,7,12,1,0,2.0264496579766273,1.147088959813118
ENG-Premier League,2324,Tottenham,Micky van de Ven,1,2023,82,10050,D,27,2345,3,0.9709036685526371,3,0.9709036685526371,0,0.03540848568081856,8,1,5,0,10.605861792340875,10.423011044040322
ENG-Premier League,2324,Tottenham,Mikey Moore,1,2023,82,12603,S,2,2,0,0.0,0,0.0,0,0.0,0,0,0,0,0.0,0.0
ENG-Premier League,2324,Tottenham,Oliver Skipp,1,2023,82,7198,D M S,21,660,0,0.6823929585516453,0,0.6823929585516453,0,0.541032612323761,4,7,3,0,5.0269977785646915,4.433636624366045
ENG-Premier League,2324,Tottenham,Pape Sarr,1,2023,82,9021,M S,34,2141,3,3.842421315610409,3,3.842421315610409,3,2.0322468373924494,36,20,9,0,16.10821724496782,11.238362627103925
ENG-Premier League,2324,Tottenham,Pedro Porro,1,2023,82,6912,D,35,3101,3,2.83508870145306,3,2.83508870145306,7,7.285218555480242,53,52,3,0,20.235827142372727,15.794150441884995
ENG-Premier League,2324,Tottenham,Pierre-Emile Højbjerg,1,2023,82,343,M S,36,1212,0,0.544023672118783,0,0.544023672118783,0,1.134924995712936,19,8,4,0,11.555909689515829,10.493784312158823
ENG-Premier League,2324,Tottenham,Radu Dragusin,1,2023,82,9105,D S,9,417,0,0.07337670773267746,0,0.07337670773267746,0,0.0,1,0,1,0,2.9626500830054283,2.889273375272751
ENG-Premier League,2324,Tottenham,Richarlison,1,2023,82,6026,F M S,28,1511,11,9.619059151038527,11,9.619059151038527,4,1.9676255472004414,61,15,3,0,12.735109627246857,2.2886698860675097
ENG-Premier League,2324,Tottenham,Rodrigo Bentancur,1,2023,82,6108,M S,23,1016,1,1.622593866661191,1,1.622593866661191,1,0.5037150774151087,18,8,7,0,8.576564118266106,7.389497200027108
ENG-Premier League,2324,Tottenham,Son Heung-Min,1,2023,82,453,F M S,35,2989,17,12.978620901703835,15,11.45628322660923,10,13.341020658612251,85,69,1,0,30.115575216710567,10.445971379056573
ENG-Premier League,2324,Tottenham,Timo Werner,1,2023,82,65,F M S,13,827,2,4.212947295978665,2,4.212947295978665,3,3.4769514203071594,29,15,1,0,10.507240116596222,3.767841313034296
ENG-Premier League,2324,Tottenham,Yves Bissouma,1,2023,82,5609,M S,28,2120,0,1.1663736272603273,0,1.1663736272603273,0,0.4049058575183153,24,10,8,2,11.2580073364079,10.58978133648634
ENG-Premier League,2324,West Ham,Aaron Cresswell,1,2023,81,534,D S,11,414,0,0.0,0,0.0,0,0.4446245804429054,0,5,1,0,0.32303913682699203,0.2730376645922661
ENG-Premier League,2324,West Ham,Alphonse Areola,1,2023,81,2310,GK,31,2715,0,0.0,0,0.0,0,0.0,0,0,1,0,1.7693296167999506,1.7693296167999506
ENG-Premier League,2324,West Ham,Angelo Ogbonna,1,2023,81,528,D S,11,629,0,0.0406796969473362,0,0.0406796969473362,0,0.0,1,0,1,0,0.21213871613144875,0.17145901918411255
ENG-Premier League,2324,West Ham,Ben Johnson,1,2023,81,6424,D M S,14,509,0,0.21550948731601238,0,0.21550948731601238,0,0.0,6,0,1,0,0.6861794609576464,0.5518248528242111
ENG-Premier League,2324,West Ham,Danny Ings,1,2023,81,986,F M S,20,342,1,1.2228488996624947,1,1.2228488996624947,0,0.37887247279286385,12,5,1,0,1.6572822146117687,0.3996972218155861
ENG-Premier League,2324,West Ham,Divin Mubama,1,2023,81,11242,S,5,67,0,0.05428127571940422,0,0.05428127571940422,0,0.0,1,0,0,0,0.05428127571940422,0.0
ENG-Premier League,2324,West Ham,Edson Álvarez,1,2023,81,11926,M S,31,2405,1,1.2118008164688945,1,1.2118008164688945,1,0.5929595055058599,17,12,11,0,6.416552271693945,5.055172272026539
ENG-Premier League,2324,West Ham,Emerson,1,2023,81,1245,D S,36,3163,1,1.6024377886205912,1,1.6024377886205912,2,1.5223980667069554,19,23,10,0,8.584011431783438,6.391479849815369
ENG-Premier League,2324,West Ham,George Earthy,1,2023,81,12474,S,3,21,1,0.6298984289169312,1,0.6298984289169312,0,0.0,1,0,0,0,0.6298984289169312,0.0
ENG-Premier League,2324,West Ham,James Ward-Prowse,1,2023,81,843,M S,37,3025,7,5.6392913637682796,5,4.116953688673675,7,8.108484361320734,44,64,4,0,11.991799759678543,7.065227452665567
ENG-Premier League,2324,West Ham,Jarrod Bowen,1,2023,81,1776,F M,34,3026,16,13.498636420816183,16,13.498636420816183,6,6.437707958742976,85,32,2,0,17.76942592486739,2.457054629921913
ENG-Premier League,2324,West Ham,Kaelan Casey,1,2023,81,11409,S,1,1,0,0.0,0,0.0,0,0.0,0,0,0,0,0.0,0.0
ENG-Premier League,2324,West Ham,Konstantinos Mavropanos,1,2023,81,6722,D S,19,1490,1,0.8723389487713575,1,0.8723389487713575,0,0.1037653312087059,12,2,2,0,1.4041581582278013,1.1598989609628916
ENG-Premier League,2324,West Ham,Kurt Zouma,1,2023,81,935,D S,33,2849,3,2.339608912356198,3,2.339608912356198,0,0.18288415484130383,16,4,3,0,3.844586410559714,3.714732094667852
ENG-Premier League,2324,West Ham,Lucas Paquetá,1,2023,81,7365,F M,31,2676,4,4.605092185549438,2,3.0827545104548335,6,5.833031775429845,42,41,10,0,13.320021394640207,7.106406299397349
ENG-Premier League,2324,West Ham,Lukasz Fabianski,1,2023,81,706,GK S,10,706,0,0.0,0,0.0,0,0.0,0,0,0,0,0.3157586343586445,0.3157586343586445
ENG-Premier League,2324,West Ham,Maxwel Cornet,1,2023,81,3278,M S,7,101,1,0.5305153168737888,1,0.5305153168737888,0,0.16100368462502956,4,4,0,0,0.6300216317176819,0.10632330924272537
ENG-Premier League,2324,West Ham,Michail Antonio,1,2023,81,531,F S,26,1775,6,6.025665767490864,6,6.025665767490864,2,1.559285182505846,30,9,6,0,8.23398894816637,2.5248712673783302
ENG-Premier League,2324,West Ham,Mohammed Kudus,1,2023,81,12027,F M S,33,2490,8,5.1772670187056065,8,5.1772670187056065,6,3.5089522134512663,66,28,6,0,11.516938520595431,4.337017804384232
ENG-Premier League,2324,West Ham,Naif Aguerd,1,2023,81,6935,D,21,1871,1,1.6546711716800928,1,1.6546711716800928,0,0.2851862292736769,14,4,1,1,3.5052518025040627,3.46653238683939
ENG-Premier League,2324,West Ham,Pablo Fornals,1,2023,81,2335,M S,15,392,0,0.2919035069644451,0,0.2919035069644451,0,0.5666238348931074,7,5,0,0,1.4481733404099941,0.9896499309688807
ENG-Premier League,2324,West Ham,Said Benrahma,1,2023,81,3585,M S,13,619,0,1.9243336878716946,0,1.1631648428738117,1,1.6338380239903927,19,11,1,0,4.428546093404293,1.7844416052103043
ENG-Premier League,2324,West Ham,Thilo Kehrer,1,2023,81,2674,S,4,12,0,0.0,0,0.0,0,0.0,0,0,2,0,0.09207619726657867,0.09207619726657867
ENG-Premier League,2324,West Ham,Tomas Soucek,1,2023,81,8288,M S,37,2885,7,7.466816443949938,7,7.466816443949938,2,2.1494441609829664,42,20,7,0,12.123065176419914,6.039048316888511
ENG-Premier League,2324,West Ham,Vladimir Coufal,1,2023,81,8965,D,36,3153,0,0.28548409417271614,0,0.28548409417271614,7,4.300948256626725,8,33,5,1,10.106693800538778,6.967354290187359
ENG-Premier League,2324,Wolverhampton Wanderers,Boubacar Traore,1,2023,229,8119,M S,24,760,0,0.2670730333775282,0,0.2670730333775282,0,0.28133357409387827,11,5,4,0,3.788605699315667,3.4077476616948843
ENG-Premier League,2324,Wolverhampton Wanderers,Craig Dawson,1,2023,229,804,D,25,2214,1,1.3575858976691961,1,1.3575858976691961,1,1.350392846390605,16,9,7,0,4.3896971847862005,4.195270133204758
ENG-Premier League,2324,Wolverhampton Wanderers,Daniel Bentley,1,2023,229,11361,GK S,5,379,0,0.0,0,0.0,0,0.0,0,0,0,0,0.46794790774583817,0.46794790774583817
ENG-Premier League,2324,Wolverhampton Wanderers,Enso González,1,2023,229,12047,S,1,1,0,0.0,0,0.0,0,0.0,0,0,0,0,0.0,0.0
ENG-Premier League,2324,Wolverhampton Wanderers,Fabio Silva,1,2023,229,8778,F S,8,257,0,0.913575079292059,0,0.913575079292059,0,0.2420392744243145,7,4,2,0,1.1997973173856735,0.16965851187705994
ENG-Premier League,2324,Wolverhampton Wanderers,Hee-Chan Hwang,1,2023,229,8845,F M S,29,2154,12,8.681871520355344,11,7.920702653005719,3,3.1403315979987383,45,17,6,0,12.023936153389513,2.6239349097013474
ENG-Premier League,2324,Wolverhampton Wanderers,Hugo Bueno,1,2023,229,10140,D M S,22,706,0,0.2772597037255764,0,0.2772597037255764,0,0.8462303951382637,5,5,1,0,2.2125213155522943,1.421666874550283
ENG-Premier League,2324,Wolverhampton Wanderers,Jean-Ricner Bellegarde,1,2023,229,7762,D F M S,22,938,2,1.361364832147956,2,1.361364832147956,1,0.9551639519631863,15,12,0,1,3.1770667880773544,1.5232742801308632
ENG-Premier League,2324,Wolverhampton Wanderers,Jonny,1,2023,229,2280,S,1,1,0,0.0,0,0.0,0,0.0,0,0,0,0,0.0,0.0
ENG-Premier League,2324,Wolverhampton Wanderers,José Sá,1,2023,229,9740,GK,35,3041,0,0.0,0,0.0,0,0.0,0,0,1,0,2.765407490544021,2.765407490544021
ENG-Premier League,2324,Wolverhampton Wanderers,João Gomes,1,2023,229,11384,M S,34,2690,2,1.8554088305681944,2,1.8554088305681944,1,1.327573673799634,26,19,11,0,6.302764528430998,4.639164644293487
ENG-Premier League,2324,Wolverhampton Wanderers,Leon Chiwome,1,2023,229,12532,F S,3,178,0,0.14485104009509087,0,0.14485104009509087,0,0.0,2,0,0,0,0.05850440636277199,0.013132527470588684
ENG-Premier League,2324,Wolverhampton Wanderers,Mario Lemina,1,2023,229,1299,M S,35,3002,4,4.610754423774779,4,4.610754423774779,1,1.7865049708634615,48,20,10,1,8.971558410674334,6.0500337686389685
ENG-Premier League,2324,Wolverhampton Wanderers,Matheus Cunha,1,2023,229,7080,F M S,32,2499,12,10.229120277799666,11,9.467951440252364,7,3.920058634132147,73,28,8,0,12.985038012266159,2.336798165924847
ENG-Premier League,2324,Wolverhampton Wanderers,Matt Doherty,1,2023,229,6852,D M S,30,1087,1,1.1126765199005604,1,1.1126765199005604,0,1.0989295095205307,8,12,2,0,3.6199135687202215,2.180733907967806
ENG-Premier League,2324,Wolverhampton Wanderers,Max Kilman,1,2023,229,7332,D,38,3420,2,2.598186601884663,2,2.598186601884663,0,1.1396792819723487,14,17,7,0,9.353960192762315,8.874694420956075
ENG-Premier League,2324,Wolverhampton Wanderers,Nathan Fraser,1,2023,229,11210,F S,7,175,0,0.4309285432100296,0,0.4309285432100296,0,0.06609408743679523,3,2,1,0,0.6629210263490677,0.1658984124660492
ENG-Premier League,2324,Wolverhampton Wanderers,Nélson Semedo,1,2023,229,6163,D M,36,3127,0,1.232096817344427,0,1.232096817344427,1,2.0054253563284874,17,24,10,1,8.870165027678013,6.637749888934195
ENG-Premier League,2324,Wolverhampton Wanderers,Pablo Sarabia,1,2023,229,2199,F M S,30,1763,4,5.981299871578813,2,4.458962256088853,7,6.066077848896384,46,52,5,0,10.232647370547056,3.582952373661101
ENG-Premier League,2324,Wolverhampton Wanderers,Pedro Neto,1,2023,229,6382,F M S,20,1524,2,3.287029344588518,2,3.287029344588518,9,5.216042526066303,36,37,4,0,8.703318819403648,2.2079212702810764
ENG-Premier League,2324,Wolverhampton Wanderers,Rayan Ait Nouri,1,2023,229,6674,D M S,33,2391,2,3.2441271310672164,2,3.2441271310672164,1,2.3514519911259413,23,25,7,0,10.710126422345638,6.927929415367544
ENG-Premier League,2324,Wolverhampton Wanderers,Santiago Bueno,1,2023,229,10945,D S,12,817,0,0.0,0,0.0,0,0.190905986353755,0,2,1,0,2.1081051090732217,1.93471594247967
ENG-Premier League,2324,Wolverhampton Wanderers,Sasa Kalajdzic,1,2023,229,8812,F S,11,132,2,1.3522434905171394,2,1.3522434905171394,0,1.0801250115036964,4,4,0,0,2.5644532591104507,0.15924052149057388
ENG-Premier League,2324,Wolverhampton Wanderers,Tawanda Chirewa,1,2023,229,12234,F S,8,129,0,0.1088726669549942,0,0.1088726669549942,0,0.0158984512090683,3,1,1,0,0.1717495657503605,0.0712861530482769
ENG-Premier League,2324,Wolverhampton Wanderers,Tommy Doyle,1,2023,229,8496,M S,26,1175,0,0.4136425852775574,0,0.4136425852775574,0,0.6756884949281812,14,8,2,0,4.574842236936092,4.24587644636631
ENG-Premier League,2324,Wolverhampton Wanderers,Toti,1,2023,229,10293,D S,35,2789,1,1.6792987622320652,1,1.6792987622320652,3,1.210701234638691,10,6,7,0,5.863689404912293,5.540323508903384
ENG-Premier League,2425,Arsenal,Ben White,1,2024,83,7298,D S,17,1192,0,0.43378073163330555,0,0.43378073163330555,2,1.4500398263335228,9,10,2,0,4.346273209899664,3.8967273607850075
ENG-Premier League,2425,Arsenal,Bukayo Saka,1,2024,83,7322,F M S,25,1763,6,8.94342190399766,5,8.182253051549196,10,11.583731275051832,67,58,3,0,16.460995193570852,6.0235540214926
ENG-Premier League,2425,Arsenal,David Raya,1,2024,83,9676,GK,38,3420,0,0.0,0,0.0,0,0.09363602846860886,0,1,3,0,6.110358167439699,6.01672213897109
ENG-Premier League,2425,Arsenal,Declan Rice,1,2024,83,5553,M S,35,2848,4,3.6269928105175495,4,3.6269928105175495,7,9.060594327747822,48,59,5,1,17.24022226035595,10.361034391447902
ENG-Premier League,2425,Arsenal,Ethan Nwaneri,1,2024,83,11132,F M S,26,883,4,1.7757814601063728,4,1.7757814601063728,2,1.1617773352190852,24,16,1,0,4.733230505138636,2.7513870988041162
ENG-Premier League,2425,Arsenal,Gabriel,1,2024,83,5613,D,28,2376,3,4.300341751426458,3,4.300341751426458,1,1.2210565768182278,22,13,4,0,11.277788810431957,10.166896805167198
ENG-Premier League,2425,Arsenal,Gabriel Jesus,1,2024,83,5543,F S,17,581,3,3.375023730099201,3,3.375023730099201,0,0.5535630472004414,20,8,4,0,4.954094588756561,2.0514997951686382
ENG-Premier League,2425,Arsenal,Gabriel Martinelli,1,2024,83,7752,F M S,33,2310,8,9.213460259139538,8,9.213460259139538,4,5.264152456074953,56,40,1,0,16.827736772596836,4.392328556627035
ENG-Premier League,2425,Arsenal,Jakub Kiwior,1,2024,83,10012,D S,17,1102,1,0.21434792131185532,1,0.21434792131185532,0,0.5097704380750656,3,5,1,0,3.440646205097437,3.275878395885229
ENG-Premier League,2425,Arsenal,Jorginho,1,2024,83,1389,M S,15,717,0,0.059209998697042465,0,0.059209998697042465,0,0.4611985944211483,2,3,5,0,4.177355792373419,3.738667394965887
ENG-Premier League,2425,Arsenal,Jurriën Timber,1,2024,83,11707,D S,30,2443,1,1.3132512997835875,1,1.3132512997835875,3,1.1326866932213306,14,17,7,0,10.589375596493483,9.367386754602194
ENG-Premier League,2425,Arsenal,Kai Havertz,1,2024,83,5220,F M S,23,1880,9,11.830620590597391,9,11.830620590597391,3,2.9488715566694736,53,17,5,0,16.01736629009247,4.696250442415476
ENG-Premier League,2425,Arsenal,Kieran Tierney,1,2024,83,8089,D S,13,227,1,0.9213433265686035,1,0.9213433265686035,0,1.199159286916256,2,8,0,0,1.968412023037672,0.9727844670414925
ENG-Premier League,2425,Arsenal,Leandro Trossard,1,2024,83,7698,F M S,38,2569,8,8.742100939154625,8,8.742100939154625,7,7.04339361935854,72,43,2,1,18.95159810781479,7.050739685073495
ENG-Premier League,2425,Arsenal,Martin Odegaard,1,2024,83,2517,M S,30,2343,3,5.635795846581459,2,4.874626979231834,8,7.852103857323527,49,63,4,0,19.575034234672785,11.76090756803751
ENG-Premier League,2425,Arsenal,Mikel Merino,1,2024,83,5304,F M S,28,1578,7,6.865131866186857,7,6.865131866186857,2,2.1651013009250164,38,17,2,1,11.007616562768817,5.772648703306913
ENG-Premier League,2425,Arsenal,Myles Lewis-Skelly,1,2024,83,12272,D S,23,1371,1,0.2544533908367157,1,0.2544533908367157,0,0.4991668798029423,3,8,3,2,5.465138830244541,5.074087254703045
ENG-Premier League,2425,Arsenal,Nathan Butler-Oyedeji,1,2024,83,11272,S,1,1,0,0.09475569427013397,0,0.09475569427013397,0,0.0,1,0,0,0,0.09475569427013397,0.0
ENG-Premier League,2425,Arsenal,Oleksandr Zinchenko,1,2024,83,2958,D M S,15,500,0,0.4987206254154444,0,0.4987206254154444,1,0.1286610011011362,10,3,1,0,3.0112361051142216,2.7367644980549812
ENG-Premier League,2425,Arsenal,Raheem Sterling,1,2024,83,618,F M S,17,486,0,0.9707838203758001,0,0.9707838203758001,2,0.5390832684934139,10,8,1,0,2.2374207340180874,1.050472877919674
ENG-Premier League,2425,Arsenal,Reiss Nelson,1,2024,83,6492,M S,12,491,1,1.4182224795222282,1,1.4182224795222282,1,1.1306451223790646,11,13,1,0,4.734423227608204,3.0769786797463894
ENG-Premier League,2425,Arsenal,Riccardo Calafiori,1,2024,83,8129,D S,19,986,2,0.7747622476890683,2,0.7747622476890683,1,0.4056127071380615,10,6,4,0,4.117603804916143,3.7665633261203766
ENG-Premier League,2425,Arsenal,Takehiro Tomiyasu,1,2024,83,7931,S,1,3,0,0.16684184968471527,0,0.16684184968471527,0,0.0,1,0,0,0,0.0,0.0
ENG-Premier League,2425,Arsenal,Thomas Partey,1,2024,83,2328,D M S,35,2810,4,2.3900655396282673,4,2.3900655396282673,2,2.580821704119444,26,20,4,0,16.352560142055154,14.675600433722138
ENG-Premier League,2425,Arsenal,William Saliba,1,2024,83,6888,D,35,3044,2,3.196498431265354,2,3.196498431265354,0,0.7513726502656937,6,7,2,1,14.345305103808641,14.299853567034006
ENG-Premier League,2425,Aston Villa,Amadou Onana,1,2024,71,9667,M S,26,1650,3,2.5780120696872473,3,2.5780120696872473,0,0.6834856616333127,17,10,4,0,9.019286430440843,8.535910098813474
ENG-Premier League,2425,Aston Villa,Andrés García,1,2024,71,13392,D S,7,325,0,0.0354386642575264,0,0.0354386642575264,0,0.26880658976733685,2,3,0,0,1.4220801051706076,1.2403724566102028
ENG-Premier League,2425,Aston Villa,Axel Disasi,1,2024,71,6885,D S,13,844,1,0.6244775578379631,1,0.6244775578379631,0,0.3375391270965338,4,5,3,0,2.507807642221451,2.215707093477249
ENG-Premier League,2425,Aston Villa,Boubacar Kamara,1,2024,71,5789,D M S,26,1744,1,0.7928520627319813,1,0.7928520627319813,0,0.901398416608572,10,11,2,0,7.008257182314992,5.887418569996953
ENG-Premier League,2425,Aston Villa,Diego Carlos,1,2024,71,5712,D S,10,828,0,0.9728685170412064,0,0.9728685170412064,0,0.0,4,0,1,0,2.882016759365797,2.882016759365797
ENG-Premier League,2425,Aston Villa,Donyell Malen,1,2024,71,9749,M S,14,265,3,3.0199847873300314,3,3.0199847873300314,0,0.1801445484161377,15,3,0,0,3.2656293623149395,0.11952173337340355
ENG-Premier League,2425,Aston Villa,Emiliano Buendía,1,2024,71,2203,S,12,48,0,0.8230422083288431,0,0.8230422083288431,0,0.046822335571050644,5,1,1,0,0.956121938303113,0.21528583765029907
ENG-Premier League,2425,Aston Villa,Emiliano Martinez,1,2024,71,4401,GK,37,3206,0,0.0,0,0.0,0,0.2820240408182144,0,2,5,1,6.555770194157958,6.273746121674776
ENG-Premier League,2425,Aston Villa,Ezri Konsa Ngoyo,1,2024,71,7726,D S,34,2934,2,1.103471640497446,2,1.103471640497446,0,0.41072478517889977,11,6,1,0,9.736158462241292,9.216016562655568
ENG-Premier League,2425,Aston Villa,Ian Maatsen,1,2024,71,11807,D S,29,1073,1,0.979834190569818,1,0.979834190569818,2,3.0338974483311176,19,19,2,0,9.690310459583998,8.366953602991998
ENG-Premier League,2425,Aston Villa,Jacob Ramsey,1,2024,71,8941,F M S,29,1665,1,1.4540390092879534,1,1.4540390092879534,3,2.891221077181399,19,21,2,1,9.212930692359805,5.757394967600703
ENG-Premier League,2425,Aston Villa,Jaden Philogene-Bidace,1,2024,71,9415,D M S,21,786,2,2.795140001922846,2,2.795140001922846,0,0.33318939432501793,19,6,3,1,3.0547380689531565,1.6042765881866217
ENG-Premier League,2425,Aston Villa,Jhon Durán,1,2024,71,11366,F S,20,563,7,5.099582154303789,7,5.099582154303789,0,0.2346634343266487,31,4,3,1,5.687583016231656,1.4234060682356358
ENG-Premier League,2425,Aston Villa,John McGinn,1,2024,71,7723,M S,34,2247,1,3.7942231353372335,1,3.7942231353372335,4,3.4790949057787657,31,30,7,0,11.842593720182776,7.252999009564519
ENG-Premier League,2425,Aston Villa,Kosta Nedeljkovic,1,2024,71,12775,S,5,109,0,0.0,0,0.0,0,0.0,0,0,0,0,0.18579712882637978,0.18579712882637978
ENG-Premier League,2425,Aston Villa,Lamare Bogarde,1,2024,71,10025,D M S,8,478,0,0.06506926566362381,0,0.06506926566362381,0,0.17532425373792648,1,2,2,0,1.8142753783613443,1.5738818291574717
ENG-Premier League,2425,Aston Villa,Leon Bailey,1,2024,71,5221,M S,24,1152,1,2.867841899394989,1,2.867841899394989,2,2.372280452400446,28,16,3,0,6.292120710015297,2.2766535691916943
ENG-Premier League,2425,Aston Villa,Lucas Digne,1,2024,71,1823,D S,32,2413,0,0.7811353597790003,0,0.7811353597790003,4,6.966049259528518,13,36,4,0,8.990315483883023,6.626998363062739
ENG-Premier League,2425,Aston Villa,Marco Asensio,1,2024,71,2117,M S,13,751,3,4.556249689310789,3,3.0339119844138622,1,1.2643892206251621,24,16,2,0,4.525235092267394,2.188563382253051
ENG-Premier League,2425,Aston Villa,Marcus Rashford,1,2024,71,556,F M S,25,1435,6,4.986043129116297,5,4.22487423196435,3,4.728895880281925,35,27,2,0,10.02566921338439,3.5098787005990744
ENG-Premier League,2425,Aston Villa,Matthew Cash,1,2024,71,8864,D M S,27,2085,1,0.49553846661001444,1,0.49553846661001444,1,1.4866319708526134,13,10,7,0,7.091400654055178,6.5722703114151955
ENG-Premier League,2425,Aston Villa,Morgan Rogers,1,2024,71,12412,F M,37,3191,8,8.216648440808058,8,8.216648440808058,10,8.145913934335113,55,51,10,0,21.380799420177937,8.901325047016144
ENG-Premier League,2425,Aston Villa,Ollie Watkins,1,2024,71,8865,F S,38,2666,16,18.632458329200745,14,17.11012053489685,8,3.87640418484807,84,25,2,0,18.900541841983795,3.2909299470484257
ENG-Premier League,2425,Aston Villa,Pau Torres,1,2024,71,6221,D S,24,2011,0,0.38712109066545963,0,0.38712109066545963,0,0.1446397490799427,8,3,2,0,7.192430438473821,7.064639877527952
ENG-Premier League,2425,Aston Villa,Robin Olsen,1,2024,71,6962,GK S,4,211,0,0.0,0,0.0,0,0.0,0,0,0,0,0.4604295790195465,0.4604295790195465
ENG-Premier League,2425,Aston Villa,Ross Barkley,1,2024,71,592,M S,20,507,3,2.1608064183965325,3,2.1608064183965325,1,0.9665419245138764,16,9,3,0,4.782155349850655,3.2661629542708397
ENG-Premier League,2425,Aston Villa,Tyrone Mings,1,2024,71,1024,D S,14,1137,0,0.7991716582328081,0,0.7991716582328081,0,0.17970541678369045,9,3,1,0,5.253270890563726,5.077521752566099
ENG-Premier League,2425,Aston Villa,Youri Tielemans,1,2024,71,5956,M S,36,3049,3,3.709774609655142,3,2.9486057721078396,7,8.044237377122045,41,60,4,0,21.22876513004303,16.205695185810328
ENG-Premier League,2425,Bournemouth,Adam Smith,1,2024,73,825,D S,25,1625,0,0.3261268213391304,0,0.3261268213391304,0,0.4430896267294884,3,8,7,0,5.3390795309096575,4.7454583663493395
ENG-Premier League,2425,Bournemouth,Alex Scott,1,2024,73,12149,M S,20,764,0,0.7000175742432475,0,0.7000175742432475,0,1.2158988821320236,15,12,3,0,3.5423473911359906,1.8692646883428097
ENG-Premier League,2425,Bournemouth,Antoine Semenyo,1,2024,73,11363,F M S,37,3219,11,14.549346312880516,11,14.549346312880516,5,6.608794005587697,126,46,9,0,26.17976476252079,7.88416787609458
ENG-Premier League,2425,Bournemouth,Ben Winterburn,1,2024,73,13242,S,4,17,0,0.0,0,0.0,0,0.0,0,0,0,0,0.016115183010697365,0.016115183010697365
ENG-Premier League,2425,Bournemouth,Dango Ouattara,1,2024,73,9662,F M S,32,2013,7,10.933680262416601,7,10.933680262416601,4,5.989504734054208,62,35,3,0,18.476627525873482,4.4393982803449035
ENG-Premier League,2425,Bournemouth,Daniel Jebbison,1,2024,73,9509,S,16,62,1,1.7295908629894257,1,1.7295908629894257,0,0.20717493444681168,5,3,1,0,2.19595605134964,0.2896595001220703
ENG-Premier League,2425,Bournemouth,David Brooks,1,2024,73,6820,M S,29,937,2,2.8713680896908045,2,2.8713680896908045,0,1.7746479772031307,25,19,3,0,6.463442295789719,3.1608658209443092
ENG-Premier League,2425,Bournemouth,Dean Huijsen,1,2024,73,11943,D S,32,2403,3,1.5728872679173946,3,1.5728872679173946,2,2.331902604550123,17,15,10,0,11.550221702083945,10.0397496689111
ENG-Premier League,2425,Bournemouth,Enes Ünal,1,2024,73,6219,F S,17,292,2,2.016992896795273,2,2.016992896795273,1,0.545154508203268,19,4,2,0,2.6258721854537725,0.9348652940243483
ENG-Premier League,2425,Bournemouth,Evanilson,1,2024,73,12963,F S,31,2376,10,13.714270060881972,10,12.953101200982928,1,1.9151847725734115,73,25,1,1,15.386878173798323,2.785225234925747
ENG-Premier League,2425,Bournemouth,Illia Zabarnyi,1,2024,73,11486,D S,36,3116,0,1.3495636964216828,0,1.3495636964216828,1,0.9619763027876616,12,12,4,1,7.431322017684579,7.211819479241967
ENG-Premier League,2425,Bournemouth,James Hill,1,2024,73,10747,D S,10,458,0,0.19451502338051796,0,0.19451502338051796,1,0.3440760616213083,6,3,1,0,2.397958781570196,2.091702576726675
ENG-Premier League,2425,Bournemouth,Julio Soler,1,2024,73,13474,S,3,7,0,0.0,0,0.0,0,0.0,0,0,0,0,0.0,0.0
ENG-Premier League,2425,Bournemouth,Julián Araujo,1,2024,73,11745,D S,12,496,0,0.0,0,0.0,0,0.0628243163228035,0,1,2,0,1.8003496639430523,1.8003496639430523
ENG-Premier League,2425,Bournemouth,Justin Kluivert,1,2024,73,6963,M S,34,2390,12,10.441609976813197,6,5.87459684535861,6,5.512896118685603,63,44,8,0,15.81588026881218,6.402966948226094
ENG-Premier League,2425,Bournemouth,Kepa,1,2024,73,5061,GK,31,2790,0,0.06839418411254883,0,0.06839418411254883,0,0.025899898260831833,1,1,3,0,3.4838713705539703,3.4838713705539703
ENG-Premier League,2425,Bournemouth,Lewis Cook,1,2024,73,1789,D M S,36,2978,1,0.963939368724823,1,0.963939368724823,3,4.5853610355407,14,47,8,1,12.705790558829904,10.713933983817697
ENG-Premier League,2425,Bournemouth,Luis Sinisterra,1,2024,73,10866,M S,12,221,1,1.7229826282709837,1,1.7229826282709837,1,1.762933598831296,13,8,0,0,2.894174002110958,0.5542034497484565
ENG-Premier League,2425,Bournemouth,Marcos Senesi,1,2024,73,10864,D S,17,1117,0,0.6511894948780537,0,0.6511894948780537,0,0.23828684724867344,2,5,5,0,4.348518039099872,4.168585720472038
ENG-Premier League,2425,Bournemouth,Marcus Tavernier,1,2024,73,10741,M S,29,1930,3,6.411486806347966,3,6.411486806347966,5,5.201899139210582,57,43,6,0,16.51350423321128,8.325464472174644
ENG-Premier League,2425,Bournemouth,Mark Travers,1,2024,73,7582,GK,5,450,0,0.0,0,0.0,0,0.0,0,0,0,0,0.5100627075880766,0.5100627075880766
ENG-Premier League,2425,Bournemouth,Max Aarons,1,2024,73,7688,D S,3,78,0,0.0,0,0.0,0,0.0,0,0,0,0,0.9639191627502441,0.9639191627502441
ENG-Premier League,2425,Bournemouth,Milos Kerkez,1,2024,73,11709,D,38,3359,2,0.7433816641569138,2,0.7433816641569138,5,4.914374724030495,19,35,4,0,13.390899841673672,9.968997127376497
ENG-Premier League,2425,Bournemouth,Neto,1,2024,73,1297,GK,2,180,0,0.0,0,0.0,0,0.0,0,0,0,0,0.4283316135406494,0.4283316135406494
ENG-Premier League,2425,Bournemouth,Philip Billing,1,2024,73,6034,M S,10,152,0,0.3570811375975609,0,0.3570811375975609,0,1.401890940964222,5,8,1,0,1.9741406198590994,0.9171814527362585
ENG-Premier League,2425,Bournemouth,Remy Rees-Dottin,1,2024,73,13307,S,1,1,0,0.0,0,0.0,0,0.0,0,0,0,0,0.0,0.0
ENG-Premier League,2425,Bournemouth,Ryan Christie,1,2024,73,10744,M S,29,2150,2,1.625680811703205,2,1.625680811703205,3,3.819417158141732,33,42,9,0,9.731656536459923,6.203945886343718
ENG-Premier League,2425,Bournemouth,Tyler Adams,1,2024,73,7352,M S,28,1965,0,1.4070341289043427,0,1.4070341289043427,3,1.5068945437669754,9,18,7,0,7.6065224930644035,5.169210600666702
ENG-Premier League,2425,Bournemouth,Zain Silcott-Duberry,1,2024,73,13351,S,1,1,0,0.0,0,0.0,0,0.0,0,0,0,0,0.0,0.0
ENG-Premier League,2425,Brentford,Ben Mee,1,2024,244,1654,D S,7,181,0,0.0,0,0.0,0,0.0,0,0,2,0,0.030085433274507523,0.030085433274507523
ENG-Premier League,2425,Brentford,Bryan Mbeumo,1,2024,244,6552,D F M,38,3419,20,13.63216146454215,15,9.06514835730195,7,10.376488702371716,86,70,3,0,24.377113293856382,9.351834732107818
ENG-Premier League,2425,Brentford,Christian Nørgaard,1,2024,244,7083,M,34,2870,5,5.773721532896161,5,5.773721532896161,4,1.9166031386703253,39,18,8,1,14.599624687805772,11.122066244482994
ENG-Premier League,2425,Brentford,Ethan Pinnock,1,2024,244,9678,D S,22,1912,2,0.9376051723957062,2,0.9376051723957062,0,1.5102842152118683,10,8,2,0,8.141121708787978,7.110404069535434
ENG-Premier League,2425,Brentford,Fabio Carvalho,1,2024,244,9501,F M S,19,399,2,2.3463018126785755,2,2.3463018126785755,1,0.6756551787257195,12,4,1,0,4.785842690616846,1.7638856619596481
ENG-Premier League,2425,Brentford,Frank Onyeka,1,2024,244,9681,S,2,18,0,0.0,0,0.0,0,0.0,0,0,0,0,0.0,0.0
ENG-Premier League,2425,Brentford,Gustavo Nunes,1,2024,244,13588,S,3,8,0,0.0,0,0.0,0,0.0,0,0,0,0,0.0,0.0
ENG-Premier League,2425,Brentford,Hákon Valdimarsson,1,2024,244,12595,GK S,2,145,0,0.0,0,0.0,0,0.0,0,0,0,0,0.23789019882678986,0.23789019882678986
ENG-Premier League,2425,Brentford,Jayden Meghoma,1,2024,244,13067,S,1,3,0,0.0,0,0.0,0,0.0,0,0,0,0,0.0,0.0
ENG-Premier League,2425,Brentford,Keane Lewis-Potter,1,2024,244,10809,D M S,38,3131,1,3.2576067624613643,1,3.2576067624613643,3,3.338346378877759,28,26,7,0,9.596967240795493,5.59095348790288
ENG-Premier League,2425,Brentford,Kevin Schade,1,2024,244,9156,F M S,38,2332,11,9.467997699975967,11,9.467997699975967,2,3.714522727765143,55,23,3,0,15.767545722424984,4.10542070120573
ENG-Premier League,2425,Brentford,Kim Ji-Soo,1,2024,244,12136,S,3,19,0,0.0,0,0.0,0,0.0,0,0,0,0,0.0,0.0
ENG-Premier League,2425,Brentford,Kristoffer Ajer,1,2024,244,9677,D S,24,1450,0,1.142456667497754,0,1.142456667497754,0,1.4724152060225606,9,9,5,0,4.822844059206545,2.9706503534689546
ENG-Premier League,2425,Brentford,Mads Roerslev,1,2024,244,9685,D S,19,1079,0,0.22195007745176554,0,0.22195007745176554,2,2.790492530912161,5,14,2,0,5.177352083846927,2.4616973884403706
ENG-Premier League,2425,Brentford,Mark Flekken,1,2024,244,7047,GK,37,3275,0,0.0,0,0.0,2,0.5480153113603592,0,2,1,0,7.107891340740025,6.884677250869572
ENG-Premier League,2425,Brentford,Mathias Jensen,1,2024,244,7166,M S,24,819,0,0.26936821080744267,0,0.26936821080744267,2,1.9875654987990856,6,16,2,0,5.387348018586636,4.161761403083801
ENG-Premier League,2425,Brentford,Michael Kayode,1,2024,244,11281,D S,12,527,0,0.1810818612575531,0,0.1810818612575531,1,0.9814028739929199,2,8,2,0,2.794493567198515,1.6320087760686874
ENG-Premier League,2425,Brentford,Mikkel Damsgaard,1,2024,244,8859,F M S,38,2978,2,3.476722192019224,2,3.476722192019224,9,9.246257283724844,35,63,2,0,19.425128288567066,11.846998741850257
ENG-Premier League,2425,Brentford,Nathan Collins,1,2024,244,9733,D,38,3420,2,2.6544005731120706,2,2.6544005731120706,3,1.9733586199581623,17,9,5,0,10.904047696851194,10.050747162662446
ENG-Premier League,2425,Brentford,Paris Maghoma,1,2024,244,10053,S,8,89,0,0.03555043041706085,0,0.03555043041706085,0,0.10649818927049637,1,1,0,0,1.1534059420228004,1.011357307434082
ENG-Premier League,2425,Brentford,Rico Henry,1,2024,244,9679,S,5,80,0,0.0,0,0.0,0,0.0,0,0,0,0,1.0035428777337074,1.0035428777337074
ENG-Premier League,2425,Brentford,Ryan Trevitt,1,2024,244,11146,S,1,1,0,0.0,0,0.0,0,0.0,0,0,0,0,0.0,0.0
ENG-Premier League,2425,Brentford,Sepp van den Berg,1,2024,244,10721,D S,31,2602,0,2.1477734111249447,0,2.1477734111249447,0,1.029765497893095,20,7,3,0,11.545481179840863,9.674979363568127
ENG-Premier League,2425,Brentford,Thiago,1,2024,244,13222,F S,8,148,0,0.10944201238453388,0,0.10944201238453388,0,0.11445537582039833,2,2,0,0,0.6678886283189058,0.4439912438392639
ENG-Premier League,2425,Brentford,Vitaly Janelt,1,2024,244,9680,D M S,32,2303,1,0.9458270631730556,1,0.9458270631730556,3,2.358839701861143,14,14,3,0,8.97201941628009,5.991170124150813
ENG-Premier League,2425,Brentford,Yehor Yarmolyuk,1,2024,244,11772,M S,31,1416,0,0.7878594100475311,0,0.7878594100475311,0,1.025589969009161,9,9,6,0,5.0115865878760815,4.2129704765975475
ENG-Premier League,2425,Brentford,Yoane Wissa,1,2024,244,5786,F M S,35,2943,18,20.731059528887272,18,20.731059528887272,4,3.4494741149246693,90,28,5,0,27.726778712123632,5.426989254541695
ENG-Premier League,2425,Brentford,Yunus Konak,1,2024,244,12633,S,10,25,0,0.10903885960578918,0,0.10903885960578918,0,0.0,1,0,0,0,0.41917112469673157,0.3101322650909424
ENG-Premier League,2425,Brighton,Adam Webster,1,2024,220,7699,D S,14,888,0,0.37646964844316244,0,0.37646964844316244,0,0.3818966709077358,5,3,1,0,4.823259890079498,4.751052476465702
ENG-Premier League,2425,Brighton,Bart Verbruggen,1,2024,220,11711,GK,36,3240,0,0.0,0,0.0,1,0.053101878613233566,0,1,5,0,6.665416944772005,6.6123150661587715
ENG-Premier League,2425,Brighton,Billy Gilmour,1,2024,220,7988,M S,2,94,0,0.08454305678606033,0,0.08454305678606033,0,0.0,1,0,0,0,1.1755258962512016,1.1755258962512016
ENG-Premier League,2425,Brighton,Brajan Gruda,1,2024,220,11310,F M S,21,684,1,1.0134435147047043,1,1.0134435147047043,4,2.2726940251886845,11,23,0,0,3.96596534922719,1.7325535658746958
ENG-Premier League,2425,Brighton,Carlos Baleba,1,2024,220,10527,D M S,34,2717,3,2.8824724731966853,3,2.8824724731966853,1,1.6279380414634943,44,21,6,1,16.692094990052283,13.264105252921581
ENG-Premier League,2425,Brighton,Danny Welbeck,1,2024,220,501,F S,30,2152,10,10.456029083579779,9,9.694860246032476,4,2.076795544475317,59,23,4,0,15.517961982637644,5.872543508186936
ENG-Premier League,2425,Brighton,Diego Gómez,1,2024,220,13364,M S,16,487,1,0.8773256950080395,1,0.8773256950080395,0,1.5821922849863768,9,9,0,0,4.766626961529255,4.030858531594276
ENG-Premier League,2425,Brighton,Eiran Cashin,1,2024,220,13459,S,2,18,0,0.0,0,0.0,0,0.0,0,0,0,0,0.010383612476289272,0.010383612476289272
ENG-Premier League,2425,Brighton,Estupiñán,1,2024,220,5136,D S,30,2404,1,1.3183485567569733,1,1.3183485567569733,1,2.320820614695549,28,27,5,0,12.298998538404703,10.615641921758652
ENG-Premier League,2425,Brighton,Evan Ferguson,1,2024,220,10177,F S,21,341,1,1.4812848791480064,1,1.4812848791480064,0,0.7929156944155693,12,5,0,0,2.186324803158641,0.08092000521719456
ENG-Premier League,2425,Brighton,Ferdi Kadioglu,1,2024,220,13066,D M S,6,401,1,0.6023932620882988,1,0.6023932620882988,0,0.16455989610403776,4,5,1,0,2.1883304491639137,1.5457853525877
ENG-Premier League,2425,Brighton,Georginio Rutter,1,2024,220,6937,F M S,28,1679,5,5.6770595367997885,5,5.6770595367997885,3,3.1324470546096563,50,19,2,0,10.18418968655169,2.795816533267498
ENG-Premier League,2425,Brighton,Harry Howell,1,2024,220,13584,S,1,4,0,0.0,0,0.0,0,0.0,0,0,0,0,0.014361405745148659,0.014361405745148659
ENG-Premier League,2425,Brighton,Igor Julio,1,2024,220,7943,D S,13,959,0,0.08350001275539398,0,0.08350001275539398,0,0.14276313595473766,1,2,4,0,4.970579881221056,4.827816758304834
ENG-Premier League,2425,Brighton,Jack Hinshelwood,1,2024,220,11269,D F M S,26,1857,5,3.2537715872749686,5,3.2537715872749686,2,1.4211199935525656,18,16,5,0,9.028865553438663,7.109155820682645
ENG-Premier League,2425,Brighton,Jakub Moder,1,2024,220,9284,S,4,4,0,0.0,0,0.0,0,0.2036565337330103,0,3,0,0,0.13312120735645294,0.0772198848426342
ENG-Premier League,2425,Brighton,James Milner,1,2024,220,489,M S,4,177,0,0.19204899668693542,0,0.19204899668693542,0,0.2607630733400583,2,4,1,0,0.5119482576847076,0.20502541214227676
ENG-Premier League,2425,Brighton,Jan Paul van Hecke,1,2024,220,10807,D S,34,2962,1,1.0002109874039888,1,1.0002109874039888,1,1.558699306100607,17,16,6,1,14.846226522698998,13.811430538073182
ENG-Premier League,2425,Brighton,Jason Steele,1,2024,220,7235,GK,2,180,0,0.0,0,0.0,0,0.0,0,0,0,0,0.4078828990459442,0.4078828990459442
ENG-Premier League,2425,Brighton,Jeremy Sarmiento,1,2024,220,10036,S,1,4,0,0.0,0,0.0,0,0.0,0,0,0,0,0.09746789187192917,0.09746789187192917
ENG-Premier League,2425,Brighton,João Pedro,1,2024,220,8272,F M S,27,1975,10,8.863604867830873,5,5.0577606651932,6,5.618519173935056,47,30,4,1,15.910436924546957,7.6452163346111774
ENG-Premier League,2425,Brighton,Joël Veltman,1,2024,220,8780,D S,21,1714,0,0.7976804617792368,0,0.7976804617792368,0,0.7567648589611053,6,6,5,0,6.476554710417986,5.0723008420318365
ENG-Premier League,2425,Brighton,Julio Enciso,1,2024,220,11058,M S,25,1168,2,2.7400452066212893,2,2.7400452066212893,3,2.227620951831341,52,18,3,0,6.231109814718366,2.7869491232559085
ENG-Premier League,2425,Brighton,Kaoru Mitoma,1,2024,220,10806,F M S,36,2608,10,10.222694747149944,10,10.222694747149944,4,4.949204979464412,57,37,1,0,21.407055608928204,8.427826434373856
ENG-Premier League,2425,Brighton,Lewis Dunk,1,2024,220,6048,D S,25,2083,0,1.1070273127406836,0,1.1070273127406836,0,0.5168026331812143,12,5,5,0,10.19734975323081,10.102785553783178
ENG-Premier League,2425,Brighton,Mats Wieffer,1,2024,220,12758,D M S,25,988,1,1.0993042346090078,1,1.0993042346090078,3,1.0669435421004891,9,15,6,0,5.176637289114296,4.247457327321172
ENG-Premier League,2425,Brighton,Matt O'Riley,1,2024,220,13206,M S,21,934,2,3.0610502772033215,1,2.299881439656019,2,2.4148010704666376,22,21,1,0,6.484979265369475,2.8589688697829843
ENG-Premier League,2425,Brighton,Simon Adingra,1,2024,220,11710,D M S,29,1081,2,3.1380675714462996,2,3.1380675714462996,2,2.066323732957244,34,16,0,0,5.763067487627268,2.1683908347040415
ENG-Premier League,2425,Brighton,Solly March,1,2024,220,6049,M S,8,149,0,0.051454500295221806,0,0.051454500295221806,0,0.2339879721403122,2,3,2,0,0.39429784566164017,0.3155219256877899
ENG-Premier League,2425,Brighton,Tariq Lamptey,1,2024,220,8226,D M S,15,870,2,0.33914162404835224,2,0.33914162404835224,2,0.8965721465647221,6,5,0,0,2.2554087787866592,1.4430722370743752
ENG-Premier League,2425,Brighton,Yankuba Minteh,1,2024,220,12759,D M S,32,1832,6,5.669837724417448,6,5.669837724417448,4,4.871835011057556,34,28,6,0,14.345422247424722,4.895437384024262
ENG-Premier League,2425,Brighton,Yasin Ayari,1,2024,220,11385,M S,34,1977,2,2.234291661530733,2,2.234291661530733,1,3.114554302766919,28,28,3,0,10.207828298211098,7.504959750920534
ENG-Premier League,2425,Chelsea,Benoit Badiashile Mukinayi,1,2024,80,7240,D S,5,323,0,0.0,0,0.0,0,0.0,0,0,0,0,0.7828760668635368,0.7828760668635368
ENG-Premier League,2425,Chelsea,Christopher Nkunku,1,2024,80,3300,F M S,27,878,3,5.027925219386816,3,5.027925219386816,2,2.0136311538517475,25,14,2,0,6.769540551118553,1.954516883008182
ENG-Premier League,2425,Chelsea,Cole Palmer,1,2024,80,8497,M S,37,3228,15,15.77423645183444,11,11.968392122536898,8,12.954366408288479,126,87,7,0,29.99983731843531,9.8022615686059
ENG-Premier League,2425,Chelsea,Enzo Fernández,1,2024,80,11356,M S,36,2941,6,6.1332164872437716,6,6.1332164872437716,7,7.737509123980999,53,77,8,0,20.848417054861784,10.725481959059834
ENG-Premier League,2425,Chelsea,Filip Jorgensen,1,2024,80,9272,GK,6,540,0,0.0,0,0.0,0,0.0,0,0,0,0,1.4331071376800537,1.4331071376800537
ENG-Premier League,2425,Chelsea,Jadon Sancho,1,2024,80,6345,M S,31,1760,3,2.4174315705895424,3,2.4174315705895424,4,4.314331844449043,24,39,2,0,10.85904686525464,5.599680565297604
ENG-Premier League,2425,Chelsea,Josh Acheampong,1,2024,80,12535,D S,4,172,0,0.16821566224098206,0,0.16821566224098206,0,0.0,2,0,1,0,0.6639772951602936,0.6639772951602936
ENG-Premier League,2425,Chelsea,João Félix,1,2024,80,7892,M S,12,343,1,2.64809543825686,1,2.64809543825686,1,0.6843841634690762,20,6,2,0,4.425876019522548,1.2964793983846903
ENG-Premier League,2425,Chelsea,Kiernan Dewsbury-Hall,1,2024,80,9739,M S,13,234,0,0.08943549543619156,0,0.08943549543619156,1,0.8056687042117119,1,3,0,0,1.3387737199664116,0.44366946816444397
ENG-Premier League,2425,Chelsea,Levi Colwill,1,2024,80,10805,D,35,3150,2,2.4856121446937323,2,2.4856121446937323,1,1.066227382980287,17,12,9,0,15.162668526172638,13.843638241291046
ENG-Premier League,2425,Chelsea,Malo Gusto,1,2024,80,9017,D S,32,1838,0,1.5562147982418537,0,1.5562147982418537,1,1.343290576711297,22,22,4,0,10.980210773646832,9.03074331022799
ENG-Premier League,2425,Chelsea,Marc Cucurella,1,2024,80,7134,D S,36,3006,5,3.1616971623152494,5,3.1616971623152494,1,1.8079495672136545,24,19,8,1,15.487519605085254,12.07672212831676
ENG-Premier League,2425,Chelsea,Marc Guiu,1,2024,80,11633,S,3,60,0,0.0,0,0.0,0,0.04049580916762352,0,1,0,0,0.10768561065196991,0.10768561065196991
ENG-Premier League,2425,Chelsea,Mathis Amougou,1,2024,80,12808,S,1,5,0,0.0,0,0.0,0,0.0,0,0,0,0,0.0,0.0
ENG-Premier League,2425,Chelsea,Moisés Caicedo,1,2024,80,9453,D M,38,3381,1,0.6911019859835505,1,0.6911019859835505,2,2.9249442890286446,20,29,11,0,19.78497724980116,17.50836056470871
ENG-Premier League,2425,Chelsea,Mykhailo Mudryk,1,2024,80,11305,M S,7,133,0,0.1225307434797287,0,0.1225307434797287,0,1.0799011290073395,1,2,0,0,1.4741904512047768,0.2717585638165474
ENG-Premier League,2425,Chelsea,Nicolas Jackson,1,2024,80,10048,F S,30,2294,10,13.834070887416601,10,13.834070887416601,5,3.47239719517529,76,28,7,1,16.895098600536585,3.0802767761051655
ENG-Premier League,2425,Chelsea,Noni Madueke,1,2024,80,11357,D M S,32,2113,7,11.862219285219908,7,11.862219285219908,3,3.1217017397284508,80,33,3,0,18.66834883764386,6.725336389616132
ENG-Premier League,2425,Chelsea,Pedro Neto,1,2024,80,6382,D F M S,35,2238,4,4.4209474716335535,4,4.4209474716335535,6,6.566428407095373,59,46,8,0,14.425639379769564,6.602393293753266
ENG-Premier League,2425,Chelsea,Reece James,1,2024,80,8067,D M S,19,1062,1,0.5808683261275291,1,0.5808683261275291,1,1.3240125216543674,11,11,1,0,3.869105190038681,3.5282998234033585
ENG-Premier League,2425,Chelsea,Renato Veiga,1,2024,80,11383,M S,7,143,0,0.13544834405183792,0,0.13544834405183792,0,0.0,3,0,2,0,0.8124905750155449,0.798570029437542
ENG-Premier League,2425,Chelsea,Robert Sánchez,1,2024,80,9098,GK,32,2880,0,0.0,0,0.0,0,0.016188031062483788,0,1,5,0,6.038596088066697,6.022408057004213
ENG-Premier League,2425,Chelsea,Romeo Lavia,1,2024,80,10004,M S,16,830,0,0.14645132422447205,0,0.14645132422447205,1,0.7232360076159239,2,7,4,0,2.7111929208040237,1.9501979053020477
ENG-Premier League,2425,Chelsea,Shumaira Mheuka,1,2024,80,13476,S,1,1,0,0.025054186582565308,0,0.025054186582565308,0,0.0,1,0,0,0,0.0,0.0
ENG-Premier League,2425,Chelsea,Tosin Adarabioyo,1,2024,80,5590,D S,22,1410,1,1.1859792517498136,1,1.1859792517498136,1,0.3341391310095787,13,2,4,0,8.569632288068533,8.549678575247526
ENG-Premier League,2425,Chelsea,Trevoh Chalobah,1,2024,80,6615,D S,25,1983,3,2.548438237980008,3,2.548438237980008,1,2.151971971616149,18,8,3,0,6.1127273216843605,5.5258093401789665
ENG-Premier League,2425,Chelsea,Tyrique George,1,2024,80,12573,F S,8,162,1,0.3738933689892292,1,0.3738933689892292,1,1.0261513106524944,3,6,1,0,1.885858304798603,0.5690330639481544
ENG-Premier League,2425,Chelsea,Wesley Fofana,1,2024,80,7589,D,14,1192,0,0.20475389622151852,0,0.20475389622151852,0,0.5259660333395004,3,6,7,0,4.953598186373711,4.430655201897025
ENG-Premier League,2425,Crystal Palace,Adam Wharton,1,2024,78,12409,M S,20,1337,0,0.33576022181659937,0,0.33576022181659937,2,3.3524712435901165,13,26,2,0,6.537219719961286,5.249624631367624
ENG-Premier League,2425,Crystal Palace,Asher Agbinone,1,2024,78,13039,S,2,2,0,0.015191496349871159,0,0.015191496349871159,0,0.023866645991802216,1,1,0,0,0.036948622204363346,0.01308197621256113
ENG-Premier League,2425,Crystal Palace,Ben Chilwell,1,2024,78,782,D S,8,239,1,0.2562433071434498,1,0.2562433071434498,0,0.8998954109847546,5,5,1,0,1.1016745641827583,0.7247382774949074
ENG-Premier League,2425,Crystal Palace,Caleb Kporha,1,2024,78,13130,S,2,5,0,0.0,0,0.0,0,0.0,0,0,0,0,0.0719930911436677,0.0719930911436677
ENG-Premier League,2425,Crystal Palace,Chadi Riad,1,2024,78,11167,D,1,90,0,0.0,0,0.0,0,0.0,0,0,0,0,0.3966957628726959,0.3966957628726959
ENG-Premier League,2425,Crystal Palace,Cheick Oumar Doucoure,1,2024,78,8666,M S,13,439,0,0.3654052410274744,0,0.3654052410274744,0,0.013936278410255909,7,1,1,0,3.558414466679096,3.2809753883630037
ENG-Premier League,2425,Crystal Palace,Chris Richards,1,2024,78,8430,D S,24,1925,1,1.6956392526626587,1,1.6956392526626587,0,0.11428104154765606,12,2,2,1,4.323614971712232,4.20933392085135
ENG-Premier League,2425,Crystal Palace,Daichi Kamada,1,2024,78,6145,M S,34,1527,0,0.9768787622451782,0,0.9768787622451782,0,1.8320643100887537,20,20,4,1,8.12018227763474,6.361981469206512
ENG-Premier League,2425,Crystal Palace,Daniel Muñoz,1,2024,78,12408,D,37,3237,4,5.791526351124048,4,5.791526351124048,5,5.942459639161825,37,45,10,0,17.36301911622286,7.908812275156379
ENG-Premier League,2425,Crystal Palace,Dean Henderson,1,2024,78,7702,GK,38,3420,0,0.010927668772637844,0,0.010927668772637844,0,0.10587046667933464,1,2,3,0,3.299205945804715,3.19333547540009
ENG-Premier League,2425,Crystal Palace,Eberechi Eze,1,2024,78,8706,F M S,34,2635,8,9.876954596489668,7,8.354616891592741,8,7.019554221071303,102,58,1,0,18.762924566864967,8.675655025988817
ENG-Premier League,2425,Crystal Palace,Eddie Nketiah,1,2024,78,6482,F M S,29,984,3,7.15336112678051,3,7.15336112678051,1,1.3858313784003258,43,13,4,1,9.502782799303532,2.1897604260593653
ENG-Premier League,2425,Crystal Palace,Ismaila Sarr,1,2024,78,5675,F M S,38,2738,8,12.308559328317642,8,12.308559328317642,6,10.056549122557044,59,44,4,0,24.235270714387298,7.3139182310551405
ENG-Premier League,2425,Crystal Palace,Jean-Philippe Mateta,1,2024,78,5735,F S,37,2690,14,15.83262430690229,12,14.31028657220304,2,3.85278513841331,69,29,2,0,18.602611111477017,3.6145096691325307
ENG-Premier League,2425,Crystal Palace,Jefferson Lerma,1,2024,78,2182,D M S,33,2274,0,0.8986045755445957,0,0.8986045755445957,1,1.3882753169164062,26,10,9,0,10.00641503976658,8.994050413835794
ENG-Premier League,2425,Crystal Palace,Jeffrey Schlupp,1,2024,78,757,S,12,72,0,0.21029065176844597,0,0.21029065176844597,0,0.33485834673047066,4,2,0,0,0.906626857817173,0.36147786723449826
ENG-Premier League,2425,Crystal Palace,Joachim Andersen,1,2024,78,6314,D,30,2678,0,0.8852448537945747,0,0.8852448537945747,0,0.280512185767293,20,4,7,1,10.6725890384987,10.444070791825652
ENG-Premier League,2425,Crystal Palace,Joel Ward,1,2024,78,510,D S,2,75,0,0.0,0,0.0,0,0.06846939772367477,0,1,1,0,0.10464299470186234,0.10464299470186234
ENG-Premier League,2425,Crystal Palace,Jordan Ayew,1,2024,78,672,F M S,31,1688,5,4.341383438557386,4,3.580214601010084,0,1.9064311189576983,33,17,6,0,5.810580421239138,2.694857061840594
ENG-Premier League,2425,Crystal Palace,Justin Devenny,1,2024,78,13038,M S,23,472,1,1.1472182907164097,1,1.1472182907164097,1,0.6334958653897047,10,7,1,0,2.1069728769361973,0.9024819005280733
ENG-Premier League,2425,Crystal Palace,Marc Guehi,1,2024,78,7603,D M,34,3060,3,2.9608455933630466,3,2.9608455933630466,2,2.1349100805819035,15,16,7,1,8.626218263059855,7.739544311538339
ENG-Premier League,2425,Crystal Palace,Matheus França,1,2024,78,12152,S,4,45,1,0.40794607251882553,1,0.40794607251882553,0,0.0,6,0,0,0,0.5714588239789009,0.16351275146007538
ENG-Premier League,2425,Crystal Palace,Maxence Lacroix,1,2024,78,8853,D,35,3126,1,2.7525001103058457,1,2.7525001103058457,1,1.6881468072533607,30,8,5,0,8.140122196637094,6.942754318006337
ENG-Premier League,2425,Crystal Palace,Nathaniel Clyne,1,2024,78,603,D S,13,483,0,0.02340917196124792,0,0.02340917196124792,0,0.16137605160474777,2,3,1,0,1.4450985342264175,1.2837224826216698
ENG-Premier League,2425,Crystal Palace,Odsonne Edouard,1,2024,78,3697,M S,6,131,0,0.32568828761577606,0,0.32568828761577606,0,0.10593332909047604,5,2,0,0,0.6215433776378632,0.18992176093161106
ENG-Premier League,2425,Crystal Palace,Romain Esse,1,2024,78,13387,M S,7,124,1,0.5787168145179749,1,0.5787168145179749,1,0.30072224885225296,1,3,0,0,1.1815895438194275,0.3021504878997803
ENG-Premier League,2425,Crystal Palace,Tyrick Mitchell,1,2024,78,8214,D,37,3131,0,1.4204330071806908,0,1.4204330071806908,5,7.1096850242465734,12,41,2,0,14.724310521036386,7.392835007980466
ENG-Premier League,2425,Crystal Palace,Will Hughes,1,2024,78,6104,M S,33,2160,0,0.9225301016122103,0,0.9225301016122103,3,3.364077143371105,22,33,11,0,9.026491666212678,7.883489057421684
ENG-Premier League,2425,Everton,Abdoulaye Doucouré,1,2024,72,1726,M S,33,2619,3,4.050999755039811,3,4.050999755039811,2,2.317836028058082,31,27,3,1,9.89785410836339,4.922197850421071
ENG-Premier League,2425,Everton,Armando Broja,1,2024,72,8384,F S,10,314,0,0.10446199029684067,0,0.10446199029684067,0,0.17477769032120705,4,4,1,0,0.7260864749550819,0.45814821776002645
ENG-Premier League,2425,Everton,Ashley Young,1,2024,72,631,D S,32,1824,1,0.25227443501353264,1,0.25227443501353264,3,2.9377346560359,6,26,7,1,4.8677782118320465,3.145018443465233
ENG-Premier League,2425,Everton,Beto,1,2024,72,9983,F S,30,1520,8,9.26681118644774,8,9.26681118644774,0,1.3863521181046963,49,12,2,0,8.315516548231244,1.1153167895972729
ENG-Premier League,2425,Everton,Carlos Alcaraz,1,2024,72,11297,M S,16,753,2,1.660201769322157,2,1.660201769322157,3,2.2886833511292934,27,14,4,0,3.914981357753277,0.6430606916546822
ENG-Premier League,2425,Everton,Dominic Calvert-Lewin,1,2024,72,5555,F S,26,1625,3,8.584493719041348,3,8.584493719041348,1,0.7406498864293098,50,7,2,0,7.679076200351119,1.292787717655301
ENG-Premier League,2425,Everton,Dwight McNeil,1,2024,72,6756,M S,21,1374,4,1.5122616775333881,4,1.5122616775333881,6,6.039635524619371,24,37,1,0,8.58305960521102,3.5590311624109745
ENG-Premier League,2425,Everton,Harrison Armstrong,1,2024,72,12757,S,3,41,0,0.2571773827075958,0,0.2571773827075958,0,0.07110223919153214,1,1,1,0,0.32827961444854736,0.0
ENG-Premier League,2425,Everton,Idrissa Gueye,1,2024,72,668,M S,37,3090,0,1.0407873457297683,0,1.0407873457297683,3,2.416206769645214,27,19,8,0,9.350484703667462,7.558115462772548
ENG-Premier League,2425,Everton,Iliman Ndiaye,1,2024,72,9307,F M S,33,2478,9,7.094870626926422,7,5.572532966732979,0,1.9087076298892498,37,18,3,0,11.509084429591894,5.190615847706795
ENG-Premier League,2425,Everton,Jack Harrison,1,2024,72,8720,F M S,34,2102,1,3.3758146427571774,1,3.3758146427571774,0,3.650003883987665,29,33,0,0,7.757276251912117,2.7420455012470484
ENG-Premier League,2425,Everton,Jake O'Brien,1,2024,72,12014,D S,20,1561,2,1.219971727579832,2,1.219971727579832,0,0.6676564291119576,6,6,5,0,4.743709594011307,3.924726217985153
ENG-Premier League,2425,Everton,James Garner,1,2024,72,7438,D M S,21,1603,0,0.6001764945685863,0,0.6001764945685863,1,1.2151244198903441,12,12,5,0,5.435937132686377,4.616085112094879
ENG-Premier League,2425,Everton,James Tarkowski,1,2024,72,1665,D,33,2926,1,1.2661416758783162,1,1.2661416758783162,1,2.7973302034661174,15,16,6,0,5.207525005564094,4.634369108825922
ENG-Premier League,2425,Everton,Jarrad Branthwaite,1,2024,72,8476,D S,30,2510,0,1.3813873650506139,0,1.3813873650506139,1,0.6528244335204363,10,3,4,0,4.862649876624346,4.707654871046543
ENG-Premier League,2425,Everton,Jesper Lindstrom,1,2024,72,9752,M S,25,1279,0,2.0184412728995085,0,2.0184412728995085,1,2.881908133625984,28,19,2,0,5.934147605672479,3.5494546946138144
ENG-Premier League,2425,Everton,Jordan Pickford,1,2024,72,741,GK,38,3420,0,0.0,0,0.0,1,0.2801412306725979,0,2,7,0,4.063891115598381,3.7837498849257827
ENG-Premier League,2425,Everton,Mason Holgate,1,2024,72,985,S,1,1,0,0.0,0,0.0,0,0.0,0,0,0,0,0.0,0.0
ENG-Premier League,2425,Everton,Michael Keane,1,2024,72,1653,D S,14,1043,3,1.126571523025632,3,1.126571523025632,0,0.12363456189632416,10,1,5,0,1.2807953245937824,1.2518547140061855
ENG-Premier League,2425,Everton,Nathan Patterson,1,2024,72,10292,D S,10,332,0,0.07110223919153214,0,0.07110223919153214,1,0.4205229729413986,1,4,1,0,0.6194286607205868,0.4873095341026783
ENG-Premier League,2425,Everton,Orel Mangala,1,2024,72,6088,M S,19,1254,1,0.7135743591934443,1,0.7135743591934443,0,0.494984382763505,16,8,2,0,2.8463763296604156,2.0121847297996283
ENG-Premier League,2425,Everton,Roman Dixon,1,2024,72,12946,D,1,90,0,0.0,0,0.0,0,0.0,0,0,0,0,0.08859848231077194,0.08859848231077194
ENG-Premier League,2425,Everton,Seamus Coleman,1,2024,72,585,D S,5,213,0,0.47521984577178955,0,0.47521984577178955,0,0.0,1,0,1,0,1.2030456438660622,0.7278257980942726
ENG-Premier League,2425,Everton,Tim Iroegbunam,1,2024,72,9554,M S,18,533,0,0.20852449536323547,0,0.20852449536323547,1,0.17536944895982742,5,3,4,0,1.8715934120118618,1.4876995496451855
ENG-Premier League,2425,Everton,Vitalii Mykolenko,1,2024,72,10291,D,35,3085,1,0.6015322427265346,1,0.6015322427265346,2,3.0272322706878185,14,24,4,0,8.047195924445987,5.357288662344217
ENG-Premier League,2425,Everton,Youssef Chermiti,1,2024,72,11984,S,4,33,0,0.17105042561888695,0,0.17105042561888695,0,0.0,3,0,1,0,0.13712852075695992,0.07517127692699432
ENG-Premier League,2425,Fulham,Adama Traoré,1,2024,228,900,F M S,36,1761,2,5.658592768013477,2,5.658592768013477,7,6.4245162177830935,39,43,2,0,15.521256847307086,5.082236568443477
ENG-Premier League,2425,Fulham,Alex Iwobi,1,2024,228,500,D F M S,38,3023,9,5.021547559648752,9,5.021547559648752,6,8.458939167670906,68,58,1,0,21.47882725391537,10.64560728892684
ENG-Premier League,2425,Fulham,Andreas Pereira,1,2024,228,922,M S,33,2063,2,4.448508242145181,2,3.6873394194990396,4,5.718298438005149,39,57,7,0,12.638287663459778,7.434910722076893
ENG-Premier League,2425,Fulham,Antonee Robinson,1,2024,228,8940,D M S,36,3166,0,1.0538900159299374,0,1.0538900159299374,10,4.40445202216506,16,43,9,0,16.498610505834222,13.76876728888601
ENG-Premier League,2425,Fulham,Bernd Leno,1,2024,228,181,GK,38,3420,0,0.0,0,0.0,1,0.31894351541996,0,2,5,0,9.378365483134985,9.059421986341476
ENG-Premier League,2425,Fulham,Calvin Bassey,1,2024,228,11728,D S,35,3072,1,1.1175763411447406,1,1.1175763411447406,0,0.11307021137326956,14,3,7,0,10.457166313193738,10.319827779196203
ENG-Premier League,2425,Fulham,Carlos Vinicius,1,2024,228,7395,S,3,8,0,0.05484353378415108,0,0.05484353378415108,0,0.0,1,0,0,0,0.05484353378415108,0.0
ENG-Premier League,2425,Fulham,Emile Smith-Rowe,1,2024,228,7230,M S,34,2101,6,5.2616774663329124,6,5.2616774663329124,3,2.434781737625599,37,24,3,0,12.505846868269145,6.85691377799958
ENG-Premier League,2425,Fulham,Harrison Reed,1,2024,228,910,S,12,81,0,0.14395092613995075,0,0.14395092613995075,0,0.07896795868873596,3,1,2,0,0.3412153646349907,0.2145950347185135
ENG-Premier League,2425,Fulham,Harry Wilson,1,2024,228,5596,F M S,25,1150,6,3.605708472430706,6,3.605708472430706,1,1.4601951194927096,43,20,2,0,6.673274612054229,2.516816926188767
ENG-Premier League,2425,Fulham,Issa Diop,1,2024,228,3203,D S,21,1332,0,0.48513777554035187,0,0.48513777554035187,0,0.1430980395525694,5,3,2,0,3.876760764978826,3.789013215340674
ENG-Premier League,2425,Fulham,Jay Stansfield,1,2024,228,10718,S,1,1,0,0.0,0,0.0,0,0.0,0,0,0,0,0.0,0.0
ENG-Premier League,2425,Fulham,Jorge Cuenca,1,2024,228,8489,D S,8,352,0,0.01599409058690071,0,0.01599409058690071,0,0.0,1,0,0,0,1.164096750319004,1.164096750319004
ENG-Premier League,2425,Fulham,Joshua King,1,2024,228,12410,M S,8,115,0,0.5880258642137051,0,0.5880258642137051,0,0.7531819939613342,3,3,0,0,1.37447259016335,0.49542589858174324
ENG-Premier League,2425,Fulham,Kenny Tete,1,2024,228,5973,D S,22,1790,0,1.595350006595254,0,1.595350006595254,2,0.6750296298414469,25,9,5,0,7.372500399127603,6.540642708539963
ENG-Premier League,2425,Fulham,Martial Godo,1,2024,228,11164,S,2,16,0,0.0,0,0.0,0,0.08341337740421295,0,1,0,0,0.08341337740421295,0.0
ENG-Premier League,2425,Fulham,Raúl Jiménez,1,2024,228,4105,F S,38,2531,12,14.405358291231096,9,12.121851704083383,3,4.079181319102645,96,25,4,0,17.43132229242474,5.398588978685439
ENG-Premier League,2425,Fulham,Rodrigo Muniz,1,2024,228,10717,F S,31,922,8,6.838322004303336,8,6.838322004303336,1,0.7810081988573074,40,7,1,0,7.69332305714488,1.7913423832505941
ENG-Premier League,2425,Fulham,Ryan Sessegnon,1,2024,228,6837,D M S,16,576,4,2.481840554624796,4,2.481840554624796,2,1.3141173049807549,14,12,1,0,5.2143232971429825,1.8583442494273186
ENG-Premier League,2425,Fulham,Sander Berge,1,2024,228,8285,M S,31,2242,0,0.42603625915944576,0,0.42603625915944576,0,0.7261993493884802,3,18,6,0,7.763672082684934,6.734488721005619
ENG-Premier League,2425,Fulham,Sasa Lukic,1,2024,228,1537,M S,30,2380,0,1.5360550973564386,0,1.5360550973564386,2,3.099418031051755,18,27,12,0,11.622625487856567,7.836565780453384
ENG-Premier League,2425,Fulham,Timothy Castagne,1,2024,228,6157,D S,24,1627,0,0.3606655541807413,0,0.3606655541807413,1,0.8743397928774357,8,10,1,0,6.590010182932019,5.578935069963336
ENG-Premier League,2425,Fulham,Tom Cairney,1,2024,228,6835,M S,25,568,2,0.7964487187564373,2,0.7964487187564373,0,1.6266533425077796,11,10,3,1,6.079954030923545,5.425033033825457
ENG-Premier League,2425,Fulham,Willian,1,2024,228,700,F M S,10,240,0,0.2559743635356426,0,0.2559743635356426,0,0.29619523137807846,7,7,0,0,2.169583834707737,1.805920036509633
ENG-Premier League,2425,Ipswich,Alex Palmer,1,2024,285,1038,GK,13,1170,0,0.0,0,0.0,0,0.021070318296551704,0,1,2,0,2.139107011258602,2.139107011258602
ENG-Premier League,2425,Ipswich,Ali Al-Hamadi,1,2024,285,12751,S,11,98,0,0.5323996320366859,0,0.5323996320366859,0,0.07849547080695629,4,2,3,0,0.6907828329131007,0.24549709539860487
ENG-Premier League,2425,Ipswich,Arijanet Muric,1,2024,285,7027,GK,18,1620,0,0.0,0,0.0,0,0.0,0,0,1,0,2.3349773976951838,2.3349773976951838
ENG-Premier League,2425,Ipswich,Axel Tuanzebe,1,2024,285,934,D S,22,1731,0,0.35375541262328625,0,0.35375541262328625,1,0.6262782029807568,4,5,3,1,3.9006014950573444,3.3178643696010113
ENG-Premier League,2425,Ipswich,Ben Godfrey,1,2024,285,7689,D S,3,165,0,0.0,0,0.0,0,0.0,0,0,1,0,0.225624181330204,0.225624181330204
ENG-Premier League,2425,Ipswich,Ben Johnson,1,2024,285,6424,D M S,23,1327,1,1.4644898548722267,1,1.4644898548722267,2,2.1658401750028133,7,11,3,1,4.204577220603824,1.2919913660734892
ENG-Premier League,2425,Ipswich,Cameron Burgess,1,2024,285,12755,D S,18,1538,0,0.9312757514417171,0,0.9312757514417171,2,0.376679259352386,10,7,0,0,4.114149808883667,3.429916113615036
ENG-Premier League,2425,Ipswich,Chiedozie Ogbene,1,2024,285,11719,M S,5,237,0,0.0,0,0.0,0,0.07338971272110939,0,2,0,0,0.08639794308692217,0.013008230365812778
ENG-Premier League,2425,Ipswich,Christian Walton,1,2024,285,9251,GK,7,630,0,0.0,0,0.0,0,0.01685086265206337,0,1,0,0,0.18078524991869926,0.1639343872666359
ENG-Premier League,2425,Ipswich,Conor Chaplin,1,2024,285,12750,F M S,22,851,1,1.434986375272274,1,1.434986375272274,1,0.7888719039037824,16,8,2,0,3.172867614775896,1.4127340912818909
ENG-Premier League,2425,Ipswich,Conor Townsend,1,2024,285,8905,D S,6,326,0,0.043418992310762405,0,0.043418992310762405,1,0.8038922008126974,1,4,1,0,1.1632227841764688,0.4409727454185486
ENG-Premier League,2425,Ipswich,Dara O'Shea,1,2024,285,8756,D,35,3129,0,1.5649987170472741,0,1.5649987170472741,2,0.7030826602131128,22,3,6,0,8.610395619645715,7.782098321244121
ENG-Premier League,2425,Ipswich,George Edmundson,1,2024,285,12947,S,1,1,0,0.0,0,0.0,0,0.0,0,0,0,0,0.0,0.0
ENG-Premier League,2425,Ipswich,George Hirst,1,2024,285,8563,F S,26,609,3,2.7488116063177586,3,2.7488116063177586,1,0.403658552095294,14,4,3,0,4.23221287317574,1.2429697029292583
ENG-Premier League,2425,Ipswich,Harry Clarke,1,2024,285,13133,D S,7,378,0,0.056514352560043335,0,0.056514352560043335,0,0.06540583074092865,1,1,1,1,1.269033445045352,1.269033445045352
ENG-Premier League,2425,Ipswich,Jack Clarke,1,2024,285,13019,M S,32,1151,0,1.3016396705061197,0,1.3016396705061197,4,2.666540065780282,17,28,2,0,5.49640105292201,1.9239521846175194
ENG-Premier League,2425,Ipswich,Jack Taylor,1,2024,285,12754,M S,32,777,1,0.5857022814452648,1,0.5857022814452648,0,0.7670453414320946,19,5,4,0,2.7209306256845593,2.4428652273491025
ENG-Premier League,2425,Ipswich,Jacob Greaves,1,2024,285,12745,D,25,2208,1,1.4357987744733691,1,1.4357987744733691,0,0.22600556816905737,10,6,5,0,3.7184569966048002,3.5594952162355185
ENG-Premier League,2425,Ipswich,Jens Cajuste,1,2024,285,10301,M S,30,2019,1,0.6125177554786205,1,0.6125177554786205,1,0.6245124880224466,12,13,2,0,5.957525156438351,5.012046929448843
ENG-Premier League,2425,Ipswich,Kalvin Phillips,1,2024,285,8719,M S,19,1247,0,0.4593092957511544,0,0.4593092957511544,0,0.3231524731963873,11,5,4,1,2.4181056451052427,2.1468016486614943
ENG-Premier League,2425,Ipswich,Leif Davis,1,2024,285,8919,D S,33,2760,1,0.798027765005827,1,0.798027765005827,2,6.061805084347725,16,61,5,1,7.2669062577188015,4.0115239061415195
ENG-Premier League,2425,Ipswich,Liam Delap,1,2024,285,8868,F S,37,2671,12,11.930982023477554,10,10.40864434838295,2,2.784454360604286,68,20,11,0,14.707014501094818,3.1533351335674524
ENG-Premier League,2425,Ipswich,Luke Woolfenden,1,2024,285,12746,D S,15,1170,0,0.0580514557659626,0,0.0580514557659626,0,0.0,1,0,2,0,1.306849337182939,1.306849337182939
ENG-Premier League,2425,Ipswich,Marcus Harness,1,2024,285,12753,S,2,37,0,0.0,0,0.0,0,0.0,0,0,0,0,0.0,0.0
ENG-Premier League,2425,Ipswich,Massimo Luongo,1,2024,285,12747,M S,11,185,0,0.0,0,0.0,0,0.0,0,0,0,0,0.0,0.0
ENG-Premier League,2425,Ipswich,Nathan Broadhead,1,2024,285,9406,M S,18,677,2,1.8282658252865076,2,1.8282658252865076,0,0.8385746516287327,13,7,1,0,4.232192199677229,2.159004925750196
ENG-Premier League,2425,Ipswich,Omari Hutchinson,1,2024,285,10348,M S,31,2620,3,3.5237994957715273,3,3.5237994957715273,2,3.373567247763276,45,31,5,0,10.518985860049725,4.673843790777028
ENG-Premier League,2425,Ipswich,Sam Morsy,1,2024,285,12748,M S,33,2767,1,0.29577674996107817,1,0.29577674996107817,1,1.4169819168746471,13,24,9,0,9.255466464906931,8.384842346422374
ENG-Premier League,2425,Ipswich,Sammie Szmodics,1,2024,285,12752,M S,20,1025,4,4.5141482055187225,4,4.5141482055187225,0,0.19445249065756798,21,5,2,0,5.369531828910112,0.7284961454570293
ENG-Premier League,2425,Ipswich,Wes Burns,1,2024,285,12749,M S,18,962,0,0.41338271275162697,0,0.41338271275162697,1,2.2046328485012054,7,10,1,0,3.0202110949903727,0.9018877614289522
ENG-Premier League,2425,Leicester,Abdul Fatawu,1,2024,75,12911,D F M S,11,571,0,0.46604868955910206,0,0.46604868955910206,2,1.4724965319037437,13,6,0,0,2.3615895370021462,1.3566849753260612
ENG-Premier League,2425,Leicester,Bilal El Khannouss,1,2024,75,13020,M S,32,2242,2,1.4420042671263218,2,1.4420042671263218,3,4.914181550964713,30,42,4,0,7.097214490175247,3.5222754068672657
ENG-Premier League,2425,Leicester,Bobby Reid,1,2024,75,6827,F M S,23,729,1,0.667118170298636,1,0.667118170298636,2,1.0936873592436314,7,6,2,0,1.5033471286296844,0.7257871571928263
ENG-Premier League,2425,Leicester,Boubakary Soumare,1,2024,75,6310,M S,31,2182,0,0.25613266602158546,0,0.25613266602158546,0,0.3478336622938514,7,10,8,0,7.107237534597516,6.826774168759584
ENG-Premier League,2425,Leicester,Caleb Okoli,1,2024,75,7333,D S,19,1113,1,0.8699327614158392,1,0.8699327614158392,0,0.0,4,0,4,0,2.478840259835124,2.4601404275745153
ENG-Premier League,2425,Leicester,Conor Coady,1,2024,75,6851,D S,22,1710,1,0.6421074867248535,1,0.6421074867248535,0,0.07015308737754822,2,1,3,0,5.112960673868656,4.499962247908115
ENG-Premier League,2425,Leicester,Danny Ward,1,2024,75,473,GK S,2,132,0,0.0,0,0.0,0,0.0,0,0,0,0,0.07015308737754822,0.07015308737754822
ENG-Premier League,2425,Leicester,Facundo Buonanotte,1,2024,75,11362,F M S,31,1498,5,4.3609558045864105,5,4.3609558045864105,2,3.352718798443675,36,25,8,0,7.7602359261363745,3.0961448941379786
ENG-Premier League,2425,Leicester,Hamza Choudhury,1,2024,75,6418,M S,4,125,0,0.0,0,0.0,0,0.3993283584713936,0,2,0,0,0.658692367374897,0.31169407814741135
ENG-Premier League,2425,Leicester,Harry Winks,1,2024,75,971,M S,22,1532,0,0.18760879337787628,0,0.18760879337787628,2,1.32591406814754,10,17,4,0,5.152881131507456,4.76618863362819
ENG-Premier League,2425,Leicester,Jake Evans,1,2024,75,13585,S,4,12,0,0.0,0,0.0,0,0.0,0,0,0,0,0.0,0.0
ENG-Premier League,2425,Leicester,Jakub Stolarczyk,1,2024,75,13301,GK,10,900,0,0.0,0,0.0,0,0.0,0,0,1,0,1.888207919895649,1.888207919895649
ENG-Premier League,2425,Leicester,James Justin,1,2024,75,7753,D S,36,2937,2,2.046646734699607,2,2.046646734699607,2,0.9606930930167437,25,15,6,0,6.922428992576897,5.915292138233781
ENG-Premier League,2425,Leicester,Jamie Vardy,1,2024,75,755,F,35,2890,9,12.219386659562588,8,10.697048958390951,4,3.737534761428833,58,19,5,0,14.040310747921467,0.9949070662260056
ENG-Premier League,2425,Leicester,Jannik Vestergaard,1,2024,75,111,D S,18,1411,0,0.11154495272785425,0,0.11154495272785425,0,0.07185124978423119,3,3,5,0,3.8136451300233603,3.7925947066396475
ENG-Premier League,2425,Leicester,Jeremy Monga,1,2024,75,13579,S,7,77,0,0.2071486935019493,0,0.2071486935019493,0,0.018543284386396408,3,1,0,0,0.31338607892394066,0.08769410848617554
ENG-Premier League,2425,Leicester,Kasey McAteer,1,2024,75,10166,M S,18,854,1,1.4462989773601294,1,1.4462989773601294,1,0.905257573351264,13,9,3,0,3.96396641433239,1.788604959845543
ENG-Premier League,2425,Leicester,Luke Thomas,1,2024,75,8562,D S,14,1123,0,0.34869277104735374,0,0.34869277104735374,0,0.41817436274141073,5,8,3,0,1.7490677423775196,1.388859000056982
ENG-Premier League,2425,Leicester,Mads Hermansen,1,2024,75,12910,GK,27,2388,0,0.0,0,0.0,0,0.0,0,0,1,0,2.3339753225445747,2.3339753225445747
ENG-Premier League,2425,Leicester,Michael Golding,1,2024,75,13606,S,1,1,0,0.0,0,0.0,0,0.0,0,0,0,0,0.0,0.0
ENG-Premier League,2425,Leicester,Olabade Aluko,1,2024,75,13586,S,1,1,0,0.0,0,0.0,0,0.0,0,0,0,0,0.0,0.0
ENG-Premier League,2425,Leicester,Oliver Skipp,1,2024,75,7198,M S,24,1095,0,0.2431342415511608,0,0.2431342415511608,0,0.3397108828648925,5,9,8,0,2.2539359983056784,1.7920793881639838
ENG-Premier League,2425,Leicester,Patson Daka,1,2024,75,9738,F M S,23,686,1,1.767653119750321,1,1.767653119750321,0,0.02592407539486885,15,1,0,0,1.9579588426277041,0.16438164934515953
ENG-Premier League,2425,Leicester,Ricardo Pereira,1,2024,75,3303,D S,10,378,0,0.11117679998278618,0,0.11117679998278618,0,0.0,2,0,1,0,1.118471845984459,1.0300674214959145
ENG-Premier League,2425,Leicester,Stephy Mavididi,1,2024,75,7484,M S,30,1586,4,3.392247362062335,4,3.392247362062335,1,2.583603762090206,26,22,2,0,9.100224314257503,5.081808265298605
ENG-Premier League,2425,Leicester,Victor Kristiansen,1,2024,75,11367,D M S,30,2510,0,0.15955020301043987,0,0.15955020301043987,1,1.6646690927445889,3,18,1,0,6.266841299831867,5.768991779536009
ENG-Premier League,2425,Leicester,Wilfred Ndidi,1,2024,75,5545,M,28,2368,0,1.973463961854577,0,1.973463961854577,5,2.7866385113447905,22,17,8,0,8.735264824703336,5.421601940877736
ENG-Premier League,2425,Leicester,Will Alves,1,2024,75,13302,S,1,1,0,0.0,0,0.0,0,0.0,0,0,0,0,0.0,0.0
ENG-Premier League,2425,Leicester,Wout Faes,1,2024,75,8646,D S,34,2799,1,1.563155423849821,1,1.563155423849821,0,0.17054090928286314,12,4,4,0,5.0110078155994415,4.808216721750796
ENG-Premier League,2425,Leicester,Woyo Coulibaly,1,2024,75,12782,D S,4,107,0,0.07459224760532379,0,0.07459224760532379,0,0.0,2,0,1,0,0.0910294447094202,0.016437197104096413
ENG-Premier League,2425,Liverpool,Alexis Mac Allister,1,2024,87,8379,M S,35,2621,5,3.568436846137047,5,3.568436846137047,5,4.891626043245196,38,45,6,0,23.363473244011402,19.07193909212947
ENG-Premier League,2425,Liverpool,Alisson,1,2024,87,1257,GK,28,2511,0,0.0,0,0.0,0,0.4981032609939575,0,1,0,0,9.509701142087579,9.011597881093621
ENG-Premier League,2425,Liverpool,Andrew Robertson,1,2024,87,1688,D S,33,2511,0,1.5656620487570763,0,1.5656620487570763,1,4.881590306758881,15,40,3,1,19.93133733794093,15.677865535020828
ENG-Premier League,2425,Liverpool,Caoimhin Kelleher,1,2024,87,7904,GK,10,900,0,0.0,0,0.0,0,0.0,0,0,0,0,1.939537651836872,1.939537651836872
ENG-Premier League,2425,Liverpool,Cody Gakpo,1,2024,87,11296,F M S,35,1970,10,8.601265830919147,10,8.601265830919147,4,6.257204940542579,57,38,5,0,22.09034220688045,8.677158913575113
ENG-Premier League,2425,Liverpool,Conor Bradley,1,2024,87,10120,D S,19,736,0,1.1355030871927738,0,1.1355030871927738,2,1.9162586014717817,10,7,4,0,7.865552997216582,5.193093849346042
ENG-Premier League,2425,Liverpool,Curtis Jones,1,2024,87,6665,D F M S,33,1719,3,4.570292007178068,3,4.570292007178068,3,1.7505743531510234,34,22,1,1,12.458385687321424,7.695024929009378
ENG-Premier League,2425,Liverpool,Darwin Núñez,1,2024,87,10720,F S,30,1072,5,6.912255180999637,5,6.912255180999637,2,1.7422378864139318,34,11,8,0,11.696636958047748,3.613157507032156
ENG-Premier League,2425,Liverpool,Diogo Jota,1,2024,87,6854,F S,26,1188,6,10.20619698613882,6,10.20619698613882,3,1.852303085848689,51,11,2,0,13.053022043779492,3.036761373281479
ENG-Premier League,2425,Liverpool,Dominik Szoboszlai,1,2024,87,9788,F M S,36,2519,6,7.00856670551002,6,7.00856670551002,6,7.858418172225356,68,57,6,0,27.468164574354887,15.59493687003851
ENG-Premier League,2425,Liverpool,Federico Chiesa,1,2024,87,1433,F S,6,95,0,0.6147317513823509,0,0.6147317513823509,0,0.20754490792751312,5,2,0,0,1.6294743716716766,0.8755535371601582
ENG-Premier League,2425,Liverpool,Harvey Elliott,1,2024,87,7546,M S,18,320,1,1.6678786408156157,1,1.6678786408156157,2,1.2793736029416323,17,10,1,0,4.1819951720535755,2.2030859515070915
ENG-Premier League,2425,Liverpool,Ibrahima Konaté,1,2024,87,6326,D S,31,2578,1,1.8570036180317402,1,1.8570036180317402,2,1.0275321248918772,19,10,5,0,17.322711497545242,16.64254543930292
ENG-Premier League,2425,Liverpool,Jarell Quansah,1,2024,87,10187,D S,13,478,0,0.09152641892433167,0,0.09152641892433167,0,0.10514529794454575,1,2,2,0,2.4939724653959274,2.420603469014168
ENG-Premier League,2425,Liverpool,Jayden Danns,1,2024,87,12455,S,1,3,0,0.0,0,0.0,0,0.0,0,0,0,0,0.0,0.0
ENG-Premier League,2425,Liverpool,Joseph Gomez,1,2024,87,987,D S,9,510,0,0.37429935298860073,0,0.37429935298860073,0,0.08069203794002533,3,2,1,0,4.230954002588987,4.1999836675822735
ENG-Premier League,2425,Liverpool,Konstantinos Tsimikas,1,2024,87,8852,D S,18,819,0,0.5641818605363369,0,0.5641818605363369,1,2.597917679697275,4,16,2,0,7.063847681507468,5.982297686859965
ENG-Premier League,2425,Liverpool,Luis Díaz,1,2024,87,10408,F M S,36,2433,13,12.3563298471272,13,12.3563298471272,5,6.245185255073011,71,56,2,0,27.060918375849724,10.240967989899218
ENG-Premier League,2425,Liverpool,Mohamed Salah,1,2024,87,1250,F M,38,3392,29,27.70626749098301,20,20.855747912079096,18,15.858334187418222,130,89,1,0,48.53588879853487,16.20675839856267
ENG-Premier League,2425,Liverpool,Ryan Gravenberch,1,2024,87,10697,M,37,3199,0,1.3318934980779886,0,1.3318934980779886,4,2.415423891507089,20,26,6,1,21.408910930156708,19.362357161939144
ENG-Premier League,2425,Liverpool,Trent Alexander-Arnold,1,2024,87,1791,D S,33,2405,3,1.8941362705081701,3,1.8941362705081701,6,8.056737272068858,45,52,5,0,20.09090856090188,13.782187223434448
ENG-Premier League,2425,Liverpool,Virgil van Dijk,1,2024,87,833,D,37,3330,3,2.821447281166911,3,2.821447281166911,1,1.2135552121326327,26,12,5,0,22.29557890444994,21.51737556606531
ENG-Premier League,2425,Liverpool,Vítezslav Jaros,1,2024,87,13103,S,1,9,0,0.0,0,0.0,0,0.0,0,0,0,0,0.0,0.0
ENG-Premier League,2425,Liverpool,Wataru Endo,1,2024,87,8808,M S,20,226,0,0.0,0,0.0,0,0.06703786551952362,0,2,0,0,1.2031035460531712,1.1583239622414112
ENG-Premier League,2425,Manchester City,Abduqodir Khusanov,1,2024,88,11763,D,6,506,0,0.015545766800642014,0,0.015545766800642014,0,0.10573065932840109,1,2,1,0,2.7786731719970703,2.763522148132324
ENG-Premier League,2425,Manchester City,Bernardo Silva,1,2024,88,3635,M S,33,2660,4,4.793662561103702,4,4.793662561103702,4,4.999884040094912,32,53,7,0,19.424771897494793,13.023904200643301
ENG-Premier League,2425,Manchester City,Claudio Echeverri,1,2024,88,13649,S,1,4,0,0.0,0,0.0,0,0.0,0,0,0,0,0.0,0.0
ENG-Premier League,2425,Manchester City,Divin Mubama,1,2024,88,11242,S,1,26,0,0.06255101412534714,0,0.06255101412534714,0,0.0,1,0,0,0,0.0,0.0
ENG-Premier League,2425,Manchester City,Ederson,1,2024,88,6054,GK,26,2324,0,0.0,0,0.0,4,1.1925887912511826,0,4,4,0,5.953033002093434,4.961667595431209
ENG-Premier League,2425,Manchester City,Erling Haaland,1,2024,88,8260,F,31,2749,22,23.95459282770753,19,20.909917432814837,3,3.5812273556366563,109,29,2,0,22.845245644450188,3.5353690683841705
ENG-Premier League,2425,Manchester City,Ilkay Gündogan,1,2024,88,314,M S,33,2231,1,3.426698351278901,1,3.426698351278901,6,3.6678730603307486,27,42,1,0,19.306594289839268,14.603720467537642
ENG-Premier League,2425,Manchester City,Jack Grealish,1,2024,88,675,M S,20,689,1,1.2711530942469835,1,1.2711530942469835,1,1.9155478971078992,15,24,3,0,6.737229811958969,4.150039034895599
ENG-Premier League,2425,Manchester City,Jahmai Simpson-Pusey,1,2024,88,13185,D S,2,94,0,0.0,0,0.0,0,0.0,0,0,1,0,1.0117364432662725,1.0117364432662725
ENG-Premier League,2425,Manchester City,James McAtee,1,2024,88,10126,M S,15,341,3,2.566829100251198,3,2.566829100251198,0,0.8544101417064667,12,3,1,0,3.394278069958091,0.7336818743497133
ENG-Premier League,2425,Manchester City,John Stones,1,2024,88,586,D S,11,539,2,0.6664973199367523,2,0.6664973199367523,0,0.0837758481502533,2,2,1,0,2.6725111044943333,2.6725111044943333
ENG-Premier League,2425,Manchester City,Josko Gvardiol,1,2024,88,9790,D S,37,3277,5,4.607429768890142,5,4.607429768890142,0,2.0648905243724585,40,26,2,0,22.938383139669895,18.74818231165409
ENG-Premier League,2425,Manchester City,Jéremy Doku,1,2024,88,8981,F M S,29,1518,3,1.8944458104670048,3,1.8944458104670048,6,4.646427006460726,29,32,1,0,10.565225437283516,5.7006776463240385
ENG-Premier League,2425,Manchester City,Kevin De Bruyne,1,2024,88,447,F M S,28,1706,4,5.544451447203755,4,5.544451447203755,7,8.934372447431087,57,57,2,0,18.807611417025328,8.703332384116948
ENG-Premier League,2425,Manchester City,Kyle Walker,1,2024,88,638,D S,15,968,0,0.1098661832511425,0,0.1098661832511425,0,0.7247695401310921,5,7,3,0,6.8929938822984695,6.746879652142525
ENG-Premier League,2425,Manchester City,Manuel Akanji,1,2024,88,6490,D S,26,2017,0,1.0098738074302673,0,1.0098738074302673,0,0.42468701861798763,15,9,3,0,13.879725754261017,13.611297756433487
ENG-Premier League,2425,Manchester City,Mateo Kovacic,1,2024,88,2254,M S,31,2220,6,1.8060728069394827,6,1.8060728069394827,2,3.685476559214294,45,33,5,1,16.83304774388671,13.353065870702267
ENG-Premier League,2425,Manchester City,Matheus Nunes,1,2024,88,11000,D M S,26,1673,1,1.189816527068615,1,1.189816527068615,6,3.9489037338644266,9,23,4,0,10.188475765287876,7.719313248991966
ENG-Premier League,2425,Manchester City,Nathan Aké,1,2024,88,579,D S,10,684,0,0.24186671525239944,0,0.24186671525239944,0,0.016024935990571976,3,1,0,0,3.5274377912282944,3.38953398168087
ENG-Premier League,2425,Manchester City,Nico González,1,2024,88,9802,M S,11,767,1,0.8193094208836555,1,0.8193094208836555,0,0.08155591785907745,9,1,3,0,6.620623365044594,6.3495680540800095
ENG-Premier League,2425,Manchester City,Nico O'Reilly,1,2024,88,11592,D S,9,526,2,1.0966674238443375,2,1.0966674238443375,0,0.26054514944553375,8,4,0,0,2.7525365091860294,1.6519679110497236
ENG-Premier League,2425,Manchester City,Omar Marmoush,1,2024,88,8393,F M S,16,1195,7,5.649778325110674,7,5.649778325110674,0,2.676836894825101,49,15,0,0,9.663014598190784,2.601844636723399
ENG-Premier League,2425,Manchester City,Oscar Bobb,1,2024,88,11903,S,3,9,0,0.0,0,0.0,0,0.09015875309705734,0,1,0,0,0.09015875309705734,0.0
ENG-Premier League,2425,Manchester City,Phil Foden,1,2024,88,6055,F M S,28,1770,7,6.184084575623274,7,6.184084575623274,2,5.382284659892321,54,44,2,0,13.734636969864368,5.446543112397194
ENG-Premier League,2425,Manchester City,Rico Lewis,1,2024,88,10847,D M S,28,1903,1,1.6414977870881557,1,1.6414977870881557,2,0.34641725569963455,10,7,3,1,14.292443186044693,12.876099944114685
ENG-Premier League,2425,Manchester City,Rodri,1,2024,88,2496,M S,3,64,0,0.0,0,0.0,0,0.052060868591070175,0,1,0,0,1.4455500841140747,1.4455500841140747
ENG-Premier League,2425,Manchester City,Rúben Dias,1,2024,88,8961,D S,27,2262,0,1.335742843337357,0,1.335742843337357,0,0.21338675543665886,21,5,4,0,14.734221961349249,14.567276891320944
ENG-Premier League,2425,Manchester City,Stefan Ortega Moreno,1,2024,88,8786,GK S,13,1096,0,0.0,0,0.0,0,0.0,0,0,1,0,2.8627792466431856,2.8627792466431856
ENG-Premier League,2425,Manchester City,Sávio,1,2024,88,11735,F M S,29,1801,1,5.246914088726044,1,5.246914088726044,8,6.9446608647704124,55,45,3,0,16.14704818278551,5.930092327296734
ENG-Premier League,2425,Manchester City,Vitor Reis,1,2024,88,13380,S,1,1,0,0.0,0,0.0,0,0.0,0,0,0,0,0.0,0.0
ENG-Premier League,2425,Manchester United,Alejandro Garnacho,1,2024,89,10552,F M S,36,2176,6,9.43980634957552,6,9.43980634957552,2,3.4675094597041607,84,38,3,0,16.76700660586357,5.79347936809063
ENG-Premier League,2425,Manchester United,Altay Bayindir,1,2024,89,12054,GK,4,360,0,0.0,0,0.0,0,0.0,0,0,0,0,0.1752907931804657,0.1752907931804657
ENG-Premier League,2425,Manchester United,Amad Diallo Traore,1,2024,89,8127,D F M S,26,1887,8,4.74583822209388,8,4.74583822209388,6,4.755917379632592,47,49,5,0,12.264865227043629,5.410414909943938
ENG-Premier League,2425,Manchester United,André Onana,1,2024,89,10913,GK,34,3060,0,0.0,0,0.0,0,0.31468600034713745,0,1,0,0,5.308094757609069,4.993408787064254
ENG-Premier League,2425,Manchester United,Antony,1,2024,89,11094,S,8,119,0,0.6254736389964819,0,0.6254736389964819,0,0.22945007402449846,6,3,0,0,1.066591788083315,0.3265676498413086
ENG-Premier League,2425,Manchester United,Ayden Heaven,1,2024,89,13080,D S,4,167,0,0.060109693557024,0,0.060109693557024,0,0.012095056474208832,2,1,1,0,0.3067154213786125,0.2946203574538231
ENG-Premier League,2425,Manchester United,Bruno Fernandes,1,2024,89,1228,F M S,36,3034,8,9.887796703726053,5,7.604290317744017,10,10.227527445182204,96,92,3,2,24.228133594617248,13.644698239862919
ENG-Premier League,2425,Manchester United,Casemiro,1,2024,89,2248,M S,24,1519,1,1.939050110988319,1,1.939050110988319,0,2.170760851353407,32,22,5,0,7.131643548607826,5.040456134825945
ENG-Premier League,2425,Manchester United,Chido Obi-Martin,1,2024,89,13466,F S,7,145,0,0.5575938895344734,0,0.5575938895344734,0,0.0,5,0,1,0,0.8561866730451584,0.34466181695461273
ENG-Premier League,2425,Manchester United,Christian Eriksen,1,2024,89,646,M S,23,1043,1,1.3317703362554312,0,0.5706015210598707,2,3.2394327828660607,15,29,4,0,7.565414318814874,6.649325430393219
ENG-Premier League,2425,Manchester United,Diogo Dalot,1,2024,89,7281,D S,33,2821,0,1.6990829594433308,0,1.6990829594433308,3,2.5788643723353744,24,26,5,0,10.50801149662584,8.384668283164501
ENG-Premier League,2425,Manchester United,Harry Amass,1,2024,89,12559,D S,5,347,0,0.08970431052148342,0,0.08970431052148342,0,0.04916497692465782,3,1,0,0,1.3546761870384216,1.2308019548654556
ENG-Premier League,2425,Manchester United,Harry Maguire,1,2024,89,1687,D S,27,1752,1,2.3422655537724495,1,2.3422655537724495,0,0.9308241046965122,16,8,7,0,5.207567437551916,3.6736370800063014
ENG-Premier League,2425,Manchester United,Jonny Evans,1,2024,89,807,D S,7,306,0,0.08427041582763195,0,0.08427041582763195,0,0.0,2,0,1,0,1.1920689959079027,1.1920689959079027
ENG-Premier League,2425,Manchester United,Joshua Zirkzee,1,2024,89,8044,F M S,32,1378,3,5.218384485691786,3,5.218384485691786,1,2.009757675230503,28,12,2,0,9.033301264047623,2.963567115366459
ENG-Premier League,2425,Manchester United,Kobbie Mainoo,1,2024,89,11174,F M S,25,1660,0,0.7448182795196772,0,0.7448182795196772,0,2.04548772983253,15,14,5,0,6.994521474465728,4.4265395030379295
ENG-Premier League,2425,Manchester United,Leny Yoro,1,2024,89,10564,D S,21,1152,0,1.1257849335670471,0,1.1257849335670471,0,0.05382058396935463,5,2,5,0,4.256799969822168,3.4262867253273726
ENG-Premier League,2425,Manchester United,Lisandro Martínez,1,2024,89,10802,D,20,1762,2,1.6867136806249619,2,1.6867136806249619,1,1.357606129720807,17,9,7,0,9.639154896140099,8.233198188245296
ENG-Premier League,2425,Manchester United,Luke Shaw,1,2024,89,1006,D S,7,352,0,0.03137751296162605,0,0.03137751296162605,0,0.5605076849460602,1,5,1,0,1.353358380496502,0.7928507253527641
ENG-Premier League,2425,Manchester United,Manuel Ugarte,1,2024,89,11766,M S,29,1802,1,1.087446665391326,1,1.087446665391326,2,1.6160887470468879,19,10,11,0,7.235839036293328,6.052829889580607
ENG-Premier League,2425,Manchester United,Mason Mount,1,2024,89,7768,F M S,17,626,1,2.9394782911986113,1,2.9394782911986113,0,0.33556320145726204,20,8,3,0,4.9926538458094,1.9043842209503055
ENG-Premier League,2425,Manchester United,Matthijs de Ligt,1,2024,89,7902,D S,29,2141,2,2.871978895738721,2,2.871978895738721,0,0.281110018491745,18,6,3,0,5.249729173257947,4.9913213811814785
ENG-Premier League,2425,Manchester United,Noussair Mazraoui,1,2024,89,10696,D S,37,2881,0,0.814534755423665,0,0.814534755423665,1,1.5644007651135325,13,20,3,0,10.547775242477655,9.085838556289673
ENG-Premier League,2425,Manchester United,Patrick Dorgu,1,2024,89,11944,D S,12,843,0,0.39472571574151516,0,0.39472571574151516,0,0.9689584393054247,10,11,3,1,2.9226090274751186,1.9455055128782988
ENG-Premier League,2425,Manchester United,Rasmus Højlund,1,2024,89,11055,F S,32,2032,4,5.865164168179035,4,5.865164168179035,0,2.1415039356797934,32,16,2,0,8.606904566287994,2.4272238351404667
ENG-Premier League,2425,Manchester United,Scott McTominay,1,2024,89,5560,S,2,15,0,0.12602733075618744,0,0.12602733075618744,0,0.0,1,0,0,0,0.12602733075618744,0.0
ENG-Premier League,2425,Manchester United,Toby Collyer,1,2024,89,12461,S,6,159,0,0.050947535783052444,0,0.050947535783052444,0,0.16184047795832157,1,2,0,0,0.8362514898180962,0.6744109764695168
ENG-Premier League,2425,Manchester United,Tyler Fredricson,1,2024,89,13467,D,2,170,0,0.0,0,0.0,0,0.0,0,0,0,0,0.29411039501428604,0.29411039501428604
ENG-Premier League,2425,Manchester United,Tyrell Malacia,1,2024,89,10803,D S,3,102,0,0.0,0,0.0,0,0.062010977417230606,0,1,1,0,0.062010977417230606,0.0
ENG-Premier League,2425,Manchester United,Victor Lindelöf,1,2024,89,6080,D S,16,679,0,0.0,0,0.0,0,0.12252716906368732,0,3,1,0,1.1769144833087921,1.0819011144340038
ENG-Premier League,2425,Newcastle United,Alexander Isak,1,2024,86,5232,F,34,2822,23,22.356988068670034,19,19.312312599271536,6,5.44870379474014,99,42,1,0,26.209551103413105,3.579237926751375
ENG-Premier League,2425,Newcastle United,Anthony Gordon,1,2024,86,8150,F M S,34,2474,6,9.196510776877403,5,7.674173064529896,5,4.824591662734747,59,51,2,0,15.255516607314348,6.296648159623146
ENG-Premier League,2425,Newcastle United,Bruno Guimarães,1,2024,86,8327,M,38,3321,5,4.702356463298202,5,4.702356463298202,6,6.579319527372718,45,52,7,0,20.815922878682613,14.020939897745848
ENG-Premier League,2425,Newcastle United,Callum Wilson,1,2024,86,468,F S,18,313,0,0.7507430538535118,0,0.7507430538535118,0,0.1887170672416687,6,3,1,0,1.4098929166793823,0.470432810485363
ENG-Premier League,2425,Newcastle United,Dan Burn,1,2024,86,7382,D,37,3330,1,2.5743769044056535,1,2.5743769044056535,1,1.1636743620038033,21,9,11,0,10.685649447143078,10.075688883662224
ENG-Premier League,2425,Newcastle United,Emil Krafth,1,2024,86,1545,D S,12,314,0,0.027688954025506973,0,0.027688954025506973,0,0.05894070118665695,1,1,2,0,1.4653809145092964,1.4653809145092964
ENG-Premier League,2425,Newcastle United,Fabian Schär,1,2024,86,76,D S,34,2938,4,4.203412067145109,4,4.203412067145109,0,0.3913493175059557,40,5,9,1,9.683145336806774,8.512181639671326
ENG-Premier League,2425,Newcastle United,Harvey Barnes,1,2024,86,6681,F M S,33,1740,9,7.695071091875434,9,7.695071091875434,4,4.351620296947658,63,24,0,0,13.820457808673382,3.1923213340342045
ENG-Premier League,2425,Newcastle United,Jacob Murphy,1,2024,86,6063,D F M S,35,2443,8,6.590988090261817,8,6.590988090261817,11,9.341311557218432,43,41,4,0,18.842034708708525,4.910585891455412
ENG-Premier League,2425,Newcastle United,Joe Willock,1,2024,86,6630,M S,32,1043,0,2.0176452044397593,0,2.0176452044397593,2,3.1126333381980658,18,22,4,0,8.017597679048777,3.4172954158857465
ENG-Premier League,2425,Newcastle United,Joelinton,1,2024,86,87,F M,29,2435,4,4.270817156881094,4,4.270817156881094,3,2.4919691011309624,45,23,10,0,16.40742952376604,11.303140779957175
ENG-Premier League,2425,Newcastle United,Kieran Trippier,1,2024,86,652,D S,25,1311,0,0.15787873044610023,0,0.15787873044610023,3,1.8058830378577113,4,21,1,0,6.462460404261947,6.190624123439193
ENG-Premier League,2425,Newcastle United,Lewis Hall,1,2024,86,10216,D S,27,2200,0,0.5363848507404327,0,0.5363848507404327,4,3.951083693653345,11,33,3,0,12.689174748957157,10.644899234175682
ENG-Premier League,2425,Newcastle United,Lewis Miley,1,2024,86,11386,M S,14,274,1,0.2039504423737526,1,0.2039504423737526,0,0.08938674628734589,3,1,0,0,1.0136461164802313,0.8299028035253286
ENG-Premier League,2425,Newcastle United,Lloyd Kelly,1,2024,86,8090,D S,10,303,0,0.2711419649422169,0,0.2711419649422169,1,0.3751976788043976,3,2,2,0,0.8785770535469055,0.5033793747425079
ENG-Premier League,2425,Newcastle United,Martin Dubravka,1,2024,86,6532,GK,10,900,0,0.0,0,0.0,0,0.0,0,0,0,0,1.4120896756649017,1.4120896756649017
ENG-Premier League,2425,Newcastle United,Matt Targett,1,2024,86,884,S,2,12,0,0.0,0,0.0,0,0.0,0,0,0,0,0.14237786829471588,0.14237786829471588
ENG-Premier League,2425,Newcastle United,Miguel Almirón,1,2024,86,7420,F S,9,138,0,0.4826713129878044,0,0.4826713129878044,0,0.16637674160301685,6,3,0,0,0.6716924104839563,0.16323585249483585
ENG-Premier League,2425,Newcastle United,Nick Pope,1,2024,86,5552,GK,28,2520,0,0.0,0,0.0,0,0.07708201557397842,0,1,2,0,4.53913442697376,4.462052411399782
ENG-Premier League,2425,Newcastle United,Sandro Tonali,1,2024,86,7958,M S,36,2619,4,4.238380494527519,4,4.238380494527519,2,2.1789364712312818,35,28,5,0,15.480939321219921,11.201060734689236
ENG-Premier League,2425,Newcastle United,Sean Longstaff,1,2024,86,7078,M S,25,758,0,0.4065457545220852,0,0.4065457545220852,0,0.20866851694881916,6,4,2,0,2.1645284295082092,1.791835017502308
ENG-Premier League,2425,Newcastle United,Sven Botman,1,2024,86,8635,D S,8,424,0,0.7963292263448238,0,0.7963292263448238,0,0.6542200557887554,5,2,1,0,1.063561487942934,1.063561487942934
ENG-Premier League,2425,Newcastle United,Valentino Livramento,1,2024,86,9512,D S,37,2848,0,0.3249886427074671,0,0.3249886427074671,1,3.147453512996435,6,25,1,0,13.396901009604335,10.808134069666266
ENG-Premier League,2425,Newcastle United,William Osula,1,2024,86,9556,S,14,107,1,0.28269219398498535,1,0.28269219398498535,0,0.13386283814907074,4,2,0,0,0.3538459315896034,0.07435569167137146
ENG-Premier League,2425,Nottingham Forest,Anthony Elanga,1,2024,249,9524,F M S,38,2549,6,5.92288132570684,6,5.92288132570684,11,6.605899995192885,44,50,1,0,12.84948781132698,4.026209270581603
ENG-Premier League,2425,Nottingham Forest,Callum Hudson-Odoi,1,2024,249,6456,F M S,31,2221,5,2.5114910937845707,5,2.5114910937845707,2,2.9465562608093023,37,44,2,0,11.848760638386011,8.000117145478725
ENG-Premier League,2425,Nottingham Forest,Chris Wood,1,2024,249,4456,F S,36,3024,20,15.638655036687851,17,13.355148404836655,3,3.044111367315054,68,22,1,0,14.72016467526555,1.6692094188183546
ENG-Premier League,2425,Nottingham Forest,Danilo,1,2024,249,11317,M S,8,275,0,0.0,0,0.0,0,0.0,0,0,0,0,2.1522383373230696,2.1522383373230696
ENG-Premier League,2425,Nottingham Forest,Elliot Anderson,1,2024,249,9154,M S,37,2773,2,2.230010911822319,2,2.230010911822319,6,4.1257980996742845,40,37,10,0,9.88364265859127,6.357638165354729
ENG-Premier League,2425,Nottingham Forest,Eric da Silva Moreira,1,2024,249,12765,S,2,27,0,0.0,0,0.0,0,0.0,0,0,0,0,0.0,0.0
ENG-Premier League,2425,Nottingham Forest,Harry Toffolo,1,2024,249,10758,D S,4,122,0,0.022599829360842705,0,0.022599829360842705,0,0.0,1,0,1,0,0.042361821979284286,0.01976199261844158
ENG-Premier League,2425,Nottingham Forest,Ibrahim Sangare,1,2024,249,5722,M S,13,584,0,0.016365941613912582,0,0.016365941613912582,1,0.7156692324206233,1,5,3,0,3.003039238974452,2.3539955895394087
ENG-Premier League,2425,Nottingham Forest,James Ward-Prowse,1,2024,249,843,M S,24,1449,1,1.2941841231659055,1,1.2941841231659055,2,3.261906538158655,14,24,2,1,5.538908100686967,2.9147418392822146
ENG-Premier League,2425,Nottingham Forest,Jota Silva,1,2024,249,12766,M S,31,799,3,2.7386593613773584,3,2.7386593613773584,1,3.355119312182069,23,14,5,0,4.373035242781043,0.8781488863751292
ENG-Premier League,2425,Nottingham Forest,Matz Sels,1,2024,249,6903,GK,38,3420,0,0.0,0,0.0,0,0.5219662692397833,0,2,4,0,3.724944426678121,3.2029781555756927
ENG-Premier League,2425,Nottingham Forest,Morato,1,2024,249,13068,D S,26,852,0,0.1037580780684948,0,0.1037580780684948,0,0.0,2,0,5,0,2.077718833461404,2.077718833461404
ENG-Premier League,2425,Nottingham Forest,Morgan Gibbs-White,1,2024,249,6857,M,34,2868,7,6.140304567292333,7,6.140304567292333,8,6.105838568881154,61,51,9,1,17.928511697798967,10.13072724826634
ENG-Premier League,2425,Nottingham Forest,Murillo,1,2024,249,12123,D,36,3199,2,1.9497453132644296,2,1.9497453132644296,0,1.3909434340894222,25,12,6,0,5.36951514147222,4.55442807264626
ENG-Premier League,2425,Nottingham Forest,Neco Williams,1,2024,249,8204,D M S,35,2579,1,3.0044789891690016,1,3.0044789891690016,3,1.7043100725859404,37,18,7,0,8.458546839654446,5.0818028431385756
ENG-Premier League,2425,Nottingham Forest,Nicolás Domínguez,1,2024,249,8252,M S,34,1979,0,1.9267512233927846,0,1.9267512233927846,1,1.4655370814725757,21,13,9,0,4.884785549715161,3.6538716042414308
ENG-Premier League,2425,Nottingham Forest,Nikola Milenkovic,1,2024,249,6174,D,37,3330,5,4.571180831640959,5,4.571180831640959,2,1.043909177184105,29,9,4,0,5.973378486931324,4.907668113708496
ENG-Premier League,2425,Nottingham Forest,Ola Aina,1,2024,249,725,D M,35,3020,2,0.46086559537798166,2,0.46086559537798166,1,2.045018967241049,11,16,5,0,10.087742604315281,8.546997111290693
ENG-Premier League,2425,Nottingham Forest,Ramón Sosa,1,2024,249,13021,M S,19,246,1,1.1310514248907566,1,1.1310514248907566,0,0.6833146139979362,11,8,1,0,2.070654297247529,0.2562882862985134
ENG-Premier League,2425,Nottingham Forest,Ryan Yates,1,2024,249,11003,M S,35,1883,2,2.863330416381359,2,2.863330416381359,1,1.0837957467883825,33,19,10,0,6.05943701043725,4.180756267160177
ENG-Premier League,2425,Nottingham Forest,Taiwo Awoniyi,1,2024,249,7814,F S,26,363,1,2.418665297329426,1,2.418665297329426,0,0.08859707228839397,10,2,0,0,2.95575431548059,0.4484919551759958
ENG-Premier League,2425,Nottingham Forest,Willy Boly,1,2024,249,6850,D S,6,139,0,0.08295150846242905,0,0.08295150846242905,0,0.0,1,0,1,0,0.13758442923426628,0.13758442923426628
ENG-Premier League,2425,Nottingham Forest,Álex Moreno,1,2024,249,4120,D S,15,978,0,0.21700730733573437,0,0.21700730733573437,1,1.076141320168972,6,8,2,0,2.5304054114967585,1.5371484030038118
ENG-Premier League,2425,Southampton,Aaron Ramsdale,1,2024,74,5603,GK,30,2700,0,0.0,0,0.0,0,0.0,0,0,2,0,2.3939849622547626,2.3939849622547626
ENG-Premier League,2425,Southampton,Adam Armstrong,1,2024,74,4419,F M S,20,1282,2,3.9334685541689396,2,3.1722997166216373,2,2.005434782244265,26,9,4,0,6.038746699690819,1.9466782938688993
ENG-Premier League,2425,Southampton,Adam Lallana,1,2024,74,486,M S,14,342,0,0.15231557562947273,0,0.15231557562947273,2,0.5534783098846674,3,4,4,0,1.702550608664751,1.124756133183837
ENG-Premier League,2425,Southampton,Albert Grønbæk,1,2024,74,12880,F M S,4,150,0,0.060219261795282364,0,0.060219261795282364,0,0.03122548572719097,2,1,0,0,0.08345328830182552,0.02323402650654316
ENG-Premier League,2425,Southampton,Alex McCarthy,1,2024,74,635,GK,5,450,0,0.0,0,0.0,0,0.0,0,0,0,0,0.4999673590064049,0.4999673590064049
ENG-Premier League,2425,Southampton,Armel Bella Kotchap,1,2024,74,9710,D S,4,331,0,0.2672498822212219,0,0.2672498822212219,0,0.0,1,0,0,0,0.7146918140351772,0.7146918140351772
ENG-Premier League,2425,Southampton,Ben Brereton Díaz,1,2024,74,11815,F M S,10,438,0,1.3112603276968002,0,1.3112603276968002,0,0.1556207612156868,11,3,1,0,2.001358740031719,0.5646974295377731
ENG-Premier League,2425,Southampton,Cameron Archer,1,2024,74,9912,F S,35,1409,2,6.92764007486403,2,6.166471207514405,0,0.47348521556705236,29,6,0,0,7.4672291576862335,1.9211225835606456
ENG-Premier League,2425,Southampton,Charlie Taylor,1,2024,74,6044,D S,8,341,0,0.0,0,0.0,0,0.05513033643364906,0,1,1,0,0.7140172049403191,0.6588868722319603
ENG-Premier League,2425,Southampton,Chimuanya Ugochukwu,1,2024,74,9451,M S,26,1689,1,0.8239525118842721,1,0.8239525118842721,1,0.9677973967045546,10,14,7,0,4.15837118960917,3.4592729564756155
ENG-Premier League,2425,Southampton,Flynn Downes,1,2024,74,10845,D M S,27,2175,1,0.8941574329510331,1,0.8941574329510331,0,1.6155836284160614,10,15,12,0,8.310527911409736,6.55848484672606
ENG-Premier League,2425,Southampton,Jack Stephens,1,2024,74,1735,D S,19,1418,1,0.6747798472642899,1,0.6747798472642899,0,0.2880069650709629,4,3,2,2,3.423359040170908,3.3818592466413975
ENG-Premier League,2425,Southampton,James Bree,1,2024,74,11359,D S,17,1077,0,0.10935381054878235,0,0.10935381054878235,1,1.0717255100607872,4,9,0,0,3.7004061806946993,3.000851457938552
ENG-Premier League,2425,Southampton,Jan Bednarek,1,2024,74,6042,D,30,2538,2,1.0302477153018117,2,1.0302477153018117,0,0.3539321832358837,5,5,7,0,6.619636853225529,6.190516717731953
ENG-Premier League,2425,Southampton,Jay Robinson,1,2024,74,13582,M S,4,122,0,0.05553441867232323,0,0.05553441867232323,0,0.6817478071898222,1,3,0,0,0.873368987813592,0.13608679175376892
ENG-Premier League,2425,Southampton,Joachim Kayi-Sanda,1,2024,74,13636,S,2,9,0,0.0,0,0.0,0,0.0,0,0,0,0,0.13608679175376892,0.13608679175376892
ENG-Premier League,2425,Southampton,Joe Ayodele-Aribo,1,2024,74,10766,D M S,32,2019,3,2.926058968529105,3,2.926058968529105,0,1.7567494381219149,17,16,1,0,6.906115759164095,3.7257509492337704
ENG-Premier League,2425,Southampton,Joe Lumley,1,2024,74,12762,GK,3,270,0,0.0,0,0.0,0,0.0,0,0,0,0,0.13133640587329865,0.13133640587329865
ENG-Premier League,2425,Southampton,Kamaldeen Sulemana,1,2024,74,9630,F M S,26,1405,1,1.5610322337597609,1,1.5610322337597609,1,1.2623700015246868,29,10,2,0,3.277868576347828,1.0029112379997969
ENG-Premier League,2425,Southampton,Kyle Walker-Peters,1,2024,74,885,D M,33,2934,0,1.1614951640367508,0,1.1614951640367508,2,2.7974178763106465,20,23,5,0,9.133386302739382,6.938454505056143
ENG-Premier League,2425,Southampton,Mateus Fernandes,1,2024,74,12948,F M S,36,2964,2,5.0105931609869,2,5.0105931609869,4,3.847336508333683,42,34,8,0,12.354681935161352,6.976256597787142
ENG-Premier League,2425,Southampton,Maxwel Cornet,1,2024,74,3278,M S,2,71,0,0.0751236081123352,0,0.0751236081123352,0,0.0,1,0,1,0,0.0751236081123352,0.0
ENG-Premier League,2425,Southampton,Nathan Wood,1,2024,74,12763,D S,11,780,0,0.29378557205200195,0,0.29378557205200195,0,0.021479303017258644,2,1,2,0,2.371581122279167,2.3501018211245537
ENG-Premier League,2425,Southampton,Paul Onuachu,1,2024,74,11360,F S,25,1015,4,4.886736177839339,4,4.886736177839339,1,0.5158860571682453,34,8,4,0,5.4832437094300985,0.9347552265971899
ENG-Premier League,2425,Southampton,Ronnie Edwards,1,2024,74,13239,S,1,7,0,0.0,0,0.0,0,0.0,0,0,0,0,0.0,0.0
ENG-Premier League,2425,Southampton,Ross Stewart,1,2024,74,13060,F S,12,379,1,0.8806956596672535,1,0.8806956596672535,0,0.0,9,0,1,0,1.6948200725018978,1.2228461802005768
ENG-Premier League,2425,Southampton,Ryan Fraser,1,2024,74,1683,D M S,8,314,0,0.025151601061224937,0,0.025151601061224937,0,0.1558907814323902,1,2,0,1,2.0469524562358856,1.8659100458025932
ENG-Premier League,2425,Southampton,Ryan Manning,1,2024,74,13134,D M S,24,1495,0,0.33678340539336205,0,0.33678340539336205,1,3.371531819924712,8,34,2,0,5.233867669478059,3.998649872839451
ENG-Premier League,2425,Southampton,Samuel Amo-Ameyaw,1,2024,74,11618,S,2,21,0,0.032747477293014526,0,0.032747477293014526,0,0.039343107491731644,1,1,1,0,0.07209058851003647,0.0
ENG-Premier League,2425,Southampton,Samuel Edozie,1,2024,74,10072,S,2,57,0,0.0,0,0.0,0,0.08171311765909195,0,1,1,0,0.6017810702323914,0.5200679302215576
ENG-Premier League,2425,Southampton,Taylor Harwood-Bellis,1,2024,74,8495,D S,34,2832,1,2.1951861269772053,1,2.1951861269772053,0,1.9898590259253979,20,14,9,0,7.381218569353223,6.122977705672383
ENG-Premier League,2425,Southampton,Tyler Dibling,1,2024,74,10586,F M S,33,1860,2,3.091769566759467,2,3.091769566759467,0,1.979686425998807,28,20,6,0,8.59219616651535,4.698215810582042
ENG-Premier League,2425,Southampton,Welington,1,2024,74,13403,D M S,10,481,0,0.0432555852457881,0,0.0432555852457881,0,0.07151559740304947,3,3,1,0,0.40477436408400536,0.3332587666809559
ENG-Premier League,2425,Southampton,William Smallbone,1,2024,74,8224,M S,18,657,1,0.6896725203841925,1,0.6896725203841925,0,0.5868444573134184,7,10,1,0,2.8830344323068857,2.286232426762581
ENG-Premier League,2425,Southampton,Yukinari Sugawara,1,2024,74,12761,D M S,30,1533,1,0.4496091231703758,1,0.4496091231703758,1,3.2835169788450003,14,17,4,0,5.613592414185405,4.167844578623772
ENG-Premier League,2425,Tottenham,Alfie Dorrington,1,2024,82,12193,S,1,9,0,0.0,0,0.0,0,0.0,0,0,0,0,0.0,0.0
ENG-Premier League,2425,Tottenham,Antonín Kinsky,1,2024,82,13348,GK,6,540,0,0.0,0,0.0,0,0.22034624218940735,0,1,0,0,1.1644498407840729,1.1644498407840729
ENG-Premier League,2425,Tottenham,Archie Gray,1,2024,82,10184,D M S,28,1729,0,0.029445655643939972,0,0.029445655643939972,0,0.15263863280415535,1,3,1,0,4.387982405722141,4.24487853422761
ENG-Premier League,2425,Tottenham,Ben Davies,1,2024,82,660,D S,17,1325,0,0.36144955176860094,0,0.36144955176860094,0,0.09918292984366417,5,2,5,0,5.178717454895377,5.166538378223777
ENG-Premier League,2425,Tottenham,Brandon Austin,1,2024,82,8093,GK,1,90,0,0.0,0,0.0,0,0.0,0,0,0,0,0.404704749584198,0.404704749584198
ENG-Premier League,2425,Tottenham,Brennan Johnson,1,2024,82,10760,F M S,33,2178,11,11.162618312984705,11,11.162618312984705,3,2.948688331991434,54,19,5,0,16.477571818977594,3.7468922175467014
ENG-Premier League,2425,Tottenham,Cristian Romero,1,2024,82,7218,D,18,1426,1,1.905144028365612,1,1.905144028365612,0,0.6253029182553291,16,7,3,0,6.663078460842371,6.324385602027178
ENG-Premier League,2425,Tottenham,Dane Scarlett,1,2024,82,9332,S,3,25,0,0.2694910168647766,0,0.2694910168647766,1,0.07612059265375137,1,1,0,0,0.345611609518528,0.0
ENG-Premier League,2425,Tottenham,Dejan Kulusevski,1,2024,82,6691,F M S,32,2391,7,5.52329240180552,7,5.52329240180552,4,6.502650566399097,47,64,3,0,16.012717846781015,5.773293157108128
ENG-Premier League,2425,Tottenham,Djed Spence,1,2024,82,10764,D S,25,1784,1,0.417020246386528,1,0.417020246386528,2,1.8481179997324944,10,11,2,1,6.893741740845144,6.0086276941001415
ENG-Premier League,2425,Tottenham,Dominic Solanke,1,2024,82,1679,F S,27,2220,9,12.416034620255232,8,11.65486578270793,3,2.4611449129879475,60,14,0,0,16.30166282877326,4.277167193591595
ENG-Premier League,2425,Tottenham,Fraser Forster,1,2024,82,831,GK,7,630,0,0.0,0,0.0,0,0.0,0,0,0,0,1.9027439206838608,1.9027439206838608
ENG-Premier League,2425,Tottenham,Guglielmo Vicario,1,2024,82,8858,GK,24,2160,0,0.0,0,0.0,0,0.0,0,0,1,0,5.163849472999573,5.163849472999573
ENG-Premier League,2425,Tottenham,Iyenoma Destiny Udogie,1,2024,82,8831,D S,25,1949,0,0.3497059941291809,0,0.3497059941291809,1,1.2607239335775375,5,16,2,0,9.83161280490458,9.174497099593282
ENG-Premier League,2425,Tottenham,James Maddison,1,2024,82,6818,M S,31,1851,9,5.8936047330498695,9,5.8936047330498695,7,6.016693122684956,39,42,6,0,15.656851299107075,7.841132877394557
ENG-Premier League,2425,Tottenham,Kevin Danso,1,2024,82,5261,D S,10,840,0,0.27366341184824705,0,0.27366341184824705,0,0.06845882814377546,7,2,0,0,2.7478084787726402,2.7030457369983196
ENG-Premier League,2425,Tottenham,Lucas Bergvall,1,2024,82,12912,M S,27,1187,0,0.6092278761789203,0,0.6092278761789203,1,0.7203583419322968,11,11,3,0,5.082979638129473,4.340266279876232
ENG-Premier League,2425,Tottenham,Mathys Tel,1,2024,82,9780,F S,13,920,2,2.799501243978739,1,2.0383324064314365,1,2.507141198962927,23,14,2,0,5.105695888400078,1.6562889069318771
ENG-Premier League,2425,Tottenham,Micky van de Ven,1,2024,82,10050,D S,13,1031,0,0.7710057385265827,0,0.7710057385265827,2,1.1784075498580933,6,2,4,0,5.82832533121109,4.649917840957642
ENG-Premier League,2425,Tottenham,Mikey Moore,1,2024,82,12603,F M S,10,351,0,0.16382673382759094,0,0.16382673382759094,1,0.6736010685563087,3,3,0,0,1.1337775886058807,0.846306886523962
ENG-Premier League,2425,Tottenham,Pape Sarr,1,2024,82,9021,M S,36,1913,3,3.994037317112088,3,3.994037317112088,2,2.0150707801803946,34,16,6,0,11.247560657560825,7.256752958521247
ENG-Premier League,2425,Tottenham,Pedro Porro,1,2024,82,6912,D S,33,2611,2,1.8372661639004946,2,1.8372661639004946,6,6.575961069203913,39,57,5,0,15.45052813179791,12.003311963751912
ENG-Premier League,2425,Tottenham,Radu Dragusin,1,2024,82,9105,D S,16,1264,0,0.17725946567952633,0,0.17725946567952633,0,0.5174331180751324,5,4,1,0,4.84899147041142,4.778011908754706
ENG-Premier League,2425,Tottenham,Richarlison,1,2024,82,6026,F S,15,471,4,4.302900910377502,4,4.302900910377502,1,0.8242609575390816,17,4,2,0,3.5217423737049103,0.07880378514528275
ENG-Premier League,2425,Tottenham,Rodrigo Bentancur,1,2024,82,6108,M S,26,1674,2,1.3008952122181654,2,1.3008952122181654,0,0.3507859818637371,22,9,9,0,8.430497603490949,7.863584054633975
ENG-Premier League,2425,Tottenham,Sergio Reguilón,1,2024,82,7187,D S,4,187,0,0.1322939433157444,0,0.1322939433157444,0,0.0298521239310503,2,1,2,0,0.7971926778554916,0.696475438773632
ENG-Premier League,2425,Tottenham,Son Heung-Min,1,2024,82,453,F M S,30,2135,7,7.906742995604873,6,6.384405327960849,9,9.04414401575923,57,51,1,0,18.78970428556204,6.860619023442268
ENG-Premier League,2425,Tottenham,Timo Werner,1,2024,82,65,F M S,18,488,0,0.953228548169136,0,0.953228548169136,3,3.0806511119008064,8,10,0,0,5.666859710589051,1.7122303992509842
ENG-Premier League,2425,Tottenham,Will Lankshear,1,2024,82,13127,S,3,6,0,0.0,0,0.0,0,0.0,0,0,0,0,0.0,0.0
ENG-Premier League,2425,Tottenham,Wilson Odobert,1,2024,82,10822,F M S,16,845,1,2.115951618179679,1,2.115951618179679,0,0.8556916369125247,13,6,0,0,4.030231017619371,1.800855565816164
ENG-Premier League,2425,Tottenham,Yves Bissouma,1,2024,82,5609,M S,28,1404,2,0.4450572794303298,2,0.4450572794303298,0,0.29296224750578403,11,6,7,0,5.60918369051069,5.173720224760473
ENG-Premier League,2425,West Ham,Aaron Cresswell,1,2024,81,534,D S,18,821,0,0.1508999690413475,0,0.1508999690413475,0,1.589625921100378,5,9,3,0,2.41888221912086,1.7282752357423306
ENG-Premier League,2425,West Ham,Aaron Wan-Bissaka,1,2024,81,5584,D M S,36,3156,2,1.3520639296621084,2,1.3520639296621084,5,4.088755523785949,16,33,1,0,12.051966872997582,8.27124732080847
ENG-Premier League,2425,West Ham,Alphonse Areola,1,2024,81,2310,GK S,26,2263,0,0.0,0,0.0,0,0.0,0,0,0,0,3.0244391784071922,3.0244391784071922
ENG-Premier League,2425,West Ham,Andy Irving,1,2024,81,12774,M S,10,142,0,0.10817551892250776,0,0.10817551892250776,0,0.28213629126548767,4,1,2,0,1.0017768368124962,0.9420072957873344
ENG-Premier League,2425,West Ham,Carlos Soler,1,2024,81,2478,M S,31,1422,1,2.29219813644886,1,2.29219813644886,1,1.0893699526786804,25,17,6,0,5.286610726267099,2.4397572688758373
ENG-Premier League,2425,West Ham,Crysencio Summerville,1,2024,81,9492,F M S,19,760,1,1.8140362668782473,1,1.8140362668782473,1,2.1587705314159393,14,17,2,0,4.351440954953432,1.1789654307067394
ENG-Premier League,2425,West Ham,Danny Ings,1,2024,81,986,F S,15,235,1,1.7657166114076972,1,1.7657166114076972,2,1.154838539659977,14,6,0,0,2.8344373060390353,0.2195451222360134
ENG-Premier League,2425,West Ham,Edson Álvarez,1,2024,81,11926,D M S,28,1772,0,0.319299204275012,0,0.319299204275012,1,0.7971771331503987,12,12,7,1,4.297576429322362,3.420444831252098
ENG-Premier League,2425,West Ham,Emerson,1,2024,81,1245,D M S,31,2167,2,2.1318588722497225,2,2.1318588722497225,1,1.2129619792103767,16,17,5,0,6.630555816926062,3.9276301879435778
ENG-Premier League,2425,West Ham,Guido Rodríguez,1,2024,81,8267,M S,23,1179,0,0.16269100550562143,0,0.16269100550562143,1,0.21928240731358528,8,4,6,0,2.944707117974758,2.794170718640089
ENG-Premier League,2425,West Ham,Jarrod Bowen,1,2024,81,1776,F M,34,2993,13,9.816103929653764,12,9.054935092106462,8,7.633318647742271,87,50,1,0,15.45670910179615,3.2645750464871526
ENG-Premier League,2425,West Ham,Jean-Clair Todibo,1,2024,81,6816,D S,27,1833,0,0.2778066396713257,0,0.2778066396713257,0,0.02975625265389681,5,2,3,0,3.5863327868282795,3.5863327868282795
ENG-Premier League,2425,West Ham,Kaelan Casey,1,2024,81,11409,S,1,1,0,0.0,0,0.0,0,0.0,0,0,0,0,0.0,0.0
ENG-Premier League,2425,West Ham,Konstantinos Mavropanos,1,2024,81,6722,D S,33,2028,0,1.6612843237817287,0,1.6612843237817287,0,0.6751785762608051,18,5,4,1,4.6871272986754775,4.525988888926804
ENG-Premier League,2425,West Ham,Lewis Orford,1,2024,81,12296,S,2,43,0,0.01565716043114662,0,0.01565716043114662,0,0.026907483115792274,1,1,0,0,0.22823013365268707,0.22823013365268707
ENG-Premier League,2425,West Ham,Lucas Paquetá,1,2024,81,7365,F M S,33,2398,4,5.13420026563108,2,3.6118626054376364,0,2.733525102958083,41,36,9,0,10.565001223236322,5.704350307583809
ENG-Premier League,2425,West Ham,Luis Guilherme,1,2024,81,13026,M S,12,121,0,0.3657259922474623,0,0.3657259922474623,0,0.10995930060744286,4,3,0,0,0.7313005086034536,0.4087594524025917
ENG-Premier League,2425,West Ham,Lukasz Fabianski,1,2024,81,706,GK S,14,1157,0,0.0,0,0.0,0,0.0,0,0,2,0,0.6126065440475941,0.6126065440475941
ENG-Premier League,2425,West Ham,Max Kilman,1,2024,81,7332,D,38,3348,0,1.714818298816681,0,1.714818298816681,1,0.9288761988282204,13,16,5,0,7.727036248892546,7.178434561938047
ENG-Premier League,2425,West Ham,Michail Antonio,1,2024,81,531,F S,14,859,1,2.99339403398335,1,2.99339403398335,1,1.598572283051908,19,9,1,0,5.190587151795626,1.7512829042971134
ENG-Premier League,2425,West Ham,Mohammed Kudus,1,2024,81,12027,F M S,32,2634,5,7.222215499728918,5,7.222215499728918,3,3.7306671272963285,75,32,2,1,15.979954302310944,6.224050734192133
ENG-Premier League,2425,West Ham,Niclas Füllkrug,1,2024,81,6098,F S,18,775,3,2.1643357016146183,3,2.1643357016146183,2,2.0831744708120823,16,14,2,0,4.39640324562788,2.0444552544504404
ENG-Premier League,2425,West Ham,Oliver Scarles,1,2024,81,12358,D M S,15,644,0,0.13733690045773983,0,0.13733690045773983,0,0.11610511690378189,3,3,1,0,0.7346537318080664,0.5881846826523542
ENG-Premier League,2425,West Ham,Tomas Soucek,1,2024,81,8288,M S,35,2586,9,8.068854354321957,9,8.068854354321957,1,0.947371281683445,55,14,8,0,13.590047078207135,5.360286621376872
ENG-Premier League,2425,West Ham,Vladimir Coufal,1,2024,81,8965,D M S,22,1052,0,0.32362124137580395,0,0.32362124137580395,0,0.5783606953918934,7,8,5,0,3.653033196926117,3.296148657798767
ENG-Premier League,2425,Wolverhampton Wanderers,Alfie Pond,1,2024,229,13117,S,1,1,0,0.0,0,0.0,0,0.0,0,0,0,0,0.0,0.0
ENG-Premier League,2425,Wolverhampton Wanderers,André,1,2024,229,13022,M S,33,2538,0,0.2956870160996914,0,0.2956870160996914,0,0.8052516058087349,10,18,7,0,9.497647654265165,8.866849983111024
ENG-Premier League,2425,Wolverhampton Wanderers,Boubacar Traore,1,2024,229,8119,S,1,1,0,0.0,0,0.0,0,0.0,0,0,0,0,0.0,0.0
ENG-Premier League,2425,Wolverhampton Wanderers,Carlos Forbs,1,2024,229,13092,M S,10,210,0,0.14554984867572784,0,0.14554984867572784,0,0.03507748618721962,2,1,2,0,0.452562496997416,0.30675258580595255
ENG-Premier League,2425,Wolverhampton Wanderers,Chiquinho,1,2024,229,10327,S,1,5,0,0.0,0,0.0,0,0.016207994893193245,0,1,0,0,0.06109914928674698,0.06109914928674698
ENG-Premier League,2425,Wolverhampton Wanderers,Craig Dawson,1,2024,229,804,D S,15,950,0,0.40684073232114315,0,0.40684073232114315,0,0.06978518515825272,5,2,2,0,2.3292105179280043,2.3170803170651197
ENG-Premier League,2425,Wolverhampton Wanderers,Daniel Bentley,1,2024,229,11361,GK,2,180,0,0.0,0,0.0,0,0.0,0,0,0,0,0.03242262825369835,0.03242262825369835
ENG-Premier League,2425,Wolverhampton Wanderers,Daniel Podence,1,2024,229,8291,S,2,36,0,0.044891152530908585,0,0.044891152530908585,0,0.0,1,0,0,0,0.044891152530908585,0.0
ENG-Premier League,2425,Wolverhampton Wanderers,Emmanuel Agbadou,1,2024,229,10856,D,16,1414,1,0.69438168220222,1,0.69438168220222,0,0.18917815759778023,7,4,3,0,3.78240617364645,3.7525524757802486
ENG-Premier League,2425,Wolverhampton Wanderers,Gonçalo Guedes,1,2024,229,5682,F M S,29,968,2,3.3298932649195194,2,3.3298932649195194,4,1.4344439525157213,27,14,1,0,5.6499579809606075,1.7406257223337889
ENG-Premier League,2425,Wolverhampton Wanderers,Hee-Chan Hwang,1,2024,229,8845,F M S,21,623,2,0.7990479003638029,2,0.7990479003638029,0,0.2850785907357931,5,3,0,0,2.01325161755085,0.9641339294612408
ENG-Premier League,2425,Wolverhampton Wanderers,Jean-Ricner Bellegarde,1,2024,229,7762,M S,35,1693,2,1.7939026495441794,2,1.7939026495441794,7,4.052603563293815,22,26,3,0,9.270288711413741,4.406124430708587
ENG-Premier League,2425,Wolverhampton Wanderers,José Sá,1,2024,229,9740,GK,29,2610,0,0.0,0,0.0,0,0.06530709005892277,0,3,2,0,1.1575271990150213,1.0922201070934534
ENG-Premier League,2425,Wolverhampton Wanderers,João Gomes,1,2024,229,11384,M S,36,3034,3,2.872034505009651,3,2.872034505009651,1,1.199560061097145,35,22,9,1,13.400589838624,10.574760969728231
ENG-Premier League,2425,Wolverhampton Wanderers,Jørgen Strand Larsen,1,2024,229,11070,F S,35,2624,14,11.689683858305216,14,11.689683858305216,4,3.358626527711749,54,19,4,0,16.568026771768928,3.4464203380048275
ENG-Premier League,2425,Wolverhampton Wanderers,Mario Lemina,1,2024,229,1299,D M S,17,1366,1,1.1920787254348397,1,1.1920787254348397,3,1.287991652265191,17,10,4,0,5.342703886330128,3.8733241255395114
ENG-Premier League,2425,Wolverhampton Wanderers,Marshall Munetsi,1,2024,229,7908,F M S,14,1076,2,2.8331323377788067,2,2.8331323377788067,1,1.9886701293289661,22,9,0,0,5.903076875954866,1.3661639597266912
ENG-Premier League,2425,Wolverhampton Wanderers,Mateus Mané,1,2024,229,13484,S,1,1,0,0.0,0,0.0,0,0.0,0,0,0,0,0.0,0.0
ENG-Premier League,2425,Wolverhampton Wanderers,Matheus Cunha,1,2024,229,7080,F M S,33,2617,15,8.446298986673355,15,8.446298986673355,6,7.411126339808106,110,56,4,0,18.023087229579687,7.101435688324273
ENG-Premier League,2425,Wolverhampton Wanderers,Matt Doherty,1,2024,229,6852,D S,30,2140,2,1.576674222946167,2,1.576674222946167,1,1.7241646945476532,10,12,6,0,8.057520560920238,6.344307072460651
ENG-Premier League,2425,Wolverhampton Wanderers,Nasser Djiga,1,2024,229,13463,D S,5,65,0,0.0,0,0.0,0,0.0,0,0,0,0,0.07505488395690918,0.07505488395690918
ENG-Premier League,2425,Wolverhampton Wanderers,Nélson Semedo,1,2024,229,6163,D S,34,2897,0,0.9947248105891049,0,0.9947248105891049,4,2.185204219073057,18,25,8,0,9.799877418205142,7.2230052798986435
ENG-Premier League,2425,Wolverhampton Wanderers,Pablo Sarabia,1,2024,229,2199,M S,23,788,3,2.177397783845663,3,2.177397783845663,2,1.962121868506074,17,15,2,0,5.338883318006992,1.8083363715559244
ENG-Premier League,2425,Wolverhampton Wanderers,Pedro Lima,1,2024,229,13156,D S,3,68,0,0.05142717435956001,0,0.05142717435956001,0,0.07187306135892868,1,2,0,0,0.13705480471253395,0.05479290708899498
ENG-Premier League,2425,Wolverhampton Wanderers,Rayan Ait Nouri,1,2024,229,6674,D M,37,3180,4,3.612480252981186,4,3.612480252981186,7,5.460978699848056,36,46,6,0,13.966621531173587,7.902021802961826
ENG-Premier League,2425,Wolverhampton Wanderers,Rodrigo Gomes,1,2024,229,12756,D M S,25,756,2,0.6804056065157056,2,0.6804056065157056,0,0.9794150870293379,7,12,0,0,1.9415704039856791,0.31656710617244244
ENG-Premier League,2425,Wolverhampton Wanderers,Sam Johnstone,1,2024,229,978,GK,7,630,0,0.0,0,0.0,0,0.04906415939331055,0,1,0,0,1.1530965231359005,1.1530965231359005
ENG-Premier League,2425,Wolverhampton Wanderers,Santiago Bueno,1,2024,229,10945,D S,29,1672,0,0.3284060172736645,0,0.3284060172736645,0,0.0,6,0,2,0,3.8933305330574512,3.8738088496029377
ENG-Premier League,2425,Wolverhampton Wanderers,Tom King,1,2024,229,12245,S,1,1,0,0.0,0,0.0,0,0.0,0,0,0,0,0.0,0.0
ENG-Premier League,2425,Wolverhampton Wanderers,Tommy Doyle,1,2024,229,8496,M S,24,431,0,0.3624565312638879,0,0.3624565312638879,1,0.3475889293476939,9,7,1,0,2.1030837008729577,1.6141937281936407
ENG-Premier League,2425,Wolverhampton Wanderers,Toti,1,2024,229,10293,D S,31,2622,0,0.9773350562900305,0,0.9773350562900305,1,0.9932401478290558,7,9,7,0,7.0250079073011875,6.87811416387558
ENG-Premier League,2425,Wolverhampton Wanderers,Yerson Mosquera,1,2024,229,9958,D,5,448,0,0.4660062603652477,0,0.4660062603652477,0,0.09450100734829903,2,2,2,0,1.0699441889300942,0.9818695159628987
ENG-Premier League,2526,Arsenal,Ben White,1,2025,83,7298,D,1,72,0,0.0184373389929533,0,0.0184373389929533,0,0.060895293951034546,1,1,0,0,0.20631606876850128,0.14542077481746674
ENG-Premier League,2526,Arsenal,Bukayo Saka,1,2025,83,7322,F M S,7,510,2,1.4883502749726176,1,0.7271814374253154,0,1.5864935107529163,12,13,0,0,3.5659644156694412,2.552353136241436
ENG-Premier League,2526,Arsenal,Christian Nørgaard,1,2025,83,7083,S,1,1,0,0.0,0,0.0,0,0.0,0,0,0,0,0.0,0.0
ENG-Premier League,2526,Arsenal,Cristhian Mosquera,1,2025,83,10024,D S,6,295,0,0.0,0,0.0,0,0.060570258647203445,0,1,0,0,1.3589121103286743,1.2983418405056
ENG-Premier League,2526,Arsenal,David Raya,1,2025,83,9676,GK,9,810,0,0.0,0,0.0,0,0.049500007182359695,0,1,1,0,1.5414752066135406,1.491975199431181
ENG-Premier League,2526,Arsenal,Declan Rice,1,2025,83,5553,M S,9,717,1,0.7239467203617096,1,0.7239467203617096,2,1.3198527544736862,8,16,0,0,3.469031646847725,2.640889450907707
ENG-Premier League,2526,Arsenal,Eberechi Eze,1,2025,83,8706,F M S,8,563,1,1.0399520564824343,1,1.0399520564824343,2,1.2227466478943825,20,5,0,0,3.1376568377017975,1.481968441978097
ENG-Premier League,2526,Arsenal,Ethan Nwaneri,1,2025,83,11132,S,4,137,0,0.3022662913426757,0,0.3022662913426757,0,0.048408184200525284,5,1,0,0,1.139277845621109,0.9847383946180344
ENG-Premier League,2526,Arsenal,Gabriel,1,2025,83,5613,D,9,810,1,1.321236215531826,1,1.321236215531826,1,0.9807458519935608,8,2,0,0,3.1373044587671757,3.1162543036043644
ENG-Premier League,2526,Arsenal,Gabriel Martinelli,1,2025,83,7752,F S,8,185,1,0.8312334343791008,1,0.8312334343791008,0,0.10601583868265152,5,2,0,0,0.913587212562561,0.1547226905822754
ENG-Premier League,2526,Arsenal,Jurriën Timber,1,2025,83,11707,D S,9,710,2,1.1508328169584274,2,1.1508328169584274,1,0.9014561558142304,9,13,2,0,3.826550357043743,3.0651557482779026
ENG-Premier League,2526,Arsenal,Kai Havertz,1,2025,83,5220,S,1,29,0,0.0,0,0.0,0,0.0,0,0,0,0,0.18898457288742065,0.18898457288742065
ENG-Premier League,2526,Arsenal,Leandro Trossard,1,2025,83,7698,F M S,7,474,1,1.9650606513023376,1,1.9650606513023376,1,0.3816480077803135,12,6,0,0,2.2152978479862213,1.2628574967384338
ENG-Premier League,2526,Arsenal,Martin Odegaard,1,2025,83,2517,M S,6,193,0,0.16580358520150185,0,0.16580358520150185,1,0.7574908211827278,4,3,0,0,1.2668863274157047,1.0461063385009766
ENG-Premier League,2526,Arsenal,Martín Zubimendi,1,2025,83,7526,M S,9,780,2,0.2602872122079134,2,0.2602872122079134,0,0.5294869523495436,6,7,1,0,2.250815635547042,2.0230762660503387
ENG-Premier League,2526,Arsenal,Max Dowman,1,2025,83,13872,S,2,24,0,0.15431709215044975,0,0.15431709215044975,0,0.0,3,0,0,0,0.12994308397173882,0.0
ENG-Premier League,2526,Arsenal,Mikel Merino,1,2025,83,5304,M S,8,265,1,0.7801184058189392,1,0.7801184058189392,0,0.192874226719141,4,2,0,0,0.65389733761549,0.65389733761549
ENG-Premier League,2526,Arsenal,Myles Lewis-Skelly,1,2025,83,12272,S,6,67,0,0.0,0,0.0,0,0.0,0,0,1,0,0.06878400593996048,0.06878400593996048
ENG-Premier League,2526,Arsenal,Noni Madueke,1,2025,83,11357,F S,5,323,0,0.4196033626794815,0,0.4196033626794815,0,0.9843250922858715,5,8,0,0,1.2940840385854244,0.7309239581227303
ENG-Premier League,2526,Arsenal,Piero Hincapié,1,2025,83,9911,S,1,6,0,0.0,0,0.0,0,0.0,0,0,0,0,0.0,0.0
ENG-Premier League,2526,Arsenal,Riccardo Calafiori,1,2025,83,8129,D,9,726,1,1.6630321852862835,1,1.6630321852862835,2,0.3853544294834137,17,4,3,0,3.3256945759058,2.765614375472069
ENG-Premier League,2526,Arsenal,Viktor Gyokeres,1,2025,83,7254,F,9,766,3,4.223865494132042,2,3.4626966565847397,0,0.2869485318660736,19,5,1,0,4.880180545151234,1.2899658121168613
ENG-Premier League,2526,Arsenal,William Saliba,1,2025,83,6888,D S,8,539,0,0.06771591305732727,0,0.06771591305732727,0,0.09533271938562393,1,1,0,0,1.8361027128994465,1.8361027128994465
ENG-Premier League,2526,Aston Villa,Amadou Onana,1,2025,71,9667,M S,5,340,0,0.09780319035053253,0,0.09780319035053253,0,0.0,2,0,1,0,0.3865829184651375,0.28877973556518555
ENG-Premier League,2526,Aston Villa,Boubacar Kamara,1,2025,71,5789,M S,7,470,0,0.1888688700273633,0,0.1888688700273633,2,0.3063826709985733,2,5,2,0,0.8315216414630413,0.689739566296339
ENG-Premier League,2526,Aston Villa,Bradley Burrowes,1,2025,71,13870,S,1,12,0,0.0,0,0.0,0,0.0,0,0,0,0,0.0,0.0
ENG-Premier League,2526,Aston Villa,Donyell Malen,1,2025,71,9749,F M S,9,285,2,1.3227240219712257,2,1.3227240219712257,0,0.15197200328111649,8,3,0,0,1.2145399376749992,0.16238738223910332
ENG-Premier League,2526,Aston Villa,Emiliano Buendía,1,2025,71,2203,M S,8,350,2,1.0303737884387374,2,1.0303737884387374,2,0.401284571737051,12,7,2,0,1.6853877790272236,0.408694326877594
ENG-Premier League,2526,Aston Villa,Emiliano Martinez,1,2025,71,4401,GK,7,630,0,0.0,0,0.0,0,0.0,0,0,1,0,0.7915135696530342,0.7915135696530342
ENG-Premier League,2526,Aston Villa,Evann Guessand,1,2025,71,8006,M S,8,364,0,0.5653465539216995,0,0.5653465539216995,0,0.028522029519081116,2,1,0,0,0.4428419657051563,0.3516807444393635
ENG-Premier League,2526,Aston Villa,Ezri Konsa Ngoyo,1,2025,71,7726,D,8,696,0,0.02329982817173004,0,0.02329982817173004,0,0.04962930828332901,1,1,0,1,1.5800209790468216,1.5303917080163956
ENG-Premier League,2526,Aston Villa,Harvey Elliott,1,2025,71,7546,M S,4,101,0,0.1672089472413063,0,0.1672089472413063,0,0.0,3,0,0,0,0.5436927694827318,0.41253812797367573
ENG-Premier League,2526,Aston Villa,Ian Maatsen,1,2025,71,11807,D S,6,140,0,0.11955271661281586,0,0.11955271661281586,0,0.21914423257112503,3,4,1,0,0.38061846792697906,0.21502766758203506
ENG-Premier League,2526,Aston Villa,Jadon Sancho,1,2025,71,6345,S,2,54,0,0.4678972475230694,0,0.4678972475230694,0,0.0,3,0,0,0,0.5659090057015419,0.09801174327731133
ENG-Premier League,2526,Aston Villa,John McGinn,1,2025,71,7723,M,9,741,1,0.6804132275283337,1,0.6804132275283337,0,0.9031992144882679,10,7,1,0,2.0628267619758844,1.3286869060248137
ENG-Premier League,2526,Aston Villa,Lamare Bogarde,1,2025,71,10025,M S,6,280,0,0.0,0,0.0,0,0.04115242511034012,0,2,1,0,0.6394217014312744,0.5982692837715149
ENG-Premier League,2526,Aston Villa,Lucas Digne,1,2025,71,1823,D S,9,672,0,0.29917825013399124,0,0.29917825013399124,2,0.9793864227831364,5,8,2,0,1.2724210415035486,0.7691370453685522
ENG-Premier League,2526,Aston Villa,Marco Bizot,1,2025,71,9614,GK,2,180,0,0.0,0,0.0,0,0.0,0,0,1,0,0.5747163221240044,0.5747163221240044
ENG-Premier League,2526,Aston Villa,Matthew Cash,1,2025,71,8864,D,9,795,2,0.1765448460355401,2,0.1765448460355401,0,0.5194221073761582,8,7,2,0,1.7799123972654343,1.4962699860334396
ENG-Premier League,2526,Aston Villa,Morgan Rogers,1,2025,71,12412,M,9,805,1,0.6827083099633455,1,0.6827083099633455,2,2.0633875355124474,8,9,0,0,2.7150827813893557,1.171118265017867
ENG-Premier League,2526,Aston Villa,Ollie Watkins,1,2025,71,8865,F S,9,718,1,1.7064346075057983,1,1.7064346075057983,0,0.3255998156964779,14,5,0,0,2.1364066042006016,0.3168090581893921
ENG-Premier League,2526,Aston Villa,Pau Torres,1,2025,71,6221,D S,6,431,0,0.09030137583613396,0,0.09030137583613396,0,0.0,2,0,0,0,0.9689406827092171,0.9016098454594612
ENG-Premier League,2526,Aston Villa,Ross Barkley,1,2025,71,592,S,3,19,0,0.12200502306222916,0,0.12200502306222916,0,0.0,1,0,0,0,0.11445166915655136,0.11445166915655136
ENG-Premier League,2526,Aston Villa,Tyrone Mings,1,2025,71,1024,D,6,481,0,0.25839483737945557,0,0.25839483737945557,0,0.16460222750902176,3,3,0,0,1.2497766204178333,1.0433019772171974
ENG-Premier League,2526,Aston Villa,Victor Lindelöf,1,2025,71,6080,S,3,9,0,0.0,0,0.0,0,0.0,0,0,0,0,0.11445166915655136,0.11445166915655136
ENG-Premier League,2526,Aston Villa,Youri Tielemans,1,2025,71,5956,M,4,318,0,0.1518993116915226,0,0.1518993116915226,0,0.14734115079045296,5,4,0,0,0.7420355901122093,0.659475289285183
ENG-Premier League,2526,Bournemouth,Adam Smith,1,2025,73,825,D,3,205,0,0.0,0,0.0,0,0.35100075602531433,0,1,0,0,1.0077061653137207,0.656705416738987
ENG-Premier League,2526,Bournemouth,Adrien Truffert,1,2025,73,8640,D,9,810,0,0.06420146115124226,0,0.06420146115124226,1,0.6102395541965961,3,6,0,0,2.7732608802616596,2.1473572850227356
ENG-Premier League,2526,Bournemouth,Alejandro Jiménez,1,2025,73,12168,D S,6,318,0,0.049978502094745636,0,0.049978502094745636,0,0.06793908774852753,2,2,3,0,0.4964276850223541,0.3935520276427269
ENG-Premier League,2526,Bournemouth,Alex Scott,1,2025,73,12149,M S,9,621,1,0.5131703317165375,1,0.5131703317165375,0,0.31069154664874077,10,5,1,0,2.7559321224689484,2.2990899980068207
ENG-Premier League,2526,Bournemouth,Amine Adli,1,2025,73,8211,M S,7,165,0,0.12788135558366776,0,0.12788135558366776,0,0.19064166769385338,2,4,0,0,0.2712809592485428,0.08337267488241196
ENG-Premier League,2526,Bournemouth,Antoine Semenyo,1,2025,73,11363,M,9,810,6,4.543111462146044,5,3.7819426022469997,3,0.457156028598547,20,11,2,0,5.536290146410465,1.4534018486738205
ENG-Premier League,2526,Bournemouth,Bafode Diakite,1,2025,73,7268,D,7,630,0,0.0,0,0.0,0,0.08456607162952423,0,2,1,0,3.065394841134548,3.030458278954029
ENG-Premier League,2526,Bournemouth,Ben Doak,1,2025,73,11231,S,3,35,0,0.08515836298465729,0,0.08515836298465729,1,0.45716217160224915,1,1,0,0,1.4128027111291885,0.8704821839928627
ENG-Premier League,2526,Bournemouth,Ben Winterburn,1,2025,73,13242,S,1,3,0,0.0,0,0.0,0,0.0,0,0,0,0,0.0,0.0
ENG-Premier League,2526,Bournemouth,David Brooks,1,2025,73,6820,M S,8,500,0,0.7558598592877388,0,0.7558598592877388,1,2.1593677811324596,14,7,3,0,3.722956359386444,1.2019195035099983
ENG-Premier League,2526,Bournemouth,Djordje Petrovic,1,2025,73,12032,GK,9,810,0,0.0,0,0.0,0,0.0,0,0,1,0,0.6301950458437204,0.6301950458437204
ENG-Premier League,2526,Bournemouth,Eli Junior Kroupi,1,2025,73,11504,F S,6,163,4,1.711328536272049,4,1.711328536272049,0,0.07774975150823593,8,1,1,0,0.8348003849387169,0.3366456627845764
ENG-Premier League,2526,Bournemouth,Evanilson,1,2025,73,12963,F,7,624,1,1.8095796816051006,1,1.8095796816051006,0,0.8649434112012386,15,9,1,0,2.536045618355274,0.6293394714593887
ENG-Premier League,2526,Bournemouth,Hamed Junior Traore,1,2025,73,6986,S,1,13,0,0.0,0,0.0,1,0.09559009969234467,0,1,0,0,0.09559009969234467,0.0
ENG-Premier League,2526,Bournemouth,James Hill,1,2025,73,10747,D S,7,275,0,0.07453581970185041,0,0.07453581970185041,0,0.0,2,0,1,0,0.2208996368572116,0.21224242448806763
ENG-Premier League,2526,Bournemouth,Julio Soler,1,2025,73,13474,S,1,1,0,0.0,0,0.0,0,0.0,0,0,0,0,0.0,0.0
ENG-Premier League,2526,Bournemouth,Justin Kluivert,1,2025,73,6963,M S,8,291,1,0.42703802324831486,1,0.42703802324831486,0,0.4380710404366255,7,6,1,0,1.240146853029728,0.6558091342449188
ENG-Premier League,2526,Bournemouth,Lewis Cook,1,2025,73,1789,S,2,2,0,0.0,0,0.0,0,0.0,0,0,0,0,0.0,0.0
ENG-Premier League,2526,Bournemouth,Marcos Senesi,1,2025,73,10864,D,9,802,0,0.038414422422647476,0,0.038414422422647476,2,0.635764580219984,2,4,3,0,2.4010208658874035,2.1811177283525467
ENG-Premier League,2526,Bournemouth,Marcus Tavernier,1,2025,73,10741,M S,9,699,2,1.219048548489809,2,1.219048548489809,1,1.4702868424355984,14,12,0,0,3.6471006013453007,2.03098376467824
ENG-Premier League,2526,Bournemouth,Ryan Christie,1,2025,73,10744,M S,7,165,1,0.9712220691144466,1,0.9712220691144466,0,0.05596928298473358,5,1,1,0,1.0697587300091982,0.09524751640856266
ENG-Premier League,2526,Bournemouth,Tyler Adams,1,2025,73,7352,M,9,795,0,0.18948929384350777,0,0.18948929384350777,1,0.0732995793223381,6,2,4,0,3.0070366449654102,2.866546269506216
ENG-Premier League,2526,Bournemouth,Veljko Milosavljevic,1,2025,73,14027,D S,3,181,0,0.0,0,0.0,0,0.06701014190912247,0,1,0,0,0.3488686680793762,0.28185851871967316
ENG-Premier League,2526,Brentford,Aaron Hickey,1,2025,244,8942,D S,5,179,0,0.015899255871772766,0,0.015899255871772766,0,0.6038424372673035,1,1,1,0,0.5436387062072754,0.5277394652366638
ENG-Premier League,2526,Brentford,Antoni Milambo,1,2025,244,13780,M,1,50,0,0.0,0,0.0,0,0.0,0,0,0,0,0.043761223554611206,0.043761223554611206
ENG-Premier League,2526,Brentford,Caoimhin Kelleher,1,2025,244,7904,GK,9,810,0,0.0,0,0.0,0,0.025028405711054802,0,1,1,0,1.3835948389023542,1.3585664331912994
ENG-Premier League,2526,Brentford,Dango Ouattara,1,2025,244,9662,M S,8,490,2,3.276766985654831,2,3.276766985654831,0,1.1373911201953888,16,4,1,0,4.6905797123909,1.1003642119467258
ENG-Premier League,2526,Brentford,Ethan Pinnock,1,2025,244,9678,D,2,163,0,0.0,0,0.0,0,0.0,0,0,1,0,0.10905151441693306,0.10905151441693306
ENG-Premier League,2526,Brentford,Fabio Carvalho,1,2025,244,9501,M S,5,94,1,0.6895682029426098,1,0.6895682029426098,0,0.0,2,0,0,0,0.6895682029426098,0.0
ENG-Premier League,2526,Brentford,Frank Onyeka,1,2025,244,9681,S,6,68,0,0.0,0,0.0,1,0.3706037104129791,0,1,0,0,0.3706037104129791,0.3706037104129791
ENG-Premier League,2526,Brentford,Jordan Henderson,1,2025,244,605,M S,9,677,0,0.05005573108792305,0,0.05005573108792305,2,0.882947038859129,2,5,2,0,2.609229389578104,2.0664155054837465
ENG-Premier League,2526,Brentford,Keane Lewis-Potter,1,2025,244,10809,D M S,8,420,0,0.10487130284309387,0,0.10487130284309387,1,0.6978670060634613,3,4,1,0,0.9246009290218353,0.20877079665660858
ENG-Premier League,2526,Brentford,Kevin Schade,1,2025,244,9156,F M S,9,751,2,2.715699126943946,2,1.9545302893966436,1,1.4371397346258163,15,11,3,0,4.135286618024111,0.9731279648840427
ENG-Premier League,2526,Brentford,Kristoffer Ajer,1,2025,244,9677,D S,6,288,0,0.34217558056116104,0,0.34217558056116104,1,0.6487218737602234,6,1,0,0,1.4521661009639502,0.5481768157333136
ENG-Premier League,2526,Brentford,Mathias Jensen,1,2025,244,7166,M S,7,178,2,0.2504306882619858,2,0.2504306882619858,0,0.18495506420731544,3,3,0,0,1.0349795520305634,0.612783782184124
ENG-Premier League,2526,Brentford,Michael Kayode,1,2025,244,11281,D,9,804,0,0.09237518720328808,0,0.09237518720328808,0,1.500645287334919,2,13,0,0,2.8740452751517296,2.0674255341291428
ENG-Premier League,2526,Brentford,Mikkel Damsgaard,1,2025,244,8859,M,7,593,1,0.5818656031042337,1,0.5818656031042337,1,1.4705250710248947,7,10,0,0,2.719644870609045,1.517855565994978
ENG-Premier League,2526,Brentford,Nathan Collins,1,2025,244,9733,D,9,810,0,0.5413775593042374,0,0.5413775593042374,0,0.08716833591461182,5,1,3,0,1.3206930439919233,1.1826943662017584
ENG-Premier League,2526,Brentford,Rico Henry,1,2025,244,9679,D S,7,155,0,0.10969795286655426,0,0.10969795286655426,0,0.07513508200645447,2,1,1,0,0.13815180957317352,0.06301672756671906
ENG-Premier League,2526,Brentford,Sepp van den Berg,1,2025,244,10721,D,9,810,0,1.3572007566690445,0,1.3572007566690445,0,0.07653624564409256,5,1,0,0,1.5716472454369068,1.2825109455734491
ENG-Premier League,2526,Brentford,Thiago,1,2025,244,13222,F,9,753,6,6.031880557537079,4,4.509542889893055,0,0.6886284500360489,22,4,3,0,5.877353519201279,1.2710409872233868
ENG-Premier League,2526,Brentford,Vitaly Janelt,1,2025,244,9680,S,5,98,0,0.07653624564409256,0,0.07653624564409256,0,0.07863311283290386,1,2,0,0,0.20329906046390533,0.07473620027303696
ENG-Premier League,2526,Brentford,Yehor Yarmolyuk,1,2025,244,11772,M,9,730,0,0.17246343661099672,0,0.17246343661099672,1,0.42401326075196266,5,7,1,0,2.1510458225384355,1.7454026341438293
ENG-Premier League,2526,Brighton,Bart Verbruggen,1,2025,220,11711,GK,9,810,0,0.0,0,0.0,0,0.07646425813436508,0,1,0,0,1.477919016033411,1.477919016033411
ENG-Premier League,2526,Brighton,Brajan Gruda,1,2025,220,11310,M S,7,211,1,1.49709627404809,1,1.49709627404809,1,0.7015039464458823,9,4,0,0,3.153771422803402,0.9551711678504944
ENG-Premier League,2526,Brighton,Carlos Baleba,1,2025,220,10527,M S,9,505,0,0.11969393491744995,0,0.11969393491744995,0,0.055218273773789406,7,2,3,0,0.711755083873868,0.6266963966190815
ENG-Premier League,2526,Brighton,Charalampos Kostoulas,1,2025,220,14118,S,2,11,1,0.36812666058540344,1,0.36812666058540344,0,0.0,2,0,0,0,0.09042076766490936,0.0
ENG-Premier League,2526,Brighton,Danny Welbeck,1,2025,220,501,F S,9,550,5,3.582619234919548,5,2.821450337767601,0,0.2566379252821207,12,7,2,0,3.2016610987484455,0.2951666861772537
ENG-Premier League,2526,Brighton,Diego Coppola,1,2025,220,10169,S,3,13,0,0.0,0,0.0,0,0.0,0,0,0,0,0.16225166618824005,0.16225166618824005
ENG-Premier League,2526,Brighton,Diego Gómez,1,2025,220,13364,M S,8,378,0,0.2668299488723278,0,0.2668299488723278,0,0.4794881269335747,6,3,2,0,1.5038501396775246,0.9248473988845944
ENG-Premier League,2526,Brighton,Ferdi Kadioglu,1,2025,220,13066,D M S,8,556,0,0.22400487959384918,0,0.22400487959384918,0,0.3281368613243103,4,2,3,0,1.4013490602374077,0.994049958884716
ENG-Premier League,2526,Brighton,Georginio Rutter,1,2025,220,6937,F M S,8,529,0,0.3581338860094547,0,0.3581338860094547,2,1.7366446554660797,8,8,1,0,3.1105749756097794,1.277695557102561
ENG-Premier League,2526,Brighton,Jack Hinshelwood,1,2025,220,11269,M S,3,110,0,0.0,0,0.0,0,0.0,0,0,0,0,0.02659415453672409,0.02659415453672409
ENG-Premier League,2526,Brighton,James Milner,1,2025,220,489,M S,7,175,1,0.7611688375473022,0,0.0,1,0.4633796475827694,1,4,1,0,0.5852794460952282,0.5852794460952282
ENG-Premier League,2526,Brighton,Jan Paul van Hecke,1,2025,220,10807,D,9,810,1,0.7247996497899294,1,0.7247996497899294,0,0.018325041979551315,4,1,2,0,2.7495385259389877,2.6934153586626053
ENG-Premier League,2526,Brighton,Joël Veltman,1,2025,220,8780,D,4,327,0,0.0,0,0.0,0,0.05745750293135643,0,1,2,0,0.528975136578083,0.4715176299214363
ENG-Premier League,2526,Brighton,Kaoru Mitoma,1,2025,220,10806,M,6,513,1,0.6436578035354614,1,0.6436578035354614,1,0.7486550211906433,6,7,1,0,1.7071651965379715,0.39131664857268333
ENG-Premier League,2526,Brighton,Lewis Dunk,1,2025,220,6048,D,9,810,0,0.3525837045162916,0,0.3525837045162916,0,0.030177410691976547,8,1,3,0,2.778088077902794,2.778088077902794
ENG-Premier League,2526,Brighton,Mats Wieffer,1,2025,220,12758,D S,7,462,0,0.12100645154714584,0,0.12100645154714584,1,0.6234528869390488,4,5,3,0,1.6517478451132774,1.546486459672451
ENG-Premier League,2526,Brighton,Matt O'Riley,1,2025,220,13206,M,2,179,1,1.139720857143402,0,0.37855201959609985,0,0.14959949534386396,4,4,0,0,0.5305772870779037,0.11395914107561111
ENG-Premier League,2526,Brighton,Maxim De Cuyper,1,2025,220,13711,D S,8,408,1,0.5828185528516769,1,0.5828185528516769,0,0.3023470714688301,4,5,1,0,1.3535445109009743,1.256657250225544
ENG-Premier League,2526,Brighton,Stefanos Tzimas,1,2025,220,14028,S,5,55,0,0.27069303020834923,0,0.27069303020834923,1,0.2742656096816063,3,5,0,0,0.3430575579404831,0.009937935508787632
ENG-Premier League,2526,Brighton,Tom Watson,1,2025,220,14029,S,1,30,0,0.024704832583665848,0,0.024704832583665848,0,0.0,1,0,0,0,0.024704832583665848,0.0
ENG-Premier League,2526,Brighton,Yankuba Minteh,1,2025,220,12759,M,9,779,1,1.7823137491941452,1,1.7823137491941452,2,1.6853614430874586,14,14,0,0,4.7491458132863045,2.801746778190136
ENG-Premier League,2526,Brighton,Yasin Ayari,1,2025,220,11385,M S,9,692,1,0.6333555281162262,1,0.6333555281162262,0,0.3074404411017895,15,8,0,0,1.780373603105545,1.187581218779087
ENG-Premier League,2526,Burnley,Armando Broja,1,2025,92,8384,S,3,36,0,0.0,0,0.0,0,0.0,0,0,0,0,0.0,0.0
ENG-Premier League,2526,Burnley,Ashley Barnes,1,2025,92,4422,S,1,6,0,0.0,0,0.0,0,0.0,0,0,0,0,0.0,0.0
ENG-Premier League,2526,Burnley,Axel Tuanzebe,1,2025,92,934,D,3,270,0,0.0,0,0.0,0,0.0,0,0,0,0,0.70909184217453,0.70909184217453
ENG-Premier League,2526,Burnley,Bashir Humphreys,1,2025,92,11243,S,1,1,0,0.0,0,0.0,0,0.0,0,0,0,0,0.0,0.0
ENG-Premier League,2526,Burnley,Chimuanya Ugochukwu,1,2025,92,9451,M S,8,470,2,1.178139865398407,2,1.178139865398407,0,0.07150717824697495,6,1,0,1,1.8995166905224323,1.1775889955461025
ENG-Premier League,2526,Burnley,Florentino Luís,1,2025,92,8969,M S,6,474,0,0.05870082229375839,0,0.05870082229375839,1,0.15061635710299015,2,5,1,0,0.9917985983192921,0.8171673910692334
ENG-Premier League,2526,Burnley,Hannibal Mejbri,1,2025,92,9558,M S,8,264,0,0.16881035827100277,0,0.16881035827100277,1,0.7295660674571991,3,3,1,0,1.0756922289729118,0.600456103682518
ENG-Premier League,2526,Burnley,Hjalmar Ekdal,1,2025,92,11704,D S,7,541,0,0.46021861117333174,0,0.46021861117333174,0,0.12951614521443844,3,2,0,0,0.49263355135917664,0.3806416131556034
ENG-Premier League,2526,Burnley,Jacob Bruun Larsen,1,2025,92,5355,M S,7,375,0,0.18747013062238693,0,0.18747013062238693,1,0.5822235345840454,4,2,0,0,1.8349633738398552,1.1812326535582542
ENG-Premier League,2526,Burnley,Jaidon Anthony,1,2025,92,10746,M,9,764,4,2.3332930095493793,4,2.3332930095493793,1,0.3474990166723728,13,8,3,0,3.694704070687294,1.2761834859848022
ENG-Premier League,2526,Burnley,Joe Worrall,1,2025,92,10756,S,4,6,0,0.0,0,0.0,0,0.0,0,0,0,0,0.0,0.0
ENG-Premier League,2526,Burnley,Josh Cullen,1,2025,92,1018,M,9,778,1,0.12402439303696156,1,0.12402439303696156,1,0.7540347389876842,4,8,0,0,3.314408930018544,2.5975482016801834
ENG-Premier League,2526,Burnley,Josh Laurent,1,2025,92,13728,D M S,9,470,0,0.13382394891232252,0,0.13382394891232252,0,0.12265605479478836,5,1,1,0,0.409012071788311,0.19286167062819004
ENG-Premier League,2526,Burnley,Kyle Walker,1,2025,92,638,D,9,810,0,0.0805505272001028,0,0.0805505272001028,1,0.4297392666339874,3,1,2,0,2.668924003839493,2.634258732199669
ENG-Premier League,2526,Burnley,Loum Tchaouna,1,2025,92,9977,M S,8,341,1,0.33420821093022823,1,0.33420821093022823,0,0.14699222147464752,6,1,1,0,1.0698163490742445,0.635299775749445
ENG-Premier League,2526,Burnley,Lyle Foster,1,2025,92,7498,F S,8,594,2,1.3705432750284672,2,1.3705432750284672,1,0.6672525368630886,8,6,2,0,2.242615096271038,0.4273011013865471
ENG-Premier League,2526,Burnley,Marcus Edwards,1,2025,92,13730,S,1,4,0,0.0,0,0.0,0,0.0,0,0,0,0,0.0,0.0
ENG-Premier League,2526,Burnley,Martin Dubravka,1,2025,92,6532,GK,9,810,0,0.0,0,0.0,0,0.0,0,0,0,0,0.233524888753891,0.233524888753891
ENG-Premier League,2526,Burnley,Maxime Estève,1,2025,92,9487,D,9,807,0,0.1381386984139681,0,0.1381386984139681,0,0.03489569202065468,4,1,0,0,0.3821956664323807,0.36328139156103134
ENG-Premier League,2526,Burnley,Oliver Sonne,1,2025,92,13726,D S,3,93,0,0.016889376565814018,0,0.016889376565814018,0,0.02691812254488468,1,1,0,0,0.1495741754770279,0.12265605479478836
ENG-Premier League,2526,Burnley,Quilindschy Hartman,1,2025,92,13727,D,9,810,0,0.07686088513582945,0,0.07686088513582945,4,1.3680050736293197,4,10,1,0,1.5541626922786236,1.3026166707277298
ENG-Premier League,2526,Burnley,Zian Flemming,1,2025,92,13729,F S,6,192,2,0.8499146811664104,2,0.8499146811664104,0,0.2714919000864029,5,2,0,0,1.0797789953649044,0.032663311809301376
ENG-Premier League,2526,Chelsea,Alejandro Garnacho,1,2025,80,10552,M S,4,195,1,0.6516016460955143,1,0.6516016460955143,0,0.08198987692594528,5,1,0,0,0.5178486593067646,0.18944604322314262
ENG-Premier League,2526,Chelsea,Andrey Santos,1,2025,80,11808,M S,7,206,0,0.898050345480442,0,0.898050345480442,0,0.1343465819954872,5,3,2,0,1.1585273668169975,0.1742713302373886
ENG-Premier League,2526,Chelsea,Benoit Badiashile Mukinayi,1,2025,80,7240,D S,2,66,0,0.0,0,0.0,0,0.0,0,0,1,0,0.03168066218495369,0.03168066218495369
ENG-Premier League,2526,Chelsea,Cole Palmer,1,2025,80,8497,M S,3,143,1,0.5224495083093643,1,0.5224495083093643,0,0.015278443694114685,9,1,0,0,0.6714966893196106,0.25048750825226307
ENG-Premier League,2526,Chelsea,Enzo Fernández,1,2025,80,11356,M,8,712,3,4.058828704059124,2,3.2976598665118217,1,1.3125432580709457,15,11,1,0,5.666052207350731,3.587426260113716
ENG-Premier League,2526,Chelsea,Estêvão,1,2025,80,13775,F M S,8,318,1,1.9587313830852509,1,1.9587313830852509,1,1.2098083160817623,11,5,2,0,3.8716429471969604,1.5617364794015884
ENG-Premier League,2526,Chelsea,Facundo Buonanotte,1,2025,80,11362,M,1,47,0,0.0,0,0.0,0,0.1689806431531906,0,2,0,0,0.1689806431531906,0.1689806431531906
ENG-Premier League,2526,Chelsea,Filip Jorgensen,1,2025,80,9272,S,1,85,0,0.0,0,0.0,0,0.0,0,0,0,0,0.0,0.0
ENG-Premier League,2526,Chelsea,Jamie Bynoe-Gittens,1,2025,80,10542,M S,7,200,0,0.13645065762102604,0,0.13645065762102604,0,0.21250656247138977,5,5,0,0,1.2845002338290215,1.0453642699867487
ENG-Premier League,2526,Chelsea,Jorrel Hato,1,2025,80,13776,D S,4,163,0,0.0,0,0.0,0,0.0,0,0,2,0,1.1571339331567287,1.1571339331567287
ENG-Premier League,2526,Chelsea,Josh Acheampong,1,2025,80,12535,D S,5,355,1,0.6539264097809792,1,0.6539264097809792,0,0.0,3,0,0,0,1.2097871787846088,1.2097871787846088
ENG-Premier League,2526,Chelsea,João Pedro,1,2025,80,8272,F M,9,770,2,1.64082220941782,2,1.64082220941782,3,2.0223333220928907,11,10,0,0,2.4767902605235577,0.7827669065445662
ENG-Premier League,2526,Chelsea,Liam Delap,1,2025,80,8868,F S,3,95,0,0.23423967137932777,0,0.23423967137932777,0,0.0,3,0,0,0,1.8049246519804,1.5706849694252014
ENG-Premier League,2526,Chelsea,Malo Gusto,1,2025,80,9017,D M S,7,391,0,0.057705553248524666,0,0.057705553248524666,1,0.541410680860281,3,4,0,1,3.6940753161907196,3.169066868722439
ENG-Premier League,2526,Chelsea,Marc Cucurella,1,2025,80,7134,D S,9,732,0,0.23387314565479755,0,0.23387314565479755,2,1.9767956752330065,6,14,2,0,3.5552766248583794,2.9602657482028008
ENG-Premier League,2526,Chelsea,Marc Guiu,1,2025,80,11633,F S,5,143,0,0.9547708854079247,0,0.9547708854079247,0,0.0,7,0,0,0,0.8448273167014122,0.0
ENG-Premier League,2526,Chelsea,Moisés Caicedo,1,2025,80,9453,M S,9,763,3,0.8330750595778227,3,0.8330750595778227,0,0.14071905054152012,10,3,1,0,4.136076116934419,3.908780748024583
ENG-Premier League,2526,Chelsea,Pedro Neto,1,2025,80,6382,F M,9,691,2,0.8729679360985756,2,0.8729679360985756,2,1.7738866303116083,11,14,0,0,2.841194011271,1.0967790689319372
ENG-Premier League,2526,Chelsea,Reece James,1,2025,80,8067,D S,9,591,1,0.6166370715945959,1,0.6166370715945959,2,1.6244151517748833,7,12,2,0,2.566433321684599,1.8615775369107723
ENG-Premier League,2526,Chelsea,Robert Sánchez,1,2025,80,9098,GK,9,724,0,0.0,0,0.0,0,0.19104263186454773,0,2,2,1,3.722430044785142,3.531387398019433
ENG-Premier League,2526,Chelsea,Romeo Lavia,1,2025,80,10004,M S,3,89,0,0.0,0,0.0,0,0.0,0,0,0,0,1.4775371849536896,1.4775371849536896
ENG-Premier League,2526,Chelsea,Tosin Adarabioyo,1,2025,80,5590,D S,6,373,0,0.03566968813538551,0,0.03566968813538551,0,0.0,1,0,1,0,1.7039565071463585,1.7039565071463585
ENG-Premier League,2526,Chelsea,Trevoh Chalobah,1,2025,80,6615,D,8,670,2,1.186815494671464,2,1.186815494671464,0,0.12196670472621918,9,2,1,1,2.698841832578182,2.582438252866268
ENG-Premier League,2526,Chelsea,Tyrique George,1,2025,80,12573,S,4,138,0,0.5434353575110435,0,0.5434353575110435,0,0.0,3,0,2,0,0.2622702568769455,0.17554336227476597
ENG-Premier League,2526,Chelsea,Wesley Fofana,1,2025,80,7589,D S,3,136,0,0.0,0,0.0,0,0.0,0,0,0,0,0.6302758380770683,0.6302758380770683
ENG-Premier League,2526,Crystal Palace,Adam Wharton,1,2025,78,12409,M,8,652,0,0.1374069033190608,0,0.1374069033190608,0,2.2419900875538588,5,14,1,0,2.9235844761133194,2.028981402516365
ENG-Premier League,2526,Crystal Palace,Borna Sosa,1,2025,78,7075,S,1,1,0,0.0,0,0.0,0,0.0,0,0,0,0,0.0,0.0
ENG-Premier League,2526,Crystal Palace,Chris Richards,1,2025,78,8430,D,9,810,0,0.18632581643760204,0,0.18632581643760204,0,0.24868161976337433,4,3,0,0,1.5557928448542953,1.4178873440250754
ENG-Premier League,2526,Crystal Palace,Christantus Uche,1,2025,78,12726,S,3,4,0,0.06011005491018295,0,0.06011005491018295,0,0.0,1,0,0,0,0.0,0.0
ENG-Premier League,2526,Crystal Palace,Daichi Kamada,1,2025,78,6145,M,7,609,0,0.2542860209941864,0,0.2542860209941864,0,0.5366126503795385,5,6,0,0,2.6182257188484073,2.014075723476708
ENG-Premier League,2526,Crystal Palace,Daniel Muñoz,1,2025,78,12408,D,9,810,1,0.958005528897047,1,0.958005528897047,2,2.2628692388534546,11,6,3,0,4.3704709289595485,1.200252522714436
ENG-Premier League,2526,Crystal Palace,Dean Henderson,1,2025,78,7702,GK,9,810,0,0.0,0,0.0,0,0.015475641936063766,0,1,1,0,1.102002952247858,1.102002952247858
ENG-Premier League,2526,Crystal Palace,Eddie Nketiah,1,2025,78,6482,S,5,90,1,0.9629506766796112,1,0.9629506766796112,0,0.8395494157448411,5,4,1,0,1.8310335213318467,0.11832206789404154
ENG-Premier League,2526,Crystal Palace,Ismaila Sarr,1,2025,78,5675,F M,7,625,3,3.550457365810871,3,3.550457365810871,1,0.9541837368160486,9,6,1,0,4.6358482837677,1.3805643022060394
ENG-Premier League,2526,Crystal Palace,Jean-Philippe Mateta,1,2025,78,5735,F,9,789,5,8.329919159412384,3,6.80758136510849,0,0.3203686773777008,29,1,2,0,7.141655966639519,0.8196825683116913
ENG-Premier League,2526,Crystal Palace,Jefferson Lerma,1,2025,78,2182,M S,8,164,0,0.4494103565812111,0,0.4494103565812111,0,0.07470468431711197,6,1,1,0,1.291187004186213,0.9376101791858673
ENG-Premier League,2526,Crystal Palace,Justin Devenny,1,2025,78,13038,F S,7,132,0,0.2894168198108673,0,0.2894168198108673,0,0.11360841244459152,5,2,0,0,0.6487324982881546,0.2991451546549797
ENG-Premier League,2526,Crystal Palace,Marc Guehi,1,2025,78,7603,D,9,810,1,1.1274596061557531,1,1.1274596061557531,1,1.2045631133951247,8,6,0,0,3.8053358709439635,2.38082308229059
ENG-Premier League,2526,Crystal Palace,Maxence Lacroix,1,2025,78,8853,D,9,810,0,1.059196611866355,0,1.059196611866355,1,0.6158778071403503,5,2,1,0,3.37979094684124,2.7529947785660625
ENG-Premier League,2526,Crystal Palace,Nathaniel Clyne,1,2025,78,603,S,1,1,0,0.0,0,0.0,0,0.0,0,0,0,0,0.0,0.0
ENG-Premier League,2526,Crystal Palace,Odsonne Edouard,1,2025,78,3697,S,1,1,0,0.0,0,0.0,0,0.0,0,0,0,0,0.0,0.0
ENG-Premier League,2526,Crystal Palace,Romain Esse,1,2025,78,13387,S,1,23,0,0.0,0,0.0,0,0.0,0,0,0,0,0.0,0.0
ENG-Premier League,2526,Crystal Palace,Tyrick Mitchell,1,2025,78,8214,D,9,810,1,0.5398246496915817,1,0.5398246496915817,0,0.5480962917208672,5,8,2,0,2.8715688018128276,2.07394443731755
ENG-Premier League,2526,Crystal Palace,Will Hughes,1,2025,78,6104,M S,7,427,0,0.14744075760245323,0,0.14744075760245323,0,0.34991372376680374,3,6,3,0,2.8688043653964996,2.6671839356422424
ENG-Premier League,2526,Crystal Palace,Yeremi Pino,1,2025,78,9024,M S,7,451,0,1.4286622311919928,0,1.4286622311919928,0,1.5361517695710063,9,7,2,0,3.704012739472091,0.7899286821484566
ENG-Premier League,2526,Everton,Beto,1,2025,72,9983,F S,9,581,1,3.50983152538538,1,3.50983152538538,0,0.5271521005779505,13,3,1,0,4.682665124535561,0.7151467204093933
ENG-Premier League,2526,Everton,Carlos Alcaraz,1,2025,72,11297,M S,7,230,0,0.15932350140064955,0,0.15932350140064955,0,0.03918924927711487,4,1,1,0,0.6782333804294467,0.559899146668613
ENG-Premier League,2526,Everton,Dwight McNeil,1,2025,72,6756,S,2,19,0,0.2338213175535202,0,0.2338213175535202,0,0.13025180995464325,2,1,0,0,0.36407312750816345,0.0
ENG-Premier League,2526,Everton,Harrison Armstrong,1,2025,72,12757,S,1,1,0,0.0,0,0.0,0,0.0,0,0,0,0,0.0,0.0
ENG-Premier League,2526,Everton,Idrissa Gueye,1,2025,72,668,M,9,781,1,0.7908102385699749,1,0.7908102385699749,0,0.13177984207868576,11,2,0,0,3.1335164410993457,2.6414646161720157
ENG-Premier League,2526,Everton,Iliman Ndiaye,1,2025,72,9307,M,9,774,3,2.312813725322485,2,1.5516448877751827,1,2.082287423312664,9,13,2,0,5.158754445612431,1.7865637810900807
ENG-Premier League,2526,Everton,Jack Grealish,1,2025,72,675,M S,8,649,1,1.8252371735870838,1,1.8252371735870838,4,2.7231927886605263,11,20,2,0,5.605725288391113,1.8108792006969452
ENG-Premier League,2526,Everton,Jake O'Brien,1,2025,72,12014,D,9,794,0,0.30546626821160316,0,0.30546626821160316,0,0.11351531650871038,5,3,0,0,2.0457466579973698,1.8860613740980625
ENG-Premier League,2526,Everton,James Garner,1,2025,72,7438,D M,9,810,1,0.6233273223042488,1,0.6233273223042488,1,0.7703575752675533,15,10,4,0,2.5880951955914497,2.056972992606461
ENG-Premier League,2526,Everton,James Tarkowski,1,2025,72,1665,D,9,810,0,0.35699406266212463,0,0.35699406266212463,0,0.4657561630010605,1,5,1,0,1.3021859852597117,1.1196332545951009
ENG-Premier League,2526,Everton,Jordan Pickford,1,2025,72,741,GK,9,810,0,0.0,0,0.0,0,0.0,0,0,0,0,0.11065132729709148,0.11065132729709148
ENG-Premier League,2526,Everton,Kiernan Dewsbury-Hall,1,2025,72,9739,M,8,718,1,0.5602471567690372,1,0.5602471567690372,1,2.0506046935915947,8,14,5,0,2.937860459089279,2.1798910051584244
ENG-Premier League,2526,Everton,Merlin Röhl,1,2025,72,11331,S,3,56,0,0.1294072587043047,0,0.1294072587043047,0,0.08966526389122009,3,1,0,0,0.2175203412771225,0.0912901908159256
ENG-Premier League,2526,Everton,Michael Keane,1,2025,72,1653,D,9,786,1,1.1499866992235184,1,1.1499866992235184,0,0.097673699259758,8,1,0,0,1.5799151612445712,0.8989523826166987
ENG-Premier League,2526,Everton,Seamus Coleman,1,2025,72,585,S,2,2,0,0.0,0,0.0,0,0.0,0,0,0,0,0.0,0.0
ENG-Premier League,2526,Everton,Thierno Barry,1,2025,72,12916,F S,9,233,0,0.7036377470940351,0,0.7036377470940351,0,0.013946576043963432,5,1,0,0,1.2352837901562452,1.0722395069897175
ENG-Premier League,2526,Everton,Tim Iroegbunam,1,2025,72,9554,M S,6,265,0,0.11947858985513449,0,0.11947858985513449,0,0.0,3,0,3,0,0.2476622462272644,0.13867663592100143
ENG-Premier League,2526,Everton,Tyler Dibling,1,2025,72,10586,M S,4,59,0,0.0,0,0.0,0,0.0,0,0,1,0,0.0,0.0
ENG-Premier League,2526,Everton,Vitalii Mykolenko,1,2025,72,10291,D,6,537,0,0.027497820556163788,0,0.027497820556163788,0,0.12252799049019814,2,2,1,0,1.7413834361359477,1.7274368600919843
ENG-Premier League,2526,Fulham,Adama Traoré,1,2025,228,900,M S,7,214,0,0.12199608981609344,0,0.12199608981609344,0,0.41468898579478264,3,3,0,0,0.9077469445765018,0.408113569021225
ENG-Premier League,2526,Fulham,Alex Iwobi,1,2025,228,500,M,9,751,1,0.7399835484102368,1,0.7399835484102368,2,1.4709196388721466,12,13,2,0,2.6935969535261393,1.262877695262432
ENG-Premier League,2526,Fulham,Antonee Robinson,1,2025,228,8940,S,3,41,0,0.0,0,0.0,0,0.07385880500078201,0,1,0,0,0.6864679530262947,0.6864679530262947
ENG-Premier League,2526,Fulham,Bernd Leno,1,2025,228,181,GK,9,810,0,0.0,0,0.0,0,0.0,0,0,1,0,1.2531005926430225,1.2531005926430225
ENG-Premier League,2526,Fulham,Calvin Bassey,1,2025,228,11728,D S,9,722,0,0.0741005502641201,0,0.0741005502641201,0,0.023829974234104156,2,1,2,0,2.081410638988018,2.064360372722149
ENG-Premier League,2526,Fulham,Emile Smith-Rowe,1,2025,228,7230,M S,9,162,1,0.6867423970252275,1,0.6867423970252275,0,0.0861847996711731,4,2,0,0,1.3418106650933623,0.6316490722820163
ENG-Premier League,2526,Fulham,Harry Wilson,1,2025,228,5596,M S,8,533,1,0.9934127815067768,1,0.9934127815067768,0,0.3570055067539215,13,6,1,0,1.3680978938937187,0.3821678590029478
ENG-Premier League,2526,Fulham,Issa Diop,1,2025,228,3203,D S,3,229,0,0.0,0,0.0,0,0.0,0,0,1,0,0.6382313817739487,0.6382313817739487
ENG-Premier League,2526,Fulham,Joachim Andersen,1,2025,228,6314,D,8,671,0,0.2734111398458481,0,0.2734111398458481,0,0.2841188907623291,3,2,0,0,2.0822285413742065,2.0080026909708977
ENG-Premier League,2526,Fulham,Jonah Kusi-Asare,1,2025,228,13262,S,1,1,0,0.0,0,0.0,0,0.0,0,0,0,0,0.0,0.0
ENG-Premier League,2526,Fulham,Jorge Cuenca,1,2025,228,8489,D S,3,174,0,0.0,0,0.0,0,0.0,0,0,0,0,0.22743036597967148,0.22743036597967148
ENG-Premier League,2526,Fulham,Joshua King,1,2025,228,12410,F M S,9,586,0,1.0779936388134956,0,1.0779936388134956,0,0.15141087118536234,11,3,2,0,2.0816175043582916,0.9703094735741615
ENG-Premier League,2526,Fulham,Kenny Tete,1,2025,228,5973,D,6,540,0,0.08857805281877518,0,0.08857805281877518,0,0.08524645306169987,1,2,1,0,0.7496251128613949,0.6643786504864693
ENG-Premier League,2526,Fulham,Kevin,1,2025,228,14030,S,6,132,0,0.06329891830682755,0,0.06329891830682755,0,0.24400006979703903,2,4,1,0,1.3997525945305824,1.1503137350082397
ENG-Premier League,2526,Fulham,Raúl Jiménez,1,2025,228,4105,F S,8,306,1,1.5065513253211975,1,1.5065513253211975,0,0.0,12,0,0,0,1.447188176214695,0.10864680632948875
ENG-Premier League,2526,Fulham,Rodrigo Muniz,1,2025,228,10717,F S,5,334,1,1.6806066185235977,1,1.6806066185235977,1,0.5352762266993523,8,4,1,0,1.9731696993112564,1.0010120272636414
ENG-Premier League,2526,Fulham,Ryan Sessegnon,1,2025,228,6837,D,8,679,1,0.40179780311882496,1,0.40179780311882496,0,1.2123570516705513,3,5,0,0,2.4144894778728485,1.7076197750866413
ENG-Premier League,2526,Fulham,Samuel Chukwueze,1,2025,228,7208,S,2,21,0,0.0646590143442154,0,0.0646590143442154,1,0.3843463659286499,2,2,0,0,0.57716304063797,0.4805053872987628
ENG-Premier League,2526,Fulham,Sander Berge,1,2025,228,8285,M,9,781,0,0.15856357663869858,0,0.15856357663869858,0,0.4977284576743841,2,4,1,0,1.7791772708296776,1.258029617369175
ENG-Premier League,2526,Fulham,Sasa Lukic,1,2025,228,1537,M,8,638,1,1.7193342745304108,1,1.7193342745304108,1,0.983442697674036,7,13,4,0,2.731437027454376,0.7413006536662579
ENG-Premier League,2526,Fulham,Timothy Castagne,1,2025,228,6157,D M S,7,410,0,0.31681764125823975,0,0.31681764125823975,0,0.15272710751742125,4,3,0,0,1.3145303865894675,1.0073604620993137
ENG-Premier League,2526,Fulham,Tom Cairney,1,2025,228,6835,M S,6,182,0,0.2342386394739151,0,0.2342386394739151,0,0.04145493730902672,5,1,1,0,0.8213228955864906,0.6838863864541054
ENG-Premier League,2526,Leeds,Anton Stach,1,2025,245,9910,M,8,685,1,0.8617945052683353,1,0.8617945052683353,1,1.2261624485254288,14,13,1,0,2.321663372218609,0.8260103389620781
ENG-Premier League,2526,Leeds,Ao Tanaka,1,2025,245,13834,M S,7,268,0,0.18804559856653214,0,0.18804559856653214,0,0.15304486081004143,3,4,0,0,1.148906972259283,0.8421777747571468
ENG-Premier League,2526,Leeds,Brenden Aaronson,1,2025,245,10751,F S,9,554,1,2.546367719769478,1,2.546367719769478,0,1.2075262852013111,12,9,1,0,4.471655391156673,0.9960210435092449
ENG-Premier League,2526,Leeds,Daniel James,1,2025,245,5595,F S,6,247,0,0.45565418899059296,0,0.45565418899059296,0,0.3027481660246849,5,4,0,0,0.8083846345543861,0.06474091112613678
ENG-Premier League,2526,Leeds,Dominic Calvert-Lewin,1,2025,245,5555,F S,7,535,1,1.450357113033533,1,1.450357113033533,0,0.7184300236403942,14,8,0,0,2.584266871213913,0.5369904637336731
ENG-Premier League,2526,Leeds,Ethan Ampadu,1,2025,245,6369,M,7,610,0,0.18084257375448942,0,0.18084257375448942,0,0.05965100508183241,4,2,2,0,2.1964635141193867,2.004704475402832
ENG-Premier League,2526,Leeds,Gabriel Gudmundsson,1,2025,245,9944,D,9,750,0,0.11876989156007767,0,0.11876989156007767,0,1.333420354872942,3,9,1,0,2.18835286796093,1.0112751498818398
ENG-Premier League,2526,Leeds,Ilia Gruev,1,2025,245,8000,M S,5,198,0,0.0,0,0.0,0,0.0,0,0,1,0,0.1876790001988411,0.1876790001988411
ENG-Premier League,2526,Leeds,Jack Harrison,1,2025,245,8720,F S,8,215,0,0.43386831134557724,0,0.43386831134557724,0,0.3380284607410431,6,1,0,0,0.9058532929047942,0.16853430774062872
ENG-Premier League,2526,Leeds,Jaka Bijol,1,2025,245,6807,D,1,90,0,0.0,0,0.0,0,0.12537430226802826,0,1,0,0,0.7753614187240601,0.6499871015548706
ENG-Premier League,2526,Leeds,James Justin,1,2025,245,7753,S,4,58,0,0.0,0,0.0,0,0.0,0,0,1,0,0.137452632188797,0.137452632188797
ENG-Premier League,2526,Leeds,Jayden Bogle,1,2025,245,9205,D,9,802,0,0.6565954647958279,0,0.6565954647958279,0,0.5195110403001308,8,3,2,0,2.636538065969944,1.843496136367321
ENG-Premier League,2526,Leeds,Joe Rodon,1,2025,245,6377,D,9,810,2,1.043833151459694,2,1.043833151459694,0,0.12877236306667328,8,2,0,0,1.5955144129693508,1.4856834970414639
ENG-Premier League,2526,Leeds,Joël Piroe,1,2025,245,13835,F S,4,162,0,0.7303813099861145,0,0.7303813099861145,0,0.0,6,0,0,0,0.8037411347031593,0.07335985451936722
ENG-Premier League,2526,Leeds,Karl Darlow,1,2025,245,780,GK,5,450,0,0.0,0,0.0,0,0.0,0,0,0,0,0.2601579315960407,0.2601579315960407
ENG-Premier League,2526,Leeds,Lucas Perri,1,2025,245,12369,GK,4,360,0,0.0,0,0.0,0,0.0,0,0,1,0,0.8014490082859993,0.8014490082859993
ENG-Premier League,2526,Leeds,Lukas Nmecha,1,2025,245,6544,F S,9,169,1,1.5993803814053535,0,0.8382115215063095,0,0.0,5,0,0,0,1.2124674394726753,0.374255895614624
ENG-Premier League,2526,Leeds,Noah Okafor,1,2025,245,11966,F S,6,373,2,1.653923287987709,2,1.653923287987709,0,0.7157847434282303,8,4,2,0,3.0841075778007507,0.763745691627264
ENG-Premier League,2526,Leeds,Pascal Struijk,1,2025,245,8717,D,8,720,0,0.5395675823092461,0,0.5395675823092461,0,0.03986091446131468,8,2,1,0,0.6754201082512736,0.5155079253017902
ENG-Premier League,2526,Leeds,Sam Byram,1,2025,245,902,S,1,4,0,0.0,0,0.0,0,0.0,0,0,0,0,0.0,0.0
ENG-Premier League,2526,Leeds,Sean Longstaff,1,2025,245,7078,M S,9,656,1,0.32174988836050034,1,0.32174988836050034,2,1.9621873404830694,8,18,0,0,2.434456504881382,1.6823562532663345
ENG-Premier League,2526,Leeds,Wilfried Gnonto,1,2025,245,11155,F S,4,201,0,0.16809068247675896,0,0.16809068247675896,0,0.051310401409864426,5,1,1,0,0.4461477920413017,0.268769346177578
ENG-Premier League,2526,Liverpool,Alexander Isak,1,2025,87,5232,F S,4,264,0,1.4005520939826965,0,1.4005520939826965,1,0.8188285231590271,6,1,0,0,2.3711809515953064,0.9481621384620667
ENG-Premier League,2526,Liverpool,Alexis Mac Allister,1,2025,87,8379,M S,8,500,0,0.4915630668401718,0,0.4915630668401718,1,1.0221948474645615,8,5,0,0,2.9265081807971,2.21930705755949
ENG-Premier League,2526,Liverpool,Alisson,1,2025,87,1257,GK,6,540,0,0.0,0,0.0,0,0.0,0,0,0,0,1.5709716528654099,1.5709716528654099
ENG-Premier League,2526,Liverpool,Andrew Robertson,1,2025,87,1688,S,4,137,0,0.2048274464905262,0,0.2048274464905262,0,0.4108383357524872,2,5,0,0,0.9911844283342361,0.8418784588575363
ENG-Premier League,2526,Liverpool,Cody Gakpo,1,2025,87,11296,M S,9,702,3,3.1211695801466703,3,3.1211695801466703,2,3.1939458176493645,22,19,0,0,6.151400923728943,1.3777907211333513
ENG-Premier League,2526,Liverpool,Conor Bradley,1,2025,87,10120,D S,7,373,0,0.060114833526313305,0,0.060114833526313305,0,0.010452482849359512,2,1,3,0,1.27592384070158,1.215809017419815
ENG-Premier League,2526,Liverpool,Curtis Jones,1,2025,87,6665,M S,8,307,0,0.22870978899300098,0,0.22870978899300098,0,0.5257017947733402,4,3,0,0,1.9603212866932154,1.5998060628771782
ENG-Premier League,2526,Liverpool,Dominik Szoboszlai,1,2025,87,9788,D M,9,810,1,1.0656496100127697,1,1.0656496100127697,1,1.396579634398222,16,13,2,0,6.270874321460724,4.647570937871933
ENG-Premier League,2526,Liverpool,Federico Chiesa,1,2025,87,1433,S,7,79,2,1.0253721848130226,2,1.0253721848130226,1,0.7863274216651917,7,1,1,0,2.2629924342036247,0.45129282772541046
ENG-Premier League,2526,Liverpool,Florian Wirtz,1,2025,87,8397,M S,9,616,0,1.3688985668122768,0,1.3688985668122768,0,0.9946440309286118,10,15,1,0,5.353924624621868,3.606668159365654
ENG-Premier League,2526,Liverpool,Giorgi Mamardashvili,1,2025,87,9693,GK,3,270,0,0.0,0,0.0,0,0.0,0,0,0,0,1.678116798400879,1.678116798400879
ENG-Premier League,2526,Liverpool,Hugo Ekitike,1,2025,87,8995,F S,8,511,3,2.262521579861641,3,2.262521579861641,1,0.34205078333616257,16,5,0,0,3.2734155654907227,1.2817152738571167
ENG-Premier League,2526,Liverpool,Ibrahima Konaté,1,2025,87,6326,D,9,762,0,1.0372856128960848,0,1.0372856128960848,0,0.6114864880219102,4,5,2,0,3.1156900003552437,2.872705467045307
ENG-Premier League,2526,Liverpool,Jeremie Frimpong,1,2025,87,9328,D S,4,71,0,0.09516934491693974,0,0.09516934491693974,0,0.5381103157997131,2,1,0,0,0.644782904535532,0.5652611143887043
ENG-Premier League,2526,Liverpool,Joseph Gomez,1,2025,87,987,S,3,27,0,0.0,0,0.0,0,0.0,0,0,0,0,0.0,0.0
ENG-Premier League,2526,Liverpool,Milos Kerkez,1,2025,87,11709,D,9,673,1,0.7317156083881855,1,0.7317156083881855,0,0.4151645265519619,3,4,3,0,4.494034059345722,3.540381472557783
ENG-Premier League,2526,Liverpool,Mohamed Salah,1,2025,87,1250,M,9,809,3,3.0170955136418343,2,2.255926676094532,2,1.7240691669285297,19,17,1,0,4.201127931475639,1.1367772668600082
ENG-Premier League,2526,Liverpool,Rio Ngumoha,1,2025,87,13692,S,4,18,1,0.3935171365737915,1,0.3935171365737915,0,0.0952558871358633,1,2,0,0,0.560586966574192,0.07181394193321466
ENG-Premier League,2526,Liverpool,Ryan Gravenberch,1,2025,87,10697,M,7,606,2,0.2898444961756468,2,0.2898444961756468,1,0.6453477051109076,10,6,2,0,3.415790632367134,2.745484232902527
ENG-Premier League,2526,Liverpool,Virgil van Dijk,1,2025,87,833,D,9,810,0,0.5326804965734482,0,0.5326804965734482,0,0.04061364196240902,4,2,1,0,4.584227815270424,4.565483823418617
ENG-Premier League,2526,Liverpool,Wataru Endo,1,2025,87,8808,S,4,31,0,0.0,0,0.0,1,0.13890482485294342,0,1,1,0,0.2620159834623337,0.12311115860939026
ENG-Premier League,2526,Manchester City,Abduqodir Khusanov,1,2025,88,11763,D S,4,234,0,0.0,0,0.0,0,0.0,0,0,1,0,0.631830669939518,0.631830669939518
ENG-Premier League,2526,Manchester City,Bernardo Silva,1,2025,88,3635,M S,9,465,0,0.06499067693948746,0,0.06499067693948746,1,2.0378360375761986,1,9,1,0,3.3759902082383633,2.3079630583524704
ENG-Premier League,2526,Manchester City,Erling Haaland,1,2025,88,8260,F,9,787,11,9.195406258106232,11,9.195406258106232,1,1.298770397901535,37,4,0,0,9.417732834815979,0.849039763212204
ENG-Premier League,2526,Manchester City,Gianluigi Donnarumma,1,2025,88,1116,GK,6,540,0,0.0,0,0.0,0,0.0,0,0,1,0,1.090306993573904,1.090306993573904
ENG-Premier League,2526,Manchester City,James Trafford,1,2025,88,9077,GK,3,270,0,0.0,0,0.0,0,0.0,0,0,0,0,1.4181099254637957,1.4181099254637957
ENG-Premier League,2526,Manchester City,John Stones,1,2025,88,586,D S,5,332,0,0.0,0,0.0,0,0.06276297569274902,0,1,0,0,1.9594624154269695,1.8966994397342205
ENG-Premier League,2526,Manchester City,Josko Gvardiol,1,2025,88,9790,D,5,433,0,0.17431123927235603,0,0.17431123927235603,1,0.3714890107512474,5,2,0,0,2.1415152698755264,2.0462335497140884
ENG-Premier League,2526,Manchester City,Jéremy Doku,1,2025,88,8981,F M S,9,470,0,1.4238160252571106,0,1.4238160252571106,3,1.9938989263027906,5,16,0,0,4.500529235228896,2.1474674977362156
ENG-Premier League,2526,Manchester City,Mateo Kovacic,1,2025,88,2254,S,1,2,0,0.0,0,0.0,0,0.0,0,0,0,0,0.3933921456336975,0.3933921456336975
ENG-Premier League,2526,Manchester City,Matheus Nunes,1,2025,88,11000,D S,7,508,1,0.5744845494627953,1,0.5744845494627953,0,0.15364092588424683,4,2,1,0,4.157597467303276,3.482075646519661
ENG-Premier League,2526,Manchester City,Mathis Cherki,1,2025,88,8094,M S,4,87,1,0.16294880956411362,1,0.16294880956411362,0,0.8469612952321768,3,3,0,0,0.7832511886954308,0.6203023940324783
ENG-Premier League,2526,Manchester City,Nathan Aké,1,2025,88,579,D S,5,193,0,0.17773552238941193,0,0.17773552238941193,0,0.1935984045267105,3,1,0,0,1.662221148610115,1.5640262514352798
ENG-Premier League,2526,Manchester City,Nico González,1,2025,88,9802,M S,8,467,0,0.2329460084438324,0,0.2329460084438324,0,0.5370662957429886,5,4,2,0,3.730377957224846,3.606392800807953
ENG-Premier League,2526,Manchester City,Nico O'Reilly,1,2025,88,11592,D S,8,501,0,0.4347860589623451,0,0.4347860589623451,1,0.8075699284672737,7,6,2,0,4.097563674673438,3.3471854515373707
ENG-Premier League,2526,Manchester City,Omar Marmoush,1,2025,88,8393,F M S,4,160,0,0.6716732159256935,0,0.6716732159256935,1,0.9960359930992126,5,2,0,0,1.5769948363304138,0.1493370234966278
ENG-Premier League,2526,Manchester City,Oscar Bobb,1,2025,88,11903,F M S,8,460,0,0.7998874932527542,0,0.7998874932527542,1,0.619442593306303,3,9,0,0,3.5001355707645416,2.452011361718178
ENG-Premier League,2526,Manchester City,Phil Foden,1,2025,88,6055,M S,7,531,1,0.8169246390461922,1,0.8169246390461922,0,1.0518803875893354,12,16,2,0,4.359534006565809,3.224204044789076
ENG-Premier League,2526,Manchester City,Rayan Ait Nouri,1,2025,88,6674,D,3,202,0,0.057533614337444305,0,0.057533614337444305,0,0.1667600143700838,2,2,1,0,2.40728223323822,2.3497486114501953
ENG-Premier League,2526,Manchester City,Rico Lewis,1,2025,88,10847,D S,5,169,0,0.017117779701948166,0,0.017117779701948166,1,0.8571385145187378,1,2,0,0,1.5130915343761444,0.754147857427597
ENG-Premier League,2526,Manchester City,Rodri,1,2025,88,2496,M S,5,286,0,0.10182833485305309,0,0.10182833485305309,0,0.0920630395412445,3,3,0,0,1.901040956377983,1.7739518135786057
ENG-Premier League,2526,Manchester City,Rúben Dias,1,2025,88,8961,D S,9,721,0,0.06972702592611313,0,0.06972702592611313,0,0.022162409499287605,2,1,0,0,4.899398358538747,4.877235980704427
ENG-Premier League,2526,Manchester City,Sávio,1,2025,88,11735,M S,6,342,0,0.5321384407579899,0,0.5321384407579899,1,0.23089541494846344,5,2,1,0,1.3028138987720013,0.9092059545218945
ENG-Premier League,2526,Manchester City,Tijjani Reijnders,1,2025,88,11965,M,9,754,1,1.563692096620798,1,1.563692096620798,2,1.6604485139250755,19,9,2,0,6.365798957645893,3.9225388169288635
ENG-Premier League,2526,Manchester United,Altay Bayindir,1,2025,89,12054,GK,6,540,0,0.0,0,0.0,0,0.2939172387123108,0,1,0,0,1.0489089861512184,0.7549917474389076
ENG-Premier League,2526,Manchester United,Amad Diallo Traore,1,2025,89,8127,D M S,8,582,0,1.5336670596152544,0,1.5336670596152544,1,1.3437568917870522,12,10,1,0,4.3241394609212875,2.4464696291834116
ENG-Premier League,2526,Manchester United,Ayden Heaven,1,2025,89,13080,S,2,25,0,0.0,0,0.0,1,0.34458863735198975,0,1,0,0,0.34458863735198975,0.0
ENG-Premier League,2526,Manchester United,Benjamin Sesko,1,2025,89,11974,F S,9,494,2,3.5695133479312062,2,3.5695133479312062,1,0.4847502112388611,15,7,1,0,4.198654271662235,0.26639269292354584
ENG-Premier League,2526,Manchester United,Bruno Fernandes,1,2025,89,1228,M,9,809,2,4.2814233507961035,1,1.9979168195277452,1,2.3394183553755283,22,25,2,0,4.7471264116466045,2.2882239520549774
ENG-Premier League,2526,Manchester United,Bryan Mbeumo,1,2025,89,6552,M,9,793,4,3.847964346408844,4,3.847964346408844,1,2.3421524055302143,23,15,0,0,6.537683911621571,1.2591263595968485
ENG-Premier League,2526,Manchester United,Casemiro,1,2025,89,2248,M S,8,482,2,0.8607204221189022,2,0.8607204221189022,1,0.18748679384589195,6,3,3,1,1.09053860232234,0.8743246160447598
ENG-Premier League,2526,Manchester United,Diogo Dalot,1,2025,89,7281,D S,7,522,0,0.1696458738297224,0,0.1696458738297224,1,1.1023087399080396,3,9,0,0,2.583597607910633,1.7607159614562988
ENG-Premier League,2526,Manchester United,Harry Maguire,1,2025,89,1687,D S,7,278,1,0.35102613642811775,1,0.35102613642811775,1,0.19499868154525757,4,1,0,0,0.640780933201313,0.640780933201313
ENG-Premier League,2526,Manchester United,Joshua Zirkzee,1,2025,89,8044,S,4,77,0,1.2398620322346687,0,1.2398620322346687,0,0.027649320662021637,8,1,0,0,2.5597498565912247,1.3241303637623787
ENG-Premier League,2526,Manchester United,Kobbie Mainoo,1,2025,89,11174,S,7,111,0,0.05912639573216438,0,0.05912639573216438,0,0.17954465560615063,2,4,0,0,0.48759736120700836,0.2489263191819191
ENG-Premier League,2526,Manchester United,Leny Yoro,1,2025,89,10564,D S,9,543,0,0.18627256527543068,0,0.18627256527543068,0,0.04197749122977257,3,1,0,0,1.061697844415903,1.0023045241832733
ENG-Premier League,2526,Manchester United,Luke Shaw,1,2025,89,1006,D,9,770,0,0.08364910632371902,0,0.08364910632371902,1,0.08725759759545326,1,2,0,0,1.5584739316254854,1.5345325339585543
ENG-Premier League,2526,Manchester United,Manuel Ugarte,1,2025,89,11766,M S,8,264,0,0.032165332697331905,0,0.032165332697331905,0,0.016931818798184395,2,1,0,0,0.20889057591557503,0.15979341976344585
ENG-Premier League,2526,Manchester United,Mason Mount,1,2025,89,7768,M S,7,342,1,0.814672589302063,1,0.814672589302063,0,0.5059789791703224,6,6,0,0,1.3594021648168564,0.3388095274567604
ENG-Premier League,2526,Manchester United,Matheus Cunha,1,2025,89,7080,F M S,8,507,1,1.3625686075538397,1,1.3625686075538397,0,0.4675070494413376,19,6,0,0,3.3028156086802483,1.7080059256404638
ENG-Premier League,2526,Manchester United,Matthijs de Ligt,1,2025,89,7902,D,9,810,0,0.8882434964179993,0,0.8882434964179993,0,0.2317677140235901,6,2,0,0,1.3598622679710388,0.9956497997045517
ENG-Premier League,2526,Manchester United,Noussair Mazraoui,1,2025,89,10696,D S,3,139,0,0.0,0,0.0,0,0.0,0,0,0,0,0.8706846982240677,0.8706846982240677
ENG-Premier League,2526,Manchester United,Patrick Dorgu,1,2025,89,11944,D S,8,515,0,0.2801281586289406,0,0.2801281586289406,1,0.8954050615429878,4,7,3,0,1.6606702972203493,0.5679224748164415
ENG-Premier League,2526,Manchester United,Senne Lammens,1,2025,89,14056,GK,3,270,0,0.0,0,0.0,0,0.0,0,0,0,0,0.13764132745563984,0.13764132745563984
ENG-Premier League,2526,Newcastle United,Anthony Elanga,1,2025,86,9524,F S,9,374,0,0.707071278244257,0,0.707071278244257,0,0.3334111049771309,4,6,0,0,1.3364228084683418,0.31633276119828224
ENG-Premier League,2526,Newcastle United,Anthony Gordon,1,2025,86,8150,F,6,435,0,1.8499785140156746,0,1.8499785140156746,0,1.0911123603582382,13,7,0,1,3.571289721876383,1.2297871448099613
ENG-Premier League,2526,Newcastle United,Bruno Guimarães,1,2025,86,8327,M,8,720,3,1.8056308515369892,3,1.8056308515369892,0,0.4710824526846409,12,11,2,0,3.9724277332425117,1.819402389228344
ENG-Premier League,2526,Newcastle United,Dan Burn,1,2025,86,7382,D,9,810,0,0.03565345145761967,0,0.03565345145761967,1,0.08876627776771784,2,3,3,0,1.2866566684097052,1.2135093491524458
ENG-Premier League,2526,Newcastle United,Fabian Schär,1,2025,86,76,D S,5,384,0,0.05895868316292763,0,0.05895868316292763,0,0.07261231448501348,4,2,0,0,1.3220452517271042,1.2713547870516777
ENG-Premier League,2526,Newcastle United,Harvey Barnes,1,2025,86,6681,F S,9,359,0,0.6517571080476046,0,0.6517571080476046,0,1.0700091049075127,9,6,0,0,1.8737321551889181,0.6947204675525427
ENG-Premier League,2526,Newcastle United,Jacob Murphy,1,2025,86,6063,F S,8,426,1,1.9520321562886238,1,1.9520321562886238,1,0.9638074710965157,20,4,0,0,3.2132991552352905,0.9984656311571598
ENG-Premier League,2526,Newcastle United,Jacob Ramsey,1,2025,86,8941,M S,3,74,0,0.05618707090616226,0,0.05618707090616226,0,0.21376905962824821,1,4,0,0,0.38186395168304443,0.29310353100299835
ENG-Premier League,2526,Newcastle United,Jamaal Lascelles,1,2025,86,766,S,2,8,0,0.0783025473356247,0,0.0783025473356247,0,0.0,1,0,0,0,0.0,0.0
ENG-Premier League,2526,Newcastle United,Joe Willock,1,2025,86,6630,M S,2,86,0,0.05826233699917793,0,0.05826233699917793,0,0.0,1,0,0,0,0.0,0.0
ENG-Premier League,2526,Newcastle United,Joelinton,1,2025,86,87,M,7,555,0,0.7112237038090825,0,0.7112237038090825,0,0.8610525913536549,7,5,2,0,3.7164520248770714,2.740631438791752
ENG-Premier League,2526,Newcastle United,Kieran Trippier,1,2025,86,652,D S,8,613,0,0.0,0,0.0,0,0.5579226058907807,0,14,0,0,2.4229263365268707,2.129330523312092
ENG-Premier League,2526,Newcastle United,Lewis Hall,1,2025,86,10216,D S,3,123,0,0.02208450809121132,0,0.02208450809121132,0,0.0,1,0,0,0,0.02208450809121132,0.0
ENG-Premier League,2526,Newcastle United,Lewis Miley,1,2025,86,11386,M S,7,258,0,0.03532935678958893,0,0.03532935678958893,1,0.25820425897836685,1,4,0,0,1.1178541034460068,1.0415328964591026
ENG-Premier League,2526,Newcastle United,Malick Thiaw,1,2025,86,8378,D S,6,452,0,0.5649788994342089,0,0.5649788994342089,0,0.6320949792861938,6,1,1,0,1.07720547914505,0.6185977905988693
ENG-Premier League,2526,Newcastle United,Nick Pope,1,2025,86,5552,GK,9,810,0,0.0,0,0.0,0,0.0,0,0,1,0,0.32014670222997665,0.32014670222997665
ENG-Premier League,2526,Newcastle United,Nick Woltemade,1,2025,86,8117,F,6,499,4,3.9454934746026993,3,3.184324637055397,0,0.1353954505175352,13,3,0,0,1.8465479165315628,0.7241881340742111
ENG-Premier League,2526,Newcastle United,Sandro Tonali,1,2025,86,7958,M S,9,714,0,0.370648805052042,0,0.370648805052042,1,1.714543890208006,12,14,0,0,2.6473493091762066,1.7739576883614063
ENG-Premier League,2526,Newcastle United,Sven Botman,1,2025,86,8635,D S,7,496,0,0.17865289747714996,0,0.17865289747714996,0,0.507456824183464,2,2,0,0,0.6610893458127975,0.6610893458127975
ENG-Premier League,2526,Newcastle United,Valentino Livramento,1,2025,86,9512,D,6,534,0,0.0,0,0.0,1,0.3578917309641838,0,3,0,0,2.096921145915985,1.7542267143726349
ENG-Premier League,2526,Newcastle United,William Osula,1,2025,86,9556,F S,9,143,1,0.7171518541872501,1,0.7171518541872501,0,0.060651179403066635,5,1,0,0,0.5099684111773968,0.1278870292007923
ENG-Premier League,2526,Nottingham Forest,Arnaud Kalimuendo Muinga,1,2025,249,8056,S,6,57,0,0.2120346575975418,0,0.2120346575975418,0,0.011348750442266464,3,1,0,0,0.2616480737924576,0.04961341619491577
ENG-Premier League,2526,Nottingham Forest,Callum Hudson-Odoi,1,2025,249,6456,M S,9,486,1,0.5243051759898663,1,0.5243051759898663,0,1.6094737574458122,6,12,0,0,3.596074916422367,1.838211189955473
ENG-Premier League,2526,Nottingham Forest,Chris Wood,1,2025,249,4456,F S,8,560,2,2.0672987550497055,2,2.0672987550497055,0,0.17429565265774727,16,3,0,0,2.1495288610458374,0.16340264305472374
ENG-Premier League,2526,Nottingham Forest,Dan Ndoye,1,2025,249,8662,F M,8,595,1,0.37353246845304966,1,0.37353246845304966,1,0.696059912443161,3,6,0,0,1.6634451523423195,0.5938527584075928
ENG-Premier League,2526,Nottingham Forest,Dilane Bakwa,1,2025,249,8920,M S,4,168,0,0.14998166263103485,0,0.14998166263103485,0,0.3195057734847069,3,5,0,0,0.6317077688872814,0.3658992163836956
ENG-Premier League,2526,Nottingham Forest,Douglas Luiz,1,2025,249,6122,M,3,179,0,0.023048534989356995,0,0.023048534989356995,0,0.5203484669327736,1,2,1,0,0.8908680193126202,0.3705195300281048
ENG-Premier League,2526,Nottingham Forest,Elliot Anderson,1,2025,249,9154,M,9,810,0,0.6691399328410625,0,0.6691399328410625,1,0.9028390720486641,9,12,2,0,4.215089172124863,3.0386094748973846
ENG-Premier League,2526,Nottingham Forest,Ibrahim Sangare,1,2025,249,5722,M S,6,452,0,0.44785767886787653,0,0.44785767886787653,0,0.03345363214612007,4,1,1,0,1.750298336148262,1.710821345448494
ENG-Premier League,2526,Nottingham Forest,Igor Jesus,1,2025,249,13778,F S,8,181,0,0.8738670833408833,0,0.8738670833408833,0,0.09597817622125149,5,2,0,0,1.040593946352601,0.14548092149198055
ENG-Premier League,2526,Nottingham Forest,Jair,1,2025,249,13779,D,1,90,0,0.0,0,0.0,0,0.0,0,0,0,0,0.0,0.0
ENG-Premier League,2526,Nottingham Forest,James McAtee,1,2025,249,10126,M S,4,120,0,0.01315337885171175,0,0.01315337885171175,0,0.2934955358505249,1,3,0,0,0.33312509674578905,0.03962956089526415
ENG-Premier League,2526,Nottingham Forest,Jota Silva,1,2025,249,12766,S,1,7,0,0.0,0,0.0,0,0.0,0,0,0,0,0.0,0.0
ENG-Premier League,2526,Nottingham Forest,Matz Sels,1,2025,249,6903,GK,9,810,0,0.0,0,0.0,0,0.0,0,0,1,0,0.7846542680636048,0.7846542680636048
ENG-Premier League,2526,Nottingham Forest,Morato,1,2025,249,13068,D,5,439,0,0.026082856580615044,0,0.026082856580615044,0,0.0,1,0,3,0,0.5125472992658615,0.4864644408226013
ENG-Premier League,2526,Nottingham Forest,Morgan Gibbs-White,1,2025,249,6857,F M S,9,743,0,1.8485316261649132,0,1.8485316261649132,1,0.5880695506930351,20,8,0,0,3.2728316113352776,1.7041676379740238
ENG-Premier League,2526,Nottingham Forest,Murillo,1,2025,249,12123,D,6,471,0,0.0,0,0.0,0,0.0,0,0,1,0,2.078491762280464,2.078491762280464
ENG-Premier League,2526,Nottingham Forest,Neco Williams,1,2025,249,8204,D,9,810,1,0.6544171907007694,1,0.6544171907007694,0,0.5983340367674828,10,7,4,0,2.685258086770773,1.7536802999675274
ENG-Premier League,2526,Nottingham Forest,Nicolás Domínguez,1,2025,249,8252,M S,2,53,0,0.0,0,0.0,0,0.04874737933278084,0,1,1,0,0.08186683058738708,0.08186683058738708
ENG-Premier League,2526,Nottingham Forest,Nicolò Savona,1,2025,249,12905,D S,4,249,0,0.0,0,0.0,0,0.0,0,0,0,0,0.13384471461176872,0.13384471461176872
ENG-Premier League,2526,Nottingham Forest,Nikola Milenkovic,1,2025,249,6174,D,9,810,0,0.2133035622537136,0,0.2133035622537136,0,0.12305343151092529,4,1,1,0,1.2296941485255957,1.2296941485255957
ENG-Premier League,2526,Nottingham Forest,Ola Aina,1,2025,249,725,D,3,270,0,0.023151176050305367,0,0.023151176050305367,0,0.09227590635418892,2,2,1,0,0.7890547513961792,0.6736276596784592
ENG-Premier League,2526,Nottingham Forest,Oleksandr Zinchenko,1,2025,249,2958,D,3,255,0,0.0403057299554348,0,0.0403057299554348,0,0.36187228560447693,3,3,0,0,0.9974335581064224,0.9462578147649765
ENG-Premier League,2526,Nottingham Forest,Omari Hutchinson,1,2025,249,10348,S,5,89,0,0.6937632113695145,0,0.6937632113695145,0,0.5952215828001499,4,5,0,0,1.2889847792685032,0.3272562325000763
ENG-Premier League,2526,Nottingham Forest,Ryan Yates,1,2025,249,11003,M S,5,121,0,0.0545988529920578,0,0.0545988529920578,0,0.0,1,0,1,0,0.10334623232483864,0.04874737933278084
ENG-Premier League,2526,Nottingham Forest,Taiwo Awoniyi,1,2025,249,7814,F S,2,89,0,0.17148704826831818,0,0.17148704826831818,0,0.06287747621536255,3,1,0,0,0.23436452448368073,0.0
ENG-Premier League,2526,Sunderland,Arthur Masuaku,1,2025,77,1760,D S,3,132,0,0.07842346280813217,0,0.07842346280813217,0,0.05806344375014305,1,1,1,0,0.15544621646404266,0.09738276898860931
ENG-Premier League,2526,Sunderland,Bertrand Traoré,1,2025,77,695,M S,4,228,0,0.32552816718816757,0,0.32552816718816757,0,0.7005581324920058,5,3,1,0,0.8803011700510979,0.5547730242833495
ENG-Premier League,2526,Sunderland,Brian Brobbey,1,2025,77,9789,S,4,57,0,0.0,0,0.0,1,0.11022110283374786,0,1,0,0,0.11022110283374786,0.0
ENG-Premier League,2526,Sunderland,Chemsdine Talbi,1,2025,77,13717,F M S,9,555,1,1.0330096520483494,1,1.0330096520483494,1,0.2356234174221754,9,5,0,0,1.5108051970601082,0.3869536370038986
ENG-Premier League,2526,Sunderland,Chris Rigg,1,2025,77,13719,M S,6,191,0,0.11188334599137306,0,0.11188334599137306,0,0.09530466794967651,2,2,0,0,0.18897876888513565,0.09367410093545914
ENG-Premier League,2526,Sunderland,Dan Ballard,1,2025,77,13715,D S,7,399,1,1.1986817037686706,1,1.1986817037686706,0,0.9567887634038925,9,4,0,0,1.004287175834179,0.5774561688303947
ENG-Premier League,2526,Sunderland,Dan Neil,1,2025,77,13720,S,2,2,0,0.0,0,0.0,0,0.0,0,0,0,0,0.0,0.0
ENG-Premier League,2526,Sunderland,Eliezer Mayenda,1,2025,77,13718,F S,6,253,1,0.722465954720974,1,0.722465954720974,0,0.5885621905326843,4,2,0,0,0.6910533905029297,0.0
ENG-Premier League,2526,Sunderland,Enzo Le Fée,1,2025,77,8651,F M S,8,546,1,0.8504106476902962,0,0.08924181014299393,0,0.4623132310807705,3,6,1,0,1.6365904919803143,1.4770108461380005
ENG-Premier League,2526,Sunderland,Granit Xhaka,1,2025,77,204,M,9,810,0,0.20505304634571075,0,0.20505304634571075,3,1.5632964931428432,5,11,3,0,2.352522193454206,1.790937528014183
ENG-Premier League,2526,Sunderland,Habib Diarra,1,2025,77,9767,M,4,353,0,0.5578325837850571,0,0.5578325837850571,0,0.025854649022221565,6,1,1,0,0.5836872328072786,0.0
ENG-Premier League,2526,Sunderland,Jenson Seelt,1,2025,77,13714,D S,2,135,0,0.0,0,0.0,0,0.0,0,0,0,0,0.30460771918296814,0.30460771918296814
ENG-Premier League,2526,Sunderland,Lutsharel Geertruida,1,2025,77,13064,D S,6,142,0,0.5076700411736965,0,0.5076700411736965,0,0.0,2,0,0,0,0.8273966014385223,0.3197265714406967
ENG-Premier League,2526,Sunderland,Noah Sadiki,1,2025,77,13716,M,9,808,0,0.12306373193860054,0,0.12306373193860054,0,0.13596423156559467,3,4,3,0,1.6334899216890335,1.4262545788660645
ENG-Premier League,2526,Sunderland,Nordi Mukiele,1,2025,77,5659,D,7,630,1,0.5694437529891729,1,0.5694437529891729,0,0.2781921401619911,4,4,0,0,1.748697392642498,1.5145235247910023
ENG-Premier League,2526,Sunderland,Omar Alderete,1,2025,77,8986,D S,8,667,1,0.6132880933582783,1,0.6132880933582783,1,0.10059698671102524,6,2,1,0,1.0870364643633366,0.9583753906190395
ENG-Premier League,2526,Sunderland,Patrick Roberts,1,2025,77,925,S,1,23,0,0.06801629066467285,0,0.06801629066467285,0,0.0,1,0,0,0,0.10939916223287582,0.04138287156820297
ENG-Premier League,2526,Sunderland,Reinildo,1,2025,77,7432,D,6,482,0,0.01499317865818739,0,0.01499317865818739,0,0.0,1,0,1,1,0.7365850768983364,0.7215919159352779
ENG-Premier League,2526,Sunderland,Robin Roefs,1,2025,77,13712,GK,9,810,0,0.0,0,0.0,0,0.18337297439575195,0,2,1,0,0.9654940590262413,0.7821210697293282
ENG-Premier League,2526,Sunderland,Simon Adingra,1,2025,77,11710,F M S,6,278,0,0.07569392770528793,0,0.07569392770528793,0,0.5374916773289442,1,5,1,0,0.952572226524353,0.4418194890022278
ENG-Premier League,2526,Sunderland,Trai Hume,1,2025,77,13713,D,9,805,0,0.45207908004522324,0,0.45207908004522324,1,0.6096125692129135,6,6,0,0,2.2572062462568283,1.2568536400794983
ENG-Premier League,2526,Sunderland,Wilson Isidor,1,2025,77,7148,F S,9,543,4,2.4937905818223953,4,2.4937905818223953,0,0.0,19,0,0,0,2.6971343755722046,0.36932510137557983
ENG-Premier League,2526,Tottenham,Archie Gray,1,2025,82,10184,M S,2,73,0,0.0,0,0.0,0,0.019953982904553413,0,1,0,0,0.710876302793622,0.6909223198890686
ENG-Premier League,2526,Tottenham,Brennan Johnson,1,2025,82,10760,F M S,9,361,2,1.0511867552995682,2,1.0511867552995682,0,0.1424060259014368,5,3,1,0,1.4152084905654192,0.28549050725996494
ENG-Premier League,2526,Tottenham,Cristian Romero,1,2025,82,7218,D,7,630,0,0.12338549271225929,0,0.12338549271225929,1,0.24317903816699982,2,2,3,0,2.320241868495941,2.0822420716285706
ENG-Premier League,2526,Tottenham,Djed Spence,1,2025,82,10764,D S,8,592,0,0.09667760133743286,0,0.09667760133743286,0,0.05863097868859768,2,2,2,0,0.32773412577807903,0.29513262026011944
ENG-Premier League,2526,Tottenham,Dominic Solanke,1,2025,82,1679,S,2,22,0,0.184296615421772,0,0.184296615421772,0,0.0,2,0,0,0,0.184296615421772,0.0
ENG-Premier League,2526,Tottenham,Guglielmo Vicario,1,2025,82,8858,GK,9,810,0,0.0,0,0.0,0,0.0,0,0,0,0,1.5018913596868515,1.5018913596868515
ENG-Premier League,2526,Tottenham,Iyenoma Destiny Udogie,1,2025,82,8831,D S,5,300,0,0.010849026031792164,0,0.010849026031792164,0,0.4166572969406843,1,3,0,0,1.2193064205348492,1.129926335066557
ENG-Premier League,2526,Tottenham,João Palhinha,1,2025,82,10715,M S,9,696,2,0.7005970552563667,2,0.7005970552563667,1,0.43516744300723076,10,2,2,0,1.908533290028572,1.2535363109782338
ENG-Premier League,2526,Tottenham,Kevin Danso,1,2025,82,5261,D S,5,189,0,0.0,0,0.0,0,0.0,0,0,1,0,0.2178177908062935,0.2178177908062935
ENG-Premier League,2526,Tottenham,Lucas Bergvall,1,2025,82,12912,M S,8,397,1,0.5685617588460445,1,0.5685617588460445,1,0.21223433315753937,5,2,1,0,2.013760343194008,1.3632454685866833
ENG-Premier League,2526,Tottenham,Mathys Tel,1,2025,82,9780,F S,7,242,1,0.18469500355422497,1,0.18469500355422497,0,0.0,4,0,0,0,0.2952787019312382,0.1105836983770132
ENG-Premier League,2526,Tottenham,Micky van de Ven,1,2025,82,10050,D,9,803,3,1.499996254220605,3,1.499996254220605,0,0.12338549271225929,7,2,2,0,1.9121844973415136,1.9121844973415136
ENG-Premier League,2526,Tottenham,Mohammed Kudus,1,2025,82,12027,F M,9,802,1,1.7898243181407452,1,1.7898243181407452,4,1.4701384315267205,14,13,2,0,2.872060500085354,0.35860682278871536
ENG-Premier League,2526,Tottenham,Pape Sarr,1,2025,82,9021,M S,8,375,2,0.968407453969121,2,0.968407453969121,2,0.5637285523116589,4,2,0,0,2.8994763903319836,2.821475923061371
ENG-Premier League,2526,Tottenham,Pedro Porro,1,2025,82,6912,D S,9,727,0,0.12092776782810688,0,0.12092776782810688,1,1.607257429510355,4,13,1,0,2.9565633423626423,2.6983741596341133
ENG-Premier League,2526,Tottenham,Randal Kolo Muani,1,2025,82,5743,F S,2,76,0,0.06208477169275284,0,0.06208477169275284,0,0.03265386447310448,1,1,0,0,0.0,0.0
ENG-Premier League,2526,Tottenham,Richarlison,1,2025,82,6026,F S,9,501,3,2.3003601226955652,3,2.3003601226955652,2,1.2957726418972015,16,6,1,0,4.830510774627328,1.369459394365549
ENG-Premier League,2526,Tottenham,Rodrigo Bentancur,1,2025,82,6108,M S,8,598,1,0.6382630923762918,1,0.6382630923762918,1,0.5836473405361176,6,5,0,0,1.8534781448543072,1.612062904983759
ENG-Premier League,2526,Tottenham,Wilson Odobert,1,2025,82,10822,F M S,8,311,0,0.8950692638754845,0,0.8950692638754845,0,0.374312836676836,6,3,0,0,1.904810756444931,0.8927389085292816
ENG-Premier League,2526,Tottenham,Xavi Simons,1,2025,82,8700,F M S,6,413,0,0.1809112150222063,0,0.1809112150222063,1,0.7939793430268764,4,6,1,0,0.9631837196648121,0.6675036298111081
ENG-Premier League,2526,West Ham,Aaron Wan-Bissaka,1,2025,81,5584,D M S,5,389,0,0.0,0,0.0,0,0.1550980806350708,0,3,0,0,0.40423186123371124,0.32285571098327637
ENG-Premier League,2526,West Ham,Alphonse Areola,1,2025,81,2310,GK,5,450,0,0.0,0,0.0,0,0.0,0,0,0,0,0.16406377404928207,0.16406377404928207
ENG-Premier League,2526,West Ham,Andy Irving,1,2025,81,12774,M S,6,172,0,0.0,0,0.0,0,0.09221388027071953,0,2,0,0,0.17365871742367744,0.1385073959827423
ENG-Premier League,2526,West Ham,Callum Marshall,1,2025,81,12359,S,2,44,0,0.2289344072341919,0,0.2289344072341919,0,0.0,1,0,0,0,0.0,0.0
ENG-Premier League,2526,West Ham,Callum Wilson,1,2025,81,468,F S,6,228,1,1.1162542793899775,1,1.1162542793899775,0,0.08269345760345459,7,1,0,0,1.102365382015705,0.01877536065876484
ENG-Premier League,2526,West Ham,Crysencio Summerville,1,2025,81,9492,F M S,7,499,0,0.2743683457374573,0,0.2743683457374573,1,0.19108238071203232,6,3,3,0,1.3457194566726685,0.9814306758344173
ENG-Premier League,2526,West Ham,El Hadji Malick Diouf,1,2025,81,13723,D M S,9,755,0,0.26025955006480217,0,0.26025955006480217,3,0.6706114392727613,7,7,1,0,1.309929359704256,0.6832822039723396
ENG-Premier League,2526,West Ham,Freddie Potts,1,2025,81,13724,S,4,104,0,0.0,0,0.0,0,0.0,0,0,0,0,0.19063448160886765,0.19063448160886765
ENG-Premier League,2526,West Ham,Guido Rodríguez,1,2025,81,8267,M S,2,81,0,0.024249104782938957,0,0.024249104782938957,0,0.0,1,0,0,0,0.26646556705236435,0.24221646040678024
ENG-Premier League,2526,West Ham,Igor Julio,1,2025,81,7943,S,1,1,0,0.0,0,0.0,0,0.0,0,0,0,0,0.0,0.0
ENG-Premier League,2526,West Ham,James Ward-Prowse,1,2025,81,843,M,5,417,0,0.10974198207259178,0,0.10974198207259178,0,1.4593449532985687,2,12,0,0,0.5672934018075466,0.45175231993198395
ENG-Premier League,2526,West Ham,Jarrod Bowen,1,2025,81,1776,F M,9,810,3,0.9966098070144653,3,0.9966098070144653,1,1.1432786751538515,19,9,0,0,2.5187203511595726,0.6597691718488932
ENG-Premier League,2526,West Ham,Jean-Clair Todibo,1,2025,81,6816,D,4,314,0,0.0,0,0.0,0,0.0,0,0,1,0,0.37805986776947975,0.37805986776947975
ENG-Premier League,2526,West Ham,Konstantinos Mavropanos,1,2025,81,6722,D S,6,485,0,0.29880134016275406,0,0.29880134016275406,0,0.0,4,0,1,0,1.2906143888831139,1.2906143888831139
ENG-Premier League,2526,West Ham,Kyle Walker-Peters,1,2025,81,885,D S,8,436,0,0.15635941177606583,0,0.15635941177606583,0,0.13329645618796349,3,3,1,0,0.8277492001652718,0.706481009721756
ENG-Premier League,2526,West Ham,Lucas Paquetá,1,2025,81,7365,F M,9,791,2,1.367730401456356,1,0.6065615639090538,0,1.2108288556337357,11,13,3,0,1.8381667211651802,1.050538145005703
ENG-Premier League,2526,West Ham,Luis Guilherme,1,2025,81,13026,S,3,48,0,0.039350125938653946,0,0.039350125938653946,0,0.0,1,0,0,0,0.039350125938653946,0.0
ENG-Premier League,2526,West Ham,Mads Hermansen,1,2025,81,12910,GK,4,360,0,0.0,0,0.0,0,0.0,0,0,0,0,0.19932476058602333,0.19932476058602333
ENG-Premier League,2526,West Ham,Mateus Fernandes,1,2025,81,12948,M S,7,474,1,0.19530962966382504,1,0.19530962966382504,0,0.3385514188557863,5,5,0,0,0.8120870254933834,0.4277772903442383
ENG-Premier League,2526,West Ham,Max Kilman,1,2025,81,7332,D,9,810,0,0.9674080014228821,0,0.9674080014228821,0,0.09811170026659966,2,2,3,0,0.48758636973798275,0.4223537277430296
ENG-Premier League,2526,West Ham,Naif Aguerd,1,2025,81,6935,D,2,180,0,0.0885777547955513,0,0.0885777547955513,0,0.0,2,0,0,0,0.13815459609031677,0.13815459609031677
ENG-Premier League,2526,West Ham,Niclas Füllkrug,1,2025,81,6098,F S,6,392,0,0.9451227933168411,0,0.9451227933168411,0,0.3877217434346676,8,6,0,0,0.8100216425955296,0.1229296624660492
ENG-Premier League,2526,West Ham,Oliver Scarles,1,2025,81,12358,D,2,79,0,0.0,0,0.0,0,0.0,0,0,0,0,0.029067160561680794,0.029067160561680794
ENG-Premier League,2526,West Ham,Soungoutou Magassa,1,2025,81,10770,M S,5,163,0,0.0,0,0.0,0,0.0,0,0,1,0,0.32468540221452713,0.32468540221452713
ENG-Premier League,2526,West Ham,Tomas Soucek,1,2025,81,8288,M S,6,400,0,0.36327113956213,0,0.36327113956213,0,0.029067160561680794,6,1,0,1,1.1065885797142982,0.8700357265770435
ENG-Premier League,2526,Wolverhampton Wanderers,André,1,2025,229,13022,M S,9,612,0,0.024745667353272438,0,0.024745667353272438,0,0.10960590094327927,2,1,2,0,0.963606271892786,0.829254686832428
ENG-Premier League,2526,Wolverhampton Wanderers,David Møller Wolfe,1,2025,229,13740,D S,5,152,0,0.0,0,0.0,1,0.3058866262435913,0,1,0,0,0.3241066038608551,0.01821996085345745
ENG-Premier League,2526,Wolverhampton Wanderers,Emmanuel Agbadou,1,2025,229,10856,D S,7,518,0,0.2871334319934249,0,0.2871334319934249,0,0.08375301770865917,6,2,0,0,1.2105207778513432,1.0988803822547197
ENG-Premier League,2526,Wolverhampton Wanderers,Fernando López,1,2025,229,13200,M S,5,104,0,0.2017578911036253,0,0.2017578911036253,1,0.5119961202144623,4,3,1,0,0.827638529241085,0.22909747064113617
ENG-Premier League,2526,Wolverhampton Wanderers,Hee-Chan Hwang,1,2025,229,8845,F M S,7,300,1,0.4349177349358797,1,0.4349177349358797,0,0.06315184012055397,5,2,0,0,0.6758777014911175,0.23188747465610504
ENG-Premier League,2526,Wolverhampton Wanderers,Hugo Bueno,1,2025,229,10140,D S,9,610,0,0.3326244689524174,0,0.3326244689524174,0,0.6934316726401448,3,13,1,0,1.9591019004583359,0.9961189217865467
ENG-Premier League,2526,Wolverhampton Wanderers,Jackson Tchatchoua,1,2025,229,12113,D S,8,368,0,0.061103448271751404,0,0.061103448271751404,0,0.10093447379767895,2,5,0,0,1.6954478500410914,1.5334099046885967
ENG-Premier League,2526,Wolverhampton Wanderers,Jean-Ricner Bellegarde,1,2025,229,7762,F M S,8,343,0,0.28430640045553446,0,0.28430640045553446,0,0.21844402328133583,8,3,1,0,1.3161143893375993,1.0828234031796455
ENG-Premier League,2526,Wolverhampton Wanderers,Jhon Arias,1,2025,229,13741,F M S,9,508,0,1.1754547413438559,0,1.1754547413438559,0,0.5435736011713743,10,9,0,0,2.096955733373761,0.647111251950264
ENG-Premier League,2526,Wolverhampton Wanderers,José Sá,1,2025,229,9740,GK,4,360,0,0.0,0,0.0,0,0.08312523365020752,0,1,0,0,0.22208588384091854,0.13896065019071102
ENG-Premier League,2526,Wolverhampton Wanderers,João Gomes,1,2025,229,11384,M S,9,705,0,0.22099507320672274,0,0.22099507320672274,0,0.19684050604701042,6,5,3,0,1.1533262580633163,0.8094395995140076
ENG-Premier League,2526,Wolverhampton Wanderers,Jørgen Strand Larsen,1,2025,229,11070,F S,7,558,1,1.3919787928462029,0,0.6308099534362555,0,0.19314368069171906,11,3,0,0,1.2712258584797382,0.6288977861404419
ENG-Premier League,2526,Wolverhampton Wanderers,Ki-Jana Hoever,1,2025,229,8351,D S,4,212,0,0.00923213642090559,0,0.00923213642090559,0,0.13831201568245888,1,2,0,0,0.9494216255843639,0.8018774762749672
ENG-Premier League,2526,Wolverhampton Wanderers,Ladislav Krejcí,1,2025,229,12721,D M,6,540,1,0.5660135541111231,1,0.5660135541111231,1,0.7057804707437754,6,5,1,0,1.9672344326972961,0.7852209750562906
ENG-Premier League,2526,Wolverhampton Wanderers,Marshall Munetsi,1,2025,229,7908,F M S,9,689,1,1.5753560215234756,1,1.5753560215234756,1,0.38085445016622543,10,3,1,0,2.8384880423545837,0.9453374771401286
ENG-Premier League,2526,Wolverhampton Wanderers,Matt Doherty,1,2025,229,6852,D,4,301,0,0.05208981782197952,0,0.05208981782197952,0,0.054192230105400085,1,1,3,0,0.13373759388923645,0.07954536378383636
ENG-Premier League,2526,Wolverhampton Wanderers,Rodrigo Gomes,1,2025,229,12756,D F S,6,337,1,0.8243161980062723,1,0.8243161980062723,0,0.0770200677216053,11,2,0,0,1.1401113364845514,0.2843391578644514
ENG-Premier League,2526,Wolverhampton Wanderers,Sam Johnstone,1,2025,229,978,GK,5,450,0,0.0,0,0.0,0,0.0,0,0,0,0,0.3112466409802437,0.3112466409802437
ENG-Premier League,2526,Wolverhampton Wanderers,Santiago Bueno,1,2025,229,10945,D S,6,479,1,0.6973209455609322,1,0.6973209455609322,0,0.08694913052022457,2,3,1,0,1.3693143762648106,1.254939422942698
ENG-Premier League,2526,Wolverhampton Wanderers,Sasa Kalajdzic,1,2025,229,8812,S,1,11,0,0.0,0,0.0,0,0.0,0,0,0,0,0.0,0.0
ENG-Premier League,2526,Wolverhampton Wanderers,Tolu Arokodare,1,2025,229,8875,F S,6,174,0,0.3346766158938408,0,0.3346766158938408,0,0.290688157081604,5,1,0,0,1.100395992398262,0.47503122314810753
ENG-Premier League,2526,Wolverhampton Wanderers,Toti,1,2025,229,10293,D S,6,400,0,0.05399832222610712,0,0.05399832222610712,0,0.025762930512428284,2,2,1,1,0.6278681447729468,0.602105213329196
ENG-Premier League,2526,Wolverhampton Wanderers,Yerson Mosquera,1,2025,229,9958,D S,3,147,0,0.05404307320713997,0,0.05404307320713997,0,0.0,2,0,0,0,0.32482460141181946,0.290688157081604
