Season,season_id,Date,Game,Team,Player,Assist Player,xG,x,y,Minute,Situation,Result,Shot Type,Last Action,Home/Away
2025,2526,2025-08-15,Liverpool v Bournemouth,Liverpool,Hugo Ekitike,Cody Gakpo,0.014601008035242558,0.7619999694824219,0.6990000152587891,2,OpenPlay,SavedShot,RightFoot,Pass,Home
2025,2526,2025-08-15,Liverpool v Bournemouth,Liverpool,Mohamed Salah,Hugo Ekitike,0.04265604913234711,0.855999984741211,0.3129999923706055,3,OpenPlay,SavedShot,LeftFoot,Pass,Home
2025,2526,2025-08-15,Liverpool v Bournemouth,Liverpool,Virgil van Dijk,Mohamed Salah,0.25797542929649353,0.914000015258789,0.505,4,FromCorner,MissedShots,Head,Cross,Home
2025,2526,2025-08-15,Liverpool v Bournemouth,Liverpool,Virgil van Dijk,Florian Wirtz,0.0776621475815773,0.9119999694824219,0.5320000076293945,30,FromCorner,SavedShot,Head,Cross,Home
2025,2526,2025-08-15,Liverpool v Bournemouth,Liverpool,Hugo Ekitike,Alexis Mac Allister,0.40409132838249207,0.8909999847412109,0.524000015258789,36,OpenPlay,Goal,RightFoot,TakeOn,Home
2025,2526,2025-08-15,Liverpool v Bournemouth,Liverpool,Hugo Ekitike,Cody Gakpo,0.534849226474762,0.9419999694824219,0.4829999923706055,38,OpenPlay,MissedShots,Head,Cross,Home
2025,2526,2025-08-15,Liverpool v Bournemouth,Liverpool,Hugo Ekitike,Florian Wirtz,0.1347046047449112,0.960999984741211,0.5209999847412109,46,FromCorner,MissedShots,OtherBodyPart,Aerial,Home
2025,2526,2025-08-15,Liverpool v Bournemouth,Liverpool,Mohamed Salah,Cody Gakpo,0.11337560415267944,0.85,0.42700000762939455,47,OpenPlay,BlockedShot,LeftFoot,Pass,Home
2025,2526,2025-08-15,Liverpool v Bournemouth,Liverpool,Cody Gakpo,Hugo Ekitike,0.0957067683339119,0.850999984741211,0.49200000762939455,48,OpenPlay,Goal,RightFoot,Pass,Home
2025,2526,2025-08-15,Liverpool v Bournemouth,Liverpool,Alexis Mac Allister,Florian Wirtz,0.027150798588991165,0.76,0.34799999237060547,51,OpenPlay,SavedShot,RightFoot,LayOff,Home
2025,2526,2025-08-15,Liverpool v Bournemouth,Liverpool,Jeremie Frimpong,,0.015647554770112038,0.754000015258789,0.37200000762939456,52,FromCorner,BlockedShot,RightFoot,None,Home
2025,2526,2025-08-15,Liverpool v Bournemouth,Liverpool,Dominik Szoboszlai,,0.014567305333912373,0.7090000152587891,0.5570000076293945,53,OpenPlay,MissedShots,RightFoot,None,Home
2025,2526,2025-08-15,Liverpool v Bournemouth,Liverpool,Florian Wirtz,Dominik Szoboszlai,0.11103862524032593,0.84,0.45799999237060546,62,OpenPlay,MissedShots,RightFoot,Pass,Home
2025,2526,2025-08-15,Liverpool v Bournemouth,Liverpool,Cody Gakpo,Dominik Szoboszlai,0.03299751132726669,0.8519999694824218,0.7609999847412109,69,OpenPlay,SavedShot,RightFoot,Pass,Home
2025,2526,2025-08-15,Liverpool v Bournemouth,Liverpool,Dominik Szoboszlai,Curtis Jones,0.09390604496002197,0.855,0.4420000076293945,79,OpenPlay,MissedShots,LeftFoot,Pass,Home
2025,2526,2025-08-15,Liverpool v Bournemouth,Liverpool,Dominik Szoboszlai,Mohamed Salah,0.05117299035191536,0.865,0.33599998474121096,80,OpenPlay,SavedShot,RightFoot,Pass,Home
2025,2526,2025-08-15,Liverpool v Bournemouth,Liverpool,Cody Gakpo,,0.07005230337381363,0.909000015258789,0.624000015258789,87,SetPiece,MissedShots,RightFoot,None,Home
2025,2526,2025-08-15,Liverpool v Bournemouth,Liverpool,Federico Chiesa,,0.09901324659585953,0.8980000305175782,0.534000015258789,87,OpenPlay,Goal,RightFoot,None,Home
2025,2526,2025-08-15,Liverpool v Bournemouth,Liverpool,Mohamed Salah,Wataru Endo,0.13890482485294342,0.899000015258789,0.6129999923706054,93,OpenPlay,Goal,RightFoot,BallRecovery,Home
2025,2526,2025-08-15,Liverpool v Bournemouth,Bournemouth,Antoine Semenyo,Adrien Truffert,0.3169209659099579,0.9080000305175782,0.44400001525878907,5,OpenPlay,MissedShots,RightFoot,Cross,Away
2025,2526,2025-08-15,Liverpool v Bournemouth,Bournemouth,Evanilson,David Brooks,0.071727454662323,0.9490000152587891,0.4109999847412109,9,FromCorner,MissedShots,Head,Cross,Away
2025,2526,2025-08-15,Liverpool v Bournemouth,Bournemouth,Marcus Tavernier,Adam Smith,0.35100075602531433,0.87,0.5209999847412109,34,OpenPlay,SavedShot,RightFoot,Pass,Away
2025,2526,2025-08-15,Liverpool v Bournemouth,Bournemouth,David Brooks,,0.038630276918411255,0.855,0.685,41,OpenPlay,BlockedShot,RightFoot,None,Away
2025,2526,2025-08-15,Liverpool v Bournemouth,Bournemouth,Marcus Tavernier,,0.045542508363723755,0.75,0.315,46,DirectFreekick,BlockedShot,LeftFoot,Standard,Away
2025,2526,2025-08-15,Liverpool v Bournemouth,Bournemouth,Evanilson,David Brooks,0.09731415659189224,0.8769999694824219,0.6559999847412109,48,OpenPlay,MissedShots,LeftFoot,Pass,Away
2025,2526,2025-08-15,Liverpool v Bournemouth,Bournemouth,Antoine Semenyo,David Brooks,0.42599424719810486,0.9080000305175782,0.5129999923706055,63,OpenPlay,Goal,LeftFoot,Cross,Away
2025,2526,2025-08-15,Liverpool v Bournemouth,Bournemouth,David Brooks,Marcus Tavernier,0.07709097117185593,0.8959999847412109,0.63,70,OpenPlay,BlockedShot,LeftFoot,TakeOn,Away
2025,2526,2025-08-15,Liverpool v Bournemouth,Bournemouth,Evanilson,Marcos Senesi,0.05321967601776123,0.9119999694824219,0.595,70,OpenPlay,MissedShots,Head,Cross,Away
2025,2526,2025-08-15,Liverpool v Bournemouth,Bournemouth,Antoine Semenyo,Hamed Junior Traore,0.09559009969234467,0.825,0.4829999923706055,75,OpenPlay,Goal,LeftFoot,Pass,Away
2025,2526,2025-08-16,Aston Villa v Newcastle United,Aston Villa,Boubacar Kamara,John McGinn,0.17516101896762848,0.9009999847412109,0.47299999237060547,46,FromCorner,SavedShot,Head,Aerial,Home
2025,2526,2025-08-16,Aston Villa v Newcastle United,Aston Villa,Ollie Watkins,Morgan Rogers,0.0799555703997612,0.8469999694824218,0.41700000762939454,64,OpenPlay,SavedShot,LeftFoot,Pass,Home
2025,2526,2025-08-16,Aston Villa v Newcastle United,Aston Villa,Donyell Malen,Ollie Watkins,0.06348427385091782,0.894000015258789,0.265,86,OpenPlay,SavedShot,RightFoot,Pass,Home
2025,2526,2025-08-16,Aston Villa v Newcastle United,Newcastle United,Anthony Elanga,Sandro Tonali,0.5098440051078796,0.8680000305175781,0.4329999923706055,2,OpenPlay,SavedShot,RightFoot,Throughball,Away
2025,2526,2025-08-16,Aston Villa v Newcastle United,Newcastle United,Anthony Gordon,,0.053771644830703735,0.8469999694824218,0.6480000305175782,2,OpenPlay,BlockedShot,RightFoot,BallRecovery,Away
2025,2526,2025-08-16,Aston Villa v Newcastle United,Newcastle United,Anthony Gordon,,0.020615313202142715,0.8480000305175781,0.6170000076293946,7,SetPiece,BlockedShot,RightFoot,Aerial,Away
2025,2526,2025-08-16,Aston Villa v Newcastle United,Newcastle United,Anthony Gordon,Harvey Barnes,0.4054856300354004,0.93,0.47,10,OpenPlay,MissedShots,Head,Cross,Away
2025,2526,2025-08-16,Aston Villa v Newcastle United,Newcastle United,Anthony Elanga,Harvey Barnes,0.05925820395350456,0.9119999694824219,0.36200000762939455,12,OpenPlay,MissedShots,RightFoot,Cross,Away
2025,2526,2025-08-16,Aston Villa v Newcastle United,Newcastle United,Anthony Gordon,Harvey Barnes,0.023262882605195045,0.784000015258789,0.6129999923706054,15,SetPiece,SavedShot,RightFoot,Pass,Away
2025,2526,2025-08-16,Aston Villa v Newcastle United,Newcastle United,Anthony Gordon,Harvey Barnes,0.07491640001535416,0.8490000152587891,0.6509999847412109,26,OpenPlay,BlockedShot,RightFoot,Pass,Away
2025,2526,2025-08-16,Aston Villa v Newcastle United,Newcastle United,Fabian Schär,Valentino Livramento,0.014461319893598557,0.7380000305175781,0.34599998474121096,27,OpenPlay,MissedShots,RightFoot,Pass,Away
2025,2526,2025-08-16,Aston Villa v Newcastle United,Newcastle United,Fabian Schär,Sandro Tonali,0.02261822111904621,0.7630000305175781,0.455,67,SetPiece,MissedShots,RightFoot,Pass,Away
2025,2526,2025-08-16,Aston Villa v Newcastle United,Newcastle United,Anthony Gordon,Valentino Livramento,0.015197288244962692,0.6769999694824219,0.5929999923706055,71,FromCorner,BlockedShot,RightFoot,Pass,Away
2025,2526,2025-08-16,Aston Villa v Newcastle United,Newcastle United,Harvey Barnes,Anthony Elanga,0.07132836431264877,0.8980000305175782,0.6090000152587891,72,OpenPlay,BlockedShot,RightFoot,Cross,Away
2025,2526,2025-08-16,Aston Villa v Newcastle United,Newcastle United,Harvey Barnes,Anthony Elanga,0.04700176417827606,0.8019999694824219,0.46900001525878904,76,OpenPlay,BlockedShot,RightFoot,Pass,Away
2025,2526,2025-08-16,Aston Villa v Newcastle United,Newcastle United,Harvey Barnes,Anthony Gordon,0.02660728245973587,0.825,0.685,87,OpenPlay,MissedShots,RightFoot,Pass,Away
2025,2526,2025-08-16,Aston Villa v Newcastle United,Newcastle United,Anthony Gordon,Bruno Guimarães,0.010546272620558739,0.685,0.5109999847412109,90,OpenPlay,SavedShot,RightFoot,TakeOn,Away
2025,2526,2025-08-16,Aston Villa v Newcastle United,Newcastle United,William Osula,Lewis Miley,0.040263328701257706,0.835999984741211,0.31799999237060544,93,OpenPlay,BlockedShot,LeftFoot,Pass,Away
2025,2526,2025-08-16,Aston Villa v Newcastle United,Newcastle United,Fabian Schär,Kieran Trippier,0.005802980158478022,0.355,0.3089999961853027,96,OpenPlay,MissedShots,RightFoot,Pass,Away
2025,2526,2025-08-16,Brighton v Fulham,Brighton,Carlos Baleba,,0.019268060103058815,0.74,0.4640000152587891,13,OpenPlay,MissedShots,RightFoot,Dispossessed,Home
2025,2526,2025-08-16,Brighton v Fulham,Brighton,Georginio Rutter,Maxim De Cuyper,0.022232800722122192,0.75,0.6320000076293946,25,OpenPlay,SavedShot,RightFoot,Pass,Home
2025,2526,2025-08-16,Brighton v Fulham,Brighton,Kaoru Mitoma,Matt O&#039;Riley,0.08075278252363205,0.9330000305175781,0.5970000076293945,27,OpenPlay,MissedShots,Head,Cross,Home
2025,2526,2025-08-16,Brighton v Fulham,Brighton,Georginio Rutter,Carlos Baleba,0.033206358551979065,0.7959999847412109,0.4490000152587891,37,OpenPlay,BlockedShot,LeftFoot,Pass,Home
2025,2526,2025-08-16,Brighton v Fulham,Brighton,Mats Wieffer,Maxim De Cuyper,0.013008378446102142,0.89,0.4229999923706055,42,SetPiece,SavedShot,Head,Aerial,Home
2025,2526,2025-08-16,Brighton v Fulham,Brighton,Matt O&#039;Riley,,0.7611688375473022,0.885,0.5,54,Penalty,Goal,LeftFoot,Standard,Home
2025,2526,2025-08-16,Brighton v Fulham,Brighton,Yankuba Minteh,,0.1413981318473816,0.8969999694824219,0.40200000762939453,64,OpenPlay,MissedShots,LeftFoot,BallTouch,Home
2025,2526,2025-08-16,Brighton v Fulham,Brighton,Diego Gómez,Matt O&#039;Riley,0.02465054765343666,0.749000015258789,0.46,75,OpenPlay,SavedShot,RightFoot,Pass,Home
2025,2526,2025-08-16,Brighton v Fulham,Brighton,Lewis Dunk,Matt O&#039;Riley,0.030780566856265068,0.9619999694824218,0.5870000076293945,86,FromCorner,MissedShots,Head,Aerial,Home
2025,2526,2025-08-16,Brighton v Fulham,Brighton,Brajan Gruda,Diego Gómez,0.3136118948459625,0.919000015258789,0.3609999847412109,88,OpenPlay,MissedShots,RightFoot,Pass,Home
2025,2526,2025-08-16,Brighton v Fulham,Fulham,Raúl Jiménez,Alex Iwobi,0.09471102803945541,0.93,0.644000015258789,1,OpenPlay,MissedShots,LeftFoot,Pass,Away
2025,2526,2025-08-16,Brighton v Fulham,Fulham,Harry Wilson,Alex Iwobi,0.04193772003054619,0.965999984741211,0.385,42,OpenPlay,MissedShots,Head,Cross,Away
2025,2526,2025-08-16,Brighton v Fulham,Fulham,Joshua King,Alex Iwobi,0.09185106307268143,0.960999984741211,0.644000015258789,47,OpenPlay,SavedShot,LeftFoot,Pass,Away
2025,2526,2025-08-16,Brighton v Fulham,Fulham,Raúl Jiménez,,0.15028366446495056,0.975999984741211,0.575,47,OpenPlay,MissedShots,RightFoot,Rebound,Away
2025,2526,2025-08-16,Brighton v Fulham,Fulham,Alex Iwobi,Joshua King,0.01406861376017332,0.7390000152587891,0.765,57,OpenPlay,MissedShots,RightFoot,Pass,Away
2025,2526,2025-08-16,Brighton v Fulham,Fulham,Emile Smith-Rowe,Sasa Lukic,0.03846864774823189,0.7969999694824219,0.57,95,OpenPlay,BlockedShot,RightFoot,Pass,Away
2025,2526,2025-08-16,Brighton v Fulham,Fulham,Rodrigo Muniz,,0.48536622524261475,0.9490000152587891,0.5790000152587891,96,FromCorner,Goal,LeftFoot,None,Away
2025,2526,2025-08-16,Sunderland v West Ham,Sunderland,Habib Diarra,Eliezer Mayenda,0.30460771918296814,0.895,0.3340000152587891,5,OpenPlay,SavedShot,RightFoot,BallTouch,Home
2025,2526,2025-08-16,Sunderland v West Ham,Sunderland,Dan Ballard,Granit Xhaka,0.024895744398236275,0.9730000305175781,0.6120000076293945,6,FromCorner,MissedShots,Head,Cross,Home
2025,2526,2025-08-16,Sunderland v West Ham,Sunderland,Eliezer Mayenda,,0.09001695364713669,0.9169999694824219,0.40900001525878904,43,FromCorner,BlockedShot,RightFoot,None,Home
2025,2526,2025-08-16,Sunderland v West Ham,Sunderland,Dan Ballard,Granit Xhaka,0.03819282352924347,0.9519999694824218,0.610999984741211,43,FromCorner,SavedShot,Head,Cross,Home
2025,2526,2025-08-16,Sunderland v West Ham,Sunderland,Simon Adingra,,0.07569392770528793,0.875,0.5790000152587891,47,OpenPlay,MissedShots,RightFoot,None,Home
2025,2526,2025-08-16,Sunderland v West Ham,Sunderland,Dan Ballard,Trai Hume,0.016691947355866432,0.960999984741211,0.600999984741211,57,FromCorner,MissedShots,Head,Aerial,Home
2025,2526,2025-08-16,Sunderland v West Ham,Sunderland,Habib Diarra,Simon Adingra,0.016927426680922508,0.7240000152587891,0.5209999847412109,59,OpenPlay,MissedShots,LeftFoot,Pass,Home
2025,2526,2025-08-16,Sunderland v West Ham,Sunderland,Eliezer Mayenda,Omar Alderete,0.03667960315942764,0.9019999694824219,0.44299999237060544,60,OpenPlay,Goal,Head,Aerial,Home
2025,2526,2025-08-16,Sunderland v West Ham,Sunderland,Dan Ballard,,0.02813994511961937,0.9069999694824219,0.5420000076293945,72,FromCorner,Goal,Head,Aerial,Home
2025,2526,2025-08-16,Sunderland v West Ham,Sunderland,Wilson Isidor,Chemsdine Talbi,0.09252168238162994,0.850999984741211,0.715999984741211,91,OpenPlay,Goal,RightFoot,Pass,Home
2025,2526,2025-08-16,Sunderland v West Ham,West Ham,Jarrod Bowen,James Ward-Prowse,0.0658746063709259,0.9259999847412109,0.3060000038146973,2,OpenPlay,SavedShot,RightFoot,TakeOn,Away
2025,2526,2025-08-16,Sunderland v West Ham,West Ham,El Hadji Malick Diouf,,0.014434839598834515,0.7240000152587891,0.51,3,FromCorner,MissedShots,LeftFoot,None,Away
2025,2526,2025-08-16,Sunderland v West Ham,West Ham,El Hadji Malick Diouf,Niclas Füllkrug,0.0907265841960907,0.8519999694824218,0.5790000152587891,25,OpenPlay,BlockedShot,LeftFoot,Pass,Away
2025,2526,2025-08-16,Sunderland v West Ham,West Ham,Niclas Füllkrug,El Hadji Malick Diouf,0.10130181908607483,0.9069999694824219,0.5690000152587891,26,OpenPlay,BlockedShot,RightFoot,Cross,Away
2025,2526,2025-08-16,Sunderland v West Ham,West Ham,Jarrod Bowen,El Hadji Malick Diouf,0.04136160761117935,0.7980000305175782,0.585999984741211,28,OpenPlay,BlockedShot,LeftFoot,Pass,Away
2025,2526,2025-08-16,Sunderland v West Ham,West Ham,Guido Rodríguez,,0.024249104782938957,0.76,0.5479999923706055,41,OpenPlay,BlockedShot,RightFoot,None,Away
2025,2526,2025-08-16,Sunderland v West Ham,West Ham,El Hadji Malick Diouf,,0.016741380095481873,0.7469999694824219,0.4879999923706055,77,FromCorner,BlockedShot,LeftFoot,None,Away
2025,2526,2025-08-16,Sunderland v West Ham,West Ham,Jarrod Bowen,Andy Irving,0.05706255882978439,0.9109999847412109,0.43400001525878906,84,FromCorner,BlockedShot,Head,Cross,Away
2025,2526,2025-08-16,Sunderland v West Ham,West Ham,Tomas Soucek,,0.048949770629405975,0.85,0.40900001525878904,84,OpenPlay,SavedShot,LeftFoot,None,Away
2025,2526,2025-08-16,Sunderland v West Ham,West Ham,Callum Wilson,,0.02430039644241333,0.8869999694824219,0.5640000152587891,86,SetPiece,MissedShots,Head,None,Away
2025,2526,2025-08-16,Sunderland v West Ham,West Ham,Niclas Füllkrug,Aaron Wan-Bissaka,0.04106655716896057,0.8809999847412109,0.5279999923706055,89,OpenPlay,SavedShot,Head,Cross,Away
2025,2526,2025-08-16,Sunderland v West Ham,West Ham,Jarrod Bowen,Max Kilman,0.0328790582716465,0.7919999694824219,0.515,95,SetPiece,BlockedShot,LeftFoot,HeadPass,Away
2025,2526,2025-08-16,Tottenham v Burnley,Tottenham,Lucas Bergvall,,0.09277527779340744,0.9769999694824218,0.41200000762939454,0,OpenPlay,SavedShot,RightFoot,None,Home
2025,2526,2025-08-16,Tottenham v Burnley,Tottenham,Brennan Johnson,,0.036160849034786224,0.8109999847412109,0.4829999923706055,0,FromCorner,MissedShots,RightFoot,None,Home
2025,2526,2025-08-16,Tottenham v Burnley,Tottenham,Richarlison,Mohammed Kudus,0.07443246245384216,0.874000015258789,0.46,9,OpenPlay,Goal,RightFoot,Cross,Home
2025,2526,2025-08-16,Tottenham v Burnley,Tottenham,Richarlison,Pedro Porro,0.08871733397245407,0.9259999847412109,0.5220000076293946,11,OpenPlay,MissedShots,Head,Aerial,Home
2025,2526,2025-08-16,Tottenham v Burnley,Tottenham,Djed Spence,Mohammed Kudus,0.03260151296854019,0.774000015258789,0.6170000076293946,39,OpenPlay,MissedShots,RightFoot,Pass,Home
2025,2526,2025-08-16,Tottenham v Burnley,Tottenham,Micky van de Ven,Mohammed Kudus,0.14553724229335785,0.9740000152587891,0.485,48,FromCorner,MissedShots,Head,Cross,Home
2025,2526,2025-08-16,Tottenham v Burnley,Tottenham,Richarlison,Brennan Johnson,0.08876293897628784,0.885,0.5879999923706055,51,OpenPlay,BlockedShot,RightFoot,Cross,Home
2025,2526,2025-08-16,Tottenham v Burnley,Tottenham,Richarlison,,0.49988359212875366,0.965,0.5770000076293945,51,OpenPlay,SavedShot,LeftFoot,Rebound,Home
2025,2526,2025-08-16,Tottenham v Burnley,Tottenham,Mohammed Kudus,,0.029406428337097168,0.9169999694824219,0.22700000762939454,51,OpenPlay,MissedShots,LeftFoot,Rebound,Home
2025,2526,2025-08-16,Tottenham v Burnley,Tottenham,Richarlison,Mohammed Kudus,0.09355449676513672,0.8859999847412109,0.5429999923706055,59,OpenPlay,Goal,RightFoot,Cross,Home
2025,2526,2025-08-16,Tottenham v Burnley,Tottenham,Pedro Porro,Brennan Johnson,0.025929126888513565,0.7669999694824219,0.3220000076293945,63,OpenPlay,MissedShots,RightFoot,Pass,Home
2025,2526,2025-08-16,Tottenham v Burnley,Tottenham,Brennan Johnson,Pape Sarr,0.5134420394897461,0.914000015258789,0.5790000152587891,65,OpenPlay,Goal,RightFoot,Throughball,Home
2025,2526,2025-08-16,Tottenham v Burnley,Tottenham,Micky van de Ven,Mohammed Kudus,0.13427750766277313,0.9640000152587891,0.4640000152587891,69,FromCorner,MissedShots,Head,Cross,Home
2025,2526,2025-08-16,Tottenham v Burnley,Tottenham,Dominic Solanke,Pedro Porro,0.09272023290395737,0.850999984741211,0.4829999923706055,74,OpenPlay,MissedShots,LeftFoot,Cross,Home
2025,2526,2025-08-16,Tottenham v Burnley,Tottenham,Djed Spence,Wilson Odobert,0.06407608836889267,0.960999984741211,0.669000015258789,83,OpenPlay,SavedShot,RightFoot,TakeOn,Home
2025,2526,2025-08-16,Tottenham v Burnley,Tottenham,Mohammed Kudus,Pedro Porro,0.02667970582842827,0.7619999694824219,0.37099998474121093,84,FromCorner,MissedShots,LeftFoot,Pass,Home
2025,2526,2025-08-16,Tottenham v Burnley,Burnley,Jaidon Anthony,Josh Cullen,0.02793847769498825,0.8909999847412109,0.504000015258789,13,SetPiece,MissedShots,Head,Aerial,Away
2025,2526,2025-08-16,Tottenham v Burnley,Burnley,Oliver Sonne,,0.016889376565814018,0.830999984741211,0.665,14,FromCorner,MissedShots,LeftFoot,Aerial,Away
2025,2526,2025-08-16,Tottenham v Burnley,Burnley,Josh Laurent,Jaidon Anthony,0.01934977062046528,0.7430000305175781,0.3990000152587891,22,OpenPlay,SavedShot,RightFoot,Pass,Away
2025,2526,2025-08-16,Tottenham v Burnley,Burnley,Kyle Walker,Josh Cullen,0.01382085494697094,0.7040000152587891,0.37900001525878907,23,OpenPlay,MissedShots,RightFoot,Pass,Away
2025,2526,2025-08-16,Tottenham v Burnley,Burnley,Jaidon Anthony,Josh Cullen,0.02467920072376728,0.774000015258789,0.6359999847412109,23,OpenPlay,BlockedShot,RightFoot,Pass,Away
2025,2526,2025-08-16,Tottenham v Burnley,Burnley,Lyle Foster,Josh Cullen,0.13910795748233795,0.775,0.4129999923706055,26,OpenPlay,BlockedShot,RightFoot,Throughball,Away
2025,2526,2025-08-16,Tottenham v Burnley,Burnley,Maxime Estève,Jaidon Anthony,0.045311152935028076,0.92,0.505,28,FromCorner,SavedShot,OtherBodyPart,Aerial,Away
2025,2526,2025-08-16,Tottenham v Burnley,Burnley,Josh Laurent,Quilindschy Hartman,0.03751162067055702,0.865999984741211,0.7019999694824218,29,OpenPlay,MissedShots,RightFoot,Pass,Away
2025,2526,2025-08-16,Tottenham v Burnley,Burnley,Hannibal Mejbri,,0.04063680022954941,0.784000015258789,0.7819999694824219,31,DirectFreekick,MissedShots,RightFoot,Standard,Away
2025,2526,2025-08-16,Tottenham v Burnley,Burnley,Josh Laurent,Oliver Sonne,0.02691812254488468,0.784000015258789,0.41200000762939454,42,OpenPlay,SavedShot,RightFoot,Pass,Away
2025,2526,2025-08-16,Tottenham v Burnley,Burnley,Lyle Foster,Josh Laurent,0.12265605479478836,0.905,0.46299999237060546,57,OpenPlay,MissedShots,LeftFoot,Pass,Away
2025,2526,2025-08-16,Tottenham v Burnley,Burnley,Jaidon Anthony,Lyle Foster,0.12898607552051544,0.9309999847412109,0.54,57,OpenPlay,SavedShot,RightFoot,Rebound,Away
2025,2526,2025-08-16,Tottenham v Burnley,Burnley,Chimuanya Ugochukwu,Lyle Foster,0.074710913002491,0.8230000305175781,0.5120000076293946,67,OpenPlay,MissedShots,RightFoot,Pass,Away
2025,2526,2025-08-16,Tottenham v Burnley,Burnley,Jaidon Anthony,Josh Cullen,0.03144283592700958,0.8490000152587891,0.46599998474121096,72,FromCorner,BlockedShot,RightFoot,Chipped,Away
2025,2526,2025-08-16,Wolverhampton Wanderers v Manchester City,Wolverhampton Wanderers,Jørgen Strand Larsen,Ki-Jana Hoever,0.07954536378383636,0.88,0.46599998474121096,25,OpenPlay,BlockedShot,RightFoot,Cross,Home
2025,2526,2025-08-16,Wolverhampton Wanderers v Manchester City,Wolverhampton Wanderers,Jean-Ricner Bellegarde,João Gomes,0.03351510688662529,0.81,0.6580000305175782,28,OpenPlay,MissedShots,RightFoot,Pass,Home
2025,2526,2025-08-16,Wolverhampton Wanderers v Manchester City,Wolverhampton Wanderers,Jørgen Strand Larsen,,0.07178953289985657,0.8919999694824219,0.43200000762939456,45,OpenPlay,MissedShots,LeftFoot,None,Home
2025,2526,2025-08-16,Wolverhampton Wanderers v Manchester City,Wolverhampton Wanderers,Jørgen Strand Larsen,Jean-Ricner Bellegarde,0.10767661035060883,0.899000015258789,0.37,57,SetPiece,SavedShot,RightFoot,Throughball,Home
2025,2526,2025-08-16,Wolverhampton Wanderers v Manchester City,Wolverhampton Wanderers,Marshall Munetsi,,0.05032111331820488,0.8640000152587891,0.39299999237060546,73,OpenPlay,BlockedShot,RightFoot,None,Home
2025,2526,2025-08-16,Wolverhampton Wanderers v Manchester City,Wolverhampton Wanderers,Jørgen Strand Larsen,Jhon Arias,0.05849302560091019,0.884000015258789,0.6769999694824219,74,OpenPlay,SavedShot,RightFoot,Pass,Home
2025,2526,2025-08-16,Wolverhampton Wanderers v Manchester City,Wolverhampton Wanderers,Emmanuel Agbadou,Toti,0.01164406817406416,0.7,0.5109999847412109,76,OpenPlay,MissedShots,RightFoot,Pass,Home
2025,2526,2025-08-16,Wolverhampton Wanderers v Manchester City,Wolverhampton Wanderers,Fernando López,Hee-Chan Hwang,0.0520901195704937,0.8219999694824218,0.425,86,OpenPlay,BlockedShot,LeftFoot,Pass,Home
2025,2526,2025-08-16,Wolverhampton Wanderers v Manchester City,Wolverhampton Wanderers,Fernando López,Hugo Bueno,0.05436142161488533,0.8719999694824219,0.35400001525878905,92,OpenPlay,SavedShot,LeftFoot,BallTouch,Home
2025,2526,2025-08-16,Wolverhampton Wanderers v Manchester City,Manchester City,Erling Haaland,Bernardo Silva,0.2403138428926468,0.9230000305175782,0.5070000076293946,17,FromCorner,MissedShots,Head,Aerial,Away
2025,2526,2025-08-16,Wolverhampton Wanderers v Manchester City,Manchester City,Erling Haaland,Bernardo Silva,0.5462837815284729,0.955,0.45799999237060546,18,OpenPlay,MissedShots,Head,Cross,Away
2025,2526,2025-08-16,Wolverhampton Wanderers v Manchester City,Manchester City,Nico González,,0.06871091574430466,0.8159999847412109,0.4,32,OpenPlay,BlockedShot,RightFoot,TakeOn,Away
2025,2526,2025-08-16,Wolverhampton Wanderers v Manchester City,Manchester City,Rayan Ait Nouri,,0.01887536235153675,0.7580000305175781,0.49,32,OpenPlay,BlockedShot,RightFoot,Rebound,Away
2025,2526,2025-08-16,Wolverhampton Wanderers v Manchester City,Manchester City,Nico González,Rayan Ait Nouri,0.017422990873456,0.7369999694824219,0.555,33,OpenPlay,BlockedShot,RightFoot,Pass,Away
2025,2526,2025-08-16,Wolverhampton Wanderers v Manchester City,Manchester City,Erling Haaland,Rico Lewis,0.7589436173439026,0.9690000152587891,0.5320000076293945,33,OpenPlay,Goal,LeftFoot,Pass,Away
2025,2526,2025-08-16,Wolverhampton Wanderers v Manchester City,Manchester City,Tijjani Reijnders,Oscar Bobb,0.08841829001903534,0.8430000305175781,0.65,36,OpenPlay,Goal,LeftFoot,Pass,Away
2025,2526,2025-08-16,Wolverhampton Wanderers v Manchester City,Manchester City,Erling Haaland,Bernardo Silva,0.11745663732290268,0.9330000305175781,0.46900001525878904,42,FromCorner,MissedShots,Head,Cross,Away
2025,2526,2025-08-16,Wolverhampton Wanderers v Manchester City,Manchester City,Erling Haaland,Bernardo Silva,0.03665313497185707,0.914000015258789,0.4829999923706055,48,FromCorner,MissedShots,Head,Aerial,Away
2025,2526,2025-08-16,Wolverhampton Wanderers v Manchester City,Manchester City,Rayan Ait Nouri,,0.038658253848552704,0.8090000152587891,0.6129999923706054,51,OpenPlay,MissedShots,LeftFoot,None,Away
2025,2526,2025-08-16,Wolverhampton Wanderers v Manchester City,Manchester City,Erling Haaland,Tijjani Reijnders,0.08934725821018219,0.8569999694824219,0.37,60,OpenPlay,Goal,LeftFoot,Pass,Away
2025,2526,2025-08-16,Wolverhampton Wanderers v Manchester City,Manchester City,Mathis Cherki,,0.05370163172483444,0.7880000305175782,0.4620000076293945,80,OpenPlay,Goal,RightFoot,BallTouch,Away
2025,2526,2025-08-16,Wolverhampton Wanderers v Manchester City,Manchester City,Tijjani Reijnders,Oscar Bobb,0.03802133724093437,0.775,0.3870000076293945,86,OpenPlay,MissedShots,RightFoot,Pass,Away
2025,2526,2025-08-16,Wolverhampton Wanderers v Manchester City,Manchester City,Omar Marmoush,,0.1576274335384369,0.8209999847412109,0.5720000076293945,91,DirectFreekick,BlockedShot,RightFoot,Standard,Away
2025,2526,2025-08-16,Wolverhampton Wanderers v Manchester City,Manchester City,Tijjani Reijnders,,0.035485826432704926,0.855,0.6580000305175782,91,SetPiece,MissedShots,RightFoot,Rebound,Away
2025,2526,2025-08-17,Chelsea v Crystal Palace,Chelsea,Marc Cucurella,Reece James,0.023999612778425217,0.9769999694824218,0.5870000076293945,2,FromCorner,BlockedShot,Head,Aerial,Home
2025,2526,2025-08-17,Chelsea v Crystal Palace,Chelsea,Cole Palmer,Jamie Bynoe-Gittens,0.020660916343331337,0.8319999694824218,0.7319999694824219,20,OpenPlay,MissedShots,LeftFoot,Pass,Home
2025,2526,2025-08-17,Chelsea v Crystal Palace,Chelsea,Pedro Neto,Enzo Fernández,0.01898862048983574,0.7680000305175781,0.37799999237060544,22,OpenPlay,BlockedShot,LeftFoot,Pass,Home
2025,2526,2025-08-17,Chelsea v Crystal Palace,Chelsea,Josh Acheampong,Reece James,0.08144471794366837,0.9619999694824218,0.5459999847412109,22,FromCorner,BlockedShot,Head,Aerial,Home
2025,2526,2025-08-17,Chelsea v Crystal Palace,Chelsea,Jamie Bynoe-Gittens,,0.02257574535906315,0.78,0.45599998474121095,25,FromCorner,BlockedShot,LeftFoot,None,Home
2025,2526,2025-08-17,Chelsea v Crystal Palace,Chelsea,João Pedro,Jamie Bynoe-Gittens,0.10877905040979385,0.8640000152587891,0.5429999923706055,29,OpenPlay,BlockedShot,LeftFoot,Pass,Home
2025,2526,2025-08-17,Chelsea v Crystal Palace,Chelsea,Moisés Caicedo,,0.03899286314845085,0.8109999847412109,0.4779999923706055,29,OpenPlay,BlockedShot,RightFoot,Rebound,Home
2025,2526,2025-08-17,Chelsea v Crystal Palace,Chelsea,Jamie Bynoe-Gittens,,0.020003335550427437,0.805,0.6730000305175782,29,FromCorner,BlockedShot,RightFoot,None,Home
2025,2526,2025-08-17,Chelsea v Crystal Palace,Chelsea,Trevoh Chalobah,,0.13115078210830688,0.914000015258789,0.48400001525878905,29,FromCorner,MissedShots,RightFoot,Rebound,Home
2025,2526,2025-08-17,Chelsea v Crystal Palace,Chelsea,Cole Palmer,Reece James,0.056066226214170456,0.8130000305175781,0.5220000076293946,46,OpenPlay,BlockedShot,LeftFoot,Interception,Home
2025,2526,2025-08-17,Chelsea v Crystal Palace,Chelsea,Marc Cucurella,,0.03194068372249603,0.8130000305175781,0.6170000076293946,46,OpenPlay,MissedShots,LeftFoot,Rebound,Home
2025,2526,2025-08-17,Chelsea v Crystal Palace,Chelsea,Cole Palmer,,0.0517423078417778,0.77,0.30100000381469727,58,DirectFreekick,BlockedShot,LeftFoot,Standard,Home
2025,2526,2025-08-17,Chelsea v Crystal Palace,Chelsea,João Pedro,Pedro Neto,0.09113326668739319,0.9640000152587891,0.4759999847412109,61,FromCorner,MissedShots,Head,Aerial,Home
2025,2526,2025-08-17,Chelsea v Crystal Palace,Chelsea,Cole Palmer,,0.09504541754722595,0.9209999847412109,0.40700000762939453,63,OpenPlay,BlockedShot,RightFoot,None,Home
2025,2526,2025-08-17,Chelsea v Crystal Palace,Chelsea,Estêvão,,0.09882759302854538,0.9030000305175782,0.534000015258789,65,OpenPlay,MissedShots,LeftFoot,None,Home
2025,2526,2025-08-17,Chelsea v Crystal Palace,Chelsea,Malo Gusto,Cole Palmer,0.015278443694114685,0.710999984741211,0.4,88,OpenPlay,MissedShots,RightFoot,Pass,Home
2025,2526,2025-08-17,Chelsea v Crystal Palace,Chelsea,Liam Delap,,0.04425767436623573,0.8540000152587891,0.32799999237060545,89,OpenPlay,SavedShot,RightFoot,None,Home
2025,2526,2025-08-17,Chelsea v Crystal Palace,Chelsea,Andrey Santos,Marc Cucurella,0.3392919898033142,0.8590000152587891,0.49900001525878906,92,OpenPlay,MissedShots,LeftFoot,Pass,Home
2025,2526,2025-08-17,Chelsea v Crystal Palace,Chelsea,Andrey Santos,Pedro Neto,0.08640170097351074,0.8959999847412109,0.46299999237060546,93,OpenPlay,SavedShot,Head,Cross,Home
2025,2526,2025-08-17,Chelsea v Crystal Palace,Crystal Palace,Eberechi Eze,Marc Guehi,0.0071087428368628025,0.57,0.8819999694824219,4,OpenPlay,MissedShots,RightFoot,Pass,Away
2025,2526,2025-08-17,Chelsea v Crystal Palace,Crystal Palace,Chris Richards,,0.03623467683792114,0.8980000305175782,0.4640000152587891,8,SetPiece,MissedShots,Head,None,Away
2025,2526,2025-08-17,Chelsea v Crystal Palace,Crystal Palace,Jean-Philippe Mateta,,0.0139832254499197,0.74,0.3129999923706055,17,OpenPlay,BlockedShot,RightFoot,Dispossessed,Away
2025,2526,2025-08-17,Chelsea v Crystal Palace,Crystal Palace,Jean-Philippe Mateta,Adam Wharton,0.29825660586357117,0.8530000305175781,0.47400001525878904,18,OpenPlay,SavedShot,RightFoot,Pass,Away
2025,2526,2025-08-17,Chelsea v Crystal Palace,Crystal Palace,Eberechi Eze,Adam Wharton,0.011063599027693272,0.7090000152587891,0.7419999694824219,24,SetPiece,SavedShot,RightFoot,Pass,Away
2025,2526,2025-08-17,Chelsea v Crystal Palace,Crystal Palace,Maxence Lacroix,Eberechi Eze,0.4323694705963135,0.9209999847412109,0.4929999923706055,38,SetPiece,MissedShots,RightFoot,Cross,Away
2025,2526,2025-08-17,Chelsea v Crystal Palace,Crystal Palace,Eberechi Eze,,0.07205233722925186,0.8569999694824219,0.555,48,OpenPlay,BlockedShot,LeftFoot,None,Away
2025,2526,2025-08-17,Chelsea v Crystal Palace,Crystal Palace,Eberechi Eze,,0.05572766438126564,0.8219999694824218,0.47400001525878904,48,OpenPlay,BlockedShot,RightFoot,None,Away
2025,2526,2025-08-17,Chelsea v Crystal Palace,Crystal Palace,Daniel Muñoz,,0.06141011789441109,0.855999984741211,0.4179999923706055,48,OpenPlay,MissedShots,LeftFoot,Rebound,Away
2025,2526,2025-08-17,Chelsea v Crystal Palace,Crystal Palace,Eberechi Eze,,0.008318526670336723,0.6040000152587891,0.6730000305175782,68,OpenPlay,BlockedShot,RightFoot,BallRecovery,Away
2025,2526,2025-08-17,Chelsea v Crystal Palace,Crystal Palace,Jean-Philippe Mateta,Dean Henderson,0.015475641936063766,0.7180000305175781,0.30700000762939456,76,OpenPlay,SavedShot,RightFoot,Pass,Away
2025,2526,2025-08-17,Chelsea v Crystal Palace,Crystal Palace,Eberechi Eze,Ismaila Sarr,0.025558898225426674,0.7569999694824219,0.5120000076293946,81,OpenPlay,SavedShot,RightFoot,Pass,Away
2025,2526,2025-08-17,Nottingham Forest v Brentford,Nottingham Forest,Chris Wood,,0.08667483180761337,0.9059999847412109,0.415,5,FromCorner,Goal,RightFoot,None,Home
2025,2526,2025-08-17,Nottingham Forest v Brentford,Nottingham Forest,Elliot Anderson,Morgan Gibbs-White,0.04947927966713905,0.8440000152587891,0.34400001525878904,10,OpenPlay,BlockedShot,RightFoot,Pass,Home
2025,2526,2025-08-17,Nottingham Forest v Brentford,Nottingham Forest,Elliot Anderson,Neco Williams,0.34471628069877625,0.9119999694824219,0.4520000076293945,10,OpenPlay,MissedShots,LeftFoot,Cross,Home
2025,2526,2025-08-17,Nottingham Forest v Brentford,Nottingham Forest,Morgan Gibbs-White,Ola Aina,0.052031442523002625,0.8169999694824219,0.3579999923706055,17,OpenPlay,BlockedShot,RightFoot,BallTouch,Home
2025,2526,2025-08-17,Nottingham Forest v Brentford,Nottingham Forest,Elliot Anderson,,0.029686104506254196,0.779000015258789,0.3390000152587891,17,OpenPlay,SavedShot,LeftFoot,Rebound,Home
2025,2526,2025-08-17,Nottingham Forest v Brentford,Nottingham Forest,Dan Ndoye,Morgan Gibbs-White,0.30143463611602783,0.9080000305175782,0.46,41,OpenPlay,Goal,Head,Cross,Home
2025,2526,2025-08-17,Nottingham Forest v Brentford,Nottingham Forest,Chris Wood,Elliot Anderson,0.3639630973339081,0.960999984741211,0.605,46,OpenPlay,Goal,LeftFoot,BallRecovery,Home
2025,2526,2025-08-17,Nottingham Forest v Brentford,Nottingham Forest,Ibrahim Sangare,Neco Williams,0.013808981515467167,0.69,0.605,54,OpenPlay,MissedShots,RightFoot,Pass,Home
2025,2526,2025-08-17,Nottingham Forest v Brentford,Nottingham Forest,Callum Hudson-Odoi,Morgan Gibbs-White,0.015782266855239868,0.7280000305175781,0.664000015258789,60,OpenPlay,SavedShot,RightFoot,Pass,Home
2025,2526,2025-08-17,Nottingham Forest v Brentford,Nottingham Forest,Morgan Gibbs-White,Callum Hudson-Odoi,0.4768589437007904,0.9169999694824219,0.5209999847412109,62,OpenPlay,MissedShots,RightFoot,Cross,Home
2025,2526,2025-08-17,Nottingham Forest v Brentford,Nottingham Forest,Morgan Gibbs-White,Callum Hudson-Odoi,0.022611716762185097,0.76,0.605,64,OpenPlay,MissedShots,RightFoot,Pass,Home
2025,2526,2025-08-17,Nottingham Forest v Brentford,Brentford,Yehor Yarmolyuk,Thiago,0.043761223554611206,0.815,0.5320000076293945,23,OpenPlay,SavedShot,RightFoot,Pass,Away
2025,2526,2025-08-17,Nottingham Forest v Brentford,Brentford,Nathan Collins,Mathias Jensen,0.013189978897571564,0.93,0.3870000076293945,25,FromCorner,BlockedShot,Head,Aerial,Away
2025,2526,2025-08-17,Nottingham Forest v Brentford,Brentford,Mathias Jensen,Rico Henry,0.07513508200645447,0.8780000305175781,0.605999984741211,39,OpenPlay,MissedShots,RightFoot,Pass,Away
2025,2526,2025-08-17,Nottingham Forest v Brentford,Brentford,Thiago,Mathias Jensen,0.12306726723909378,0.92,0.4540000152587891,39,OpenPlay,BlockedShot,LeftFoot,Rebound,Away
2025,2526,2025-08-17,Nottingham Forest v Brentford,Brentford,Keane Lewis-Potter,,0.045006413012742996,0.8059999847412109,0.48900001525878906,50,OpenPlay,MissedShots,LeftFoot,Tackle,Away
2025,2526,2025-08-17,Nottingham Forest v Brentford,Brentford,Keane Lewis-Potter,,0.0196341834962368,0.8530000305175781,0.624000015258789,53,OpenPlay,MissedShots,Head,Aerial,Away
2025,2526,2025-08-17,Nottingham Forest v Brentford,Brentford,Fabio Carvalho,Yehor Yarmolyuk,0.0408463291823864,0.8030000305175782,0.37599998474121094,58,OpenPlay,MissedShots,RightFoot,Pass,Away
2025,2526,2025-08-17,Nottingham Forest v Brentford,Brentford,Sepp van den Berg,Michael Kayode,0.13119171559810638,0.9269999694824219,0.5,72,OpenPlay,SavedShot,Head,Pass,Away
2025,2526,2025-08-17,Nottingham Forest v Brentford,Brentford,Sepp van den Berg,Michael Kayode,0.08140833675861359,0.9109999847412109,0.47,74,OpenPlay,BlockedShot,Head,Pass,Away
2025,2526,2025-08-17,Nottingham Forest v Brentford,Brentford,Thiago,,0.7611688375473022,0.885,0.5,77,Penalty,Goal,RightFoot,Standard,Away
2025,2526,2025-08-17,Manchester United v Arsenal,Manchester United,Bryan Mbeumo,Mason Mount,0.07126373052597046,0.87,0.37599998474121094,5,OpenPlay,SavedShot,RightFoot,Pass,Home
2025,2526,2025-08-17,Manchester United v Arsenal,Manchester United,Patrick Dorgu,Bruno Fernandes,0.01521605160087347,0.6790000152587891,0.5170000076293946,7,SetPiece,MissedShots,LeftFoot,Pass,Home
2025,2526,2025-08-17,Manchester United v Arsenal,Manchester United,Bruno Fernandes,,0.10686822980642319,0.81,0.3729999923706055,16,DirectFreekick,BlockedShot,RightFoot,Standard,Home
2025,2526,2025-08-17,Manchester United v Arsenal,Manchester United,Bryan Mbeumo,Casemiro,0.09468268603086472,0.8240000152587891,0.38299999237060545,24,OpenPlay,BlockedShot,LeftFoot,Chipped,Home
2025,2526,2025-08-17,Manchester United v Arsenal,Manchester United,Patrick Dorgu,Bruno Fernandes,0.03560063987970352,0.7930000305175782,0.7280000305175781,29,OpenPlay,ShotOnPost,LeftFoot,Pass,Home
2025,2526,2025-08-17,Manchester United v Arsenal,Manchester United,Matheus Cunha,Diogo Dalot,0.11505018174648285,0.830999984741211,0.37,32,OpenPlay,SavedShot,RightFoot,TakeOn,Home
2025,2526,2025-08-17,Manchester United v Arsenal,Manchester United,Matheus Cunha,Bryan Mbeumo,0.01872454211115837,0.749000015258789,0.56,33,OpenPlay,SavedShot,RightFoot,Pass,Home
2025,2526,2025-08-17,Manchester United v Arsenal,Manchester United,Matheus Cunha,Mason Mount,0.06415598094463348,0.9569999694824218,0.66,37,OpenPlay,SavedShot,LeftFoot,Pass,Home
2025,2526,2025-08-17,Manchester United v Arsenal,Manchester United,Bruno Fernandes,,0.05738595873117447,0.8430000305175781,0.5690000152587891,37,OpenPlay,BlockedShot,LeftFoot,Dispossessed,Home
2025,2526,2025-08-17,Manchester United v Arsenal,Manchester United,Mason Mount,Matheus Cunha,0.07355441153049469,0.8669999694824219,0.625,43,OpenPlay,BlockedShot,RightFoot,Pass,Home
2025,2526,2025-08-17,Manchester United v Arsenal,Manchester United,Mason Mount,Luke Shaw,0.06331620365381241,0.8719999694824219,0.6359999847412109,48,OpenPlay,BlockedShot,LeftFoot,Pass,Home
2025,2526,2025-08-17,Manchester United v Arsenal,Manchester United,Bryan Mbeumo,,0.08600316196680069,0.9009999847412109,0.4470000076293945,68,OpenPlay,BlockedShot,RightFoot,BallTouch,Home
2025,2526,2025-08-17,Manchester United v Arsenal,Manchester United,Bryan Mbeumo,Bruno Fernandes,0.078298419713974,0.8859999847412109,0.5129999923706055,68,OpenPlay,MissedShots,RightFoot,Cross,Home
2025,2526,2025-08-17,Manchester United v Arsenal,Manchester United,Bryan Mbeumo,,0.056700605899095535,0.9030000305175782,0.4640000152587891,72,OpenPlay,SavedShot,Head,None,Home
2025,2526,2025-08-17,Manchester United v Arsenal,Manchester United,Benjamin Sesko,Bruno Fernandes,0.04673357680439949,0.9059999847412109,0.4490000152587891,73,OpenPlay,MissedShots,Head,Chipped,Home
2025,2526,2025-08-17,Manchester United v Arsenal,Manchester United,Amad Diallo Traore,Manuel Ugarte,0.016931818798184395,0.8209999847412109,0.25799999237060545,76,OpenPlay,SavedShot,LeftFoot,TakeOn,Home
2025,2526,2025-08-17,Manchester United v Arsenal,Manchester United,Manuel Ugarte,Benjamin Sesko,0.015479695983231068,0.7180000305175781,0.53,87,OpenPlay,MissedShots,RightFoot,Pass,Home
2025,2526,2025-08-17,Manchester United v Arsenal,Manchester United,Matthijs de Ligt,Amad Diallo Traore,0.06453955918550491,0.905,0.31799999237060544,88,OpenPlay,MissedShots,LeftFoot,Pass,Home
2025,2526,2025-08-17,Manchester United v Arsenal,Manchester United,Matheus Cunha,Matthijs de Ligt,0.1362403780221939,0.9309999847412109,0.4929999923706055,88,OpenPlay,BlockedShot,RightFoot,Rebound,Home
2025,2526,2025-08-17,Manchester United v Arsenal,Manchester United,Matthijs de Ligt,Benjamin Sesko,0.07406152784824371,0.9330000305175781,0.33299999237060546,88,OpenPlay,BlockedShot,LeftFoot,Pass,Home
2025,2526,2025-08-17,Manchester United v Arsenal,Manchester United,Benjamin Sesko,Bruno Fernandes,0.02999100647866726,0.855999984741211,0.47700000762939454,89,OpenPlay,MissedShots,Head,Chipped,Home
2025,2526,2025-08-17,Manchester United v Arsenal,Manchester United,Matthijs de Ligt,,0.06452064961194992,0.9309999847412109,0.5029999923706054,95,FromCorner,SavedShot,Head,Aerial,Home
2025,2526,2025-08-17,Manchester United v Arsenal,Arsenal,Riccardo Calafiori,,0.8442546129226685,0.9940000152587891,0.49,12,FromCorner,Goal,Head,None,Away
2025,2526,2025-08-17,Manchester United v Arsenal,Arsenal,Gabriel Martinelli,Bukayo Saka,0.058520082384347916,0.87,0.6930000305175781,25,OpenPlay,SavedShot,RightFoot,Pass,Away
2025,2526,2025-08-17,Manchester United v Arsenal,Arsenal,Martin Odegaard,Ben White,0.060895293951034546,0.7769999694824219,0.42200000762939455,34,OpenPlay,SavedShot,LeftFoot,TakeOn,Away
2025,2526,2025-08-17,Manchester United v Arsenal,Arsenal,Martin Odegaard,,0.06685280054807663,0.8719999694824219,0.4209999847412109,40,FromCorner,MissedShots,LeftFoot,None,Away
2025,2526,2025-08-17,Manchester United v Arsenal,Arsenal,Ben White,,0.0184373389929533,0.7469999694824219,0.45799999237060546,40,FromCorner,MissedShots,RightFoot,BallTouch,Away
2025,2526,2025-08-17,Manchester United v Arsenal,Arsenal,Declan Rice,Gabriel Martinelli,0.03301990032196045,0.774000015258789,0.519000015258789,58,OpenPlay,MissedShots,RightFoot,Pass,Away
2025,2526,2025-08-17,Manchester United v Arsenal,Arsenal,Declan Rice,Noni Madueke,0.05388079211115837,0.8440000152587891,0.6730000305175782,63,OpenPlay,BlockedShot,LeftFoot,Pass,Away
2025,2526,2025-08-17,Manchester United v Arsenal,Arsenal,Declan Rice,,0.05943479388952255,0.78,0.3129999923706055,81,DirectFreekick,BlockedShot,RightFoot,Standard,Away
2025,2526,2025-08-17,Manchester United v Arsenal,Arsenal,Bukayo Saka,Martin Odegaard,0.13510377705097198,0.9009999847412109,0.425,91,OpenPlay,BlockedShot,LeftFoot,Pass,Away
2025,2526,2025-08-18,Leeds v Everton,Leeds,Joël Piroe,,0.4093262255191803,0.9490000152587891,0.5970000076293945,4,OpenPlay,SavedShot,LeftFoot,None,Home
2025,2526,2025-08-18,Leeds v Everton,Leeds,Joël Piroe,Pascal Struijk,0.024318870157003403,0.7819999694824219,0.34799999237060547,9,OpenPlay,BlockedShot,RightFoot,BallRecovery,Home
2025,2526,2025-08-18,Leeds v Everton,Leeds,Daniel James,,0.014758638106286526,0.7719999694824219,0.4159999847412109,12,FromCorner,BlockedShot,LeftFoot,Aerial,Home
2025,2526,2025-08-18,Leeds v Everton,Leeds,Gabriel Gudmundsson,,0.016118241474032402,0.7869999694824219,0.5629999923706055,14,FromCorner,BlockedShot,LeftFoot,Aerial,Home
2025,2526,2025-08-18,Leeds v Everton,Leeds,Joël Piroe,Daniel James,0.09029436856508255,0.8880000305175781,0.534000015258789,20,OpenPlay,BlockedShot,RightFoot,Cross,Home
2025,2526,2025-08-18,Leeds v Everton,Leeds,Ao Tanaka,Anton Stach,0.015662821009755135,0.715999984741211,0.580999984741211,30,OpenPlay,MissedShots,RightFoot,Pass,Home
2025,2526,2025-08-18,Leeds v Everton,Leeds,Anton Stach,Gabriel Gudmundsson,0.03217145800590515,0.9,0.5570000076293945,35,OpenPlay,MissedShots,Head,CornerAwarded,Home
2025,2526,2025-08-18,Leeds v Everton,Leeds,Daniel James,Anton Stach,0.1070418506860733,0.9119999694824219,0.4759999847412109,35,OpenPlay,BlockedShot,RightFoot,None,Home
2025,2526,2025-08-18,Leeds v Everton,Leeds,Pascal Struijk,Anton Stach,0.11817356944084167,0.9690000152587891,0.57,36,FromCorner,MissedShots,Head,Cross,Home
2025,2526,2025-08-18,Leeds v Everton,Leeds,Wilfried Gnonto,,0.03316649794578552,0.7780000305175782,0.47900001525878905,36,FromCorner,BlockedShot,RightFoot,Rebound,Home
2025,2526,2025-08-18,Leeds v Everton,Leeds,Gabriel Gudmundsson,,0.042517147958278656,0.8590000152587891,0.7030000305175781,37,OpenPlay,BlockedShot,RightFoot,BallRecovery,Home
2025,2526,2025-08-18,Leeds v Everton,Leeds,Wilfried Gnonto,Ao Tanaka,0.015106682665646076,0.7880000305175782,0.735,43,OpenPlay,MissedShots,LeftFoot,Pass,Home
2025,2526,2025-08-18,Leeds v Everton,Leeds,Wilfried Gnonto,,0.08617589622735977,0.9259999847412109,0.3890000152587891,54,OpenPlay,MissedShots,RightFoot,None,Home
2025,2526,2025-08-18,Leeds v Everton,Leeds,Gabriel Gudmundsson,Anton Stach,0.06013450399041176,0.9569999694824218,0.435,59,FromCorner,BlockedShot,Head,Aerial,Home
2025,2526,2025-08-18,Leeds v Everton,Leeds,Ao Tanaka,Brenden Aaronson,0.09609762579202652,0.8519999694824218,0.5270000076293946,79,OpenPlay,MissedShots,RightFoot,Pass,Home
2025,2526,2025-08-18,Leeds v Everton,Leeds,Lukas Nmecha,Ao Tanaka,0.06670711189508438,0.860999984741211,0.6419999694824219,81,OpenPlay,BlockedShot,RightFoot,Pass,Home
2025,2526,2025-08-18,Leeds v Everton,Leeds,Anton Stach,,0.019304729998111725,0.7519999694824219,0.4490000152587891,81,OpenPlay,BlockedShot,RightFoot,None,Home
2025,2526,2025-08-18,Leeds v Everton,Leeds,Lukas Nmecha,,0.7611688375473022,0.885,0.5,83,Penalty,Goal,RightFoot,Standard,Home
2025,2526,2025-08-18,Leeds v Everton,Leeds,Anton Stach,Gabriel Gudmundsson,0.027387846261262894,0.7830000305175782,0.649000015258789,90,OpenPlay,SavedShot,RightFoot,Pass,Home
2025,2526,2025-08-18,Leeds v Everton,Leeds,Jayden Bogle,,0.018469899892807007,0.7769999694824219,0.30700000762939456,90,OpenPlay,BlockedShot,RightFoot,Rebound,Home
2025,2526,2025-08-18,Leeds v Everton,Leeds,Anton Stach,Brenden Aaronson,0.33152326941490173,0.9569999694824218,0.40299999237060546,91,OpenPlay,MissedShots,LeftFoot,Cross,Home
2025,2526,2025-08-18,Leeds v Everton,Everton,Idrissa Gueye,Iliman Ndiaye,0.035499490797519684,0.794000015258789,0.5690000152587891,53,OpenPlay,MissedShots,RightFoot,Pass,Away
2025,2526,2025-08-18,Leeds v Everton,Everton,James Garner,,0.032131776213645935,0.6880000305175781,0.39799999237060546,63,DirectFreekick,BlockedShot,RightFoot,Standard,Away
2025,2526,2025-08-18,Leeds v Everton,Everton,Carlos Alcaraz,,0.06797664612531662,0.945,0.29600000381469727,75,SetPiece,SavedShot,RightFoot,TakeOn,Away
2025,2526,2025-08-18,Leeds v Everton,Everton,Jake O&#039;Brien,Kiernan Dewsbury-Hall,0.07649127393960953,0.955999984741211,0.455,76,FromCorner,MissedShots,Head,Aerial,Away
2025,2526,2025-08-18,Leeds v Everton,Everton,Jack Grealish,,0.07832671701908112,0.88,0.5829999923706055,87,SetPiece,BlockedShot,LeftFoot,BallTouch,Away
2025,2526,2025-08-18,Leeds v Everton,Everton,Beto,Idrissa Gueye,0.04186242073774338,0.9009999847412109,0.4909999847412109,87,SetPiece,BlockedShot,Head,Aerial,Away
2025,2526,2025-08-18,Leeds v Everton,Everton,James Tarkowski,,0.35699406266212463,0.97,0.5790000152587891,87,SetPiece,MissedShots,Head,Rebound,Away
2025,2526,2025-08-22,West Ham v Chelsea,West Ham,Lucas Paquetá,El Hadji Malick Diouf,0.015151547268033028,0.754000015258789,0.7290000152587891,5,OpenPlay,Goal,LeftFoot,Pass,Home
2025,2526,2025-08-22,West Ham v Chelsea,West Ham,Tomas Soucek,James Ward-Prowse,0.007524879649281502,0.9180000305175782,0.3270000076293945,16,SetPiece,BlockedShot,Head,Aerial,Home
2025,2526,2025-08-22,West Ham v Chelsea,West Ham,Lucas Paquetá,Niclas Füllkrug,0.021286431699991226,0.8180000305175781,0.49700000762939456,38,OpenPlay,SavedShot,LeftFoot,HeadPass,Home
2025,2526,2025-08-22,West Ham v Chelsea,West Ham,Jarrod Bowen,Lucas Paquetá,0.05442730337381363,0.915,0.28899999618530275,43,OpenPlay,BlockedShot,LeftFoot,Pass,Home
2025,2526,2025-08-22,West Ham v Chelsea,West Ham,Jarrod Bowen,Aaron Wan-Bissaka,0.040309593081474304,0.9069999694824219,0.345,48,OpenPlay,SavedShot,LeftFoot,Cross,Home
2025,2526,2025-08-22,West Ham v Chelsea,West Ham,Callum Wilson,Jarrod Bowen,0.021384084597229958,0.9180000305175782,0.5740000152587891,64,FromCorner,MissedShots,Head,Aerial,Home
2025,2526,2025-08-22,West Ham v Chelsea,West Ham,Tomas Soucek,,0.07674121111631393,0.9080000305175782,0.41900001525878905,66,OpenPlay,SavedShot,LeftFoot,None,Home
2025,2526,2025-08-22,West Ham v Chelsea,West Ham,Kyle Walker-Peters,Callum Wilson,0.08269345760345459,0.9730000305175781,0.3729999923706055,70,OpenPlay,MissedShots,RightFoot,Pass,Home
2025,2526,2025-08-22,West Ham v Chelsea,West Ham,Naif Aguerd,James Ward-Prowse,0.026649724692106247,0.9109999847412109,0.54,80,FromCorner,MissedShots,Head,Aerial,Home
2025,2526,2025-08-22,West Ham v Chelsea,West Ham,Naif Aguerd,James Ward-Prowse,0.061928026378154755,0.924000015258789,0.5790000152587891,85,FromCorner,MissedShots,Head,Cross,Home
2025,2526,2025-08-22,West Ham v Chelsea,West Ham,James Ward-Prowse,,0.09799826145172119,0.7969999694824219,0.39099998474121095,89,DirectFreekick,BlockedShot,RightFoot,Standard,Home
2025,2526,2025-08-22,West Ham v Chelsea,West Ham,Max Kilman,James Ward-Prowse,0.4724774956703186,0.9580000305175781,0.4640000152587891,89,FromCorner,MissedShots,Head,Cross,Home
2025,2526,2025-08-22,West Ham v Chelsea,Chelsea,João Pedro,Marc Cucurella,0.5352728962898254,0.9669999694824218,0.5059999847412109,14,FromCorner,Goal,Head,HeadPass,Away
2025,2526,2025-08-22,West Ham v Chelsea,Chelsea,Liam Delap,,0.13271735608577728,0.915,0.43599998474121093,18,OpenPlay,SavedShot,RightFoot,None,Away
2025,2526,2025-08-22,West Ham v Chelsea,Chelsea,Pedro Neto,João Pedro,0.38758036494255066,0.9380000305175781,0.565,22,OpenPlay,Goal,LeftFoot,Cross,Away
2025,2526,2025-08-22,West Ham v Chelsea,Chelsea,João Pedro,,0.01688173972070217,0.715,0.445,26,OpenPlay,MissedShots,RightFoot,None,Away
2025,2526,2025-08-22,West Ham v Chelsea,Chelsea,Enzo Fernández,Estêvão,0.7091479897499084,0.9640000152587891,0.52,33,OpenPlay,Goal,RightFoot,Pass,Away
2025,2526,2025-08-22,West Ham v Chelsea,Chelsea,Enzo Fernández,Pedro Neto,0.43584325909614563,0.8730000305175781,0.5209999847412109,49,OpenPlay,MissedShots,RightFoot,Pass,Away
2025,2526,2025-08-22,West Ham v Chelsea,Chelsea,Moisés Caicedo,,0.5002027153968811,0.9309999847412109,0.44299999237060544,53,FromCorner,Goal,RightFoot,None,Away
2025,2526,2025-08-22,West Ham v Chelsea,Chelsea,João Pedro,,0.04047083854675293,0.9169999694824219,0.5359999847412109,57,FromCorner,MissedShots,Head,Aerial,Away
2025,2526,2025-08-22,West Ham v Chelsea,Chelsea,Trevoh Chalobah,João Pedro,0.638831615447998,0.9569999694824218,0.48400001525878905,57,FromCorner,Goal,LeftFoot,Rebound,Away
2025,2526,2025-08-22,West Ham v Chelsea,Chelsea,Enzo Fernández,,0.04919792339205742,0.8269999694824218,0.37799999237060544,60,OpenPlay,MissedShots,RightFoot,None,Away
2025,2526,2025-08-22,West Ham v Chelsea,Chelsea,Estêvão,Reece James,0.47674334049224854,0.8919999694824219,0.47,72,OpenPlay,SavedShot,LeftFoot,Throughball,Away
2025,2526,2025-08-22,West Ham v Chelsea,Chelsea,Pedro Neto,Andrey Santos,0.052929092198610306,0.8419999694824218,0.2979999923706055,90,OpenPlay,BlockedShot,LeftFoot,Pass,Away
2025,2526,2025-08-23,Manchester City v Tottenham,Manchester City,Omar Marmoush,,0.04282860457897186,0.96,0.7169999694824218,9,OpenPlay,MissedShots,LeftFoot,None,Home
2025,2526,2025-08-23,Manchester City v Tottenham,Manchester City,Omar Marmoush,Oscar Bobb,0.023535283282399178,0.7930000305175782,0.7090000152587891,17,OpenPlay,SavedShot,RightFoot,Pass,Home
2025,2526,2025-08-23,Manchester City v Tottenham,Manchester City,Tijjani Reijnders,Oscar Bobb,0.05850129574537277,0.8119999694824219,0.544000015258789,18,OpenPlay,BlockedShot,RightFoot,Pass,Home
2025,2526,2025-08-23,Manchester City v Tottenham,Manchester City,Omar Marmoush,Erling Haaland,0.36525797843933105,0.875,0.43200000762939456,27,OpenPlay,SavedShot,RightFoot,Throughball,Home
2025,2526,2025-08-23,Manchester City v Tottenham,Manchester City,Nathan Aké,Rico Lewis,0.0981948971748352,0.8959999847412109,0.605,47,OpenPlay,BlockedShot,LeftFoot,Pass,Home
2025,2526,2025-08-23,Manchester City v Tottenham,Manchester City,Erling Haaland,Mathis Cherki,0.4975411593914032,0.9519999694824218,0.485,51,FromCorner,MissedShots,Head,Cross,Home
2025,2526,2025-08-23,Manchester City v Tottenham,Manchester City,Rico Lewis,,0.017117779701948166,0.7569999694824219,0.41700000762939454,69,FromCorner,MissedShots,RightFoot,None,Home
2025,2526,2025-08-23,Manchester City v Tottenham,Manchester City,Rodri,Phil Foden,0.019334079697728157,0.914000015258789,0.43200000762939456,75,FromCorner,SavedShot,Head,Aerial,Home
2025,2526,2025-08-23,Manchester City v Tottenham,Manchester City,Phil Foden,Jéremy Doku,0.10486970096826553,0.9259999847412109,0.5529999923706055,78,OpenPlay,BlockedShot,LeftFoot,Challenge,Home
2025,2526,2025-08-23,Manchester City v Tottenham,Manchester City,Phil Foden,Rodri,0.020318936556577682,0.755,0.57,84,OpenPlay,SavedShot,LeftFoot,Pass,Home
2025,2526,2025-08-23,Manchester City v Tottenham,Tottenham,Pedro Porro,,0.05749478563666344,0.78,0.695,8,DirectFreekick,BlockedShot,RightFoot,Standard,Away
2025,2526,2025-08-23,Manchester City v Tottenham,Tottenham,Pedro Porro,,0.025627147406339645,0.845999984741211,0.685,8,SetPiece,MissedShots,RightFoot,Rebound,Away
2025,2526,2025-08-23,Manchester City v Tottenham,Tottenham,Brennan Johnson,Richarlison,0.37564074993133545,0.8869999694824219,0.5279999923706055,34,OpenPlay,Goal,RightFoot,Pass,Away
2025,2526,2025-08-23,Manchester City v Tottenham,Tottenham,João Palhinha,,0.38038206100463867,0.899000015258789,0.41700000762939454,46,OpenPlay,Goal,RightFoot,TakeOn,Away
2025,2526,2025-08-23,Manchester City v Tottenham,Tottenham,Pape Sarr,Brennan Johnson,0.0277139563113451,0.9059999847412109,0.585,53,OpenPlay,SavedShot,Head,Aerial,Away
2025,2526,2025-08-23,Manchester City v Tottenham,Tottenham,Richarlison,Pedro Porro,0.02252925932407379,0.9119999694824219,0.5829999923706055,55,OpenPlay,BlockedShot,Head,Aerial,Away
2025,2526,2025-08-23,Manchester City v Tottenham,Tottenham,Brennan Johnson,Rodrigo Bentancur,0.07568179816007614,0.7930000305175782,0.7240000152587891,56,OpenPlay,MissedShots,RightFoot,Pass,Away
2025,2526,2025-08-23,Manchester City v Tottenham,Tottenham,Richarlison,Pedro Porro,0.017172716557979584,0.92,0.605,60,SetPiece,MissedShots,Head,Aerial,Away
2025,2526,2025-08-23,Manchester City v Tottenham,Tottenham,Richarlison,Mohammed Kudus,0.05051447078585625,0.93,0.6079999923706054,61,OpenPlay,MissedShots,Head,Cross,Away
2025,2526,2025-08-23,Manchester City v Tottenham,Tottenham,Wilson Odobert,Lucas Bergvall,0.1438920646905899,0.860999984741211,0.47,86,OpenPlay,MissedShots,RightFoot,Pass,Away
2025,2526,2025-08-23,Manchester City v Tottenham,Tottenham,Dominic Solanke,,0.09157638251781464,0.8619999694824219,0.40099998474121096,92,OpenPlay,SavedShot,RightFoot,FormationChange,Away
2025,2526,2025-08-23,Manchester City v Tottenham,Tottenham,Wilson Odobert,,0.014750823378562927,0.9009999847412109,0.580999984741211,92,OpenPlay,SavedShot,Head,Rebound,Away
2025,2526,2025-08-23,Brentford v Aston Villa,Brentford,Mikkel Damsgaard,Kevin Schade,0.033606838434934616,0.9269999694824219,0.6919999694824219,2,OpenPlay,MissedShots,RightFoot,TakeOn,Home
2025,2526,2025-08-23,Brentford v Aston Villa,Brentford,Dango Ouattara,Thiago,0.399488627910614,0.899000015258789,0.580999984741211,11,OpenPlay,SavedShot,RightFoot,TakeOn,Home
2025,2526,2025-08-23,Brentford v Aston Villa,Brentford,Dango Ouattara,,0.6180344223976135,0.950999984741211,0.54,12,OpenPlay,Goal,LeftFoot,Rebound,Home
2025,2526,2025-08-23,Brentford v Aston Villa,Brentford,Thiago,,0.043944086879491806,0.8980000305175782,0.49200000762939455,25,OpenPlay,MissedShots,Head,CornerAwarded,Home
2025,2526,2025-08-23,Brentford v Aston Villa,Brentford,Jordan Henderson,,0.029967214912176132,0.9,0.68,25,OpenPlay,BlockedShot,LeftFoot,Aerial,Home
2025,2526,2025-08-23,Brentford v Aston Villa,Brentford,Thiago,Mikkel Damsgaard,0.04421475902199745,0.9109999847412109,0.5059999847412109,26,FromCorner,BlockedShot,Head,Aerial,Home
2025,2526,2025-08-23,Brentford v Aston Villa,Brentford,Kevin Schade,Mikkel Damsgaard,0.07772877812385559,0.935,0.5770000076293945,26,FromCorner,BlockedShot,RightFoot,CornerAwarded,Home
2025,2526,2025-08-23,Brentford v Aston Villa,Brentford,Yehor Yarmolyuk,,0.02342926897108555,0.7809999847412109,0.4829999923706055,26,FromCorner,MissedShots,RightFoot,None,Home
2025,2526,2025-08-23,Brentford v Aston Villa,Brentford,Thiago,Mikkel Damsgaard,0.10612580925226212,0.889000015258789,0.6709999847412109,76,OpenPlay,MissedShots,LeftFoot,Pass,Home
2025,2526,2025-08-23,Brentford v Aston Villa,Aston Villa,Youri Tielemans,,0.015370823442935944,0.755,0.6419999694824219,18,FromCorner,MissedShots,RightFoot,None,Away
2025,2526,2025-08-23,Brentford v Aston Villa,Aston Villa,Youri Tielemans,,0.044875774532556534,0.8919999694824219,0.6669999694824219,30,FromCorner,BlockedShot,LeftFoot,None,Away
2025,2526,2025-08-23,Brentford v Aston Villa,Aston Villa,John McGinn,Youri Tielemans,0.04055987671017647,0.8090000152587891,0.41700000762939454,30,FromCorner,SavedShot,LeftFoot,Pass,Away
2025,2526,2025-08-23,Brentford v Aston Villa,Aston Villa,Tyrone Mings,,0.0852608010172844,0.895,0.4129999923706055,30,FromCorner,MissedShots,LeftFoot,Rebound,Away
2025,2526,2025-08-23,Brentford v Aston Villa,Aston Villa,Tyrone Mings,Matthew Cash,0.04187241196632385,0.915,0.47,37,OpenPlay,BlockedShot,Head,Aerial,Away
2025,2526,2025-08-23,Brentford v Aston Villa,Aston Villa,Morgan Rogers,Emiliano Buendía,0.07412169128656387,0.874000015258789,0.624000015258789,48,OpenPlay,BlockedShot,LeftFoot,Pass,Away
2025,2526,2025-08-23,Brentford v Aston Villa,Aston Villa,Ollie Watkins,Youri Tielemans,0.06666376441717148,0.8369999694824218,0.5640000152587891,50,OpenPlay,BlockedShot,LeftFoot,Pass,Away
2025,2526,2025-08-23,Brentford v Aston Villa,Aston Villa,Pau Torres,,0.06733081489801407,0.8680000305175781,0.45599998474121095,51,OpenPlay,BlockedShot,LeftFoot,None,Away
2025,2526,2025-08-23,Brentford v Aston Villa,Aston Villa,Emiliano Buendía,Morgan Rogers,0.08912360668182373,0.895,0.48700000762939455,51,OpenPlay,MissedShots,RightFoot,HeadPass,Away
2025,2526,2025-08-23,Brentford v Aston Villa,Aston Villa,Emiliano Buendía,Youri Tielemans,0.02074592374265194,0.7380000305175781,0.48700000762939455,54,OpenPlay,MissedShots,RightFoot,Pass,Away
2025,2526,2025-08-23,Brentford v Aston Villa,Aston Villa,Amadou Onana,Ollie Watkins,0.08094324171543121,0.8530000305175781,0.5479999923706055,56,OpenPlay,BlockedShot,RightFoot,Pass,Away
2025,2526,2025-08-23,Brentford v Aston Villa,Aston Villa,Amadou Onana,John McGinn,0.01685994677245617,0.730999984741211,0.45099998474121095,59,OpenPlay,SavedShot,LeftFoot,Pass,Away
2025,2526,2025-08-23,Brentford v Aston Villa,Aston Villa,Morgan Rogers,John McGinn,0.03304028883576393,0.9009999847412109,0.5159999847412109,62,OpenPlay,MissedShots,Head,Aerial,Away
2025,2526,2025-08-23,Brentford v Aston Villa,Aston Villa,Ollie Watkins,Tyrone Mings,0.10142877697944641,0.874000015258789,0.664000015258789,69,OpenPlay,BlockedShot,RightFoot,Chipped,Away
2025,2526,2025-08-23,Brentford v Aston Villa,Aston Villa,Ian Maatsen,,0.020515576004981995,0.8040000152587891,0.6869999694824219,77,FromCorner,BlockedShot,RightFoot,Dispossessed,Away
2025,2526,2025-08-23,Brentford v Aston Villa,Aston Villa,Ollie Watkins,Matthew Cash,0.1262531578540802,0.9180000305175782,0.445,80,OpenPlay,MissedShots,RightFoot,Pass,Away
2025,2526,2025-08-23,Brentford v Aston Villa,Aston Villa,Ollie Watkins,Ian Maatsen,0.055343665182590485,0.8969999694824219,0.5609999847412109,88,OpenPlay,MissedShots,Head,Cross,Away
2025,2526,2025-08-23,Burnley v Sunderland,Burnley,Hannibal Mejbri,Hjalmar Ekdal,0.017524203285574913,0.789000015258789,0.3370000076293945,13,SetPiece,BlockedShot,RightFoot,HeadPass,Home
2025,2526,2025-08-23,Burnley v Sunderland,Burnley,Chimuanya Ugochukwu,,0.036420367658138275,0.8169999694824219,0.6459999847412109,32,OpenPlay,MissedShots,LeftFoot,None,Home
2025,2526,2025-08-23,Burnley v Sunderland,Burnley,Josh Cullen,Jaidon Anthony,0.05117474123835564,0.85,0.6480000305175782,46,OpenPlay,Goal,RightFoot,Pass,Home
2025,2526,2025-08-23,Burnley v Sunderland,Burnley,Jaidon Anthony,Hannibal Mejbri,0.2906883656978607,0.9540000152587891,0.5870000076293945,49,OpenPlay,MissedShots,Head,Cross,Home
2025,2526,2025-08-23,Burnley v Sunderland,Burnley,Jacob Bruun Larsen,Chimuanya Ugochukwu,0.07150717824697495,0.87,0.3370000076293945,52,OpenPlay,MissedShots,LeftFoot,BallTouch,Home
2025,2526,2025-08-23,Burnley v Sunderland,Burnley,Jaidon Anthony,Josh Cullen,0.48248472809791565,0.8869999694824219,0.6519999694824219,87,OpenPlay,Goal,LeftFoot,Throughball,Home
2025,2526,2025-08-23,Burnley v Sunderland,Burnley,Loum Tchaouna,Zian Flemming,0.05401439964771271,0.7869999694824219,0.4909999847412109,95,OpenPlay,ShotOnPost,LeftFoot,BlockedPass,Home
2025,2526,2025-08-23,Burnley v Sunderland,Sunderland,Eliezer Mayenda,Dan Ballard,0.5299577713012695,0.93,0.5220000076293946,3,SetPiece,SavedShot,RightFoot,HeadPass,Away
2025,2526,2025-08-23,Burnley v Sunderland,Sunderland,Chemsdine Talbi,Simon Adingra,0.31338781118392944,0.9269999694824219,0.67,13,OpenPlay,MissedShots,LeftFoot,Throughball,Away
2025,2526,2025-08-23,Burnley v Sunderland,Sunderland,Granit Xhaka,Chemsdine Talbi,0.02128206007182598,0.7959999847412109,0.3160000038146973,41,OpenPlay,MissedShots,LeftFoot,Pass,Away
2025,2526,2025-08-23,Burnley v Sunderland,Sunderland,Trai Hume,Habib Diarra,0.025854649022221565,0.7930000305175782,0.34200000762939453,50,OpenPlay,BlockedShot,RightFoot,Pass,Away
2025,2526,2025-08-23,Burnley v Sunderland,Sunderland,Omar Alderete,,0.0237965639680624,0.8569999694824219,0.600999984741211,80,FromCorner,BlockedShot,LeftFoot,Aerial,Away
2025,2526,2025-08-23,Burnley v Sunderland,Sunderland,Marc Guiu,Granit Xhaka,0.04138287156820297,0.8769999694824219,0.33299999237060546,81,OpenPlay,MissedShots,RightFoot,HeadPass,Away
2025,2526,2025-08-23,Burnley v Sunderland,Sunderland,Patrick Roberts,Trai Hume,0.06801629066467285,0.855999984741211,0.3579999923706055,90,OpenPlay,BlockedShot,LeftFoot,Pass,Away
2025,2526,2025-08-23,Burnley v Sunderland,Sunderland,Enzo Le Fée,,0.05001133307814598,0.8090000152587891,0.5,98,OpenPlay,BlockedShot,RightFoot,BallTouch,Away
2025,2526,2025-08-23,Burnley v Sunderland,Sunderland,Omar Alderete,Enzo Le Fée,0.04758099466562271,0.8590000152587891,0.3920000076293945,99,FromCorner,BlockedShot,LeftFoot,Pass,Away
2025,2526,2025-08-23,Bournemouth v Wolverhampton Wanderers,Bournemouth,David Brooks,Adrien Truffert,0.04893709346652031,0.899000015258789,0.36200000762939455,1,OpenPlay,MissedShots,RightFoot,Cross,Home
2025,2526,2025-08-23,Bournemouth v Wolverhampton Wanderers,Bournemouth,Marcus Tavernier,Antoine Semenyo,0.06315497308969498,0.895,0.6809999847412109,4,OpenPlay,Goal,LeftFoot,Pass,Home
2025,2526,2025-08-23,Bournemouth v Wolverhampton Wanderers,Bournemouth,Antoine Semenyo,David Brooks,0.6948128342628479,0.970999984741211,0.5170000076293946,9,OpenPlay,ShotOnPost,LeftFoot,Cross,Home
2025,2526,2025-08-23,Bournemouth v Wolverhampton Wanderers,Bournemouth,David Brooks,Evanilson,0.033127523958683014,0.7230000305175781,0.46099998474121096,10,OpenPlay,BlockedShot,LeftFoot,BallRecovery,Home
2025,2526,2025-08-23,Bournemouth v Wolverhampton Wanderers,Bournemouth,Alex Scott,Antoine Semenyo,0.0467701330780983,0.7909999847412109,0.4329999923706055,46,OpenPlay,MissedShots,RightFoot,Pass,Home
2025,2526,2025-08-23,Bournemouth v Wolverhampton Wanderers,Bournemouth,David Brooks,Evanilson,0.05224015936255455,0.8490000152587891,0.31,49,OpenPlay,BlockedShot,RightFoot,Pass,Home
2025,2526,2025-08-23,Bournemouth v Wolverhampton Wanderers,Bournemouth,Marcus Tavernier,Alex Scott,0.04446212202310562,0.8059999847412109,0.48,50,SetPiece,SavedShot,LeftFoot,Pass,Home
2025,2526,2025-08-23,Bournemouth v Wolverhampton Wanderers,Bournemouth,Antoine Semenyo,Evanilson,0.42502182722091675,0.8930000305175781,0.5520000076293945,55,OpenPlay,MissedShots,RightFoot,BallTouch,Home
2025,2526,2025-08-23,Bournemouth v Wolverhampton Wanderers,Bournemouth,Antoine Semenyo,Ryan Christie,0.05596928298473358,0.9269999694824219,0.7030000305175781,66,OpenPlay,SavedShot,LeftFoot,Chipped,Home
2025,2526,2025-08-23,Bournemouth v Wolverhampton Wanderers,Bournemouth,Tyler Adams,Evanilson,0.031180398538708687,0.7709999847412109,0.44299999237060544,69,OpenPlay,SavedShot,RightFoot,Pass,Home
2025,2526,2025-08-23,Bournemouth v Wolverhampton Wanderers,Bournemouth,Ryan Christie,Amine Adli,0.1083729937672615,0.865,0.4929999923706055,74,OpenPlay,BlockedShot,LeftFoot,Tackle,Home
2025,2526,2025-08-23,Bournemouth v Wolverhampton Wanderers,Bournemouth,Justin Kluivert,Antoine Semenyo,0.016698511317372322,0.7140000152587891,0.625,80,OpenPlay,MissedShots,RightFoot,Pass,Home
2025,2526,2025-08-23,Bournemouth v Wolverhampton Wanderers,Bournemouth,Antoine Semenyo,Justin Kluivert,0.07840017974376678,0.8719999694824219,0.624000015258789,84,OpenPlay,BlockedShot,RightFoot,Pass,Home
2025,2526,2025-08-23,Bournemouth v Wolverhampton Wanderers,Bournemouth,Justin Kluivert,,0.08547540009021759,0.7759999847412109,0.43900001525878907,85,DirectFreekick,BlockedShot,RightFoot,Standard,Home
2025,2526,2025-08-23,Bournemouth v Wolverhampton Wanderers,Wolverhampton Wanderers,Marshall Munetsi,José Sá,0.08312523365020752,0.875999984741211,0.4490000152587891,1,OpenPlay,MissedShots,RightFoot,Pass,Away
2025,2526,2025-08-23,Bournemouth v Wolverhampton Wanderers,Wolverhampton Wanderers,Jørgen Strand Larsen,Ki-Jana Hoever,0.05876665189862251,0.8859999847412109,0.47099998474121096,17,OpenPlay,SavedShot,Head,Cross,Away
2025,2526,2025-08-23,Bournemouth v Wolverhampton Wanderers,Wolverhampton Wanderers,Jean-Ricner Bellegarde,Jackson Tchatchoua,0.013421253301203251,0.7919999694824219,0.32,44,OpenPlay,BlockedShot,RightFoot,HeadPass,Away
2025,2526,2025-08-23,Bournemouth v Wolverhampton Wanderers,Wolverhampton Wanderers,Jhon Arias,Hugo Bueno,0.07650242745876312,0.884000015258789,0.5629999923706055,45,OpenPlay,MissedShots,LeftFoot,Cross,Away
2025,2526,2025-08-23,Bournemouth v Wolverhampton Wanderers,Wolverhampton Wanderers,Emmanuel Agbadou,,0.09845529496669769,0.8030000305175782,0.625999984741211,64,DirectFreekick,BlockedShot,RightFoot,Standard,Away
2025,2526,2025-08-23,Bournemouth v Wolverhampton Wanderers,Wolverhampton Wanderers,Hugo Bueno,,0.043096158653497696,0.83,0.5679999923706055,95,FromCorner,MissedShots,LeftFoot,None,Away
2025,2526,2025-08-23,Arsenal v Leeds,Arsenal,Martin Odegaard,Noni Madueke,0.016188528388738632,0.740999984741211,0.6270000076293946,4,OpenPlay,BlockedShot,LeftFoot,Pass,Home
2025,2526,2025-08-23,Arsenal v Leeds,Arsenal,Martin Odegaard,Bukayo Saka,0.02186695486307144,0.7959999847412109,0.3189999961853027,7,OpenPlay,MissedShots,LeftFoot,Pass,Home
2025,2526,2025-08-23,Arsenal v Leeds,Arsenal,Gabriel,Declan Rice,0.027241261675953865,0.9009999847412109,0.5540000152587891,14,SetPiece,MissedShots,Head,Aerial,Home
2025,2526,2025-08-23,Arsenal v Leeds,Arsenal,Viktor Gyokeres,,0.48488649725914,0.905,0.4809999847412109,15,OpenPlay,MissedShots,RightFoot,None,Home
2025,2526,2025-08-23,Arsenal v Leeds,Arsenal,Jurriën Timber,Declan Rice,0.13262973725795746,0.9540000152587891,0.5020000076293946,33,FromCorner,Goal,Head,Cross,Home
2025,2526,2025-08-23,Arsenal v Leeds,Arsenal,Martín Zubimendi,,0.030602192506194115,0.759000015258789,0.40099998474121096,37,OpenPlay,MissedShots,RightFoot,None,Home
2025,2526,2025-08-23,Arsenal v Leeds,Arsenal,Bukayo Saka,Jurriën Timber,0.2574816644191742,0.950999984741211,0.3189999961853027,45,OpenPlay,Goal,RightFoot,Pass,Home
2025,2526,2025-08-23,Arsenal v Leeds,Arsenal,Viktor Gyokeres,Riccardo Calafiori,0.17842997610569,0.899000015258789,0.605,47,OpenPlay,Goal,RightFoot,TakeOn,Home
2025,2526,2025-08-23,Arsenal v Leeds,Arsenal,Riccardo Calafiori,Bukayo Saka,0.05860637128353119,0.7909999847412109,0.585,50,OpenPlay,BlockedShot,RightFoot,TakeOn,Home
2025,2526,2025-08-23,Arsenal v Leeds,Arsenal,Ethan Nwaneri,Jurriën Timber,0.049042925238609314,0.835,0.3189999961853027,54,OpenPlay,BlockedShot,LeftFoot,Pass,Home
2025,2526,2025-08-23,Arsenal v Leeds,Arsenal,Jurriën Timber,Declan Rice,0.16368675231933594,0.950999984741211,0.49700000762939456,55,FromCorner,MissedShots,OtherBodyPart,Cross,Home
2025,2526,2025-08-23,Arsenal v Leeds,Arsenal,Riccardo Calafiori,Jurriën Timber,0.12197952717542648,0.9580000305175781,0.5170000076293946,55,FromCorner,BlockedShot,RightFoot,Goal,Home
2025,2526,2025-08-23,Arsenal v Leeds,Arsenal,Jurriën Timber,Riccardo Calafiori,0.16958780586719513,0.9690000152587891,0.5079999923706054,55,FromCorner,Goal,RightFoot,Rebound,Home
2025,2526,2025-08-23,Arsenal v Leeds,Arsenal,Leandro Trossard,Noni Madueke,0.13619814813137054,0.92,0.5740000152587891,61,OpenPlay,MissedShots,RightFoot,Cross,Home
2025,2526,2025-08-23,Arsenal v Leeds,Arsenal,Riccardo Calafiori,,0.06429559737443924,0.8530000305175781,0.5520000076293945,61,OpenPlay,MissedShots,RightFoot,Rebound,Home
2025,2526,2025-08-23,Arsenal v Leeds,Arsenal,Max Dowman,Leandro Trossard,0.06878400593996048,0.794000015258789,0.38,74,OpenPlay,MissedShots,LeftFoot,Chipped,Home
2025,2526,2025-08-23,Arsenal v Leeds,Arsenal,Max Dowman,,0.024374008178710938,0.8369999694824218,0.4640000152587891,80,SetPiece,MissedShots,LeftFoot,Aerial,Home
2025,2526,2025-08-23,Arsenal v Leeds,Arsenal,Viktor Gyokeres,,0.7611688375473022,0.885,0.5,94,Penalty,Goal,RightFoot,Standard,Home
2025,2526,2025-08-23,Arsenal v Leeds,Leeds,Daniel James,Anton Stach,0.024242989718914032,0.7909999847412109,0.34200000762939453,10,OpenPlay,BlockedShot,LeftFoot,Chipped,Away
2025,2526,2025-08-23,Arsenal v Leeds,Leeds,Daniel James,Anton Stach,0.049264952540397644,0.8780000305175781,0.3029999923706055,18,OpenPlay,BlockedShot,RightFoot,Pass,Away
2025,2526,2025-08-23,Arsenal v Leeds,Leeds,Pascal Struijk,Anton Stach,0.08325286954641342,0.9119999694824219,0.47900001525878905,19,FromCorner,SavedShot,Head,Cross,Away
2025,2526,2025-08-24,Crystal Palace v Nottingham Forest,Crystal Palace,Jean-Philippe Mateta,Will Hughes,0.11285779625177383,0.9119999694824219,0.475,10,OpenPlay,MissedShots,Head,Cross,Home
2025,2526,2025-08-24,Crystal Palace v Nottingham Forest,Crystal Palace,Jean-Philippe Mateta,Will Hughes,0.03153494372963905,0.775,0.5359999847412109,28,OpenPlay,SavedShot,RightFoot,Pass,Home
2025,2526,2025-08-24,Crystal Palace v Nottingham Forest,Crystal Palace,Maxence Lacroix,Will Hughes,0.05522843450307846,0.93,0.529000015258789,30,FromCorner,SavedShot,Head,Aerial,Home
2025,2526,2025-08-24,Crystal Palace v Nottingham Forest,Crystal Palace,Ismaila Sarr,Daniel Muñoz,0.5025284886360168,0.9159999847412109,0.5079999923706054,36,OpenPlay,Goal,RightFoot,Pass,Home
2025,2526,2025-08-24,Crystal Palace v Nottingham Forest,Crystal Palace,Will Hughes,Tyrick Mitchell,0.06025010719895363,0.84,0.669000015258789,41,OpenPlay,MissedShots,LeftFoot,Pass,Home
2025,2526,2025-08-24,Crystal Palace v Nottingham Forest,Crystal Palace,Marc Guehi,Adam Wharton,0.24888570606708527,0.9369999694824219,0.3970000076293945,46,SetPiece,ShotOnPost,Head,Chipped,Home
2025,2526,2025-08-24,Crystal Palace v Nottingham Forest,Crystal Palace,Will Hughes,,0.04322683438658714,0.874000015258789,0.6120000076293945,54,OpenPlay,MissedShots,LeftFoot,Aerial,Home
2025,2526,2025-08-24,Crystal Palace v Nottingham Forest,Crystal Palace,Justin Devenny,Tyrick Mitchell,0.04736410826444626,0.8819999694824219,0.515,58,OpenPlay,SavedShot,Head,Cross,Home
2025,2526,2025-08-24,Crystal Palace v Nottingham Forest,Nottingham Forest,Chris Wood,Morgan Gibbs-White,0.1072101816534996,0.9180000305175782,0.44599998474121094,4,OpenPlay,MissedShots,RightFoot,Cross,Away
2025,2526,2025-08-24,Crystal Palace v Nottingham Forest,Nottingham Forest,Ibrahim Sangare,,0.01772196590900421,0.7680000305175781,0.3870000076293945,9,FromCorner,MissedShots,RightFoot,None,Away
2025,2526,2025-08-24,Crystal Palace v Nottingham Forest,Nottingham Forest,Callum Hudson-Odoi,Elliot Anderson,0.05840739607810974,0.8619999694824219,0.715999984741211,20,OpenPlay,BlockedShot,RightFoot,Pass,Away
2025,2526,2025-08-24,Crystal Palace v Nottingham Forest,Nottingham Forest,Morgan Gibbs-White,Chris Wood,0.09181983023881912,0.855999984741211,0.46599998474121096,33,OpenPlay,MissedShots,RightFoot,Pass,Away
2025,2526,2025-08-24,Crystal Palace v Nottingham Forest,Nottingham Forest,Chris Wood,Dan Ndoye,0.0687883272767067,0.970999984741211,0.3940000152587891,51,OpenPlay,MissedShots,RightFoot,Cross,Away
2025,2526,2025-08-24,Crystal Palace v Nottingham Forest,Nottingham Forest,Callum Hudson-Odoi,Dan Ndoye,0.3002963066101074,0.9069999694824219,0.37,56,OpenPlay,Goal,RightFoot,Throughball,Away
2025,2526,2025-08-24,Crystal Palace v Nottingham Forest,Nottingham Forest,Igor Jesus,,0.10780687630176544,0.914000015258789,0.6559999847412109,92,OpenPlay,ShotOnPost,LeftFoot,None,Away
2025,2526,2025-08-24,Crystal Palace v Nottingham Forest,Nottingham Forest,Omari Hutchinson,James McAtee,0.0875384509563446,0.925,0.3060000038146973,92,OpenPlay,MissedShots,RightFoot,Pass,Away
2025,2526,2025-08-24,Crystal Palace v Nottingham Forest,Nottingham Forest,Omari Hutchinson,,0.49028462171554565,0.9340000152587891,0.5640000152587891,94,OpenPlay,MissedShots,LeftFoot,None,Away
2025,2526,2025-08-24,Everton v Brighton,Everton,Iliman Ndiaye,,0.056633301079273224,0.795,0.54,3,OpenPlay,SavedShot,LeftFoot,TakeOn,Home
2025,2526,2025-08-24,Everton v Brighton,Everton,Thierno Barry,James Garner,0.027446050196886063,0.9790000152587891,0.5840000152587891,20,FromCorner,MissedShots,Head,Aerial,Home
2025,2526,2025-08-24,Everton v Brighton,Everton,Iliman Ndiaye,Jack Grealish,0.6847929954528809,0.960999984741211,0.47,22,OpenPlay,Goal,RightFoot,Pass,Home
2025,2526,2025-08-24,Everton v Brighton,Everton,Tim Iroegbunam,James Garner,0.09434588998556137,0.815,0.509000015258789,33,OpenPlay,MissedShots,LeftFoot,TakeOn,Home
2025,2526,2025-08-24,Everton v Brighton,Everton,James Garner,Kiernan Dewsbury-Hall,0.022522952407598495,0.7730000305175782,0.6809999847412109,40,OpenPlay,MissedShots,RightFoot,Pass,Home
2025,2526,2025-08-24,Everton v Brighton,Everton,James Garner,Jack Grealish,0.020522214472293854,0.769000015258789,0.6840000152587891,51,OpenPlay,Goal,RightFoot,Pass,Home
2025,2526,2025-08-24,Everton v Brighton,Everton,Thierno Barry,Kiernan Dewsbury-Hall,0.5270939469337463,0.9669999694824218,0.4779999923706055,57,FromCorner,MissedShots,Head,Aerial,Home
2025,2526,2025-08-24,Everton v Brighton,Everton,Jack Grealish,,0.0206347294151783,0.8040000152587891,0.7340000152587891,82,OpenPlay,BlockedShot,RightFoot,None,Home
2025,2526,2025-08-24,Everton v Brighton,Everton,Dwight McNeil,Jack Grealish,0.1297798901796341,0.870999984741211,0.5420000076293945,87,OpenPlay,MissedShots,LeftFoot,Pass,Home
2025,2526,2025-08-24,Everton v Brighton,Everton,Beto,Dwight McNeil,0.13025180995464325,0.9,0.46900001525878904,87,OpenPlay,MissedShots,RightFoot,Rebound,Home
2025,2526,2025-08-24,Everton v Brighton,Everton,Dwight McNeil,Kiernan Dewsbury-Hall,0.10404142737388611,0.845,0.34400001525878904,87,OpenPlay,MissedShots,LeftFoot,Pass,Home
2025,2526,2025-08-24,Everton v Brighton,Brighton,Yasin Ayari,Yankuba Minteh,0.028836553916335106,0.7969999694824219,0.639000015258789,11,OpenPlay,SavedShot,RightFoot,Pass,Away
2025,2526,2025-08-24,Everton v Brighton,Brighton,Kaoru Mitoma,Bart Verbruggen,0.07646425813436508,0.8719999694824219,0.5870000076293945,17,OpenPlay,ShotOnPost,RightFoot,TakeOn,Away
2025,2526,2025-08-24,Everton v Brighton,Brighton,Danny Welbeck,Yankuba Minteh,0.5846896767616272,0.9330000305175781,0.49599998474121093,18,OpenPlay,MissedShots,RightFoot,Pass,Away
2025,2526,2025-08-24,Everton v Brighton,Brighton,Matt O&#039;Riley,Yankuba Minteh,0.013895886950194836,0.715,0.675,27,OpenPlay,MissedShots,LeftFoot,Pass,Away
2025,2526,2025-08-24,Everton v Brighton,Brighton,Yasin Ayari,Yankuba Minteh,0.054174624383449554,0.8190000152587891,0.5379999923706055,31,OpenPlay,BlockedShot,RightFoot,Pass,Away
2025,2526,2025-08-24,Everton v Brighton,Brighton,Yasin Ayari,Matt O&#039;Riley,0.013415592722594738,0.7119999694824218,0.4879999923706055,36,OpenPlay,BlockedShot,RightFoot,BallRecovery,Away
2025,2526,2025-08-24,Everton v Brighton,Brighton,Jan Paul van Hecke,Carlos Baleba,0.02201191522181034,0.7659999847412109,0.3579999923706055,37,OpenPlay,BlockedShot,RightFoot,Pass,Away
2025,2526,2025-08-24,Everton v Brighton,Brighton,Matt O&#039;Riley,,0.33806195855140686,0.9590000152587891,0.595999984741211,45,OpenPlay,SavedShot,LeftFoot,BallRecovery,Away
2025,2526,2025-08-24,Everton v Brighton,Brighton,Yasin Ayari,Kaoru Mitoma,0.06547748297452927,0.8109999847412109,0.534000015258789,59,OpenPlay,SavedShot,RightFoot,Pass,Away
2025,2526,2025-08-24,Everton v Brighton,Brighton,Matt O&#039;Riley,Kaoru Mitoma,0.02659415453672409,0.875,0.435,73,OpenPlay,MissedShots,Head,Aerial,Away
2025,2526,2025-08-24,Everton v Brighton,Brighton,Yankuba Minteh,Kaoru Mitoma,0.03493177145719528,0.924000015258789,0.34200000762939453,74,OpenPlay,BlockedShot,LeftFoot,Cross,Away
2025,2526,2025-08-24,Everton v Brighton,Brighton,Danny Welbeck,,0.7611688375473022,0.885,0.5,76,Penalty,SavedShot,RightFoot,Standard,Away
2025,2526,2025-08-24,Everton v Brighton,Brighton,Brajan Gruda,,0.06514828652143478,0.9119999694824219,0.3870000076293945,92,OpenPlay,MissedShots,LeftFoot,None,Away
2025,2526,2025-08-24,Fulham v Manchester United,Fulham,Joshua King,Ryan Sessegnon,0.3176833391189575,0.8930000305175781,0.6619999694824219,12,OpenPlay,SavedShot,RightFoot,Throughball,Home
2025,2526,2025-08-24,Fulham v Manchester United,Fulham,Timothy Castagne,Sasa Lukic,0.013400333002209663,0.945,0.624000015258789,15,FromCorner,BlockedShot,Head,Aerial,Home
2025,2526,2025-08-24,Fulham v Manchester United,Fulham,Alex Iwobi,,0.04733048379421234,0.8119999694824219,0.4640000152587891,15,FromCorner,SavedShot,RightFoot,Rebound,Home
2025,2526,2025-08-24,Fulham v Manchester United,Fulham,Calvin Bassey,,0.057050276547670364,0.9569999694824218,0.43,16,FromCorner,MissedShots,Head,Aerial,Home
2025,2526,2025-08-24,Fulham v Manchester United,Fulham,Joshua King,Sasa Lukic,0.015599883161485195,0.7130000305175781,0.5170000076293946,24,OpenPlay,BlockedShot,RightFoot,Pass,Home
2025,2526,2025-08-24,Fulham v Manchester United,Fulham,Rodrigo Muniz,Sasa Lukic,0.250501811504364,0.9569999694824218,0.41900001525878905,40,FromCorner,MissedShots,Head,Cross,Home
2025,2526,2025-08-24,Fulham v Manchester United,Fulham,Timothy Castagne,Joachim Andersen,0.14897450804710388,0.960999984741211,0.46599998474121096,45,FromCorner,BlockedShot,RightFoot,Pass,Home
2025,2526,2025-08-24,Fulham v Manchester United,Fulham,Rodrigo Muniz,,0.05955209583044052,0.905,0.34400001525878904,45,FromCorner,BlockedShot,RightFoot,Rebound,Home
2025,2526,2025-08-24,Fulham v Manchester United,Fulham,Rodrigo Muniz,,0.0,0.05,0.46,57,FromCorner,OwnGoal,OtherBodyPart,Foul,Home
2025,2526,2025-08-24,Fulham v Manchester United,Fulham,Rodrigo Muniz,Kenny Tete,0.05479348078370094,0.93,0.5320000076293945,60,OpenPlay,MissedShots,Head,Aerial,Home
2025,2526,2025-08-24,Fulham v Manchester United,Fulham,Alex Iwobi,Rodrigo Muniz,0.05015697330236435,0.8869999694824219,0.669000015258789,62,OpenPlay,BlockedShot,RightFoot,BallTouch,Home
2025,2526,2025-08-24,Fulham v Manchester United,Fulham,Alex Iwobi,,0.024094408378005028,0.7859999847412109,0.45,68,FromCorner,MissedShots,RightFoot,None,Home
2025,2526,2025-08-24,Fulham v Manchester United,Fulham,Emile Smith-Rowe,Alex Iwobi,0.5498435497283936,0.96,0.534000015258789,72,OpenPlay,Goal,RightFoot,Chipped,Home
2025,2526,2025-08-24,Fulham v Manchester United,Fulham,Emile Smith-Rowe,Antonee Robinson,0.07385880500078201,0.8859999847412109,0.66,92,OpenPlay,BlockedShot,LeftFoot,Pass,Home
2025,2526,2025-08-24,Fulham v Manchester United,Manchester United,Matheus Cunha,Bruno Fernandes,0.018572082743048668,0.7280000305175781,0.4129999923706055,1,OpenPlay,MissedShots,RightFoot,Pass,Away
2025,2526,2025-08-24,Fulham v Manchester United,Manchester United,Matheus Cunha,Mason Mount,0.13185425102710724,0.860999984741211,0.57,1,OpenPlay,ShotOnPost,RightFoot,Pass,Away
2025,2526,2025-08-24,Fulham v Manchester United,Manchester United,Amad Diallo Traore,Bryan Mbeumo,0.12020741403102875,0.905,0.35200000762939454,2,OpenPlay,BlockedShot,LeftFoot,Pass,Away
2025,2526,2025-08-24,Fulham v Manchester United,Manchester United,Bruno Fernandes,Matheus Cunha,0.01803870126605034,0.7319999694824219,0.47700000762939454,9,OpenPlay,SavedShot,RightFoot,Pass,Away
2025,2526,2025-08-24,Fulham v Manchester United,Manchester United,Matheus Cunha,Altay Bayindir,0.2939172387123108,0.89,0.500999984741211,13,OpenPlay,SavedShot,LeftFoot,Pass,Away
2025,2526,2025-08-24,Fulham v Manchester United,Manchester United,Bruno Fernandes,,0.7611688375473022,0.885,0.5,37,Penalty,MissedShots,RightFoot,Standard,Away
2025,2526,2025-08-24,Fulham v Manchester United,Manchester United,Amad Diallo Traore,Mason Mount,0.04627896100282669,0.919000015258789,0.29700000762939455,47,FromCorner,SavedShot,LeftFoot,Pass,Away
2025,2526,2025-08-24,Fulham v Manchester United,Manchester United,Leny Yoro,Diogo Dalot,0.0627330094575882,0.96,0.535,57,FromCorner,MissedShots,Head,Foul,Away
2025,2526,2025-08-24,Fulham v Manchester United,Manchester United,Diogo Dalot,Leny Yoro,0.04197749122977257,0.8580000305175781,0.34,75,SetPiece,MissedShots,RightFoot,HeadPass,Away
2025,2526,2025-08-24,Fulham v Manchester United,Manchester United,Harry Maguire,Bryan Mbeumo,0.05127892270684242,0.9269999694824219,0.53,87,FromCorner,MissedShots,Head,Aerial,Away
2025,2526,2025-08-25,Newcastle United v Liverpool,Newcastle United,Sandro Tonali,,0.045722298324108124,0.855999984741211,0.8380000305175781,16,DirectFreekick,MissedShots,RightFoot,Standard,Home
2025,2526,2025-08-25,Newcastle United v Liverpool,Newcastle United,Anthony Gordon,Harvey Barnes,0.42806151509284973,0.9309999847412109,0.46,27,OpenPlay,MissedShots,Head,Aerial,Home
2025,2526,2025-08-25,Newcastle United v Liverpool,Newcastle United,Anthony Gordon,,0.6201263070106506,0.950999984741211,0.500999984741211,28,OpenPlay,SavedShot,RightFoot,None,Home
2025,2526,2025-08-25,Newcastle United v Liverpool,Newcastle United,Anthony Gordon,Anthony Elanga,0.048419058322906494,0.9109999847412109,0.40299999237060546,28,OpenPlay,MissedShots,Head,Cross,Home
2025,2526,2025-08-25,Newcastle United v Liverpool,Newcastle United,Sandro Tonali,Anthony Gordon,0.03488535061478615,0.8390000152587891,0.34799999237060547,38,OpenPlay,BlockedShot,RightFoot,BallRecovery,Home
2025,2526,2025-08-25,Newcastle United v Liverpool,Newcastle United,Dan Burn,Kieran Trippier,0.011306950822472572,0.8859999847412109,0.37799999237060544,39,FromCorner,MissedShots,Head,Chipped,Home
2025,2526,2025-08-25,Newcastle United v Liverpool,Newcastle United,Bruno Guimarães,Valentino Livramento,0.32823312282562256,0.9230000305175782,0.46599998474121096,56,OpenPlay,Goal,Head,Cross,Home
2025,2526,2025-08-25,Newcastle United v Liverpool,Newcastle United,Joelinton,Dan Burn,0.015618962235748768,0.9069999694824219,0.585,63,FromCorner,BlockedShot,Head,Aerial,Home
2025,2526,2025-08-25,Newcastle United v Liverpool,Newcastle United,William Osula,,0.3957216441631317,0.9009999847412109,0.6070000076293945,87,SetPiece,Goal,LeftFoot,None,Home
2025,2526,2025-08-25,Newcastle United v Liverpool,Newcastle United,Lewis Miley,Jacob Ramsey,0.03532935678958893,0.7819999694824219,0.519000015258789,92,FromCorner,BlockedShot,LeftFoot,Pass,Home
2025,2526,2025-08-25,Newcastle United v Liverpool,Liverpool,Florian Wirtz,Hugo Ekitike,0.032718610018491745,0.875999984741211,0.7419999694824219,12,OpenPlay,SavedShot,RightFoot,Pass,Away
2025,2526,2025-08-25,Newcastle United v Liverpool,Liverpool,Ryan Gravenberch,Cody Gakpo,0.01623125746846199,0.759000015258789,0.6580000305175782,34,OpenPlay,Goal,RightFoot,Pass,Away
2025,2526,2025-08-25,Newcastle United v Liverpool,Liverpool,Cody Gakpo,Hugo Ekitike,0.0686119794845581,0.81,0.6379999923706055,45,OpenPlay,BlockedShot,RightFoot,Pass,Away
2025,2526,2025-08-25,Newcastle United v Liverpool,Liverpool,Hugo Ekitike,Cody Gakpo,0.1354801058769226,0.8469999694824218,0.51,45,OpenPlay,Goal,RightFoot,Pass,Away
2025,2526,2025-08-25,Newcastle United v Liverpool,Liverpool,Rio Ngumoha,Mohamed Salah,0.3935171365737915,0.894000015258789,0.5429999923706055,99,OpenPlay,Goal,RightFoot,Pass,Away
2025,2526,2025-08-30,Chelsea v Fulham,Chelsea,João Pedro,Malo Gusto,0.01612526923418045,0.764000015258789,0.29600000381469727,4,OpenPlay,SavedShot,LeftFoot,BallRecovery,Home
2025,2526,2025-08-30,Chelsea v Fulham,Chelsea,Liam Delap,Marc Cucurella,0.05726464092731476,0.9080000305175782,0.685,5,OpenPlay,BlockedShot,RightFoot,Pass,Home
2025,2526,2025-08-30,Chelsea v Fulham,Chelsea,Trevoh Chalobah,Enzo Fernández,0.014343147166073322,0.7480000305175781,0.28200000762939453,52,OpenPlay,BlockedShot,RightFoot,Pass,Home
2025,2526,2025-08-30,Chelsea v Fulham,Chelsea,Trevoh Chalobah,Pedro Neto,0.02400510013103485,0.970999984741211,0.39599998474121095,53,FromCorner,BlockedShot,Head,BallTouch,Home
2025,2526,2025-08-30,Chelsea v Fulham,Chelsea,Moisés Caicedo,Enzo Fernández,0.09488017112016678,0.8959999847412109,0.54,53,FromCorner,BlockedShot,RightFoot,None,Home
2025,2526,2025-08-30,Chelsea v Fulham,Chelsea,Tyrique George,,0.45670846104621887,0.9740000152587891,0.585,53,FromCorner,SavedShot,LeftFoot,None,Home
2025,2526,2025-08-30,Chelsea v Fulham,Chelsea,João Pedro,Enzo Fernández,0.530866265296936,0.965,0.5029999923706054,53,FromCorner,Goal,Head,Cross,Home
2025,2526,2025-08-30,Chelsea v Fulham,Chelsea,Enzo Fernández,,0.7611688375473022,0.885,0.5,55,Penalty,Goal,RightFoot,Standard,Home
2025,2526,2025-08-30,Chelsea v Fulham,Chelsea,Estêvão,João Pedro,0.2655908167362213,0.89,0.405,57,OpenPlay,SavedShot,LeftFoot,TakeOn,Home
2025,2526,2025-08-30,Chelsea v Fulham,Chelsea,João Pedro,Estêvão,0.1092817634344101,0.8390000152587891,0.5459999847412109,64,OpenPlay,BlockedShot,LeftFoot,Pass,Home
2025,2526,2025-08-30,Chelsea v Fulham,Chelsea,Jamie Bynoe-Gittens,Marc Cucurella,0.05014733225107193,0.8680000305175781,0.7440000152587891,68,OpenPlay,BlockedShot,RightFoot,Pass,Home
2025,2526,2025-08-30,Chelsea v Fulham,Chelsea,Trevoh Chalobah,Pedro Neto,0.018741512671113014,0.9669999694824218,0.40299999237060546,70,FromCorner,MissedShots,Head,Aerial,Home
2025,2526,2025-08-30,Chelsea v Fulham,Chelsea,Reece James,Andrey Santos,0.03327659144997597,0.784000015258789,0.39299999237060546,89,OpenPlay,SavedShot,RightFoot,Pass,Home
2025,2526,2025-08-30,Chelsea v Fulham,Fulham,Joachim Andersen,Timothy Castagne,0.07422585040330887,0.8590000152587891,0.3890000152587891,6,OpenPlay,MissedShots,LeftFoot,Pass,Away
2025,2526,2025-08-30,Chelsea v Fulham,Fulham,Alex Iwobi,,0.011777715757489204,0.6980000305175781,0.6270000076293946,18,OpenPlay,MissedShots,RightFoot,BallRecovery,Away
2025,2526,2025-08-30,Chelsea v Fulham,Fulham,Joshua King,Rodrigo Muniz,0.05410286784172058,0.8090000152587891,0.4829999923706055,26,OpenPlay,SavedShot,LeftFoot,BallTouch,Away
2025,2526,2025-08-30,Chelsea v Fulham,Fulham,Rodrigo Muniz,Sasa Lukic,0.03478805720806122,0.8680000305175781,0.47200000762939454,47,OpenPlay,MissedShots,Head,Cross,Away
2025,2526,2025-08-30,Chelsea v Fulham,Fulham,Timothy Castagne,Joshua King,0.10743560642004013,0.9019999694824219,0.40099998474121096,49,OpenPlay,BlockedShot,RightFoot,Pass,Away
2025,2526,2025-08-30,Chelsea v Fulham,Fulham,Kenny Tete,Sasa Lukic,0.08857805281877518,0.9109999847412109,0.48900001525878906,49,FromCorner,MissedShots,RightFoot,Cross,Away
2025,2526,2025-08-30,Chelsea v Fulham,Fulham,Raúl Jiménez,Adama Traoré,0.054294388741254807,0.884000015258789,0.5109999847412109,86,OpenPlay,MissedShots,Head,Cross,Away
2025,2526,2025-08-30,Chelsea v Fulham,Fulham,Joachim Andersen,Sasa Lukic,0.06327102333307266,0.9340000152587891,0.49400001525878906,92,FromCorner,BlockedShot,Head,Aerial,Away
2025,2526,2025-08-30,Chelsea v Fulham,Fulham,Sander Berge,Joachim Andersen,0.13514438271522522,0.98,0.4640000152587891,92,FromCorner,BlockedShot,RightFoot,Foul,Away
2025,2526,2025-08-30,Chelsea v Fulham,Fulham,Raúl Jiménez,,0.04984423890709877,0.73,0.43900001525878907,94,DirectFreekick,MissedShots,RightFoot,Standard,Away
2025,2526,2025-08-30,Chelsea v Fulham,Fulham,Harry Wilson,Emile Smith-Rowe,0.06276560574769974,0.9569999694824218,0.6830000305175781,97,OpenPlay,BlockedShot,LeftFoot,Pass,Away
2025,2526,2025-08-30,Tottenham v Bournemouth,Tottenham,Pedro Porro,,0.011876707896590233,0.7090000152587891,0.41700000762939454,54,OpenPlay,BlockedShot,RightFoot,None,Home
2025,2526,2025-08-30,Tottenham v Bournemouth,Tottenham,Lucas Bergvall,Richarlison,0.06134890392422676,0.8430000305175781,0.47200000762939454,67,OpenPlay,SavedShot,LeftFoot,BallTouch,Home
2025,2526,2025-08-30,Tottenham v Bournemouth,Tottenham,Wilson Odobert,,0.049304671585559845,0.870999984741211,0.654000015258789,78,OpenPlay,MissedShots,RightFoot,None,Home
2025,2526,2025-08-30,Tottenham v Bournemouth,Tottenham,Mathys Tel,Djed Spence,0.03729104623198509,0.8159999847412109,0.495,91,OpenPlay,MissedShots,RightFoot,Cross,Home
2025,2526,2025-08-30,Tottenham v Bournemouth,Tottenham,Iyenoma Destiny Udogie,Mohammed Kudus,0.010849026031792164,0.885,0.5879999923706055,97,SetPiece,MissedShots,Head,Aerial,Home
2025,2526,2025-08-30,Tottenham v Bournemouth,Bournemouth,Evanilson,Marcos Senesi,0.06930409371852875,0.9159999847412109,0.674000015258789,4,OpenPlay,Goal,LeftFoot,Pass,Away
2025,2526,2025-08-30,Tottenham v Bournemouth,Bournemouth,Evanilson,,0.0680580884218216,0.815,0.5109999847412109,6,OpenPlay,MissedShots,RightFoot,None,Away
2025,2526,2025-08-30,Tottenham v Bournemouth,Bournemouth,Antoine Semenyo,David Brooks,0.44312477111816406,0.9309999847412109,0.514000015258789,10,OpenPlay,MissedShots,Head,Cross,Away
2025,2526,2025-08-30,Tottenham v Bournemouth,Bournemouth,Evanilson,Alex Scott,0.053629983216524124,0.9030000305175782,0.5420000076293945,16,OpenPlay,MissedShots,Head,Aerial,Away
2025,2526,2025-08-30,Tottenham v Bournemouth,Bournemouth,David Brooks,,0.02855549193918705,0.71,0.75,20,DirectFreekick,SavedShot,LeftFoot,Standard,Away
2025,2526,2025-08-30,Tottenham v Bournemouth,Bournemouth,David Brooks,Alex Scott,0.10050594806671143,0.9269999694824219,0.544000015258789,20,FromCorner,MissedShots,Head,Cross,Away
2025,2526,2025-08-30,Tottenham v Bournemouth,Bournemouth,Marcus Tavernier,Antoine Semenyo,0.09486189484596252,0.874000015258789,0.6379999923706055,27,OpenPlay,BlockedShot,LeftFoot,Pass,Away
2025,2526,2025-08-30,Tottenham v Bournemouth,Bournemouth,Evanilson,Adrien Truffert,0.08631952106952667,0.9330000305175781,0.534000015258789,42,OpenPlay,MissedShots,Head,Aerial,Away
2025,2526,2025-08-30,Tottenham v Bournemouth,Bournemouth,Marcos Senesi,,0.020391372963786125,0.725,0.45,44,OpenPlay,BlockedShot,LeftFoot,None,Away
2025,2526,2025-08-30,Tottenham v Bournemouth,Bournemouth,Adrien Truffert,,0.016705336049199104,0.7040000152587891,0.49900001525878906,45,OpenPlay,MissedShots,LeftFoot,None,Away
2025,2526,2025-08-30,Tottenham v Bournemouth,Bournemouth,Antoine Semenyo,Marcus Tavernier,0.06928935647010803,0.855999984741211,0.6730000305175782,45,OpenPlay,SavedShot,LeftFoot,HeadPass,Away
2025,2526,2025-08-30,Tottenham v Bournemouth,Bournemouth,Evanilson,David Brooks,0.3890567719936371,0.9530000305175781,0.40200000762939453,48,OpenPlay,SavedShot,RightFoot,HeadPass,Away
2025,2526,2025-08-30,Tottenham v Bournemouth,Bournemouth,David Brooks,Evanilson,0.06823419034481049,0.895,0.33299999237060546,48,OpenPlay,BlockedShot,LeftFoot,Pass,Away
2025,2526,2025-08-30,Tottenham v Bournemouth,Bournemouth,Antoine Semenyo,,0.05085977911949158,0.919000015258789,0.7090000152587891,48,OpenPlay,BlockedShot,LeftFoot,Rebound,Away
2025,2526,2025-08-30,Tottenham v Bournemouth,Bournemouth,David Brooks,Evanilson,0.08793351799249649,0.8630000305175781,0.6279999923706054,52,OpenPlay,SavedShot,LeftFoot,Pass,Away
2025,2526,2025-08-30,Tottenham v Bournemouth,Bournemouth,Alex Scott,Antoine Semenyo,0.04566556587815285,0.8340000152587891,0.695,61,OpenPlay,BlockedShot,RightFoot,Pass,Away
2025,2526,2025-08-30,Tottenham v Bournemouth,Bournemouth,Marcus Tavernier,,0.360321968793869,0.9619999694824218,0.37799999237060544,65,OpenPlay,MissedShots,RightFoot,None,Away
2025,2526,2025-08-30,Tottenham v Bournemouth,Bournemouth,Marcus Tavernier,Amine Adli,0.02112388238310814,0.7680000305175781,0.36400001525878906,66,SetPiece,MissedShots,LeftFoot,Pass,Away
2025,2526,2025-08-30,Tottenham v Bournemouth,Bournemouth,Tyler Adams,Bafode Diakite,0.04962950944900513,0.9430000305175781,0.32099998474121094,74,FromCorner,SavedShot,RightFoot,Pass,Away
2025,2526,2025-08-30,Wolverhampton Wanderers v Everton,Wolverhampton Wanderers,Jhon Arias,Emmanuel Agbadou,0.008969185873866081,0.6780000305175782,0.4809999847412109,3,OpenPlay,SavedShot,RightFoot,TakeOn,Home
2025,2526,2025-08-30,Wolverhampton Wanderers v Everton,Wolverhampton Wanderers,Hee-Chan Hwang,Marshall Munetsi,0.2901219427585602,0.8880000305175781,0.425,20,OpenPlay,Goal,LeftFoot,Cross,Home
2025,2526,2025-08-30,Wolverhampton Wanderers v Everton,Wolverhampton Wanderers,Emmanuel Agbadou,,0.11522666364908218,0.9230000305175782,0.4809999847412109,27,FromCorner,MissedShots,RightFoot,None,Home
2025,2526,2025-08-30,Wolverhampton Wanderers v Everton,Wolverhampton Wanderers,Marshall Munetsi,Santiago Bueno,0.022240687161684036,0.8859999847412109,0.5509999847412109,48,OpenPlay,BlockedShot,Head,Aerial,Home
2025,2526,2025-08-30,Wolverhampton Wanderers v Everton,Wolverhampton Wanderers,João Gomes,Toti,0.014118862338364124,0.69,0.46,48,OpenPlay,MissedShots,RightFoot,Pass,Home
2025,2526,2025-08-30,Wolverhampton Wanderers v Everton,Wolverhampton Wanderers,Jean-Ricner Bellegarde,Hugo Bueno,0.00935379508882761,0.759000015258789,0.710999984741211,69,OpenPlay,BlockedShot,RightFoot,Pass,Home
2025,2526,2025-08-30,Wolverhampton Wanderers v Everton,Wolverhampton Wanderers,Rodrigo Gomes,Marshall Munetsi,0.010102429427206516,0.7519999694824219,0.23,76,OpenPlay,BlockedShot,RightFoot,Pass,Home
2025,2526,2025-08-30,Wolverhampton Wanderers v Everton,Wolverhampton Wanderers,Rodrigo Gomes,David Møller Wolfe,0.3058866262435913,0.919000015258789,0.47400001525878904,78,OpenPlay,Goal,RightFoot,Cross,Home
2025,2526,2025-08-30,Wolverhampton Wanderers v Everton,Wolverhampton Wanderers,Toti,Jean-Ricner Bellegarde,0.04335310682654381,0.93,0.585,83,FromCorner,BlockedShot,OtherBodyPart,Cross,Home
2025,2526,2025-08-30,Wolverhampton Wanderers v Everton,Wolverhampton Wanderers,Fernando López,,0.027839479967951775,0.7909999847412109,0.34900001525878904,83,FromCorner,BlockedShot,RightFoot,Rebound,Home
2025,2526,2025-08-30,Wolverhampton Wanderers v Everton,Wolverhampton Wanderers,Jean-Ricner Bellegarde,João Gomes,0.01821996085345745,0.7619999694824219,0.7019999694824218,93,OpenPlay,SavedShot,RightFoot,Pass,Home
2025,2526,2025-08-30,Wolverhampton Wanderers v Everton,Wolverhampton Wanderers,Rodrigo Gomes,,0.08049774914979935,0.8780000305175781,0.5220000076293946,93,OpenPlay,MissedShots,LeftFoot,Rebound,Home
2025,2526,2025-08-30,Wolverhampton Wanderers v Everton,Everton,Beto,Jack Grealish,0.6768185496330261,0.975999984741211,0.4759999847412109,6,OpenPlay,Goal,Head,HeadPass,Away
2025,2526,2025-08-30,Wolverhampton Wanderers v Everton,Everton,Jack Grealish,Idrissa Gueye,0.08991742134094238,0.9080000305175782,0.649000015258789,25,OpenPlay,BlockedShot,LeftFoot,Pass,Away
2025,2526,2025-08-30,Wolverhampton Wanderers v Everton,Everton,Jack Grealish,Kiernan Dewsbury-Hall,0.331046462059021,0.9430000305175781,0.685,32,SetPiece,SavedShot,RightFoot,Throughball,Away
2025,2526,2025-08-30,Wolverhampton Wanderers v Everton,Everton,Iliman Ndiaye,Kiernan Dewsbury-Hall,0.5479457378387451,0.9290000152587891,0.46799999237060547,32,OpenPlay,Goal,LeftFoot,Pass,Away
2025,2526,2025-08-30,Wolverhampton Wanderers v Everton,Everton,Idrissa Gueye,Beto,0.10769732296466827,0.8519999694824218,0.46799999237060547,45,OpenPlay,BlockedShot,RightFoot,Pass,Away
2025,2526,2025-08-30,Wolverhampton Wanderers v Everton,Everton,Kiernan Dewsbury-Hall,Jack Grealish,0.13513396680355072,0.874000015258789,0.6680000305175782,54,OpenPlay,Goal,LeftFoot,Throughball,Away
2025,2526,2025-08-30,Wolverhampton Wanderers v Everton,Everton,Idrissa Gueye,Iliman Ndiaye,0.07528137415647507,0.8159999847412109,0.524000015258789,62,OpenPlay,BlockedShot,LeftFoot,Pass,Away
2025,2526,2025-08-30,Wolverhampton Wanderers v Everton,Everton,Idrissa Gueye,Iliman Ndiaye,0.010578927583992481,0.6279999923706054,0.06400000095367432,69,OpenPlay,MissedShots,RightFoot,Pass,Away
2025,2526,2025-08-30,Wolverhampton Wanderers v Everton,Everton,Jake O&#039;Brien,Kiernan Dewsbury-Hall,0.053000710904598236,0.9119999694824219,0.5120000076293946,75,SetPiece,MissedShots,Head,Aerial,Away
2025,2526,2025-08-30,Wolverhampton Wanderers v Everton,Everton,Tim Iroegbunam,,0.010492978617548943,0.7319999694824219,0.37099998474121093,85,SetPiece,BlockedShot,RightFoot,None,Away
2025,2526,2025-08-30,Sunderland v Brentford,Sunderland,Chemsdine Talbi,,0.10804285854101181,0.9230000305175782,0.4420000076293945,8,FromCorner,MissedShots,RightFoot,None,Home
2025,2526,2025-08-30,Sunderland v Brentford,Sunderland,Nordi Mukiele,,0.08286460489034653,0.9359999847412109,0.3870000076293945,8,FromCorner,MissedShots,RightFoot,None,Home
2025,2526,2025-08-30,Sunderland v Brentford,Sunderland,Reinildo,,0.01499317865818739,0.7219999694824218,0.5879999923706055,11,OpenPlay,BlockedShot,RightFoot,BallRecovery,Home
2025,2526,2025-08-30,Sunderland v Brentford,Sunderland,Omar Alderete,,0.04248378053307533,0.8340000152587891,0.6519999694824219,43,OpenPlay,BlockedShot,LeftFoot,None,Home
2025,2526,2025-08-30,Sunderland v Brentford,Sunderland,Trai Hume,,0.02939181961119175,0.7780000305175782,0.44099998474121094,45,OpenPlay,BlockedShot,LeftFoot,None,Home
2025,2526,2025-08-30,Sunderland v Brentford,Sunderland,Habib Diarra,,0.06268350780010223,0.8430000305175781,0.514000015258789,45,OpenPlay,MissedShots,RightFoot,Rebound,Home
2025,2526,2025-08-30,Sunderland v Brentford,Sunderland,Habib Diarra,Enzo Le Fée,0.11225918680429459,0.8619999694824219,0.519000015258789,67,OpenPlay,MissedShots,RightFoot,Cross,Home
2025,2526,2025-08-30,Sunderland v Brentford,Sunderland,Wilson Isidor,Noah Sadiki,0.012669884599745274,0.7530000305175781,0.74,72,OpenPlay,MissedShots,RightFoot,Pass,Home
2025,2526,2025-08-30,Sunderland v Brentford,Sunderland,Wilson Isidor,Noah Sadiki,0.05640295520424843,0.9290000152587891,0.5670000076293945,74,OpenPlay,SavedShot,Head,Aerial,Home
2025,2526,2025-08-30,Sunderland v Brentford,Sunderland,Enzo Le Fée,,0.7611688375473022,0.885,0.5,81,Penalty,Goal,RightFoot,Standard,Home
2025,2526,2025-08-30,Sunderland v Brentford,Sunderland,Habib Diarra,Simon Adingra,0.035103410482406616,0.8719999694824219,0.2589999961853027,84,OpenPlay,MissedShots,RightFoot,TakeOn,Home
2025,2526,2025-08-30,Sunderland v Brentford,Sunderland,Wilson Isidor,Granit Xhaka,0.25504574179649353,0.92,0.5509999847412109,95,OpenPlay,Goal,Head,Cross,Home
2025,2526,2025-08-30,Sunderland v Brentford,Brentford,Kevin Schade,Mikkel Damsgaard,0.08092895895242691,0.9009999847412109,0.47700000762939454,16,OpenPlay,MissedShots,Head,Cross,Away
2025,2526,2025-08-30,Sunderland v Brentford,Brentford,Kevin Schade,Mikkel Damsgaard,0.07343056052923203,0.9219999694824219,0.43599998474121093,41,FromCorner,MissedShots,Head,Cross,Away
2025,2526,2025-08-30,Sunderland v Brentford,Brentford,Yehor Yarmolyuk,,0.01719302125275135,0.815,0.49700000762939456,45,OpenPlay,SavedShot,Head,None,Away
2025,2526,2025-08-30,Sunderland v Brentford,Brentford,Kevin Schade,,0.7611688375473022,0.885,0.5,58,Penalty,SavedShot,RightFoot,Standard,Away
2025,2526,2025-08-30,Sunderland v Brentford,Brentford,Thiago,Frank Onyeka,0.3706037104129791,0.9290000152587891,0.5220000076293946,76,OpenPlay,Goal,Head,Chipped,Away
2025,2526,2025-08-30,Sunderland v Brentford,Brentford,Rico Henry,,0.022529616951942444,0.7780000305175782,0.47900001525878905,82,FromCorner,BlockedShot,LeftFoot,None,Away
2025,2526,2025-08-30,Sunderland v Brentford,Brentford,Dango Ouattara,Thiago,0.09696149826049805,0.909000015258789,0.5579999923706055,85,OpenPlay,SavedShot,Head,Cross,Away
2025,2526,2025-08-30,Sunderland v Brentford,Brentford,Mikkel Damsgaard,,0.023226918652653694,0.78,0.555,94,SetPiece,BlockedShot,LeftFoot,None,Away
2025,2526,2025-08-30,Manchester United v Burnley,Manchester United,Matheus Cunha,,0.02157522924244404,0.7530000305175781,0.5229999923706055,4,OpenPlay,SavedShot,LeftFoot,None,Home
2025,2526,2025-08-30,Manchester United v Burnley,Manchester United,Bryan Mbeumo,Bruno Fernandes,0.044754162430763245,0.86,0.3060000038146973,13,OpenPlay,SavedShot,LeftFoot,Chipped,Home
2025,2526,2025-08-30,Manchester United v Burnley,Manchester United,Bryan Mbeumo,Mason Mount,0.10564959794282913,0.8719999694824219,0.3189999961853027,14,OpenPlay,MissedShots,RightFoot,Chipped,Home
2025,2526,2025-08-30,Manchester United v Burnley,Manchester United,Leny Yoro,Matheus Cunha,0.059393320232629776,0.9309999847412109,0.5579999923706055,21,OpenPlay,MissedShots,Head,Aerial,Home
2025,2526,2025-08-30,Manchester United v Burnley,Manchester United,Casemiro,Bruno Fernandes,0.13354156911373138,0.924000015258789,0.5129999923706055,26,SetPiece,ShotOnPost,Head,Cross,Home
2025,2526,2025-08-30,Manchester United v Burnley,Manchester United,Amad Diallo Traore,,0.06337083131074905,0.8090000152587891,0.46599998474121096,38,OpenPlay,BlockedShot,LeftFoot,None,Home
2025,2526,2025-08-30,Manchester United v Burnley,Manchester United,Mason Mount,Bryan Mbeumo,0.035149261355400085,0.9490000152587891,0.41900001525878905,39,FromCorner,ShotOnPost,Head,Aerial,Home
2025,2526,2025-08-30,Manchester United v Burnley,Manchester United,Amad Diallo Traore,Bruno Fernandes,0.05334921553730965,0.8909999847412109,0.43599998474121093,44,FromCorner,SavedShot,LeftFoot,Cross,Home
2025,2526,2025-08-30,Manchester United v Burnley,Manchester United,Matthijs de Ligt,,0.055150218307971954,0.9290000152587891,0.534000015258789,44,FromCorner,BlockedShot,Head,Aerial,Home
2025,2526,2025-08-30,Manchester United v Burnley,Manchester United,Joshua Zirkzee,Bruno Fernandes,0.03189197927713394,0.850999984741211,0.33599998474121096,47,SetPiece,BlockedShot,LeftFoot,Pass,Home
2025,2526,2025-08-30,Manchester United v Burnley,Manchester United,Joshua Zirkzee,,0.1092650294303894,0.9690000152587891,0.39,47,OpenPlay,BlockedShot,RightFoot,None,Home
2025,2526,2025-08-30,Manchester United v Burnley,Manchester United,Bruno Fernandes,Amad Diallo Traore,0.01565505377948284,0.7580000305175781,0.28,47,OpenPlay,BlockedShot,RightFoot,Pass,Home
2025,2526,2025-08-30,Manchester United v Burnley,Manchester United,Joshua Zirkzee,Bruno Fernandes,0.15762284398078918,0.9109999847412109,0.504000015258789,47,OpenPlay,MissedShots,RightFoot,Rebound,Home
2025,2526,2025-08-30,Manchester United v Burnley,Manchester United,Joshua Zirkzee,Kobbie Mainoo,0.1224026083946228,0.9259999847412109,0.5729999923706055,48,OpenPlay,MissedShots,RightFoot,Cross,Home
2025,2526,2025-08-30,Manchester United v Burnley,Manchester United,Amad Diallo Traore,Bryan Mbeumo,0.5765154957771301,0.9119999694824219,0.5709999847412109,49,OpenPlay,MissedShots,LeftFoot,Pass,Home
2025,2526,2025-08-30,Manchester United v Burnley,Manchester United,Joshua Zirkzee,,0.6215313076972961,0.9180000305175782,0.46900001525878904,50,OpenPlay,SavedShot,LeftFoot,None,Home
2025,2526,2025-08-30,Manchester United v Burnley,Manchester United,Bryan Mbeumo,Diogo Dalot,0.552983283996582,0.9259999847412109,0.49,56,OpenPlay,Goal,LeftFoot,Pass,Home
2025,2526,2025-08-30,Manchester United v Burnley,Manchester United,Kobbie Mainoo,Bruno Fernandes,0.031477075070142746,0.775,0.35400001525878905,62,OpenPlay,BlockedShot,RightFoot,Pass,Home
2025,2526,2025-08-30,Manchester United v Burnley,Manchester United,Bruno Fernandes,Bryan Mbeumo,0.0628451332449913,0.870999984741211,0.500999984741211,62,FromCorner,MissedShots,RightFoot,Pass,Home
2025,2526,2025-08-30,Manchester United v Burnley,Manchester United,Kobbie Mainoo,Joshua Zirkzee,0.027649320662021637,0.7819999694824219,0.600999984741211,68,OpenPlay,MissedShots,RightFoot,Pass,Home
2025,2526,2025-08-30,Manchester United v Burnley,Manchester United,Joshua Zirkzee,Bryan Mbeumo,0.044400278478860855,0.9630000305175781,0.5940000152587891,74,OpenPlay,MissedShots,Head,Aerial,Home
2025,2526,2025-08-30,Manchester United v Burnley,Manchester United,Bruno Fernandes,,0.045371465384960175,0.8019999694824219,0.5379999923706055,79,OpenPlay,BlockedShot,RightFoot,None,Home
2025,2526,2025-08-30,Manchester United v Burnley,Manchester United,Joshua Zirkzee,Amad Diallo Traore,0.07238197326660156,0.8209999847412109,0.47200000762939454,81,OpenPlay,MissedShots,RightFoot,Pass,Home
2025,2526,2025-08-30,Manchester United v Burnley,Manchester United,Benjamin Sesko,Bryan Mbeumo,0.08751426637172699,0.9390000152587891,0.5279999923706055,85,OpenPlay,MissedShots,Head,Aerial,Home
2025,2526,2025-08-30,Manchester United v Burnley,Manchester United,Benjamin Sesko,Diogo Dalot,0.1322305053472519,0.925,0.544000015258789,86,OpenPlay,MissedShots,Head,Cross,Home
2025,2526,2025-08-30,Manchester United v Burnley,Manchester United,Bruno Fernandes,,0.7611688375473022,0.885,0.5,96,Penalty,Goal,RightFoot,Standard,Home
2025,2526,2025-08-30,Manchester United v Burnley,Burnley,Josh Cullen,,0.0,0.02700000047683716,0.47400001525878904,26,SetPiece,OwnGoal,OtherBodyPart,None,Away
2025,2526,2025-08-30,Manchester United v Burnley,Burnley,Hannibal Mejbri,Jacob Bruun Larsen,0.11064935475587845,0.8909999847412109,0.46299999237060546,36,OpenPlay,MissedShots,RightFoot,Pass,Away
2025,2526,2025-08-30,Manchester United v Burnley,Burnley,Jacob Bruun Larsen,,0.04195509850978851,0.7130000305175781,0.4420000076293945,47,DirectFreekick,BlockedShot,RightFoot,Standard,Away
2025,2526,2025-08-30,Manchester United v Burnley,Burnley,Quilindschy Hartman,,0.032877761870622635,0.885,0.6029999923706054,49,OpenPlay,BlockedShot,LeftFoot,Aerial,Away
2025,2526,2025-08-30,Manchester United v Burnley,Burnley,Lyle Foster,Jacob Bruun Larsen,0.47157415747642517,0.935,0.5079999923706054,54,OpenPlay,Goal,RightFoot,Cross,Away
2025,2526,2025-08-30,Manchester United v Burnley,Burnley,Loum Tchaouna,,0.07852376997470856,0.9009999847412109,0.43200000762939456,65,OpenPlay,SavedShot,LeftFoot,None,Away
2025,2526,2025-08-30,Manchester United v Burnley,Burnley,Jaidon Anthony,,0.6409280300140381,0.9569999694824218,0.5159999847412109,65,OpenPlay,Goal,LeftFoot,Rebound,Away
2025,2526,2025-08-30,Leeds v Newcastle United,Leeds,Lukas Nmecha,Anton Stach,0.0727955773472786,0.8819999694824219,0.5790000152587891,6,OpenPlay,BlockedShot,RightFoot,Cross,Home
2025,2526,2025-08-30,Leeds v Newcastle United,Leeds,Anton Stach,Daniel James,0.11391013860702515,0.87,0.5270000076293946,6,OpenPlay,BlockedShot,RightFoot,Pass,Home
2025,2526,2025-08-30,Leeds v Newcastle United,Leeds,Anton Stach,,0.027065396308898926,0.6980000305175781,0.25299999237060544,8,DirectFreekick,MissedShots,RightFoot,Standard,Home
2025,2526,2025-08-30,Leeds v Newcastle United,Leeds,Anton Stach,Sean Longstaff,0.02063303254544735,0.7530000305175781,0.5529999923706055,32,OpenPlay,MissedShots,LeftFoot,Pass,Home
2025,2526,2025-08-30,Leeds v Newcastle United,Leeds,Daniel James,Gabriel Gudmundsson,0.2603457570075989,0.970999984741211,0.3659999847412109,33,OpenPlay,MissedShots,RightFoot,Cross,Home
2025,2526,2025-08-30,Leeds v Newcastle United,Leeds,Wilfried Gnonto,Gabriel Gudmundsson,0.024785464629530907,0.8030000305175782,0.72,37,OpenPlay,BlockedShot,RightFoot,Pass,Home
2025,2526,2025-08-30,Leeds v Newcastle United,Leeds,Wilfried Gnonto,Anton Stach,0.008856137283146381,0.7530000305175781,0.73,38,FromCorner,MissedShots,RightFoot,TakeOn,Home
2025,2526,2025-08-30,Leeds v Newcastle United,Leeds,Jayden Bogle,Wilfried Gnonto,0.051310401409864426,0.805,0.465,50,OpenPlay,MissedShots,LeftFoot,Pass,Home
2025,2526,2025-08-30,Leeds v Newcastle United,Leeds,Dominic Calvert-Lewin,,0.013565645553171635,0.7340000152587891,0.600999984741211,73,OpenPlay,MissedShots,RightFoot,None,Home
2025,2526,2025-08-30,Leeds v Newcastle United,Leeds,Dominic Calvert-Lewin,Jayden Bogle,0.08403205126523972,0.905,0.30700000762939456,89,OpenPlay,SavedShot,RightFoot,Pass,Home
2025,2526,2025-08-30,Leeds v Newcastle United,Newcastle United,William Osula,Jacob Ramsey,0.10585911571979523,0.9009999847412109,0.4620000076293945,15,OpenPlay,BlockedShot,LeftFoot,Cross,Away
2025,2526,2025-08-30,Leeds v Newcastle United,Newcastle United,Jacob Ramsey,,0.05618707090616226,0.845999984741211,0.39,27,OpenPlay,BlockedShot,RightFoot,None,Away
2025,2526,2025-08-30,Leeds v Newcastle United,Newcastle United,Jacob Murphy,Jacob Ramsey,0.040007248520851135,0.9830000305175781,0.63,40,OpenPlay,MissedShots,LeftFoot,Cross,Away
2025,2526,2025-08-30,Leeds v Newcastle United,Newcastle United,Jacob Murphy,Kieran Trippier,0.028935182839632034,0.860999984741211,0.2610000038146973,42,OpenPlay,SavedShot,RightFoot,Pass,Away
2025,2526,2025-08-30,Leeds v Newcastle United,Newcastle United,Fabian Schär,Sandro Tonali,0.016076162457466125,0.715,0.43200000762939456,45,OpenPlay,MissedShots,LeftFoot,Pass,Away
2025,2526,2025-08-30,Leeds v Newcastle United,Newcastle United,Jacob Murphy,Fabian Schär,0.014349977485835552,0.7330000305175781,0.47299999237060547,53,OpenPlay,SavedShot,LeftFoot,TakeOn,Away
2025,2526,2025-08-30,Leeds v Newcastle United,Newcastle United,Lewis Hall,Sandro Tonali,0.02208450809121132,0.749000015258789,0.5940000152587891,70,OpenPlay,MissedShots,LeftFoot,Pass,Away
2025,2526,2025-08-30,Leeds v Newcastle United,Newcastle United,Harvey Barnes,Sandro Tonali,0.020135929808020592,0.775,0.6719999694824219,91,OpenPlay,BlockedShot,RightFoot,Pass,Away
2025,2526,2025-08-31,Nottingham Forest v West Ham,Nottingham Forest,Morgan Gibbs-White,Elliot Anderson,0.019577354192733765,0.9619999694824218,0.5970000076293945,17,FromCorner,BlockedShot,Head,Aerial,Home
2025,2526,2025-08-31,Nottingham Forest v West Ham,Nottingham Forest,Chris Wood,Callum Hudson-Odoi,0.2730753421783447,0.9059999847412109,0.46599998474121096,46,OpenPlay,SavedShot,Head,Cross,Home
2025,2526,2025-08-31,Nottingham Forest v West Ham,Nottingham Forest,Morgan Gibbs-White,Callum Hudson-Odoi,0.04551553353667259,0.960999984741211,0.7180000305175781,59,OpenPlay,SavedShot,LeftFoot,Pass,Home
2025,2526,2025-08-31,Nottingham Forest v West Ham,Nottingham Forest,Chris Wood,James McAtee,0.10693097114562988,0.865999984741211,0.45099998474121095,60,OpenPlay,MissedShots,RightFoot,Pass,Home
2025,2526,2025-08-31,Nottingham Forest v West Ham,Nottingham Forest,Neco Williams,,0.06776181608438492,0.8490000152587891,0.55,61,OpenPlay,BlockedShot,RightFoot,None,Home
2025,2526,2025-08-31,Nottingham Forest v West Ham,Nottingham Forest,Elliot Anderson,Callum Hudson-Odoi,0.015127431601285934,0.774000015258789,0.7069999694824218,61,OpenPlay,BlockedShot,RightFoot,Pass,Home
2025,2526,2025-08-31,Nottingham Forest v West Ham,Nottingham Forest,Callum Hudson-Odoi,Elliot Anderson,0.04034300148487091,0.9080000305175782,0.74,62,OpenPlay,SavedShot,RightFoot,Pass,Home
2025,2526,2025-08-31,Nottingham Forest v West Ham,Nottingham Forest,Chris Wood,Ola Aina,0.040244463831186295,0.8930000305175781,0.5470000076293945,66,OpenPlay,MissedShots,Head,Chipped,Home
2025,2526,2025-08-31,Nottingham Forest v West Ham,Nottingham Forest,Nikola Milenkovic,Elliot Anderson,0.0842909961938858,0.9169999694824219,0.539000015258789,71,FromCorner,MissedShots,Head,Cross,Home
2025,2526,2025-08-31,Nottingham Forest v West Ham,Nottingham Forest,Ola Aina,,0.014259714633226395,0.855,0.23200000762939454,89,OpenPlay,BlockedShot,RightFoot,None,Home
2025,2526,2025-08-31,Nottingham Forest v West Ham,Nottingham Forest,Ola Aina,,0.008891460485756397,0.764000015258789,0.26299999237060545,99,OpenPlay,BlockedShot,RightFoot,None,Home
2025,2526,2025-08-31,Nottingham Forest v West Ham,West Ham,Niclas Füllkrug,James Ward-Prowse,0.03938474506139755,0.9490000152587891,0.39,2,FromCorner,MissedShots,Head,Cross,Away
2025,2526,2025-08-31,Nottingham Forest v West Ham,West Ham,Niclas Füllkrug,James Ward-Prowse,0.024818886071443558,0.9619999694824218,0.40900001525878904,14,FromCorner,MissedShots,Head,Aerial,Away
2025,2526,2025-08-31,Nottingham Forest v West Ham,West Ham,Lucas Paquetá,Mateus Fernandes,0.09636712819337845,0.87,0.5729999923706055,38,OpenPlay,SavedShot,LeftFoot,Pass,Away
2025,2526,2025-08-31,Nottingham Forest v West Ham,West Ham,Lucas Paquetá,Jarrod Bowen,0.13509510457515717,0.9230000305175782,0.425,46,OpenPlay,MissedShots,RightFoot,Pass,Away
2025,2526,2025-08-31,Nottingham Forest v West Ham,West Ham,Niclas Füllkrug,Mateus Fernandes,0.034899093210697174,0.870999984741211,0.725999984741211,55,OpenPlay,SavedShot,LeftFoot,Pass,Away
2025,2526,2025-08-31,Nottingham Forest v West Ham,West Ham,Callum Wilson,Lucas Paquetá,0.03393476828932762,0.8119999694824219,0.38299999237060545,67,OpenPlay,SavedShot,RightFoot,TakeOn,Away
2025,2526,2025-08-31,Nottingham Forest v West Ham,West Ham,Konstantinos Mavropanos,James Ward-Prowse,0.08467678725719452,0.9169999694824219,0.5379999923706055,68,FromCorner,MissedShots,Head,Cross,Away
2025,2526,2025-08-31,Nottingham Forest v West Ham,West Ham,Callum Wilson,Lucas Paquetá,0.06967318803071976,0.9680000305175781,0.3240000152587891,80,SetPiece,SavedShot,RightFoot,TakeOn,Away
2025,2526,2025-08-31,Nottingham Forest v West Ham,West Ham,Jarrod Bowen,Crysencio Summerville,0.06273777037858963,0.815,0.5259999847412109,83,OpenPlay,Goal,LeftFoot,Pass,Away
2025,2526,2025-08-31,Nottingham Forest v West Ham,West Ham,Lucas Paquetá,,0.7611688375473022,0.885,0.5,87,Penalty,Goal,LeftFoot,Standard,Away
2025,2526,2025-08-31,Nottingham Forest v West Ham,West Ham,Callum Wilson,El Hadji Malick Diouf,0.31998011469841003,0.919000015258789,0.48,90,OpenPlay,Goal,Head,Cross,Away
2025,2526,2025-08-31,Nottingham Forest v West Ham,West Ham,Callum Wilson,Jarrod Bowen,0.5732597708702087,0.9180000305175782,0.44400001525878907,97,OpenPlay,SavedShot,RightFoot,BallTouch,Away
2025,2526,2025-08-31,Brighton v Manchester City,Brighton,Kaoru Mitoma,Danny Welbeck,0.050700414925813675,0.7819999694824219,0.36,18,OpenPlay,SavedShot,RightFoot,Pass,Home
2025,2526,2025-08-31,Brighton v Manchester City,Brighton,Yankuba Minteh,Kaoru Mitoma,0.09575819969177246,0.8419999694824218,0.6170000076293946,61,OpenPlay,SavedShot,LeftFoot,SubstitutionOn,Home
2025,2526,2025-08-31,Brighton v Manchester City,Brighton,Lewis Dunk,Yasin Ayari,0.017949020490050316,0.915,0.7090000152587891,64,SetPiece,BlockedShot,RightFoot,Cross,Home
2025,2526,2025-08-31,Brighton v Manchester City,Brighton,James Milner,,0.7611688375473022,0.885,0.5,66,Penalty,Goal,RightFoot,Standard,Home
2025,2526,2025-08-31,Brighton v Manchester City,Brighton,Yankuba Minteh,Brajan Gruda,0.048511818051338196,0.8690000152587891,0.37,70,OpenPlay,MissedShots,LeftFoot,TakeOn,Home
2025,2526,2025-08-31,Brighton v Manchester City,Brighton,Kaoru Mitoma,Georginio Rutter,0.054669469594955444,0.865,0.675,78,OpenPlay,BlockedShot,RightFoot,Pass,Home
2025,2526,2025-08-31,Brighton v Manchester City,Brighton,Georginio Rutter,Yankuba Minteh,0.07031069695949554,0.894000015258789,0.67,80,OpenPlay,SavedShot,LeftFoot,Pass,Home
2025,2526,2025-08-31,Brighton v Manchester City,Brighton,Brajan Gruda,Yasin Ayari,0.024503638967871666,0.775,0.6630000305175782,82,OpenPlay,SavedShot,LeftFoot,Pass,Home
2025,2526,2025-08-31,Brighton v Manchester City,Brighton,Brajan Gruda,Kaoru Mitoma,0.08022035658359528,0.865999984741211,0.31799999237060544,86,OpenPlay,BlockedShot,LeftFoot,Pass,Home
2025,2526,2025-08-31,Brighton v Manchester City,Brighton,Jan Paul van Hecke,,0.6146281957626343,0.9590000152587891,0.509000015258789,87,FromCorner,SavedShot,LeftFoot,None,Home
2025,2526,2025-08-31,Brighton v Manchester City,Brighton,Lewis Dunk,,0.022686446085572243,0.860999984741211,0.6220000076293946,87,FromCorner,MissedShots,RightFoot,Aerial,Home
2025,2526,2025-08-31,Brighton v Manchester City,Brighton,Brajan Gruda,Kaoru Mitoma,0.36753395199775696,0.905,0.435,88,OpenPlay,Goal,RightFoot,TakeOn,Home
2025,2526,2025-08-31,Brighton v Manchester City,Manchester City,Erling Haaland,Omar Marmoush,0.20762209594249725,0.855999984741211,0.625,8,OpenPlay,SavedShot,LeftFoot,Pass,Away
2025,2526,2025-08-31,Brighton v Manchester City,Manchester City,Erling Haaland,Tijjani Reijnders,0.06028285622596741,0.8169999694824219,0.5329999923706055,23,OpenPlay,MissedShots,LeftFoot,Pass,Away
2025,2526,2025-08-31,Brighton v Manchester City,Manchester City,Erling Haaland,Rayan Ait Nouri,0.1493370234966278,0.9690000152587891,0.4329999923706055,24,OpenPlay,SavedShot,Head,Aerial,Away
2025,2526,2025-08-31,Brighton v Manchester City,Manchester City,Erling Haaland,Rodri,0.04459486901760101,0.9209999847412109,0.5720000076293945,25,OpenPlay,MissedShots,Head,Aerial,Away
2025,2526,2025-08-31,Brighton v Manchester City,Manchester City,Omar Marmoush,,0.08242393285036087,0.9130000305175782,0.3990000152587891,27,FromCorner,MissedShots,LeftFoot,None,Away
2025,2526,2025-08-31,Brighton v Manchester City,Manchester City,Erling Haaland,Omar Marmoush,0.788413941860199,0.9519999694824218,0.500999984741211,33,OpenPlay,Goal,LeftFoot,Throughball,Away
2025,2526,2025-08-31,Brighton v Manchester City,Manchester City,Rodri,,0.04254832863807678,0.7819999694824219,0.6070000076293945,42,OpenPlay,MissedShots,LeftFoot,None,Away
2025,2526,2025-08-31,Brighton v Manchester City,Manchester City,Oscar Bobb,,0.6138288378715515,0.9119999694824219,0.4590000152587891,59,OpenPlay,MissedShots,RightFoot,None,Away
2025,2526,2025-08-31,Brighton v Manchester City,Manchester City,Nico O&#039;Reilly,Jéremy Doku,0.013379187323153019,0.6980000305175781,0.5170000076293946,76,OpenPlay,BlockedShot,LeftFoot,Pass,Away
2025,2526,2025-08-31,Brighton v Manchester City,Manchester City,Erling Haaland,Tijjani Reijnders,0.05085253715515137,0.9230000305175782,0.505,76,FromCorner,MissedShots,Head,Aerial,Away
2025,2526,2025-08-31,Brighton v Manchester City,Manchester City,Erling Haaland,,0.06539377570152283,0.8880000305175781,0.3970000076293945,95,OpenPlay,MissedShots,LeftFoot,None,Away
2025,2526,2025-08-31,Brighton v Manchester City,Manchester City,Tijjani Reijnders,Jéremy Doku,0.01550334319472313,0.76,0.6919999694824219,97,OpenPlay,MissedShots,RightFoot,Pass,Away
2025,2526,2025-08-31,Liverpool v Arsenal,Liverpool,Cody Gakpo,Ryan Gravenberch,0.024450471624732018,0.7880000305175782,0.6859999847412109,12,OpenPlay,MissedShots,RightFoot,Pass,Home
2025,2526,2025-08-31,Liverpool v Arsenal,Liverpool,Alexis Mac Allister,,0.06511340290307999,0.8380000305175781,0.49,33,OpenPlay,BlockedShot,RightFoot,None,Home
2025,2526,2025-08-31,Liverpool v Arsenal,Liverpool,Ryan Gravenberch,Alexis Mac Allister,0.017997510731220245,0.700999984741211,0.44299999237060544,51,OpenPlay,MissedShots,RightFoot,Pass,Home
2025,2526,2025-08-31,Liverpool v Arsenal,Liverpool,Florian Wirtz,Alexis Mac Allister,0.09152144193649292,0.8640000152587891,0.40900001525878904,59,OpenPlay,SavedShot,LeftFoot,Pass,Home
2025,2526,2025-08-31,Liverpool v Arsenal,Liverpool,Cody Gakpo,Curtis Jones,0.037899378687143326,0.8369999694824218,0.6790000152587891,65,OpenPlay,SavedShot,RightFoot,Pass,Home
2025,2526,2025-08-31,Liverpool v Arsenal,Liverpool,Mohamed Salah,Florian Wirtz,0.07573796063661575,0.845999984741211,0.39799999237060546,72,OpenPlay,BlockedShot,LeftFoot,Pass,Home
2025,2526,2025-08-31,Liverpool v Arsenal,Liverpool,Florian Wirtz,Dominik Szoboszlai,0.03474712371826172,0.8209999847412109,0.425,73,FromCorner,BlockedShot,RightFoot,Cross,Home
2025,2526,2025-08-31,Liverpool v Arsenal,Liverpool,Dominik Szoboszlai,,0.036956995725631714,0.6969999694824218,0.5109999847412109,82,DirectFreekick,Goal,RightFoot,Standard,Home
2025,2526,2025-08-31,Liverpool v Arsenal,Liverpool,Federico Chiesa,Cody Gakpo,0.09697931259870529,0.8159999847412109,0.5359999847412109,96,OpenPlay,BlockedShot,LeftFoot,Pass,Home
2025,2526,2025-08-31,Liverpool v Arsenal,Arsenal,Noni Madueke,,0.06363651156425476,0.860999984741211,0.5620000076293945,21,FromCorner,SavedShot,LeftFoot,None,Away
2025,2526,2025-08-31,Liverpool v Arsenal,Arsenal,Declan Rice,,0.02633870579302311,0.6869999694824219,0.7330000305175781,28,DirectFreekick,MissedShots,RightFoot,Standard,Away
2025,2526,2025-08-31,Liverpool v Arsenal,Arsenal,Noni Madueke,David Raya,0.049500007182359695,0.9069999694824219,0.3129999923706055,35,OpenPlay,BlockedShot,LeftFoot,Chipped,Away
2025,2526,2025-08-31,Liverpool v Arsenal,Arsenal,Jurriën Timber,Viktor Gyokeres,0.08937656879425049,0.855,0.445,38,OpenPlay,BlockedShot,RightFoot,Pass,Away
2025,2526,2025-08-31,Liverpool v Arsenal,Arsenal,Riccardo Calafiori,,0.041967615485191345,0.865999984741211,0.67,38,OpenPlay,BlockedShot,RightFoot,Rebound,Away
2025,2526,2025-08-31,Liverpool v Arsenal,Arsenal,Riccardo Calafiori,Declan Rice,0.02815292961895466,0.91,0.5320000076293945,39,FromCorner,MissedShots,Head,Aerial,Away
2025,2526,2025-08-31,Liverpool v Arsenal,Arsenal,Riccardo Calafiori,Jurriën Timber,0.05862429365515709,0.8159999847412109,0.5179999923706055,62,OpenPlay,BlockedShot,LeftFoot,Pass,Away
2025,2526,2025-08-31,Liverpool v Arsenal,Arsenal,Gabriel,,0.02105015330016613,0.77,0.55,62,OpenPlay,BlockedShot,LeftFoot,Rebound,Away
2025,2526,2025-08-31,Liverpool v Arsenal,Arsenal,Noni Madueke,,0.02296319603919983,0.870999984741211,0.634000015258789,63,FromCorner,MissedShots,LeftFoot,Aerial,Away
2025,2526,2025-08-31,Liverpool v Arsenal,Arsenal,Max Dowman,,0.061159078031778336,0.9380000305175781,0.35400001525878905,94,OpenPlay,BlockedShot,LeftFoot,None,Away
2025,2526,2025-08-31,Liverpool v Arsenal,Arsenal,Martín Zubimendi,Viktor Gyokeres,0.027894919738173485,0.8769999694824219,0.48900001525878906,96,OpenPlay,BlockedShot,Head,Aerial,Away
2025,2526,2025-08-31,Aston Villa v Crystal Palace,Aston Villa,Youri Tielemans,Ian Maatsen,0.04001225531101227,0.909000015258789,0.585,1,FromCorner,MissedShots,Head,Cross,Home
2025,2526,2025-08-31,Aston Villa v Crystal Palace,Aston Villa,Evann Guessand,Ollie Watkins,0.06263919174671173,0.8630000305175781,0.6430000305175781,23,OpenPlay,SavedShot,RightFoot,Pass,Home
2025,2526,2025-08-31,Aston Villa v Crystal Palace,Aston Villa,Ollie Watkins,John McGinn,0.41721436381340027,0.9430000305175781,0.5409999847412109,40,OpenPlay,SavedShot,RightFoot,Chipped,Home
2025,2526,2025-08-31,Aston Villa v Crystal Palace,Aston Villa,Youri Tielemans,Ian Maatsen,0.035743918269872665,0.9290000152587891,0.6070000076293945,40,FromCorner,MissedShots,Head,Cross,Home
2025,2526,2025-08-31,Aston Villa v Crystal Palace,Aston Villa,Ollie Watkins,Ezri Konsa Ngoyo,0.04962930828332901,0.89,0.325,47,OpenPlay,MissedShots,RightFoot,Chipped,Home
2025,2526,2025-08-31,Aston Villa v Crystal Palace,Aston Villa,Youri Tielemans,Emiliano Buendía,0.015896538272500038,0.7230000305175781,0.535,53,OpenPlay,SavedShot,RightFoot,Pass,Home
2025,2526,2025-08-31,Aston Villa v Crystal Palace,Aston Villa,Morgan Rogers,Emiliano Buendía,0.09427406638860703,0.8569999694824219,0.6419999694824219,58,OpenPlay,SavedShot,RightFoot,Pass,Home
2025,2526,2025-08-31,Aston Villa v Crystal Palace,Aston Villa,Matthew Cash,Youri Tielemans,0.01937158778309822,0.7180000305175781,0.40099998474121096,58,FromCorner,MissedShots,RightFoot,Pass,Home
2025,2526,2025-08-31,Aston Villa v Crystal Palace,Aston Villa,Ollie Watkins,Matthew Cash,0.0745130330324173,0.89,0.4809999847412109,70,OpenPlay,MissedShots,Head,Cross,Home
2025,2526,2025-08-31,Aston Villa v Crystal Palace,Aston Villa,Ian Maatsen,Emiliano Buendía,0.07754640281200409,0.8769999694824219,0.63,72,OpenPlay,BlockedShot,LeftFoot,Pass,Home
2025,2526,2025-08-31,Aston Villa v Crystal Palace,Aston Villa,Donyell Malen,,0.2824046313762665,0.9640000152587891,0.35,72,OpenPlay,MissedShots,RightFoot,Rebound,Home
2025,2526,2025-08-31,Aston Villa v Crystal Palace,Aston Villa,Donyell Malen,,0.025419285520911217,0.7709999847412109,0.519000015258789,81,OpenPlay,MissedShots,RightFoot,BallRecovery,Home
2025,2526,2025-08-31,Aston Villa v Crystal Palace,Aston Villa,Emiliano Buendía,,0.03309221938252449,0.8469999694824218,0.32099998474121094,83,SetPiece,MissedShots,RightFoot,None,Home
2025,2526,2025-08-31,Aston Villa v Crystal Palace,Crystal Palace,Jean-Philippe Mateta,,0.7611688375473022,0.885,0.5,20,Penalty,Goal,RightFoot,Standard,Away
2025,2526,2025-08-31,Aston Villa v Crystal Palace,Crystal Palace,Ismaila Sarr,Daniel Muñoz,0.8677292466163635,0.980999984741211,0.5220000076293946,28,OpenPlay,MissedShots,Head,Cross,Away
2025,2526,2025-08-31,Aston Villa v Crystal Palace,Crystal Palace,Marc Guehi,,0.05063970759510994,0.8440000152587891,0.6940000152587891,67,OpenPlay,Goal,RightFoot,None,Away
2025,2526,2025-08-31,Aston Villa v Crystal Palace,Crystal Palace,Ismaila Sarr,Maxence Lacroix,0.5764108896255493,0.97,0.5379999923706055,77,OpenPlay,Goal,Head,HeadPass,Away
2025,2526,2025-08-31,Aston Villa v Crystal Palace,Crystal Palace,Jefferson Lerma,Yeremi Pino,0.31956174969673157,0.8969999694824219,0.629000015258789,90,OpenPlay,SavedShot,LeftFoot,Pass,Away
2025,2526,2025-08-31,Aston Villa v Crystal Palace,Crystal Palace,Yeremi Pino,Tyrick Mitchell,0.02161698043346405,0.7469999694824219,0.5729999923706055,92,OpenPlay,BlockedShot,RightFoot,Pass,Away
2025,2526,2025-09-13,Arsenal v Nottingham Forest,Arsenal,Mikel Merino,,0.565120279788971,0.96,0.43599998474121093,6,SetPiece,SavedShot,RightFoot,None,Home
2025,2526,2025-09-13,Arsenal v Nottingham Forest,Arsenal,Gabriel,Noni Madueke,0.47992590069770813,0.960999984741211,0.45799999237060546,9,FromCorner,MissedShots,Head,Cross,Home
2025,2526,2025-09-13,Arsenal v Nottingham Forest,Arsenal,Eberechi Eze,Viktor Gyokeres,0.034516386687755585,0.799000015258789,0.6220000076293946,13,OpenPlay,BlockedShot,RightFoot,Pass,Home
2025,2526,2025-09-13,Arsenal v Nottingham Forest,Arsenal,Viktor Gyokeres,Noni Madueke,0.05540473386645317,0.9269999694824219,0.5590000152587891,20,OpenPlay,MissedShots,Head,Aerial,Home
2025,2526,2025-09-13,Arsenal v Nottingham Forest,Arsenal,Ethan Nwaneri,,0.0504547581076622,0.840999984741211,0.43599998474121093,22,FromCorner,BlockedShot,LeftFoot,None,Home
2025,2526,2025-09-13,Arsenal v Nottingham Forest,Arsenal,Eberechi Eze,Martín Zubimendi,0.04990798607468605,0.845999984741211,0.6580000305175782,26,OpenPlay,BlockedShot,RightFoot,Pass,Home
2025,2526,2025-09-13,Arsenal v Nottingham Forest,Arsenal,Jurriën Timber,Noni Madueke,0.0841638445854187,0.960999984741211,0.4640000152587891,28,FromCorner,SavedShot,Head,Aerial,Home
2025,2526,2025-09-13,Arsenal v Nottingham Forest,Arsenal,Martín Zubimendi,,0.031676262617111206,0.8019999694824219,0.5,31,FromCorner,Goal,RightFoot,None,Home
2025,2526,2025-09-13,Arsenal v Nottingham Forest,Arsenal,Gabriel,Riccardo Calafiori,0.01870153471827507,0.8030000305175782,0.7480000305175781,35,OpenPlay,BlockedShot,LeftFoot,Pass,Home
2025,2526,2025-09-13,Arsenal v Nottingham Forest,Arsenal,Martín Zubimendi,Ethan Nwaneri,0.048408184200525284,0.7809999847412109,0.49599998474121093,35,OpenPlay,MissedShots,RightFoot,BallTouch,Home
2025,2526,2025-09-13,Arsenal v Nottingham Forest,Arsenal,Viktor Gyokeres,Eberechi Eze,0.5980789661407471,0.9369999694824219,0.5,45,OpenPlay,Goal,RightFoot,Pass,Home
2025,2526,2025-09-13,Arsenal v Nottingham Forest,Arsenal,Viktor Gyokeres,,0.48044416308403015,0.955,0.5870000076293945,48,OpenPlay,BlockedShot,RightFoot,None,Home
2025,2526,2025-09-13,Arsenal v Nottingham Forest,Arsenal,Ethan Nwaneri,Noni Madueke,0.057088371366262436,0.865999984741211,0.29100000381469726,51,OpenPlay,MissedShots,LeftFoot,Pass,Home
2025,2526,2025-09-13,Arsenal v Nottingham Forest,Arsenal,Ethan Nwaneri,Mikel Merino,0.13176925480365753,0.865999984741211,0.48400001525878905,56,OpenPlay,MissedShots,LeftFoot,Pass,Home
2025,2526,2025-09-13,Arsenal v Nottingham Forest,Arsenal,Viktor Gyokeres,Noni Madueke,0.10147476941347122,0.93,0.3340000152587891,58,OpenPlay,ShotOnPost,RightFoot,Pass,Home
2025,2526,2025-09-13,Arsenal v Nottingham Forest,Arsenal,Martín Zubimendi,Leandro Trossard,0.0945623442530632,0.9290000152587891,0.4620000076293945,78,SetPiece,Goal,Head,Chipped,Home
2025,2526,2025-09-13,Arsenal v Nottingham Forest,Nottingham Forest,Morgan Gibbs-White,Chris Wood,0.071136474609375,0.8640000152587891,0.6090000152587891,45,OpenPlay,MissedShots,RightFoot,Pass,Away
2025,2526,2025-09-13,Arsenal v Nottingham Forest,Nottingham Forest,Chris Wood,Dan Ndoye,0.092880979180336,0.8630000305175781,0.37599998474121094,51,OpenPlay,SavedShot,OtherBodyPart,Cross,Away
2025,2526,2025-09-13,Arsenal v Nottingham Forest,Nottingham Forest,Arnaud Kalimuendo Muinga,,0.01928887516260147,0.8119999694824219,0.29200000762939454,66,OpenPlay,BlockedShot,RightFoot,BallTouch,Away
2025,2526,2025-09-13,Arsenal v Nottingham Forest,Nottingham Forest,Neco Williams,Arnaud Kalimuendo Muinga,0.011348750442266464,0.78,0.7180000305175781,92,OpenPlay,BlockedShot,RightFoot,Pass,Away
2025,2526,2025-09-13,Arsenal v Nottingham Forest,Nottingham Forest,Arnaud Kalimuendo Muinga,James McAtee,0.09902611374855042,0.8719999694824219,0.35900001525878905,94,OpenPlay,BlockedShot,RightFoot,Pass,Away
2025,2526,2025-09-13,Newcastle United v Wolverhampton Wanderers,Newcastle United,Jacob Murphy,Nick Woltemade,0.017971137538552284,0.76,0.3820000076293945,4,OpenPlay,MissedShots,LeftFoot,Pass,Home
2025,2526,2025-09-13,Newcastle United v Wolverhampton Wanderers,Newcastle United,Jacob Murphy,Joelinton,0.6109824776649475,0.955,0.485,12,OpenPlay,SavedShot,LeftFoot,HeadPass,Home
2025,2526,2025-09-13,Newcastle United v Wolverhampton Wanderers,Newcastle United,Harvey Barnes,,0.03400454670190811,0.78,0.5029999923706054,12,OpenPlay,MissedShots,RightFoot,None,Home
2025,2526,2025-09-13,Newcastle United v Wolverhampton Wanderers,Newcastle United,Nick Woltemade,Kieran Trippier,0.048371315002441406,0.925,0.5309999847412109,15,FromCorner,MissedShots,Head,Aerial,Home
2025,2526,2025-09-13,Newcastle United v Wolverhampton Wanderers,Newcastle United,Nick Woltemade,Bruno Guimarães,0.02996467426419258,0.860999984741211,0.34,24,OpenPlay,BlockedShot,RightFoot,HeadPass,Home
2025,2526,2025-09-13,Newcastle United v Wolverhampton Wanderers,Newcastle United,Dan Burn,Kieran Trippier,0.024346500635147095,0.9080000305175782,0.5379999923706055,27,FromCorner,BlockedShot,Head,Aerial,Home
2025,2526,2025-09-13,Newcastle United v Wolverhampton Wanderers,Newcastle United,Nick Woltemade,Jacob Murphy,0.08534660935401917,0.9459999847412109,0.55,29,OpenPlay,Goal,Head,Aerial,Home
2025,2526,2025-09-13,Newcastle United v Wolverhampton Wanderers,Newcastle United,Harvey Barnes,Kieran Trippier,0.032908760011196136,0.8330000305175781,0.7419999694824219,36,OpenPlay,BlockedShot,RightFoot,Pass,Home
2025,2526,2025-09-13,Newcastle United v Wolverhampton Wanderers,Newcastle United,Jacob Murphy,Kieran Trippier,0.030443387106060982,0.7619999694824219,0.3890000152587891,42,OpenPlay,MissedShots,RightFoot,Pass,Home
2025,2526,2025-09-13,Newcastle United v Wolverhampton Wanderers,Newcastle United,Jacob Murphy,,0.03931630030274391,0.7659999847412109,0.47400001525878904,48,OpenPlay,BlockedShot,LeftFoot,None,Home
2025,2526,2025-09-13,Newcastle United v Wolverhampton Wanderers,Newcastle United,Sandro Tonali,,0.03023167885839939,0.774000015258789,0.4929999923706055,49,OpenPlay,ShotOnPost,LeftFoot,Rebound,Home
2025,2526,2025-09-13,Newcastle United v Wolverhampton Wanderers,Newcastle United,Sandro Tonali,,0.022709323093295097,0.830999984741211,0.48900001525878906,49,FromCorner,SavedShot,RightFoot,Aerial,Home
2025,2526,2025-09-13,Newcastle United v Wolverhampton Wanderers,Newcastle United,Sandro Tonali,Kieran Trippier,0.035368550568819046,0.85,0.3659999847412109,50,FromCorner,SavedShot,RightFoot,Cross,Home
2025,2526,2025-09-13,Newcastle United v Wolverhampton Wanderers,Newcastle United,Harvey Barnes,Bruno Guimarães,0.032171860337257385,0.79,0.6090000152587891,73,OpenPlay,MissedShots,RightFoot,Pass,Home
2025,2526,2025-09-13,Newcastle United v Wolverhampton Wanderers,Newcastle United,Joe Willock,Fabian Schär,0.05826233699917793,0.88,0.37,84,SetPiece,MissedShots,LeftFoot,HeadPass,Home
2025,2526,2025-09-13,Newcastle United v Wolverhampton Wanderers,Newcastle United,Bruno Guimarães,William Osula,0.060651179403066635,0.799000015258789,0.5070000076293946,96,OpenPlay,BlockedShot,RightFoot,BallTouch,Home
2025,2526,2025-09-13,Newcastle United v Wolverhampton Wanderers,Wolverhampton Wanderers,Rodrigo Gomes,,0.01985236071050167,0.8830000305175781,0.6819999694824219,0,OpenPlay,SavedShot,RightFoot,Aerial,Away
2025,2526,2025-09-13,Newcastle United v Wolverhampton Wanderers,Wolverhampton Wanderers,Hee-Chan Hwang,,0.04107072204351425,0.8569999694824219,0.6409999847412109,0,FromCorner,SavedShot,LeftFoot,None,Away
2025,2526,2025-09-13,Newcastle United v Wolverhampton Wanderers,Wolverhampton Wanderers,Rodrigo Gomes,Ladislav Krejcí,0.07214269042015076,0.9019999694824219,0.675,10,OpenPlay,MissedShots,RightFoot,TakeOn,Away
2025,2526,2025-09-13,Newcastle United v Wolverhampton Wanderers,Wolverhampton Wanderers,Toti,Hugo Bueno,0.010645215399563313,0.915,0.6509999847412109,18,FromCorner,SavedShot,Head,Aerial,Away
2025,2526,2025-09-13,Newcastle United v Wolverhampton Wanderers,Wolverhampton Wanderers,Hee-Chan Hwang,João Gomes,0.05461355298757553,0.9590000152587891,0.3970000076293945,38,OpenPlay,MissedShots,Head,Cross,Away
2025,2526,2025-09-13,Newcastle United v Wolverhampton Wanderers,Wolverhampton Wanderers,Rodrigo Gomes,Hugo Bueno,0.06368297338485718,0.9119999694824219,0.44,40,OpenPlay,MissedShots,Head,Cross,Away
2025,2526,2025-09-13,Newcastle United v Wolverhampton Wanderers,Wolverhampton Wanderers,Jean-Ricner Bellegarde,,0.051015447825193405,0.7480000305175781,0.3579999923706055,88,DirectFreekick,BlockedShot,RightFoot,Standard,Away
2025,2526,2025-09-13,Newcastle United v Wolverhampton Wanderers,Wolverhampton Wanderers,Jhon Arias,Fernando López,0.062919020652771,0.9390000152587891,0.325,90,OpenPlay,BlockedShot,RightFoot,Pass,Away
2025,2526,2025-09-13,Bournemouth v Brighton,Bournemouth,Alex Scott,Antoine Semenyo,0.05486525595188141,0.8119999694824219,0.4379999923706055,17,OpenPlay,Goal,LeftFoot,Pass,Home
2025,2526,2025-09-13,Bournemouth v Brighton,Bournemouth,David Brooks,Veljko Milosavljevic,0.06701014190912247,0.87,0.5929999923706055,25,OpenPlay,BlockedShot,RightFoot,Chipped,Home
2025,2526,2025-09-13,Bournemouth v Brighton,Bournemouth,Evanilson,Adrien Truffert,0.04853740707039833,0.874000015258789,0.47400001525878904,25,OpenPlay,MissedShots,Head,Cross,Home
2025,2526,2025-09-13,Bournemouth v Brighton,Bournemouth,Antoine Semenyo,Marcus Tavernier,0.07956228405237198,0.904000015258789,0.32599998474121095,35,OpenPlay,MissedShots,RightFoot,Pass,Home
2025,2526,2025-09-13,Bournemouth v Brighton,Bournemouth,Evanilson,Adrien Truffert,0.033230289816856384,0.865999984741211,0.4590000152587891,47,OpenPlay,SavedShot,Head,Cross,Home
2025,2526,2025-09-13,Bournemouth v Brighton,Bournemouth,Evanilson,,0.09722869843244553,0.860999984741211,0.44,47,OpenPlay,BlockedShot,RightFoot,BallRecovery,Home
2025,2526,2025-09-13,Bournemouth v Brighton,Bournemouth,David Brooks,,0.04584584757685661,0.7390000152587891,0.649000015258789,47,DirectFreekick,MissedShots,LeftFoot,Standard,Home
2025,2526,2025-09-13,Bournemouth v Brighton,Bournemouth,Antoine Semenyo,,0.7611688375473022,0.885,0.5,60,Penalty,Goal,RightFoot,Standard,Home
2025,2526,2025-09-13,Bournemouth v Brighton,Bournemouth,Marcus Tavernier,Alex Scott,0.0393516980111599,0.8090000152587891,0.5,65,FromCorner,MissedShots,LeftFoot,Pass,Home
2025,2526,2025-09-13,Bournemouth v Brighton,Bournemouth,Amine Adli,,0.048346079885959625,0.7419999694824219,0.36,74,DirectFreekick,SavedShot,LeftFoot,Standard,Home
2025,2526,2025-09-13,Bournemouth v Brighton,Bournemouth,Justin Kluivert,Antoine Semenyo,0.06551827490329742,0.81,0.5379999923706055,77,OpenPlay,BlockedShot,RightFoot,Pass,Home
2025,2526,2025-09-13,Bournemouth v Brighton,Bournemouth,Justin Kluivert,Tyler Adams,0.03533139452338219,0.8219999694824218,0.7119999694824218,80,OpenPlay,BlockedShot,RightFoot,Pass,Home
2025,2526,2025-09-13,Bournemouth v Brighton,Bournemouth,James Hill,Justin Kluivert,0.06587860733270645,0.9540000152587891,0.44299999237060544,84,FromCorner,SavedShot,Head,Aerial,Home
2025,2526,2025-09-13,Bournemouth v Brighton,Brighton,Yankuba Minteh,Georginio Rutter,0.2618991434574127,0.935,0.31799999237060544,39,OpenPlay,SavedShot,RightFoot,Chipped,Away
2025,2526,2025-09-13,Bournemouth v Brighton,Brighton,Kaoru Mitoma,Yankuba Minteh,0.16583633422851562,0.9740000152587891,0.5940000152587891,47,OpenPlay,Goal,Head,Cross,Away
2025,2526,2025-09-13,Bournemouth v Brighton,Brighton,Yankuba Minteh,Joël Veltman,0.05745750293135643,0.9430000305175781,0.2989999961853027,53,OpenPlay,BlockedShot,LeftFoot,TakeOn,Away
2025,2526,2025-09-13,Bournemouth v Brighton,Brighton,Danny Welbeck,,0.08615773916244507,0.8880000305175781,0.45,54,FromCorner,MissedShots,RightFoot,None,Away
2025,2526,2025-09-13,Bournemouth v Brighton,Brighton,Yankuba Minteh,Lewis Dunk,0.030177410691976547,0.860999984741211,0.27100000381469724,79,SetPiece,BlockedShot,LeftFoot,TakeOn,Away
2025,2526,2025-09-13,Bournemouth v Brighton,Brighton,Carlos Baleba,,0.023395296186208725,0.76,0.4929999923706055,85,OpenPlay,MissedShots,LeftFoot,None,Away
2025,2526,2025-09-13,Crystal Palace v Sunderland,Crystal Palace,Jefferson Lerma,Marc Guehi,0.015649624168872833,0.77,0.7230000305175781,8,OpenPlay,MissedShots,RightFoot,Pass,Home
2025,2526,2025-09-13,Crystal Palace v Sunderland,Crystal Palace,Yeremi Pino,Will Hughes,0.022644711658358574,0.7680000305175781,0.3170000076293945,19,OpenPlay,MissedShots,RightFoot,Pass,Home
2025,2526,2025-09-13,Crystal Palace v Sunderland,Crystal Palace,Yeremi Pino,Daichi Kamada,0.3241446316242218,0.8530000305175781,0.4620000076293945,35,OpenPlay,MissedShots,RightFoot,Throughball,Home
2025,2526,2025-09-13,Crystal Palace v Sunderland,Crystal Palace,Jean-Philippe Mateta,Tyrick Mitchell,0.10853661596775055,0.9430000305175781,0.5829999923706055,49,OpenPlay,SavedShot,RightFoot,Cross,Home
2025,2526,2025-09-13,Crystal Palace v Sunderland,Crystal Palace,Yeremi Pino,,0.3980400860309601,0.91,0.5570000076293945,49,OpenPlay,BlockedShot,RightFoot,Rebound,Home
2025,2526,2025-09-13,Crystal Palace v Sunderland,Crystal Palace,Daichi Kamada,,0.03141447901725769,0.8119999694824219,0.66,71,OpenPlay,SavedShot,RightFoot,None,Home
2025,2526,2025-09-13,Crystal Palace v Sunderland,Crystal Palace,Daniel Muñoz,Justin Devenny,0.018717065453529358,0.76,0.33599998474121096,77,OpenPlay,BlockedShot,RightFoot,Pass,Home
2025,2526,2025-09-13,Crystal Palace v Sunderland,Crystal Palace,Jean-Philippe Mateta,,0.562492847442627,0.9259999847412109,0.4979999923706055,78,OpenPlay,SavedShot,LeftFoot,None,Home
2025,2526,2025-09-13,Crystal Palace v Sunderland,Crystal Palace,Christantus Uche,Chris Richards,0.06011005491018295,0.9209999847412109,0.32799999237060545,87,SetPiece,SavedShot,RightFoot,HeadPass,Home
2025,2526,2025-09-13,Crystal Palace v Sunderland,Crystal Palace,Daichi Kamada,,0.016900397837162018,0.7719999694824219,0.3940000152587891,87,SetPiece,SavedShot,RightFoot,Rebound,Home
2025,2526,2025-09-13,Crystal Palace v Sunderland,Crystal Palace,Chris Richards,Will Hughes,0.08138538897037506,0.9540000152587891,0.5170000076293946,89,FromCorner,BlockedShot,Head,Aerial,Home
2025,2526,2025-09-13,Crystal Palace v Sunderland,Crystal Palace,Will Hughes,,0.04396381601691246,0.7980000305175782,0.505,91,OpenPlay,BlockedShot,RightFoot,None,Home
2025,2526,2025-09-13,Crystal Palace v Sunderland,Crystal Palace,Marc Guehi,,0.02337864227592945,0.905,0.555,92,FromCorner,MissedShots,Head,Aerial,Home
2025,2526,2025-09-13,Crystal Palace v Sunderland,Crystal Palace,Daniel Muñoz,Justin Devenny,0.09489134699106216,0.9730000305175781,0.5870000076293945,94,OpenPlay,SavedShot,LeftFoot,HeadPass,Home
2025,2526,2025-09-13,Crystal Palace v Sunderland,Sunderland,Noah Sadiki,Granit Xhaka,0.03912274166941643,0.9340000152587891,0.6790000152587891,14,SetPiece,MissedShots,LeftFoot,Pass,Away
2025,2526,2025-09-13,Crystal Palace v Sunderland,Sunderland,Wilson Isidor,Trai Hume,0.0347789041697979,0.8419999694824218,0.43599998474121093,15,OpenPlay,MissedShots,RightFoot,Cross,Away
2025,2526,2025-09-13,Crystal Palace v Sunderland,Sunderland,Chemsdine Talbi,Simon Adingra,0.10243286937475204,0.9359999847412109,0.41900001525878905,40,OpenPlay,BlockedShot,RightFoot,Cross,Away
2025,2526,2025-09-13,Crystal Palace v Sunderland,Sunderland,Wilson Isidor,Trai Hume,0.030397489666938782,0.9519999694824218,0.23700000762939452,55,OpenPlay,BlockedShot,RightFoot,Pass,Away
2025,2526,2025-09-13,Crystal Palace v Sunderland,Sunderland,Wilson Isidor,Nordi Mukiele,0.12114540487527847,0.9009999847412109,0.43,57,OpenPlay,MissedShots,RightFoot,Pass,Away
2025,2526,2025-09-13,Crystal Palace v Sunderland,Sunderland,Habib Diarra,Chemsdine Talbi,0.026251330971717834,0.7869999694824219,0.36,70,OpenPlay,MissedShots,LeftFoot,Pass,Away
2025,2526,2025-09-13,Everton v Aston Villa,Everton,Beto,Iliman Ndiaye,0.15289561450481415,0.8980000305175782,0.4979999923706055,1,OpenPlay,MissedShots,RightFoot,Pass,Home
2025,2526,2025-09-13,Everton v Aston Villa,Everton,Idrissa Gueye,Kiernan Dewsbury-Hall,0.05689322203397751,0.815,0.524000015258789,7,OpenPlay,MissedShots,RightFoot,Pass,Home
2025,2526,2025-09-13,Everton v Aston Villa,Everton,Michael Keane,Kiernan Dewsbury-Hall,0.05495233088731766,0.9130000305175782,0.4979999923706055,10,SetPiece,MissedShots,Head,Aerial,Home
2025,2526,2025-09-13,Everton v Aston Villa,Everton,Beto,Michael Keane,0.097673699259758,0.8909999847412109,0.5120000076293946,15,OpenPlay,BlockedShot,RightFoot,HeadPass,Home
2025,2526,2025-09-13,Everton v Aston Villa,Everton,Jack Grealish,James Tarkowski,0.07919476926326752,0.8530000305175781,0.544000015258789,15,OpenPlay,SavedShot,RightFoot,BallTouch,Home
2025,2526,2025-09-13,Everton v Aston Villa,Everton,Beto,,0.1694575995206833,0.9630000305175781,0.5070000076293946,31,OpenPlay,BlockedShot,Head,Aerial,Home
2025,2526,2025-09-13,Everton v Aston Villa,Everton,Michael Keane,James Garner,0.3184798061847687,0.970999984741211,0.5609999847412109,32,FromCorner,MissedShots,Head,Aerial,Home
2025,2526,2025-09-13,Everton v Aston Villa,Everton,Jack Grealish,Iliman Ndiaye,0.020058663561940193,0.9109999847412109,0.7369999694824219,39,OpenPlay,BlockedShot,RightFoot,Cross,Home
2025,2526,2025-09-13,Everton v Aston Villa,Everton,Idrissa Gueye,James Garner,0.016052626073360443,0.7390000152587891,0.6780000305175782,43,FromCorner,MissedShots,RightFoot,Pass,Home
2025,2526,2025-09-13,Everton v Aston Villa,Everton,Beto,James Garner,0.10211174935102463,0.9059999847412109,0.5109999847412109,47,OpenPlay,MissedShots,RightFoot,Cross,Home
2025,2526,2025-09-13,Everton v Aston Villa,Everton,Jake O&#039;Brien,,0.047719068825244904,0.8590000152587891,0.3290000152587891,61,OpenPlay,BlockedShot,RightFoot,None,Home
2025,2526,2025-09-13,Everton v Aston Villa,Everton,Tim Iroegbunam,,0.014639721252024174,0.76,0.34,61,OpenPlay,BlockedShot,RightFoot,Rebound,Home
2025,2526,2025-09-13,Everton v Aston Villa,Everton,Michael Keane,Jack Grealish,0.06211274489760399,0.9180000305175782,0.5940000152587891,71,SetPiece,SavedShot,Head,Cross,Home
2025,2526,2025-09-13,Everton v Aston Villa,Everton,Merlin Röhl,James Garner,0.018728220835328102,0.7340000152587891,0.47700000762939454,84,SetPiece,MissedShots,RightFoot,Pass,Home
2025,2526,2025-09-13,Everton v Aston Villa,Everton,Thierno Barry,Merlin Röhl,0.08966526389122009,0.8909999847412109,0.6759999847412109,88,OpenPlay,BlockedShot,LeftFoot,Pass,Home
2025,2526,2025-09-13,Everton v Aston Villa,Everton,Kiernan Dewsbury-Hall,Jack Grealish,0.04020765796303749,0.8340000152587891,0.5790000152587891,88,FromCorner,BlockedShot,LeftFoot,Pass,Home
2025,2526,2025-09-13,Everton v Aston Villa,Everton,James Garner,Jack Grealish,0.033003758639097214,0.835999984741211,0.644000015258789,89,FromCorner,BlockedShot,RightFoot,Pass,Home
2025,2526,2025-09-13,Everton v Aston Villa,Everton,Iliman Ndiaye,Jack Grealish,0.023306213319301605,0.8019999694824219,0.36,89,FromCorner,BlockedShot,LeftFoot,BallTouch,Home
2025,2526,2025-09-13,Everton v Aston Villa,Everton,Michael Keane,Jack Grealish,0.4606477618217468,0.9319999694824219,0.515,90,OpenPlay,MissedShots,Head,Cross,Home
2025,2526,2025-09-13,Everton v Aston Villa,Everton,Thierno Barry,Jake O&#039;Brien,0.03559846803545952,0.8859999847412109,0.4759999847412109,93,OpenPlay,MissedShots,Head,Aerial,Home
2025,2526,2025-09-13,Everton v Aston Villa,Aston Villa,Emiliano Buendía,,0.010297061875462532,0.664000015258789,0.4329999923706055,23,OpenPlay,MissedShots,RightFoot,BallRecovery,Away
2025,2526,2025-09-13,Everton v Aston Villa,Aston Villa,Morgan Rogers,Emiliano Buendía,0.061500489711761475,0.8109999847412109,0.49700000762939456,35,OpenPlay,SavedShot,RightFoot,Pass,Away
2025,2526,2025-09-13,Everton v Aston Villa,Aston Villa,Lucas Digne,,0.05105186998844147,0.735999984741211,0.5879999923706055,46,DirectFreekick,BlockedShot,LeftFoot,Standard,Away
2025,2526,2025-09-13,Everton v Aston Villa,Aston Villa,Emiliano Buendía,,0.025294044986367226,0.78,0.38799999237060545,49,OpenPlay,BlockedShot,RightFoot,None,Away
2025,2526,2025-09-13,Everton v Aston Villa,Aston Villa,Tyrone Mings,Matthew Cash,0.13126161694526672,0.96,0.5420000076293945,54,FromCorner,BlockedShot,Head,Cross,Away
2025,2526,2025-09-13,Everton v Aston Villa,Aston Villa,Lucas Digne,,0.017628788948059082,0.8730000305175781,0.7030000305175781,54,FromCorner,BlockedShot,LeftFoot,Aerial,Away
2025,2526,2025-09-13,Everton v Aston Villa,Aston Villa,Emiliano Buendía,Ollie Watkins,0.0572931282222271,0.8469999694824218,0.5209999847412109,58,OpenPlay,BlockedShot,RightFoot,Cross,Away
2025,2526,2025-09-13,Fulham v Leeds,Fulham,Harry Wilson,,0.07876777648925781,0.7709999847412109,0.43,57,DirectFreekick,SavedShot,LeftFoot,Standard,Home
2025,2526,2025-09-13,Fulham v Leeds,Fulham,Rodrigo Muniz,Sander Berge,0.408113569021225,0.92,0.545,69,OpenPlay,SavedShot,Head,Aerial,Home
2025,2526,2025-09-13,Fulham v Leeds,Fulham,Sasa Lukic,Ryan Sessegnon,0.5987980365753174,0.9540000152587891,0.5309999847412109,82,OpenPlay,MissedShots,RightFoot,HeadPass,Home
2025,2526,2025-09-13,Fulham v Leeds,Fulham,Adama Traoré,Kevin,0.03330588713288307,0.89,0.44599998474121094,84,OpenPlay,MissedShots,Head,Aerial,Home
2025,2526,2025-09-13,Fulham v Leeds,Fulham,Kevin,Ryan Sessegnon,0.020808398723602295,0.81,0.705999984741211,93,OpenPlay,SavedShot,RightFoot,Pass,Home
2025,2526,2025-09-13,Fulham v Leeds,Leeds,Dominic Calvert-Lewin,Brenden Aaronson,0.06038069725036621,0.919000015258789,0.534000015258789,15,FromCorner,SavedShot,Head,Chipped,Away
2025,2526,2025-09-13,Fulham v Leeds,Leeds,Anton Stach,,0.046400513499975204,0.845999984741211,0.6569999694824219,29,OpenPlay,BlockedShot,LeftFoot,None,Away
2025,2526,2025-09-13,Fulham v Leeds,Leeds,Jayden Bogle,Noah Okafor,0.03432764112949371,0.8669999694824219,0.28600000381469726,34,OpenPlay,BlockedShot,RightFoot,TakeOn,Away
2025,2526,2025-09-13,Fulham v Leeds,Leeds,Sean Longstaff,Dominic Calvert-Lewin,0.037609655410051346,0.8180000305175781,0.549000015258789,42,OpenPlay,ShotOnPost,RightFoot,HeadPass,Away
2025,2526,2025-09-13,Fulham v Leeds,Leeds,Brenden Aaronson,Anton Stach,0.3879980444908142,0.92,0.600999984741211,47,OpenPlay,SavedShot,RightFoot,Pass,Away
2025,2526,2025-09-13,Fulham v Leeds,Leeds,Noah Okafor,,0.08090850710868835,0.9130000305175782,0.6370000076293946,52,OpenPlay,BlockedShot,LeftFoot,Dispossessed,Away
2025,2526,2025-09-13,Fulham v Leeds,Leeds,Noah Okafor,,0.08985226601362228,0.9340000152587891,0.6090000152587891,52,OpenPlay,MissedShots,LeftFoot,None,Away
2025,2526,2025-09-13,Fulham v Leeds,Leeds,Jayden Bogle,,0.05580814182758331,0.7930000305175782,0.33099998474121095,54,OpenPlay,SavedShot,RightFoot,BallRecovery,Away
2025,2526,2025-09-13,Fulham v Leeds,Leeds,Anton Stach,,0.017342116683721542,0.9319999694824219,0.725,74,OpenPlay,BlockedShot,LeftFoot,Aerial,Away
2025,2526,2025-09-13,Fulham v Leeds,Leeds,Anton Stach,,0.019769959151744843,0.764000015258789,0.385,76,OpenPlay,MissedShots,RightFoot,None,Away
2025,2526,2025-09-13,Fulham v Leeds,Leeds,Gabriel Gudmundsson,,0.0,0.09899999618530274,0.45099998474121095,93,FromCorner,OwnGoal,Head,CornerAwarded,Away
2025,2526,2025-09-13,West Ham v Tottenham,West Ham,Lucas Paquetá,Mateus Fernandes,0.13077595829963684,0.9,0.5359999847412109,13,OpenPlay,MissedShots,LeftFoot,Pass,Home
2025,2526,2025-09-13,West Ham v Tottenham,West Ham,Tomas Soucek,James Ward-Prowse,0.009753167629241943,0.955,0.3189999961853027,21,FromCorner,SavedShot,Head,Cross,Home
2025,2526,2025-09-13,West Ham v Tottenham,West Ham,Jarrod Bowen,Lucas Paquetá,0.01826786994934082,0.74,0.505,45,OpenPlay,MissedShots,LeftFoot,Pass,Home
2025,2526,2025-09-13,West Ham v Tottenham,West Ham,Jarrod Bowen,Mateus Fernandes,0.05773388221859932,0.8490000152587891,0.519000015258789,48,OpenPlay,SavedShot,LeftFoot,TakeOn,Home
2025,2526,2025-09-13,West Ham v Tottenham,West Ham,El Hadji Malick Diouf,,0.03183525800704956,0.8480000305175781,0.534000015258789,49,FromCorner,SavedShot,Head,None,Home
2025,2526,2025-09-13,West Ham v Tottenham,West Ham,Max Kilman,James Ward-Prowse,0.4949305057525635,0.9640000152587891,0.55,52,SetPiece,MissedShots,Head,Aerial,Home
2025,2526,2025-09-13,West Ham v Tottenham,West Ham,Jarrod Bowen,Kyle Walker-Peters,0.04995102062821388,0.8859999847412109,0.28299999237060547,68,OpenPlay,SavedShot,LeftFoot,Pass,Home
2025,2526,2025-09-13,West Ham v Tottenham,Tottenham,Mohammed Kudus,,0.03891247138381004,0.8490000152587891,0.315,0,OpenPlay,BlockedShot,RightFoot,None,Away
2025,2526,2025-09-13,West Ham v Tottenham,Tottenham,Xavi Simons,Cristian Romero,0.02330196090042591,0.7819999694824219,0.634000015258789,17,OpenPlay,MissedShots,RightFoot,Chipped,Away
2025,2526,2025-09-13,West Ham v Tottenham,Tottenham,Pape Sarr,Pedro Porro,0.07163672894239426,0.9640000152587891,0.44299999237060544,37,FromCorner,BlockedShot,Head,Aerial,Away
2025,2526,2025-09-13,West Ham v Tottenham,Tottenham,Cristian Romero,Micky van de Ven,0.10526277869939804,0.945,0.415,42,FromCorner,SavedShot,LeftFoot,None,Away
2025,2526,2025-09-13,West Ham v Tottenham,Tottenham,Pape Sarr,Xavi Simons,0.23158390820026398,0.9740000152587891,0.41700000762939454,46,FromCorner,Goal,Head,Cross,Away
2025,2526,2025-09-13,West Ham v Tottenham,Tottenham,Mathys Tel,,0.022355901077389717,0.769000015258789,0.705999984741211,50,OpenPlay,BlockedShot,RightFoot,BallRecovery,Away
2025,2526,2025-09-13,West Ham v Tottenham,Tottenham,Lucas Bergvall,Cristian Romero,0.21987707912921906,0.9080000305175782,0.5709999847412109,56,OpenPlay,Goal,Head,Chipped,Away
2025,2526,2025-09-13,West Ham v Tottenham,Tottenham,João Palhinha,Mohammed Kudus,0.029265418648719788,0.975999984741211,0.415,59,FromCorner,MissedShots,Head,Aerial,Away
2025,2526,2025-09-13,West Ham v Tottenham,Tottenham,Micky van de Ven,Lucas Bergvall,0.06834226846694946,0.8819999694824219,0.45299999237060545,63,FromCorner,Goal,RightFoot,BallTouch,Away
2025,2526,2025-09-13,West Ham v Tottenham,Tottenham,Mohammed Kudus,,0.05813427269458771,0.8119999694824219,0.47900001525878905,66,OpenPlay,MissedShots,LeftFoot,None,Away
2025,2526,2025-09-13,West Ham v Tottenham,Tottenham,João Palhinha,Iyenoma Destiny Udogie,0.028478236868977547,0.7880000305175782,0.63,73,OpenPlay,BlockedShot,RightFoot,Pass,Away
2025,2526,2025-09-13,West Ham v Tottenham,Tottenham,Mohammed Kudus,Pedro Porro,0.4398770332336426,0.9180000305175782,0.47,90,OpenPlay,SavedShot,RightFoot,Cross,Away
2025,2526,2025-09-13,West Ham v Tottenham,Tottenham,Mohammed Kudus,Richarlison,0.12657597661018372,0.9180000305175782,0.5570000076293945,92,OpenPlay,BlockedShot,LeftFoot,BallTouch,Away
2025,2526,2025-09-13,West Ham v Tottenham,Tottenham,João Palhinha,Mohammed Kudus,0.05041293799877167,0.9640000152587891,0.3990000152587891,94,FromCorner,MissedShots,Head,Cross,Away
2025,2526,2025-09-13,Brentford v Chelsea,Brentford,Kevin Schade,Thiago,0.14841710031032562,0.8919999694824219,0.5520000076293945,5,OpenPlay,BlockedShot,RightFoot,Pass,Home
2025,2526,2025-09-13,Brentford v Chelsea,Brentford,Kevin Schade,Yehor Yarmolyuk,0.03294559568166733,0.8830000305175781,0.534000015258789,5,FromCorner,MissedShots,Head,Chipped,Home
2025,2526,2025-09-13,Brentford v Chelsea,Brentford,Kevin Schade,Jordan Henderson,0.12247287482023239,0.889000015258789,0.595,34,OpenPlay,Goal,RightFoot,Chipped,Home
2025,2526,2025-09-13,Brentford v Chelsea,Brentford,Kevin Schade,Mathias Jensen,0.0486978180706501,0.8440000152587891,0.4859999847412109,61,OpenPlay,SavedShot,RightFoot,HeadPass,Home
2025,2526,2025-09-13,Brentford v Chelsea,Brentford,Rico Henry,Nathan Collins,0.08716833591461182,0.9080000305175782,0.5620000076293945,76,FromCorner,MissedShots,LeftFoot,HeadPass,Home
2025,2526,2025-09-13,Brentford v Chelsea,Brentford,Kristoffer Ajer,Keane Lewis-Potter,0.08690817654132843,0.9130000305175782,0.4859999847412109,88,FromCorner,SavedShot,Head,Cross,Home
2025,2526,2025-09-13,Brentford v Chelsea,Brentford,Fabio Carvalho,Kristoffer Ajer,0.6487218737602234,0.975,0.4620000076293945,92,OpenPlay,Goal,RightFoot,HeadPass,Home
2025,2526,2025-09-13,Brentford v Chelsea,Chelsea,João Pedro,Facundo Buonanotte,0.10635886341333389,0.8669999694824219,0.5359999847412109,4,OpenPlay,BlockedShot,LeftFoot,Pass,Away
2025,2526,2025-09-13,Brentford v Chelsea,Chelsea,Trevoh Chalobah,Enzo Fernández,0.027894023805856705,0.865999984741211,0.53,14,SetPiece,MissedShots,Head,Cross,Away
2025,2526,2025-09-13,Brentford v Chelsea,Chelsea,Trevoh Chalobah,Pedro Neto,0.018075326457619667,0.7280000305175781,0.5640000152587891,40,OpenPlay,MissedShots,RightFoot,Pass,Away
2025,2526,2025-09-13,Brentford v Chelsea,Chelsea,Jamie Bynoe-Gittens,Trevoh Chalobah,0.019906282424926758,0.765,0.6730000305175782,42,OpenPlay,SavedShot,RightFoot,Pass,Away
2025,2526,2025-09-13,Brentford v Chelsea,Chelsea,Enzo Fernández,Facundo Buonanotte,0.06262177973985672,0.8809999847412109,0.67,44,OpenPlay,BlockedShot,LeftFoot,Pass,Away
2025,2526,2025-09-13,Brentford v Chelsea,Chelsea,Tyrique George,Pedro Neto,0.03347869962453842,0.8880000305175781,0.2620000076293945,50,OpenPlay,SavedShot,RightFoot,Pass,Away
2025,2526,2025-09-13,Brentford v Chelsea,Chelsea,Marc Cucurella,Jamie Bynoe-Gittens,0.04027736932039261,0.84,0.6519999694824219,53,OpenPlay,SavedShot,RightFoot,Pass,Away
2025,2526,2025-09-13,Brentford v Chelsea,Chelsea,Reece James,Marc Cucurella,0.015657218173146248,0.75,0.505,59,OpenPlay,BlockedShot,LeftFoot,TakeOn,Away
2025,2526,2025-09-13,Brentford v Chelsea,Chelsea,Cole Palmer,João Pedro,0.07754337042570114,0.9,0.48,60,OpenPlay,Goal,LeftFoot,BallTouch,Away
2025,2526,2025-09-13,Brentford v Chelsea,Chelsea,Cole Palmer,,0.0318642295897007,0.685,0.5890000152587891,64,DirectFreekick,BlockedShot,LeftFoot,Standard,Away
2025,2526,2025-09-13,Brentford v Chelsea,Chelsea,Cole Palmer,,0.012451309710741043,0.725999984741211,0.575999984741211,64,SetPiece,BlockedShot,LeftFoot,Rebound,Away
2025,2526,2025-09-13,Brentford v Chelsea,Chelsea,Pedro Neto,Enzo Fernández,0.07125579565763474,0.915,0.35400001525878905,66,OpenPlay,BlockedShot,LeftFoot,TakeOn,Away
2025,2526,2025-09-13,Brentford v Chelsea,Chelsea,Pedro Neto,Marc Cucurella,0.01535288617014885,0.8480000305175781,0.6559999847412109,71,FromCorner,BlockedShot,LeftFoot,HeadPass,Away
2025,2526,2025-09-13,Brentford v Chelsea,Chelsea,Cole Palmer,Pedro Neto,0.09508585184812546,0.8490000152587891,0.485,74,OpenPlay,SavedShot,LeftFoot,Pass,Away
2025,2526,2025-09-13,Brentford v Chelsea,Chelsea,Moisés Caicedo,,0.04658273607492447,0.805,0.514000015258789,84,OpenPlay,Goal,RightFoot,None,Away
2025,2526,2025-09-13,Brentford v Chelsea,Chelsea,Cole Palmer,Alejandro Garnacho,0.08198987692594528,0.8809999847412109,0.6229999923706054,95,OpenPlay,MissedShots,LeftFoot,Pass,Away
2025,2526,2025-09-14,Burnley v Liverpool,Burnley,Jaidon Anthony,Loum Tchaouna,0.14699222147464752,0.81,0.515,6,OpenPlay,MissedShots,RightFoot,TakeOn,Home
2025,2526,2025-09-14,Burnley v Liverpool,Burnley,Hjalmar Ekdal,Quilindschy Hartman,0.007637503556907177,0.879000015258789,0.3629999923706055,33,SetPiece,MissedShots,Head,Aerial,Home
2025,2526,2025-09-14,Burnley v Liverpool,Burnley,Josh Laurent,,0.013411472551524639,0.764000015258789,0.355,73,SetPiece,MissedShots,RightFoot,None,Home
2025,2526,2025-09-14,Burnley v Liverpool,Liverpool,Cody Gakpo,Milos Kerkez,0.023823529481887817,0.795,0.705999984741211,4,OpenPlay,MissedShots,RightFoot,Pass,Away
2025,2526,2025-09-14,Burnley v Liverpool,Liverpool,Milos Kerkez,Ibrahima Konaté,0.0987921804189682,0.924000015258789,0.544000015258789,8,FromCorner,MissedShots,RightFoot,BallTouch,Away
2025,2526,2025-09-14,Burnley v Liverpool,Liverpool,Ibrahima Konaté,Cody Gakpo,0.6393164992332458,0.98,0.5220000076293946,11,FromCorner,MissedShots,Head,Aerial,Away
2025,2526,2025-09-14,Burnley v Liverpool,Liverpool,Florian Wirtz,Ryan Gravenberch,0.05145777389407158,0.8069999694824219,0.445,21,OpenPlay,BlockedShot,RightFoot,Pass,Away
2025,2526,2025-09-14,Burnley v Liverpool,Liverpool,Cody Gakpo,Florian Wirtz,0.05158913508057594,0.8690000152587891,0.685,23,OpenPlay,BlockedShot,RightFoot,Pass,Away
2025,2526,2025-09-14,Burnley v Liverpool,Liverpool,Ryan Gravenberch,,0.04411753639578819,0.8030000305175782,0.5459999847412109,30,OpenPlay,BlockedShot,RightFoot,None,Away
2025,2526,2025-09-14,Burnley v Liverpool,Liverpool,Dominik Szoboszlai,,0.014150264672935009,0.7819999694824219,0.2929999923706055,30,OpenPlay,BlockedShot,RightFoot,Rebound,Away
2025,2526,2025-09-14,Burnley v Liverpool,Liverpool,Andrew Robertson,Ryan Gravenberch,0.15037815272808075,0.865,0.5979999923706054,38,OpenPlay,SavedShot,LeftFoot,TakeOn,Away
2025,2526,2025-09-14,Burnley v Liverpool,Liverpool,Hugo Ekitike,Ryan Gravenberch,0.05306900292634964,0.970999984741211,0.664000015258789,39,OpenPlay,MissedShots,RightFoot,TakeOn,Away
2025,2526,2025-09-14,Burnley v Liverpool,Liverpool,Cody Gakpo,Andrew Robertson,0.022505223751068115,0.7830000305175782,0.7040000152587891,41,OpenPlay,BlockedShot,RightFoot,Pass,Away
2025,2526,2025-09-14,Burnley v Liverpool,Liverpool,Ryan Gravenberch,,0.05093751102685928,0.8569999694824219,0.605999984741211,47,FromCorner,MissedShots,RightFoot,None,Away
2025,2526,2025-09-14,Burnley v Liverpool,Liverpool,Conor Bradley,Andrew Robertson,0.01457576360553503,0.87,0.4490000152587891,48,OpenPlay,BlockedShot,Head,Aerial,Away
2025,2526,2025-09-14,Burnley v Liverpool,Liverpool,Florian Wirtz,Andrew Robertson,0.08190401643514633,0.8669999694824219,0.6220000076293946,54,OpenPlay,MissedShots,RightFoot,Pass,Away
2025,2526,2025-09-14,Burnley v Liverpool,Liverpool,Hugo Ekitike,Florian Wirtz,0.06180001422762871,0.8080000305175781,0.5079999923706054,57,OpenPlay,BlockedShot,RightFoot,TakeOn,Away
2025,2526,2025-09-14,Burnley v Liverpool,Liverpool,Dominik Szoboszlai,,0.039645060896873474,0.8440000152587891,0.355,57,OpenPlay,BlockedShot,RightFoot,Rebound,Away
2025,2526,2025-09-14,Burnley v Liverpool,Liverpool,Dominik Szoboszlai,Ryan Gravenberch,0.015561393462121487,0.7090000152587891,0.500999984741211,58,OpenPlay,SavedShot,RightFoot,Pass,Away
2025,2526,2025-09-14,Burnley v Liverpool,Liverpool,Florian Wirtz,Cody Gakpo,0.02584098093211651,0.7909999847412109,0.6220000076293946,61,OpenPlay,BlockedShot,RightFoot,Pass,Away
2025,2526,2025-09-14,Burnley v Liverpool,Liverpool,Ryan Gravenberch,Virgil van Dijk,0.01874399557709694,0.7130000305175781,0.58,65,OpenPlay,BlockedShot,RightFoot,Pass,Away
2025,2526,2025-09-14,Burnley v Liverpool,Liverpool,Dominik Szoboszlai,Florian Wirtz,0.034806348383426666,0.7909999847412109,0.4829999923706055,66,OpenPlay,BlockedShot,RightFoot,Pass,Away
2025,2526,2025-09-14,Burnley v Liverpool,Liverpool,Federico Chiesa,Andrew Robertson,0.23407764732837677,0.9,0.47200000762939454,71,OpenPlay,MissedShots,Head,Cross,Away
2025,2526,2025-09-14,Burnley v Liverpool,Liverpool,Dominik Szoboszlai,Mohamed Salah,0.02073691412806511,0.7819999694824219,0.325,74,OpenPlay,MissedShots,LeftFoot,Pass,Away
2025,2526,2025-09-14,Burnley v Liverpool,Liverpool,Ryan Gravenberch,Ibrahima Konaté,0.02150971256196499,0.8030000305175782,0.3220000076293945,79,OpenPlay,BlockedShot,RightFoot,TakeOn,Away
2025,2526,2025-09-14,Burnley v Liverpool,Liverpool,Cody Gakpo,Florian Wirtz,0.060515519231557846,0.925,0.4209999847412109,79,FromCorner,MissedShots,Head,Cross,Away
2025,2526,2025-09-14,Burnley v Liverpool,Liverpool,Dominik Szoboszlai,,0.06967753171920776,0.7730000305175782,0.375,86,DirectFreekick,MissedShots,RightFoot,Standard,Away
2025,2526,2025-09-14,Burnley v Liverpool,Liverpool,Cody Gakpo,Andrew Robertson,0.05777569115161896,0.905,0.4929999923706055,91,OpenPlay,MissedShots,Head,Chipped,Away
2025,2526,2025-09-14,Burnley v Liverpool,Liverpool,Jeremie Frimpong,Rio Ngumoha,0.0795217901468277,0.9019999694824219,0.34,92,OpenPlay,SavedShot,RightFoot,Pass,Away
2025,2526,2025-09-14,Burnley v Liverpool,Liverpool,Mohamed Salah,,0.7611688375473022,0.885,0.5,94,Penalty,Goal,LeftFoot,Standard,Away
2025,2526,2025-09-14,Manchester City v Manchester United,Manchester City,Erling Haaland,,0.03976140543818474,0.9230000305175782,0.7280000305175781,0,OpenPlay,MissedShots,LeftFoot,None,Home
2025,2526,2025-09-14,Manchester City v Manchester United,Manchester City,Phil Foden,Jéremy Doku,0.057905472815036774,0.9169999694824219,0.47,17,OpenPlay,Goal,Head,Chipped,Home
2025,2526,2025-09-14,Manchester City v Manchester United,Manchester City,Tijjani Reijnders,Jéremy Doku,0.1384190022945404,0.8959999847412109,0.5420000076293945,23,OpenPlay,SavedShot,RightFoot,Pass,Home
2025,2526,2025-09-14,Manchester City v Manchester United,Manchester City,Nico O&#039;Reilly,Tijjani Reijnders,0.05417587235569954,0.8,0.5770000076293945,38,OpenPlay,MissedShots,RightFoot,Pass,Home
2025,2526,2025-09-14,Manchester City v Manchester United,Manchester City,Erling Haaland,Jéremy Doku,0.33433863520622253,0.93,0.64,52,OpenPlay,Goal,LeftFoot,Throughball,Home
2025,2526,2025-09-14,Manchester City v Manchester United,Manchester City,Erling Haaland,Jéremy Doku,0.24343574047088623,0.950999984741211,0.575999984741211,54,OpenPlay,ShotOnPost,LeftFoot,TakeOn,Home
2025,2526,2025-09-14,Manchester City v Manchester United,Manchester City,Bernardo Silva,,0.06499067693948746,0.9490000152587891,0.35,54,OpenPlay,MissedShots,RightFoot,Rebound,Home
2025,2526,2025-09-14,Manchester City v Manchester United,Manchester City,Erling Haaland,Bernardo Silva,0.13467881083488464,0.8980000305175782,0.44799999237060545,63,OpenPlay,SavedShot,LeftFoot,Cross,Home
2025,2526,2025-09-14,Manchester City v Manchester United,Manchester City,Erling Haaland,Bernardo Silva,0.4635861814022064,0.860999984741211,0.3890000152587891,67,OpenPlay,Goal,LeftFoot,Throughball,Home
2025,2526,2025-09-14,Manchester City v Manchester United,Manchester City,Tijjani Reijnders,Erling Haaland,0.2935310900211334,0.8959999847412109,0.34799999237060547,74,OpenPlay,MissedShots,RightFoot,Pass,Home
2025,2526,2025-09-14,Manchester City v Manchester United,Manchester City,Tijjani Reijnders,,0.06633555889129639,0.965,0.6790000152587891,90,OpenPlay,MissedShots,LeftFoot,None,Home
2025,2526,2025-09-14,Manchester City v Manchester United,Manchester City,Phil Foden,Oscar Bobb,0.12191330641508102,0.87,0.40799999237060547,93,OpenPlay,MissedShots,RightFoot,Pass,Home
2025,2526,2025-09-14,Manchester City v Manchester United,Manchester United,Benjamin Sesko,,0.03495940566062927,0.7769999694824219,0.5129999923706055,3,OpenPlay,SavedShot,LeftFoot,Dispossessed,Away
2025,2526,2025-09-14,Manchester City v Manchester United,Manchester United,Bryan Mbeumo,Patrick Dorgu,0.022772084921598434,0.8869999694824219,0.3160000038146973,60,OpenPlay,SavedShot,LeftFoot,Cross,Away
2025,2526,2025-09-14,Manchester City v Manchester United,Manchester United,Amad Diallo Traore,Patrick Dorgu,0.03941400349140167,0.935,0.3370000076293945,72,OpenPlay,BlockedShot,LeftFoot,Cross,Away
2025,2526,2025-09-14,Manchester City v Manchester United,Manchester United,Manuel Ugarte,Kobbie Mainoo,0.016685636714100838,0.7469999694824219,0.51,72,OpenPlay,MissedShots,RightFoot,Pass,Away
2025,2526,2025-09-14,Manchester City v Manchester United,Manchester United,Bryan Mbeumo,Patrick Dorgu,0.03856297954916954,0.9480000305175781,0.34200000762939453,79,OpenPlay,MissedShots,RightFoot,Cross,Away
2025,2526,2025-09-14,Manchester City v Manchester United,Manchester United,Bryan Mbeumo,Kobbie Mainoo,0.012711523100733757,0.7609999847412109,0.355,81,OpenPlay,MissedShots,LeftFoot,None,Away
2025,2526,2025-09-14,Manchester City v Manchester United,Manchester United,Amad Diallo Traore,Bruno Fernandes,0.03871883079409599,0.9459999847412109,0.3129999923706055,83,OpenPlay,MissedShots,RightFoot,Chipped,Away
2025,2526,2025-09-14,Manchester City v Manchester United,Manchester United,Bryan Mbeumo,Amad Diallo Traore,0.6350149512290955,0.9669999694824218,0.4540000152587891,83,OpenPlay,MissedShots,LeftFoot,Rebound,Away
2025,2526,2025-09-14,Manchester City v Manchester United,Manchester United,Bruno Fernandes,,0.01749836467206478,0.8140000152587891,0.6120000076293945,84,FromCorner,MissedShots,LeftFoot,Aerial,Away
2025,2526,2025-09-14,Manchester City v Manchester United,Manchester United,Casemiro,Bruno Fernandes,0.4507070779800415,0.9690000152587891,0.41900001525878905,84,FromCorner,MissedShots,RightFoot,Rebound,Away
2025,2526,2025-09-14,Manchester City v Manchester United,Manchester United,Patrick Dorgu,,0.1686217337846756,0.879000015258789,0.590999984741211,85,OpenPlay,MissedShots,RightFoot,TakeOn,Away
2025,2526,2025-09-14,Manchester City v Manchester United,Manchester United,Casemiro,Amad Diallo Traore,0.015268869698047638,0.74,0.4929999923706055,91,OpenPlay,BlockedShot,RightFoot,Pass,Away
2025,2526,2025-09-14,Manchester City v Manchester United,Manchester United,Patrick Dorgu,Bruno Fernandes,0.06068973243236542,0.925,0.5670000076293945,92,OpenPlay,MissedShots,Head,Aerial,Away
2025,2526,2025-09-20,Liverpool v Everton,Liverpool,Ryan Gravenberch,Mohamed Salah,0.06738808751106262,0.9019999694824219,0.34599998474121096,9,OpenPlay,Goal,RightFoot,Chipped,Home
2025,2526,2025-09-20,Liverpool v Everton,Liverpool,Mohamed Salah,,0.05772396922111511,0.8530000305175781,0.3189999961853027,15,OpenPlay,MissedShots,LeftFoot,None,Home
2025,2526,2025-09-20,Liverpool v Everton,Liverpool,Alexis Mac Allister,Cody Gakpo,0.0890515074133873,0.85,0.5559999847412109,18,OpenPlay,BlockedShot,LeftFoot,Pass,Home
2025,2526,2025-09-20,Liverpool v Everton,Liverpool,Conor Bradley,,0.045539069920778275,0.8809999847412109,0.295,18,OpenPlay,BlockedShot,RightFoot,Rebound,Home
2025,2526,2025-09-20,Liverpool v Everton,Liverpool,Cody Gakpo,,0.1346806436777115,0.860999984741211,0.4420000076293945,23,OpenPlay,MissedShots,RightFoot,None,Home
2025,2526,2025-09-20,Liverpool v Everton,Liverpool,Hugo Ekitike,Ryan Gravenberch,0.3504309058189392,0.9119999694824219,0.375,28,OpenPlay,Goal,RightFoot,Throughball,Home
2025,2526,2025-09-20,Liverpool v Everton,Liverpool,Hugo Ekitike,Milos Kerkez,0.051776569336652756,0.825999984741211,0.685,53,OpenPlay,BlockedShot,RightFoot,Pass,Home
2025,2526,2025-09-20,Liverpool v Everton,Liverpool,Mohamed Salah,Cody Gakpo,0.1356126070022583,0.8580000305175781,0.3609999847412109,55,OpenPlay,SavedShot,LeftFoot,Chipped,Home
2025,2526,2025-09-20,Liverpool v Everton,Liverpool,Ibrahima Konaté,Dominik Szoboszlai,0.025867801159620285,0.905,0.5,71,FromCorner,BlockedShot,Head,Aerial,Home
2025,2526,2025-09-20,Liverpool v Everton,Liverpool,Dominik Szoboszlai,,0.03755884990096092,0.71,0.3820000076293945,73,DirectFreekick,MissedShots,RightFoot,Standard,Home
2025,2526,2025-09-20,Liverpool v Everton,Liverpool,Dominik Szoboszlai,Florian Wirtz,0.0700811892747879,0.855999984741211,0.37,83,OpenPlay,BlockedShot,RightFoot,Pass,Home
2025,2526,2025-09-20,Liverpool v Everton,Everton,Idrissa Gueye,Jack Grealish,0.019041072577238083,0.7730000305175782,0.705999984741211,23,FromCorner,BlockedShot,RightFoot,Pass,Away
2025,2526,2025-09-20,Liverpool v Everton,Everton,Kiernan Dewsbury-Hall,Jack Grealish,0.06359004229307175,0.9209999847412109,0.6780000305175782,26,OpenPlay,MissedShots,LeftFoot,Pass,Away
2025,2526,2025-09-20,Liverpool v Everton,Everton,Beto,Iliman Ndiaye,0.08580797910690308,0.9130000305175782,0.4570000076293945,36,OpenPlay,MissedShots,RightFoot,Cross,Away
2025,2526,2025-09-20,Liverpool v Everton,Everton,James Garner,Jack Grealish,0.019569212570786476,0.8030000305175782,0.715999984741211,42,FromCorner,BlockedShot,RightFoot,Pass,Away
2025,2526,2025-09-20,Liverpool v Everton,Everton,Idrissa Gueye,Kiernan Dewsbury-Hall,0.08362530916929245,0.8440000152587891,0.5170000076293946,45,OpenPlay,SavedShot,LeftFoot,Pass,Away
2025,2526,2025-09-20,Liverpool v Everton,Everton,Kiernan Dewsbury-Hall,Vitalii Mykolenko,0.06898057460784912,0.9369999694824219,0.6630000305175782,54,OpenPlay,BlockedShot,LeftFoot,Pass,Away
2025,2526,2025-09-20,Liverpool v Everton,Everton,Idrissa Gueye,Iliman Ndiaye,0.31301936507225037,0.8669999694824219,0.42700000762939455,57,OpenPlay,Goal,RightFoot,Pass,Away
2025,2526,2025-09-20,Liverpool v Everton,Everton,James Garner,,0.03387372940778732,0.7390000152587891,0.75,79,DirectFreekick,MissedShots,RightFoot,Standard,Away
2025,2526,2025-09-20,Liverpool v Everton,Everton,Jack Grealish,Kiernan Dewsbury-Hall,0.03386339545249939,0.905,0.6930000305175781,89,FromCorner,MissedShots,RightFoot,Cross,Away
2025,2526,2025-09-20,West Ham v Crystal Palace,West Ham,Konstantinos Mavropanos,James Ward-Prowse,0.13340333104133606,0.965,0.46700000762939453,5,FromCorner,SavedShot,Head,Cross,Home
2025,2526,2025-09-20,West Ham v Crystal Palace,West Ham,Jarrod Bowen,El Hadji Malick Diouf,0.11966060101985931,0.9340000152587891,0.47400001525878904,48,FromCorner,Goal,Head,Cross,Home
2025,2526,2025-09-20,West Ham v Crystal Palace,West Ham,James Ward-Prowse,Lucas Paquetá,0.01174372062087059,0.7190000152587891,0.664000015258789,51,OpenPlay,BlockedShot,RightFoot,Pass,Home
2025,2526,2025-09-20,West Ham v Crystal Palace,West Ham,Lucas Paquetá,Jarrod Bowen,0.01695026457309723,0.9730000305175781,0.625999984741211,62,OpenPlay,MissedShots,Head,Cross,Home
2025,2526,2025-09-20,West Ham v Crystal Palace,West Ham,Kyle Walker-Peters,James Ward-Prowse,0.03792275860905647,0.8969999694824219,0.2589999961853027,63,OpenPlay,SavedShot,RightFoot,Pass,Home
2025,2526,2025-09-20,West Ham v Crystal Palace,West Ham,Kyle Walker-Peters,Lucas Paquetá,0.035743195563554764,0.9630000305175781,0.3970000076293945,66,OpenPlay,MissedShots,Head,Aerial,Home
2025,2526,2025-09-20,West Ham v Crystal Palace,West Ham,Jarrod Bowen,Niclas Füllkrug,0.07159095257520676,0.835999984741211,0.5229999923706055,80,OpenPlay,MissedShots,LeftFoot,Pass,Home
2025,2526,2025-09-20,West Ham v Crystal Palace,West Ham,Luis Guilherme,El Hadji Malick Diouf,0.039350125938653946,0.8969999694824219,0.5279999923706055,92,OpenPlay,MissedShots,Head,Pass,Home
2025,2526,2025-09-20,West Ham v Crystal Palace,Crystal Palace,Yeremi Pino,,0.01626068539917469,0.7530000305175781,0.5990000152587891,8,FromCorner,BlockedShot,RightFoot,None,Away
2025,2526,2025-09-20,West Ham v Crystal Palace,Crystal Palace,Daichi Kamada,Yeremi Pino,0.12507210671901703,0.9519999694824218,0.47200000762939454,31,OpenPlay,MissedShots,Head,Aerial,Away
2025,2526,2025-09-20,West Ham v Crystal Palace,Crystal Palace,Adam Wharton,Daichi Kamada,0.023688603192567825,0.7819999694824219,0.3970000076293945,34,OpenPlay,BlockedShot,LeftFoot,Pass,Away
2025,2526,2025-09-20,West Ham v Crystal Palace,Crystal Palace,Yeremi Pino,,0.084990955889225,0.8830000305175781,0.565,35,OpenPlay,BlockedShot,LeftFoot,None,Away
2025,2526,2025-09-20,West Ham v Crystal Palace,Crystal Palace,Marc Guehi,Daichi Kamada,0.08119462430477142,0.9669999694824218,0.45599998474121095,36,FromCorner,BlockedShot,Head,Aerial,Away
2025,2526,2025-09-20,West Ham v Crystal Palace,Crystal Palace,Jean-Philippe Mateta,,0.6040295958518982,0.970999984741211,0.4829999923706055,36,FromCorner,Goal,Head,Rebound,Away
2025,2526,2025-09-20,West Ham v Crystal Palace,Crystal Palace,Daniel Muñoz,Adam Wharton,0.05065634846687317,0.9169999694824219,0.5829999923706055,43,FromCorner,MissedShots,Head,Cross,Away
2025,2526,2025-09-20,West Ham v Crystal Palace,Crystal Palace,Maxence Lacroix,Adam Wharton,0.4896112382411957,0.9580000305175781,0.47099998474121096,46,FromCorner,ShotOnPost,Head,Cross,Away
2025,2526,2025-09-20,West Ham v Crystal Palace,Crystal Palace,Daniel Muñoz,Tyrick Mitchell,0.058721721172332764,0.9269999694824219,0.37099998474121093,52,OpenPlay,MissedShots,RightFoot,Cross,Away
2025,2526,2025-09-20,West Ham v Crystal Palace,Crystal Palace,Jean-Philippe Mateta,Adam Wharton,0.09870889037847519,0.955,0.46700000762939453,58,SetPiece,MissedShots,Head,Aerial,Away
2025,2526,2025-09-20,West Ham v Crystal Palace,Crystal Palace,Justin Devenny,Tyrick Mitchell,0.04117116704583168,0.895,0.46599998474121096,63,OpenPlay,MissedShots,Head,Aerial,Away
2025,2526,2025-09-20,West Ham v Crystal Palace,Crystal Palace,Tyrick Mitchell,,0.3862307667732239,0.92,0.5990000152587891,67,OpenPlay,Goal,RightFoot,None,Away
2025,2526,2025-09-20,West Ham v Crystal Palace,Crystal Palace,Daniel Muñoz,Tyrick Mitchell,0.06963186711072922,0.9169999694824219,0.3270000076293945,72,OpenPlay,BlockedShot,RightFoot,Chipped,Away
2025,2526,2025-09-20,West Ham v Crystal Palace,Crystal Palace,Eddie Nketiah,Jefferson Lerma,0.07470468431711197,0.88,0.5620000076293945,75,SetPiece,BlockedShot,RightFoot,None,Away
2025,2526,2025-09-20,West Ham v Crystal Palace,Crystal Palace,Jefferson Lerma,,0.060068778693675995,0.8469999694824218,0.56,75,SetPiece,SavedShot,LeftFoot,Rebound,Away
2025,2526,2025-09-20,West Ham v Crystal Palace,Crystal Palace,Tyrick Mitchell,Daniel Muñoz,0.0794183760881424,0.860999984741211,0.6359999847412109,78,OpenPlay,MissedShots,LeftFoot,Pass,Away
2025,2526,2025-09-20,West Ham v Crystal Palace,Crystal Palace,Jefferson Lerma,Eddie Nketiah,0.01508393231779337,0.685,0.5,84,OpenPlay,MissedShots,RightFoot,Pass,Away
2025,2526,2025-09-20,West Ham v Crystal Palace,Crystal Palace,Justin Devenny,Daichi Kamada,0.029941219836473465,0.7559999847412109,0.40299999237060546,87,OpenPlay,MissedShots,LeftFoot,Pass,Away
2025,2526,2025-09-20,Wolverhampton Wanderers v Leeds,Wolverhampton Wanderers,Ladislav Krejcí,Fernando López,0.42917048931121826,0.9080000305175782,0.5059999847412109,7,OpenPlay,Goal,LeftFoot,Throughball,Home
2025,2526,2025-09-20,Wolverhampton Wanderers v Leeds,Wolverhampton Wanderers,Yerson Mosquera,Fernando López,0.01990661211311817,0.8869999694824219,0.529000015258789,40,SetPiece,MissedShots,Head,Aerial,Home
2025,2526,2025-09-20,Wolverhampton Wanderers v Leeds,Wolverhampton Wanderers,João Gomes,Jean-Ricner Bellegarde,0.0674143061041832,0.8440000152587891,0.425,43,OpenPlay,BlockedShot,RightFoot,Pass,Home
2025,2526,2025-09-20,Wolverhampton Wanderers v Leeds,Wolverhampton Wanderers,Tolu Arokodare,Emmanuel Agbadou,0.07478383183479309,0.919000015258789,0.6020000076293945,44,OpenPlay,SavedShot,RightFoot,HeadPass,Home
2025,2526,2025-09-20,Wolverhampton Wanderers v Leeds,Wolverhampton Wanderers,Emmanuel Agbadou,Rodrigo Gomes,0.04556407406926155,0.9159999847412109,0.4929999923706055,47,FromCorner,SavedShot,Head,Aerial,Home
2025,2526,2025-09-20,Wolverhampton Wanderers v Leeds,Wolverhampton Wanderers,Rodrigo Gomes,Jackson Tchatchoua,0.016913721337914467,0.9080000305175782,0.710999984741211,48,OpenPlay,MissedShots,RightFoot,Cross,Home
2025,2526,2025-09-20,Wolverhampton Wanderers v Leeds,Wolverhampton Wanderers,Marshall Munetsi,Tolu Arokodare,0.290688157081604,0.8619999694824219,0.5329999923706055,54,OpenPlay,SavedShot,LeftFoot,HeadPass,Home
2025,2526,2025-09-20,Wolverhampton Wanderers v Leeds,Wolverhampton Wanderers,Tolu Arokodare,Hugo Bueno,0.07116623967885971,0.919000015258789,0.5229999923706055,59,OpenPlay,MissedShots,Head,Aerial,Home
2025,2526,2025-09-20,Wolverhampton Wanderers v Leeds,Wolverhampton Wanderers,Emmanuel Agbadou,,0.006837877910584211,0.6940000152587891,0.325,64,OpenPlay,BlockedShot,LeftFoot,None,Home
2025,2526,2025-09-20,Wolverhampton Wanderers v Leeds,Wolverhampton Wanderers,Yerson Mosquera,Hugo Bueno,0.03413645923137665,0.870999984741211,0.500999984741211,70,OpenPlay,SavedShot,Head,Cross,Home
2025,2526,2025-09-20,Wolverhampton Wanderers v Leeds,Wolverhampton Wanderers,João Gomes,Jackson Tchatchoua,0.03644731640815735,0.8040000152587891,0.3970000076293945,73,OpenPlay,BlockedShot,RightFoot,BallTouch,Home
2025,2526,2025-09-20,Wolverhampton Wanderers v Leeds,Wolverhampton Wanderers,Jørgen Strand Larsen,Jhon Arias,0.04801524803042412,0.9069999694824219,0.5690000152587891,76,OpenPlay,MissedShots,Head,Aerial,Home
2025,2526,2025-09-20,Wolverhampton Wanderers v Leeds,Wolverhampton Wanderers,Tolu Arokodare,Hugo Bueno,0.06471956521272659,0.9169999694824219,0.48700000762939455,78,OpenPlay,MissedShots,Head,Aerial,Home
2025,2526,2025-09-20,Wolverhampton Wanderers v Leeds,Wolverhampton Wanderers,Marshall Munetsi,,0.3427233397960663,0.9180000305175782,0.44,83,OpenPlay,MissedShots,LeftFoot,None,Home
2025,2526,2025-09-20,Wolverhampton Wanderers v Leeds,Wolverhampton Wanderers,Emmanuel Agbadou,Jhon Arias,0.009405452758073807,0.7080000305175781,0.3170000076293945,86,OpenPlay,SavedShot,RightFoot,Pass,Home
2025,2526,2025-09-20,Wolverhampton Wanderers v Leeds,Wolverhampton Wanderers,André,Ladislav Krejcí,0.008202716708183289,0.6969999694824218,0.7269999694824218,91,OpenPlay,BlockedShot,RightFoot,Pass,Home
2025,2526,2025-09-20,Wolverhampton Wanderers v Leeds,Leeds,Ethan Ampadu,,0.011771920137107372,0.6919999694824219,0.5820000076293945,13,OpenPlay,MissedShots,RightFoot,BallRecovery,Away
2025,2526,2025-09-20,Wolverhampton Wanderers v Leeds,Leeds,Brenden Aaronson,Dominic Calvert-Lewin,0.043977849185466766,0.8080000305175781,0.39299999237060546,25,OpenPlay,MissedShots,RightFoot,Pass,Away
2025,2526,2025-09-20,Wolverhampton Wanderers v Leeds,Leeds,Dominic Calvert-Lewin,,0.040250737220048904,0.9059999847412109,0.5070000076293946,30,OpenPlay,Goal,Head,Aerial,Away
2025,2526,2025-09-20,Wolverhampton Wanderers v Leeds,Leeds,Anton Stach,,0.0657067522406578,0.750999984741211,0.48700000762939455,38,DirectFreekick,Goal,RightFoot,Standard,Away
2025,2526,2025-09-20,Wolverhampton Wanderers v Leeds,Leeds,Noah Okafor,Anton Stach,0.2599199414253235,0.889000015258789,0.6559999847412109,44,OpenPlay,Goal,LeftFoot,Pass,Away
2025,2526,2025-09-20,Wolverhampton Wanderers v Leeds,Leeds,Sean Longstaff,,0.03536045923829079,0.7930000305175782,0.57,57,OpenPlay,SavedShot,LeftFoot,None,Away
2025,2526,2025-09-20,Brighton v Tottenham,Brighton,Yankuba Minteh,Georginio Rutter,0.6801360845565796,0.970999984741211,0.40700000762939453,7,OpenPlay,Goal,LeftFoot,TakeOn,Home
2025,2526,2025-09-20,Brighton v Tottenham,Brighton,Yasin Ayari,Brajan Gruda,0.029110973700881004,0.7530000305175781,0.4470000076293945,26,OpenPlay,SavedShot,RightFoot,Pass,Home
2025,2526,2025-09-20,Brighton v Tottenham,Brighton,Brajan Gruda,Yankuba Minteh,0.03572119399905205,0.775,0.395,26,OpenPlay,MissedShots,LeftFoot,Pass,Home
2025,2526,2025-09-20,Brighton v Tottenham,Brighton,Yasin Ayari,,0.016534868627786636,0.7680000305175781,0.7709999847412109,30,OpenPlay,Goal,RightFoot,BallRecovery,Home
2025,2526,2025-09-20,Brighton v Tottenham,Brighton,Lewis Dunk,,0.015729200094938278,0.43900001525878907,0.915,58,DirectFreekick,MissedShots,RightFoot,Standard,Home
2025,2526,2025-09-20,Brighton v Tottenham,Brighton,Yasin Ayari,Georginio Rutter,0.041304536163806915,0.7909999847412109,0.5509999847412109,61,OpenPlay,MissedShots,RightFoot,Pass,Home
2025,2526,2025-09-20,Brighton v Tottenham,Brighton,Diego Gómez,Yasin Ayari,0.027654215693473816,0.639000015258789,0.3679999923706055,75,OpenPlay,MissedShots,RightFoot,Pass,Home
2025,2526,2025-09-20,Brighton v Tottenham,Brighton,Kaoru Mitoma,Ferdi Kadioglu,0.21523454785346985,0.9009999847412109,0.6480000305175782,78,OpenPlay,SavedShot,RightFoot,TakeOn,Home
2025,2526,2025-09-20,Brighton v Tottenham,Brighton,Ferdi Kadioglu,Kaoru Mitoma,0.07813909649848938,0.960999984741211,0.675,79,OpenPlay,MissedShots,RightFoot,Pass,Home
2025,2526,2025-09-20,Brighton v Tottenham,Brighton,Jan Paul van Hecke,,0.0,0.07300000190734864,0.4979999923706055,81,OpenPlay,OwnGoal,RightFoot,Challenge,Home
2025,2526,2025-09-20,Brighton v Tottenham,Brighton,Danny Welbeck,James Milner,0.14432482421398163,0.874000015258789,0.6120000076293945,83,OpenPlay,BlockedShot,LeftFoot,TakeOn,Home
2025,2526,2025-09-20,Brighton v Tottenham,Brighton,Yasin Ayari,Diego Gómez,0.08411257714033127,0.8819999694824219,0.48900001525878906,86,OpenPlay,MissedShots,RightFoot,Cross,Home
2025,2526,2025-09-20,Brighton v Tottenham,Brighton,Yasin Ayari,,0.03666158393025398,0.8119999694824219,0.519000015258789,87,FromCorner,MissedShots,RightFoot,None,Home
2025,2526,2025-09-20,Brighton v Tottenham,Tottenham,Richarlison,Pedro Porro,0.056550201028585434,0.9359999847412109,0.6580000305175782,24,OpenPlay,MissedShots,LeftFoot,Chipped,Away
2025,2526,2025-09-20,Brighton v Tottenham,Tottenham,Wilson Odobert,,0.0659448653459549,0.904000015258789,0.6179999923706054,27,OpenPlay,MissedShots,RightFoot,None,Away
2025,2526,2025-09-20,Brighton v Tottenham,Tottenham,Richarlison,Rodrigo Bentancur,0.11073101311922073,0.9130000305175782,0.61,40,OpenPlay,BlockedShot,LeftFoot,Pass,Away
2025,2526,2025-09-20,Brighton v Tottenham,Tottenham,Richarlison,Pedro Porro,0.023174528032541275,0.9309999847412109,0.41900001525878905,41,FromCorner,MissedShots,Head,Aerial,Away
2025,2526,2025-09-20,Brighton v Tottenham,Tottenham,Mohammed Kudus,Rodrigo Bentancur,0.09663721919059753,0.87,0.415,42,OpenPlay,MissedShots,LeftFoot,Pass,Away
2025,2526,2025-09-20,Brighton v Tottenham,Tottenham,Richarlison,Mohammed Kudus,0.650574803352356,0.955,0.4909999847412109,42,OpenPlay,Goal,RightFoot,Rebound,Away
2025,2526,2025-09-20,Brighton v Tottenham,Tottenham,Xavi Simons,Richarlison,0.03264937177300453,0.8169999694824219,0.615,63,OpenPlay,MissedShots,RightFoot,Pass,Away
2025,2526,2025-09-20,Brighton v Tottenham,Tottenham,Xavi Simons,Iyenoma Destiny Udogie,0.06090184673666954,0.865,0.655,67,OpenPlay,SavedShot,RightFoot,Pass,Away
2025,2526,2025-09-20,Brighton v Tottenham,Tottenham,Xavi Simons,Mohammed Kudus,0.06405803561210632,0.8519999694824218,0.4809999847412109,69,OpenPlay,MissedShots,RightFoot,Cross,Away
2025,2526,2025-09-20,Brighton v Tottenham,Tottenham,Richarlison,Xavi Simons,0.07350193709135056,0.874000015258789,0.6919999694824219,80,OpenPlay,SavedShot,RightFoot,Pass,Away
2025,2526,2025-09-20,Brighton v Tottenham,Tottenham,Mohammed Kudus,Archie Gray,0.019953982904553413,0.764000015258789,0.27299999237060546,93,OpenPlay,BlockedShot,LeftFoot,Pass,Away
2025,2526,2025-09-20,Burnley v Nottingham Forest,Burnley,Quilindschy Hartman,Florentino Luís,0.00983856525272131,0.7619999694824219,0.7680000305175781,13,OpenPlay,SavedShot,LeftFoot,Chipped,Home
2025,2526,2025-09-20,Burnley v Nottingham Forest,Burnley,Loum Tchaouna,Quilindschy Hartman,0.056749194860458374,0.89,0.46799999237060547,19,OpenPlay,BlockedShot,Head,Cross,Home
2025,2526,2025-09-20,Burnley v Nottingham Forest,Burnley,Jaidon Anthony,Lyle Foster,0.2772907614707947,0.93,0.6090000152587891,19,OpenPlay,Goal,LeftFoot,BallTouch,Home
2025,2526,2025-09-20,Burnley v Nottingham Forest,Burnley,Loum Tchaouna,,0.046683862805366516,0.8,0.225,44,DirectFreekick,ShotOnPost,LeftFoot,Standard,Home
2025,2526,2025-09-20,Burnley v Nottingham Forest,Burnley,Maxime Estève,Quilindschy Hartman,0.02126903086900711,0.8930000305175781,0.44599998474121094,44,SetPiece,MissedShots,Head,Aerial,Home
2025,2526,2025-09-20,Burnley v Nottingham Forest,Burnley,Lyle Foster,Maxime Estève,0.03489569202065468,0.9209999847412109,0.2929999923706055,44,SetPiece,BlockedShot,RightFoot,Rebound,Home
2025,2526,2025-09-20,Burnley v Nottingham Forest,Burnley,Jaidon Anthony,Lyle Foster,0.0993557944893837,0.8619999694824219,0.43599998474121093,45,OpenPlay,SavedShot,RightFoot,Pass,Home
2025,2526,2025-09-20,Burnley v Nottingham Forest,Burnley,Jaidon Anthony,Florentino Luís,0.01673516072332859,0.7830000305175782,0.7319999694824219,57,OpenPlay,SavedShot,RightFoot,TakeOn,Home
2025,2526,2025-09-20,Burnley v Nottingham Forest,Burnley,Maxime Estève,Jaidon Anthony,0.05264423415064812,0.9230000305175782,0.4779999923706055,63,FromCorner,MissedShots,Head,Aerial,Home
2025,2526,2025-09-20,Burnley v Nottingham Forest,Burnley,Hjalmar Ekdal,Quilindschy Hartman,0.05270278826355934,0.9219999694824219,0.48700000762939455,74,FromCorner,MissedShots,Head,Aerial,Home
2025,2526,2025-09-20,Burnley v Nottingham Forest,Burnley,Zian Flemming,Hannibal Mejbri,0.074290931224823,0.9130000305175782,0.4470000076293945,92,SetPiece,BlockedShot,LeftFoot,Foul,Home
2025,2526,2025-09-20,Burnley v Nottingham Forest,Burnley,Hjalmar Ekdal,,0.3998783230781555,0.955999984741211,0.3840000152587891,92,SetPiece,SavedShot,RightFoot,None,Home
2025,2526,2025-09-20,Burnley v Nottingham Forest,Nottingham Forest,Neco Williams,,0.06084294989705086,0.875,0.395,1,FromCorner,Goal,RightFoot,None,Away
2025,2526,2025-09-20,Burnley v Nottingham Forest,Nottingham Forest,Oleksandr Zinchenko,Chris Wood,0.011339347809553146,0.7119999694824218,0.749000015258789,12,OpenPlay,BlockedShot,LeftFoot,Pass,Away
2025,2526,2025-09-20,Burnley v Nottingham Forest,Nottingham Forest,Oleksandr Zinchenko,Dilane Bakwa,0.014094803482294083,0.7040000152587891,0.6730000305175782,16,SetPiece,SavedShot,LeftFoot,Pass,Away
2025,2526,2025-09-20,Burnley v Nottingham Forest,Nottingham Forest,Dilane Bakwa,Oleksandr Zinchenko,0.03983639180660248,0.765,0.4809999847412109,17,OpenPlay,SavedShot,LeftFoot,BallRecovery,Away
2025,2526,2025-09-20,Burnley v Nottingham Forest,Nottingham Forest,Dilane Bakwa,Morgan Gibbs-White,0.05544506758451462,0.8730000305175781,0.3139999961853027,28,OpenPlay,SavedShot,LeftFoot,Pass,Away
2025,2526,2025-09-20,Burnley v Nottingham Forest,Nottingham Forest,Chris Wood,Nikola Milenkovic,0.12305343151092529,0.8919999694824219,0.5079999923706054,32,OpenPlay,SavedShot,RightFoot,Pass,Away
2025,2526,2025-09-20,Burnley v Nottingham Forest,Nottingham Forest,Neco Williams,Douglas Luiz,0.016963817179203033,0.740999984741211,0.30100000381469727,35,OpenPlay,MissedShots,RightFoot,Pass,Away
2025,2526,2025-09-20,Burnley v Nottingham Forest,Nottingham Forest,Oleksandr Zinchenko,,0.014871579594910145,0.8209999847412109,0.705,39,FromCorner,BlockedShot,LeftFoot,Aerial,Away
2025,2526,2025-09-20,Burnley v Nottingham Forest,Nottingham Forest,Morgan Gibbs-White,,0.04042156785726547,0.8059999847412109,0.5890000152587891,39,FromCorner,BlockedShot,RightFoot,Rebound,Away
2025,2526,2025-09-20,Burnley v Nottingham Forest,Nottingham Forest,Chris Wood,Dan Ndoye,0.10997253656387329,0.95,0.5740000152587891,53,OpenPlay,MissedShots,RightFoot,Cross,Away
2025,2526,2025-09-20,Burnley v Nottingham Forest,Nottingham Forest,Douglas Luiz,Callum Hudson-Odoi,0.023048534989356995,0.8030000305175782,0.7140000152587891,66,OpenPlay,BlockedShot,RightFoot,Pass,Away
2025,2526,2025-09-20,Burnley v Nottingham Forest,Nottingham Forest,Igor Jesus,Elliot Anderson,0.03826466575264931,0.8930000305175781,0.46099998474121096,77,OpenPlay,SavedShot,Head,Aerial,Away
2025,2526,2025-09-20,Burnley v Nottingham Forest,Nottingham Forest,Neco Williams,Elliot Anderson,0.04752502590417862,0.8569999694824219,0.40400001525878904,80,OpenPlay,SavedShot,RightFoot,Cross,Away
2025,2526,2025-09-20,Burnley v Nottingham Forest,Nottingham Forest,Elliot Anderson,Callum Hudson-Odoi,0.05121012032032013,0.8540000152587891,0.6759999847412109,82,OpenPlay,BlockedShot,RightFoot,TakeOn,Away
2025,2526,2025-09-20,Burnley v Nottingham Forest,Nottingham Forest,Arnaud Kalimuendo Muinga,,0.09371966868638992,0.915,0.42700000762939455,82,OpenPlay,BlockedShot,RightFoot,None,Away
2025,2526,2025-09-20,Burnley v Nottingham Forest,Nottingham Forest,Callum Hudson-Odoi,Morgan Gibbs-White,0.0160379596054554,0.7430000305175781,0.7519999694824219,91,OpenPlay,BlockedShot,RightFoot,Pass,Away
2025,2526,2025-09-20,Burnley v Nottingham Forest,Nottingham Forest,Morgan Gibbs-White,Igor Jesus,0.07473224401473999,0.88,0.5820000076293945,95,SetPiece,SavedShot,LeftFoot,HeadPass,Away
2025,2526,2025-09-20,Manchester United v Chelsea,Manchester United,Bryan Mbeumo,Patrick Dorgu,0.06756933778524399,0.9330000305175781,0.3970000076293945,2,OpenPlay,SavedShot,Head,Cross,Home
2025,2526,2025-09-20,Manchester United v Chelsea,Manchester United,Bruno Fernandes,,0.10298559814691544,0.785,0.49,7,DirectFreekick,BlockedShot,RightFoot,Standard,Home
2025,2526,2025-09-20,Manchester United v Chelsea,Manchester United,Bryan Mbeumo,,0.022691035643219948,0.785,0.46,7,SetPiece,BlockedShot,LeftFoot,Rebound,Home
2025,2526,2025-09-20,Manchester United v Chelsea,Manchester United,Harry Maguire,Casemiro,0.052745867520570755,0.9230000305175782,0.5279999923706055,8,FromCorner,MissedShots,Head,None,Home
2025,2526,2025-09-20,Manchester United v Chelsea,Manchester United,Amad Diallo Traore,,0.02186133898794651,0.775,0.5079999923706054,9,FromCorner,BlockedShot,RightFoot,None,Home
2025,2526,2025-09-20,Manchester United v Chelsea,Manchester United,Bruno Fernandes,Patrick Dorgu,0.6159805059432983,0.9580000305175781,0.4759999847412109,13,OpenPlay,Goal,RightFoot,HeadPass,Home
2025,2526,2025-09-20,Manchester United v Chelsea,Manchester United,Bryan Mbeumo,Bruno Fernandes,0.04373050853610039,0.8119999694824219,0.34599998474121096,17,OpenPlay,MissedShots,LeftFoot,Pass,Home
2025,2526,2025-09-20,Manchester United v Chelsea,Manchester United,Luke Shaw,,0.08364910632371902,0.9490000152587891,0.529000015258789,36,FromCorner,BlockedShot,Head,None,Home
2025,2526,2025-09-20,Manchester United v Chelsea,Manchester United,Casemiro,Harry Maguire,0.19499868154525757,0.97,0.435,36,FromCorner,Goal,Head,BallTouch,Home
2025,2526,2025-09-20,Manchester United v Chelsea,Manchester United,Amad Diallo Traore,Matthijs de Ligt,0.09552733600139618,0.9269999694824219,0.44799999237060545,74,SetPiece,MissedShots,LeftFoot,Cross,Home
2025,2526,2025-09-20,Manchester United v Chelsea,Manchester United,Bruno Fernandes,,0.04517577961087227,0.7819999694824219,0.4209999847412109,82,OpenPlay,SavedShot,RightFoot,BallRecovery,Home
2025,2526,2025-09-20,Manchester United v Chelsea,Chelsea,Moisés Caicedo,,0.022669004276394844,0.779000015258789,0.529000015258789,22,FromCorner,BlockedShot,RightFoot,None,Away
2025,2526,2025-09-20,Manchester United v Chelsea,Chelsea,Marc Cucurella,Moisés Caicedo,0.02825935371220112,0.905,0.27700000762939453,51,SetPiece,MissedShots,RightFoot,Pass,Away
2025,2526,2025-09-20,Manchester United v Chelsea,Chelsea,Tosin Adarabioyo,Reece James,0.03566968813538551,0.955999984741211,0.38799999237060545,62,FromCorner,MissedShots,Head,Cross,Away
2025,2526,2025-09-20,Manchester United v Chelsea,Chelsea,Trevoh Chalobah,Reece James,0.2994072735309601,0.9309999847412109,0.5470000076293945,79,FromCorner,Goal,Head,Cross,Away
2025,2526,2025-09-20,Manchester United v Chelsea,Chelsea,Andrey Santos,João Pedro,0.08383796364068985,0.894000015258789,0.514000015258789,93,OpenPlay,BlockedShot,RightFoot,BallTouch,Away
2025,2526,2025-09-20,Fulham v Brentford,Fulham,Alex Iwobi,,0.024419136345386505,0.7680000305175781,0.39299999237060546,5,OpenPlay,BlockedShot,RightFoot,BallRecovery,Home
2025,2526,2025-09-20,Fulham v Brentford,Fulham,Joshua King,Sasa Lukic,0.05917340889573097,0.8119999694824219,0.4620000076293945,10,OpenPlay,BlockedShot,LeftFoot,BallRecovery,Home
2025,2526,2025-09-20,Fulham v Brentford,Fulham,Sasa Lukic,Harry Wilson,0.018745847046375275,0.7730000305175782,0.3089999961853027,12,OpenPlay,BlockedShot,RightFoot,Pass,Home
2025,2526,2025-09-20,Fulham v Brentford,Fulham,Harry Wilson,Rodrigo Muniz,0.09372397512197495,0.8690000152587891,0.4909999847412109,13,OpenPlay,BlockedShot,LeftFoot,Dispossessed,Home
2025,2526,2025-09-20,Fulham v Brentford,Fulham,Joachim Andersen,Sasa Lukic,0.13591426610946655,0.960999984741211,0.495,15,FromCorner,MissedShots,Head,Cross,Home
2025,2526,2025-09-20,Fulham v Brentford,Fulham,Rodrigo Muniz,Harry Wilson,0.04019144922494888,0.894000015258789,0.55,15,FromCorner,MissedShots,Head,Cross,Home
2025,2526,2025-09-20,Fulham v Brentford,Fulham,Sasa Lukic,Sander Berge,0.019162286072969437,0.7559999847412109,0.35700000762939454,17,OpenPlay,MissedShots,RightFoot,Pass,Home
2025,2526,2025-09-20,Fulham v Brentford,Fulham,Ryan Sessegnon,Alex Iwobi,0.0368385910987854,0.855999984741211,0.7030000305175781,30,OpenPlay,SavedShot,LeftFoot,Pass,Home
2025,2526,2025-09-20,Fulham v Brentford,Fulham,Rodrigo Muniz,,0.3472999036312103,0.9690000152587891,0.605999984741211,30,OpenPlay,MissedShots,RightFoot,Rebound,Home
2025,2526,2025-09-20,Fulham v Brentford,Fulham,Sasa Lukic,Kenny Tete,0.030452972277998924,0.794000015258789,0.35400001525878905,37,OpenPlay,BlockedShot,LeftFoot,Pass,Home
2025,2526,2025-09-20,Fulham v Brentford,Fulham,Alex Iwobi,Rodrigo Muniz,0.3372924029827118,0.905,0.5770000076293945,37,OpenPlay,Goal,RightFoot,BallTouch,Home
2025,2526,2025-09-20,Fulham v Brentford,Fulham,Harry Wilson,Alex Iwobi,0.27521511912345886,0.8819999694824219,0.3679999923706055,39,OpenPlay,Goal,LeftFoot,Pass,Home
2025,2526,2025-09-20,Fulham v Brentford,Fulham,Calvin Bassey,,0.017050273716449738,0.7290000152587891,0.644000015258789,41,OpenPlay,BlockedShot,LeftFoot,None,Home
2025,2526,2025-09-20,Fulham v Brentford,Fulham,Joshua King,Harry Wilson,0.10162357240915298,0.9219999694824219,0.295,62,SetPiece,MissedShots,RightFoot,Throughball,Home
2025,2526,2025-09-20,Fulham v Brentford,Brentford,Mikkel Damsgaard,,0.07613291591405869,0.8619999694824219,0.4540000152587891,0,OpenPlay,BlockedShot,RightFoot,None,Away
2025,2526,2025-09-20,Fulham v Brentford,Brentford,Mikkel Damsgaard,,0.34177395701408386,0.8490000152587891,0.5379999923706055,19,OpenPlay,Goal,RightFoot,BallRecovery,Away
2025,2526,2025-09-20,Fulham v Brentford,Brentford,Kevin Schade,,0.08209934085607529,0.9490000152587891,0.33,28,OpenPlay,BlockedShot,RightFoot,BallRecovery,Away
2025,2526,2025-09-20,Fulham v Brentford,Brentford,Nathan Collins,Michael Kayode,0.05109793692827225,0.9619999694824218,0.4109999847412109,46,OpenPlay,SavedShot,Head,Pass,Away
2025,2526,2025-09-20,Fulham v Brentford,Brentford,Ethan Pinnock,,0.0,0.03,0.5320000076293945,49,OpenPlay,OwnGoal,OtherBodyPart,BlockedPass,Away
2025,2526,2025-09-20,Fulham v Brentford,Brentford,Thiago,Kevin Schade,0.06035369634628296,0.9109999847412109,0.47299999237060547,57,OpenPlay,SavedShot,Head,Aerial,Away
2025,2526,2025-09-20,Fulham v Brentford,Brentford,Dango Ouattara,,0.07856263220310211,0.8959999847412109,0.4520000076293945,77,OpenPlay,BlockedShot,LeftFoot,None,Away
2025,2526,2025-09-20,Fulham v Brentford,Brentford,Dango Ouattara,Yehor Yarmolyuk,0.06301672756671906,0.8540000152587891,0.34799999237060547,82,OpenPlay,MissedShots,LeftFoot,Pass,Away
2025,2526,2025-09-20,Fulham v Brentford,Brentford,Kristoffer Ajer,Michael Kayode,0.07351893186569214,0.909000015258789,0.45599998474121095,89,OpenPlay,MissedShots,Head,Pass,Away
2025,2526,2025-09-21,Bournemouth v Newcastle United,Bournemouth,Alejandro Jiménez,Bafode Diakite,0.034936562180519104,0.8340000152587891,0.34799999237060547,6,OpenPlay,BlockedShot,RightFoot,HeadPass,Home
2025,2526,2025-09-21,Bournemouth v Newcastle United,Bournemouth,Tyler Adams,David Brooks,0.03733758255839348,0.8530000305175781,0.32099998474121094,8,OpenPlay,SavedShot,RightFoot,Pass,Home
2025,2526,2025-09-21,Bournemouth v Newcastle United,Bournemouth,Alejandro Jiménez,,0.015041940845549107,0.78,0.28600000381469726,8,FromCorner,BlockedShot,RightFoot,None,Home
2025,2526,2025-09-21,Bournemouth v Newcastle United,Bournemouth,Marcus Tavernier,Antoine Semenyo,0.01888270489871502,0.7469999694824219,0.515,14,OpenPlay,BlockedShot,LeftFoot,TakeOn,Home
2025,2526,2025-09-21,Bournemouth v Newcastle United,Bournemouth,Evanilson,Marcus Tavernier,0.08964236825704575,0.899000015258789,0.435,14,OpenPlay,BlockedShot,RightFoot,OffsidePass,Home
2025,2526,2025-09-21,Bournemouth v Newcastle United,Bournemouth,Alex Scott,Marcos Senesi,0.05896493420004845,0.8219999694824218,0.5520000076293945,26,OpenPlay,MissedShots,RightFoot,BallTouch,Home
2025,2526,2025-09-21,Bournemouth v Newcastle United,Bournemouth,Marcus Tavernier,Evanilson,0.03985908254981041,0.7930000305175782,0.42400001525878905,49,OpenPlay,BlockedShot,LeftFoot,Pass,Home
2025,2526,2025-09-21,Bournemouth v Newcastle United,Bournemouth,Antoine Semenyo,,0.09898174554109573,0.8480000305175781,0.555,52,OpenPlay,MissedShots,RightFoot,TakeOn,Home
2025,2526,2025-09-21,Bournemouth v Newcastle United,Bournemouth,Ryan Christie,,0.01893874630331993,0.7669999694824219,0.5379999923706055,89,SetPiece,BlockedShot,LeftFoot,None,Home
2025,2526,2025-09-21,Bournemouth v Newcastle United,Bournemouth,Justin Kluivert,,0.12941735982894897,0.8080000305175781,0.5740000152587891,90,DirectFreekick,SavedShot,RightFoot,Standard,Home
2025,2526,2025-09-21,Bournemouth v Newcastle United,Bournemouth,James Hill,,0.008657212369143963,0.6630000305175782,0.39,92,OpenPlay,MissedShots,RightFoot,Aerial,Home
2025,2526,2025-09-21,Bournemouth v Newcastle United,Newcastle United,Jacob Murphy,Sandro Tonali,0.09077014029026031,0.9490000152587891,0.3559999847412109,10,OpenPlay,SavedShot,RightFoot,Pass,Away
2025,2526,2025-09-21,Bournemouth v Newcastle United,Newcastle United,Sandro Tonali,,0.012615949846804142,0.6969999694824218,0.5570000076293945,11,FromCorner,BlockedShot,RightFoot,None,Away
2025,2526,2025-09-21,Bournemouth v Newcastle United,Newcastle United,Jacob Murphy,Sandro Tonali,0.014184875413775444,0.75,0.6509999847412109,13,OpenPlay,MissedShots,RightFoot,TakeOn,Away
2025,2526,2025-09-21,Bournemouth v Newcastle United,Newcastle United,Sandro Tonali,Lewis Miley,0.03605787828564644,0.785,0.4520000076293945,24,OpenPlay,MissedShots,RightFoot,Pass,Away
2025,2526,2025-09-21,Sunderland v Aston Villa,Sunderland,Wilson Isidor,Chemsdine Talbi,0.029756717383861542,0.9259999847412109,0.405,12,OpenPlay,MissedShots,Head,Aerial,Home
2025,2526,2025-09-21,Sunderland v Aston Villa,Sunderland,Wilson Isidor,,0.012449417263269424,0.7290000152587891,0.7119999694824218,13,OpenPlay,SavedShot,RightFoot,BallRecovery,Home
2025,2526,2025-09-21,Sunderland v Aston Villa,Sunderland,Wilson Isidor,Chris Rigg,0.06845347583293915,0.9080000305175782,0.33,17,OpenPlay,BlockedShot,RightFoot,Pass,Home
2025,2526,2025-09-21,Sunderland v Aston Villa,Sunderland,Omar Alderete,Nordi Mukiele,0.034359678626060486,0.9080000305175782,0.590999984741211,19,OpenPlay,SavedShot,Head,Pass,Home
2025,2526,2025-09-21,Sunderland v Aston Villa,Sunderland,Chris Rigg,Nordi Mukiele,0.07086944580078125,0.860999984741211,0.5259999847412109,31,SetPiece,MissedShots,RightFoot,HeadPass,Home
2025,2526,2025-09-21,Sunderland v Aston Villa,Sunderland,Dan Ballard,Granit Xhaka,0.007273717783391476,0.8159999847412109,0.4379999923706055,46,SetPiece,MissedShots,Head,Aerial,Home
2025,2526,2025-09-21,Sunderland v Aston Villa,Sunderland,Chemsdine Talbi,,0.018578199669718742,0.855,0.664000015258789,48,OpenPlay,MissedShots,LeftFoot,Aerial,Home
2025,2526,2025-09-21,Sunderland v Aston Villa,Sunderland,Omar Alderete,Nordi Mukiele,0.05181761085987091,0.9209999847412109,0.5820000076293945,50,OpenPlay,ShotOnPost,Head,Pass,Home
2025,2526,2025-09-21,Sunderland v Aston Villa,Sunderland,Nordi Mukiele,Trai Hume,0.02466207556426525,0.9630000305175781,0.40900001525878904,63,FromCorner,BlockedShot,Head,Aerial,Home
2025,2526,2025-09-21,Sunderland v Aston Villa,Sunderland,Wilson Isidor,,0.15331143140792847,0.960999984741211,0.5170000076293946,63,FromCorner,MissedShots,RightFoot,Rebound,Home
2025,2526,2025-09-21,Sunderland v Aston Villa,Sunderland,Granit Xhaka,Dan Ballard,0.04233251512050629,0.8119999694824219,0.44,69,OpenPlay,SavedShot,LeftFoot,BallRecovery,Home
2025,2526,2025-09-21,Sunderland v Aston Villa,Sunderland,Wilson Isidor,,0.04955695942044258,0.8859999847412109,0.665,74,OpenPlay,BlockedShot,RightFoot,None,Home
2025,2526,2025-09-21,Sunderland v Aston Villa,Sunderland,Chemsdine Talbi,Noah Sadiki,0.022139864042401314,0.8009999847412109,0.73,74,OpenPlay,BlockedShot,RightFoot,Pass,Home
2025,2526,2025-09-21,Sunderland v Aston Villa,Sunderland,Wilson Isidor,Granit Xhaka,0.35653162002563477,0.9080000305175782,0.5670000076293945,74,OpenPlay,Goal,RightFoot,HeadPass,Home
2025,2526,2025-09-21,Sunderland v Aston Villa,Aston Villa,Evann Guessand,Morgan Rogers,0.5027073621749878,0.9059999847412109,0.5279999923706055,25,SetPiece,SavedShot,RightFoot,Pass,Away
2025,2526,2025-09-21,Sunderland v Aston Villa,Aston Villa,John McGinn,Boubacar Kamara,0.061517272144556046,0.8119999694824219,0.46799999237060547,37,OpenPlay,BlockedShot,LeftFoot,Pass,Away
2025,2526,2025-09-21,Sunderland v Aston Villa,Aston Villa,Emiliano Buendía,,0.05007219687104225,0.815,0.5479999923706055,41,OpenPlay,MissedShots,LeftFoot,None,Away
2025,2526,2025-09-21,Sunderland v Aston Villa,Aston Villa,Emiliano Buendía,,0.0449473038315773,0.97,0.7069999694824218,45,OpenPlay,BlockedShot,LeftFoot,None,Away
2025,2526,2025-09-21,Sunderland v Aston Villa,Aston Villa,John McGinn,,0.011377587914466858,0.7040000152587891,0.44799999237060545,46,OpenPlay,MissedShots,LeftFoot,None,Away
2025,2526,2025-09-21,Sunderland v Aston Villa,Aston Villa,Harvey Elliott,Morgan Rogers,0.06307501345872879,0.8590000152587891,0.3559999847412109,60,OpenPlay,BlockedShot,LeftFoot,Pass,Away
2025,2526,2025-09-21,Sunderland v Aston Villa,Aston Villa,Matthew Cash,Boubacar Kamara,0.022162923589348793,0.7240000152587891,0.44099998474121094,66,FromCorner,Goal,RightFoot,Pass,Away
2025,2526,2025-09-21,Sunderland v Aston Villa,Aston Villa,Harvey Elliott,Donyell Malen,0.0680796355009079,0.8419999694824218,0.42700000762939455,82,OpenPlay,MissedShots,LeftFoot,Tackle,Away
2025,2526,2025-09-21,Sunderland v Aston Villa,Aston Villa,Matthew Cash,Tyrone Mings,0.017091330140829086,0.7369999694824219,0.37200000762939456,86,OpenPlay,BlockedShot,RightFoot,Pass,Away
2025,2526,2025-09-21,Sunderland v Aston Villa,Aston Villa,Jadon Sancho,Tyrone Mings,0.04608212038874626,0.8440000152587891,0.6730000305175782,86,OpenPlay,BlockedShot,RightFoot,Pass,Away
2025,2526,2025-09-21,Sunderland v Aston Villa,Aston Villa,Donyell Malen,,0.05224158614873886,0.8219999694824218,0.5659999847412109,92,OpenPlay,BlockedShot,RightFoot,None,Away
2025,2526,2025-09-21,Arsenal v Manchester City,Arsenal,Noni Madueke,Declan Rice,0.22239868342876434,0.9019999694824219,0.45599998474121095,31,OpenPlay,MissedShots,Head,Cross,Home
2025,2526,2025-09-21,Arsenal v Manchester City,Arsenal,William Saliba,,0.06771591305732727,0.9330000305175781,0.49599998474121093,41,FromCorner,MissedShots,Head,Aerial,Home
2025,2526,2025-09-21,Arsenal v Manchester City,Arsenal,Riccardo Calafiori,,0.03855420649051666,0.835999984741211,0.6580000305175782,43,OpenPlay,MissedShots,LeftFoot,None,Home
2025,2526,2025-09-21,Arsenal v Manchester City,Arsenal,Noni Madueke,Mikel Merino,0.061104971915483475,0.9369999694824219,0.3189999961853027,45,OpenPlay,SavedShot,RightFoot,Pass,Home
2025,2526,2025-09-21,Arsenal v Manchester City,Arsenal,Martín Zubimendi,,0.02714330516755581,0.8619999694824219,0.4179999923706055,47,OpenPlay,MissedShots,RightFoot,Aerial,Home
2025,2526,2025-09-21,Arsenal v Manchester City,Arsenal,Eberechi Eze,,0.025194693356752396,0.860999984741211,0.40700000762939453,49,OpenPlay,SavedShot,RightFoot,Aerial,Home
2025,2526,2025-09-21,Arsenal v Manchester City,Arsenal,Bukayo Saka,Martín Zubimendi,0.04680842161178589,0.874000015258789,0.315,51,OpenPlay,BlockedShot,LeftFoot,Pass,Home
2025,2526,2025-09-21,Arsenal v Manchester City,Arsenal,Leandro Trossard,Jurriën Timber,0.03394317999482155,0.8969999694824219,0.32099998474121094,55,FromCorner,BlockedShot,LeftFoot,Pass,Home
2025,2526,2025-09-21,Arsenal v Manchester City,Arsenal,Leandro Trossard,Bukayo Saka,0.04437032341957092,0.9690000152587891,0.6179999923706054,59,FromCorner,BlockedShot,RightFoot,Cross,Home
2025,2526,2025-09-21,Arsenal v Manchester City,Arsenal,Riccardo Calafiori,Bukayo Saka,0.027703458443284035,0.9169999694824219,0.580999984741211,75,OpenPlay,MissedShots,Head,Aerial,Home
2025,2526,2025-09-21,Arsenal v Manchester City,Arsenal,Riccardo Calafiori,Declan Rice,0.02390633150935173,0.7959999847412109,0.6890000152587891,80,OpenPlay,MissedShots,RightFoot,Pass,Home
2025,2526,2025-09-21,Arsenal v Manchester City,Arsenal,Gabriel Martinelli,Eberechi Eze,0.09973180294036865,0.8490000152587891,0.610999984741211,92,OpenPlay,Goal,RightFoot,Throughball,Home
2025,2526,2025-09-21,Arsenal v Manchester City,Manchester City,Erling Haaland,Tijjani Reijnders,0.5452440977096558,0.9059999847412109,0.44099998474121094,8,OpenPlay,Goal,RightFoot,Pass,Away
2025,2526,2025-09-21,Arsenal v Manchester City,Manchester City,Tijjani Reijnders,Bernardo Silva,0.07330891489982605,0.8369999694824218,0.624000015258789,19,OpenPlay,SavedShot,RightFoot,Pass,Away
2025,2526,2025-09-21,Arsenal v Manchester City,Manchester City,Rodri,Jéremy Doku,0.039945926517248154,0.784000015258789,0.519000015258789,37,OpenPlay,MissedShots,LeftFoot,Pass,Away
2025,2526,2025-09-21,Arsenal v Manchester City,Manchester City,Erling Haaland,Jéremy Doku,0.08190350979566574,0.86,0.6730000305175782,56,OpenPlay,SavedShot,LeftFoot,Pass,Away
2025,2526,2025-09-21,Arsenal v Manchester City,Manchester City,Jéremy Doku,Tijjani Reijnders,0.3822949230670929,0.9540000152587891,0.610999984741211,81,OpenPlay,MissedShots,RightFoot,TakeOn,Away
2025,2526,2025-09-27,Brentford v Manchester United,Brentford,Thiago,Jordan Henderson,0.32880347967147827,0.8530000305175781,0.6140000152587891,7,OpenPlay,Goal,LeftFoot,Chipped,Home
2025,2526,2025-09-27,Brentford v Manchester United,Brentford,Sepp van den Berg,Dango Ouattara,0.4428175985813141,0.955999984741211,0.4879999923706055,16,FromCorner,SavedShot,Head,HeadPass,Home
2025,2526,2025-09-27,Brentford v Manchester United,Brentford,Nathan Collins,Jordan Henderson,0.2888352572917938,0.91,0.44799999237060545,16,FromCorner,SavedShot,Head,Cross,Home
2025,2526,2025-09-27,Brentford v Manchester United,Brentford,Thiago,,0.5758193731307983,0.9269999694824219,0.48200000762939454,19,OpenPlay,Goal,LeftFoot,None,Home
2025,2526,2025-09-27,Brentford v Manchester United,Brentford,Sepp van den Berg,Aaron Hickey,0.6038424372673035,0.9569999694824218,0.47900001525878905,60,SetPiece,SavedShot,RightFoot,HeadPass,Home
2025,2526,2025-09-27,Brentford v Manchester United,Brentford,Dango Ouattara,Kevin Schade,0.36608558893203735,0.87,0.5459999847412109,62,OpenPlay,SavedShot,LeftFoot,Pass,Home
2025,2526,2025-09-27,Brentford v Manchester United,Brentford,Thiago,Caoimhin Kelleher,0.025028405711054802,0.7619999694824219,0.5740000152587891,77,OpenPlay,MissedShots,LeftFoot,Pass,Home
2025,2526,2025-09-27,Brentford v Manchester United,Brentford,Yehor Yarmolyuk,,0.0747782289981842,0.8219999694824218,0.4759999847412109,79,OpenPlay,BlockedShot,LeftFoot,Interception,Home
2025,2526,2025-09-27,Brentford v Manchester United,Brentford,Mathias Jensen,Yehor Yarmolyuk,0.05464768409729004,0.7869999694824219,0.6409999847412109,94,OpenPlay,Goal,RightFoot,Pass,Home
2025,2526,2025-09-27,Brentford v Manchester United,Brentford,Kevin Schade,Vitaly Janelt,0.026606498286128044,0.93,0.34200000762939453,97,SetPiece,SavedShot,RightFoot,Cross,Home
2025,2526,2025-09-27,Brentford v Manchester United,Manchester United,Benjamin Sesko,Matheus Cunha,0.14662878215312958,0.8680000305175781,0.34,4,OpenPlay,BlockedShot,RightFoot,Throughball,Away
2025,2526,2025-09-27,Brentford v Manchester United,Manchester United,Matheus Cunha,Bruno Fernandes,0.02199307270348072,0.7709999847412109,0.3659999847412109,12,OpenPlay,MissedShots,RightFoot,Pass,Away
2025,2526,2025-09-27,Brentford v Manchester United,Manchester United,Benjamin Sesko,Diogo Dalot,0.027179712429642677,0.7630000305175781,0.46799999237060547,22,OpenPlay,SavedShot,RightFoot,Pass,Away
2025,2526,2025-09-27,Brentford v Manchester United,Manchester United,Benjamin Sesko,,0.6919364333152771,0.9580000305175781,0.47900001525878905,25,OpenPlay,SavedShot,Head,Aerial,Away
2025,2526,2025-09-27,Brentford v Manchester United,Manchester United,Benjamin Sesko,,0.6124233603477478,0.9519999694824218,0.4829999923706055,25,OpenPlay,SavedShot,RightFoot,Rebound,Away
2025,2526,2025-09-27,Brentford v Manchester United,Manchester United,Benjamin Sesko,,0.6560744643211365,0.9640000152587891,0.5179999923706055,25,OpenPlay,Goal,LeftFoot,Rebound,Away
2025,2526,2025-09-27,Brentford v Manchester United,Manchester United,Matheus Cunha,Diogo Dalot,0.0206352137029171,0.7680000305175781,0.4,30,SetPiece,BlockedShot,RightFoot,Pass,Away
2025,2526,2025-09-27,Brentford v Manchester United,Manchester United,Benjamin Sesko,Bryan Mbeumo,0.032091788947582245,0.9290000152587891,0.4209999847412109,31,FromCorner,BlockedShot,Head,Foul,Away
2025,2526,2025-09-27,Brentford v Manchester United,Manchester United,Matheus Cunha,Benjamin Sesko,0.05628003180027008,0.8119999694824219,0.4620000076293945,36,OpenPlay,BlockedShot,RightFoot,Pass,Away
2025,2526,2025-09-27,Brentford v Manchester United,Manchester United,Harry Maguire,Bryan Mbeumo,0.011196505278348923,0.97,0.6279999923706054,37,FromCorner,MissedShots,Head,Aerial,Away
2025,2526,2025-09-27,Brentford v Manchester United,Manchester United,Matheus Cunha,Bryan Mbeumo,0.030238481238484383,0.789000015258789,0.37200000762939456,51,OpenPlay,SavedShot,RightFoot,Pass,Away
2025,2526,2025-09-27,Brentford v Manchester United,Manchester United,Bruno Fernandes,,0.7611688375473022,0.885,0.5,75,Penalty,SavedShot,RightFoot,Standard,Away
2025,2526,2025-09-27,Brentford v Manchester United,Manchester United,Matthijs de Ligt,,0.08937100321054459,0.909000015258789,0.48900001525878906,82,OpenPlay,MissedShots,LeftFoot,None,Away
2025,2526,2025-09-27,Brentford v Manchester United,Manchester United,Joshua Zirkzee,Diogo Dalot,0.08036608248949051,0.9209999847412109,0.555,91,OpenPlay,MissedShots,Head,Cross,Away
2025,2526,2025-09-27,Chelsea v Brighton,Chelsea,Enzo Fernández,,0.058469995856285095,0.7419999694824219,0.534000015258789,2,DirectFreekick,SavedShot,RightFoot,Standard,Home
2025,2526,2025-09-27,Chelsea v Brighton,Chelsea,Pedro Neto,Andrey Santos,0.04814089834690094,0.865,0.6869999694824219,3,OpenPlay,BlockedShot,LeftFoot,Pass,Home
2025,2526,2025-09-27,Chelsea v Brighton,Chelsea,Marc Cucurella,,0.021900545805692673,0.8019999694824219,0.3559999847412109,4,FromCorner,MissedShots,LeftFoot,None,Home
2025,2526,2025-09-27,Chelsea v Brighton,Chelsea,Estêvão,João Pedro,0.06670285016298294,0.8440000152587891,0.38299999237060545,7,OpenPlay,BlockedShot,LeftFoot,Pass,Home
2025,2526,2025-09-27,Chelsea v Brighton,Chelsea,Reece James,Pedro Neto,0.017577754333615303,0.759000015258789,0.69,9,SetPiece,SavedShot,RightFoot,Pass,Home
2025,2526,2025-09-27,Chelsea v Brighton,Chelsea,Estêvão,Robert Sánchez,0.13102763891220093,0.9209999847412109,0.3120000076293945,11,OpenPlay,BlockedShot,RightFoot,TakeOn,Home
2025,2526,2025-09-27,Chelsea v Brighton,Chelsea,Estêvão,João Pedro,0.09045208990573883,0.8919999694824219,0.3679999923706055,14,OpenPlay,BlockedShot,LeftFoot,Pass,Home
2025,2526,2025-09-27,Chelsea v Brighton,Chelsea,Enzo Fernández,,0.8962834477424622,0.980999984741211,0.5120000076293946,23,OpenPlay,Goal,Head,None,Home
2025,2526,2025-09-27,Chelsea v Brighton,Chelsea,Pedro Neto,Robert Sánchez,0.0600149966776371,0.850999984741211,0.705999984741211,27,OpenPlay,MissedShots,LeftFoot,Pass,Home
2025,2526,2025-09-27,Chelsea v Brighton,Chelsea,Moisés Caicedo,,0.03930129110813141,0.805,0.48,57,SetPiece,BlockedShot,RightFoot,None,Home
2025,2526,2025-09-27,Chelsea v Brighton,Chelsea,Reece James,Enzo Fernández,0.02251484990119934,0.9230000305175782,0.8159999847412109,64,SetPiece,BlockedShot,RightFoot,Pass,Home
2025,2526,2025-09-27,Chelsea v Brighton,Chelsea,Enzo Fernández,Marc Cucurella,0.018925782293081284,0.745,0.545,75,SetPiece,MissedShots,RightFoot,Pass,Home
2025,2526,2025-09-27,Chelsea v Brighton,Chelsea,Enzo Fernández,Reece James,0.5552152991294861,0.9690000152587891,0.445,102,OpenPlay,MissedShots,Head,Cross,Home
2025,2526,2025-09-27,Chelsea v Brighton,Brighton,Carlos Baleba,,0.012917870655655861,0.7469999694824219,0.27600000381469725,5,OpenPlay,BlockedShot,LeftFoot,BallRecovery,Away
2025,2526,2025-09-27,Chelsea v Brighton,Brighton,Yasin Ayari,,0.04777100309729576,0.725999984741211,0.5609999847412109,30,DirectFreekick,MissedShots,RightFoot,Standard,Away
2025,2526,2025-09-27,Chelsea v Brighton,Brighton,Lewis Dunk,Yasin Ayari,0.10247869044542313,0.9059999847412109,0.47900001525878905,41,SetPiece,MissedShots,Head,Cross,Away
2025,2526,2025-09-27,Chelsea v Brighton,Brighton,Diego Gómez,,0.08320274949073792,0.77,0.519000015258789,54,DirectFreekick,MissedShots,RightFoot,Standard,Away
2025,2526,2025-09-27,Chelsea v Brighton,Brighton,Yankuba Minteh,Georginio Rutter,0.1492491215467453,0.8969999694824219,0.524000015258789,68,OpenPlay,MissedShots,LeftFoot,Pass,Away
2025,2526,2025-09-27,Chelsea v Brighton,Brighton,Jan Paul van Hecke,,0.03411123529076576,0.785,0.500999984741211,71,OpenPlay,BlockedShot,RightFoot,None,Away
2025,2526,2025-09-27,Chelsea v Brighton,Brighton,Danny Welbeck,,0.3398641049861908,0.9159999847412109,0.3820000076293945,71,OpenPlay,MissedShots,RightFoot,Rebound,Away
2025,2526,2025-09-27,Chelsea v Brighton,Brighton,Danny Welbeck,Yankuba Minteh,0.46309441328048706,0.9359999847412109,0.5020000076293946,76,OpenPlay,Goal,Head,Cross,Away
2025,2526,2025-09-27,Chelsea v Brighton,Brighton,Stefanos Tzimas,Ferdi Kadioglu,0.11290231347084045,0.9219999694824219,0.445,86,OpenPlay,MissedShots,Head,Cross,Away
2025,2526,2025-09-27,Chelsea v Brighton,Brighton,Yankuba Minteh,Stefanos Tzimas,0.05174189805984497,0.9259999847412109,0.5379999923706055,86,OpenPlay,MissedShots,Head,Rebound,Away
2025,2526,2025-09-27,Chelsea v Brighton,Brighton,Maxim De Cuyper,Mats Wieffer,0.4856862723827362,0.965,0.48200000762939454,91,FromCorner,Goal,Head,HeadPass,Away
2025,2526,2025-09-27,Chelsea v Brighton,Brighton,Danny Welbeck,Brajan Gruda,0.60951828956604,0.95,0.5570000076293945,99,OpenPlay,Goal,LeftFoot,Pass,Away
2025,2526,2025-09-27,Crystal Palace v Liverpool,Crystal Palace,Ismaila Sarr,,0.8101592063903809,0.9769999694824218,0.4859999847412109,8,FromCorner,Goal,RightFoot,None,Home
2025,2526,2025-09-27,Crystal Palace v Liverpool,Crystal Palace,Yeremi Pino,Ismaila Sarr,0.5153206586837769,0.884000015258789,0.5770000076293945,10,OpenPlay,SavedShot,LeftFoot,Pass,Home
2025,2526,2025-09-27,Crystal Palace v Liverpool,Crystal Palace,Daniel Muñoz,Tyrick Mitchell,0.1408037394285202,0.8980000305175782,0.48400001525878905,21,OpenPlay,SavedShot,LeftFoot,Pass,Home
2025,2526,2025-09-27,Crystal Palace v Liverpool,Crystal Palace,Daniel Muñoz,,0.03457946702837944,0.8980000305175782,0.48400001525878905,21,OpenPlay,MissedShots,Head,Rebound,Home
2025,2526,2025-09-27,Crystal Palace v Liverpool,Crystal Palace,Jean-Philippe Mateta,Adam Wharton,0.3227490782737732,0.8590000152587891,0.624000015258789,22,OpenPlay,SavedShot,RightFoot,TakeOn,Home
2025,2526,2025-09-27,Crystal Palace v Liverpool,Crystal Palace,Adam Wharton,,0.019078325480222702,0.7480000305175781,0.585,22,OpenPlay,MissedShots,LeftFoot,Rebound,Home
2025,2526,2025-09-27,Crystal Palace v Liverpool,Crystal Palace,Ismaila Sarr,Adam Wharton,0.13811001181602478,0.9619999694824218,0.5990000152587891,39,OpenPlay,MissedShots,RightFoot,Pass,Home
2025,2526,2025-09-27,Crystal Palace v Liverpool,Crystal Palace,Ismaila Sarr,Daniel Muñoz,0.08872662484645844,0.8930000305175781,0.3160000038146973,41,OpenPlay,BlockedShot,RightFoot,Pass,Home
2025,2526,2025-09-27,Crystal Palace v Liverpool,Crystal Palace,Jean-Philippe Mateta,Adam Wharton,0.02767280861735344,0.7530000305175781,0.5420000076293945,50,OpenPlay,ShotOnPost,RightFoot,Pass,Home
2025,2526,2025-09-27,Crystal Palace v Liverpool,Crystal Palace,Jean-Philippe Mateta,Adam Wharton,0.32119253277778625,0.899000015258789,0.6120000076293945,51,OpenPlay,MissedShots,LeftFoot,HeadPass,Home
2025,2526,2025-09-27,Crystal Palace v Liverpool,Crystal Palace,Jean-Philippe Mateta,Yeremi Pino,0.23649154603481293,0.8830000305175781,0.5129999923706055,64,OpenPlay,SavedShot,Head,HeadPass,Home
2025,2526,2025-09-27,Crystal Palace v Liverpool,Crystal Palace,Eddie Nketiah,Jean-Philippe Mateta,0.3203686773777008,0.909000015258789,0.48900001525878906,78,OpenPlay,MissedShots,Head,Cross,Home
2025,2526,2025-09-27,Crystal Palace v Liverpool,Crystal Palace,Jefferson Lerma,,0.020115099847316742,0.7809999847412109,0.39799999237060546,79,SetPiece,MissedShots,RightFoot,None,Home
2025,2526,2025-09-27,Crystal Palace v Liverpool,Crystal Palace,Jefferson Lerma,Daichi Kamada,0.01893117092549801,0.725,0.5870000076293945,85,OpenPlay,BlockedShot,RightFoot,Pass,Home
2025,2526,2025-09-27,Crystal Palace v Liverpool,Crystal Palace,Daniel Muñoz,Eddie Nketiah,0.0978936105966568,0.8619999694824219,0.43099998474121093,85,OpenPlay,SavedShot,LeftFoot,BallTouch,Home
2025,2526,2025-09-27,Crystal Palace v Liverpool,Crystal Palace,Eddie Nketiah,Marc Guehi,0.4320649802684784,0.924000015258789,0.5540000152587891,96,OpenPlay,Goal,LeftFoot,HeadPass,Home
2025,2526,2025-09-27,Crystal Palace v Liverpool,Liverpool,Mohamed Salah,,0.10607809573411942,0.7909999847412109,0.5559999847412109,18,DirectFreekick,BlockedShot,LeftFoot,Standard,Away
2025,2526,2025-09-27,Crystal Palace v Liverpool,Liverpool,Ryan Gravenberch,,0.01760987378656864,0.7909999847412109,0.6519999694824219,18,SetPiece,SavedShot,RightFoot,Rebound,Away
2025,2526,2025-09-27,Crystal Palace v Liverpool,Liverpool,Milos Kerkez,,0.04265880957245827,0.9269999694824219,0.69,18,SetPiece,MissedShots,LeftFoot,Rebound,Away
2025,2526,2025-09-27,Crystal Palace v Liverpool,Liverpool,Alexander Isak,Mohamed Salah,0.07774045318365097,0.894000015258789,0.27899999618530275,27,OpenPlay,MissedShots,RightFoot,BallRecovery,Away
2025,2526,2025-09-27,Crystal Palace v Liverpool,Liverpool,Ibrahima Konaté,Dominik Szoboszlai,0.3558376729488373,0.9280000305175782,0.4809999847412109,37,FromCorner,MissedShots,Head,Cross,Away
2025,2526,2025-09-27,Crystal Palace v Liverpool,Liverpool,Florian Wirtz,,0.08775600045919418,0.865999984741211,0.5929999923706055,45,OpenPlay,BlockedShot,LeftFoot,TakeOn,Away
2025,2526,2025-09-27,Crystal Palace v Liverpool,Liverpool,Alexis Mac Allister,Milos Kerkez,0.06512843072414398,0.8209999847412109,0.509000015258789,46,OpenPlay,BlockedShot,RightFoot,Pass,Away
2025,2526,2025-09-27,Crystal Palace v Liverpool,Liverpool,Cody Gakpo,Florian Wirtz,0.03944385051727295,0.7869999694824219,0.55,51,OpenPlay,MissedShots,RightFoot,Pass,Away
2025,2526,2025-09-27,Crystal Palace v Liverpool,Liverpool,Mohamed Salah,Ibrahima Konaté,0.23416182398796082,0.914000015258789,0.32099998474121094,53,OpenPlay,SavedShot,LeftFoot,Chipped,Away
2025,2526,2025-09-27,Crystal Palace v Liverpool,Liverpool,Florian Wirtz,Dominik Szoboszlai,0.473807692527771,0.93,0.519000015258789,58,OpenPlay,SavedShot,RightFoot,Cross,Away
2025,2526,2025-09-27,Crystal Palace v Liverpool,Liverpool,Cody Gakpo,,0.026001110672950745,0.8730000305175781,0.7169999694824218,59,FromCorner,BlockedShot,LeftFoot,None,Away
2025,2526,2025-09-27,Crystal Palace v Liverpool,Liverpool,Ryan Gravenberch,Cody Gakpo,0.01809746026992798,0.759000015258789,0.6459999847412109,59,OpenPlay,MissedShots,RightFoot,Pass,Away
2025,2526,2025-09-27,Crystal Palace v Liverpool,Liverpool,Alexander Isak,Alexis Mac Allister,0.4024654030799866,0.9330000305175781,0.585,63,OpenPlay,MissedShots,RightFoot,Pass,Away
2025,2526,2025-09-27,Crystal Palace v Liverpool,Liverpool,Cody Gakpo,Dominik Szoboszlai,0.07172448188066483,0.899000015258789,0.5429999923706055,65,OpenPlay,MissedShots,Head,Cross,Away
2025,2526,2025-09-27,Crystal Palace v Liverpool,Liverpool,Alexander Isak,Curtis Jones,0.3938963711261749,0.9540000152587891,0.4590000152587891,69,FromCorner,MissedShots,Head,Cross,Away
2025,2526,2025-09-27,Crystal Palace v Liverpool,Liverpool,Curtis Jones,,0.01863868720829487,0.7469999694824219,0.534000015258789,75,OpenPlay,MissedShots,LeftFoot,BallTouch,Away
2025,2526,2025-09-27,Crystal Palace v Liverpool,Liverpool,Dominik Szoboszlai,,0.04575251415371895,0.88,0.32099998474121094,75,OpenPlay,BlockedShot,RightFoot,None,Away
2025,2526,2025-09-27,Crystal Palace v Liverpool,Liverpool,Mohamed Salah,Dominik Szoboszlai,0.13148462772369385,0.9309999847412109,0.46299999237060546,75,OpenPlay,MissedShots,LeftFoot,Rebound,Away
2025,2526,2025-09-27,Crystal Palace v Liverpool,Liverpool,Federico Chiesa,Mohamed Salah,0.050919756293296814,0.815,0.48900001525878906,84,OpenPlay,MissedShots,LeftFoot,Pass,Away
2025,2526,2025-09-27,Crystal Palace v Liverpool,Liverpool,Federico Chiesa,,0.45563381910324097,0.914000015258789,0.5559999847412109,86,OpenPlay,Goal,RightFoot,None,Away
2025,2526,2025-09-27,Leeds v Bournemouth,Leeds,Dominic Calvert-Lewin,Sean Longstaff,0.29511862993240356,0.8919999694824219,0.3920000076293945,0,OpenPlay,SavedShot,RightFoot,Chipped,Home
2025,2526,2025-09-27,Leeds v Bournemouth,Leeds,Sean Longstaff,,0.05882275477051735,0.8530000305175781,0.39299999237060546,17,OpenPlay,MissedShots,RightFoot,None,Home
2025,2526,2025-09-27,Leeds v Bournemouth,Leeds,Dominic Calvert-Lewin,Sean Longstaff,0.14390301704406738,0.93,0.5409999847412109,17,OpenPlay,SavedShot,RightFoot,Rebound,Home
2025,2526,2025-09-27,Leeds v Bournemouth,Leeds,Brenden Aaronson,Noah Okafor,0.5234494209289551,0.9390000152587891,0.48700000762939455,17,OpenPlay,SavedShot,Head,Aerial,Home
2025,2526,2025-09-27,Leeds v Bournemouth,Leeds,Brenden Aaronson,Jayden Bogle,0.05241433158516884,0.8730000305175781,0.37799999237060544,18,OpenPlay,MissedShots,RightFoot,Cross,Home
2025,2526,2025-09-27,Leeds v Bournemouth,Leeds,Dominic Calvert-Lewin,Brenden Aaronson,0.2850116491317749,0.9080000305175782,0.5479999923706055,18,OpenPlay,SavedShot,Head,Rebound,Home
2025,2526,2025-09-27,Leeds v Bournemouth,Leeds,Noah Okafor,,0.019042979925870895,0.7830000305175782,0.634000015258789,36,FromCorner,BlockedShot,RightFoot,None,Home
2025,2526,2025-09-27,Leeds v Bournemouth,Leeds,Joe Rodon,Sean Longstaff,0.040956467390060425,0.904000015258789,0.5770000076293945,36,FromCorner,Goal,Head,Cross,Home
2025,2526,2025-09-27,Leeds v Bournemouth,Leeds,Brenden Aaronson,Pascal Struijk,0.015542044304311275,0.8280000305175781,0.33599998474121096,43,OpenPlay,BlockedShot,RightFoot,Aerial,Home
2025,2526,2025-09-27,Leeds v Bournemouth,Leeds,Brenden Aaronson,Sean Longstaff,0.06817736476659775,0.8330000305175781,0.47099998474121096,51,OpenPlay,BlockedShot,RightFoot,BlockedPass,Home
2025,2526,2025-09-27,Leeds v Bournemouth,Leeds,Noah Okafor,,0.030303258448839188,0.9230000305175782,0.7230000305175781,53,FromCorner,BlockedShot,RightFoot,None,Home
2025,2526,2025-09-27,Leeds v Bournemouth,Leeds,Brenden Aaronson,,0.08042635768651962,0.8780000305175781,0.5640000152587891,53,FromCorner,BlockedShot,RightFoot,Rebound,Home
2025,2526,2025-09-27,Leeds v Bournemouth,Leeds,Sean Longstaff,,0.05472564324736595,0.8630000305175781,0.39599998474121095,53,FromCorner,Goal,RightFoot,None,Home
2025,2526,2025-09-27,Leeds v Bournemouth,Leeds,Joe Rodon,Sean Longstaff,0.055537186563014984,0.9359999847412109,0.544000015258789,64,FromCorner,BlockedShot,Head,Aerial,Home
2025,2526,2025-09-27,Leeds v Bournemouth,Leeds,Joe Rodon,,0.1397479772567749,0.9359999847412109,0.5409999847412109,64,FromCorner,SavedShot,RightFoot,Rebound,Home
2025,2526,2025-09-27,Leeds v Bournemouth,Leeds,Jack Harrison,Anton Stach,0.03881917893886566,0.769000015258789,0.5590000152587891,69,OpenPlay,SavedShot,LeftFoot,BallTouch,Home
2025,2526,2025-09-27,Leeds v Bournemouth,Leeds,Jack Harrison,Dominic Calvert-Lewin,0.05195796489715576,0.88,0.7119999694824218,73,OpenPlay,MissedShots,LeftFoot,HeadPass,Home
2025,2526,2025-09-27,Leeds v Bournemouth,Leeds,Pascal Struijk,Sean Longstaff,0.09580859541893005,0.9180000305175782,0.519000015258789,78,FromCorner,MissedShots,Head,Cross,Home
2025,2526,2025-09-27,Leeds v Bournemouth,Leeds,Joe Rodon,Sean Longstaff,0.031115632504224777,0.9269999694824219,0.565,85,FromCorner,MissedShots,Head,Aerial,Home
2025,2526,2025-09-27,Leeds v Bournemouth,Bournemouth,Ryan Christie,Antoine Semenyo,0.015981025993824005,0.7390000152587891,0.5259999847412109,4,OpenPlay,MissedShots,LeftFoot,Pass,Away
2025,2526,2025-09-27,Leeds v Bournemouth,Bournemouth,Ryan Christie,Amine Adli,0.03374139964580536,0.83,0.5790000152587891,5,FromCorner,MissedShots,LeftFoot,Pass,Away
2025,2526,2025-09-27,Leeds v Bournemouth,Bournemouth,Tyler Adams,Amine Adli,0.027403391897678375,0.795,0.3579999923706055,9,OpenPlay,BlockedShot,RightFoot,Pass,Away
2025,2526,2025-09-27,Leeds v Bournemouth,Bournemouth,Antoine Semenyo,,0.15621031820774078,0.8169999694824219,0.5559999847412109,25,DirectFreekick,Goal,RightFoot,Standard,Away
2025,2526,2025-09-27,Leeds v Bournemouth,Bournemouth,Amine Adli,Justin Kluivert,0.07953527569770813,0.8430000305175781,0.35400001525878905,39,OpenPlay,SavedShot,LeftFoot,Pass,Away
2025,2526,2025-09-27,Leeds v Bournemouth,Bournemouth,Evanilson,,0.05434005334973335,0.8480000305175781,0.3990000152587891,58,SetPiece,MissedShots,LeftFoot,None,Away
2025,2526,2025-09-27,Leeds v Bournemouth,Bournemouth,David Brooks,Alejandro Jiménez,0.04596828296780586,0.9580000305175781,0.33099998474121095,69,OpenPlay,SavedShot,LeftFoot,TakeOn,Away
2025,2526,2025-09-27,Leeds v Bournemouth,Bournemouth,Eli Junior Kroupi,Marcus Tavernier,0.019791070371866226,0.7319999694824219,0.49,83,OpenPlay,BlockedShot,RightFoot,Pass,Away
2025,2526,2025-09-27,Leeds v Bournemouth,Bournemouth,Eli Junior Kroupi,Evanilson,0.07590590417385101,0.855,0.58,84,OpenPlay,SavedShot,RightFoot,Pass,Away
2025,2526,2025-09-27,Leeds v Bournemouth,Bournemouth,Eli Junior Kroupi,Marcos Senesi,0.45427587628364563,0.9359999847412109,0.5740000152587891,92,SetPiece,Goal,RightFoot,HeadPass,Away
2025,2526,2025-09-27,Leeds v Bournemouth,Bournemouth,David Brooks,,0.012017984874546528,0.75,0.51,95,OpenPlay,MissedShots,LeftFoot,Aerial,Away
2025,2526,2025-09-27,Leeds v Bournemouth,Bournemouth,Ben Doak,,0.08515836298465729,0.874000015258789,0.47900001525878905,96,OpenPlay,BlockedShot,RightFoot,None,Away
2025,2526,2025-09-27,Manchester City v Burnley,Manchester City,Josko Gvardiol,Phil Foden,0.015029344707727432,0.735,0.61,5,OpenPlay,BlockedShot,LeftFoot,Pass,Home
2025,2526,2025-09-27,Manchester City v Burnley,Manchester City,Nico O&#039;Reilly,,0.011042925529181957,0.7680000305175781,0.685,10,OpenPlay,BlockedShot,LeftFoot,Aerial,Home
2025,2526,2025-09-27,Manchester City v Burnley,Manchester City,Sávio,,0.0183347649872303,0.8569999694824219,0.325,10,FromCorner,MissedShots,LeftFoot,Aerial,Home
2025,2526,2025-09-27,Manchester City v Burnley,Manchester City,Jéremy Doku,Erling Haaland,0.11835430562496185,0.925,0.6609999847412109,11,OpenPlay,SavedShot,LeftFoot,TakeOn,Home
2025,2526,2025-09-27,Manchester City v Burnley,Manchester City,Tijjani Reijnders,Jéremy Doku,0.0644005835056305,0.8130000305175781,0.500999984741211,20,OpenPlay,BlockedShot,RightFoot,Pass,Home
2025,2526,2025-09-27,Manchester City v Burnley,Manchester City,Jéremy Doku,,0.34700143337249756,0.9330000305175781,0.644000015258789,24,OpenPlay,SavedShot,LeftFoot,None,Home
2025,2526,2025-09-27,Manchester City v Burnley,Manchester City,Nico González,,0.06629744172096252,0.7809999847412109,0.485,24,OpenPlay,BlockedShot,RightFoot,TakeOn,Home
2025,2526,2025-09-27,Manchester City v Burnley,Manchester City,Erling Haaland,Nico González,0.4720453917980194,0.9369999694824219,0.45799999237060546,24,FromCorner,MissedShots,LeftFoot,HeadPass,Home
2025,2526,2025-09-27,Manchester City v Burnley,Manchester City,Erling Haaland,Josko Gvardiol,0.07865875214338303,0.8869999694824219,0.4490000152587891,39,OpenPlay,MissedShots,LeftFoot,Cross,Home
2025,2526,2025-09-27,Manchester City v Burnley,Manchester City,Matheus Nunes,,0.014534319750964642,0.73,0.5720000076293945,45,FromCorner,MissedShots,LeftFoot,None,Home
2025,2526,2025-09-27,Manchester City v Burnley,Manchester City,Josko Gvardiol,Jéremy Doku,0.016622938215732574,0.7769999694824219,0.6840000152587891,45,OpenPlay,BlockedShot,RightFoot,Pass,Home
2025,2526,2025-09-27,Manchester City v Burnley,Manchester City,Erling Haaland,Phil Foden,0.012025133706629276,0.9169999694824219,0.34700000762939454,52,FromCorner,BlockedShot,Head,Cross,Home
2025,2526,2025-09-27,Manchester City v Burnley,Manchester City,Tijjani Reijnders,Nico González,0.03158290684223175,0.8059999847412109,0.5529999923706055,58,FromCorner,MissedShots,RightFoot,LayOff,Home
2025,2526,2025-09-27,Manchester City v Burnley,Manchester City,Matheus Nunes,Erling Haaland,0.5216270089149475,0.9330000305175781,0.47200000762939454,60,OpenPlay,Goal,RightFoot,HeadPass,Home
2025,2526,2025-09-27,Manchester City v Burnley,Manchester City,Erling Haaland,Nico O&#039;Reilly,0.04706777259707451,0.9209999847412109,0.43400001525878906,69,OpenPlay,MissedShots,Head,Aerial,Home
2025,2526,2025-09-27,Manchester City v Burnley,Manchester City,Tijjani Reijnders,Nico O&#039;Reilly,0.028325989842414856,0.73,0.5229999923706055,72,OpenPlay,SavedShot,RightFoot,Pass,Home
2025,2526,2025-09-27,Manchester City v Burnley,Manchester City,Jéremy Doku,Nathan Aké,0.1935984045267105,0.9259999847412109,0.615,74,OpenPlay,SavedShot,RightFoot,TakeOn,Home
2025,2526,2025-09-27,Manchester City v Burnley,Manchester City,Erling Haaland,,0.09785023331642151,0.87,0.4,85,OpenPlay,SavedShot,LeftFoot,BallRecovery,Home
2025,2526,2025-09-27,Manchester City v Burnley,Manchester City,Nathan Aké,Phil Foden,0.030900202691555023,0.9130000305175782,0.534000015258789,86,FromCorner,MissedShots,Head,Aerial,Home
2025,2526,2025-09-27,Manchester City v Burnley,Manchester City,Erling Haaland,Jéremy Doku,0.5415464043617249,0.919000015258789,0.435,89,OpenPlay,Goal,LeftFoot,Pass,Home
2025,2526,2025-09-27,Manchester City v Burnley,Manchester City,Erling Haaland,,0.4944879412651062,0.8809999847412109,0.5159999847412109,92,OpenPlay,Goal,LeftFoot,None,Home
2025,2526,2025-09-27,Manchester City v Burnley,Burnley,Maxime Estève,,0.0,0.04300000190734863,0.47400001525878904,11,OpenPlay,OwnGoal,LeftFoot,Save,Away
2025,2526,2025-09-27,Manchester City v Burnley,Burnley,Kyle Walker,Josh Cullen,0.02084440365433693,0.7719999694824219,0.325,22,OpenPlay,BlockedShot,RightFoot,Pass,Away
2025,2526,2025-09-27,Manchester City v Burnley,Burnley,Loum Tchaouna,Lyle Foster,0.07338956743478775,0.86,0.3970000076293945,29,OpenPlay,BlockedShot,LeftFoot,Pass,Away
2025,2526,2025-09-27,Manchester City v Burnley,Burnley,Josh Laurent,,0.0366329625248909,0.8590000152587891,0.2989999961853027,29,OpenPlay,BlockedShot,RightFoot,Rebound,Away
2025,2526,2025-09-27,Manchester City v Burnley,Burnley,Jaidon Anthony,Quilindschy Hartman,0.10541720688343048,0.8969999694824219,0.5529999923706055,37,OpenPlay,Goal,LeftFoot,Pass,Away
2025,2526,2025-09-27,Manchester City v Burnley,Burnley,Lyle Foster,Hjalmar Ekdal,0.11199194192886353,0.9130000305175782,0.5370000076293945,43,OpenPlay,MissedShots,RightFoot,HeadPass,Away
2025,2526,2025-09-27,Manchester City v Burnley,Burnley,Lyle Foster,Jaidon Anthony,0.053459253162145615,0.8159999847412109,0.6869999694824219,46,OpenPlay,BlockedShot,RightFoot,Pass,Away
2025,2526,2025-09-27,Manchester City v Burnley,Burnley,Quilindschy Hartman,Jaidon Anthony,0.020625118166208267,0.784000015258789,0.6959999847412109,55,OpenPlay,SavedShot,LeftFoot,Pass,Away
2025,2526,2025-09-27,Manchester City v Burnley,Burnley,Lyle Foster,Jaidon Anthony,0.0722714439034462,0.904000015258789,0.435,55,OpenPlay,BlockedShot,Head,Cross,Away
2025,2526,2025-09-27,Manchester City v Burnley,Burnley,Maxime Estève,,0.018914276733994484,0.8019999694824219,0.69,56,OpenPlay,MissedShots,LeftFoot,Rebound,Away
2025,2526,2025-09-27,Manchester City v Burnley,Burnley,Maxime Estève,,0.0,0.08899999618530273,0.580999984741211,64,OpenPlay,OwnGoal,RightFoot,None,Away
2025,2526,2025-09-27,Nottingham Forest v Sunderland,Nottingham Forest,Chris Wood,Neco Williams,0.03518540412187576,0.91,0.5,22,FromCorner,MissedShots,Head,Aerial,Home
2025,2526,2025-09-27,Nottingham Forest v Sunderland,Nottingham Forest,Elliot Anderson,Dilane Bakwa,0.11582688987255096,0.8480000305175781,0.5559999847412109,25,OpenPlay,BlockedShot,LeftFoot,Pass,Home
2025,2526,2025-09-27,Nottingham Forest v Sunderland,Nottingham Forest,Chris Wood,Neco Williams,0.03311945125460625,0.8880000305175781,0.46799999237060547,26,OpenPlay,MissedShots,Head,Aerial,Home
2025,2526,2025-09-27,Nottingham Forest v Sunderland,Nottingham Forest,Dan Ndoye,,0.05085190013051033,0.87,0.6459999847412109,46,OpenPlay,BlockedShot,RightFoot,None,Home
2025,2526,2025-09-27,Nottingham Forest v Sunderland,Nottingham Forest,Chris Wood,Dilane Bakwa,0.13360798358917236,0.9730000305175781,0.544000015258789,47,FromCorner,MissedShots,Head,Cross,Home
2025,2526,2025-09-27,Nottingham Forest v Sunderland,Nottingham Forest,James McAtee,Dilane Bakwa,0.01315337885171175,0.6859999847412109,0.42,57,OpenPlay,BlockedShot,LeftFoot,Pass,Home
2025,2526,2025-09-27,Nottingham Forest v Sunderland,Nottingham Forest,Morgan Gibbs-White,,0.02340538427233696,0.7630000305175781,0.5729999923706055,63,OpenPlay,BlockedShot,LeftFoot,None,Home
2025,2526,2025-09-27,Nottingham Forest v Sunderland,Nottingham Forest,Morgan Gibbs-White,,0.06003512814640999,0.9059999847412109,0.64,63,FromCorner,MissedShots,RightFoot,None,Home
2025,2526,2025-09-27,Nottingham Forest v Sunderland,Nottingham Forest,Elliot Anderson,Callum Hudson-Odoi,0.024488838389515877,0.8240000152587891,0.700999984741211,64,OpenPlay,MissedShots,RightFoot,Pass,Home
2025,2526,2025-09-27,Nottingham Forest v Sunderland,Nottingham Forest,Nikola Milenkovic,Neco Williams,0.04757982864975929,0.889000015258789,0.5159999847412109,65,FromCorner,MissedShots,Head,Cross,Home
2025,2526,2025-09-27,Nottingham Forest v Sunderland,Nottingham Forest,Elliot Anderson,Oleksandr Zinchenko,0.019006147980690002,0.784000015258789,0.7030000305175781,66,FromCorner,MissedShots,RightFoot,Pass,Home
2025,2526,2025-09-27,Nottingham Forest v Sunderland,Nottingham Forest,Dilane Bakwa,,0.054700203239917755,0.835999984741211,0.4779999923706055,67,OpenPlay,SavedShot,LeftFoot,BallTouch,Home
2025,2526,2025-09-27,Nottingham Forest v Sunderland,Nottingham Forest,Igor Jesus,Omari Hutchinson,0.06851232051849365,0.9030000305175782,0.39,72,OpenPlay,BlockedShot,RightFoot,BallRecovery,Home
2025,2526,2025-09-27,Nottingham Forest v Sunderland,Nottingham Forest,Omari Hutchinson,,0.08545434474945068,0.889000015258789,0.44799999237060545,72,OpenPlay,SavedShot,LeftFoot,Rebound,Home
2025,2526,2025-09-27,Nottingham Forest v Sunderland,Nottingham Forest,Igor Jesus,Omari Hutchinson,0.05337727442383766,0.8819999694824219,0.48700000762939455,73,OpenPlay,SavedShot,Head,Cross,Home
2025,2526,2025-09-27,Nottingham Forest v Sunderland,Nottingham Forest,Elliot Anderson,Morgan Gibbs-White,0.019598819315433502,0.76,0.6370000076293946,73,OpenPlay,SavedShot,RightFoot,Pass,Home
2025,2526,2025-09-27,Nottingham Forest v Sunderland,Nottingham Forest,Chris Wood,Omari Hutchinson,0.11196960508823395,0.93,0.47099998474121096,79,OpenPlay,SavedShot,RightFoot,Cross,Home
2025,2526,2025-09-27,Nottingham Forest v Sunderland,Nottingham Forest,Chris Wood,,0.05336592346429825,0.96,0.33099998474121095,79,OpenPlay,MissedShots,RightFoot,Rebound,Home
2025,2526,2025-09-27,Nottingham Forest v Sunderland,Nottingham Forest,Chris Wood,Omari Hutchinson,0.3272562325000763,0.93,0.5459999847412109,80,OpenPlay,MissedShots,Head,Cross,Home
2025,2526,2025-09-27,Nottingham Forest v Sunderland,Nottingham Forest,Omari Hutchinson,Neco Williams,0.03048582375049591,0.8209999847412109,0.3029999923706055,83,OpenPlay,SavedShot,LeftFoot,Pass,Home
2025,2526,2025-09-27,Nottingham Forest v Sunderland,Nottingham Forest,Morgan Gibbs-White,Elliot Anderson,0.04506363719701767,0.86,0.3029999923706055,87,OpenPlay,BlockedShot,RightFoot,Pass,Home
2025,2526,2025-09-27,Nottingham Forest v Sunderland,Nottingham Forest,Morato,Callum Hudson-Odoi,0.026082856580615044,0.8169999694824219,0.675,92,OpenPlay,MissedShots,LeftFoot,Pass,Home
2025,2526,2025-09-27,Nottingham Forest v Sunderland,Sunderland,Wilson Isidor,,0.06955966353416443,0.8519999694824218,0.47,8,OpenPlay,MissedShots,RightFoot,None,Away
2025,2526,2025-09-27,Nottingham Forest v Sunderland,Sunderland,Noah Sadiki,Robin Roefs,0.02774260938167572,0.7930000305175782,0.6379999923706055,35,OpenPlay,BlockedShot,LeftFoot,Pass,Away
2025,2526,2025-09-27,Nottingham Forest v Sunderland,Sunderland,Omar Alderete,Granit Xhaka,0.4132494628429413,0.9480000305175781,0.549000015258789,37,SetPiece,Goal,Head,Chipped,Away
2025,2526,2025-09-27,Nottingham Forest v Sunderland,Sunderland,Wilson Isidor,Robin Roefs,0.15563036501407623,0.8919999694824219,0.610999984741211,47,OpenPlay,BlockedShot,RightFoot,TakeOn,Away
2025,2526,2025-09-27,Nottingham Forest v Sunderland,Sunderland,Trai Hume,,0.021325044333934784,0.7609999847412109,0.32099998474121094,47,OpenPlay,MissedShots,RightFoot,None,Away
2025,2526,2025-09-27,Nottingham Forest v Sunderland,Sunderland,Arthur Masuaku,,0.07842346280813217,0.8880000305175781,0.445,49,SetPiece,BlockedShot,LeftFoot,None,Away
2025,2526,2025-09-27,Nottingham Forest v Sunderland,Sunderland,Chemsdine Talbi,,0.03673868253827095,0.855,0.34599998474121096,49,SetPiece,MissedShots,LeftFoot,Rebound,Away
2025,2526,2025-09-27,Nottingham Forest v Sunderland,Sunderland,Chris Rigg,,0.04101390019059181,0.8190000152587891,0.4879999923706055,50,FromCorner,MissedShots,LeftFoot,None,Away
2025,2526,2025-09-27,Nottingham Forest v Sunderland,Sunderland,Bertrand Traoré,Enzo Le Fée,0.08234591782093048,0.8590000152587891,0.35900001525878905,68,OpenPlay,SavedShot,LeftFoot,Pass,Away
2025,2526,2025-09-27,Nottingham Forest v Sunderland,Sunderland,Dan Ballard,,0.537736713886261,0.960999984741211,0.5679999923706055,89,FromCorner,MissedShots,RightFoot,None,Away
2025,2526,2025-09-27,Nottingham Forest v Sunderland,Sunderland,Lutsharel Geertruida,Bertrand Traoré,0.48065900802612305,0.915,0.4420000076293945,93,OpenPlay,SavedShot,RightFoot,Pass,Away
2025,2526,2025-09-27,Tottenham v Wolverhampton Wanderers,Tottenham,Mohammed Kudus,Xavi Simons,0.4103844463825226,0.9719999694824218,0.43200000762939456,14,OpenPlay,SavedShot,Head,Cross,Home
2025,2526,2025-09-27,Tottenham v Wolverhampton Wanderers,Tottenham,Lucas Bergvall,,0.13262152671813965,0.8640000152587891,0.5029999923706054,22,OpenPlay,MissedShots,RightFoot,End,Home
2025,2526,2025-09-27,Tottenham v Wolverhampton Wanderers,Tottenham,Micky van de Ven,Djed Spence,0.021339932456612587,0.8930000305175781,0.4,29,FromCorner,BlockedShot,Head,Cross,Home
2025,2526,2025-09-27,Tottenham v Wolverhampton Wanderers,Tottenham,Lucas Bergvall,Mohammed Kudus,0.061938971281051636,0.889000015258789,0.47900001525878905,40,FromCorner,MissedShots,RightFoot,Cross,Home
2025,2526,2025-09-27,Tottenham v Wolverhampton Wanderers,Tottenham,Mohammed Kudus,João Palhinha,0.03407825157046318,0.8530000305175781,0.28399999618530275,42,OpenPlay,SavedShot,LeftFoot,Chipped,Home
2025,2526,2025-09-27,Tottenham v Wolverhampton Wanderers,Tottenham,Rodrigo Bentancur,,0.06092238053679466,0.8930000305175781,0.625999984741211,60,OpenPlay,BlockedShot,RightFoot,None,Home
2025,2526,2025-09-27,Tottenham v Wolverhampton Wanderers,Tottenham,Richarlison,Pedro Porro,0.013495173305273056,0.8680000305175781,0.585999984741211,79,OpenPlay,MissedShots,Head,Aerial,Home
2025,2526,2025-09-27,Tottenham v Wolverhampton Wanderers,Tottenham,Cristian Romero,Micky van de Ven,0.018122714012861252,0.730999984741211,0.4620000076293945,81,OpenPlay,MissedShots,RightFoot,Pass,Home
2025,2526,2025-09-27,Tottenham v Wolverhampton Wanderers,Tottenham,João Palhinha,,0.015520984306931496,0.7330000305175781,0.5629999923706055,82,OpenPlay,MissedShots,RightFoot,Dispossessed,Home
2025,2526,2025-09-27,Tottenham v Wolverhampton Wanderers,Tottenham,João Palhinha,Pape Sarr,0.050286512821912766,0.8169999694824219,0.629000015258789,93,OpenPlay,Goal,RightFoot,LayOff,Home
2025,2526,2025-09-27,Tottenham v Wolverhampton Wanderers,Wolverhampton Wanderers,Jørgen Strand Larsen,,0.06253957748413086,0.945,0.57,5,OpenPlay,MissedShots,Head,Aerial,Away
2025,2526,2025-09-27,Tottenham v Wolverhampton Wanderers,Wolverhampton Wanderers,Hee-Chan Hwang,Jhon Arias,0.01300862617790699,0.7130000305175781,0.7180000305175781,24,FromCorner,MissedShots,RightFoot,Pass,Away
2025,2526,2025-09-27,Tottenham v Wolverhampton Wanderers,Wolverhampton Wanderers,Jhon Arias,Santiago Bueno,0.02225051261484623,0.8080000305175781,0.2560000038146973,37,OpenPlay,MissedShots,RightFoot,Pass,Away
2025,2526,2025-09-27,Tottenham v Wolverhampton Wanderers,Wolverhampton Wanderers,Jhon Arias,,0.03637189418077469,0.765,0.639000015258789,47,OpenPlay,BlockedShot,LeftFoot,None,Away
2025,2526,2025-09-27,Tottenham v Wolverhampton Wanderers,Wolverhampton Wanderers,Matt Doherty,,0.05208981782197952,0.9309999847412109,0.335,48,FromCorner,ShotOnPost,RightFoot,None,Away
2025,2526,2025-09-27,Tottenham v Wolverhampton Wanderers,Wolverhampton Wanderers,Ladislav Krejcí,Jhon Arias,0.0227481909096241,0.899000015258789,0.4,53,FromCorner,SavedShot,Head,Cross,Away
2025,2526,2025-09-27,Tottenham v Wolverhampton Wanderers,Wolverhampton Wanderers,Santiago Bueno,,0.627437174320221,0.9569999694824218,0.524000015258789,53,FromCorner,Goal,RightFoot,Rebound,Away
2025,2526,2025-09-27,Tottenham v Wolverhampton Wanderers,Wolverhampton Wanderers,Jean-Ricner Bellegarde,Ladislav Krejcí,0.0792684480547905,0.8969999694824219,0.645,67,OpenPlay,MissedShots,LeftFoot,Chipped,Away
2025,2526,2025-09-27,Tottenham v Wolverhampton Wanderers,Wolverhampton Wanderers,Hugo Bueno,Jhon Arias,0.2580723166465759,0.8930000305175781,0.6940000152587891,73,OpenPlay,SavedShot,LeftFoot,Pass,Away
2025,2526,2025-09-28,Aston Villa v Fulham,Aston Villa,Harvey Elliott,John McGinn,0.036054305732250214,0.9569999694824218,0.664000015258789,15,FromCorner,BlockedShot,LeftFoot,Cross,Home
2025,2526,2025-09-28,Aston Villa v Fulham,Aston Villa,John McGinn,Morgan Rogers,0.26074323058128357,0.9019999694824219,0.39099998474121095,16,OpenPlay,MissedShots,LeftFoot,Foul,Home
2025,2526,2025-09-28,Aston Villa v Fulham,Aston Villa,Matthew Cash,,0.011156515218317509,0.740999984741211,0.6329999923706054,34,SetPiece,MissedShots,RightFoot,None,Home
2025,2526,2025-09-28,Aston Villa v Fulham,Aston Villa,Ollie Watkins,Lucas Digne,0.2963070869445801,0.879000015258789,0.5220000076293946,36,OpenPlay,Goal,RightFoot,Throughball,Home
2025,2526,2025-09-28,Aston Villa v Fulham,Aston Villa,John McGinn,Morgan Rogers,0.019020991399884224,0.7440000152587891,0.5820000076293945,42,OpenPlay,BlockedShot,LeftFoot,Pass,Home
2025,2526,2025-09-28,Aston Villa v Fulham,Aston Villa,John McGinn,Emiliano Buendía,0.033619143068790436,0.78,0.534000015258789,48,OpenPlay,Goal,LeftFoot,Pass,Home
2025,2526,2025-09-28,Aston Villa v Fulham,Aston Villa,Emiliano Buendía,Morgan Rogers,0.6291019916534424,0.955999984741211,0.5379999923706055,50,OpenPlay,Goal,RightFoot,None,Home
2025,2526,2025-09-28,Aston Villa v Fulham,Aston Villa,Lucas Digne,,0.0548059418797493,0.7630000305175781,0.3340000152587891,53,DirectFreekick,SavedShot,LeftFoot,Standard,Home
2025,2526,2025-09-28,Aston Villa v Fulham,Aston Villa,Emiliano Buendía,Lamare Bogarde,0.024937927722930908,0.740999984741211,0.40299999237060546,63,OpenPlay,MissedShots,RightFoot,Pass,Home
2025,2526,2025-09-28,Aston Villa v Fulham,Fulham,Raúl Jiménez,Sasa Lukic,0.0814206451177597,0.9480000305175781,0.5829999923706055,2,FromCorner,Goal,Head,Cross,Away
2025,2526,2025-09-28,Aston Villa v Fulham,Fulham,Joshua King,,0.06625490635633469,0.865,0.66,11,OpenPlay,SavedShot,RightFoot,None,Away
2025,2526,2025-09-28,Aston Villa v Fulham,Fulham,Joshua King,,0.2218199074268341,0.8540000152587891,0.590999984741211,22,OpenPlay,BlockedShot,RightFoot,TakeOn,Away
2025,2526,2025-09-28,Aston Villa v Fulham,Fulham,Harry Wilson,Calvin Bassey,0.023829974234104156,0.754000015258789,0.4179999923706055,28,OpenPlay,BlockedShot,LeftFoot,Chipped,Away
2025,2526,2025-09-28,Aston Villa v Fulham,Fulham,Harry Wilson,Joshua King,0.029906651005148888,0.749000015258789,0.5729999923706055,39,OpenPlay,BlockedShot,LeftFoot,Pass,Away
2025,2526,2025-09-28,Aston Villa v Fulham,Fulham,Joshua King,Adama Traoré,0.050965968519449234,0.8819999694824219,0.5359999847412109,42,OpenPlay,SavedShot,Head,Cross,Away
2025,2526,2025-09-28,Aston Villa v Fulham,Fulham,Harry Wilson,Sasa Lukic,0.09630493074655533,0.855999984741211,0.525,47,OpenPlay,MissedShots,LeftFoot,Pass,Away
2025,2526,2025-09-28,Aston Villa v Fulham,Fulham,Sasa Lukic,Adama Traoré,0.3094286322593689,0.9080000305175782,0.37099998474121093,53,OpenPlay,BlockedShot,RightFoot,Pass,Away
2025,2526,2025-09-28,Aston Villa v Fulham,Fulham,Samuel Chukwueze,,0.03951043635606766,0.865999984741211,0.42700000762939455,81,OpenPlay,MissedShots,LeftFoot,Aerial,Away
2025,2526,2025-09-28,Aston Villa v Fulham,Fulham,Sasa Lukic,Timothy Castagne,0.008021335117518902,0.8530000305175781,0.37099998474121093,85,OpenPlay,MissedShots,Head,Cross,Away
2025,2526,2025-09-28,Aston Villa v Fulham,Fulham,Samuel Chukwueze,,0.025148577988147736,0.8490000152587891,0.6029999923706054,90,OpenPlay,MissedShots,LeftFoot,Aerial,Away
2025,2526,2025-09-28,Newcastle United v Arsenal,Newcastle United,Malick Thiaw,Sandro Tonali,0.01677485555410385,0.8909999847412109,0.5170000076293946,10,FromCorner,SavedShot,Head,Aerial,Home
2025,2526,2025-09-28,Newcastle United v Arsenal,Newcastle United,Malick Thiaw,Sandro Tonali,0.02546302229166031,0.905,0.5170000076293946,12,FromCorner,BlockedShot,Head,Aerial,Home
2025,2526,2025-09-28,Newcastle United v Arsenal,Newcastle United,Anthony Gordon,Joelinton,0.04746071621775627,0.815,0.7230000305175781,25,OpenPlay,SavedShot,RightFoot,Pass,Home
2025,2526,2025-09-28,Newcastle United v Arsenal,Newcastle United,Nick Woltemade,Sandro Tonali,0.3389509320259094,0.924000015258789,0.49700000762939456,33,FromCorner,Goal,Head,Cross,Home
2025,2526,2025-09-28,Newcastle United v Arsenal,Newcastle United,Joelinton,Anthony Gordon,0.021990980952978134,0.8490000152587891,0.7430000305175781,56,SetPiece,MissedShots,LeftFoot,Pass,Home
2025,2526,2025-09-28,Newcastle United v Arsenal,Newcastle United,Jacob Murphy,Bruno Guimarães,0.15196345746517181,0.9069999694824219,0.6659999847412109,64,OpenPlay,BlockedShot,LeftFoot,Throughball,Home
2025,2526,2025-09-28,Newcastle United v Arsenal,Newcastle United,Anthony Elanga,Bruno Guimarães,0.058944594115018845,0.9019999694824219,0.3089999961853027,85,OpenPlay,BlockedShot,RightFoot,Pass,Home
2025,2526,2025-09-28,Newcastle United v Arsenal,Newcastle United,Jamaal Lascelles,Sven Botman,0.0783025473356247,0.8859999847412109,0.55,98,SetPiece,BlockedShot,LeftFoot,None,Home
2025,2526,2025-09-28,Newcastle United v Arsenal,Arsenal,Viktor Gyokeres,Declan Rice,0.02406321093440056,0.865,0.4229999923706055,1,SetPiece,SavedShot,Head,Cross,Away
2025,2526,2025-09-28,Newcastle United v Arsenal,Arsenal,Eberechi Eze,,0.06574471294879913,0.8580000305175781,0.5929999923706055,4,OpenPlay,SavedShot,LeftFoot,None,Away
2025,2526,2025-09-28,Newcastle United v Arsenal,Arsenal,Viktor Gyokeres,Jurriën Timber,0.10123506933450699,0.8680000305175781,0.4259999847412109,6,OpenPlay,BlockedShot,RightFoot,Pass,Away
2025,2526,2025-09-28,Newcastle United v Arsenal,Arsenal,Riccardo Calafiori,Viktor Gyokeres,0.06120205298066139,0.945,0.425,23,SetPiece,MissedShots,Head,HeadPass,Away
2025,2526,2025-09-28,Newcastle United v Arsenal,Arsenal,Leandro Trossard,Declan Rice,0.3624851405620575,0.9180000305175782,0.605,24,OpenPlay,ShotOnPost,LeftFoot,Pass,Away
2025,2526,2025-09-28,Newcastle United v Arsenal,Arsenal,Eberechi Eze,Jurriën Timber,0.09040358662605286,0.8430000305175781,0.505,27,OpenPlay,BlockedShot,LeftFoot,Pass,Away
2025,2526,2025-09-28,Newcastle United v Arsenal,Arsenal,Eberechi Eze,,0.0644865557551384,0.8390000152587891,0.46599998474121096,28,OpenPlay,SavedShot,RightFoot,None,Away
2025,2526,2025-09-28,Newcastle United v Arsenal,Arsenal,Bukayo Saka,Viktor Gyokeres,0.07395860552787781,0.9219999694824219,0.27399999618530274,31,OpenPlay,SavedShot,RightFoot,Pass,Away
2025,2526,2025-09-28,Newcastle United v Arsenal,Arsenal,Riccardo Calafiori,Martín Zubimendi,0.011338875629007816,0.8830000305175781,0.85,48,OpenPlay,MissedShots,LeftFoot,Chipped,Away
2025,2526,2025-09-28,Newcastle United v Arsenal,Arsenal,Viktor Gyokeres,Riccardo Calafiori,0.018635112792253494,0.860999984741211,0.580999984741211,50,OpenPlay,MissedShots,Head,Cross,Away
2025,2526,2025-09-28,Newcastle United v Arsenal,Arsenal,Eberechi Eze,Leandro Trossard,0.08038090169429779,0.8859999847412109,0.505,54,OpenPlay,MissedShots,LeftFoot,Cross,Away
2025,2526,2025-09-28,Newcastle United v Arsenal,Arsenal,Jurriën Timber,Martín Zubimendi,0.25163203477859497,0.9230000305175782,0.519000015258789,58,OpenPlay,SavedShot,Head,Chipped,Away
2025,2526,2025-09-28,Newcastle United v Arsenal,Arsenal,Jurriën Timber,William Saliba,0.09533271938562393,0.9169999694824219,0.5829999923706055,59,FromCorner,MissedShots,RightFoot,HeadPass,Away
2025,2526,2025-09-28,Newcastle United v Arsenal,Arsenal,Bukayo Saka,Jurriën Timber,0.028277697041630745,0.8530000305175781,0.2720000076293945,68,OpenPlay,BlockedShot,LeftFoot,Pass,Away
2025,2526,2025-09-28,Newcastle United v Arsenal,Arsenal,Viktor Gyokeres,,0.05164819583296776,0.9540000152587891,0.325,70,OpenPlay,BlockedShot,RightFoot,None,Away
2025,2526,2025-09-28,Newcastle United v Arsenal,Arsenal,Viktor Gyokeres,Eberechi Eze,0.05949404463171959,0.835999984741211,0.4159999847412109,81,OpenPlay,BlockedShot,RightFoot,Pass,Away
2025,2526,2025-09-28,Newcastle United v Arsenal,Arsenal,Viktor Gyokeres,,0.057766225188970566,0.865,0.3990000152587891,81,OpenPlay,MissedShots,RightFoot,Rebound,Away
2025,2526,2025-09-28,Newcastle United v Arsenal,Arsenal,Mikel Merino,Declan Rice,0.032971903681755066,0.909000015258789,0.5279999923706055,83,FromCorner,Goal,Head,Aerial,Away
2025,2526,2025-09-28,Newcastle United v Arsenal,Arsenal,Gabriel Martinelli,,0.042304981499910355,0.8209999847412109,0.51,94,FromCorner,BlockedShot,LeftFoot,None,Away
2025,2526,2025-09-28,Newcastle United v Arsenal,Arsenal,Gabriel,Martin Odegaard,0.5005578398704529,0.9580000305175781,0.485,95,FromCorner,Goal,Head,Cross,Away
2025,2526,2025-09-29,Everton v West Ham,Everton,Beto,James Tarkowski,0.259369432926178,0.9109999847412109,0.455,14,OpenPlay,SavedShot,Head,Cross,Home
2025,2526,2025-09-29,Everton v West Ham,Everton,Iliman Ndiaye,Kiernan Dewsbury-Hall,0.07146254181861877,0.840999984741211,0.33599998474121096,15,OpenPlay,SavedShot,LeftFoot,Pass,Home
2025,2526,2025-09-29,Everton v West Ham,Everton,Michael Keane,James Garner,0.06543771922588348,0.895,0.5220000076293946,17,FromCorner,Goal,Head,Cross,Home
2025,2526,2025-09-29,Everton v West Ham,Everton,Kiernan Dewsbury-Hall,Iliman Ndiaye,0.03163493052124977,0.9009999847412109,0.5520000076293945,34,SetPiece,MissedShots,Head,Aerial,Home
2025,2526,2025-09-29,Everton v West Ham,Everton,Jake O&#039;Brien,,0.07636772096157074,0.9359999847412109,0.33099998474121095,47,OpenPlay,BlockedShot,RightFoot,None,Home
2025,2526,2025-09-29,Everton v West Ham,Everton,Idrissa Gueye,Jack Grealish,0.040562789887189865,0.8219999694824218,0.39099998474121095,48,FromCorner,MissedShots,RightFoot,Pass,Home
2025,2526,2025-09-29,Everton v West Ham,Everton,James Garner,Iliman Ndiaye,0.08038363605737686,0.884000015258789,0.3290000152587891,49,OpenPlay,BlockedShot,RightFoot,Pass,Home
2025,2526,2025-09-29,Everton v West Ham,Everton,James Garner,Jack Grealish,0.08670539408922195,0.8440000152587891,0.5820000076293945,51,OpenPlay,SavedShot,RightFoot,Pass,Home
2025,2526,2025-09-29,Everton v West Ham,Everton,Kiernan Dewsbury-Hall,Jack Grealish,0.08681735396385193,0.850999984741211,0.5770000076293945,55,OpenPlay,BlockedShot,LeftFoot,Pass,Home
2025,2526,2025-09-29,Everton v West Ham,Everton,James Garner,,0.027368303388357162,0.855,0.30700000762939456,57,FromCorner,SavedShot,RightFoot,None,Home
2025,2526,2025-09-29,Everton v West Ham,Everton,James Garner,,0.04392853006720543,0.7980000305175782,0.785,82,DirectFreekick,MissedShots,RightFoot,Standard,Home
2025,2526,2025-09-29,Everton v West Ham,Everton,James Garner,Jack Grealish,0.03966496139764786,0.8159999847412109,0.6029999923706054,89,SetPiece,SavedShot,RightFoot,Pass,Home
2025,2526,2025-09-29,Everton v West Ham,West Ham,Lucas Paquetá,Niclas Füllkrug,0.07278106361627579,0.825999984741211,0.5379999923706055,8,OpenPlay,BlockedShot,LeftFoot,Pass,Away
2025,2526,2025-09-29,Everton v West Ham,West Ham,Crysencio Summerville,Niclas Füllkrug,0.07681732624769211,0.8719999694824219,0.39299999237060546,12,OpenPlay,BlockedShot,RightFoot,BallTouch,Away
2025,2526,2025-09-29,Everton v West Ham,West Ham,Niclas Füllkrug,Crysencio Summerville,0.07815655320882797,0.875999984741211,0.49700000762939456,15,OpenPlay,MissedShots,LeftFoot,Cross,Away
2025,2526,2025-09-29,Everton v West Ham,West Ham,Niclas Füllkrug,Max Kilman,0.06523264199495316,0.9430000305175781,0.5459999847412109,25,OpenPlay,SavedShot,Head,Aerial,Away
2025,2526,2025-09-29,Everton v West Ham,West Ham,Konstantinos Mavropanos,Lucas Paquetá,0.044574204832315445,0.945,0.4129999923706055,36,SetPiece,BlockedShot,Head,Aerial,Away
2025,2526,2025-09-29,Everton v West Ham,West Ham,Mateus Fernandes,Kyle Walker-Peters,0.015659164637327194,0.725999984741211,0.39099998474121095,54,OpenPlay,BlockedShot,RightFoot,Pass,Away
2025,2526,2025-09-29,Everton v West Ham,West Ham,Crysencio Summerville,,0.027432063594460487,0.830999984741211,0.705,57,OpenPlay,MissedShots,RightFoot,None,Away
2025,2526,2025-09-29,Everton v West Ham,West Ham,Crysencio Summerville,,0.08749948441982269,0.909000015258789,0.505,62,SetPiece,SavedShot,RightFoot,None,Away
2025,2526,2025-09-29,Everton v West Ham,West Ham,Jarrod Bowen,,0.061372317373752594,0.8719999694824219,0.27399999618530274,64,OpenPlay,Goal,LeftFoot,None,Away
2025,2526,2025-09-29,Everton v West Ham,West Ham,Jarrod Bowen,Lucas Paquetá,0.07005307078361511,0.9030000305175782,0.3189999961853027,71,OpenPlay,BlockedShot,LeftFoot,Pass,Away
2025,2526,2025-09-29,Everton v West Ham,West Ham,Konstantinos Mavropanos,Lucas Paquetá,0.036147017031908035,0.9209999847412109,0.4540000152587891,72,FromCorner,MissedShots,Head,Aerial,Away
2025,2526,2025-09-29,Everton v West Ham,West Ham,El Hadji Malick Diouf,,0.017835404723882675,0.7880000305175782,0.669000015258789,79,FromCorner,MissedShots,LeftFoot,None,Away
2025,2526,2025-09-29,Everton v West Ham,West Ham,Jarrod Bowen,Kyle Walker-Peters,0.06768626719713211,0.9209999847412109,0.32099998474121094,87,OpenPlay,BlockedShot,LeftFoot,Pass,Away
2025,2526,2025-09-29,Everton v West Ham,West Ham,Mateus Fernandes,Niclas Füllkrug,0.05451938882470131,0.8130000305175781,0.5259999847412109,87,OpenPlay,MissedShots,LeftFoot,Pass,Away
2025,2526,2025-10-03,Bournemouth v Fulham,Bournemouth,Adrien Truffert,Marcus Tavernier,0.029585767537355423,0.85,0.7,4,OpenPlay,MissedShots,RightFoot,TakeOn,Home
2025,2526,2025-10-03,Bournemouth v Fulham,Bournemouth,Tyler Adams,,0.019104434177279472,0.759000015258789,0.6419999694824219,9,OpenPlay,SavedShot,RightFoot,BallRecovery,Home
2025,2526,2025-10-03,Bournemouth v Fulham,Bournemouth,Antoine Semenyo,,0.04779558628797531,0.91,0.7030000305175781,41,OpenPlay,SavedShot,LeftFoot,None,Home
2025,2526,2025-10-03,Bournemouth v Fulham,Bournemouth,Alex Scott,,0.01463584415614605,0.730999984741211,0.5320000076293945,43,OpenPlay,BlockedShot,RightFoot,None,Home
2025,2526,2025-10-03,Bournemouth v Fulham,Bournemouth,Alex Scott,Evanilson,0.05144083499908447,0.815,0.500999984741211,46,OpenPlay,BlockedShot,RightFoot,Pass,Home
2025,2526,2025-10-03,Bournemouth v Fulham,Bournemouth,Evanilson,,0.5538159608840942,0.975,0.4329999923706055,51,FromCorner,MissedShots,RightFoot,None,Home
2025,2526,2025-10-03,Bournemouth v Fulham,Bournemouth,Evanilson,Marcus Tavernier,0.04415521025657654,0.84,0.46799999237060547,52,OpenPlay,SavedShot,LeftFoot,HeadPass,Home
2025,2526,2025-10-03,Bournemouth v Fulham,Bournemouth,Antoine Semenyo,Adrien Truffert,0.07629428058862686,0.975999984741211,0.654000015258789,77,OpenPlay,Goal,RightFoot,TakeOn,Home
2025,2526,2025-10-03,Bournemouth v Fulham,Bournemouth,Alex Scott,Justin Kluivert,0.02374020777642727,0.759000015258789,0.5740000152587891,82,OpenPlay,BlockedShot,RightFoot,BallRecovery,Home
2025,2526,2025-10-03,Bournemouth v Fulham,Bournemouth,Justin Kluivert,Antoine Semenyo,0.016847336664795876,0.7069999694824218,0.48400001525878905,83,OpenPlay,Goal,RightFoot,Pass,Home
2025,2526,2025-10-03,Bournemouth v Fulham,Bournemouth,Antoine Semenyo,Ben Doak,0.45716217160224915,0.850999984741211,0.5629999923706055,95,OpenPlay,Goal,LeftFoot,Pass,Home
2025,2526,2025-10-03,Bournemouth v Fulham,Fulham,Tom Cairney,,0.014666230417788029,0.7269999694824218,0.48400001525878905,22,FromCorner,MissedShots,LeftFoot,None,Away
2025,2526,2025-10-03,Bournemouth v Fulham,Fulham,Alex Iwobi,Timothy Castagne,0.07047992199659348,0.8119999694824219,0.4909999847412109,29,OpenPlay,BlockedShot,RightFoot,TakeOn,Away
2025,2526,2025-10-03,Bournemouth v Fulham,Fulham,Alex Iwobi,Tom Cairney,0.04145493730902672,0.8119999694824219,0.6220000076293946,45,OpenPlay,SavedShot,LeftFoot,Pass,Away
2025,2526,2025-10-03,Bournemouth v Fulham,Fulham,Alex Iwobi,,0.020594114437699318,0.7480000305175781,0.47299999237060547,56,OpenPlay,BlockedShot,RightFoot,None,Away
2025,2526,2025-10-03,Bournemouth v Fulham,Fulham,Timothy Castagne,Alex Iwobi,0.04700719565153122,0.8919999694824219,0.43900001525878907,57,OpenPlay,BlockedShot,Head,Cross,Away
2025,2526,2025-10-03,Bournemouth v Fulham,Fulham,Harry Wilson,Alex Iwobi,0.06420940160751343,0.875,0.6559999847412109,57,OpenPlay,SavedShot,LeftFoot,Chipped,Away
2025,2526,2025-10-03,Bournemouth v Fulham,Fulham,Joshua King,Harry Wilson,0.016472890973091125,0.7630000305175781,0.7140000152587891,59,FromCorner,MissedShots,RightFoot,Pass,Away
2025,2526,2025-10-03,Bournemouth v Fulham,Fulham,Ryan Sessegnon,Samuel Chukwueze,0.3523477613925934,0.9130000305175782,0.6090000152587891,69,OpenPlay,Goal,LeftFoot,Throughball,Away
2025,2526,2025-10-03,Bournemouth v Fulham,Fulham,Kevin,Alex Iwobi,0.04249051958322525,0.805,0.6,82,OpenPlay,SavedShot,RightFoot,Pass,Away
2025,2526,2025-10-03,Bournemouth v Fulham,Fulham,Tom Cairney,,0.06398298591375351,0.8640000152587891,0.56,86,OpenPlay,MissedShots,LeftFoot,None,Away
2025,2526,2025-10-03,Bournemouth v Fulham,Fulham,Tom Cairney,Samuel Chukwueze,0.03199862316250801,0.7719999694824219,0.509000015258789,93,OpenPlay,MissedShots,LeftFoot,Pass,Away
2025,2526,2025-10-03,Bournemouth v Fulham,Fulham,Tom Cairney,Ryan Sessegnon,0.07764577120542526,0.965,0.634000015258789,94,OpenPlay,BlockedShot,LeftFoot,Pass,Away
2025,2526,2025-10-04,Leeds v Tottenham,Leeds,Anton Stach,Sean Longstaff,0.03810622915625572,0.8719999694824219,0.3679999923706055,4,FromCorner,MissedShots,RightFoot,Cross,Home
2025,2526,2025-10-04,Leeds v Tottenham,Leeds,Joe Rodon,Sean Longstaff,0.2322663515806198,0.97,0.40099998474121096,6,SetPiece,ShotOnPost,Head,Aerial,Home
2025,2526,2025-10-04,Leeds v Tottenham,Leeds,Pascal Struijk,Dominic Calvert-Lewin,0.06113003194332123,0.914000015258789,0.48700000762939455,6,SetPiece,MissedShots,Head,HeadPass,Home
2025,2526,2025-10-04,Leeds v Tottenham,Leeds,Dominic Calvert-Lewin,Noah Okafor,0.060694314539432526,0.8590000152587891,0.585999984741211,25,OpenPlay,MissedShots,RightFoot,BallRecovery,Home
2025,2526,2025-10-04,Leeds v Tottenham,Leeds,Brenden Aaronson,Dominic Calvert-Lewin,0.07747303694486618,0.879000015258789,0.37799999237060544,33,OpenPlay,SavedShot,LeftFoot,LayOff,Home
2025,2526,2025-10-04,Leeds v Tottenham,Leeds,Noah Okafor,,0.6810007095336914,0.9669999694824218,0.54,33,OpenPlay,Goal,RightFoot,Rebound,Home
2025,2526,2025-10-04,Leeds v Tottenham,Leeds,Sean Longstaff,Brenden Aaronson,0.032637957483530045,0.784000015258789,0.5509999847412109,36,OpenPlay,BlockedShot,RightFoot,Pass,Home
2025,2526,2025-10-04,Leeds v Tottenham,Leeds,Sean Longstaff,,0.044881537556648254,0.8159999847412109,0.5359999847412109,36,OpenPlay,MissedShots,RightFoot,Rebound,Home
2025,2526,2025-10-04,Leeds v Tottenham,Leeds,Dominic Calvert-Lewin,Noah Okafor,0.09731337428092957,0.86,0.43400001525878906,47,OpenPlay,SavedShot,RightFoot,Pass,Home
2025,2526,2025-10-04,Leeds v Tottenham,Leeds,Joe Rodon,Sean Longstaff,0.007910280488431454,0.955999984741211,0.6480000305175782,61,SetPiece,MissedShots,Head,Aerial,Home
2025,2526,2025-10-04,Leeds v Tottenham,Leeds,Sean Longstaff,Ao Tanaka,0.03436124697327614,0.7769999694824219,0.5209999847412109,70,OpenPlay,MissedShots,RightFoot,Pass,Home
2025,2526,2025-10-04,Leeds v Tottenham,Leeds,Jayden Bogle,Sean Longstaff,0.013216808438301086,0.725999984741211,0.33599998474121096,77,OpenPlay,MissedShots,RightFoot,BallRecovery,Home
2025,2526,2025-10-04,Leeds v Tottenham,Leeds,Sean Longstaff,,0.023350631818175316,0.7680000305175781,0.40099998474121096,90,OpenPlay,MissedShots,RightFoot,None,Home
2025,2526,2025-10-04,Leeds v Tottenham,Leeds,Pascal Struijk,Ethan Ampadu,0.010916526429355145,0.909000015258789,0.634000015258789,91,OpenPlay,MissedShots,Head,Aerial,Home
2025,2526,2025-10-04,Leeds v Tottenham,Leeds,Joël Piroe,Dominic Calvert-Lewin,0.058323636651039124,0.8469999694824218,0.5109999847412109,93,OpenPlay,SavedShot,LeftFoot,HeadPass,Home
2025,2526,2025-10-04,Leeds v Tottenham,Leeds,Pascal Struijk,Sean Longstaff,0.06115124002099037,0.9380000305175781,0.5359999847412109,93,FromCorner,BlockedShot,Head,Aerial,Home
2025,2526,2025-10-04,Leeds v Tottenham,Tottenham,João Palhinha,,0.04990726336836815,0.8130000305175781,0.46099998474121096,9,OpenPlay,MissedShots,RightFoot,None,Away
2025,2526,2025-10-04,Leeds v Tottenham,Tottenham,João Palhinha,Xavi Simons,0.032749954611063004,0.775,0.509000015258789,15,OpenPlay,BlockedShot,RightFoot,Pass,Away
2025,2526,2025-10-04,Leeds v Tottenham,Tottenham,Mathys Tel,Mohammed Kudus,0.0721215233206749,0.87,0.3060000038146973,22,OpenPlay,Goal,RightFoot,Pass,Away
2025,2526,2025-10-04,Leeds v Tottenham,Tottenham,Mohammed Kudus,Iyenoma Destiny Udogie,0.32727721333503723,0.8590000152587891,0.425,26,OpenPlay,MissedShots,LeftFoot,Pass,Away
2025,2526,2025-10-04,Leeds v Tottenham,Tottenham,Rodrigo Bentancur,Xavi Simons,0.013940145261585712,0.7090000152587891,0.5229999923706055,44,OpenPlay,MissedShots,RightFoot,Pass,Away
2025,2526,2025-10-04,Leeds v Tottenham,Tottenham,Mathys Tel,Wilson Odobert,0.05292653664946556,0.9180000305175782,0.5429999923706055,45,OpenPlay,ShotOnPost,Head,Aerial,Away
2025,2526,2025-10-04,Leeds v Tottenham,Tottenham,Mohammed Kudus,,0.07763850688934326,0.7930000305175782,0.34599998474121096,54,DirectFreekick,SavedShot,LeftFoot,Standard,Away
2025,2526,2025-10-04,Leeds v Tottenham,Tottenham,Mohammed Kudus,,0.03842801973223686,0.7969999694824219,0.425,56,OpenPlay,Goal,LeftFoot,None,Away
2025,2526,2025-10-04,Leeds v Tottenham,Tottenham,Richarlison,,0.023208579048514366,0.8919999694824219,0.28899999618530275,86,OpenPlay,BlockedShot,RightFoot,Aerial,Away
2025,2526,2025-10-04,Arsenal v West Ham,Arsenal,Jurriën Timber,Martin Odegaard,0.12182920426130295,0.8869999694824219,0.335,4,OpenPlay,SavedShot,RightFoot,Throughball,Home
2025,2526,2025-10-04,Arsenal v West Ham,Arsenal,Jurriën Timber,,0.042594149708747864,0.9230000305175782,0.3029999923706055,4,OpenPlay,MissedShots,RightFoot,Rebound,Home
2025,2526,2025-10-04,Arsenal v West Ham,Arsenal,Eberechi Eze,Leandro Trossard,0.06429284065961838,0.8780000305175781,0.67,7,OpenPlay,BlockedShot,LeftFoot,Pass,Home
2025,2526,2025-10-04,Arsenal v West Ham,Arsenal,Declan Rice,,0.01003951020538807,0.7090000152587891,0.6270000076293946,7,OpenPlay,BlockedShot,RightFoot,Rebound,Home
2025,2526,2025-10-04,Arsenal v West Ham,Arsenal,Riccardo Calafiori,Declan Rice,0.06606438010931015,0.96,0.5729999923706055,9,SetPiece,BlockedShot,Head,Aerial,Home
2025,2526,2025-10-04,Arsenal v West Ham,Arsenal,Viktor Gyokeres,Bukayo Saka,0.7928289175033569,0.97,0.4809999847412109,12,OpenPlay,SavedShot,RightFoot,Pass,Home
2025,2526,2025-10-04,Arsenal v West Ham,Arsenal,Eberechi Eze,,0.10911359637975693,0.9280000305175782,0.5170000076293946,12,OpenPlay,MissedShots,RightFoot,None,Home
2025,2526,2025-10-04,Arsenal v West Ham,Arsenal,Viktor Gyokeres,Bukayo Saka,0.1312565952539444,0.955999984741211,0.51,32,OpenPlay,MissedShots,Head,Aerial,Home
2025,2526,2025-10-04,Arsenal v West Ham,Arsenal,Leandro Trossard,,0.09151963144540787,0.9109999847412109,0.605,32,OpenPlay,BlockedShot,RightFoot,Rebound,Home
2025,2526,2025-10-04,Arsenal v West Ham,Arsenal,Bukayo Saka,Jurriën Timber,0.024067921563982964,0.7609999847412109,0.37900001525878907,34,OpenPlay,BlockedShot,LeftFoot,Pass,Home
2025,2526,2025-10-04,Arsenal v West Ham,Arsenal,Eberechi Eze,,0.05131840705871582,0.8780000305175781,0.6370000076293946,34,FromCorner,BlockedShot,RightFoot,None,Home
2025,2526,2025-10-04,Arsenal v West Ham,Arsenal,Eberechi Eze,Martín Zubimendi,0.11961250007152557,0.8909999847412109,0.3160000038146973,37,OpenPlay,SavedShot,RightFoot,Throughball,Home
2025,2526,2025-10-04,Arsenal v West Ham,Arsenal,Declan Rice,,0.37883827090263367,0.8919999694824219,0.5320000076293945,37,OpenPlay,Goal,RightFoot,Rebound,Home
2025,2526,2025-10-04,Arsenal v West Ham,Arsenal,Bukayo Saka,Leandro Trossard,0.019174732267856598,0.8590000152587891,0.31,46,SetPiece,BlockedShot,LeftFoot,Cross,Home
2025,2526,2025-10-04,Arsenal v West Ham,Arsenal,Riccardo Calafiori,,0.08314328640699387,0.8080000305175781,0.47200000762939454,49,OpenPlay,ShotOnPost,RightFoot,TakeOn,Home
2025,2526,2025-10-04,Arsenal v West Ham,Arsenal,Bukayo Saka,,0.014539040625095367,0.7730000305175782,0.285,50,FromCorner,MissedShots,LeftFoot,None,Home
2025,2526,2025-10-04,Arsenal v West Ham,Arsenal,Leandro Trossard,Declan Rice,0.044321924448013306,0.9830000305175781,0.6609999847412109,52,FromCorner,BlockedShot,RightFoot,TakeOn,Home
2025,2526,2025-10-04,Arsenal v West Ham,Arsenal,Bukayo Saka,,0.7611688375473022,0.885,0.5,66,Penalty,Goal,LeftFoot,Standard,Home
2025,2526,2025-10-04,Arsenal v West Ham,Arsenal,Mikel Merino,,0.10903028398752213,0.9180000305175782,0.544000015258789,81,FromCorner,BlockedShot,RightFoot,None,Home
2025,2526,2025-10-04,Arsenal v West Ham,Arsenal,Mikel Merino,Gabriel Martinelli,0.07299593836069107,0.9590000152587891,0.6029999923706054,84,SetPiece,MissedShots,Head,Cross,Home
2025,2526,2025-10-04,Arsenal v West Ham,Arsenal,Ethan Nwaneri,,0.013910985551774502,0.7769999694824219,0.34,95,FromCorner,BlockedShot,LeftFoot,Aerial,Home
2025,2526,2025-10-04,Arsenal v West Ham,West Ham,Niclas Füllkrug,Lucas Paquetá,0.5602625012397766,0.97,0.5029999923706054,0,FromCorner,MissedShots,Head,Aerial,Away
2025,2526,2025-10-04,Arsenal v West Ham,West Ham,Lucas Paquetá,Jarrod Bowen,0.041546858847141266,0.904000015258789,0.27600000381469725,6,OpenPlay,MissedShots,LeftFoot,HeadPass,Away
2025,2526,2025-10-04,Arsenal v West Ham,West Ham,Crysencio Summerville,El Hadji Malick Diouf,0.03380563482642174,0.855,0.6940000152587891,46,OpenPlay,BlockedShot,RightFoot,Chipped,Away
2025,2526,2025-10-04,Arsenal v West Ham,West Ham,Callum Marshall,Lucas Paquetá,0.2289344072341919,0.9490000152587891,0.5520000076293945,91,FromCorner,MissedShots,Head,Aerial,Away
2025,2526,2025-10-04,Manchester United v Sunderland,Manchester United,Mason Mount,Bryan Mbeumo,0.074598029255867,0.8680000305175781,0.5,7,OpenPlay,Goal,RightFoot,Cross,Home
2025,2526,2025-10-04,Manchester United v Sunderland,Manchester United,Amad Diallo Traore,Benjamin Sesko,0.06006554514169693,0.845,0.34700000762939454,20,OpenPlay,SavedShot,LeftFoot,Pass,Home
2025,2526,2025-10-04,Manchester United v Sunderland,Manchester United,Bryan Mbeumo,Amad Diallo Traore,0.03234534710645676,0.7959999847412109,0.32099998474121094,21,OpenPlay,SavedShot,LeftFoot,Pass,Home
2025,2526,2025-10-04,Manchester United v Sunderland,Manchester United,Bruno Fernandes,,0.07455573230981827,0.8369999694824218,0.595999984741211,22,OpenPlay,MissedShots,LeftFoot,BallTouch,Home
2025,2526,2025-10-04,Manchester United v Sunderland,Manchester United,Bruno Fernandes,Mason Mount,0.08677645027637482,0.8240000152587891,0.54,24,OpenPlay,SavedShot,RightFoot,Pass,Home
2025,2526,2025-10-04,Manchester United v Sunderland,Manchester United,Amad Diallo Traore,,0.4014262557029724,0.97,0.4229999923706055,24,OpenPlay,MissedShots,Head,Rebound,Home
2025,2526,2025-10-04,Manchester United v Sunderland,Manchester United,Benjamin Sesko,,0.6503399610519409,0.9580000305175781,0.49200000762939455,30,OpenPlay,Goal,RightFoot,None,Home
2025,2526,2025-10-04,Manchester United v Sunderland,Manchester United,Diogo Dalot,,0.09964308887720108,0.8819999694824219,0.669000015258789,40,OpenPlay,MissedShots,LeftFoot,TakeOn,Home
2025,2526,2025-10-04,Manchester United v Sunderland,Manchester United,Bruno Fernandes,Amad Diallo Traore,0.021685965359210968,0.764000015258789,0.3,46,OpenPlay,BlockedShot,RightFoot,Pass,Home
2025,2526,2025-10-04,Manchester United v Sunderland,Manchester United,Bryan Mbeumo,Benjamin Sesko,0.09342284500598907,0.86,0.37900001525878907,54,OpenPlay,MissedShots,LeftFoot,Pass,Home
2025,2526,2025-10-04,Manchester United v Sunderland,Manchester United,Leny Yoro,Bruno Fernandes,0.06414623558521271,0.914000015258789,0.3370000076293945,56,SetPiece,BlockedShot,RightFoot,Chipped,Home
2025,2526,2025-10-04,Manchester United v Sunderland,Manchester United,Casemiro,Amad Diallo Traore,0.04226280748844147,0.784000015258789,0.504000015258789,69,OpenPlay,MissedShots,RightFoot,Pass,Home
2025,2526,2025-10-04,Manchester United v Sunderland,Manchester United,Matheus Cunha,Bruno Fernandes,0.08349582552909851,0.8669999694824219,0.34599998474121096,80,OpenPlay,MissedShots,RightFoot,Pass,Home
2025,2526,2025-10-04,Manchester United v Sunderland,Manchester United,Matheus Cunha,Bruno Fernandes,0.1371987760066986,0.9630000305175781,0.49900001525878906,83,FromCorner,MissedShots,Head,Cross,Home
2025,2526,2025-10-04,Manchester United v Sunderland,Manchester United,Matheus Cunha,Patrick Dorgu,0.042673029005527496,0.8380000305175781,0.6359999847412109,88,OpenPlay,SavedShot,RightFoot,TakeOn,Home
2025,2526,2025-10-04,Manchester United v Sunderland,Sunderland,Bertrand Traoré,Arthur Masuaku,0.05806344375014305,0.914000015258789,0.4540000152587891,32,OpenPlay,SavedShot,Head,Aerial,Away
2025,2526,2025-10-04,Manchester United v Sunderland,Sunderland,Bertrand Traoré,Simon Adingra,0.0696401596069336,0.8830000305175781,0.5309999847412109,34,OpenPlay,MissedShots,LeftFoot,Cross,Away
2025,2526,2025-10-04,Manchester United v Sunderland,Sunderland,Granit Xhaka,Bertrand Traoré,0.010196632705628872,0.7369999694824219,0.3129999923706055,43,OpenPlay,SavedShot,LeftFoot,Pass,Away
2025,2526,2025-10-04,Manchester United v Sunderland,Sunderland,Dan Ballard,Granit Xhaka,0.2619534730911255,0.9730000305175781,0.5790000152587891,51,FromCorner,MissedShots,Head,Cross,Away
2025,2526,2025-10-04,Manchester United v Sunderland,Sunderland,Trai Hume,,0.019985053688287735,0.774000015258789,0.5790000152587891,62,FromCorner,MissedShots,RightFoot,None,Away
2025,2526,2025-10-04,Manchester United v Sunderland,Sunderland,Chemsdine Talbi,,0.037513796240091324,0.8490000152587891,0.649000015258789,65,OpenPlay,BlockedShot,RightFoot,None,Away
2025,2526,2025-10-04,Manchester United v Sunderland,Sunderland,Eliezer Mayenda,Chemsdine Talbi,0.0658116266131401,0.8159999847412109,0.4620000076293945,78,OpenPlay,MissedShots,LeftFoot,Pass,Away
2025,2526,2025-10-04,Manchester United v Sunderland,Sunderland,Chemsdine Talbi,Eliezer Mayenda,0.2839544713497162,0.8830000305175781,0.6170000076293946,89,OpenPlay,SavedShot,RightFoot,Pass,Away
2025,2526,2025-10-04,Chelsea v Liverpool,Chelsea,Moisés Caicedo,Malo Gusto,0.03168066218495369,0.78,0.415,13,OpenPlay,Goal,RightFoot,Pass,Home
2025,2526,2025-10-04,Chelsea v Liverpool,Chelsea,Malo Gusto,,0.018794216215610504,0.765,0.4929999923706055,25,SetPiece,MissedShots,LeftFoot,None,Home
2025,2526,2025-10-04,Chelsea v Liverpool,Chelsea,Alejandro Garnacho,Marc Cucurella,0.03857651725411415,0.8090000152587891,0.4809999847412109,37,FromCorner,ShotOnPost,RightFoot,Pass,Home
2025,2526,2025-10-04,Chelsea v Liverpool,Chelsea,João Pedro,Enzo Fernández,0.02694791927933693,0.7340000152587891,0.49599998474121093,51,OpenPlay,BlockedShot,RightFoot,Pass,Home
2025,2526,2025-10-04,Chelsea v Liverpool,Chelsea,Pedro Neto,Marc Cucurella,0.05661715194582939,0.9119999694824219,0.4,58,OpenPlay,BlockedShot,Head,Cross,Home
2025,2526,2025-10-04,Chelsea v Liverpool,Chelsea,Marc Guiu,Estêvão,0.04020346701145172,0.870999984741211,0.45599998474121095,75,OpenPlay,MissedShots,Head,Cross,Home
2025,2526,2025-10-04,Chelsea v Liverpool,Chelsea,Jamie Bynoe-Gittens,Reece James,0.023817962035536766,0.799000015258789,0.6730000305175782,83,OpenPlay,SavedShot,RightFoot,Pass,Home
2025,2526,2025-10-04,Chelsea v Liverpool,Chelsea,Estêvão,,0.021545832976698875,0.885,0.24100000381469727,83,OpenPlay,SavedShot,LeftFoot,Rebound,Home
2025,2526,2025-10-04,Chelsea v Liverpool,Chelsea,Moisés Caicedo,,0.011946183629333973,0.7069999694824218,0.5020000076293946,88,OpenPlay,SavedShot,RightFoot,None,Home
2025,2526,2025-10-04,Chelsea v Liverpool,Chelsea,Enzo Fernández,Reece James,0.016044115647673607,0.879000015258789,0.605999984741211,88,FromCorner,SavedShot,Head,Chipped,Home
2025,2526,2025-10-04,Chelsea v Liverpool,Chelsea,Enzo Fernández,Estêvão,0.32295143604278564,0.925,0.5559999847412109,90,OpenPlay,ShotOnPost,Head,Cross,Home
2025,2526,2025-10-04,Chelsea v Liverpool,Chelsea,Estêvão,Marc Cucurella,0.6285974383354187,0.9619999694824218,0.45299999237060545,95,OpenPlay,Goal,RightFoot,Pass,Home
2025,2526,2025-10-04,Chelsea v Liverpool,Liverpool,Dominik Szoboszlai,Cody Gakpo,0.4609438180923462,0.9109999847412109,0.5429999923706055,18,OpenPlay,BlockedShot,RightFoot,Pass,Away
2025,2526,2025-10-04,Chelsea v Liverpool,Liverpool,Alexander Isak,Mohamed Salah,0.23024055361747742,0.9130000305175782,0.544000015258789,43,OpenPlay,MissedShots,Head,Cross,Away
2025,2526,2025-10-04,Chelsea v Liverpool,Liverpool,Mohamed Salah,Florian Wirtz,0.08475294709205627,0.8980000305175782,0.39799999237060546,45,OpenPlay,MissedShots,RightFoot,Pass,Away
2025,2526,2025-10-04,Chelsea v Liverpool,Liverpool,Ryan Gravenberch,Mohamed Salah,0.0172115471214056,0.775,0.27299999237060546,50,OpenPlay,SavedShot,RightFoot,Pass,Away
2025,2526,2025-10-04,Chelsea v Liverpool,Liverpool,Mohamed Salah,Alexis Mac Allister,0.10611916333436966,0.835999984741211,0.485,52,OpenPlay,MissedShots,LeftFoot,Chipped,Away
2025,2526,2025-10-04,Chelsea v Liverpool,Liverpool,Cody Gakpo,Alexander Isak,0.8188285231590271,0.960999984741211,0.5020000076293946,62,OpenPlay,Goal,RightFoot,Pass,Away
2025,2526,2025-10-04,Chelsea v Liverpool,Liverpool,Andrew Robertson,,0.05444929376244545,0.914000015258789,0.6819999694824219,68,OpenPlay,BlockedShot,RightFoot,None,Away
2025,2526,2025-10-04,Chelsea v Liverpool,Liverpool,Alexis Mac Allister,Cody Gakpo,0.021458212286233902,0.7680000305175781,0.590999984741211,70,OpenPlay,BlockedShot,RightFoot,Pass,Away
2025,2526,2025-10-04,Chelsea v Liverpool,Liverpool,Hugo Ekitike,Cody Gakpo,0.08405257761478424,0.84,0.5379999923706055,80,OpenPlay,BlockedShot,LeftFoot,Pass,Away
2025,2526,2025-10-04,Chelsea v Liverpool,Liverpool,Dominik Szoboszlai,,0.017731547355651855,0.7580000305175781,0.46099998474121096,80,OpenPlay,BlockedShot,LeftFoot,Rebound,Away
2025,2526,2025-10-04,Chelsea v Liverpool,Liverpool,Dominik Szoboszlai,Mohamed Salah,0.04240086302161217,0.7580000305175781,0.4909999847412109,89,OpenPlay,MissedShots,RightFoot,Pass,Away
2025,2526,2025-10-04,Chelsea v Liverpool,Liverpool,Curtis Jones,Mohamed Salah,0.12311115860939026,0.8969999694824219,0.345,93,OpenPlay,MissedShots,RightFoot,Throughball,Away
2025,2526,2025-10-05,Aston Villa v Burnley,Aston Villa,Donyell Malen,Lucas Digne,0.3817027807235718,0.970999984741211,0.57,9,FromCorner,MissedShots,Head,Cross,Home
2025,2526,2025-10-05,Aston Villa v Burnley,Aston Villa,Morgan Rogers,Donyell Malen,0.04305170103907585,0.850999984741211,0.685,11,OpenPlay,BlockedShot,RightFoot,Pass,Home
2025,2526,2025-10-05,Aston Villa v Burnley,Aston Villa,Ezri Konsa Ngoyo,Lucas Digne,0.02329982817173004,0.9030000305175782,0.47900001525878905,12,FromCorner,SavedShot,Head,Aerial,Home
2025,2526,2025-10-05,Aston Villa v Burnley,Aston Villa,Boubacar Kamara,Matthew Cash,0.013707851059734821,0.8869999694824219,0.4209999847412109,13,FromCorner,BlockedShot,Head,Aerial,Home
2025,2526,2025-10-05,Aston Villa v Burnley,Aston Villa,Pau Torres,Lucas Digne,0.02297056093811989,0.9069999694824219,0.4420000076293945,13,FromCorner,MissedShots,Head,Aerial,Home
2025,2526,2025-10-05,Aston Villa v Burnley,Aston Villa,Donyell Malen,Boubacar Kamara,0.12220802158117294,0.91,0.385,24,OpenPlay,Goal,RightFoot,Throughball,Home
2025,2526,2025-10-05,Aston Villa v Burnley,Aston Villa,Ollie Watkins,Lucas Digne,0.03613422438502312,0.9169999694824219,0.6070000076293945,29,OpenPlay,BlockedShot,Head,Aerial,Home
2025,2526,2025-10-05,Aston Villa v Burnley,Aston Villa,Ollie Watkins,John McGinn,0.13864462077617645,0.91,0.5620000076293945,47,OpenPlay,MissedShots,LeftFoot,Pass,Home
2025,2526,2025-10-05,Aston Villa v Burnley,Aston Villa,Morgan Rogers,,0.33187082409858704,0.8719999694824219,0.5770000076293945,53,OpenPlay,SavedShot,RightFoot,TakeOn,Home
2025,2526,2025-10-05,Aston Villa v Burnley,Aston Villa,John McGinn,Donyell Malen,0.040840666741132736,0.8090000152587891,0.5159999847412109,54,FromCorner,MissedShots,LeftFoot,Pass,Home
2025,2526,2025-10-05,Aston Villa v Burnley,Aston Villa,Donyell Malen,Morgan Rogers,0.30903878808021545,0.89,0.3579999923706055,62,OpenPlay,Goal,RightFoot,Pass,Home
2025,2526,2025-10-05,Aston Villa v Burnley,Aston Villa,Matthew Cash,Lamare Bogarde,0.01621449738740921,0.7119999694824218,0.3160000038146973,66,OpenPlay,SavedShot,RightFoot,Pass,Home
2025,2526,2025-10-05,Aston Villa v Burnley,Aston Villa,Morgan Rogers,Boubacar Kamara,0.019574031233787537,0.7169999694824218,0.3940000152587891,80,OpenPlay,SavedShot,RightFoot,Pass,Home
2025,2526,2025-10-05,Aston Villa v Burnley,Aston Villa,Lucas Digne,,0.11445166915655136,0.8869999694824219,0.625,88,OpenPlay,SavedShot,LeftFoot,TakeOn,Home
2025,2526,2025-10-05,Aston Villa v Burnley,Aston Villa,Ross Barkley,Lucas Digne,0.12200502306222916,0.95,0.445,89,FromCorner,MissedShots,Head,Cross,Home
2025,2526,2025-10-05,Aston Villa v Burnley,Burnley,Josh Cullen,,0.019664721563458443,0.8269999694824218,0.4859999847412109,34,OpenPlay,SavedShot,RightFoot,Aerial,Away
2025,2526,2025-10-05,Aston Villa v Burnley,Burnley,Kyle Walker,Quilindschy Hartman,0.04588526859879494,0.924000015258789,0.534000015258789,76,FromCorner,BlockedShot,Head,Aerial,Away
2025,2526,2025-10-05,Aston Villa v Burnley,Burnley,Chimuanya Ugochukwu,Quilindschy Hartman,0.3644039034843445,0.93,0.4779999923706055,77,FromCorner,Goal,Head,Cross,Away
2025,2526,2025-10-05,Aston Villa v Burnley,Burnley,Chimuanya Ugochukwu,,0.05538790673017502,0.9009999847412109,0.664000015258789,91,SetPiece,MissedShots,RightFoot,None,Away
2025,2526,2025-10-05,Aston Villa v Burnley,Burnley,Zian Flemming,Florentino Luís,0.016949784010648727,0.715,0.475,92,OpenPlay,BlockedShot,RightFoot,Pass,Away
2025,2526,2025-10-05,Everton v Crystal Palace,Everton,Jack Grealish,Iliman Ndiaye,0.049221426248550415,0.8440000152587891,0.6580000305175782,8,OpenPlay,SavedShot,RightFoot,Pass,Home
2025,2526,2025-10-05,Everton v Crystal Palace,Everton,Vitalii Mykolenko,Thierno Barry,0.013946576043963432,0.71,0.5459999847412109,16,OpenPlay,MissedShots,LeftFoot,Pass,Home
2025,2526,2025-10-05,Everton v Crystal Palace,Everton,Jake O&#039;Brien,James Garner,0.05188749358057976,0.9330000305175781,0.43,47,SetPiece,SavedShot,Head,Aerial,Home
2025,2526,2025-10-05,Everton v Crystal Palace,Everton,Michael Keane,Jake O&#039;Brien,0.0657150074839592,0.8669999694824219,0.515,48,SetPiece,BlockedShot,RightFoot,Cross,Home
2025,2526,2025-10-05,Everton v Crystal Palace,Everton,Michael Keane,James Tarkowski,0.07079925388097763,0.8440000152587891,0.5420000076293945,62,OpenPlay,BlockedShot,RightFoot,Pass,Home
2025,2526,2025-10-05,Everton v Crystal Palace,Everton,Michael Keane,,0.05184205248951912,0.8269999694824218,0.519000015258789,62,OpenPlay,MissedShots,RightFoot,Rebound,Home
2025,2526,2025-10-05,Everton v Crystal Palace,Everton,Carlos Alcaraz,Vitalii Mykolenko,0.053547415882349014,0.9,0.664000015258789,65,OpenPlay,SavedShot,LeftFoot,BallTouch,Home
2025,2526,2025-10-05,Everton v Crystal Palace,Everton,Iliman Ndiaye,,0.7611688375473022,0.885,0.5,75,Penalty,Goal,RightFoot,Standard,Home
2025,2526,2025-10-05,Everton v Crystal Palace,Everton,Beto,,0.027602793648838997,0.9030000305175782,0.47099998474121096,77,FromCorner,MissedShots,Head,Aerial,Home
2025,2526,2025-10-05,Everton v Crystal Palace,Everton,Jack Grealish,Carlos Alcaraz,0.03918924927711487,0.89,0.7269999694824218,80,OpenPlay,SavedShot,RightFoot,Pass,Home
2025,2526,2025-10-05,Everton v Crystal Palace,Everton,James Garner,,0.07216107845306396,0.850999984741211,0.4909999847412109,89,OpenPlay,MissedShots,LeftFoot,None,Home
2025,2526,2025-10-05,Everton v Crystal Palace,Everton,Carlos Alcaraz,Beto,0.025597596541047096,0.764000015258789,0.4379999923706055,90,OpenPlay,MissedShots,RightFoot,LayOff,Home
2025,2526,2025-10-05,Everton v Crystal Palace,Everton,Beto,Iliman Ndiaye,0.5476973056793213,0.9480000305175781,0.4929999923706055,92,OpenPlay,SavedShot,Head,Chipped,Home
2025,2526,2025-10-05,Everton v Crystal Palace,Everton,Jack Grealish,,0.6899271607398987,0.9619999694824218,0.5170000076293946,92,OpenPlay,Goal,LeftFoot,Rebound,Home
2025,2526,2025-10-05,Everton v Crystal Palace,Crystal Palace,Chris Richards,Adam Wharton,0.048302698880434036,0.925,0.46900001525878904,1,FromCorner,BlockedShot,Head,Aerial,Away
2025,2526,2025-10-05,Everton v Crystal Palace,Crystal Palace,Yeremi Pino,,0.03446919843554497,0.8090000152587891,0.5320000076293945,1,FromCorner,SavedShot,RightFoot,None,Away
2025,2526,2025-10-05,Everton v Crystal Palace,Crystal Palace,Tyrick Mitchell,,0.013037488795816898,0.835999984741211,0.7319999694824219,1,OpenPlay,SavedShot,LeftFoot,Aerial,Away
2025,2526,2025-10-05,Everton v Crystal Palace,Crystal Palace,Daichi Kamada,Maxence Lacroix,0.039466917514801025,0.8190000152587891,0.47700000762939454,11,OpenPlay,BlockedShot,RightFoot,Cross,Away
2025,2526,2025-10-05,Everton v Crystal Palace,Crystal Palace,Marc Guehi,,0.5758996605873108,0.9430000305175781,0.45799999237060546,18,OpenPlay,SavedShot,LeftFoot,None,Away
2025,2526,2025-10-05,Everton v Crystal Palace,Crystal Palace,Tyrick Mitchell,Yeremi Pino,0.029075073078274727,0.87,0.7440000152587891,25,OpenPlay,ShotOnPost,LeftFoot,Pass,Away
2025,2526,2025-10-05,Everton v Crystal Palace,Crystal Palace,Jean-Philippe Mateta,Ismaila Sarr,0.0553666315972805,0.84,0.36400001525878906,26,OpenPlay,SavedShot,RightFoot,Pass,Away
2025,2526,2025-10-05,Everton v Crystal Palace,Crystal Palace,Daniel Muñoz,Ismaila Sarr,0.2719878554344177,0.9290000152587891,0.34799999237060547,36,OpenPlay,Goal,RightFoot,Pass,Away
2025,2526,2025-10-05,Everton v Crystal Palace,Crystal Palace,Daichi Kamada,Ismaila Sarr,0.04143211990594864,0.785,0.595,56,OpenPlay,MissedShots,LeftFoot,Pass,Away
2025,2526,2025-10-05,Everton v Crystal Palace,Crystal Palace,Jean-Philippe Mateta,,0.3628399670124054,0.9130000305175782,0.375,59,OpenPlay,BlockedShot,RightFoot,BallTouch,Away
2025,2526,2025-10-05,Everton v Crystal Palace,Crystal Palace,Ismaila Sarr,Yeremi Pino,0.1355862319469452,0.8669999694824219,0.6220000076293946,63,OpenPlay,BlockedShot,RightFoot,Throughball,Away
2025,2526,2025-10-05,Everton v Crystal Palace,Crystal Palace,Jean-Philippe Mateta,,0.4170893430709839,0.9080000305175782,0.45,63,OpenPlay,MissedShots,LeftFoot,Rebound,Away
2025,2526,2025-10-05,Everton v Crystal Palace,Crystal Palace,Adam Wharton,,0.038950271904468536,0.79,0.5709999847412109,91,OpenPlay,BlockedShot,LeftFoot,BallRecovery,Away
2025,2526,2025-10-05,Everton v Crystal Palace,Crystal Palace,Justin Devenny,,0.05343788489699364,0.8469999694824218,0.3970000076293945,96,SetPiece,MissedShots,RightFoot,None,Away
2025,2526,2025-10-05,Everton v Crystal Palace,Crystal Palace,Justin Devenny,Chris Richards,0.11750244349241257,0.96,0.5620000076293945,101,OpenPlay,SavedShot,RightFoot,Pass,Away
2025,2526,2025-10-05,Newcastle United v Nottingham Forest,Newcastle United,Joelinton,Kieran Trippier,0.109211765229702,0.865,0.5070000076293946,10,OpenPlay,SavedShot,LeftFoot,Pass,Home
2025,2526,2025-10-05,Newcastle United v Nottingham Forest,Newcastle United,Joelinton,Sven Botman,0.42915427684783936,0.9640000152587891,0.5570000076293945,14,FromCorner,SavedShot,Head,Aerial,Home
2025,2526,2025-10-05,Newcastle United v Nottingham Forest,Newcastle United,Joelinton,,0.010854493826627731,0.5640000152587891,0.615,16,OpenPlay,MissedShots,RightFoot,BallRecovery,Home
2025,2526,2025-10-05,Newcastle United v Nottingham Forest,Newcastle United,Bruno Guimarães,Anthony Elanga,0.02039233036339283,0.759000015258789,0.3679999923706055,43,OpenPlay,BlockedShot,LeftFoot,Pass,Home
2025,2526,2025-10-05,Newcastle United v Nottingham Forest,Newcastle United,Joelinton,Nick Woltemade,0.0841904804110527,0.840999984741211,0.485,44,OpenPlay,BlockedShot,RightFoot,Pass,Home
2025,2526,2025-10-05,Newcastle United v Nottingham Forest,Newcastle United,Sandro Tonali,Bruno Guimarães,0.024548817425966263,0.7769999694824219,0.36,44,OpenPlay,MissedShots,RightFoot,BallTouch,Home
2025,2526,2025-10-05,Newcastle United v Nottingham Forest,Newcastle United,Anthony Gordon,Anthony Elanga,0.04353870078921318,0.84,0.575999984741211,48,OpenPlay,BlockedShot,RightFoot,Cross,Home
2025,2526,2025-10-05,Newcastle United v Nottingham Forest,Newcastle United,Nick Woltemade,,0.5783783197402954,0.94,0.54,51,OpenPlay,BlockedShot,RightFoot,None,Home
2025,2526,2025-10-05,Newcastle United v Nottingham Forest,Newcastle United,Bruno Guimarães,Dan Burn,0.03325112909078598,0.78,0.5509999847412109,57,OpenPlay,Goal,RightFoot,Pass,Home
2025,2526,2025-10-05,Newcastle United v Nottingham Forest,Newcastle United,Sandro Tonali,Kieran Trippier,0.025159141048789024,0.9080000305175782,0.73,72,FromCorner,SavedShot,LeftFoot,Chipped,Home
2025,2526,2025-10-05,Newcastle United v Nottingham Forest,Newcastle United,Malick Thiaw,Sandro Tonali,0.03081364370882511,0.9059999847412109,0.595,73,FromCorner,MissedShots,Head,Cross,Home
2025,2526,2025-10-05,Newcastle United v Nottingham Forest,Newcastle United,Nick Woltemade,Malick Thiaw,0.6320949792861938,0.9569999694824218,0.5209999847412109,73,FromCorner,ShotOnPost,RightFoot,Rebound,Home
2025,2526,2025-10-05,Newcastle United v Nottingham Forest,Newcastle United,Sven Botman,Joelinton,0.1296914964914322,0.9180000305175782,0.5409999847412109,73,FromCorner,SavedShot,LeftFoot,Rebound,Home
2025,2526,2025-10-05,Newcastle United v Nottingham Forest,Newcastle United,Jacob Murphy,Sandro Tonali,0.10466786473989487,0.84,0.4859999847412109,77,OpenPlay,BlockedShot,RightFoot,Pass,Home
2025,2526,2025-10-05,Newcastle United v Nottingham Forest,Newcastle United,Malick Thiaw,Jacob Murphy,0.4394936263561249,0.9309999847412109,0.529000015258789,79,OpenPlay,SavedShot,LeftFoot,Cross,Home
2025,2526,2025-10-05,Newcastle United v Nottingham Forest,Newcastle United,Harvey Barnes,Jacob Murphy,0.34770241379737854,0.9080000305175782,0.3870000076293945,80,OpenPlay,SavedShot,RightFoot,Throughball,Home
2025,2526,2025-10-05,Newcastle United v Nottingham Forest,Newcastle United,Nick Woltemade,,0.7611688375473022,0.885,0.5,83,Penalty,Goal,RightFoot,Standard,Home
2025,2526,2025-10-05,Newcastle United v Nottingham Forest,Newcastle United,Jacob Murphy,Kieran Trippier,0.11522893607616425,0.7880000305175782,0.4640000152587891,96,OpenPlay,SavedShot,LeftFoot,TakeOn,Home
2025,2526,2025-10-05,Newcastle United v Nottingham Forest,Nottingham Forest,Morgan Gibbs-White,,0.07730591297149658,0.7909999847412109,0.65,19,DirectFreekick,SavedShot,RightFoot,Standard,Away
2025,2526,2025-10-05,Newcastle United v Nottingham Forest,Nottingham Forest,Neco Williams,Dan Ndoye,0.06952288746833801,0.8730000305175781,0.7119999694824218,55,OpenPlay,SavedShot,LeftFoot,Pass,Away
2025,2526,2025-10-05,Newcastle United v Nottingham Forest,Nottingham Forest,Ryan Yates,Dan Ndoye,0.0545988529920578,0.8869999694824219,0.46700000762939453,61,OpenPlay,SavedShot,Head,Cross,Away
2025,2526,2025-10-05,Newcastle United v Nottingham Forest,Nottingham Forest,Callum Hudson-Odoi,Neco Williams,0.09343824535608292,0.9359999847412109,0.7019999694824218,77,OpenPlay,SavedShot,LeftFoot,BallRecovery,Away
2025,2526,2025-10-05,Newcastle United v Nottingham Forest,Nottingham Forest,Morgan Gibbs-White,Dilane Bakwa,0.0428227074444294,0.840999984741211,0.35900001525878905,78,OpenPlay,MissedShots,RightFoot,Pass,Away
2025,2526,2025-10-05,Wolverhampton Wanderers v Brighton,Wolverhampton Wanderers,Marshall Munetsi,,0.063059963285923,0.8480000305175781,0.4590000152587891,20,SetPiece,SavedShot,RightFoot,None,Home
2025,2526,2025-10-05,Wolverhampton Wanderers v Brighton,Wolverhampton Wanderers,Ladislav Krejcí,Hugo Bueno,0.009331746026873589,0.855,0.43599998474121093,23,SetPiece,SavedShot,Head,Aerial,Home
2025,2526,2025-10-05,Wolverhampton Wanderers v Brighton,Wolverhampton Wanderers,Hee-Chan Hwang,Jhon Arias,0.036102890968322754,0.7959999847412109,0.645,28,OpenPlay,MissedShots,RightFoot,Pass,Home
2025,2526,2025-10-05,Wolverhampton Wanderers v Brighton,Wolverhampton Wanderers,Jhon Arias,,0.04229426756501198,0.9369999694824219,0.8930000305175781,43,DirectFreekick,SavedShot,RightFoot,Standard,Home
2025,2526,2025-10-05,Wolverhampton Wanderers v Brighton,Wolverhampton Wanderers,Jhon Arias,Hugo Bueno,0.1446666270494461,0.9109999847412109,0.5309999847412109,55,OpenPlay,MissedShots,RightFoot,Pass,Home
2025,2526,2025-10-05,Wolverhampton Wanderers v Brighton,Wolverhampton Wanderers,Jørgen Strand Larsen,João Gomes,0.073948934674263,0.9130000305175782,0.685,74,OpenPlay,ShotOnPost,RightFoot,TakeOn,Home
2025,2526,2025-10-05,Wolverhampton Wanderers v Brighton,Brighton,Mats Wieffer,Brajan Gruda,0.014362865127623081,0.7580000305175781,0.3129999923706055,9,OpenPlay,BlockedShot,LeftFoot,Pass,Away
2025,2526,2025-10-05,Wolverhampton Wanderers v Brighton,Brighton,Mats Wieffer,Yasin Ayari,0.05650047957897186,0.8830000305175781,0.49599998474121093,10,FromCorner,MissedShots,RightFoot,Cross,Away
2025,2526,2025-10-05,Wolverhampton Wanderers v Brighton,Brighton,Ferdi Kadioglu,Yankuba Minteh,0.10398753732442856,0.8909999847412109,0.6120000076293945,13,OpenPlay,SavedShot,RightFoot,Pass,Away
2025,2526,2025-10-05,Wolverhampton Wanderers v Brighton,Brighton,Bart Verbruggen,,0.0,0.01399999976158142,0.49900001525878906,20,SetPiece,OwnGoal,OtherBodyPart,Clearance,Away
2025,2526,2025-10-05,Wolverhampton Wanderers v Brighton,Brighton,Brajan Gruda,Yankuba Minteh,0.009488767012953758,0.4929999923706055,0.7869999694824219,24,OpenPlay,MissedShots,LeftFoot,BallRecovery,Away
2025,2526,2025-10-05,Wolverhampton Wanderers v Brighton,Brighton,Brajan Gruda,,0.053921349346637726,0.8569999694824219,0.345,25,OpenPlay,BlockedShot,RightFoot,TakeOn,Away
2025,2526,2025-10-05,Wolverhampton Wanderers v Brighton,Brighton,Brajan Gruda,,0.5469468235969543,0.9669999694824218,0.5609999847412109,27,OpenPlay,SavedShot,LeftFoot,TakeOn,Away
2025,2526,2025-10-05,Wolverhampton Wanderers v Brighton,Brighton,Diego Gómez,Danny Welbeck,0.022681372240185738,0.7559999847412109,0.5829999923706055,32,OpenPlay,SavedShot,RightFoot,Pass,Away
2025,2526,2025-10-05,Wolverhampton Wanderers v Brighton,Brighton,Lewis Dunk,,0.06691453605890274,0.76,0.585,51,DirectFreekick,MissedShots,RightFoot,Standard,Away
2025,2526,2025-10-05,Wolverhampton Wanderers v Brighton,Brighton,Georginio Rutter,Yankuba Minteh,0.07491902261972427,0.899000015258789,0.41200000762939454,57,OpenPlay,SavedShot,LeftFoot,Cross,Away
2025,2526,2025-10-05,Wolverhampton Wanderers v Brighton,Brighton,Yasin Ayari,Mats Wieffer,0.029058944433927536,0.7719999694824219,0.49900001525878906,58,OpenPlay,BlockedShot,RightFoot,Pass,Away
2025,2526,2025-10-05,Wolverhampton Wanderers v Brighton,Brighton,Diego Gómez,Mats Wieffer,0.07507354766130447,0.899000015258789,0.5170000076293946,61,OpenPlay,MissedShots,Head,Cross,Away
2025,2526,2025-10-05,Wolverhampton Wanderers v Brighton,Brighton,Maxim De Cuyper,,0.022477824240922928,0.7290000152587891,0.085,72,DirectFreekick,SavedShot,LeftFoot,Standard,Away
2025,2526,2025-10-05,Wolverhampton Wanderers v Brighton,Brighton,Georginio Rutter,Stefanos Tzimas,0.07251077890396118,0.8880000305175781,0.5709999847412109,74,OpenPlay,BlockedShot,LeftFoot,None,Away
2025,2526,2025-10-05,Wolverhampton Wanderers v Brighton,Brighton,Georginio Rutter,Yankuba Minteh,0.04556367173790932,0.8909999847412109,0.5670000076293945,81,OpenPlay,MissedShots,Head,Cross,Away
2025,2526,2025-10-05,Wolverhampton Wanderers v Brighton,Brighton,Yankuba Minteh,James Milner,0.013343166559934616,0.8619999694824219,0.8040000152587891,82,SetPiece,MissedShots,LeftFoot,Cross,Away
2025,2526,2025-10-05,Wolverhampton Wanderers v Brighton,Brighton,Stefanos Tzimas,Maxim De Cuyper,0.1297849416732788,0.9009999847412109,0.504000015258789,85,FromCorner,BlockedShot,Head,Goal,Away
2025,2526,2025-10-05,Wolverhampton Wanderers v Brighton,Brighton,Jan Paul van Hecke,Stefanos Tzimas,0.05404830351471901,0.9230000305175782,0.48,85,FromCorner,Goal,Head,None,Away
2025,2526,2025-10-05,Brentford v Manchester City,Brentford,Thiago,Jordan Henderson,0.04148175194859505,0.7959999847412109,0.48700000762939455,35,OpenPlay,BlockedShot,RightFoot,Pass,Home
2025,2526,2025-10-05,Brentford v Manchester City,Brentford,Thiago,,0.5277394652366638,0.8430000305175781,0.5070000076293946,47,OpenPlay,SavedShot,RightFoot,None,Home
2025,2526,2025-10-05,Brentford v Manchester City,Brentford,Michael Kayode,Kevin Schade,0.018799951300024986,0.889000015258789,0.38,57,OpenPlay,MissedShots,Head,Cross,Home
2025,2526,2025-10-05,Brentford v Manchester City,Brentford,Yehor Yarmolyuk,,0.013301693834364414,0.835999984741211,0.3129999923706055,60,OpenPlay,BlockedShot,RightFoot,Aerial,Home
2025,2526,2025-10-05,Brentford v Manchester City,Brentford,Vitaly Janelt,Sepp van den Berg,0.07653624564409256,0.85,0.5379999923706055,90,OpenPlay,MissedShots,LeftFoot,Pass,Home
2025,2526,2025-10-05,Brentford v Manchester City,Brentford,Aaron Hickey,Kevin Schade,0.015899255871772766,0.71,0.49700000762939456,91,OpenPlay,MissedShots,RightFoot,Pass,Home
2025,2526,2025-10-05,Brentford v Manchester City,Manchester City,Phil Foden,Rodri,0.02714923396706581,0.77,0.6029999923706054,6,OpenPlay,BlockedShot,LeftFoot,Pass,Away
2025,2526,2025-10-05,Brentford v Manchester City,Manchester City,Josko Gvardiol,Phil Foden,0.08271034806966782,0.9119999694824219,0.5220000076293946,7,FromCorner,SavedShot,Head,Cross,Away
2025,2526,2025-10-05,Brentford v Manchester City,Manchester City,Erling Haaland,Josko Gvardiol,0.2928302586078644,0.899000015258789,0.610999984741211,8,OpenPlay,Goal,LeftFoot,Chipped,Away
2025,2526,2025-10-05,Brentford v Manchester City,Manchester City,Tijjani Reijnders,Nico O&#039;Reilly,0.017935506999492645,0.754000015258789,0.69,14,OpenPlay,MissedShots,RightFoot,Pass,Away
2025,2526,2025-10-05,Brentford v Manchester City,Manchester City,Phil Foden,Tijjani Reijnders,0.04854302480816841,0.8190000152587891,0.39299999237060546,18,OpenPlay,SavedShot,LeftFoot,Pass,Away
2025,2526,2025-10-05,Brentford v Manchester City,Manchester City,Phil Foden,Oscar Bobb,0.030010638758540154,0.750999984741211,0.46299999237060546,26,OpenPlay,BlockedShot,LeftFoot,Pass,Away
2025,2526,2025-10-05,Brentford v Manchester City,Manchester City,Phil Foden,Oscar Bobb,0.13160130381584167,0.8919999694824219,0.4570000076293945,28,OpenPlay,BlockedShot,LeftFoot,Pass,Away
2025,2526,2025-10-05,Brentford v Manchester City,Manchester City,Phil Foden,Oscar Bobb,0.0848473310470581,0.874000015258789,0.3659999847412109,30,OpenPlay,MissedShots,RightFoot,Pass,Away
2025,2526,2025-10-05,Brentford v Manchester City,Manchester City,Tijjani Reijnders,Nico O&#039;Reilly,0.28888022899627686,0.899000015258789,0.38,38,OpenPlay,SavedShot,RightFoot,Cross,Away
2025,2526,2025-10-05,Brentford v Manchester City,Manchester City,Oscar Bobb,Phil Foden,0.09196644276380539,0.85,0.3579999923706055,52,OpenPlay,BlockedShot,LeftFoot,TakeOn,Away
2025,2526,2025-10-18,Nottingham Forest v Chelsea,Nottingham Forest,Taiwo Awoniyi,,0.051006533205509186,0.8159999847412109,0.590999984741211,0,OpenPlay,MissedShots,LeftFoot,BallRecovery,Home
2025,2526,2025-10-18,Nottingham Forest v Chelsea,Nottingham Forest,Morgan Gibbs-White,Taiwo Awoniyi,0.06287747621536255,0.8209999847412109,0.5379999923706055,18,OpenPlay,MissedShots,RightFoot,BallRecovery,Home
2025,2526,2025-10-18,Nottingham Forest v Chelsea,Nottingham Forest,Morgan Gibbs-White,Douglas Luiz,0.5033846497535706,0.9619999694824218,0.4420000076293945,19,OpenPlay,MissedShots,RightFoot,BallRecovery,Home
2025,2526,2025-10-18,Nottingham Forest v Chelsea,Nottingham Forest,Neco Williams,Oleksandr Zinchenko,0.30302974581718445,0.924000015258789,0.46799999237060547,60,OpenPlay,MissedShots,RightFoot,Cross,Home
2025,2526,2025-10-18,Nottingham Forest v Chelsea,Nottingham Forest,Nikola Milenkovic,Elliot Anderson,0.05389919504523277,0.894000015258789,0.5209999847412109,64,FromCorner,SavedShot,Head,Cross,Home
2025,2526,2025-10-18,Nottingham Forest v Chelsea,Nottingham Forest,Ibrahim Sangare,,0.3906587064266205,0.9590000152587891,0.5940000152587891,64,FromCorner,SavedShot,RightFoot,Rebound,Home
2025,2526,2025-10-18,Nottingham Forest v Chelsea,Nottingham Forest,Morgan Gibbs-White,Callum Hudson-Odoi,0.019133802503347397,0.7480000305175781,0.5020000076293946,65,OpenPlay,BlockedShot,RightFoot,Pass,Home
2025,2526,2025-10-18,Nottingham Forest v Chelsea,Nottingham Forest,Igor Jesus,Callum Hudson-Odoi,0.6059059500694275,0.96,0.5020000076293946,69,OpenPlay,ShotOnPost,RightFoot,Cross,Home
2025,2526,2025-10-18,Nottingham Forest v Chelsea,Nottingham Forest,Morgan Gibbs-White,Ibrahim Sangare,0.03345363214612007,0.8809999847412109,0.27399999618530274,73,OpenPlay,BlockedShot,RightFoot,Pass,Home
2025,2526,2025-10-18,Nottingham Forest v Chelsea,Nottingham Forest,Ibrahim Sangare,,0.02566802129149437,0.784000015258789,0.49700000762939456,75,OpenPlay,MissedShots,RightFoot,None,Home
2025,2526,2025-10-18,Nottingham Forest v Chelsea,Nottingham Forest,Nikola Milenkovic,Elliot Anderson,0.02753354050219059,0.9269999694824219,0.57,90,FromCorner,MissedShots,Head,Aerial,Home
2025,2526,2025-10-18,Nottingham Forest v Chelsea,Chelsea,Reece James,,0.0343979075551033,0.6890000152587891,0.48,28,DirectFreekick,SavedShot,RightFoot,Standard,Away
2025,2526,2025-10-18,Nottingham Forest v Chelsea,Chelsea,Pedro Neto,Reece James,0.025479033589363098,0.8819999694824219,0.21700000762939453,31,OpenPlay,SavedShot,RightFoot,Pass,Away
2025,2526,2025-10-18,Nottingham Forest v Chelsea,Chelsea,Andrey Santos,João Pedro,0.06689022481441498,0.8640000152587891,0.4620000076293945,38,OpenPlay,MissedShots,RightFoot,HeadPass,Away
2025,2526,2025-10-18,Nottingham Forest v Chelsea,Chelsea,Andrey Santos,João Pedro,0.32162848114967346,0.8430000305175781,0.5870000076293945,41,OpenPlay,MissedShots,LeftFoot,Throughball,Away
2025,2526,2025-10-18,Nottingham Forest v Chelsea,Chelsea,Pedro Neto,Malo Gusto,0.015169907361268997,0.759000015258789,0.32299999237060545,45,OpenPlay,MissedShots,LeftFoot,Pass,Away
2025,2526,2025-10-18,Nottingham Forest v Chelsea,Chelsea,Josh Acheampong,Pedro Neto,0.009954600594937801,0.9080000305175782,0.6959999847412109,45,FromCorner,SavedShot,Head,Aerial,Away
2025,2526,2025-10-18,Nottingham Forest v Chelsea,Chelsea,Josh Acheampong,Pedro Neto,0.5625271201133728,0.9490000152587891,0.4909999847412109,48,SetPiece,Goal,Head,Cross,Away
2025,2526,2025-10-18,Nottingham Forest v Chelsea,Chelsea,Pedro Neto,,0.12143916636705399,0.8019999694824219,0.43400001525878906,51,DirectFreekick,Goal,LeftFoot,Standard,Away
2025,2526,2025-10-18,Nottingham Forest v Chelsea,Chelsea,João Pedro,,0.05870429798960686,0.8769999694824219,0.7140000152587891,57,OpenPlay,MissedShots,RightFoot,BallRecovery,Away
2025,2526,2025-10-18,Nottingham Forest v Chelsea,Chelsea,Marc Guiu,Malo Gusto,0.47843483090400696,0.914000015258789,0.40900001525878904,61,OpenPlay,BlockedShot,RightFoot,Throughball,Away
2025,2526,2025-10-18,Nottingham Forest v Chelsea,Chelsea,Malo Gusto,Pedro Neto,0.023632893338799477,0.7719999694824219,0.38299999237060545,68,OpenPlay,BlockedShot,LeftFoot,Pass,Away
2025,2526,2025-10-18,Nottingham Forest v Chelsea,Chelsea,Marc Guiu,Pedro Neto,0.131173774600029,0.925,0.5059999847412109,68,OpenPlay,MissedShots,Head,Cross,Away
2025,2526,2025-10-18,Nottingham Forest v Chelsea,Chelsea,Marc Guiu,Trevoh Chalobah,0.10206042230129242,0.8109999847412109,0.6079999923706054,70,OpenPlay,MissedShots,RightFoot,BallRecovery,Away
2025,2526,2025-10-18,Nottingham Forest v Chelsea,Chelsea,Estêvão,,0.03155709430575371,0.8730000305175781,0.7680000305175781,81,OpenPlay,BlockedShot,LeftFoot,TakeOn,Away
2025,2526,2025-10-18,Nottingham Forest v Chelsea,Chelsea,Reece James,,0.0191614031791687,0.73,0.49400001525878906,82,OpenPlay,BlockedShot,RightFoot,CornerAwarded,Away
2025,2526,2025-10-18,Nottingham Forest v Chelsea,Chelsea,Estêvão,Marc Cucurella,0.082034170627594,0.9019999694824219,0.35,82,OpenPlay,BlockedShot,RightFoot,BallRecovery,Away
2025,2526,2025-10-18,Nottingham Forest v Chelsea,Chelsea,Reece James,,0.4740513563156128,0.9069999694824219,0.5020000076293946,83,FromCorner,Goal,RightFoot,None,Away
2025,2526,2025-10-18,Brighton v Newcastle United,Brighton,Yankuba Minteh,Georginio Rutter,0.09424661099910736,0.8819999694824219,0.27299999237060546,8,OpenPlay,BlockedShot,LeftFoot,Chipped,Home
2025,2526,2025-10-18,Brighton v Newcastle United,Brighton,Carlos Baleba,Yasin Ayari,0.02054816670715809,0.745,0.445,11,OpenPlay,BlockedShot,LeftFoot,Pass,Home
2025,2526,2025-10-18,Brighton v Newcastle United,Brighton,Yankuba Minteh,Diego Gómez,0.08176365494728088,0.8490000152587891,0.43099998474121093,17,OpenPlay,BlockedShot,LeftFoot,Pass,Home
2025,2526,2025-10-18,Brighton v Newcastle United,Brighton,Georginio Rutter,Yasin Ayari,0.020671498030424118,0.7190000152587891,0.49599998474121093,19,OpenPlay,SavedShot,RightFoot,Pass,Home
2025,2526,2025-10-18,Brighton v Newcastle United,Brighton,Georginio Rutter,Danny Welbeck,0.018719060346484184,0.7480000305175781,0.5029999923706054,19,OpenPlay,SavedShot,LeftFoot,BallRecovery,Home
2025,2526,2025-10-18,Brighton v Newcastle United,Brighton,Danny Welbeck,Georginio Rutter,0.3492225408554077,0.8580000305175781,0.5120000076293946,40,OpenPlay,Goal,RightFoot,Throughball,Home
2025,2526,2025-10-18,Brighton v Newcastle United,Brighton,Yasin Ayari,Danny Welbeck,0.01738312654197216,0.700999984741211,0.549000015258789,42,OpenPlay,MissedShots,RightFoot,BallRecovery,Home
2025,2526,2025-10-18,Brighton v Newcastle United,Brighton,Lewis Dunk,Yankuba Minteh,0.014396097511053085,0.9259999847412109,0.6020000076293945,46,FromCorner,BlockedShot,Head,Aerial,Home
2025,2526,2025-10-18,Brighton v Newcastle United,Brighton,Carlos Baleba,,0.014188283123075962,0.7219999694824218,0.4620000076293945,46,FromCorner,MissedShots,RightFoot,None,Home
2025,2526,2025-10-18,Brighton v Newcastle United,Brighton,Yasin Ayari,Danny Welbeck,0.09551679342985153,0.885,0.6320000076293946,49,OpenPlay,MissedShots,RightFoot,Pass,Home
2025,2526,2025-10-18,Brighton v Newcastle United,Brighton,Maxim De Cuyper,,0.04740219935774803,0.9030000305175782,0.7480000305175781,51,OpenPlay,SavedShot,LeftFoot,None,Home
2025,2526,2025-10-18,Brighton v Newcastle United,Brighton,Mats Wieffer,Yasin Ayari,0.03713472932577133,0.8240000152587891,0.34400001525878904,83,OpenPlay,BlockedShot,RightFoot,Pass,Home
2025,2526,2025-10-18,Brighton v Newcastle United,Brighton,Danny Welbeck,,0.04768161475658417,0.8219999694824218,0.49599998474121093,83,OpenPlay,Goal,RightFoot,Rebound,Home
2025,2526,2025-10-18,Brighton v Newcastle United,Newcastle United,Bruno Guimarães,Sandro Tonali,0.07806868106126785,0.8530000305175781,0.4929999923706055,5,OpenPlay,MissedShots,RightFoot,HeadPass,Away
2025,2526,2025-10-18,Brighton v Newcastle United,Newcastle United,Sven Botman,Anthony Gordon,0.04896140098571777,0.924000015258789,0.4379999923706055,31,SetPiece,MissedShots,Head,Aerial,Away
2025,2526,2025-10-18,Brighton v Newcastle United,Newcastle United,Nick Woltemade,Sandro Tonali,0.42409101128578186,0.945,0.55,50,SetPiece,MissedShots,Head,Cross,Away
2025,2526,2025-10-18,Brighton v Newcastle United,Newcastle United,Anthony Gordon,Lewis Miley,0.05857683718204498,0.8159999847412109,0.544000015258789,52,OpenPlay,MissedShots,RightFoot,Pass,Away
2025,2526,2025-10-18,Brighton v Newcastle United,Newcastle United,Sandro Tonali,,0.011567860841751099,0.710999984741211,0.6170000076293946,54,OpenPlay,BlockedShot,RightFoot,None,Away
2025,2526,2025-10-18,Brighton v Newcastle United,Newcastle United,Bruno Guimarães,Anthony Gordon,0.050295475870370865,0.8119999694824219,0.5259999847412109,60,OpenPlay,BlockedShot,RightFoot,Pass,Away
2025,2526,2025-10-18,Brighton v Newcastle United,Newcastle United,Jacob Murphy,Bruno Guimarães,0.028281232342123985,0.7869999694824219,0.6120000076293945,64,OpenPlay,MissedShots,LeftFoot,Chipped,Away
2025,2526,2025-10-18,Brighton v Newcastle United,Newcastle United,Bruno Guimarães,Jacob Ramsey,0.032573338598012924,0.9059999847412109,0.2720000076293945,73,OpenPlay,SavedShot,RightFoot,Pass,Away
2025,2526,2025-10-18,Brighton v Newcastle United,Newcastle United,Jacob Murphy,,0.023180440068244934,0.745999984741211,0.5029999923706054,73,OpenPlay,MissedShots,LeftFoot,TakeOn,Away
2025,2526,2025-10-18,Brighton v Newcastle United,Newcastle United,Nick Woltemade,Lewis Miley,0.12330621480941772,0.914000015258789,0.4759999847412109,75,OpenPlay,Goal,RightFoot,Pass,Away
2025,2526,2025-10-18,Brighton v Newcastle United,Newcastle United,Bruno Guimarães,,0.11168073862791061,0.92,0.495,77,OpenPlay,BlockedShot,LeftFoot,None,Away
2025,2526,2025-10-18,Brighton v Newcastle United,Newcastle United,Nick Woltemade,Jacob Murphy,0.09126482158899307,0.9009999847412109,0.47400001525878904,87,OpenPlay,MissedShots,RightFoot,HeadPass,Away
2025,2526,2025-10-18,Brighton v Newcastle United,Newcastle United,Nick Woltemade,,0.1266394853591919,0.919000015258789,0.5,87,OpenPlay,BlockedShot,RightFoot,Rebound,Away
2025,2526,2025-10-18,Brighton v Newcastle United,Newcastle United,Jacob Murphy,,0.012982537969946861,0.705,0.485,88,OpenPlay,BlockedShot,RightFoot,None,Away
2025,2526,2025-10-18,Brighton v Newcastle United,Newcastle United,Malick Thiaw,Kieran Trippier,0.03331971541047096,0.9109999847412109,0.4879999923706055,89,FromCorner,MissedShots,Head,Aerial,Away
2025,2526,2025-10-18,Brighton v Newcastle United,Newcastle United,Harvey Barnes,Dan Burn,0.03989618644118309,0.914000015258789,0.7330000305175781,95,OpenPlay,SavedShot,RightFoot,Pass,Away
2025,2526,2025-10-18,Burnley v Leeds,Burnley,Florentino Luís,Josh Cullen,0.013716273009777069,0.6980000305175781,0.5529999923706055,6,OpenPlay,MissedShots,RightFoot,Pass,Home
2025,2526,2025-10-18,Burnley v Leeds,Burnley,Jacob Bruun Larsen,,0.0413445420563221,0.7340000152587891,0.33,10,DirectFreekick,SavedShot,RightFoot,Standard,Home
2025,2526,2025-10-18,Burnley v Leeds,Burnley,Chimuanya Ugochukwu,Kyle Walker,0.4297392666339874,0.9309999847412109,0.4979999923706055,17,OpenPlay,Goal,Head,Cross,Home
2025,2526,2025-10-18,Burnley v Leeds,Burnley,Loum Tchaouna,Florentino Luís,0.02484741620719433,0.7480000305175781,0.3240000152587891,67,OpenPlay,Goal,LeftFoot,Pass,Home
2025,2526,2025-10-18,Burnley v Leeds,Leeds,Dominic Calvert-Lewin,Brenden Aaronson,0.09589267522096634,0.9,0.5120000076293946,10,OpenPlay,MissedShots,RightFoot,Cross,Away
2025,2526,2025-10-18,Burnley v Leeds,Leeds,Brenden Aaronson,Jack Harrison,0.3380284607410431,0.889000015258789,0.40900001525878904,31,OpenPlay,SavedShot,RightFoot,Pass,Away
2025,2526,2025-10-18,Burnley v Leeds,Leeds,Jayden Bogle,Sean Longstaff,0.03433726355433464,0.8680000305175781,0.28899999618530275,35,OpenPlay,BlockedShot,RightFoot,BallTouch,Away
2025,2526,2025-10-18,Burnley v Leeds,Leeds,Anton Stach,Brenden Aaronson,0.04067462682723999,0.91,0.4829999923706055,40,OpenPlay,MissedShots,Head,Aerial,Away
2025,2526,2025-10-18,Burnley v Leeds,Leeds,Anton Stach,,0.06179844215512276,0.789000015258789,0.6969999694824218,44,DirectFreekick,SavedShot,RightFoot,Standard,Away
2025,2526,2025-10-18,Burnley v Leeds,Leeds,Jack Harrison,Sean Longstaff,0.25977885723114014,0.889000015258789,0.6430000305175781,58,OpenPlay,MissedShots,LeftFoot,Cross,Away
2025,2526,2025-10-18,Burnley v Leeds,Leeds,Jack Harrison,Joe Rodon,0.018941394984722137,0.8130000305175781,0.5209999847412109,63,FromCorner,MissedShots,LeftFoot,HeadPass,Away
2025,2526,2025-10-18,Burnley v Leeds,Leeds,Lukas Nmecha,Gabriel Gudmundsson,0.035416170954704285,0.9030000305175782,0.45,65,OpenPlay,SavedShot,Head,Aerial,Away
2025,2526,2025-10-18,Burnley v Leeds,Leeds,Dominic Calvert-Lewin,Daniel James,0.08159825205802917,0.950999984741211,0.4420000076293945,69,OpenPlay,MissedShots,Head,Aerial,Away
2025,2526,2025-10-18,Burnley v Leeds,Leeds,Dominic Calvert-Lewin,Sean Longstaff,0.027871089056134224,0.9630000305175781,0.6179999923706054,70,OpenPlay,MissedShots,Head,Aerial,Away
2025,2526,2025-10-18,Burnley v Leeds,Leeds,Jayden Bogle,Dominic Calvert-Lewin,0.3116726875305176,0.9830000305175781,0.4109999847412109,70,OpenPlay,MissedShots,RightFoot,Rebound,Away
2025,2526,2025-10-18,Burnley v Leeds,Leeds,Joël Piroe,Gabriel Gudmundsson,0.04786023870110512,0.889000015258789,0.5559999847412109,78,OpenPlay,MissedShots,Head,Cross,Away
2025,2526,2025-10-18,Burnley v Leeds,Leeds,Pascal Struijk,Daniel James,0.016945406794548035,0.9069999694824219,0.6759999847412109,78,OpenPlay,BlockedShot,Head,Aerial,Away
2025,2526,2025-10-18,Burnley v Leeds,Leeds,Ethan Ampadu,,0.03484008461236954,0.875999984741211,0.6140000152587891,79,OpenPlay,MissedShots,LeftFoot,Aerial,Away
2025,2526,2025-10-18,Burnley v Leeds,Leeds,Lukas Nmecha,Gabriel Gudmundsson,0.663292646408081,0.9590000152587891,0.529000015258789,79,OpenPlay,MissedShots,Head,Aerial,Away
2025,2526,2025-10-18,Burnley v Leeds,Leeds,Pascal Struijk,,0.09218934178352356,0.9119999694824219,0.4259999847412109,84,OpenPlay,BlockedShot,RightFoot,BallTouch,Away
2025,2526,2025-10-18,Burnley v Leeds,Leeds,Joël Piroe,Gabriel Gudmundsson,0.10025794059038162,0.8859999847412109,0.5929999923706055,86,OpenPlay,MissedShots,LeftFoot,Pass,Away
2025,2526,2025-10-18,Burnley v Leeds,Leeds,Joe Rodon,Sean Longstaff,0.04194533824920654,0.8859999847412109,0.5079999923706054,90,FromCorner,SavedShot,Head,Cross,Away
2025,2526,2025-10-18,Burnley v Leeds,Leeds,Dominic Calvert-Lewin,Ao Tanaka,0.036869823932647705,0.8780000305175781,0.52,96,OpenPlay,MissedShots,Head,Aerial,Away
2025,2526,2025-10-18,Crystal Palace v Bournemouth,Crystal Palace,Jean-Philippe Mateta,Ismaila Sarr,0.044517576694488525,0.8059999847412109,0.28,3,OpenPlay,SavedShot,RightFoot,Pass,Home
2025,2526,2025-10-18,Crystal Palace v Bournemouth,Crystal Palace,Tyrick Mitchell,,0.03206295892596245,0.7680000305175781,0.575,21,OpenPlay,SavedShot,LeftFoot,TakeOn,Home
2025,2526,2025-10-18,Crystal Palace v Bournemouth,Crystal Palace,Jean-Philippe Mateta,Yeremi Pino,0.6772577166557312,0.94,0.45,26,OpenPlay,MissedShots,Head,Aerial,Home
2025,2526,2025-10-18,Crystal Palace v Bournemouth,Crystal Palace,Marc Guehi,Adam Wharton,0.08630041778087616,0.960999984741211,0.46700000762939453,28,FromCorner,BlockedShot,Head,Aerial,Home
2025,2526,2025-10-18,Crystal Palace v Bournemouth,Crystal Palace,Jean-Philippe Mateta,Marc Guehi,0.30818846821784973,0.9130000305175782,0.605999984741211,46,OpenPlay,SavedShot,LeftFoot,Pass,Home
2025,2526,2025-10-18,Crystal Palace v Bournemouth,Crystal Palace,Adam Wharton,,0.04258235543966293,0.8209999847412109,0.519000015258789,47,OpenPlay,BlockedShot,LeftFoot,None,Home
2025,2526,2025-10-18,Crystal Palace v Bournemouth,Crystal Palace,Jean-Philippe Mateta,,0.027399783954024315,0.7680000305175781,0.4879999923706055,49,OpenPlay,MissedShots,LeftFoot,BallRecovery,Home
2025,2526,2025-10-18,Crystal Palace v Bournemouth,Crystal Palace,Jean-Philippe Mateta,Adam Wharton,0.08558174967765808,0.9159999847412109,0.5459999847412109,50,OpenPlay,MissedShots,RightFoot,Cross,Home
2025,2526,2025-10-18,Crystal Palace v Bournemouth,Crystal Palace,Yeremi Pino,,0.011174270883202553,0.7519999694824219,0.634000015258789,62,OpenPlay,MissedShots,RightFoot,None,Home
2025,2526,2025-10-18,Crystal Palace v Bournemouth,Crystal Palace,Jean-Philippe Mateta,Daniel Muñoz,0.6212283968925476,0.9459999847412109,0.4929999923706055,63,OpenPlay,Goal,LeftFoot,Pass,Home
2025,2526,2025-10-18,Crystal Palace v Bournemouth,Crystal Palace,Daniel Muñoz,Daichi Kamada,0.05871240794658661,0.915,0.3509999847412109,68,OpenPlay,SavedShot,RightFoot,Chipped,Home
2025,2526,2025-10-18,Crystal Palace v Bournemouth,Crystal Palace,Jean-Philippe Mateta,,0.5354506969451904,0.9819999694824219,0.5709999847412109,68,OpenPlay,Goal,LeftFoot,Rebound,Home
2025,2526,2025-10-18,Crystal Palace v Bournemouth,Crystal Palace,Ismaila Sarr,Marc Guehi,0.3838312327861786,0.9259999847412109,0.40400001525878904,75,FromCorner,MissedShots,LeftFoot,Pass,Home
2025,2526,2025-10-18,Crystal Palace v Bournemouth,Crystal Palace,Jean-Philippe Mateta,Daniel Muñoz,0.10323813557624817,0.8619999694824219,0.48400001525878905,76,OpenPlay,BlockedShot,RightFoot,Pass,Home
2025,2526,2025-10-18,Crystal Palace v Bournemouth,Crystal Palace,Jean-Philippe Mateta,,0.08886904269456863,0.914000015258789,0.610999984741211,76,OpenPlay,BlockedShot,LeftFoot,Rebound,Home
2025,2526,2025-10-18,Crystal Palace v Bournemouth,Crystal Palace,Eddie Nketiah,Marc Guehi,0.05772005021572113,0.9069999694824219,0.6940000152587891,92,OpenPlay,BlockedShot,LeftFoot,Pass,Home
2025,2526,2025-10-18,Crystal Palace v Bournemouth,Crystal Palace,Chris Richards,,0.020403051748871803,0.8469999694824218,0.595999984741211,93,OpenPlay,BlockedShot,RightFoot,Aerial,Home
2025,2526,2025-10-18,Crystal Palace v Bournemouth,Crystal Palace,Maxence Lacroix,Chris Richards,0.07106912136077881,0.904000015258789,0.3990000152587891,94,FromCorner,BlockedShot,LeftFoot,Pass,Home
2025,2526,2025-10-18,Crystal Palace v Bournemouth,Crystal Palace,Jean-Philippe Mateta,,0.7611688375473022,0.885,0.5,96,Penalty,Goal,RightFoot,Standard,Home
2025,2526,2025-10-18,Crystal Palace v Bournemouth,Crystal Palace,Jean-Philippe Mateta,Eddie Nketiah,0.5866917967796326,0.9019999694824219,0.48700000762939455,98,OpenPlay,MissedShots,RightFoot,Pass,Home
2025,2526,2025-10-18,Crystal Palace v Bournemouth,Bournemouth,Eli Junior Kroupi,,0.8366477489471436,0.9930000305175781,0.47400001525878904,6,FromCorner,Goal,Head,None,Away
2025,2526,2025-10-18,Crystal Palace v Bournemouth,Bournemouth,Alex Scott,Marcus Tavernier,0.05356784164905548,0.775,0.524000015258789,10,OpenPlay,MissedShots,LeftFoot,LayOff,Away
2025,2526,2025-10-18,Crystal Palace v Bournemouth,Bournemouth,Antoine Semenyo,Alex Scott,0.07274179905653,0.8930000305175781,0.649000015258789,25,OpenPlay,SavedShot,RightFoot,TakeOn,Away
2025,2526,2025-10-18,Crystal Palace v Bournemouth,Bournemouth,Eli Junior Kroupi,,0.14671282470226288,0.9109999847412109,0.47200000762939454,37,OpenPlay,Goal,RightFoot,None,Away
2025,2526,2025-10-18,Crystal Palace v Bournemouth,Bournemouth,Tyler Adams,,0.024833977222442627,0.7580000305175781,0.5059999847412109,56,OpenPlay,MissedShots,RightFoot,None,Away
2025,2526,2025-10-18,Crystal Palace v Bournemouth,Bournemouth,Antoine Semenyo,Justin Kluivert,0.10038416087627411,0.8490000152587891,0.5870000076293945,60,OpenPlay,MissedShots,LeftFoot,Pass,Away
2025,2526,2025-10-18,Crystal Palace v Bournemouth,Bournemouth,Ryan Christie,Marcus Tavernier,0.7941879034042358,0.9690000152587891,0.51,88,OpenPlay,Goal,LeftFoot,Pass,Away
2025,2526,2025-10-18,Crystal Palace v Bournemouth,Bournemouth,Marcos Senesi,,0.01802304945886135,0.835999984741211,0.64,98,OpenPlay,SavedShot,LeftFoot,Aerial,Away
2025,2526,2025-10-18,Manchester City v Everton,Manchester City,Nico O&#039;Reilly,Nico González,0.017277205362915993,0.755,0.7090000152587891,10,OpenPlay,MissedShots,LeftFoot,Pass,Home
2025,2526,2025-10-18,Manchester City v Everton,Manchester City,Sávio,Matheus Nunes,0.11557155102491379,0.95,0.3139999961853027,14,OpenPlay,SavedShot,LeftFoot,Throughball,Home
2025,2526,2025-10-18,Manchester City v Everton,Manchester City,Matheus Nunes,Nico González,0.01616077683866024,0.74,0.3370000076293945,15,OpenPlay,MissedShots,RightFoot,Pass,Home
2025,2526,2025-10-18,Manchester City v Everton,Manchester City,Tijjani Reijnders,Phil Foden,0.10005144029855728,0.8669999694824219,0.43,17,OpenPlay,BlockedShot,RightFoot,Pass,Home
2025,2526,2025-10-18,Manchester City v Everton,Manchester City,Tijjani Reijnders,Jéremy Doku,0.02352171018719673,0.8569999694824219,0.7280000305175781,23,FromCorner,BlockedShot,RightFoot,Pass,Home
2025,2526,2025-10-18,Manchester City v Everton,Manchester City,Tijjani Reijnders,Jéremy Doku,0.11729005724191666,0.894000015258789,0.4279999923706055,30,OpenPlay,BlockedShot,RightFoot,Pass,Home
2025,2526,2025-10-18,Manchester City v Everton,Manchester City,Jéremy Doku,Tijjani Reijnders,0.3825669586658478,0.9,0.62,41,OpenPlay,SavedShot,RightFoot,Pass,Home
2025,2526,2025-10-18,Manchester City v Everton,Manchester City,Nathan Aké,Phil Foden,0.0486404225230217,0.9219999694824219,0.4859999847412109,44,FromCorner,MissedShots,Head,Aerial,Home
2025,2526,2025-10-18,Manchester City v Everton,Manchester City,Sávio,Tijjani Reijnders,0.047140974551439285,0.895,0.3220000076293945,47,OpenPlay,SavedShot,LeftFoot,TakeOn,Home
2025,2526,2025-10-18,Manchester City v Everton,Manchester City,Nico O&#039;Reilly,Jéremy Doku,0.08970959484577179,0.94,0.6559999847412109,47,OpenPlay,BlockedShot,LeftFoot,Pass,Home
2025,2526,2025-10-18,Manchester City v Everton,Manchester City,Erling Haaland,Nico O&#039;Reilly,0.33642709255218506,0.9109999847412109,0.48,57,OpenPlay,Goal,Head,Cross,Home
2025,2526,2025-10-18,Manchester City v Everton,Manchester City,Erling Haaland,Sávio,0.09280124306678772,0.855,0.5829999923706055,62,OpenPlay,Goal,LeftFoot,Pass,Home
2025,2526,2025-10-18,Manchester City v Everton,Manchester City,Phil Foden,Matheus Nunes,0.03806937485933304,0.8169999694824219,0.3060000038146973,69,OpenPlay,MissedShots,LeftFoot,Pass,Home
2025,2526,2025-10-18,Manchester City v Everton,Manchester City,Oscar Bobb,Bernardo Silva,0.09409221261739731,0.8619999694824219,0.315,72,OpenPlay,BlockedShot,LeftFoot,TakeOn,Home
2025,2526,2025-10-18,Manchester City v Everton,Manchester City,Nico O&#039;Reilly,Sávio,0.13809417188167572,0.9369999694824219,0.5120000076293946,79,OpenPlay,MissedShots,Head,Cross,Home
2025,2526,2025-10-18,Manchester City v Everton,Manchester City,Erling Haaland,Phil Foden,0.3933921456336975,0.874000015258789,0.3970000076293945,91,OpenPlay,SavedShot,LeftFoot,Throughball,Home
2025,2526,2025-10-18,Manchester City v Everton,Manchester City,Erling Haaland,,0.09566324949264526,0.88,0.565,91,OpenPlay,BlockedShot,LeftFoot,Rebound,Home
2025,2526,2025-10-18,Manchester City v Everton,Manchester City,Mathis Cherki,,0.06907398998737335,0.8490000152587891,0.5120000076293946,91,OpenPlay,BlockedShot,LeftFoot,Rebound,Home
2025,2526,2025-10-18,Manchester City v Everton,Manchester City,Erling Haaland,Mathis Cherki,0.33317339420318604,0.8580000305175781,0.5870000076293945,95,SetPiece,SavedShot,RightFoot,Throughball,Home
2025,2526,2025-10-18,Manchester City v Everton,Everton,Beto,Iliman Ndiaye,0.643643856048584,0.955,0.534000015258789,13,OpenPlay,MissedShots,LeftFoot,Pass,Away
2025,2526,2025-10-18,Manchester City v Everton,Everton,Carlos Alcaraz,Jake O&#039;Brien,0.012201840989291668,0.785,0.20899999618530274,24,OpenPlay,BlockedShot,RightFoot,Pass,Away
2025,2526,2025-10-18,Manchester City v Everton,Everton,Iliman Ndiaye,,0.03773112967610359,0.88,0.29200000762939454,40,OpenPlay,SavedShot,RightFoot,TakeOn,Away
2025,2526,2025-10-18,Manchester City v Everton,Everton,James Garner,,0.06448057293891907,0.9059999847412109,0.625,60,OpenPlay,BlockedShot,LeftFoot,None,Away
2025,2526,2025-10-18,Manchester City v Everton,Everton,Merlin Röhl,Iliman Ndiaye,0.03656488656997681,0.9219999694824219,0.625999984741211,76,OpenPlay,MissedShots,Head,Aerial,Away
2025,2526,2025-10-18,Sunderland v Wolverhampton Wanderers,Sunderland,Nordi Mukiele,Chris Rigg,0.026851192116737366,0.7730000305175782,0.4420000076293945,3,OpenPlay,MissedShots,RightFoot,None,Home
2025,2526,2025-10-18,Sunderland v Wolverhampton Wanderers,Sunderland,Trai Hume,Enzo Le Fée,0.027222421020269394,0.78,0.6,13,OpenPlay,BlockedShot,RightFoot,Pass,Home
2025,2526,2025-10-18,Sunderland v Wolverhampton Wanderers,Sunderland,Nordi Mukiele,Trai Hume,0.4350658655166626,0.9180000305175782,0.575,16,OpenPlay,Goal,RightFoot,Pass,Home
2025,2526,2025-10-18,Sunderland v Wolverhampton Wanderers,Sunderland,Trai Hume,Dan Ballard,0.3283000886440277,0.9640000152587891,0.59,25,OpenPlay,ShotOnPost,Head,HeadPass,Home
2025,2526,2025-10-18,Sunderland v Wolverhampton Wanderers,Sunderland,Dan Ballard,Granit Xhaka,0.07409484684467316,0.919000015258789,0.5579999923706055,41,FromCorner,SavedShot,Head,Cross,Home
2025,2526,2025-10-18,Sunderland v Wolverhampton Wanderers,Sunderland,Noah Sadiki,Dan Ballard,0.05619838088750839,0.8480000305175781,0.6419999694824219,47,OpenPlay,BlockedShot,RightFoot,Pass,Home
2025,2526,2025-10-18,Sunderland v Wolverhampton Wanderers,Sunderland,Granit Xhaka,,0.013943257741630077,0.71,0.5029999923706054,47,OpenPlay,BlockedShot,LeftFoot,Rebound,Home
2025,2526,2025-10-18,Sunderland v Wolverhampton Wanderers,Sunderland,Wilson Isidor,Omar Alderete,0.0639173835515976,0.8719999694824219,0.675,62,OpenPlay,MissedShots,RightFoot,Chipped,Home
2025,2526,2025-10-18,Sunderland v Wolverhampton Wanderers,Wolverhampton Wanderers,Marshall Munetsi,,0.015346447005867958,0.6709999847412109,0.35200000762939454,2,OpenPlay,MissedShots,RightFoot,BallRecovery,Away
2025,2526,2025-10-18,Sunderland v Wolverhampton Wanderers,Wolverhampton Wanderers,André,João Gomes,0.01654295064508915,0.7119999694824218,0.48900001525878906,28,OpenPlay,MissedShots,RightFoot,Pass,Away
2025,2526,2025-10-18,Sunderland v Wolverhampton Wanderers,Wolverhampton Wanderers,Jhon Arias,,0.07222910970449448,0.9259999847412109,0.799000015258789,30,DirectFreekick,BlockedShot,RightFoot,Standard,Away
2025,2526,2025-10-18,Sunderland v Wolverhampton Wanderers,Wolverhampton Wanderers,João Gomes,Marshall Munetsi,0.08063008636236191,0.8590000152587891,0.5370000076293945,47,OpenPlay,MissedShots,RightFoot,Pass,Away
2025,2526,2025-10-18,Sunderland v Wolverhampton Wanderers,Wolverhampton Wanderers,Rodrigo Gomes,Matt Doherty,0.054192230105400085,0.8869999694824219,0.655,50,OpenPlay,MissedShots,LeftFoot,Chipped,Away
2025,2526,2025-10-18,Sunderland v Wolverhampton Wanderers,Wolverhampton Wanderers,João Gomes,,0.01132278237491846,0.789000015258789,0.774000015258789,67,OpenPlay,MissedShots,RightFoot,TakeOn,Away
2025,2526,2025-10-18,Sunderland v Wolverhampton Wanderers,Wolverhampton Wanderers,Marshall Munetsi,Jhon Arias,0.0673213005065918,0.8669999694824219,0.45599998474121095,69,OpenPlay,SavedShot,RightFoot,HeadPass,Away
2025,2526,2025-10-18,Sunderland v Wolverhampton Wanderers,Wolverhampton Wanderers,Jackson Tchatchoua,Ladislav Krejcí,0.015242712572216988,0.874000015258789,0.43,77,OpenPlay,MissedShots,Head,Aerial,Away
2025,2526,2025-10-18,Sunderland v Wolverhampton Wanderers,Wolverhampton Wanderers,Tolu Arokodare,Jørgen Strand Larsen,0.07739917188882828,0.904000015258789,0.5879999923706055,84,OpenPlay,MissedShots,RightFoot,HeadPass,Away
2025,2526,2025-10-18,Sunderland v Wolverhampton Wanderers,Wolverhampton Wanderers,Jackson Tchatchoua,Jørgen Strand Larsen,0.04586073383688927,0.8180000305175781,0.5559999847412109,85,OpenPlay,MissedShots,RightFoot,BallRecovery,Away
2025,2526,2025-10-18,Sunderland v Wolverhampton Wanderers,Wolverhampton Wanderers,Jørgen Strand Larsen,,0.045114971697330475,0.8119999694824219,0.5229999923706055,90,OpenPlay,BlockedShot,LeftFoot,None,Away
2025,2526,2025-10-18,Sunderland v Wolverhampton Wanderers,Wolverhampton Wanderers,Ladislav Krejcí,,0.0,0.18399999618530274,0.504000015258789,91,OpenPlay,OwnGoal,RightFoot,BallTouch,Away
2025,2526,2025-10-18,Sunderland v Wolverhampton Wanderers,Wolverhampton Wanderers,Ki-Jana Hoever,Jackson Tchatchoua,0.00923213642090559,0.71,0.34400001525878904,95,OpenPlay,SavedShot,RightFoot,Pass,Away
2025,2526,2025-10-18,Sunderland v Wolverhampton Wanderers,Wolverhampton Wanderers,Fernando López,,0.0674668699502945,0.8569999694824219,0.46,96,SetPiece,BlockedShot,LeftFoot,None,Away
2025,2526,2025-10-18,Sunderland v Wolverhampton Wanderers,Wolverhampton Wanderers,Ladislav Krejcí,Santiago Bueno,0.042457930743694305,0.9209999847412109,0.3,96,SetPiece,SavedShot,LeftFoot,Pass,Away
2025,2526,2025-10-18,Sunderland v Wolverhampton Wanderers,Wolverhampton Wanderers,Tolu Arokodare,Hugo Bueno,0.04660780727863312,0.8130000305175781,0.63,97,OpenPlay,BlockedShot,RightFoot,Pass,Away
2025,2526,2025-10-18,Sunderland v Wolverhampton Wanderers,Wolverhampton Wanderers,Ladislav Krejcí,,0.00981266237795353,0.745,0.3659999847412109,97,OpenPlay,BlockedShot,LeftFoot,Rebound,Away
2025,2526,2025-10-18,Fulham v Arsenal,Fulham,Raúl Jiménez,Harry Wilson,0.09752590954303741,0.89,0.34,10,OpenPlay,BlockedShot,RightFoot,Pass,Home
2025,2526,2025-10-18,Fulham v Arsenal,Fulham,Tom Cairney,Alex Iwobi,0.04594503343105316,0.875,0.43400001525878906,11,FromCorner,BlockedShot,LeftFoot,Chipped,Home
2025,2526,2025-10-18,Fulham v Arsenal,Fulham,Harry Wilson,Sander Berge,0.04588120058178902,0.8830000305175781,0.3039999961853027,12,OpenPlay,MissedShots,LeftFoot,Pass,Home
2025,2526,2025-10-18,Fulham v Arsenal,Fulham,Joshua King,Harry Wilson,0.08244583010673523,0.7759999847412109,0.32099998474121094,17,OpenPlay,BlockedShot,LeftFoot,TakeOn,Home
2025,2526,2025-10-18,Fulham v Arsenal,Fulham,Harry Wilson,Alex Iwobi,0.07671300321817398,0.84,0.43,25,OpenPlay,MissedShots,LeftFoot,Pass,Home
2025,2526,2025-10-18,Fulham v Arsenal,Fulham,Ryan Sessegnon,,0.012611450627446175,0.6969999694824218,0.4420000076293945,30,FromCorner,MissedShots,LeftFoot,None,Home
2025,2526,2025-10-18,Fulham v Arsenal,Fulham,Harry Wilson,Alex Iwobi,0.04247715324163437,0.7980000305175782,0.4370000076293945,51,OpenPlay,MissedShots,LeftFoot,Pass,Home
2025,2526,2025-10-18,Fulham v Arsenal,Fulham,Harry Wilson,Alex Iwobi,0.06168025732040405,0.8569999694824219,0.5070000076293946,54,OpenPlay,MissedShots,LeftFoot,Chipped,Home
2025,2526,2025-10-18,Fulham v Arsenal,Fulham,Adama Traoré,Kevin,0.037051696330308914,0.8919999694824219,0.6580000305175782,89,FromCorner,BlockedShot,RightFoot,Cross,Home
2025,2526,2025-10-18,Fulham v Arsenal,Arsenal,Bukayo Saka,Jurriën Timber,0.058320965617895126,0.8369999694824218,0.295,21,OpenPlay,BlockedShot,LeftFoot,Pass,Away
2025,2526,2025-10-18,Fulham v Arsenal,Arsenal,Riccardo Calafiori,Martín Zubimendi,0.032443899661302567,0.8440000152587891,0.715,34,OpenPlay,BlockedShot,RightFoot,Pass,Away
2025,2526,2025-10-18,Fulham v Arsenal,Arsenal,Eberechi Eze,Declan Rice,0.018324917182326317,0.7880000305175782,0.715,35,FromCorner,BlockedShot,RightFoot,Pass,Away
2025,2526,2025-10-18,Fulham v Arsenal,Arsenal,Viktor Gyokeres,Bukayo Saka,0.07806604355573654,0.914000015258789,0.33799999237060546,36,OpenPlay,SavedShot,RightFoot,Pass,Away
2025,2526,2025-10-18,Fulham v Arsenal,Arsenal,Leandro Trossard,,0.09787560999393463,0.94,0.5170000076293946,36,OpenPlay,MissedShots,Head,Aerial,Away
2025,2526,2025-10-18,Fulham v Arsenal,Arsenal,Riccardo Calafiori,Bukayo Saka,0.04022448509931564,0.8880000305175781,0.6680000305175782,37,OpenPlay,MissedShots,LeftFoot,Cross,Away
2025,2526,2025-10-18,Fulham v Arsenal,Arsenal,Gabriel,Bukayo Saka,0.015151637606322765,0.9580000305175781,0.6079999923706054,39,FromCorner,BlockedShot,Head,Aerial,Away
2025,2526,2025-10-18,Fulham v Arsenal,Arsenal,Leandro Trossard,Eberechi Eze,0.03307236358523369,0.9019999694824219,0.6680000305175782,47,OpenPlay,MissedShots,RightFoot,Cross,Away
2025,2526,2025-10-18,Fulham v Arsenal,Arsenal,Declan Rice,Bukayo Saka,0.023332854732871056,0.785,0.3659999847412109,51,OpenPlay,MissedShots,RightFoot,Pass,Away
2025,2526,2025-10-18,Fulham v Arsenal,Arsenal,Gabriel,Bukayo Saka,0.20292691886425018,0.965,0.47099998474121096,57,FromCorner,MissedShots,Head,Goal,Away
2025,2526,2025-10-18,Fulham v Arsenal,Arsenal,Leandro Trossard,Gabriel,0.6705594062805176,0.98,0.545,57,FromCorner,Goal,RightFoot,None,Away
2025,2526,2025-10-18,Fulham v Arsenal,Arsenal,Bukayo Saka,Leandro Trossard,0.054453182965517044,0.879000015258789,0.664000015258789,63,OpenPlay,SavedShot,LeftFoot,TakeOn,Away
2025,2526,2025-10-18,Fulham v Arsenal,Arsenal,Viktor Gyokeres,,0.08318006247282028,0.914000015258789,0.6530000305175782,79,OpenPlay,MissedShots,LeftFoot,None,Away
2025,2526,2025-10-18,Fulham v Arsenal,Arsenal,Gabriel Martinelli,Jurriën Timber,0.06308387219905853,0.8530000305175781,0.509000015258789,82,OpenPlay,MissedShots,RightFoot,Chipped,Away
2025,2526,2025-10-18,Fulham v Arsenal,Arsenal,Viktor Gyokeres,Bukayo Saka,0.09163882583379745,0.914000015258789,0.33,93,OpenPlay,SavedShot,RightFoot,Pass,Away
2025,2526,2025-10-18,Fulham v Arsenal,Arsenal,Gabriel Martinelli,,0.5675927400588989,0.9680000305175781,0.43,93,OpenPlay,SavedShot,RightFoot,Rebound,Away
2025,2526,2025-10-19,Tottenham v Aston Villa,Tottenham,Rodrigo Bentancur,João Palhinha,0.4010891914367676,0.9130000305175782,0.5279999923706055,4,FromCorner,Goal,RightFoot,HeadPass,Home
2025,2526,2025-10-19,Tottenham v Aston Villa,Tottenham,Wilson Odobert,Pedro Porro,0.09124181419610977,0.8469999694824218,0.7240000152587891,26,OpenPlay,SavedShot,RightFoot,Chipped,Home
2025,2526,2025-10-19,Tottenham v Aston Villa,Tottenham,Micky van de Ven,Wilson Odobert,0.2573102116584778,0.9009999847412109,0.4909999847412109,45,SetPiece,MissedShots,Head,Cross,Home
2025,2526,2025-10-19,Tottenham v Aston Villa,Tottenham,Wilson Odobert,,0.5299350023269653,0.9230000305175782,0.48900001525878906,52,OpenPlay,BlockedShot,RightFoot,None,Home
2025,2526,2025-10-19,Tottenham v Aston Villa,Tottenham,João Palhinha,Rodrigo Bentancur,0.03177473694086075,0.794000015258789,0.37599998474121094,53,OpenPlay,SavedShot,RightFoot,Pass,Home
2025,2526,2025-10-19,Tottenham v Aston Villa,Tottenham,João Palhinha,Xavi Simons,0.031818948686122894,0.7819999694824219,0.4229999923706055,56,OpenPlay,MissedShots,RightFoot,Pass,Home
2025,2526,2025-10-19,Tottenham v Aston Villa,Tottenham,Rodrigo Bentancur,Pedro Porro,0.05909617245197296,0.8180000305175781,0.4859999847412109,66,OpenPlay,BlockedShot,LeftFoot,BallTouch,Home
2025,2526,2025-10-19,Tottenham v Aston Villa,Tottenham,Randal Kolo Muani,Richarlison,0.06208477169275284,0.914000015258789,0.519000015258789,92,FromCorner,MissedShots,RightFoot,Aerial,Home
2025,2526,2025-10-19,Tottenham v Aston Villa,Tottenham,Brennan Johnson,,0.05026136338710785,0.8830000305175781,0.6619999694824219,94,OpenPlay,MissedShots,RightFoot,None,Home
2025,2526,2025-10-19,Tottenham v Aston Villa,Aston Villa,Matthew Cash,,0.017699720337986946,0.8119999694824219,0.28399999618530275,11,FromCorner,BlockedShot,RightFoot,None,Away
2025,2526,2025-10-19,Tottenham v Aston Villa,Aston Villa,Matthew Cash,Evann Guessand,0.028522029519081116,0.7680000305175781,0.4379999923706055,14,OpenPlay,MissedShots,RightFoot,Pass,Away
2025,2526,2025-10-19,Tottenham v Aston Villa,Aston Villa,Morgan Rogers,,0.025275209918618202,0.795,0.33599998474121096,36,OpenPlay,Goal,RightFoot,None,Away
2025,2526,2025-10-19,Tottenham v Aston Villa,Aston Villa,Donyell Malen,John McGinn,0.08622466772794724,0.899000015258789,0.6480000305175782,56,OpenPlay,MissedShots,LeftFoot,Pass,Away
2025,2526,2025-10-19,Tottenham v Aston Villa,Aston Villa,John McGinn,Matthew Cash,0.05368897691369057,0.7959999847412109,0.6869999694824219,61,OpenPlay,MissedShots,LeftFoot,BallRecovery,Away
2025,2526,2025-10-19,Tottenham v Aston Villa,Aston Villa,Emiliano Buendía,Lucas Digne,0.03128521516919136,0.8209999847412109,0.32599998474121095,76,OpenPlay,Goal,LeftFoot,Pass,Away
2025,2526,2025-10-19,Tottenham v Aston Villa,Aston Villa,Ian Maatsen,,0.021490737795829773,0.784000015258789,0.5929999923706055,86,FromCorner,MissedShots,LeftFoot,None,Away
2025,2526,2025-10-19,Tottenham v Aston Villa,Aston Villa,Ollie Watkins,Ian Maatsen,0.08804439753293991,0.865,0.37400001525878906,89,OpenPlay,BlockedShot,RightFoot,Pass,Away
2025,2526,2025-10-19,Liverpool v Manchester United,Liverpool,Virgil van Dijk,Mohamed Salah,0.18659044802188873,0.9180000305175782,0.43200000762939456,13,SetPiece,MissedShots,Head,Cross,Home
2025,2526,2025-10-19,Liverpool v Manchester United,Liverpool,Cody Gakpo,Mohamed Salah,0.04885004088282585,0.8159999847412109,0.5640000152587891,20,OpenPlay,ShotOnPost,RightFoot,Pass,Home
2025,2526,2025-10-19,Liverpool v Manchester United,Liverpool,Alexis Mac Allister,Dominik Szoboszlai,0.04978923127055168,0.8109999847412109,0.4829999923706055,25,OpenPlay,SavedShot,RightFoot,Pass,Home
2025,2526,2025-10-19,Liverpool v Manchester United,Liverpool,Alexander Isak,,0.05322479084134102,0.845999984741211,0.4109999847412109,28,OpenPlay,MissedShots,RightFoot,None,Home
2025,2526,2025-10-19,Liverpool v Manchester United,Liverpool,Mohamed Salah,Cody Gakpo,0.02346966229379177,0.9340000152587891,0.39099998474121095,32,OpenPlay,SavedShot,Head,Aerial,Home
2025,2526,2025-10-19,Liverpool v Manchester United,Liverpool,Alexander Isak,Ibrahima Konaté,0.24298451840877533,0.89,0.36200000762939455,34,OpenPlay,SavedShot,RightFoot,Throughball,Home
2025,2526,2025-10-19,Liverpool v Manchester United,Liverpool,Virgil van Dijk,Conor Bradley,0.010452482849359512,0.9430000305175781,0.6819999694824219,38,FromCorner,SavedShot,Head,Cross,Home
2025,2526,2025-10-19,Liverpool v Manchester United,Liverpool,Cody Gakpo,Mohamed Salah,0.06544985622167587,0.8780000305175781,0.6229999923706054,49,SetPiece,ShotOnPost,RightFoot,Chipped,Home
2025,2526,2025-10-19,Liverpool v Manchester United,Liverpool,Mohamed Salah,Cody Gakpo,0.051351264119148254,0.9569999694824218,0.38799999237060545,53,FromCorner,MissedShots,LeftFoot,Cross,Home
2025,2526,2025-10-19,Liverpool v Manchester United,Liverpool,Alexis Mac Allister,Mohamed Salah,0.07151411473751068,0.835999984741211,0.44,59,OpenPlay,MissedShots,RightFoot,Pass,Home
2025,2526,2025-10-19,Liverpool v Manchester United,Liverpool,Hugo Ekitike,Cody Gakpo,0.029520833864808083,0.7069999694824218,0.610999984741211,63,OpenPlay,MissedShots,RightFoot,Pass,Home
2025,2526,2025-10-19,Liverpool v Manchester United,Liverpool,Mohamed Salah,Milos Kerkez,0.27443599700927734,0.9180000305175782,0.38299999237060545,64,OpenPlay,MissedShots,LeftFoot,Cross,Home
2025,2526,2025-10-19,Liverpool v Manchester United,Liverpool,Hugo Ekitike,Florian Wirtz,0.0628272145986557,0.8490000152587891,0.6859999847412109,68,OpenPlay,MissedShots,RightFoot,Pass,Home
2025,2526,2025-10-19,Liverpool v Manchester United,Liverpool,Curtis Jones,Florian Wirtz,0.05974965542554855,0.88,0.6580000305175782,75,OpenPlay,SavedShot,LeftFoot,Pass,Home
2025,2526,2025-10-19,Liverpool v Manchester United,Liverpool,Cody Gakpo,Dominik Szoboszlai,0.02395622618496418,0.924000015258789,0.42700000762939455,76,FromCorner,BlockedShot,Head,Aerial,Home
2025,2526,2025-10-19,Liverpool v Manchester United,Liverpool,Federico Chiesa,Florian Wirtz,0.06949859857559204,0.915,0.6730000305175782,77,OpenPlay,MissedShots,LeftFoot,Pass,Home
2025,2526,2025-10-19,Liverpool v Manchester United,Liverpool,Cody Gakpo,Federico Chiesa,0.7863274216651917,0.9680000305175781,0.49700000762939456,77,OpenPlay,Goal,RightFoot,Rebound,Home
2025,2526,2025-10-19,Liverpool v Manchester United,Liverpool,Cody Gakpo,Jeremie Frimpong,0.5381103157997131,0.9480000305175781,0.5120000076293946,86,OpenPlay,MissedShots,Head,Cross,Home
2025,2526,2025-10-19,Liverpool v Manchester United,Liverpool,Ibrahima Konaté,Dominik Szoboszlai,0.01626363955438137,0.865,0.44099998474121094,91,FromCorner,BlockedShot,Head,Cross,Home
2025,2526,2025-10-19,Liverpool v Manchester United,Manchester United,Bryan Mbeumo,Amad Diallo Traore,0.3349863588809967,0.9269999694824219,0.36,1,OpenPlay,Goal,RightFoot,Throughball,Away
2025,2526,2025-10-19,Liverpool v Manchester United,Manchester United,Bruno Fernandes,Amad Diallo Traore,0.10961603373289108,0.86,0.44400001525878907,23,OpenPlay,ShotOnPost,RightFoot,Pass,Away
2025,2526,2025-10-19,Liverpool v Manchester United,Manchester United,Mason Mount,,0.5486971139907837,0.924000015258789,0.47,26,OpenPlay,MissedShots,RightFoot,None,Away
2025,2526,2025-10-19,Liverpool v Manchester United,Manchester United,Bryan Mbeumo,,0.5278137922286987,0.914000015258789,0.5029999923706054,26,OpenPlay,SavedShot,LeftFoot,None,Away
2025,2526,2025-10-19,Liverpool v Manchester United,Manchester United,Mason Mount,,0.01935759373009205,0.7469999694824219,0.56,26,OpenPlay,SavedShot,LeftFoot,Rebound,Away
2025,2526,2025-10-19,Liverpool v Manchester United,Manchester United,Matheus Cunha,Bruno Fernandes,0.029462268576025963,0.784000015258789,0.315,41,OpenPlay,MissedShots,LeftFoot,Pass,Away
2025,2526,2025-10-19,Liverpool v Manchester United,Manchester United,Bruno Fernandes,Patrick Dorgu,0.06843314319849014,0.8680000305175781,0.6830000305175781,62,OpenPlay,BlockedShot,LeftFoot,Pass,Away
2025,2526,2025-10-19,Liverpool v Manchester United,Manchester United,Benjamin Sesko,Diogo Dalot,0.009385992772877216,0.84,0.644000015258789,66,FromCorner,MissedShots,Head,Aerial,Away
2025,2526,2025-10-19,Liverpool v Manchester United,Manchester United,Matheus Cunha,Benjamin Sesko,0.08052407950162888,0.909000015258789,0.6559999847412109,82,OpenPlay,BlockedShot,LeftFoot,Pass,Away
2025,2526,2025-10-19,Liverpool v Manchester United,Manchester United,Bryan Mbeumo,Bruno Fernandes,0.03670772537589073,0.845999984741211,0.6559999847412109,83,FromCorner,BlockedShot,LeftFoot,Pass,Away
2025,2526,2025-10-19,Liverpool v Manchester United,Manchester United,Harry Maguire,Bruno Fernandes,0.23580484092235565,0.92,0.4370000076293945,83,FromCorner,Goal,Head,Cross,Away
2025,2526,2025-10-19,Liverpool v Manchester United,Manchester United,Matthijs de Ligt,Bryan Mbeumo,0.5406005382537842,0.9569999694824218,0.5170000076293946,87,SetPiece,MissedShots,Head,Aerial,Away
2025,2526,2025-10-20,West Ham v Brentford,West Ham,Mateus Fernandes,,0.017190052196383476,0.754000015258789,0.3970000076293945,9,OpenPlay,BlockedShot,RightFoot,None,Home
2025,2526,2025-10-20,West Ham v Brentford,West Ham,Crysencio Summerville,Andy Irving,0.035151321440935135,0.7319999694824219,0.4979999923706055,48,OpenPlay,MissedShots,RightFoot,Pass,Home
2025,2526,2025-10-20,West Ham v Brentford,West Ham,Jarrod Bowen,Tomas Soucek,0.029067160561680794,0.7809999847412109,0.40700000762939453,49,OpenPlay,SavedShot,LeftFoot,Pass,Home
2025,2526,2025-10-20,West Ham v Brentford,West Ham,Crysencio Summerville,,0.013662516139447689,0.7390000152587891,0.6669999694824219,50,FromCorner,BlockedShot,RightFoot,None,Home
2025,2526,2025-10-20,West Ham v Brentford,West Ham,Tomas Soucek,Jarrod Bowen,0.08179470896720886,0.894000015258789,0.46,54,OpenPlay,BlockedShot,RightFoot,Dispossessed,Home
2025,2526,2025-10-20,West Ham v Brentford,West Ham,Jarrod Bowen,Crysencio Summerville,0.050188057124614716,0.840999984741211,0.34599998474121096,71,OpenPlay,MissedShots,RightFoot,Pass,Home
2025,2526,2025-10-20,West Ham v Brentford,West Ham,Lucas Paquetá,,0.033197082579135895,0.8180000305175781,0.6619999694824219,90,OpenPlay,MissedShots,RightFoot,None,Home
2025,2526,2025-10-20,West Ham v Brentford,Brentford,Kevin Schade,Dango Ouattara,0.06772693246603012,0.924000015258789,0.7369999694824219,3,OpenPlay,MissedShots,LeftFoot,Pass,Away
2025,2526,2025-10-20,West Ham v Brentford,Brentford,Kevin Schade,Michael Kayode,0.021479874849319458,0.9830000305175781,0.6170000076293946,8,OpenPlay,SavedShot,Head,Chipped,Away
2025,2526,2025-10-20,West Ham v Brentford,Brentford,Kevin Schade,Michael Kayode,0.06525003165006638,0.915,0.5420000076293945,8,OpenPlay,MissedShots,OtherBodyPart,Aerial,Away
2025,2526,2025-10-20,West Ham v Brentford,Brentford,Dango Ouattara,Michael Kayode,0.14161616563796997,0.9330000305175781,0.495,14,OpenPlay,BlockedShot,Head,Cross,Away
2025,2526,2025-10-20,West Ham v Brentford,Brentford,Nathan Collins,Jordan Henderson,0.10135364532470703,0.9019999694824219,0.49700000762939456,24,SetPiece,MissedShots,Head,Cross,Away
2025,2526,2025-10-20,West Ham v Brentford,Brentford,Dango Ouattara,Mikkel Damsgaard,0.07098280638456345,0.8490000152587891,0.33,28,OpenPlay,BlockedShot,LeftFoot,Pass,Away
2025,2526,2025-10-20,West Ham v Brentford,Brentford,Dango Ouattara,Michael Kayode,0.057083360850811005,0.9130000305175782,0.47400001525878904,29,OpenPlay,MissedShots,Head,Aerial,Away
2025,2526,2025-10-20,West Ham v Brentford,Brentford,Thiago,Dango Ouattara,0.5491554737091064,0.9730000305175781,0.57,29,OpenPlay,ShotOnPost,LeftFoot,Rebound,Away
2025,2526,2025-10-20,West Ham v Brentford,Brentford,Thiago,Yehor Yarmolyuk,0.11251520365476608,0.8730000305175781,0.4829999923706055,30,OpenPlay,BlockedShot,LeftFoot,Pass,Away
2025,2526,2025-10-20,West Ham v Brentford,Brentford,Thiago,Dango Ouattara,0.07769110798835754,0.8719999694824219,0.39099998474121095,30,OpenPlay,BlockedShot,RightFoot,Pass,Away
2025,2526,2025-10-20,West Ham v Brentford,Brentford,Mikkel Damsgaard,Michael Kayode,0.0396374873816967,0.8909999847412109,0.5220000076293946,30,OpenPlay,SavedShot,Head,Aerial,Away
2025,2526,2025-10-20,West Ham v Brentford,Brentford,Thiago,,0.5476440787315369,0.9540000152587891,0.44099998474121094,31,FromCorner,SavedShot,RightFoot,None,Away
2025,2526,2025-10-20,West Ham v Brentford,Brentford,Dango Ouattara,Mikkel Damsgaard,0.015740925446152687,0.8919999694824219,0.615999984741211,32,FromCorner,BlockedShot,Head,Cross,Away
2025,2526,2025-10-20,West Ham v Brentford,Brentford,Dango Ouattara,Mikkel Damsgaard,0.29765719175338745,0.955999984741211,0.42700000762939455,39,FromCorner,MissedShots,Head,Cross,Away
2025,2526,2025-10-20,West Ham v Brentford,Brentford,Thiago,Kevin Schade,0.3755340874195099,0.895,0.5890000152587891,42,OpenPlay,Goal,RightFoot,Pass,Away
2025,2526,2025-10-20,West Ham v Brentford,Brentford,Kristoffer Ajer,,0.029658615589141846,0.754000015258789,0.41700000762939454,47,OpenPlay,BlockedShot,RightFoot,BallRecovery,Away
2025,2526,2025-10-20,West Ham v Brentford,Brentford,Kristoffer Ajer,Michael Kayode,0.08736815303564072,0.955999984741211,0.43099998474121093,55,OpenPlay,MissedShots,Head,Aerial,Away
2025,2526,2025-10-20,West Ham v Brentford,Brentford,Sepp van den Berg,Mikkel Damsgaard,0.09794063866138458,0.9330000305175781,0.4420000076293945,60,FromCorner,MissedShots,Head,Cross,Away
2025,2526,2025-10-20,West Ham v Brentford,Brentford,Kevin Schade,Michael Kayode,0.500971257686615,0.935,0.505,61,OpenPlay,ShotOnPost,Head,Cross,Away
2025,2526,2025-10-20,West Ham v Brentford,Brentford,Thiago,Yehor Yarmolyuk,0.07981101423501968,0.9590000152587891,0.3129999923706055,78,OpenPlay,SavedShot,RightFoot,Pass,Away
2025,2526,2025-10-20,West Ham v Brentford,Brentford,Keane Lewis-Potter,Yehor Yarmolyuk,0.040230706334114075,0.7669999694824219,0.3270000076293945,85,OpenPlay,MissedShots,LeftFoot,Pass,Away
2025,2526,2025-10-20,West Ham v Brentford,Brentford,Mathias Jensen,Keane Lewis-Potter,0.12064792215824127,0.875999984741211,0.4620000076293945,94,OpenPlay,Goal,RightFoot,Pass,Away
2025,2526,2025-10-24,Leeds v West Ham,Leeds,Noah Okafor,Jayden Bogle,0.3830646574497223,0.9309999847412109,0.5420000076293945,2,OpenPlay,SavedShot,Head,Cross,Home
2025,2526,2025-10-24,Leeds v West Ham,Leeds,Brenden Aaronson,,0.6916036009788513,0.9669999694824218,0.47400001525878904,2,OpenPlay,Goal,RightFoot,Rebound,Home
2025,2526,2025-10-24,Leeds v West Ham,Leeds,Joe Rodon,Sean Longstaff,0.49435392022132874,0.9580000305175781,0.524000015258789,14,FromCorner,Goal,Head,Cross,Home
2025,2526,2025-10-24,Leeds v West Ham,Leeds,Ao Tanaka,Dominic Calvert-Lewin,0.07628515362739563,0.8069999694824219,0.49,29,OpenPlay,MissedShots,RightFoot,Pass,Home
2025,2526,2025-10-24,Leeds v West Ham,Leeds,Brenden Aaronson,Gabriel Gudmundsson,0.1419028341770172,0.9109999847412109,0.5109999847412109,31,OpenPlay,BlockedShot,LeftFoot,Cross,Home
2025,2526,2025-10-24,Leeds v West Ham,Leeds,Ethan Ampadu,,0.12419375777244568,0.8440000152587891,0.4159999847412109,38,OpenPlay,MissedShots,LeftFoot,TakeOn,Home
2025,2526,2025-10-24,Leeds v West Ham,Leeds,Noah Okafor,Joe Rodon,0.10983096808195114,0.870999984741211,0.6669999694824219,47,OpenPlay,MissedShots,RightFoot,Pass,Home
2025,2526,2025-10-24,Leeds v West Ham,Leeds,Ethan Ampadu,,0.010036813095211983,0.6140000152587891,0.32799999237060545,50,OpenPlay,MissedShots,RightFoot,None,Home
2025,2526,2025-10-24,Leeds v West Ham,Leeds,Jayden Bogle,Brenden Aaronson,0.137452632188797,0.9480000305175781,0.3139999961853027,54,OpenPlay,SavedShot,RightFoot,Throughball,Home
2025,2526,2025-10-24,Leeds v West Ham,Leeds,Dominic Calvert-Lewin,Brenden Aaronson,0.12785515189170837,0.94,0.3970000076293945,56,OpenPlay,MissedShots,RightFoot,Cross,Home
2025,2526,2025-10-24,Leeds v West Ham,Leeds,Brenden Aaronson,Jaka Bijol,0.12537430226802826,0.775,0.47,58,OpenPlay,BlockedShot,RightFoot,TakeOn,Home
2025,2526,2025-10-24,Leeds v West Ham,Leeds,Jack Harrison,,0.01563643105328083,0.7780000305175782,0.5379999923706055,59,FromCorner,BlockedShot,RightFoot,Aerial,Home
2025,2526,2025-10-24,Leeds v West Ham,Leeds,Jack Harrison,Ethan Ampadu,0.048734478652477264,0.7959999847412109,0.624000015258789,61,OpenPlay,SavedShot,LeftFoot,Pass,Home
2025,2526,2025-10-24,Leeds v West Ham,West Ham,Jarrod Bowen,Lucas Paquetá,0.030456937849521637,0.8719999694824219,0.495,9,OpenPlay,SavedShot,LeftFoot,Aerial,Away
2025,2526,2025-10-24,Leeds v West Ham,West Ham,Jarrod Bowen,,0.01592916250228882,0.7959999847412109,0.32299999237060545,36,OpenPlay,MissedShots,LeftFoot,None,Away
2025,2526,2025-10-24,Leeds v West Ham,West Ham,Tomas Soucek,Jarrod Bowen,0.1385073959827423,0.95,0.514000015258789,55,OpenPlay,MissedShots,Head,Aerial,Away
2025,2526,2025-10-24,Leeds v West Ham,West Ham,Lucas Paquetá,Jarrod Bowen,0.04341011494398117,0.799000015258789,0.4279999923706055,64,OpenPlay,BlockedShot,RightFoot,Pass,Away
2025,2526,2025-10-24,Leeds v West Ham,West Ham,Callum Wilson,Aaron Wan-Bissaka,0.07372193038463593,0.909000015258789,0.4209999847412109,73,OpenPlay,SavedShot,RightFoot,Cross,Away
2025,2526,2025-10-24,Leeds v West Ham,West Ham,El Hadji Malick Diouf,,0.06991071999073029,0.8130000305175781,0.43,77,FromCorner,MissedShots,LeftFoot,TakeOn,Away
2025,2526,2025-10-24,Leeds v West Ham,West Ham,El Hadji Malick Diouf,Mateus Fernandes,0.01877536065876484,0.7630000305175781,0.644000015258789,82,OpenPlay,BlockedShot,LeftFoot,Pass,Away
2025,2526,2025-10-24,Leeds v West Ham,West Ham,Mateus Fernandes,Lucas Paquetá,0.01661066897213459,0.7140000152587891,0.49400001525878906,83,OpenPlay,BlockedShot,RightFoot,Pass,Away
2025,2526,2025-10-24,Leeds v West Ham,West Ham,Mateus Fernandes,Jarrod Bowen,0.09133035689592361,0.8969999694824219,0.47,89,OpenPlay,Goal,Head,Cross,Away
2025,2526,2025-10-25,Chelsea v Sunderland,Chelsea,Alejandro Garnacho,Pedro Neto,0.22625580430030823,0.9480000305175781,0.6809999847412109,3,OpenPlay,Goal,LeftFoot,Pass,Home
2025,2526,2025-10-25,Chelsea v Sunderland,Chelsea,Marc Guiu,Enzo Fernández,0.10994356870651245,0.9680000305175781,0.5509999847412109,12,FromCorner,MissedShots,Head,HeadPass,Home
2025,2526,2025-10-25,Chelsea v Sunderland,Chelsea,Marc Cucurella,,0.0874955803155899,0.895,0.5640000152587891,12,FromCorner,BlockedShot,LeftFoot,None,Home
2025,2526,2025-10-25,Chelsea v Sunderland,Chelsea,Moisés Caicedo,,0.020144464448094368,0.754000015258789,0.36700000762939455,12,FromCorner,BlockedShot,RightFoot,Rebound,Home
2025,2526,2025-10-25,Chelsea v Sunderland,Chelsea,Alejandro Garnacho,João Pedro,0.023275522515177727,0.914000015258789,0.6659999847412109,12,FromCorner,MissedShots,RightFoot,Aerial,Home
2025,2526,2025-10-25,Chelsea v Sunderland,Chelsea,Marc Guiu,Enzo Fernández,0.05157195031642914,0.904000015258789,0.3060000038146973,32,OpenPlay,SavedShot,RightFoot,Pass,Home
2025,2526,2025-10-25,Chelsea v Sunderland,Chelsea,Alejandro Garnacho,Enzo Fernández,0.34333688020706177,0.9669999694824218,0.40299999237060546,39,FromCorner,SavedShot,RightFoot,HeadPass,Home
2025,2526,2025-10-25,Chelsea v Sunderland,Chelsea,Trevoh Chalobah,Moisés Caicedo,0.014366714283823967,0.7119999694824218,0.4109999847412109,43,OpenPlay,SavedShot,RightFoot,Pass,Home
2025,2526,2025-10-25,Chelsea v Sunderland,Chelsea,Alejandro Garnacho,Marc Cucurella,0.020156918093562126,0.8090000152587891,0.7469999694824219,56,OpenPlay,MissedShots,RightFoot,Pass,Home
2025,2526,2025-10-25,Chelsea v Sunderland,Chelsea,Estêvão,Marc Cucurella,0.0656525194644928,0.8619999694824219,0.46,59,OpenPlay,BlockedShot,LeftFoot,Cross,Home
2025,2526,2025-10-25,Chelsea v Sunderland,Chelsea,Enzo Fernández,Moisés Caicedo,0.09809298068284988,0.895,0.45599998474121095,67,OpenPlay,SavedShot,LeftFoot,Chipped,Home
2025,2526,2025-10-25,Chelsea v Sunderland,Chelsea,Enzo Fernández,Reece James,0.030527886003255844,0.7680000305175781,0.6630000305175782,70,FromCorner,SavedShot,RightFoot,Pass,Home
2025,2526,2025-10-25,Chelsea v Sunderland,Chelsea,Enzo Fernández,Estêvão,0.0282236747443676,0.86,0.509000015258789,71,OpenPlay,SavedShot,Head,Chipped,Home
2025,2526,2025-10-25,Chelsea v Sunderland,Chelsea,Tyrique George,Marc Cucurella,0.053248196840286255,0.899000015258789,0.51,84,OpenPlay,MissedShots,Head,Chipped,Home
2025,2526,2025-10-25,Chelsea v Sunderland,Chelsea,Moisés Caicedo,Jamie Bynoe-Gittens,0.026674967259168625,0.7680000305175781,0.525,89,FromCorner,BlockedShot,RightFoot,Pass,Home
2025,2526,2025-10-25,Chelsea v Sunderland,Chelsea,Enzo Fernández,Jamie Bynoe-Gittens,0.016114259138703346,0.7819999694824219,0.7330000305175781,94,OpenPlay,MissedShots,RightFoot,Pass,Home
2025,2526,2025-10-25,Chelsea v Sunderland,Sunderland,Dan Ballard,Bertrand Traoré,0.2097024917602539,0.92,0.5720000076293945,0,SetPiece,SavedShot,Head,Cross,Away
2025,2526,2025-10-25,Chelsea v Sunderland,Sunderland,Wilson Isidor,Enzo Le Fée,0.07560613006353378,0.8859999847412109,0.6509999847412109,1,OpenPlay,BlockedShot,LeftFoot,Pass,Away
2025,2526,2025-10-25,Chelsea v Sunderland,Sunderland,Enzo Le Fée,,0.039230477064847946,0.7369999694824219,0.6969999694824218,9,DirectFreekick,MissedShots,RightFoot,Standard,Away
2025,2526,2025-10-25,Chelsea v Sunderland,Sunderland,Bertrand Traoré,,0.07072710990905762,0.8869999694824219,0.43400001525878906,21,OpenPlay,BlockedShot,LeftFoot,Goal,Away
2025,2526,2025-10-25,Chelsea v Sunderland,Sunderland,Wilson Isidor,,0.8045018911361694,0.9730000305175781,0.5,21,OpenPlay,Goal,RightFoot,None,Away
2025,2526,2025-10-25,Chelsea v Sunderland,Sunderland,Wilson Isidor,Granit Xhaka,0.051553428173065186,0.89,0.6909999847412109,27,OpenPlay,MissedShots,LeftFoot,Pass,Away
2025,2526,2025-10-25,Chelsea v Sunderland,Sunderland,Bertrand Traoré,Noah Sadiki,0.04475153237581253,0.7880000305175782,0.33299999237060546,41,OpenPlay,SavedShot,LeftFoot,Pass,Away
2025,2526,2025-10-25,Chelsea v Sunderland,Sunderland,Granit Xhaka,Enzo Le Fée,0.11729858070611954,0.860999984741211,0.5970000076293945,73,OpenPlay,BlockedShot,RightFoot,Chipped,Away
2025,2526,2025-10-25,Chelsea v Sunderland,Sunderland,Lutsharel Geertruida,,0.02701103314757347,0.7909999847412109,0.34200000762939453,81,OpenPlay,BlockedShot,RightFoot,BallRecovery,Away
2025,2526,2025-10-25,Chelsea v Sunderland,Sunderland,Chemsdine Talbi,Brian Brobbey,0.11022110283374786,0.8469999694824218,0.6029999923706054,92,OpenPlay,Goal,RightFoot,Pass,Away
2025,2526,2025-10-25,Newcastle United v Fulham,Newcastle United,Nick Woltemade,,0.6356291174888611,0.96,0.48700000762939455,3,SetPiece,ShotOnPost,RightFoot,None,Home
2025,2526,2025-10-25,Newcastle United v Fulham,Newcastle United,Bruno Guimarães,Nick Woltemade,0.03323383256793022,0.785,0.5990000152587891,4,OpenPlay,MissedShots,RightFoot,BallTouch,Home
2025,2526,2025-10-25,Newcastle United v Fulham,Newcastle United,Jacob Murphy,Bruno Guimarães,0.04342786222696304,0.9819999694824219,0.28200000762939453,5,OpenPlay,SavedShot,RightFoot,Pass,Home
2025,2526,2025-10-25,Newcastle United v Fulham,Newcastle United,Jacob Murphy,,0.054868653416633606,0.845,0.3579999923706055,17,OpenPlay,Goal,RightFoot,BallRecovery,Home
2025,2526,2025-10-25,Newcastle United v Fulham,Newcastle United,Jacob Murphy,Bruno Guimarães,0.024046946316957474,0.725999984741211,0.5359999847412109,20,OpenPlay,BlockedShot,RightFoot,Pass,Home
2025,2526,2025-10-25,Newcastle United v Fulham,Newcastle United,Jacob Murphy,Anthony Gordon,0.48910683393478394,0.855,0.36400001525878906,38,OpenPlay,SavedShot,RightFoot,Throughball,Home
2025,2526,2025-10-25,Newcastle United v Fulham,Newcastle United,Jacob Murphy,Kieran Trippier,0.01731664501130581,0.8009999847412109,0.7609999847412109,39,FromCorner,BlockedShot,RightFoot,Pass,Home
2025,2526,2025-10-25,Newcastle United v Fulham,Newcastle United,Nick Woltemade,,0.07028713822364807,0.8119999694824219,0.45599998474121095,45,SetPiece,BlockedShot,RightFoot,TakeOn,Home
2025,2526,2025-10-25,Newcastle United v Fulham,Newcastle United,Bruno Guimarães,Anthony Gordon,0.4192650318145752,0.9269999694824219,0.5129999923706055,62,OpenPlay,MissedShots,Head,Cross,Home
2025,2526,2025-10-25,Newcastle United v Fulham,Newcastle United,Bruno Guimarães,Joelinton,0.02920863777399063,0.789000015258789,0.5970000076293945,74,OpenPlay,MissedShots,RightFoot,Pass,Home
2025,2526,2025-10-25,Newcastle United v Fulham,Newcastle United,Anthony Elanga,Harvey Barnes,0.07902445644140244,0.8909999847412109,0.41400001525878904,79,OpenPlay,BlockedShot,RightFoot,Cross,Home
2025,2526,2025-10-25,Newcastle United v Fulham,Newcastle United,Sandro Tonali,Bruno Guimarães,0.0480726882815361,0.8040000152587891,0.4379999923706055,79,OpenPlay,SavedShot,RightFoot,Pass,Home
2025,2526,2025-10-25,Newcastle United v Fulham,Newcastle United,Joelinton,Kieran Trippier,0.04020277038216591,0.9780000305175781,0.5920000076293945,83,OpenPlay,MissedShots,Head,Aerial,Home
2025,2526,2025-10-25,Newcastle United v Fulham,Newcastle United,Sandro Tonali,Joelinton,0.04370925948023796,0.914000015258789,0.28200000762939453,85,OpenPlay,SavedShot,RightFoot,Chipped,Home
2025,2526,2025-10-25,Newcastle United v Fulham,Newcastle United,Malick Thiaw,Bruno Guimarães,0.019114045426249504,0.745999984741211,0.40099998474121096,87,OpenPlay,MissedShots,RightFoot,Pass,Home
2025,2526,2025-10-25,Newcastle United v Fulham,Newcastle United,William Osula,Anthony Elanga,0.1027308851480484,0.8140000152587891,0.4420000076293945,89,OpenPlay,SavedShot,LeftFoot,BallRecovery,Home
2025,2526,2025-10-25,Newcastle United v Fulham,Newcastle United,Bruno Guimarães,,0.6087774038314819,0.9209999847412109,0.545,89,OpenPlay,Goal,RightFoot,Rebound,Home
2025,2526,2025-10-25,Newcastle United v Fulham,Newcastle United,William Osula,,0.07257688045501709,0.9230000305175782,0.6969999694824218,96,OpenPlay,BlockedShot,LeftFoot,TakeOn,Home
2025,2526,2025-10-25,Newcastle United v Fulham,Fulham,Raúl Jiménez,,0.0145478006452322,0.7519999694824219,0.700999984741211,1,OpenPlay,BlockedShot,LeftFoot,BallTouch,Away
2025,2526,2025-10-25,Newcastle United v Fulham,Fulham,Raúl Jiménez,Ryan Sessegnon,0.19742150604724884,0.8809999847412109,0.5590000152587891,12,OpenPlay,BlockedShot,LeftFoot,TakeOn,Away
2025,2526,2025-10-25,Newcastle United v Fulham,Fulham,Alex Iwobi,,0.05444556474685669,0.8680000305175781,0.674000015258789,16,OpenPlay,BlockedShot,LeftFoot,BallRecovery,Away
2025,2526,2025-10-25,Newcastle United v Fulham,Fulham,Sander Berge,Emile Smith-Rowe,0.023419193923473358,0.7909999847412109,0.6270000076293946,26,OpenPlay,SavedShot,RightFoot,Pass,Away
2025,2526,2025-10-25,Newcastle United v Fulham,Fulham,Adama Traoré,,0.05163850635290146,0.9180000305175782,0.3240000152587891,26,OpenPlay,MissedShots,RightFoot,Rebound,Away
2025,2526,2025-10-25,Newcastle United v Fulham,Fulham,Raúl Jiménez,Sasa Lukic,0.036745112389326096,0.894000015258789,0.4379999923706055,32,FromCorner,MissedShots,Head,Cross,Away
2025,2526,2025-10-25,Newcastle United v Fulham,Fulham,Raúl Jiménez,Sasa Lukic,0.06927651911973953,0.899000015258789,0.3559999847412109,32,OpenPlay,BlockedShot,RightFoot,Pass,Away
2025,2526,2025-10-25,Newcastle United v Fulham,Fulham,Emile Smith-Rowe,Sander Berge,0.024571401998400688,0.7659999847412109,0.4379999923706055,41,OpenPlay,SavedShot,RightFoot,Pass,Away
2025,2526,2025-10-25,Newcastle United v Fulham,Fulham,Raúl Jiménez,,0.5307072997093201,0.95,0.435,55,OpenPlay,SavedShot,RightFoot,None,Away
2025,2526,2025-10-25,Newcastle United v Fulham,Fulham,Sasa Lukic,,0.7347251772880554,0.9769999694824218,0.514000015258789,55,OpenPlay,Goal,Head,Rebound,Away
2025,2526,2025-10-25,Newcastle United v Fulham,Fulham,Raúl Jiménez,Kevin,0.12977324426174164,0.89,0.5179999923706055,64,OpenPlay,SavedShot,RightFoot,Pass,Away
2025,2526,2025-10-25,Newcastle United v Fulham,Fulham,Alex Iwobi,Kevin,0.043869249522686005,0.7769999694824219,0.62,66,OpenPlay,BlockedShot,RightFoot,Pass,Away
2025,2526,2025-10-25,Manchester United v Brighton,Manchester United,Bruno Fernandes,Bryan Mbeumo,0.277688592672348,0.904000015258789,0.5209999847412109,0,OpenPlay,MissedShots,Head,Cross,Home
2025,2526,2025-10-25,Manchester United v Brighton,Manchester United,Matheus Cunha,Bruno Fernandes,0.019919712096452713,0.77,0.4209999847412109,15,OpenPlay,SavedShot,RightFoot,TakeOn,Home
2025,2526,2025-10-25,Manchester United v Brighton,Manchester United,Matheus Cunha,Casemiro,0.04005824029445648,0.795,0.5820000076293945,23,OpenPlay,Goal,RightFoot,Pass,Home
2025,2526,2025-10-25,Manchester United v Brighton,Manchester United,Casemiro,Luke Shaw,0.023941393941640854,0.7319999694824219,0.47400001525878904,33,OpenPlay,Goal,RightFoot,BallRecovery,Home
2025,2526,2025-10-25,Manchester United v Brighton,Manchester United,Diogo Dalot,Matheus Cunha,0.028025293722748756,0.7480000305175781,0.5159999847412109,37,OpenPlay,MissedShots,RightFoot,BallTouch,Home
2025,2526,2025-10-25,Manchester United v Brighton,Manchester United,Benjamin Sesko,Bryan Mbeumo,0.3791031539440155,0.9030000305175782,0.595,43,OpenPlay,MissedShots,LeftFoot,Pass,Home
2025,2526,2025-10-25,Manchester United v Brighton,Manchester United,Bruno Fernandes,Matheus Cunha,0.141866534948349,0.9259999847412109,0.43599998474121093,47,OpenPlay,SavedShot,RightFoot,Pass,Home
2025,2526,2025-10-25,Manchester United v Brighton,Manchester United,Benjamin Sesko,,0.03292085975408554,0.764000015258789,0.5159999847412109,55,OpenPlay,SavedShot,RightFoot,BallRecovery,Home
2025,2526,2025-10-25,Manchester United v Brighton,Manchester United,Bryan Mbeumo,Benjamin Sesko,0.10491649806499481,0.860999984741211,0.405,60,OpenPlay,Goal,LeftFoot,Pass,Home
2025,2526,2025-10-25,Manchester United v Brighton,Manchester United,Bryan Mbeumo,Bruno Fernandes,0.4397951066493988,0.8680000305175781,0.54,70,OpenPlay,SavedShot,LeftFoot,Pass,Home
2025,2526,2025-10-25,Manchester United v Brighton,Manchester United,Bruno Fernandes,Kobbie Mainoo,0.02774488925933838,0.785,0.629000015258789,83,OpenPlay,BlockedShot,RightFoot,Pass,Home
2025,2526,2025-10-25,Manchester United v Brighton,Manchester United,Bruno Fernandes,Diogo Dalot,0.10174474120140076,0.9619999694824218,0.3340000152587891,95,SetPiece,SavedShot,RightFoot,Throughball,Home
2025,2526,2025-10-25,Manchester United v Brighton,Manchester United,Bryan Mbeumo,Ayden Heaven,0.34458863735198975,0.8980000305175782,0.5840000152587891,96,OpenPlay,Goal,LeftFoot,Pass,Home
2025,2526,2025-10-25,Manchester United v Brighton,Brighton,Ferdi Kadioglu,,0.031940311193466187,0.850999984741211,0.49599998474121093,9,SetPiece,BlockedShot,RightFoot,Aerial,Away
2025,2526,2025-10-25,Manchester United v Brighton,Brighton,Carlos Baleba,Yankuba Minteh,0.020446961745619774,0.750999984741211,0.4809999847412109,9,SetPiece,MissedShots,RightFoot,Pass,Away
2025,2526,2025-10-25,Manchester United v Brighton,Brighton,Danny Welbeck,Georginio Rutter,0.10591714084148407,0.8930000305175781,0.5979999923706054,14,OpenPlay,SavedShot,LeftFoot,Pass,Away
2025,2526,2025-10-25,Manchester United v Brighton,Brighton,Yasin Ayari,Maxim De Cuyper,0.0556718148291111,0.805,0.4620000076293945,36,OpenPlay,BlockedShot,RightFoot,Pass,Away
2025,2526,2025-10-25,Manchester United v Brighton,Brighton,Lewis Dunk,Maxim De Cuyper,0.08164914697408676,0.96,0.5320000076293945,37,FromCorner,MissedShots,Head,Aerial,Away
2025,2526,2025-10-25,Manchester United v Brighton,Brighton,Maxim De Cuyper,,0.027252256870269775,0.8369999694824218,0.6730000305175782,45,OpenPlay,MissedShots,LeftFoot,None,Away
2025,2526,2025-10-25,Manchester United v Brighton,Brighton,Carlos Baleba,Mats Wieffer,0.008929295465350151,0.6930000305175781,0.5609999847412109,46,OpenPlay,MissedShots,LeftFoot,Pass,Away
2025,2526,2025-10-25,Manchester United v Brighton,Brighton,Yasin Ayari,Jan Paul van Hecke,0.018325041979551315,0.860999984741211,0.5579999923706055,50,OpenPlay,MissedShots,Head,Cross,Away
2025,2526,2025-10-25,Manchester United v Brighton,Brighton,Danny Welbeck,,0.0854361429810524,0.7730000305175782,0.535,73,DirectFreekick,Goal,RightFoot,Standard,Away
2025,2526,2025-10-25,Manchester United v Brighton,Brighton,Tom Watson,Mats Wieffer,0.024704832583665848,0.7730000305175782,0.44400001525878907,74,OpenPlay,SavedShot,LeftFoot,Pass,Away
2025,2526,2025-10-25,Manchester United v Brighton,Brighton,Diego Gómez,,0.03356751799583435,0.8269999694824218,0.3290000152587891,75,OpenPlay,BlockedShot,RightFoot,BallRecovery,Away
2025,2526,2025-10-25,Manchester United v Brighton,Brighton,Yankuba Minteh,Danny Welbeck,0.04169922694563866,0.8419999694824218,0.3039999961853027,77,OpenPlay,MissedShots,LeftFoot,Pass,Away
2025,2526,2025-10-25,Manchester United v Brighton,Brighton,Ferdi Kadioglu,Danny Welbeck,0.009937935508787632,0.7269999694824218,0.6070000076293945,87,OpenPlay,SavedShot,RightFoot,Pass,Away
2025,2526,2025-10-25,Manchester United v Brighton,Brighton,Stefanos Tzimas,James Milner,0.028005775064229965,0.879000015258789,0.44400001525878907,88,FromCorner,MissedShots,Head,Cross,Away
2025,2526,2025-10-25,Manchester United v Brighton,Brighton,Charalampos Kostoulas,Stefanos Tzimas,0.09042076766490936,0.8490000152587891,0.52,91,OpenPlay,BlockedShot,LeftFoot,Pass,Away
2025,2526,2025-10-25,Manchester United v Brighton,Brighton,Charalampos Kostoulas,James Milner,0.2777058780193329,0.96,0.44099998474121094,91,FromCorner,Goal,Head,Aerial,Away
2025,2526,2025-10-25,Manchester United v Brighton,Brighton,Danny Welbeck,Stefanos Tzimas,0.005543868988752365,0.46900001525878904,0.5259999847412109,97,OpenPlay,MissedShots,RightFoot,Pass,Away
2025,2526,2025-10-25,Brentford v Liverpool,Brentford,Kristoffer Ajer,,0.012695089913904667,0.7140000152587891,0.4859999847412109,2,OpenPlay,MissedShots,RightFoot,None,Home
2025,2526,2025-10-25,Brentford v Liverpool,Brentford,Dango Ouattara,,0.4440733790397644,0.9519999694824218,0.40799999237060547,4,OpenPlay,Goal,LeftFoot,None,Home
2025,2526,2025-10-25,Brentford v Liverpool,Brentford,Nathan Collins,Michael Kayode,0.0869007408618927,0.91,0.575999984741211,29,OpenPlay,SavedShot,Head,Cross,Home
2025,2526,2025-10-25,Brentford v Liverpool,Brentford,Michael Kayode,Kevin Schade,0.07357523590326309,0.8640000152587891,0.63,31,OpenPlay,BlockedShot,LeftFoot,Pass,Home
2025,2526,2025-10-25,Brentford v Liverpool,Brentford,Jordan Henderson,Kevin Schade,0.020088516175746918,0.7719999694824219,0.6909999847412109,31,OpenPlay,MissedShots,RightFoot,Pass,Home
2025,2526,2025-10-25,Brentford v Liverpool,Brentford,Kristoffer Ajer,Vitaly Janelt,0.05202661454677582,0.9130000305175782,0.7380000305175781,34,OpenPlay,BlockedShot,RightFoot,Pass,Home
2025,2526,2025-10-25,Brentford v Liverpool,Brentford,Dango Ouattara,,0.04559442773461342,0.7630000305175781,0.575,37,OpenPlay,MissedShots,LeftFoot,TakeOn,Home
2025,2526,2025-10-25,Brentford v Liverpool,Brentford,Mikkel Damsgaard,,0.015508263371884823,0.705,0.6179999923706054,38,OpenPlay,SavedShot,RightFoot,BallTouch,Home
2025,2526,2025-10-25,Brentford v Liverpool,Brentford,Kevin Schade,Mikkel Damsgaard,0.6057746410369873,0.895,0.47900001525878905,44,OpenPlay,Goal,RightFoot,Throughball,Home
2025,2526,2025-10-25,Brentford v Liverpool,Brentford,Thiago,Kevin Schade,0.03345661982893944,0.94,0.675,51,OpenPlay,SavedShot,LeftFoot,Aerial,Home
2025,2526,2025-10-25,Brentford v Liverpool,Brentford,Thiago,Kevin Schade,0.3877606987953186,0.9690000152587891,0.5970000076293945,53,OpenPlay,SavedShot,LeftFoot,Pass,Home
2025,2526,2025-10-25,Brentford v Liverpool,Brentford,Dango Ouattara,,0.02722984552383423,0.875,0.365,54,OpenPlay,MissedShots,Head,None,Home
2025,2526,2025-10-25,Brentford v Liverpool,Brentford,Mikkel Damsgaard,Kevin Schade,0.051979247480630875,0.785,0.5620000076293945,54,OpenPlay,SavedShot,RightFoot,BallRecovery,Home
2025,2526,2025-10-25,Brentford v Liverpool,Brentford,Thiago,,0.7611688375473022,0.885,0.5,59,Penalty,Goal,RightFoot,Standard,Home
2025,2526,2025-10-25,Brentford v Liverpool,Brentford,Dango Ouattara,Michael Kayode,0.16312123835086823,0.8919999694824219,0.435,64,OpenPlay,MissedShots,Head,Cross,Home
2025,2526,2025-10-25,Brentford v Liverpool,Brentford,Dango Ouattara,Keane Lewis-Potter,0.39151811599731445,0.9180000305175782,0.4590000152587891,83,OpenPlay,MissedShots,Head,Aerial,Home
2025,2526,2025-10-25,Brentford v Liverpool,Brentford,Thiago,Keane Lewis-Potter,0.09879279881715775,0.905,0.524000015258789,89,OpenPlay,MissedShots,Head,Cross,Home
2025,2526,2025-10-25,Brentford v Liverpool,Liverpool,Mohamed Salah,Cody Gakpo,0.48075342178344727,0.9230000305175782,0.44599998474121094,9,OpenPlay,SavedShot,LeftFoot,Throughball,Away
2025,2526,2025-10-25,Brentford v Liverpool,Liverpool,Hugo Ekitike,Florian Wirtz,0.08432405441999435,0.8809999847412109,0.43400001525878906,19,OpenPlay,BlockedShot,RightFoot,Pass,Away
2025,2526,2025-10-25,Brentford v Liverpool,Liverpool,Florian Wirtz,,0.37810632586479187,0.8819999694824219,0.524000015258789,19,OpenPlay,MissedShots,LeftFoot,Rebound,Away
2025,2526,2025-10-25,Brentford v Liverpool,Liverpool,Hugo Ekitike,Cody Gakpo,0.22296051681041718,0.909000015258789,0.47900001525878905,21,OpenPlay,MissedShots,Head,Chipped,Away
2025,2526,2025-10-25,Brentford v Liverpool,Liverpool,Cody Gakpo,Virgil van Dijk,0.02186964638531208,0.7909999847412109,0.6990000152587891,23,OpenPlay,MissedShots,RightFoot,Pass,Away
2025,2526,2025-10-25,Brentford v Liverpool,Liverpool,Curtis Jones,,0.027210287749767303,0.8069999694824219,0.6669999694824219,40,OpenPlay,SavedShot,RightFoot,None,Away
2025,2526,2025-10-25,Brentford v Liverpool,Liverpool,Milos Kerkez,,0.590264618396759,0.960999984741211,0.54,49,OpenPlay,Goal,RightFoot,None,Away
2025,2526,2025-10-25,Brentford v Liverpool,Liverpool,Alexis Mac Allister,Hugo Ekitike,0.10235737264156342,0.9109999847412109,0.47400001525878904,63,OpenPlay,BlockedShot,LeftFoot,BallTouch,Away
2025,2526,2025-10-25,Brentford v Liverpool,Liverpool,Mohamed Salah,,0.13850493729114532,0.9109999847412109,0.485,64,OpenPlay,BlockedShot,LeftFoot,Rebound,Away
2025,2526,2025-10-25,Brentford v Liverpool,Liverpool,Federico Chiesa,Mohamed Salah,0.01924978941679001,0.789000015258789,0.31,68,OpenPlay,BlockedShot,LeftFoot,Pass,Away
2025,2526,2025-10-25,Brentford v Liverpool,Liverpool,Hugo Ekitike,Rio Ngumoha,0.015734096989035606,0.7469999694824219,0.6029999923706054,76,OpenPlay,BlockedShot,RightFoot,Pass,Away
2025,2526,2025-10-25,Brentford v Liverpool,Liverpool,Hugo Ekitike,Dominik Szoboszlai,0.022299597039818764,0.8859999847412109,0.580999984741211,77,FromCorner,MissedShots,Head,Cross,Away
2025,2526,2025-10-25,Brentford v Liverpool,Liverpool,Mohamed Salah,Ibrahima Konaté,0.014038250781595707,0.784000015258789,0.28200000762939453,82,OpenPlay,MissedShots,LeftFoot,TakeOn,Away
2025,2526,2025-10-25,Brentford v Liverpool,Liverpool,Mohamed Salah,Dominik Szoboszlai,0.04676544666290283,0.875,0.3920000076293945,88,OpenPlay,Goal,RightFoot,Cross,Away
2025,2526,2025-10-26,Bournemouth v Nottingham Forest,Bournemouth,Eli Junior Kroupi,Justin Kluivert,0.09013260900974274,0.8690000152587891,0.5940000152587891,0,OpenPlay,MissedShots,RightFoot,Pass,Home
2025,2526,2025-10-26,Bournemouth v Nottingham Forest,Bournemouth,Marcus Tavernier,Alejandro Jiménez,0.021970804780721664,0.7709999847412109,0.32099998474121094,1,OpenPlay,SavedShot,LeftFoot,Pass,Home
2025,2526,2025-10-26,Bournemouth v Nottingham Forest,Bournemouth,Justin Kluivert,Eli Junior Kroupi,0.07774975150823593,0.8619999694824219,0.62,7,OpenPlay,BlockedShot,RightFoot,LayOff,Home
2025,2526,2025-10-26,Bournemouth v Nottingham Forest,Bournemouth,Antoine Semenyo,,0.03682687506079674,0.9259999847412109,0.7140000152587891,7,OpenPlay,SavedShot,LeftFoot,Rebound,Home
2025,2526,2025-10-26,Bournemouth v Nottingham Forest,Bournemouth,Alex Scott,Marcus Tavernier,0.1099582090973854,0.87,0.4540000152587891,9,OpenPlay,BlockedShot,RightFoot,Pass,Home
2025,2526,2025-10-26,Bournemouth v Nottingham Forest,Bournemouth,Marcus Tavernier,,0.04353350028395653,0.8159999847412109,0.4929999923706055,9,OpenPlay,MissedShots,LeftFoot,Rebound,Home
2025,2526,2025-10-26,Bournemouth v Nottingham Forest,Bournemouth,Marcus Tavernier,,0.010868429206311703,0.995,0.006000000238418579,24,FromCorner,Goal,LeftFoot,None,Home
2025,2526,2025-10-26,Bournemouth v Nottingham Forest,Bournemouth,Eli Junior Kroupi,Marcus Tavernier,0.04989438131451607,0.7909999847412109,0.43,33,OpenPlay,BlockedShot,RightFoot,Pass,Home
2025,2526,2025-10-26,Bournemouth v Nottingham Forest,Bournemouth,Alex Scott,Marcus Tavernier,0.0535615012049675,0.7619999694824219,0.49700000762939456,35,OpenPlay,SavedShot,RightFoot,Pass,Home
2025,2526,2025-10-26,Bournemouth v Nottingham Forest,Bournemouth,Marcus Tavernier,,0.06411422789096832,0.8580000305175781,0.6719999694824219,36,OpenPlay,BlockedShot,LeftFoot,Dispossessed,Home
2025,2526,2025-10-26,Bournemouth v Nottingham Forest,Bournemouth,Eli Junior Kroupi,Tyler Adams,0.03796818479895592,0.720999984741211,0.48200000762939454,39,OpenPlay,Goal,RightFoot,BallRecovery,Home
2025,2526,2025-10-26,Bournemouth v Nottingham Forest,Bournemouth,Adrien Truffert,Antoine Semenyo,0.01791035756468773,0.7819999694824219,0.7140000152587891,59,OpenPlay,MissedShots,LeftFoot,Pass,Home
2025,2526,2025-10-26,Bournemouth v Nottingham Forest,Bournemouth,David Brooks,,0.04976242780685425,0.815,0.505,82,OpenPlay,MissedShots,LeftFoot,TakeOn,Home
2025,2526,2025-10-26,Bournemouth v Nottingham Forest,Nottingham Forest,Neco Williams,,0.027926189824938774,0.799000015258789,0.4370000076293945,19,FromCorner,MissedShots,LeftFoot,None,Away
2025,2526,2025-10-26,Bournemouth v Nottingham Forest,Nottingham Forest,Neco Williams,Callum Hudson-Odoi,0.026414699852466583,0.8169999694824219,0.7030000305175781,27,OpenPlay,SavedShot,RightFoot,Pass,Away
2025,2526,2025-10-26,Bournemouth v Nottingham Forest,Nottingham Forest,Dan Ndoye,Igor Jesus,0.021245932206511497,0.7959999847412109,0.519000015258789,40,OpenPlay,MissedShots,LeftFoot,HeadPass,Away
2025,2526,2025-10-26,Bournemouth v Nottingham Forest,Nottingham Forest,Neco Williams,Morgan Gibbs-White,0.023081310093402863,0.7580000305175781,0.49900001525878906,47,SetPiece,BlockedShot,RightFoot,Pass,Away
2025,2526,2025-10-26,Bournemouth v Nottingham Forest,Nottingham Forest,Taiwo Awoniyi,Elliot Anderson,0.07173313200473785,0.9280000305175782,0.40900001525878904,76,OpenPlay,SavedShot,RightFoot,HeadPass,Away
2025,2526,2025-10-26,Bournemouth v Nottingham Forest,Nottingham Forest,Morgan Gibbs-White,Omari Hutchinson,0.034106139093637466,0.8109999847412109,0.3820000076293945,76,OpenPlay,SavedShot,RightFoot,Pass,Away
2025,2526,2025-10-26,Bournemouth v Nottingham Forest,Nottingham Forest,Morgan Gibbs-White,Elliot Anderson,0.05223802477121353,0.94,0.5559999847412109,77,FromCorner,BlockedShot,Head,Aerial,Away
2025,2526,2025-10-26,Bournemouth v Nottingham Forest,Nottingham Forest,Taiwo Awoniyi,Nicolás Domínguez,0.04874737933278084,0.889000015258789,0.700999984741211,84,OpenPlay,SavedShot,LeftFoot,Pass,Away
2025,2526,2025-10-26,Arsenal v Crystal Palace,Arsenal,Leandro Trossard,Declan Rice,0.043759386986494064,0.8640000152587891,0.6959999847412109,32,OpenPlay,SavedShot,RightFoot,Pass,Home
2025,2526,2025-10-26,Arsenal v Crystal Palace,Arsenal,Eberechi Eze,,0.06908194720745087,0.8569999694824219,0.4929999923706055,38,SetPiece,Goal,RightFoot,None,Home
2025,2526,2025-10-26,Arsenal v Crystal Palace,Arsenal,Eberechi Eze,Martín Zubimendi,0.017743250355124474,0.7219999694824218,0.4640000152587891,43,SetPiece,BlockedShot,RightFoot,Pass,Home
2025,2526,2025-10-26,Arsenal v Crystal Palace,Arsenal,Gabriel,Declan Rice,0.05568093806505203,0.9730000305175781,0.41900001525878905,49,SetPiece,ShotOnPost,Head,Aerial,Home
2025,2526,2025-10-26,Arsenal v Crystal Palace,Arsenal,Declan Rice,,0.13906189799308777,0.9369999694824219,0.5420000076293945,49,SetPiece,SavedShot,RightFoot,Rebound,Home
2025,2526,2025-10-26,Arsenal v Crystal Palace,Arsenal,Leandro Trossard,,0.0967690497636795,0.875,0.4909999847412109,49,SetPiece,BlockedShot,LeftFoot,Rebound,Home
2025,2526,2025-10-26,Arsenal v Crystal Palace,Arsenal,Bukayo Saka,Jurriën Timber,0.01499542873352766,0.750999984741211,0.3129999923706055,50,SetPiece,MissedShots,LeftFoot,Pass,Home
2025,2526,2025-10-26,Arsenal v Crystal Palace,Arsenal,Leandro Trossard,Gabriel,0.3101864457130432,0.9569999694824218,0.6029999923706054,57,OpenPlay,MissedShots,RightFoot,Chipped,Home
2025,2526,2025-10-26,Arsenal v Crystal Palace,Arsenal,Viktor Gyokeres,Declan Rice,0.0741652399301529,0.9669999694824218,0.445,67,FromCorner,MissedShots,Head,Aerial,Home
2025,2526,2025-10-26,Arsenal v Crystal Palace,Arsenal,Riccardo Calafiori,Cristhian Mosquera,0.060570258647203445,0.8,0.49599998474121093,70,OpenPlay,BlockedShot,RightFoot,BallTouch,Home
2025,2526,2025-10-26,Arsenal v Crystal Palace,Crystal Palace,Marc Guehi,Adam Wharton,0.014898398891091347,0.94,0.39,9,FromCorner,BlockedShot,Head,Aerial,Away
2025,2526,2025-10-26,Arsenal v Crystal Palace,Crystal Palace,Ismaila Sarr,,0.047375328838825226,0.870999984741211,0.3029999923706055,21,OpenPlay,BlockedShot,RightFoot,BallRecovery,Away
2025,2526,2025-10-26,Arsenal v Crystal Palace,Crystal Palace,Adam Wharton,Yeremi Pino,0.013107347302138805,0.7180000305175781,0.53,26,OpenPlay,MissedShots,LeftFoot,LayOff,Away
2025,2526,2025-10-26,Arsenal v Crystal Palace,Crystal Palace,Eddie Nketiah,,0.07809228450059891,0.9369999694824219,0.49,69,OpenPlay,SavedShot,Head,None,Away
2025,2526,2025-10-26,Arsenal v Crystal Palace,Crystal Palace,Jean-Philippe Mateta,Eddie Nketiah,0.13988007605075836,0.8859999847412109,0.5640000152587891,78,OpenPlay,BlockedShot,RightFoot,Pass,Away
2025,2526,2025-10-26,Arsenal v Crystal Palace,Crystal Palace,Marc Guehi,Will Hughes,0.04626245051622391,0.8959999847412109,0.45,79,FromCorner,MissedShots,Head,Cross,Away
2025,2526,2025-10-26,Arsenal v Crystal Palace,Crystal Palace,Maxence Lacroix,,0.010918347164988518,0.69,0.4859999847412109,90,OpenPlay,MissedShots,RightFoot,None,Away
2025,2526,2025-10-26,Aston Villa v Manchester City,Aston Villa,Emiliano Buendía,,0.014183170162141323,0.8240000152587891,0.6890000152587891,2,OpenPlay,MissedShots,RightFoot,Aerial,Home
2025,2526,2025-10-26,Aston Villa v Manchester City,Aston Villa,Lucas Digne,Ollie Watkins,0.06123998016119003,0.8719999694824219,0.6379999923706055,16,OpenPlay,BlockedShot,RightFoot,Pass,Home
2025,2526,2025-10-26,Aston Villa v Manchester City,Aston Villa,Matthew Cash,Emiliano Buendía,0.04432624205946922,0.8209999847412109,0.534000015258789,18,FromCorner,Goal,LeftFoot,Pass,Home
2025,2526,2025-10-26,Aston Villa v Manchester City,Aston Villa,John McGinn,Boubacar Kamara,0.08092041313648224,0.8240000152587891,0.53,29,OpenPlay,BlockedShot,LeftFoot,Pass,Home
2025,2526,2025-10-26,Aston Villa v Manchester City,Aston Villa,Ollie Watkins,Lucas Digne,0.06568168103694916,0.9009999847412109,0.500999984741211,30,FromCorner,BlockedShot,Head,Cross,Home
2025,2526,2025-10-26,Aston Villa v Manchester City,Aston Villa,Ollie Watkins,Morgan Rogers,0.11062097549438477,0.895,0.5209999847412109,30,FromCorner,BlockedShot,LeftFoot,Rebound,Home
2025,2526,2025-10-26,Aston Villa v Manchester City,Aston Villa,John McGinn,Matthew Cash,0.07812505960464478,0.9059999847412109,0.47900001525878905,52,FromCorner,BlockedShot,LeftFoot,Cross,Home
2025,2526,2025-10-26,Aston Villa v Manchester City,Aston Villa,Jadon Sancho,,0.07400824129581451,0.98,0.669000015258789,68,OpenPlay,SavedShot,RightFoot,TakeOn,Home
2025,2526,2025-10-26,Aston Villa v Manchester City,Aston Villa,Jadon Sancho,,0.3478069007396698,0.9669999694824218,0.6029999923706054,68,OpenPlay,SavedShot,RightFoot,Rebound,Home
2025,2526,2025-10-26,Aston Villa v Manchester City,Manchester City,Tijjani Reijnders,Oscar Bobb,0.04259379580616951,0.855999984741211,0.30100000381469727,5,OpenPlay,MissedShots,RightFoot,Pass,Away
2025,2526,2025-10-26,Aston Villa v Manchester City,Manchester City,Erling Haaland,Bernardo Silva,0.3314625322818756,0.8669999694824219,0.3579999923706055,21,OpenPlay,SavedShot,LeftFoot,Throughball,Away
2025,2526,2025-10-26,Aston Villa v Manchester City,Manchester City,Phil Foden,John Stones,0.06276297569274902,0.8640000152587891,0.36200000762939455,47,OpenPlay,BlockedShot,LeftFoot,Pass,Away
2025,2526,2025-10-26,Aston Villa v Manchester City,Manchester City,Rúben Dias,Phil Foden,0.04712127149105072,0.9269999694824219,0.46,47,FromCorner,BlockedShot,Head,Aerial,Away
2025,2526,2025-10-26,Aston Villa v Manchester City,Manchester City,Tijjani Reijnders,Phil Foden,0.04158521816134453,0.7619999694824219,0.37900001525878907,48,OpenPlay,MissedShots,RightFoot,Pass,Away
2025,2526,2025-10-26,Aston Villa v Manchester City,Manchester City,Rúben Dias,Phil Foden,0.022605756297707558,0.919000015258789,0.5690000152587891,59,FromCorner,BlockedShot,Head,Aerial,Away
2025,2526,2025-10-26,Aston Villa v Manchester City,Manchester City,Sávio,,0.04174066334962845,0.8719999694824219,0.6580000305175782,59,FromCorner,BlockedShot,LeftFoot,None,Away
2025,2526,2025-10-26,Aston Villa v Manchester City,Manchester City,Sávio,,0.30935049057006836,0.9,0.6459999847412109,59,FromCorner,BlockedShot,LeftFoot,Rebound,Away
2025,2526,2025-10-26,Aston Villa v Manchester City,Manchester City,Josko Gvardiol,Phil Foden,0.017191026359796524,0.9059999847412109,0.43599998474121093,60,FromCorner,MissedShots,Head,Aerial,Away
2025,2526,2025-10-26,Aston Villa v Manchester City,Manchester City,Josko Gvardiol,Phil Foden,0.042757581919431686,0.889000015258789,0.46900001525878904,67,FromCorner,MissedShots,Head,Cross,Away
2025,2526,2025-10-26,Aston Villa v Manchester City,Manchester City,Erling Haaland,Phil Foden,0.06374302506446838,0.905,0.4420000076293945,70,OpenPlay,SavedShot,Head,Cross,Away
2025,2526,2025-10-26,Aston Villa v Manchester City,Manchester City,Nico González,Phil Foden,0.02282697707414627,0.7669999694824219,0.3729999923706055,71,OpenPlay,BlockedShot,RightFoot,Pass,Away
2025,2526,2025-10-26,Aston Villa v Manchester City,Manchester City,Nico O&#039;Reilly,Jéremy Doku,0.11110709607601166,0.93,0.515,79,OpenPlay,BlockedShot,Head,Cross,Away
2025,2526,2025-10-26,Aston Villa v Manchester City,Manchester City,Phil Foden,Nico O&#039;Reilly,0.08893332630395889,0.8640000152587891,0.5259999847412109,82,OpenPlay,BlockedShot,RightFoot,Pass,Away
2025,2526,2025-10-26,Aston Villa v Manchester City,Manchester City,Mathis Cherki,,0.04017318785190582,0.7709999847412109,0.624000015258789,86,OpenPlay,BlockedShot,RightFoot,None,Away
2025,2526,2025-10-26,Aston Villa v Manchester City,Manchester City,Nico González,,0.05768768489360809,0.8590000152587891,0.590999984741211,92,OpenPlay,BlockedShot,RightFoot,None,Away
2025,2526,2025-10-26,Aston Villa v Manchester City,Manchester City,Matheus Nunes,Rúben Dias,0.022162409499287605,0.779000015258789,0.32099998474121094,93,OpenPlay,MissedShots,LeftFoot,Pass,Away
2025,2526,2025-10-26,Aston Villa v Manchester City,Manchester City,Erling Haaland,Mathis Cherki,0.016246741637587547,0.8680000305175781,0.5479999923706055,95,OpenPlay,SavedShot,Head,Aerial,Away
2025,2526,2025-10-26,Wolverhampton Wanderers v Burnley,Wolverhampton Wanderers,Rodrigo Gomes,,0.11487399786710739,0.885,0.66,5,OpenPlay,SavedShot,LeftFoot,BallRecovery,Home
2025,2526,2025-10-26,Wolverhampton Wanderers v Burnley,Wolverhampton Wanderers,Jhon Arias,,0.6477687358856201,0.990999984741211,0.4420000076293945,6,OpenPlay,MissedShots,RightFoot,None,Home
2025,2526,2025-10-26,Wolverhampton Wanderers v Burnley,Wolverhampton Wanderers,Ladislav Krejcí,Hugo Bueno,0.05249253287911415,0.8640000152587891,0.445,32,OpenPlay,BlockedShot,LeftFoot,Cross,Home
2025,2526,2025-10-26,Wolverhampton Wanderers v Burnley,Wolverhampton Wanderers,Marshall Munetsi,André,0.10960590094327927,0.905,0.534000015258789,33,OpenPlay,SavedShot,Head,Cross,Home
2025,2526,2025-10-26,Wolverhampton Wanderers v Burnley,Wolverhampton Wanderers,Rodrigo Gomes,Jhon Arias,0.030406543985009193,0.9209999847412109,0.6580000305175782,35,OpenPlay,MissedShots,RightFoot,Cross,Home
2025,2526,2025-10-26,Wolverhampton Wanderers v Burnley,Wolverhampton Wanderers,Jørgen Strand Larsen,,0.7611688375473022,0.885,0.5,41,Penalty,Goal,RightFoot,Standard,Home
2025,2526,2025-10-26,Wolverhampton Wanderers v Burnley,Wolverhampton Wanderers,Marshall Munetsi,Ladislav Krejcí,0.5309239029884338,0.955999984741211,0.4979999923706055,48,OpenPlay,Goal,Head,Chipped,Home
2025,2526,2025-10-26,Wolverhampton Wanderers v Burnley,Wolverhampton Wanderers,Jhon Arias,,0.0614829920232296,0.7759999847412109,0.669000015258789,63,DirectFreekick,ShotOnPost,RightFoot,Standard,Home
2025,2526,2025-10-26,Wolverhampton Wanderers v Burnley,Wolverhampton Wanderers,Jean-Ricner Bellegarde,,0.029444869607686996,0.784000015258789,0.4,69,OpenPlay,BlockedShot,LeftFoot,None,Home
2025,2526,2025-10-26,Wolverhampton Wanderers v Burnley,Wolverhampton Wanderers,Hugo Bueno,Rodrigo Gomes,0.03145599365234375,0.7980000305175782,0.6220000076293946,73,OpenPlay,MissedShots,RightFoot,Pass,Home
2025,2526,2025-10-26,Wolverhampton Wanderers v Burnley,Wolverhampton Wanderers,Jørgen Strand Larsen,Jackson Tchatchoua,0.024920044466853142,0.8590000152587891,0.5029999923706054,78,OpenPlay,SavedShot,Head,Cross,Home
2025,2526,2025-10-26,Wolverhampton Wanderers v Burnley,Wolverhampton Wanderers,João Gomes,Hee-Chan Hwang,0.011061720550060272,0.7040000152587891,0.6580000305175782,78,OpenPlay,MissedShots,RightFoot,Pass,Home
2025,2526,2025-10-26,Wolverhampton Wanderers v Burnley,Wolverhampton Wanderers,Jean-Ricner Bellegarde,,0.05006751790642738,0.8230000305175781,0.4109999847412109,82,OpenPlay,SavedShot,LeftFoot,None,Home
2025,2526,2025-10-26,Wolverhampton Wanderers v Burnley,Wolverhampton Wanderers,Rodrigo Gomes,Hugo Bueno,0.055764857679605484,0.8869999694824219,0.3679999923706055,82,OpenPlay,MissedShots,LeftFoot,Cross,Home
2025,2526,2025-10-26,Wolverhampton Wanderers v Burnley,Wolverhampton Wanderers,Santiago Bueno,Jørgen Strand Larsen,0.06988377124071121,0.879000015258789,0.3840000152587891,95,OpenPlay,SavedShot,LeftFoot,Pass,Home
2025,2526,2025-10-26,Wolverhampton Wanderers v Burnley,Burnley,Josh Cullen,,0.01636342518031597,0.7780000305175782,0.28600000381469726,4,OpenPlay,SavedShot,RightFoot,None,Away
2025,2526,2025-10-26,Wolverhampton Wanderers v Burnley,Burnley,Zian Flemming,Quilindschy Hartman,0.0260381530970335,0.7869999694824219,0.375,13,OpenPlay,Goal,RightFoot,Chipped,Away
2025,2526,2025-10-26,Wolverhampton Wanderers v Burnley,Burnley,Chimuanya Ugochukwu,Zian Flemming,0.21747750043869019,0.8569999694824219,0.585999984741211,24,OpenPlay,BlockedShot,LeftFoot,TakeOn,Away
2025,2526,2025-10-26,Wolverhampton Wanderers v Burnley,Burnley,Zian Flemming,Quilindschy Hartman,0.6503903865814209,0.9540000152587891,0.48,29,OpenPlay,Goal,LeftFoot,Pass,Away
2025,2526,2025-10-26,Wolverhampton Wanderers v Burnley,Burnley,Jaidon Anthony,,0.06035414710640907,0.8369999694824218,0.44400001525878907,53,OpenPlay,SavedShot,RightFoot,None,Away
2025,2526,2025-10-26,Wolverhampton Wanderers v Burnley,Burnley,Zian Flemming,Florentino Luís,0.08224543184041977,0.860999984741211,0.6179999923706054,55,OpenPlay,SavedShot,RightFoot,Pass,Away
2025,2526,2025-10-26,Wolverhampton Wanderers v Burnley,Burnley,Josh Cullen,,0.036821506917476654,0.8190000152587891,0.43200000762939456,58,FromCorner,SavedShot,RightFoot,None,Away
2025,2526,2025-10-26,Wolverhampton Wanderers v Burnley,Burnley,Jacob Bruun Larsen,Jaidon Anthony,0.032663311809301376,0.8319999694824218,0.67,60,OpenPlay,BlockedShot,LeftFoot,Pass,Away
2025,2526,2025-10-26,Wolverhampton Wanderers v Burnley,Burnley,Florentino Luís,,0.04498454928398132,0.8,0.47900001525878905,61,OpenPlay,BlockedShot,LeftFoot,None,Away
2025,2526,2025-10-26,Wolverhampton Wanderers v Burnley,Burnley,Quilindschy Hartman,Lyle Foster,0.013519439846277237,0.725,0.5709999847412109,80,SetPiece,MissedShots,LeftFoot,BallTouch,Away
2025,2526,2025-10-26,Wolverhampton Wanderers v Burnley,Burnley,Lyle Foster,Hannibal Mejbri,0.3645867705345154,0.865999984741211,0.5470000076293945,94,OpenPlay,Goal,LeftFoot,Throughball,Away
2025,2526,2025-10-26,Everton v Tottenham,Everton,Jack Grealish,Beto,0.3938571810722351,0.9590000152587891,0.6020000076293945,2,OpenPlay,BlockedShot,LeftFoot,BallTouch,Home
2025,2526,2025-10-26,Everton v Tottenham,Everton,Kiernan Dewsbury-Hall,,0.05082811415195465,0.8919999694824219,0.33299999237060546,2,OpenPlay,MissedShots,LeftFoot,Rebound,Home
2025,2526,2025-10-26,Everton v Tottenham,Everton,James Garner,Jack Grealish,0.014132481068372726,0.6940000152587891,0.49200000762939455,23,OpenPlay,MissedShots,RightFoot,Pass,Home
2025,2526,2025-10-26,Everton v Tottenham,Everton,Kiernan Dewsbury-Hall,,0.08305452018976212,0.970999984741211,0.5790000152587891,47,OpenPlay,BlockedShot,LeftFoot,None,Home
2025,2526,2025-10-26,Everton v Tottenham,Everton,Iliman Ndiaye,James Garner,0.07586800307035446,0.9180000305175782,0.4420000076293945,48,OpenPlay,MissedShots,RightFoot,Cross,Home
2025,2526,2025-10-26,Everton v Tottenham,Everton,Beto,,0.5746387243270874,0.9519999694824218,0.46700000762939453,53,OpenPlay,SavedShot,RightFoot,None,Home
2025,2526,2025-10-26,Everton v Tottenham,Everton,James Garner,Jack Grealish,0.03287873417139053,0.855999984741211,0.6969999694824218,67,SetPiece,MissedShots,RightFoot,Pass,Home
2025,2526,2025-10-26,Everton v Tottenham,Everton,Iliman Ndiaye,Jack Grealish,0.05390496924519539,0.8069999694824219,0.5170000076293946,72,OpenPlay,SavedShot,LeftFoot,Pass,Home
2025,2526,2025-10-26,Everton v Tottenham,Everton,Idrissa Gueye,James Tarkowski,0.032558731734752655,0.8519999694824218,0.4229999923706055,73,OpenPlay,BlockedShot,RightFoot,HeadPass,Home
2025,2526,2025-10-26,Everton v Tottenham,Everton,Thierno Barry,James Tarkowski,0.023833973333239555,0.765,0.5420000076293945,76,OpenPlay,BlockedShot,LeftFoot,Chipped,Home
2025,2526,2025-10-26,Everton v Tottenham,Everton,Merlin Röhl,Kiernan Dewsbury-Hall,0.07411415129899979,0.9530000305175781,0.4879999923706055,77,FromCorner,MissedShots,Head,Aerial,Home
2025,2526,2025-10-26,Everton v Tottenham,Everton,Vitalii Mykolenko,Kiernan Dewsbury-Hall,0.013551244512200356,0.7219999694824218,0.5420000076293945,81,OpenPlay,BlockedShot,LeftFoot,Pass,Home
2025,2526,2025-10-26,Everton v Tottenham,Tottenham,Micky van de Ven,Rodrigo Bentancur,0.268822580575943,0.965,0.47900001525878905,18,FromCorner,Goal,Head,BallTouch,Away
2025,2526,2025-10-26,Everton v Tottenham,Tottenham,Rodrigo Bentancur,Randal Kolo Muani,0.03265386447310448,0.8080000305175781,0.5829999923706055,34,FromCorner,MissedShots,RightFoot,Pass,Away
2025,2526,2025-10-26,Everton v Tottenham,Tottenham,Rodrigo Bentancur,,0.07056132704019547,0.9540000152587891,0.44299999237060544,48,FromCorner,MissedShots,Head,Aerial,Away
2025,2526,2025-10-26,Everton v Tottenham,Tottenham,Micky van de Ven,Pedro Porro,0.6043665409088135,0.975,0.49400001525878906,50,FromCorner,Goal,Head,Aerial,Away
2025,2526,2025-10-26,Everton v Tottenham,Tottenham,Mohammed Kudus,,0.06584076583385468,0.750999984741211,0.4979999923706055,59,DirectFreekick,BlockedShot,LeftFoot,Standard,Away
2025,2526,2025-10-26,Everton v Tottenham,Tottenham,Richarlison,,0.41355663537979126,0.9,0.3629999923706055,64,OpenPlay,SavedShot,RightFoot,None,Away
2025,2526,2025-10-26,Everton v Tottenham,Tottenham,Pape Sarr,Richarlison,0.6374728679656982,0.955,0.47400001525878904,88,OpenPlay,Goal,Head,Aerial,Away
2025,2526,2025-11-01,Brighton v Leeds,Brighton,Carlos Baleba,Mats Wieffer,0.010648563504219055,0.725,0.24299999237060546,1,OpenPlay,MissedShots,LeftFoot,Pass,Home
2025,2526,2025-11-01,Brighton v Leeds,Brighton,Yasin Ayari,,0.07523082196712494,0.855,0.5770000076293945,8,OpenPlay,SavedShot,RightFoot,BallRecovery,Home
2025,2526,2025-11-01,Brighton v Leeds,Brighton,Yasin Ayari,,0.032472316175699234,0.795,0.6170000076293946,10,OpenPlay,BlockedShot,RightFoot,None,Home
2025,2526,2025-11-01,Brighton v Leeds,Brighton,Danny Welbeck,Mats Wieffer,0.5774248242378235,0.9330000305175781,0.48,10,OpenPlay,Goal,RightFoot,Pass,Home
2025,2526,2025-11-01,Brighton v Leeds,Brighton,Yasin Ayari,,0.016298996284604073,0.7569999694824219,0.385,14,FromCorner,MissedShots,LeftFoot,None,Home
2025,2526,2025-11-01,Brighton v Leeds,Brighton,Danny Welbeck,Jan Paul van Hecke,0.060039225965738297,0.8169999694824219,0.3920000076293945,33,OpenPlay,MissedShots,RightFoot,BallRecovery,Home
2025,2526,2025-11-01,Brighton v Leeds,Brighton,Diego Gómez,Danny Welbeck,0.01725221984088421,0.7240000152587891,0.44599998474121094,38,OpenPlay,BlockedShot,RightFoot,TakeOn,Home
2025,2526,2025-11-01,Brighton v Leeds,Brighton,Yankuba Minteh,Diego Gómez,0.3010975122451782,0.87,0.539000015258789,40,OpenPlay,MissedShots,LeftFoot,TakeOn,Home
2025,2526,2025-11-01,Brighton v Leeds,Brighton,Jan Paul van Hecke,Yankuba Minteh,0.11808684468269348,0.865,0.5159999847412109,46,OpenPlay,SavedShot,RightFoot,Pass,Home
2025,2526,2025-11-01,Brighton v Leeds,Brighton,Georginio Rutter,Diego Gómez,0.028983620926737785,0.7609999847412109,0.605,48,OpenPlay,MissedShots,LeftFoot,Pass,Home
2025,2526,2025-11-01,Brighton v Leeds,Brighton,Diego Gómez,,0.09100312739610672,0.8530000305175781,0.5329999923706055,56,OpenPlay,SavedShot,RightFoot,None,Home
2025,2526,2025-11-01,Brighton v Leeds,Brighton,Diego Gómez,,0.6436755061149597,0.9569999694824218,0.49,63,OpenPlay,Goal,RightFoot,None,Home
2025,2526,2025-11-01,Brighton v Leeds,Brighton,Diego Gómez,Yankuba Minteh,0.559005618095398,0.91,0.47200000762939454,69,OpenPlay,Goal,RightFoot,None,Home
2025,2526,2025-11-01,Brighton v Leeds,Brighton,Yasin Ayari,Stefanos Tzimas,0.11005481332540512,0.8440000152587891,0.5059999847412109,82,OpenPlay,SavedShot,RightFoot,Pass,Home
2025,2526,2025-11-01,Brighton v Leeds,Leeds,Sean Longstaff,,0.058571744710206985,0.745999984741211,0.5709999847412109,19,DirectFreekick,MissedShots,RightFoot,Standard,Away
2025,2526,2025-11-01,Brighton v Leeds,Leeds,Sean Longstaff,Brenden Aaronson,0.13617469370365143,0.8980000305175782,0.4109999847412109,45,OpenPlay,BlockedShot,RightFoot,Pass,Away
2025,2526,2025-11-01,Brighton v Leeds,Leeds,Dominic Calvert-Lewin,Gabriel Gudmundsson,0.01795397885143757,0.794000015258789,0.715,56,OpenPlay,MissedShots,RightFoot,BallRecovery,Away
2025,2526,2025-11-01,Brighton v Leeds,Leeds,Lukas Nmecha,Daniel James,0.04481443762779236,0.9469999694824218,0.3340000152587891,84,OpenPlay,SavedShot,RightFoot,Chipped,Away
2025,2526,2025-11-01,Brighton v Leeds,Leeds,Anton Stach,,0.10167467594146729,0.8919999694824219,0.66,84,OpenPlay,SavedShot,LeftFoot,TakeOn,Away
2025,2526,2025-11-01,Burnley v Arsenal,Burnley,Zian Flemming,,0.03466686233878136,0.860999984741211,0.5109999847412109,70,OpenPlay,MissedShots,Head,Aerial,Home
2025,2526,2025-11-01,Burnley v Arsenal,Burnley,Florentino Luís,Maxime Estève,0.5850650668144226,0.965999984741211,0.5079999923706054,72,SetPiece,MissedShots,Head,HeadPass,Home
2025,2526,2025-11-01,Burnley v Arsenal,Burnley,Marcus Edwards,,0.05944499373435974,0.7580000305175781,0.37599998474121094,96,DirectFreekick,ShotOnPost,LeftFoot,Standard,Home
2025,2526,2025-11-01,Burnley v Arsenal,Arsenal,Viktor Gyokeres,Gabriel,0.657794713973999,0.9769999694824218,0.49900001525878906,13,FromCorner,Goal,Head,Pass,Away
2025,2526,2025-11-01,Burnley v Arsenal,Arsenal,Jurriën Timber,,0.08213049918413162,0.955,0.45,18,FromCorner,MissedShots,Head,Aerial,Away
2025,2526,2025-11-01,Burnley v Arsenal,Arsenal,Riccardo Calafiori,Leandro Trossard,0.08583354204893112,0.93,0.6769999694824219,20,OpenPlay,SavedShot,LeftFoot,Pass,Away
2025,2526,2025-11-01,Burnley v Arsenal,Arsenal,Bukayo Saka,Viktor Gyokeres,0.388456255197525,0.855,0.4590000152587891,22,OpenPlay,SavedShot,LeftFoot,Pass,Away
2025,2526,2025-11-01,Burnley v Arsenal,Arsenal,Bukayo Saka,Viktor Gyokeres,0.38591456413269043,0.885,0.3820000076293945,31,OpenPlay,SavedShot,RightFoot,Pass,Away
2025,2526,2025-11-01,Burnley v Arsenal,Arsenal,Leandro Trossard,Viktor Gyokeres,0.14579643309116364,0.889000015258789,0.5640000152587891,31,OpenPlay,BlockedShot,RightFoot,Pass,Away
2025,2526,2025-11-01,Burnley v Arsenal,Arsenal,Declan Rice,Leandro Trossard,0.509440541267395,0.914000015258789,0.51,34,OpenPlay,Goal,Head,Cross,Away
2025,2526,2025-11-01,Burnley v Arsenal,Arsenal,Eberechi Eze,Bukayo Saka,0.1159055158495903,0.8490000152587891,0.6029999923706054,37,OpenPlay,BlockedShot,RightFoot,Pass,Away
2025,2526,2025-11-01,Burnley v Arsenal,Arsenal,Leandro Trossard,Declan Rice,0.02482816018164158,0.7859999847412109,0.68,55,SetPiece,SavedShot,RightFoot,Chipped,Away
2025,2526,2025-11-01,Burnley v Arsenal,Arsenal,Jurriën Timber,Bukayo Saka,0.04470247030258179,0.8780000305175781,0.27899999618530275,65,OpenPlay,MissedShots,RightFoot,Pass,Away
2025,2526,2025-11-01,Burnley v Arsenal,Arsenal,Ethan Nwaneri,,0.026944873854517937,0.755,0.46599998474121096,81,OpenPlay,MissedShots,LeftFoot,BallRecovery,Away
2025,2526,2025-11-01,Burnley v Arsenal,Arsenal,Christian Nørgaard,Mikel Merino,0.048741746693849564,0.8019999694824219,0.375,91,OpenPlay,SavedShot,RightFoot,BallRecovery,Away
2025,2526,2025-11-01,Crystal Palace v Brentford,Crystal Palace,Yeremi Pino,,0.07886485755443573,0.7659999847412109,0.5209999847412109,6,DirectFreekick,BlockedShot,RightFoot,Standard,Home
2025,2526,2025-11-01,Crystal Palace v Brentford,Crystal Palace,Jean-Philippe Mateta,,0.06111471727490425,0.93,0.4540000152587891,25,OpenPlay,SavedShot,Head,Aerial,Home
2025,2526,2025-11-01,Crystal Palace v Brentford,Crystal Palace,Daichi Kamada,Tyrick Mitchell,0.030642688274383545,0.8440000152587891,0.6990000152587891,26,OpenPlay,MissedShots,LeftFoot,Pass,Home
2025,2526,2025-11-01,Crystal Palace v Brentford,Crystal Palace,Jean-Philippe Mateta,Jefferson Lerma,0.03891671448945999,0.8830000305175781,0.4379999923706055,29,SetPiece,Goal,Head,HeadPass,Home
2025,2526,2025-11-01,Crystal Palace v Brentford,Crystal Palace,Ismaila Sarr,,0.023122671991586685,0.845999984741211,0.41700000762939454,34,FromCorner,MissedShots,RightFoot,Aerial,Home
2025,2526,2025-11-01,Crystal Palace v Brentford,Crystal Palace,Ismaila Sarr,,0.39296168088912964,0.870999984741211,0.44400001525878907,51,OpenPlay,ShotOnPost,RightFoot,BallRecovery,Home
2025,2526,2025-11-01,Crystal Palace v Brentford,Crystal Palace,Daichi Kamada,,0.024404441937804222,0.7630000305175781,0.47700000762939454,52,OpenPlay,BlockedShot,RightFoot,None,Home
2025,2526,2025-11-01,Crystal Palace v Brentford,Crystal Palace,Jefferson Lerma,Marc Guehi,0.034514717757701874,0.874000015258789,0.5970000076293945,55,FromCorner,BlockedShot,RightFoot,HeadPass,Home
2025,2526,2025-11-01,Crystal Palace v Brentford,Crystal Palace,Ismaila Sarr,Will Hughes,0.050015371292829514,0.815,0.6580000305175782,84,OpenPlay,BlockedShot,RightFoot,Pass,Home
2025,2526,2025-11-01,Crystal Palace v Brentford,Brentford,Dango Ouattara,Thiago,0.0938725471496582,0.7930000305175782,0.42700000762939455,14,OpenPlay,BlockedShot,LeftFoot,HeadPass,Away
2025,2526,2025-11-01,Crystal Palace v Brentford,Brentford,Mikkel Damsgaard,,0.1725776344537735,0.82,0.46900001525878904,44,DirectFreekick,MissedShots,RightFoot,Standard,Away
2025,2526,2025-11-01,Crystal Palace v Brentford,Brentford,Nathan Collins,,0.0,0.08,0.3970000076293945,50,OpenPlay,OwnGoal,Head,None,Away
2025,2526,2025-11-01,Crystal Palace v Brentford,Brentford,Kristoffer Ajer,Jordan Henderson,0.4381144940853119,0.9519999694824218,0.600999984741211,57,OpenPlay,SavedShot,Head,Aerial,Away
2025,2526,2025-11-01,Crystal Palace v Brentford,Brentford,Vitaly Janelt,,0.0506218746304512,0.845999984741211,0.5559999847412109,73,OpenPlay,MissedShots,LeftFoot,None,Away
2025,2526,2025-11-01,Crystal Palace v Brentford,Brentford,Reiss Nelson,Keane Lewis-Potter,0.050453945994377136,0.8059999847412109,0.5770000076293945,75,OpenPlay,SavedShot,RightFoot,Pass,Away
2025,2526,2025-11-01,Crystal Palace v Brentford,Brentford,Jordan Henderson,,0.014857977628707886,0.7430000305175781,0.62,82,FromCorner,BlockedShot,RightFoot,None,Away
2025,2526,2025-11-01,Fulham v Wolverhampton Wanderers,Fulham,Ryan Sessegnon,Raúl Jiménez,0.32474061846733093,0.8569999694824219,0.64,8,OpenPlay,Goal,LeftFoot,Throughball,Home
2025,2526,2025-11-01,Fulham v Wolverhampton Wanderers,Fulham,Harry Wilson,Alex Iwobi,0.010526735335588455,0.784000015258789,0.385,16,FromCorner,MissedShots,LeftFoot,Chipped,Home
2025,2526,2025-11-01,Fulham v Wolverhampton Wanderers,Fulham,Harry Wilson,Alex Iwobi,0.014163708314299583,0.7180000305175781,0.3659999847412109,21,SetPiece,BlockedShot,LeftFoot,Pass,Home
2025,2526,2025-11-01,Fulham v Wolverhampton Wanderers,Fulham,Harry Wilson,Joshua King,0.09377039968967438,0.9009999847412109,0.34,30,OpenPlay,MissedShots,LeftFoot,Pass,Home
2025,2526,2025-11-01,Fulham v Wolverhampton Wanderers,Fulham,Kenny Tete,Sander Berge,0.020957238972187042,0.745999984741211,0.34,51,OpenPlay,SavedShot,RightFoot,Pass,Home
2025,2526,2025-11-01,Fulham v Wolverhampton Wanderers,Fulham,Joachim Andersen,Harry Wilson,0.06322178989648819,0.9880000305175781,0.6070000076293945,51,OpenPlay,BlockedShot,RightFoot,Cross,Home
2025,2526,2025-11-01,Fulham v Wolverhampton Wanderers,Fulham,Kenny Tete,Alex Iwobi,0.029291372746229172,0.75,0.49200000762939455,52,OpenPlay,MissedShots,RightFoot,Pass,Home
2025,2526,2025-11-01,Fulham v Wolverhampton Wanderers,Fulham,Alex Iwobi,Harry Wilson,0.06745675951242447,0.855999984741211,0.669000015258789,55,OpenPlay,BlockedShot,RightFoot,Pass,Home
2025,2526,2025-11-01,Fulham v Wolverhampton Wanderers,Fulham,Kenny Tete,Raúl Jiménez,0.0869169682264328,0.9740000152587891,0.3390000152587891,55,OpenPlay,SavedShot,RightFoot,Pass,Home
2025,2526,2025-11-01,Fulham v Wolverhampton Wanderers,Fulham,Sander Berge,Raúl Jiménez,0.07875360548496246,0.8369999694824218,0.4490000152587891,61,OpenPlay,BlockedShot,RightFoot,Pass,Home
2025,2526,2025-11-01,Fulham v Wolverhampton Wanderers,Fulham,Harry Wilson,,0.04649535194039345,0.81,0.405,61,OpenPlay,Goal,LeftFoot,Rebound,Home
2025,2526,2025-11-01,Fulham v Wolverhampton Wanderers,Fulham,Joshua King,Alex Iwobi,0.056306228041648865,0.7869999694824219,0.44099998474121094,68,OpenPlay,MissedShots,RightFoot,Pass,Home
2025,2526,2025-11-01,Fulham v Wolverhampton Wanderers,Fulham,Harry Wilson,Sander Berge,0.08950056880712509,0.784000015258789,0.41200000762939454,69,OpenPlay,SavedShot,LeftFoot,Pass,Home
2025,2526,2025-11-01,Fulham v Wolverhampton Wanderers,Fulham,Emile Smith-Rowe,Alex Iwobi,0.14464212954044342,0.9269999694824219,0.5729999923706055,85,OpenPlay,BlockedShot,LeftFoot,Pass,Home
2025,2526,2025-11-01,Fulham v Wolverhampton Wanderers,Fulham,Samuel Chukwueze,,0.6224537491798401,0.9359999847412109,0.515,85,OpenPlay,ShotOnPost,RightFoot,Rebound,Home
2025,2526,2025-11-01,Fulham v Wolverhampton Wanderers,Fulham,Tom Cairney,,0.05029952526092529,0.8390000152587891,0.5259999847412109,85,OpenPlay,BlockedShot,LeftFoot,Rebound,Home
2025,2526,2025-11-01,Fulham v Wolverhampton Wanderers,Fulham,Samuel Chukwueze,Kenny Tete,0.0611441396176815,0.8519999694824218,0.39099998474121095,87,OpenPlay,SavedShot,LeftFoot,TakeOn,Home
2025,2526,2025-11-01,Fulham v Wolverhampton Wanderers,Fulham,Adama Traoré,Tom Cairney,0.08458613604307175,0.8490000152587891,0.655,90,OpenPlay,BlockedShot,RightFoot,Chipped,Home
2025,2526,2025-11-01,Fulham v Wolverhampton Wanderers,Fulham,Rodrigo Muniz,Emile Smith-Rowe,0.09459666162729263,0.8140000152587891,0.66,94,OpenPlay,BlockedShot,RightFoot,BallRecovery,Home
2025,2526,2025-11-01,Fulham v Wolverhampton Wanderers,Wolverhampton Wanderers,Jean-Ricner Bellegarde,Jørgen Strand Larsen,0.06966282427310944,0.8669999694824219,0.34599998474121096,2,OpenPlay,SavedShot,LeftFoot,Pass,Away
2025,2526,2025-11-01,Fulham v Wolverhampton Wanderers,Wolverhampton Wanderers,Marshall Munetsi,Toti,0.016461476683616638,0.889000015258789,0.39799999237060546,19,OpenPlay,MissedShots,Head,Aerial,Away
2025,2526,2025-11-01,Fulham v Wolverhampton Wanderers,Wolverhampton Wanderers,Jean-Ricner Bellegarde,,0.010837031528353691,0.764000015258789,0.645,47,OpenPlay,MissedShots,LeftFoot,Aerial,Away
2025,2526,2025-11-01,Fulham v Wolverhampton Wanderers,Wolverhampton Wanderers,Ladislav Krejcí,Toti,0.039967987686395645,0.9280000305175782,0.43599998474121093,50,OpenPlay,SavedShot,Head,Aerial,Away
2025,2526,2025-11-01,Fulham v Wolverhampton Wanderers,Wolverhampton Wanderers,Yerson Mosquera,,0.0,0.03200000047683716,0.48200000762939454,74,OpenPlay,OwnGoal,RightFoot,None,Away
2025,2526,2025-11-01,Fulham v Wolverhampton Wanderers,Wolverhampton Wanderers,Tolu Arokodare,,0.07300447672605515,0.7809999847412109,0.3629999923706055,94,DirectFreekick,BlockedShot,RightFoot,Standard,Away
2025,2526,2025-11-01,Nottingham Forest v Manchester United,Nottingham Forest,Igor Jesus,Callum Hudson-Odoi,0.10693354159593582,0.8640000152587891,0.529000015258789,5,OpenPlay,BlockedShot,RightFoot,Pass,Home
2025,2526,2025-11-01,Nottingham Forest v Manchester United,Nottingham Forest,Nikola Milenkovic,Douglas Luiz,0.057286493480205536,0.965999984741211,0.5729999923706055,6,FromCorner,MissedShots,Head,Aerial,Home
2025,2526,2025-11-01,Nottingham Forest v Manchester United,Nottingham Forest,Dan Ndoye,Callum Hudson-Odoi,0.017925884574651718,0.7519999694824219,0.3160000038146973,7,OpenPlay,SavedShot,LeftFoot,Pass,Home
2025,2526,2025-11-01,Nottingham Forest v Manchester United,Nottingham Forest,Elliot Anderson,,0.016019824892282486,0.7809999847412109,0.4909999847412109,7,FromCorner,MissedShots,RightFoot,Aerial,Home
2025,2526,2025-11-01,Nottingham Forest v Manchester United,Nottingham Forest,Callum Hudson-Odoi,Morgan Gibbs-White,0.027538128197193146,0.8180000305175781,0.7090000152587891,14,OpenPlay,MissedShots,RightFoot,TakeOn,Home
2025,2526,2025-11-01,Nottingham Forest v Manchester United,Nottingham Forest,Callum Hudson-Odoi,Morgan Gibbs-White,0.026938065886497498,0.8080000305175781,0.6909999847412109,39,OpenPlay,MissedShots,LeftFoot,Pass,Home
2025,2526,2025-11-01,Nottingham Forest v Manchester United,Nottingham Forest,Morgan Gibbs-White,Callum Hudson-Odoi,0.12161798775196075,0.8880000305175781,0.37099998474121093,42,OpenPlay,BlockedShot,RightFoot,Pass,Home
2025,2526,2025-11-01,Nottingham Forest v Manchester United,Nottingham Forest,Morgan Gibbs-White,Ryan Yates,0.08953892439603806,0.9180000305175782,0.54,47,OpenPlay,Goal,Head,Cross,Home
2025,2526,2025-11-01,Nottingham Forest v Manchester United,Nottingham Forest,Igor Jesus,,0.056174881756305695,0.9109999847412109,0.5209999847412109,49,OpenPlay,BlockedShot,Head,None,Home
2025,2526,2025-11-01,Nottingham Forest v Manchester United,Nottingham Forest,Nicolò Savona,,0.6933292150497437,0.9590000152587891,0.5079999923706054,49,OpenPlay,Goal,LeftFoot,Rebound,Home
2025,2526,2025-11-01,Nottingham Forest v Manchester United,Nottingham Forest,Murillo,Elliot Anderson,0.042134784162044525,0.9180000305175782,0.4809999847412109,56,FromCorner,MissedShots,Head,Aerial,Home
2025,2526,2025-11-01,Nottingham Forest v Manchester United,Nottingham Forest,Igor Jesus,,0.055346209555864334,0.9769999694824218,0.41400001525878904,65,OpenPlay,MissedShots,Head,Aerial,Home
2025,2526,2025-11-01,Nottingham Forest v Manchester United,Nottingham Forest,Callum Hudson-Odoi,Elliot Anderson,0.06050170212984085,0.7709999847412109,0.46099998474121096,67,OpenPlay,MissedShots,RightFoot,Pass,Home
2025,2526,2025-11-01,Nottingham Forest v Manchester United,Nottingham Forest,Neco Williams,,0.04677194356918335,0.8190000152587891,0.5940000152587891,84,OpenPlay,BlockedShot,RightFoot,None,Home
2025,2526,2025-11-01,Nottingham Forest v Manchester United,Nottingham Forest,Nikola Milenkovic,Elliot Anderson,0.03556076064705849,0.9159999847412109,0.5320000076293945,85,FromCorner,MissedShots,Head,Aerial,Home
2025,2526,2025-11-01,Nottingham Forest v Manchester United,Nottingham Forest,Callum Hudson-Odoi,Taiwo Awoniyi,0.07760867476463318,0.874000015258789,0.6070000076293945,88,OpenPlay,BlockedShot,RightFoot,BallRecovery,Home
2025,2526,2025-11-01,Nottingham Forest v Manchester United,Nottingham Forest,Elliot Anderson,Callum Hudson-Odoi,0.0632932260632515,0.8809999847412109,0.6220000076293946,88,OpenPlay,BlockedShot,RightFoot,Rebound,Home
2025,2526,2025-11-01,Nottingham Forest v Manchester United,Manchester United,Benjamin Sesko,Bryan Mbeumo,0.1057664304971695,0.895,0.4759999847412109,2,OpenPlay,BlockedShot,RightFoot,Cross,Away
2025,2526,2025-11-01,Nottingham Forest v Manchester United,Manchester United,Benjamin Sesko,Matheus Cunha,0.0272288229316473,0.77,0.5879999923706055,14,OpenPlay,MissedShots,RightFoot,Pass,Away
2025,2526,2025-11-01,Nottingham Forest v Manchester United,Manchester United,Amad Diallo Traore,Bruno Fernandes,0.024067455902695656,0.789000015258789,0.3240000152587891,27,OpenPlay,SavedShot,LeftFoot,Pass,Away
2025,2526,2025-11-01,Nottingham Forest v Manchester United,Manchester United,Casemiro,Bruno Fernandes,0.11617419123649597,0.9369999694824219,0.4620000076293945,33,FromCorner,Goal,Head,Cross,Away
2025,2526,2025-11-01,Nottingham Forest v Manchester United,Manchester United,Amad Diallo Traore,Bryan Mbeumo,0.03299862518906593,0.7559999847412109,0.39799999237060546,41,OpenPlay,MissedShots,LeftFoot,BallRecovery,Away
2025,2526,2025-11-01,Nottingham Forest v Manchester United,Manchester United,Bryan Mbeumo,Matheus Cunha,0.05240187421441078,0.8369999694824218,0.4229999923706055,55,OpenPlay,SavedShot,LeftFoot,BallTouch,Away
2025,2526,2025-11-01,Nottingham Forest v Manchester United,Manchester United,Bruno Fernandes,Bryan Mbeumo,0.015346704050898552,0.7130000305175781,0.42700000762939455,59,OpenPlay,ShotOnPost,RightFoot,Pass,Away
2025,2526,2025-11-01,Nottingham Forest v Manchester United,Manchester United,Casemiro,,0.07025039196014404,0.9080000305175782,0.37900001525878907,59,OpenPlay,MissedShots,RightFoot,Rebound,Away
2025,2526,2025-11-01,Nottingham Forest v Manchester United,Manchester United,Casemiro,Amad Diallo Traore,0.014276795089244843,0.7019999694824218,0.549000015258789,73,OpenPlay,BlockedShot,LeftFoot,Pass,Away
2025,2526,2025-11-01,Nottingham Forest v Manchester United,Manchester United,Bruno Fernandes,Casemiro,0.04922129958868027,0.8180000305175781,0.5970000076293945,73,OpenPlay,BlockedShot,RightFoot,Pass,Away
2025,2526,2025-11-01,Nottingham Forest v Manchester United,Manchester United,Matheus Cunha,Casemiro,0.039864636957645416,0.7709999847412109,0.44400001525878907,74,OpenPlay,BlockedShot,RightFoot,LayOff,Away
2025,2526,2025-11-01,Nottingham Forest v Manchester United,Manchester United,Patrick Dorgu,,0.015165358781814575,0.86,0.825999984741211,74,OpenPlay,SavedShot,LeftFoot,BallRecovery,Away
2025,2526,2025-11-01,Nottingham Forest v Manchester United,Manchester United,Patrick Dorgu,Casemiro,0.13721652328968048,0.9490000152587891,0.5,80,FromCorner,MissedShots,LeftFoot,HeadPass,Away
2025,2526,2025-11-01,Nottingham Forest v Manchester United,Manchester United,Amad Diallo Traore,,0.04883319139480591,0.815,0.46700000762939453,80,FromCorner,Goal,LeftFoot,Rebound,Away
2025,2526,2025-11-01,Nottingham Forest v Manchester United,Manchester United,Matheus Cunha,Bruno Fernandes,0.030170688405632973,0.77,0.4829999923706055,86,OpenPlay,SavedShot,RightFoot,Pass,Away
2025,2526,2025-11-01,Nottingham Forest v Manchester United,Manchester United,Benjamin Sesko,Matheus Cunha,0.059348173439502716,0.9640000152587891,0.6930000305175781,87,OpenPlay,MissedShots,LeftFoot,Pass,Away
2025,2526,2025-11-01,Nottingham Forest v Manchester United,Manchester United,Casemiro,Bruno Fernandes,0.013148176483809948,0.6840000152587891,0.45599998474121095,92,OpenPlay,BlockedShot,RightFoot,Pass,Away
2025,2526,2025-11-01,Nottingham Forest v Manchester United,Manchester United,Amad Diallo Traore,,0.07251963019371033,0.9030000305175782,0.610999984741211,93,FromCorner,BlockedShot,LeftFoot,None,Away
2025,2526,2025-11-01,Tottenham v Chelsea,Tottenham,Mohammed Kudus,Randal Kolo Muani,0.02562577649950981,0.8109999847412109,0.29200000762939454,31,OpenPlay,MissedShots,LeftFoot,Pass,Home
2025,2526,2025-11-01,Tottenham v Chelsea,Tottenham,Mohammed Kudus,Pape Sarr,0.05039970949292183,0.8819999694824219,0.3,50,OpenPlay,SavedShot,LeftFoot,Pass,Home
2025,2526,2025-11-01,Tottenham v Chelsea,Tottenham,Mohammed Kudus,Pape Sarr,0.07092811167240143,0.875,0.35400001525878905,70,OpenPlay,BlockedShot,LeftFoot,TakeOn,Home
2025,2526,2025-11-01,Tottenham v Chelsea,Chelsea,Marc Cucurella,,0.050805579870939255,0.8490000152587891,0.41200000762939454,10,FromCorner,BlockedShot,LeftFoot,None,Away
2025,2526,2025-11-01,Tottenham v Chelsea,Chelsea,Reece James,Enzo Fernández,0.014707226306200027,0.7030000305175781,0.5540000152587891,18,OpenPlay,MissedShots,RightFoot,Pass,Away
2025,2526,2025-11-01,Tottenham v Chelsea,Chelsea,Alejandro Garnacho,Enzo Fernández,0.06115251034498215,0.8519999694824218,0.64,19,OpenPlay,SavedShot,RightFoot,Pass,Away
2025,2526,2025-11-01,Tottenham v Chelsea,Chelsea,João Pedro,Alejandro Garnacho,0.30618831515312195,0.875999984741211,0.6859999847412109,30,OpenPlay,SavedShot,RightFoot,BallRecovery,Away
2025,2526,2025-11-01,Tottenham v Chelsea,Chelsea,João Pedro,Moisés Caicedo,0.5045353174209595,0.9159999847412109,0.48200000762939454,33,OpenPlay,Goal,RightFoot,Pass,Away
2025,2526,2025-11-01,Tottenham v Chelsea,Chelsea,João Pedro,Malo Gusto,0.3248288333415985,0.8980000305175782,0.46599998474121096,42,OpenPlay,SavedShot,RightFoot,Cross,Away
2025,2526,2025-11-01,Tottenham v Chelsea,Chelsea,Enzo Fernández,Moisés Caicedo,0.03798317164182663,0.7709999847412109,0.5179999923706055,47,OpenPlay,SavedShot,RightFoot,Pass,Away
2025,2526,2025-11-01,Tottenham v Chelsea,Chelsea,Enzo Fernández,Reece James,0.6195019483566284,0.950999984741211,0.49900001525878906,52,OpenPlay,MissedShots,Head,Aerial,Away
2025,2526,2025-11-01,Tottenham v Chelsea,Chelsea,Pedro Neto,João Pedro,0.050810255110263824,0.89,0.2979999923706055,55,OpenPlay,SavedShot,LeftFoot,Pass,Away
2025,2526,2025-11-01,Tottenham v Chelsea,Chelsea,Pedro Neto,Alejandro Garnacho,0.154220849275589,0.950999984741211,0.545,56,OpenPlay,MissedShots,LeftFoot,Pass,Away
2025,2526,2025-11-01,Tottenham v Chelsea,Chelsea,João Pedro,Pedro Neto,0.014432013034820557,0.9569999694824218,0.654000015258789,56,OpenPlay,SavedShot,Head,Rebound,Away
2025,2526,2025-11-01,Tottenham v Chelsea,Chelsea,Pedro Neto,Enzo Fernández,0.08520326018333435,0.8930000305175781,0.3290000152587891,73,OpenPlay,SavedShot,RightFoot,Pass,Away
2025,2526,2025-11-01,Tottenham v Chelsea,Chelsea,Reece James,Malo Gusto,0.0824153870344162,0.8180000305175781,0.47900001525878905,73,OpenPlay,MissedShots,RightFoot,Pass,Away
2025,2526,2025-11-01,Tottenham v Chelsea,Chelsea,Jamie Bynoe-Gittens,João Pedro,0.4768640100955963,0.889000015258789,0.6029999923706054,92,OpenPlay,MissedShots,RightFoot,Pass,Away
2025,2526,2025-11-01,Tottenham v Chelsea,Chelsea,João Pedro,Enzo Fernández,0.5610902309417725,0.905,0.44,93,OpenPlay,SavedShot,RightFoot,Pass,Away
2025,2526,2025-11-01,Liverpool v Aston Villa,Liverpool,Ryan Gravenberch,Dominik Szoboszlai,0.01718798652291298,0.7469999694824219,0.3609999847412109,1,OpenPlay,BlockedShot,RightFoot,Pass,Home
2025,2526,2025-11-01,Liverpool v Aston Villa,Liverpool,Dominik Szoboszlai,Cody Gakpo,0.016982421278953552,0.730999984741211,0.4209999847412109,14,OpenPlay,MissedShots,RightFoot,Pass,Home
2025,2526,2025-11-01,Liverpool v Aston Villa,Liverpool,Cody Gakpo,Mohamed Salah,0.03213052451610565,0.9080000305175782,0.610999984741211,17,OpenPlay,MissedShots,Head,Chipped,Home
2025,2526,2025-11-01,Liverpool v Aston Villa,Liverpool,Andrew Robertson,Dominik Szoboszlai,0.05662696808576584,0.855,0.519000015258789,17,OpenPlay,BlockedShot,LeftFoot,HeadPass,Home
2025,2526,2025-11-01,Liverpool v Aston Villa,Liverpool,Mohamed Salah,Cody Gakpo,0.02013007365167141,0.7530000305175781,0.43200000762939456,21,OpenPlay,MissedShots,LeftFoot,Pass,Home
2025,2526,2025-11-01,Liverpool v Aston Villa,Liverpool,Dominik Szoboszlai,,0.32155975699424744,0.8159999847412109,0.515,22,OpenPlay,SavedShot,LeftFoot,BallRecovery,Home
2025,2526,2025-11-01,Liverpool v Aston Villa,Liverpool,Dominik Szoboszlai,,0.0709388256072998,0.8090000152587891,0.705,32,DirectFreekick,SavedShot,RightFoot,Standard,Home
2025,2526,2025-11-01,Liverpool v Aston Villa,Liverpool,Cody Gakpo,Alexis Mac Allister,0.09435593336820602,0.845999984741211,0.544000015258789,35,OpenPlay,MissedShots,RightFoot,Pass,Home
2025,2526,2025-11-01,Liverpool v Aston Villa,Liverpool,Ibrahima Konaté,Andrew Robertson,0.17957918345928192,0.915,0.435,37,SetPiece,MissedShots,Head,Cross,Home
2025,2526,2025-11-01,Liverpool v Aston Villa,Liverpool,Cody Gakpo,Alexis Mac Allister,0.021985482424497604,0.7619999694824219,0.6580000305175782,37,OpenPlay,MissedShots,RightFoot,Pass,Home
2025,2526,2025-11-01,Liverpool v Aston Villa,Liverpool,Alexis Mac Allister,Ryan Gravenberch,0.09594360738992691,0.9059999847412109,0.3659999847412109,42,OpenPlay,BlockedShot,RightFoot,Pass,Home
2025,2526,2025-11-01,Liverpool v Aston Villa,Liverpool,Mohamed Salah,,0.2812313437461853,0.8590000152587891,0.28299999237060547,45,OpenPlay,Goal,RightFoot,None,Home
2025,2526,2025-11-01,Liverpool v Aston Villa,Liverpool,Conor Bradley,,0.014446502551436424,0.725,0.46799999237060547,48,FromCorner,MissedShots,RightFoot,None,Home
2025,2526,2025-11-01,Liverpool v Aston Villa,Liverpool,Ryan Gravenberch,Alexis Mac Allister,0.0752357691526413,0.8130000305175781,0.4829999923706055,57,OpenPlay,Goal,LeftFoot,Pass,Home
2025,2526,2025-11-01,Liverpool v Aston Villa,Liverpool,Mohamed Salah,Dominik Szoboszlai,0.0905098244547844,0.8240000152587891,0.44799999237060545,62,OpenPlay,BlockedShot,LeftFoot,Pass,Home
2025,2526,2025-11-01,Liverpool v Aston Villa,Liverpool,Cody Gakpo,Florian Wirtz,0.08136576414108276,0.8430000305175781,0.625999984741211,79,OpenPlay,BlockedShot,RightFoot,Pass,Home
2025,2526,2025-11-01,Liverpool v Aston Villa,Aston Villa,Morgan Rogers,Ollie Watkins,0.05503184720873833,0.8369999694824218,0.625999984741211,4,OpenPlay,ShotOnPost,RightFoot,Pass,Away
2025,2526,2025-11-01,Liverpool v Aston Villa,Aston Villa,Matthew Cash,Boubacar Kamara,0.017546281218528748,0.8190000152587891,0.18299999237060546,18,OpenPlay,SavedShot,RightFoot,Pass,Away
2025,2526,2025-11-01,Liverpool v Aston Villa,Aston Villa,Morgan Rogers,John McGinn,0.01868811622262001,0.7219999694824218,0.37200000762939456,20,OpenPlay,SavedShot,RightFoot,Pass,Away
2025,2526,2025-11-01,Liverpool v Aston Villa,Aston Villa,Evann Guessand,Morgan Rogers,0.09193339943885803,0.8490000152587891,0.48900001525878906,25,OpenPlay,BlockedShot,RightFoot,Pass,Away
2025,2526,2025-11-01,Liverpool v Aston Villa,Aston Villa,Matthew Cash,Lucas Digne,0.018016966059803963,0.7140000152587891,0.4620000076293945,39,SetPiece,MissedShots,RightFoot,Pass,Away
2025,2526,2025-11-01,Liverpool v Aston Villa,Aston Villa,Morgan Rogers,Matthew Cash,0.052194301038980484,0.92,0.3940000152587891,55,OpenPlay,MissedShots,Head,Cross,Away
2025,2526,2025-11-01,Liverpool v Aston Villa,Aston Villa,Ross Barkley,Amadou Onana,0.020390674471855164,0.76,0.39299999237060546,62,OpenPlay,SavedShot,RightFoot,Pass,Away
2025,2526,2025-11-01,Liverpool v Aston Villa,Aston Villa,Donyell Malen,Ross Barkley,0.057013943791389465,0.805,0.30700000762939456,69,OpenPlay,MissedShots,RightFoot,Pass,Away
2025,2526,2025-11-01,Liverpool v Aston Villa,Aston Villa,Ross Barkley,Jadon Sancho,0.08261272311210632,0.8669999694824219,0.624000015258789,78,OpenPlay,MissedShots,RightFoot,Pass,Away
2025,2526,2025-11-01,Liverpool v Aston Villa,Aston Villa,Jadon Sancho,Ian Maatsen,0.021591899916529655,0.775,0.6480000305175782,85,OpenPlay,MissedShots,RightFoot,Pass,Away
2025,2526,2025-11-02,West Ham v Newcastle United,West Ham,Jarrod Bowen,Crysencio Summerville,0.05905497819185257,0.840999984741211,0.6320000076293946,3,OpenPlay,ShotOnPost,LeftFoot,Pass,Home
2025,2526,2025-11-02,West Ham v Newcastle United,West Ham,Callum Wilson,,0.05216656252741814,0.914000015258789,0.28299999237060547,9,OpenPlay,SavedShot,RightFoot,TakeOn,Home
2025,2526,2025-11-02,West Ham v Newcastle United,West Ham,Lucas Paquetá,,0.05471275374293327,0.7430000305175781,0.590999984741211,30,DirectFreekick,SavedShot,LeftFoot,Standard,Home
2025,2526,2025-11-02,West Ham v Newcastle United,West Ham,Crysencio Summerville,Freddie Potts,0.030169211328029633,0.7959999847412109,0.590999984741211,31,FromCorner,BlockedShot,RightFoot,Cross,Home
2025,2526,2025-11-02,West Ham v Newcastle United,West Ham,Max Kilman,Freddie Potts,0.050646185874938965,0.894000015258789,0.47299999237060547,31,FromCorner,SavedShot,Head,Cross,Home
2025,2526,2025-11-02,West Ham v Newcastle United,West Ham,Lucas Paquetá,Mateus Fernandes,0.013196163810789585,0.715999984741211,0.6419999694824219,34,OpenPlay,Goal,LeftFoot,HeadPass,Home
2025,2526,2025-11-02,West Ham v Newcastle United,West Ham,Crysencio Summerville,Jarrod Bowen,0.13625472784042358,0.9319999694824219,0.3970000076293945,47,OpenPlay,MissedShots,RightFoot,Cross,Home
2025,2526,2025-11-02,West Ham v Newcastle United,West Ham,Crysencio Summerville,Mateus Fernandes,0.024515317752957344,0.764000015258789,0.625999984741211,48,OpenPlay,SavedShot,RightFoot,Pass,Home
2025,2526,2025-11-02,West Ham v Newcastle United,West Ham,Max Kilman,Mateus Fernandes,0.06075039505958557,0.8819999694824219,0.5159999847412109,67,FromCorner,BlockedShot,RightFoot,OffsidePass,Home
2025,2526,2025-11-02,West Ham v Newcastle United,West Ham,Jarrod Bowen,Max Kilman,0.040555234998464584,0.7219999694824218,0.38599998474121094,69,OpenPlay,SavedShot,LeftFoot,Pass,Home
2025,2526,2025-11-02,West Ham v Newcastle United,West Ham,Mateus Fernandes,Jarrod Bowen,0.14147116243839264,0.8590000152587891,0.45099998474121095,81,OpenPlay,BlockedShot,RightFoot,Pass,Home
2025,2526,2025-11-02,West Ham v Newcastle United,West Ham,Jarrod Bowen,,0.06272165477275848,0.874000015258789,0.6819999694824219,91,OpenPlay,MissedShots,LeftFoot,None,Home
2025,2526,2025-11-02,West Ham v Newcastle United,West Ham,Jarrod Bowen,Lucas Paquetá,0.3515913486480713,0.914000015258789,0.3559999847412109,96,OpenPlay,SavedShot,LeftFoot,Pass,Home
2025,2526,2025-11-02,West Ham v Newcastle United,West Ham,Tomas Soucek,,0.5182368755340576,0.9830000305175781,0.49599998474121093,96,OpenPlay,Goal,LeftFoot,Rebound,Home
2025,2526,2025-11-02,West Ham v Newcastle United,Newcastle United,Jacob Murphy,Bruno Guimarães,0.031023405492305756,0.8169999694824219,0.3220000076293945,3,OpenPlay,Goal,RightFoot,Pass,Away
2025,2526,2025-11-02,West Ham v Newcastle United,Newcastle United,Jacob Murphy,Nick Woltemade,0.07379021495580673,0.8809999847412109,0.315,18,OpenPlay,SavedShot,LeftFoot,Pass,Away
2025,2526,2025-11-02,West Ham v Newcastle United,Newcastle United,Jacob Murphy,,0.017253892496228218,0.754000015258789,0.44400001525878907,19,FromCorner,BlockedShot,RightFoot,None,Away
2025,2526,2025-11-02,West Ham v Newcastle United,Newcastle United,Anthony Gordon,Jacob Murphy,0.044645387679338455,0.8009999847412109,0.5220000076293946,38,OpenPlay,SavedShot,RightFoot,Pass,Away
2025,2526,2025-11-02,West Ham v Newcastle United,Newcastle United,Jacob Murphy,Bruno Guimarães,0.02087610773742199,0.730999984741211,0.39299999237060546,40,OpenPlay,MissedShots,LeftFoot,Pass,Away
2025,2526,2025-11-02,West Ham v Newcastle United,Newcastle United,Joelinton,Sven Botman,0.09248146414756775,0.89,0.685,45,OpenPlay,MissedShots,RightFoot,TakeOn,Away
2025,2526,2025-11-02,West Ham v Newcastle United,Newcastle United,Sven Botman,,0.0,0.11600000381469727,0.634000015258789,49,OpenPlay,OwnGoal,LeftFoot,None,Away
2025,2526,2025-11-02,West Ham v Newcastle United,Newcastle United,William Osula,,0.06474105268716812,0.9030000305175782,0.6220000076293946,53,OpenPlay,MissedShots,RightFoot,None,Away
2025,2526,2025-11-02,West Ham v Newcastle United,Newcastle United,Jacob Murphy,,0.04898160696029663,0.855999984741211,0.36400001525878906,63,OpenPlay,MissedShots,RightFoot,None,Away
2025,2526,2025-11-02,West Ham v Newcastle United,Newcastle United,Fabian Schär,Bruno Guimarães,0.011796807870268822,0.6730000305175782,0.40299999237060546,70,OpenPlay,BlockedShot,RightFoot,Pass,Away
2025,2526,2025-11-02,West Ham v Newcastle United,Newcastle United,Bruno Guimarães,,0.0436660535633564,0.8109999847412109,0.4640000152587891,77,OpenPlay,MissedShots,RightFoot,None,Away
2025,2526,2025-11-02,West Ham v Newcastle United,Newcastle United,Harvey Barnes,Bruno Guimarães,0.038282714784145355,0.8590000152587891,0.710999984741211,87,OpenPlay,MissedShots,RightFoot,Pass,Away
2025,2526,2025-11-02,West Ham v Newcastle United,Newcastle United,William Osula,Anthony Elanga,0.0360761396586895,0.9119999694824219,0.5540000152587891,89,OpenPlay,SavedShot,Head,Aerial,Away
2025,2526,2025-11-02,Manchester City v Bournemouth,Manchester City,Phil Foden,Jéremy Doku,0.06801222264766693,0.8980000305175782,0.6780000305175782,5,OpenPlay,BlockedShot,LeftFoot,Pass,Home
2025,2526,2025-11-02,Manchester City v Bournemouth,Manchester City,Erling Haaland,Nico González,0.035693611949682236,0.875999984741211,0.715999984741211,11,OpenPlay,SavedShot,RightFoot,Chipped,Home
2025,2526,2025-11-02,Manchester City v Bournemouth,Manchester City,Erling Haaland,Mathis Cherki,0.4629393517971039,0.8690000152587891,0.575,16,OpenPlay,Goal,LeftFoot,HeadPass,Home
2025,2526,2025-11-02,Manchester City v Bournemouth,Manchester City,Mathis Cherki,Jéremy Doku,0.1042516678571701,0.894000015258789,0.40200000762939453,28,OpenPlay,BlockedShot,LeftFoot,Pass,Home
2025,2526,2025-11-02,Manchester City v Bournemouth,Manchester City,Erling Haaland,Phil Foden,0.05994679406285286,0.9009999847412109,0.5320000076293945,29,FromCorner,MissedShots,Head,Cross,Home
2025,2526,2025-11-02,Manchester City v Bournemouth,Manchester City,Erling Haaland,Mathis Cherki,0.3222444951534271,0.919000015258789,0.6559999847412109,32,OpenPlay,Goal,LeftFoot,Throughball,Home
2025,2526,2025-11-02,Manchester City v Bournemouth,Manchester City,Nico O&#039;Reilly,Jéremy Doku,0.497580349445343,0.9580000305175781,0.6780000305175782,33,OpenPlay,BlockedShot,LeftFoot,TakeOn,Home
2025,2526,2025-11-02,Manchester City v Bournemouth,Manchester City,Erling Haaland,Jéremy Doku,0.3854687809944153,0.894000015258789,0.63,36,OpenPlay,SavedShot,LeftFoot,Pass,Home
2025,2526,2025-11-02,Manchester City v Bournemouth,Manchester City,Erling Haaland,Nico O&#039;Reilly,0.08816394209861755,0.9109999847412109,0.43200000762939456,47,OpenPlay,MissedShots,Head,Cross,Home
2025,2526,2025-11-02,Manchester City v Bournemouth,Manchester City,Mathis Cherki,,0.04770280793309212,0.7780000305175782,0.265,50,DirectFreekick,SavedShot,RightFoot,Standard,Home
2025,2526,2025-11-02,Manchester City v Bournemouth,Manchester City,Nico O&#039;Reilly,Phil Foden,0.09795011579990387,0.8680000305175781,0.610999984741211,59,OpenPlay,Goal,LeftFoot,Pass,Home
2025,2526,2025-11-02,Manchester City v Bournemouth,Manchester City,Mathis Cherki,Phil Foden,0.05318840593099594,0.8109999847412109,0.40700000762939453,66,OpenPlay,MissedShots,LeftFoot,Pass,Home
2025,2526,2025-11-02,Manchester City v Bournemouth,Manchester City,Tijjani Reijnders,Sávio,0.04372779652476311,0.855999984741211,0.285,77,OpenPlay,BlockedShot,RightFoot,Pass,Home
2025,2526,2025-11-02,Manchester City v Bournemouth,Manchester City,Omar Marmoush,Sávio,0.1435091197490692,0.9630000305175781,0.40200000762939453,87,OpenPlay,MissedShots,RightFoot,Pass,Home
2025,2526,2025-11-02,Manchester City v Bournemouth,Manchester City,Tijjani Reijnders,,0.07961319386959076,0.8540000152587891,0.425,93,OpenPlay,SavedShot,RightFoot,None,Home
2025,2526,2025-11-02,Manchester City v Bournemouth,Bournemouth,Tyler Adams,,0.636332631111145,0.9630000305175781,0.49,24,FromCorner,Goal,RightFoot,None,Away
2025,2526,2025-11-02,Manchester City v Bournemouth,Bournemouth,Antoine Semenyo,,0.009561375714838505,0.67,0.6580000305175782,34,OpenPlay,SavedShot,RightFoot,BallRecovery,Away
2025,2526,2025-11-02,Manchester City v Bournemouth,Bournemouth,Antoine Semenyo,Eli Junior Kroupi,0.009358790703117847,0.39,0.9259999847412109,48,OpenPlay,SavedShot,RightFoot,BallRecovery,Away
2025,2526,2025-11-02,Manchester City v Bournemouth,Bournemouth,Eli Junior Kroupi,David Brooks,0.1159868985414505,0.93,0.34200000762939453,50,OpenPlay,MissedShots,RightFoot,Pass,Away
2025,2526,2025-11-02,Manchester City v Bournemouth,Bournemouth,Eli Junior Kroupi,Alex Scott,0.08463409543037415,0.8519999694824218,0.5159999847412109,52,OpenPlay,SavedShot,RightFoot,Pass,Away
2025,2526,2025-11-02,Manchester City v Bournemouth,Bournemouth,David Brooks,,0.010999005287885666,0.6909999847412109,0.41900001525878905,58,OpenPlay,SavedShot,LeftFoot,BallRecovery,Away
2025,2526,2025-11-02,Manchester City v Bournemouth,Bournemouth,Adrien Truffert,Lewis Cook,0.017871005460619926,0.8490000152587891,0.6790000152587891,65,OpenPlay,MissedShots,LeftFoot,Chipped,Away
2025,2526,2025-11-02,Manchester City v Bournemouth,Bournemouth,Marcus Tavernier,Marcos Senesi,0.01510248426347971,0.7369999694824219,0.39099998474121095,91,OpenPlay,BlockedShot,RightFoot,Pass,Away
2025,2526,2025-11-03,Sunderland v Everton,Sunderland,Bertrand Traoré,,0.01057247631251812,0.730999984741211,0.5920000076293945,13,OpenPlay,MissedShots,LeftFoot,Aerial,Home
2025,2526,2025-11-03,Sunderland v Everton,Sunderland,Bertrand Traoré,,0.05167042464017868,0.8919999694824219,0.3370000076293945,34,OpenPlay,BlockedShot,LeftFoot,None,Home
2025,2526,2025-11-03,Sunderland v Everton,Sunderland,Lutsharel Geertruida,,0.03191986307501793,0.785,0.5679999923706055,35,OpenPlay,MissedShots,RightFoot,None,Home
2025,2526,2025-11-03,Sunderland v Everton,Sunderland,Wilson Isidor,Enzo Le Fée,0.08110883831977844,0.88,0.5409999847412109,38,OpenPlay,BlockedShot,RightFoot,Pass,Home
2025,2526,2025-11-03,Sunderland v Everton,Sunderland,Nordi Mukiele,Trai Hume,0.03561556339263916,0.8369999694824218,0.3029999923706055,40,OpenPlay,BlockedShot,LeftFoot,Pass,Home
2025,2526,2025-11-03,Sunderland v Everton,Sunderland,Bertrand Traoré,Granit Xhaka,0.08778373152017593,0.8669999694824219,0.37599998474121094,41,SetPiece,BlockedShot,LeftFoot,TakeOn,Home
2025,2526,2025-11-03,Sunderland v Everton,Sunderland,Dan Ballard,Nordi Mukiele,0.05100589245557785,0.945,0.5620000076293945,43,OpenPlay,MissedShots,Head,Aerial,Home
2025,2526,2025-11-03,Sunderland v Everton,Sunderland,Enzo Le Fée,Granit Xhaka,0.04323133826255798,0.86,0.6869999694824219,45,OpenPlay,BlockedShot,RightFoot,Pass,Home
2025,2526,2025-11-03,Sunderland v Everton,Sunderland,Granit Xhaka,Enzo Le Fée,0.03632388636469841,0.8159999847412109,0.6090000152587891,45,OpenPlay,Goal,LeftFoot,Pass,Home
2025,2526,2025-11-03,Sunderland v Everton,Sunderland,Enzo Le Fée,Granit Xhaka,0.02306554652750492,0.7480000305175781,0.5979999923706054,48,OpenPlay,MissedShots,RightFoot,Pass,Home
2025,2526,2025-11-03,Sunderland v Everton,Sunderland,Reinildo,Dan Ballard,0.06001298129558563,0.9230000305175782,0.6719999694824219,62,SetPiece,BlockedShot,LeftFoot,Pass,Home
2025,2526,2025-11-03,Sunderland v Everton,Sunderland,Noah Sadiki,Trai Hume,0.04510537162423134,0.830999984741211,0.38799999237060545,62,SetPiece,MissedShots,LeftFoot,Pass,Home
2025,2526,2025-11-03,Sunderland v Everton,Sunderland,Wilson Isidor,Bertrand Traoré,0.1470508724451065,0.8730000305175781,0.675,70,OpenPlay,MissedShots,LeftFoot,TakeOn,Home
2025,2526,2025-11-03,Sunderland v Everton,Sunderland,Dan Ballard,Granit Xhaka,0.0748179629445076,0.960999984741211,0.549000015258789,73,FromCorner,BlockedShot,Head,Aerial,Home
2025,2526,2025-11-03,Sunderland v Everton,Sunderland,Wilson Isidor,,0.08996258676052094,0.9,0.42400001525878905,76,OpenPlay,SavedShot,RightFoot,None,Home
2025,2526,2025-11-03,Sunderland v Everton,Sunderland,Trai Hume,Noah Sadiki,0.061519380658864975,0.935,0.44099998474121094,80,OpenPlay,SavedShot,Head,Aerial,Home
2025,2526,2025-11-03,Sunderland v Everton,Sunderland,Nordi Mukiele,Granit Xhaka,0.24991720914840698,0.914000015258789,0.475,80,FromCorner,MissedShots,Head,Cross,Home
2025,2526,2025-11-03,Sunderland v Everton,Everton,James Garner,,0.015835778787732124,0.735,0.47700000762939454,0,OpenPlay,MissedShots,LeftFoot,None,Away
2025,2526,2025-11-03,Sunderland v Everton,Everton,Iliman Ndiaye,Kiernan Dewsbury-Hall,0.11078234761953354,0.884000015258789,0.5740000152587891,6,OpenPlay,BlockedShot,LeftFoot,Pass,Away
2025,2526,2025-11-03,Sunderland v Everton,Everton,Thierno Barry,Idrissa Gueye,0.08729657530784607,0.889000015258789,0.3559999847412109,6,OpenPlay,BlockedShot,RightFoot,Pass,Away
2025,2526,2025-11-03,Sunderland v Everton,Everton,Iliman Ndiaye,,0.06607402116060257,0.840999984741211,0.49200000762939455,14,OpenPlay,Goal,LeftFoot,None,Away
2025,2526,2025-11-03,Sunderland v Everton,Everton,Jack Grealish,Idrissa Gueye,0.032973360270261765,0.7609999847412109,0.549000015258789,21,OpenPlay,ShotOnPost,RightFoot,Pass,Away
2025,2526,2025-11-03,Sunderland v Everton,Everton,Kiernan Dewsbury-Hall,,0.09078823775053024,0.8430000305175781,0.5029999923706054,22,OpenPlay,BlockedShot,LeftFoot,BallTouch,Away
2025,2526,2025-11-03,Sunderland v Everton,Everton,Thierno Barry,Jack Grealish,0.5852937698364258,0.97,0.445,27,OpenPlay,MissedShots,RightFoot,Cross,Away
2025,2526,2025-11-03,Sunderland v Everton,Everton,Vitalii Mykolenko,,0.018370816484093666,0.8,0.740999984741211,84,OpenPlay,SavedShot,LeftFoot,BallRecovery,Away
2025,2526,2025-11-08,Tottenham v Manchester United,Tottenham,Xavi Simons,,0.04628419131040573,0.8040000152587891,0.5,0,OpenPlay,BlockedShot,RightFoot,None,Home
2025,2526,2025-11-08,Tottenham v Manchester United,Tottenham,Richarlison,Brennan Johnson,0.30131447315216064,0.9119999694824219,0.4909999847412109,15,OpenPlay,MissedShots,OtherBodyPart,Cross,Home
2025,2526,2025-11-08,Tottenham v Manchester United,Tottenham,Pape Sarr,,0.011362091638147831,0.7569999694824219,0.3579999923706055,16,OpenPlay,MissedShots,RightFoot,Aerial,Home
2025,2526,2025-11-08,Tottenham v Manchester United,Tottenham,Cristian Romero,Wilson Odobert,0.48611223697662354,0.9330000305175781,0.505,53,OpenPlay,SavedShot,RightFoot,Cross,Home
2025,2526,2025-11-08,Tottenham v Manchester United,Tottenham,João Palhinha,,0.07611942291259766,0.875,0.5270000076293946,55,SetPiece,SavedShot,RightFoot,None,Home
2025,2526,2025-11-08,Tottenham v Manchester United,Tottenham,Richarlison,Iyenoma Destiny Udogie,0.02496527135372162,0.8280000305175781,0.73,81,OpenPlay,BlockedShot,RightFoot,Pass,Home
2025,2526,2025-11-08,Tottenham v Manchester United,Tottenham,Mathys Tel,Iyenoma Destiny Udogie,0.09045909345149994,0.8919999694824219,0.54,83,OpenPlay,Goal,RightFoot,Cross,Home
2025,2526,2025-11-08,Tottenham v Manchester United,Tottenham,Mathys Tel,Wilson Odobert,0.08093001693487167,0.8859999847412109,0.575999984741211,88,OpenPlay,MissedShots,LeftFoot,Cross,Home
2025,2526,2025-11-08,Tottenham v Manchester United,Tottenham,Wilson Odobert,,0.018778178840875626,0.7809999847412109,0.6329999923706054,90,FromCorner,BlockedShot,RightFoot,None,Home
2025,2526,2025-11-08,Tottenham v Manchester United,Tottenham,Richarlison,Wilson Odobert,0.22318211197853088,0.904000015258789,0.5079999923706054,90,FromCorner,Goal,Head,Rebound,Home
2025,2526,2025-11-08,Tottenham v Manchester United,Manchester United,Matheus Cunha,,0.06043486297130585,0.9,0.3189999961853027,21,OpenPlay,BlockedShot,RightFoot,BallRecovery,Away
2025,2526,2025-11-08,Tottenham v Manchester United,Manchester United,Bryan Mbeumo,Patrick Dorgu,0.11519385129213333,0.914000015258789,0.5,31,OpenPlay,MissedShots,Head,Cross,Away
2025,2526,2025-11-08,Tottenham v Manchester United,Manchester United,Bryan Mbeumo,Amad Diallo Traore,0.2692733407020569,0.9169999694824219,0.575,31,OpenPlay,Goal,Head,Cross,Away
2025,2526,2025-11-08,Tottenham v Manchester United,Manchester United,Bruno Fernandes,Amad Diallo Traore,0.13385501503944397,0.8440000152587891,0.4640000152587891,69,OpenPlay,MissedShots,RightFoot,Throughball,Away
2025,2526,2025-11-08,Tottenham v Manchester United,Manchester United,Matthijs de Ligt,Bruno Fernandes,0.24149881303310394,0.975,0.41900001525878905,95,FromCorner,Goal,Head,Cross,Away
2025,2526,2025-11-08,Everton v Fulham,Everton,Thierno Barry,Kiernan Dewsbury-Hall,0.1423896849155426,0.9169999694824219,0.53,1,OpenPlay,BlockedShot,RightFoot,Pass,Home
2025,2526,2025-11-08,Everton v Fulham,Everton,Thierno Barry,Iliman Ndiaye,0.30877310037612915,0.925,0.5509999847412109,6,OpenPlay,MissedShots,Head,Cross,Home
2025,2526,2025-11-08,Everton v Fulham,Everton,James Garner,,0.034093886613845825,0.6880000305175781,0.5220000076293946,10,DirectFreekick,SavedShot,RightFoot,Standard,Home
2025,2526,2025-11-08,Everton v Fulham,Everton,Iliman Ndiaye,Jack Grealish,0.03421821445226669,0.7830000305175782,0.4879999923706055,26,FromCorner,MissedShots,LeftFoot,Pass,Home
2025,2526,2025-11-08,Everton v Fulham,Everton,James Garner,,0.058566540479660034,0.7830000305175782,0.6969999694824218,27,DirectFreekick,BlockedShot,RightFoot,Standard,Home
2025,2526,2025-11-08,Everton v Fulham,Everton,James Garner,Jack Grealish,0.0386519581079483,0.794000015258789,0.56,45,OpenPlay,BlockedShot,RightFoot,Pass,Home
2025,2526,2025-11-08,Everton v Fulham,Everton,James Tarkowski,Vitalii Mykolenko,0.09735120832920074,0.9519999694824218,0.4540000152587891,48,OpenPlay,SavedShot,Head,Aerial,Home
2025,2526,2025-11-08,Everton v Fulham,Everton,Idrissa Gueye,Tim Iroegbunam,0.5035977959632874,0.9490000152587891,0.5640000152587891,48,OpenPlay,Goal,RightFoot,BallTouch,Home
2025,2526,2025-11-08,Everton v Fulham,Everton,Idrissa Gueye,Jack Grealish,0.01953096129000187,0.759000015258789,0.7090000152587891,69,FromCorner,MissedShots,LeftFoot,Pass,Home
2025,2526,2025-11-08,Everton v Fulham,Everton,Kiernan Dewsbury-Hall,Idrissa Gueye,0.07717563211917877,0.8159999847412109,0.555,73,OpenPlay,MissedShots,RightFoot,Pass,Home
2025,2526,2025-11-08,Everton v Fulham,Everton,Michael Keane,Kiernan Dewsbury-Hall,0.4766758382320404,0.9540000152587891,0.46,80,FromCorner,Goal,OtherBodyPart,Cross,Home
2025,2526,2025-11-08,Everton v Fulham,Everton,James Garner,,0.05501439422369003,0.7759999847412109,0.3029999923706055,90,DirectFreekick,MissedShots,RightFoot,Standard,Home
2025,2526,2025-11-08,Everton v Fulham,Everton,Beto,James Garner,0.4444919526576996,0.9430000305175781,0.49900001525878906,93,FromCorner,BlockedShot,Head,Cross,Home
2025,2526,2025-11-08,Everton v Fulham,Everton,Jack Grealish,,0.015541906468570232,0.774000015258789,0.6880000305175781,93,FromCorner,SavedShot,RightFoot,None,Home
2025,2526,2025-11-08,Everton v Fulham,Fulham,Alex Iwobi,Kenny Tete,0.02971058338880539,0.8780000305175781,0.495,20,OpenPlay,SavedShot,Head,Aerial,Away
2025,2526,2025-11-08,Everton v Fulham,Fulham,Raúl Jiménez,Alex Iwobi,0.0975036770105362,0.8530000305175781,0.46099998474121096,33,OpenPlay,SavedShot,RightFoot,Pass,Away
2025,2526,2025-11-08,Everton v Fulham,Fulham,Raúl Jiménez,,0.16098062694072723,0.8159999847412109,0.4640000152587891,38,DirectFreekick,BlockedShot,RightFoot,Standard,Away
2025,2526,2025-11-08,Everton v Fulham,Fulham,Kevin,,0.016490474343299866,0.7680000305175781,0.6,38,SetPiece,BlockedShot,RightFoot,Rebound,Away
2025,2526,2025-11-08,Everton v Fulham,Fulham,Harry Wilson,Joshua King,0.02896733395755291,0.8440000152587891,0.26600000381469724,47,OpenPlay,BlockedShot,LeftFoot,Pass,Away
2025,2526,2025-11-08,Everton v Fulham,Fulham,Kevin,,0.011245734058320522,0.7730000305175782,0.6309999847412109,50,OpenPlay,MissedShots,RightFoot,Aerial,Away
2025,2526,2025-11-08,Everton v Fulham,Fulham,Rodrigo Muniz,Joshua King,0.03907432407140732,0.8590000152587891,0.3,59,OpenPlay,SavedShot,RightFoot,Pass,Away
2025,2526,2025-11-08,Everton v Fulham,Fulham,Adama Traoré,Sander Berge,0.043159447610378265,0.8680000305175781,0.28899999618530275,83,OpenPlay,SavedShot,RightFoot,Pass,Away
2025,2526,2025-11-08,West Ham v Burnley,West Ham,Jarrod Bowen,,0.0802018865942955,0.779000015258789,0.39799999237060546,8,DirectFreekick,BlockedShot,LeftFoot,Standard,Home
2025,2526,2025-11-08,West Ham v Burnley,West Ham,Jarrod Bowen,Callum Wilson,0.046733103692531586,0.8059999847412109,0.41900001525878905,36,OpenPlay,BlockedShot,LeftFoot,TakeOn,Home
2025,2526,2025-11-08,West Ham v Burnley,West Ham,Max Kilman,Freddie Potts,0.05305199697613716,0.899000015258789,0.45799999237060546,37,FromCorner,BlockedShot,Head,Cross,Home
2025,2526,2025-11-08,West Ham v Burnley,West Ham,Callum Wilson,Mateus Fernandes,0.07670740783214569,0.9540000152587891,0.4520000076293945,38,OpenPlay,BlockedShot,Head,Aerial,Home
2025,2526,2025-11-08,West Ham v Burnley,West Ham,Crysencio Summerville,Freddie Potts,0.029024221003055573,0.8059999847412109,0.644000015258789,39,FromCorner,BlockedShot,RightFoot,Cross,Home
2025,2526,2025-11-08,West Ham v Burnley,West Ham,Crysencio Summerville,Freddie Potts,0.06142665818333626,0.875,0.5840000152587891,43,FromCorner,BlockedShot,RightFoot,Pass,Home
2025,2526,2025-11-08,West Ham v Burnley,West Ham,Callum Wilson,,0.599071741104126,0.97,0.4859999847412109,43,FromCorner,Goal,Head,Rebound,Home
2025,2526,2025-11-08,West Ham v Burnley,West Ham,Lucas Paquetá,Jean-Clair Todibo,0.02197219245135784,0.784000015258789,0.6459999847412109,67,OpenPlay,BlockedShot,LeftFoot,Pass,Home
2025,2526,2025-11-08,West Ham v Burnley,West Ham,Lucas Paquetá,,0.013171653263270855,0.725999984741211,0.45599998474121095,67,OpenPlay,BlockedShot,RightFoot,Rebound,Home
2025,2526,2025-11-08,West Ham v Burnley,West Ham,Crysencio Summerville,Mateus Fernandes,0.06076519191265106,0.9130000305175782,0.7169999694824218,73,OpenPlay,MissedShots,LeftFoot,Pass,Home
2025,2526,2025-11-08,West Ham v Burnley,West Ham,Jarrod Bowen,Mateus Fernandes,0.020880695432424545,0.759000015258789,0.31799999237060544,75,OpenPlay,SavedShot,LeftFoot,Pass,Home
2025,2526,2025-11-08,West Ham v Burnley,West Ham,Lucas Paquetá,,0.022152546793222427,0.8490000152587891,0.28200000762939453,76,FromCorner,SavedShot,LeftFoot,None,Home
2025,2526,2025-11-08,West Ham v Burnley,West Ham,Tomas Soucek,,0.9669737219810486,0.9880000305175781,0.5429999923706055,76,FromCorner,Goal,OtherBodyPart,Rebound,Home
2025,2526,2025-11-08,West Ham v Burnley,West Ham,Tomas Soucek,Igor Julio,0.018099337816238403,0.715999984741211,0.355,86,OpenPlay,SavedShot,RightFoot,Pass,Home
2025,2526,2025-11-08,West Ham v Burnley,West Ham,Kyle Walker-Peters,,0.9731698632240295,0.9880000305175781,0.51,86,OpenPlay,Goal,RightFoot,Rebound,Home
2025,2526,2025-11-08,West Ham v Burnley,Burnley,Chimuanya Ugochukwu,Josh Cullen,0.02332703024148941,0.7519999694824219,0.555,24,OpenPlay,BlockedShot,RightFoot,Pass,Away
2025,2526,2025-11-08,West Ham v Burnley,Burnley,Loum Tchaouna,,0.031020179390907288,0.735,0.485,26,OpenPlay,BlockedShot,LeftFoot,None,Away
2025,2526,2025-11-08,West Ham v Burnley,Burnley,Chimuanya Ugochukwu,Jaidon Anthony,0.025540225207805634,0.89,0.5379999923706055,27,FromCorner,BlockedShot,Head,BallTouch,Away
2025,2526,2025-11-08,West Ham v Burnley,Burnley,Chimuanya Ugochukwu,,0.07785139232873917,0.875,0.46,27,FromCorner,BlockedShot,RightFoot,None,Away
2025,2526,2025-11-08,West Ham v Burnley,Burnley,Josh Cullen,Maxime Estève,0.02662341482937336,0.7830000305175782,0.4379999923706055,27,OpenPlay,BlockedShot,RightFoot,Pass,Away
2025,2526,2025-11-08,West Ham v Burnley,Burnley,Zian Flemming,,0.5144338011741638,0.9209999847412109,0.47099998474121096,34,OpenPlay,Goal,Head,Aerial,Away
2025,2526,2025-11-08,West Ham v Burnley,Burnley,Zian Flemming,Jaidon Anthony,0.043659407645463943,0.9059999847412109,0.45099998474121095,57,OpenPlay,MissedShots,Head,Chipped,Away
2025,2526,2025-11-08,West Ham v Burnley,Burnley,Jaidon Anthony,Quilindschy Hartman,0.061273735016584396,0.8619999694824219,0.6480000305175782,68,OpenPlay,BlockedShot,RightFoot,Pass,Away
2025,2526,2025-11-08,West Ham v Burnley,Burnley,Chimuanya Ugochukwu,Jacob Bruun Larsen,0.04225954785943031,0.8969999694824219,0.4420000076293945,68,OpenPlay,SavedShot,Head,Aerial,Away
2025,2526,2025-11-08,West Ham v Burnley,Burnley,Florentino Luís,Jaidon Anthony,0.01591072417795658,0.7559999847412109,0.35200000762939454,71,OpenPlay,BlockedShot,RightFoot,Pass,Away
2025,2526,2025-11-08,West Ham v Burnley,Burnley,Florentino Luís,Kyle Walker,0.19339396059513092,0.9180000305175782,0.4209999847412109,80,OpenPlay,SavedShot,Head,Cross,Away
2025,2526,2025-11-08,West Ham v Burnley,Burnley,Marcus Edwards,Lucas Pires,0.05464426055550575,0.91,0.5609999847412109,89,OpenPlay,SavedShot,Head,Aerial,Away
2025,2526,2025-11-08,West Ham v Burnley,Burnley,Jacob Bruun Larsen,,0.038614582270383835,0.7269999694824218,0.3270000076293945,91,DirectFreekick,SavedShot,RightFoot,Standard,Away
2025,2526,2025-11-08,West Ham v Burnley,Burnley,Jacob Bruun Larsen,,0.045990101993083954,0.795,0.7709999847412109,93,DirectFreekick,MissedShots,RightFoot,Standard,Away
2025,2526,2025-11-08,West Ham v Burnley,Burnley,Hannibal Mejbri,,0.006004628259688616,0.72,0.8019999694824219,95,OpenPlay,SavedShot,RightFoot,None,Away
2025,2526,2025-11-08,West Ham v Burnley,Burnley,Josh Cullen,,0.6783044338226318,0.9669999694824218,0.5179999923706055,96,OpenPlay,Goal,RightFoot,Rebound,Away
2025,2526,2025-11-08,Sunderland v Arsenal,Sunderland,Wilson Isidor,Noah Sadiki,0.057769775390625,0.9230000305175782,0.6869999694824219,27,OpenPlay,MissedShots,LeftFoot,Pass,Home
2025,2526,2025-11-08,Sunderland v Arsenal,Sunderland,Dan Ballard,Nordi Mukiele,0.42257362604141235,0.924000015258789,0.4209999847412109,35,SetPiece,Goal,RightFoot,HeadPass,Home
2025,2526,2025-11-08,Sunderland v Arsenal,Sunderland,Wilson Isidor,Noah Sadiki,0.10526993870735168,0.855999984741211,0.580999984741211,48,OpenPlay,BlockedShot,RightFoot,Pass,Home
2025,2526,2025-11-08,Sunderland v Arsenal,Sunderland,Nordi Mukiele,Enzo Le Fée,0.03525031358003616,0.88,0.6719999694824219,53,FromCorner,MissedShots,RightFoot,Pass,Home
2025,2526,2025-11-08,Sunderland v Arsenal,Sunderland,Enzo Le Fée,Lutsharel Geertruida,0.09464927017688751,0.860999984741211,0.575,61,OpenPlay,BlockedShot,RightFoot,Pass,Home
2025,2526,2025-11-08,Sunderland v Arsenal,Sunderland,Brian Brobbey,,0.48943451046943665,0.9230000305175782,0.545,93,OpenPlay,Goal,RightFoot,None,Home
2025,2526,2025-11-08,Sunderland v Arsenal,Arsenal,Declan Rice,,0.04448750987648964,0.7469999694824219,0.6840000152587891,15,DirectFreekick,SavedShot,RightFoot,Standard,Away
2025,2526,2025-11-08,Sunderland v Arsenal,Arsenal,Declan Rice,Eberechi Eze,0.027908755466341972,0.76,0.49900001525878906,17,FromCorner,MissedShots,RightFoot,Pass,Away
2025,2526,2025-11-08,Sunderland v Arsenal,Arsenal,Eberechi Eze,,0.05516469478607178,0.8119999694824219,0.47200000762939454,23,OpenPlay,MissedShots,LeftFoot,BallRecovery,Away
2025,2526,2025-11-08,Sunderland v Arsenal,Arsenal,Bukayo Saka,,0.10897250473499298,0.8859999847412109,0.3870000076293945,34,OpenPlay,SavedShot,LeftFoot,TakeOn,Away
2025,2526,2025-11-08,Sunderland v Arsenal,Arsenal,Eberechi Eze,Gabriel,0.07462900876998901,0.874000015258789,0.45,45,OpenPlay,BlockedShot,LeftFoot,BallTouch,Away
2025,2526,2025-11-08,Sunderland v Arsenal,Arsenal,William Saliba,Bukayo Saka,0.3904856741428375,0.8919999694824219,0.49900001525878906,47,OpenPlay,MissedShots,RightFoot,HeadPass,Away
2025,2526,2025-11-08,Sunderland v Arsenal,Arsenal,Martín Zubimendi,Declan Rice,0.06830260902643204,0.86,0.3940000152587891,49,OpenPlay,SavedShot,LeftFoot,Pass,Away
2025,2526,2025-11-08,Sunderland v Arsenal,Arsenal,Bukayo Saka,Martín Zubimendi,0.06152962148189545,0.9030000305175782,0.675,51,OpenPlay,MissedShots,LeftFoot,Pass,Away
2025,2526,2025-11-08,Sunderland v Arsenal,Arsenal,Bukayo Saka,Mikel Merino,0.31469205021858215,0.904000015258789,0.3579999923706055,53,OpenPlay,Goal,RightFoot,Pass,Away
2025,2526,2025-11-08,Sunderland v Arsenal,Arsenal,Martín Zubimendi,Leandro Trossard,0.13941779732704163,0.9330000305175781,0.5820000076293945,57,OpenPlay,MissedShots,LeftFoot,Throughball,Away
2025,2526,2025-11-08,Sunderland v Arsenal,Arsenal,Eberechi Eze,,0.07960227131843567,0.8619999694824219,0.4929999923706055,60,OpenPlay,SavedShot,LeftFoot,None,Away
2025,2526,2025-11-08,Sunderland v Arsenal,Arsenal,Martín Zubimendi,,0.06332814693450928,0.8369999694824218,0.47299999237060547,64,OpenPlay,BlockedShot,RightFoot,None,Away
2025,2526,2025-11-08,Sunderland v Arsenal,Arsenal,Eberechi Eze,,0.07403790950775146,0.8640000152587891,0.5559999847412109,64,OpenPlay,BlockedShot,RightFoot,Rebound,Away
2025,2526,2025-11-08,Sunderland v Arsenal,Arsenal,Leandro Trossard,Martín Zubimendi,0.0327565036714077,0.815,0.6759999847412109,73,OpenPlay,Goal,RightFoot,Pass,Away
2025,2526,2025-11-08,Sunderland v Arsenal,Arsenal,Declan Rice,,0.006972229573875666,0.47099998474121096,0.47400001525878904,89,OpenPlay,MissedShots,RightFoot,None,Away
2025,2526,2025-11-08,Sunderland v Arsenal,Arsenal,Riccardo Calafiori,Bukayo Saka,0.39277902245521545,0.9680000305175781,0.57,96,OpenPlay,SavedShot,Head,Cross,Away
2025,2526,2025-11-08,Sunderland v Arsenal,Arsenal,Mikel Merino,,0.6571856737136841,0.950999984741211,0.49900001525878906,96,OpenPlay,BlockedShot,RightFoot,Rebound,Away
2025,2526,2025-11-08,Chelsea v Wolverhampton Wanderers,Chelsea,Enzo Fernández,,0.04931047931313515,0.8619999694824219,0.8290000152587891,2,DirectFreekick,SavedShot,RightFoot,Standard,Home
2025,2526,2025-11-08,Chelsea v Wolverhampton Wanderers,Chelsea,Alejandro Garnacho,Enzo Fernández,0.3060123026371002,0.875999984741211,0.55,4,OpenPlay,SavedShot,RightFoot,Chipped,Home
2025,2526,2025-11-08,Chelsea v Wolverhampton Wanderers,Chelsea,Marc Cucurella,João Pedro,0.021483389660716057,0.8,0.6780000305175782,6,OpenPlay,BlockedShot,LeftFoot,HeadPass,Home
2025,2526,2025-11-08,Chelsea v Wolverhampton Wanderers,Chelsea,Enzo Fernández,Marc Cucurella,0.019800961017608643,0.879000015258789,0.5420000076293945,6,OpenPlay,MissedShots,Head,Rebound,Home
2025,2526,2025-11-08,Chelsea v Wolverhampton Wanderers,Chelsea,Liam Delap,Enzo Fernández,0.08269510418176651,0.8530000305175781,0.40799999237060547,9,OpenPlay,BlockedShot,LeftFoot,Pass,Home
2025,2526,2025-11-08,Chelsea v Wolverhampton Wanderers,Chelsea,Marc Cucurella,,0.016090424731373787,0.735,0.505,14,OpenPlay,MissedShots,LeftFoot,None,Home
2025,2526,2025-11-08,Chelsea v Wolverhampton Wanderers,Chelsea,Enzo Fernández,,0.03748130053281784,0.84,0.6819999694824219,21,OpenPlay,SavedShot,RightFoot,None,Home
2025,2526,2025-11-08,Chelsea v Wolverhampton Wanderers,Chelsea,Wesley Fofana,Pedro Neto,0.0933707132935524,0.9319999694824219,0.41400001525878904,22,FromCorner,BlockedShot,LeftFoot,Pass,Home
2025,2526,2025-11-08,Chelsea v Wolverhampton Wanderers,Chelsea,Alejandro Garnacho,Pedro Neto,0.021857237443327904,0.8180000305175781,0.6940000152587891,28,OpenPlay,BlockedShot,RightFoot,Chipped,Home
2025,2526,2025-11-08,Chelsea v Wolverhampton Wanderers,Chelsea,Enzo Fernández,Alejandro Garnacho,0.08930312842130661,0.8469999694824218,0.5570000076293945,43,OpenPlay,BlockedShot,RightFoot,Pass,Home
2025,2526,2025-11-08,Chelsea v Wolverhampton Wanderers,Chelsea,João Pedro,,0.047618623822927475,0.8240000152587891,0.5129999923706055,43,OpenPlay,MissedShots,RightFoot,Rebound,Home
2025,2526,2025-11-08,Chelsea v Wolverhampton Wanderers,Chelsea,Malo Gusto,Alejandro Garnacho,0.6275765299797058,0.970999984741211,0.46599998474121096,50,OpenPlay,Goal,Head,Cross,Home
2025,2526,2025-11-08,Chelsea v Wolverhampton Wanderers,Chelsea,Liam Delap,João Pedro,0.052051376551389694,0.794000015258789,0.5620000076293945,53,OpenPlay,SavedShot,RightFoot,Pass,Home
2025,2526,2025-11-08,Chelsea v Wolverhampton Wanderers,Chelsea,João Pedro,,0.4630769193172455,0.9030000305175782,0.4829999923706055,64,OpenPlay,Goal,RightFoot,None,Home
2025,2526,2025-11-08,Chelsea v Wolverhampton Wanderers,Chelsea,Enzo Fernández,Moisés Caicedo,0.028427863493561745,0.7680000305175781,0.649000015258789,67,OpenPlay,MissedShots,RightFoot,Pass,Home
2025,2526,2025-11-08,Chelsea v Wolverhampton Wanderers,Chelsea,Pedro Neto,Alejandro Garnacho,0.693371593952179,0.9330000305175781,0.47400001525878904,72,OpenPlay,Goal,RightFoot,Pass,Home
2025,2526,2025-11-08,Chelsea v Wolverhampton Wanderers,Chelsea,João Pedro,Estêvão,0.11327524483203888,0.845,0.49400001525878906,77,OpenPlay,SavedShot,RightFoot,Pass,Home
2025,2526,2025-11-08,Chelsea v Wolverhampton Wanderers,Chelsea,Marc Guiu,,0.6160615682601929,0.9640000152587891,0.565,77,OpenPlay,ShotOnPost,LeftFoot,Rebound,Home
2025,2526,2025-11-08,Chelsea v Wolverhampton Wanderers,Chelsea,Marc Guiu,Estêvão,0.6195635199546814,0.9619999694824218,0.5579999923706055,81,OpenPlay,MissedShots,RightFoot,Pass,Home
2025,2526,2025-11-08,Chelsea v Wolverhampton Wanderers,Chelsea,Alejandro Garnacho,Jamie Bynoe-Gittens,0.05944950878620148,0.855999984741211,0.6930000305175781,90,OpenPlay,BlockedShot,RightFoot,Pass,Home
2025,2526,2025-11-08,Chelsea v Wolverhampton Wanderers,Wolverhampton Wanderers,Jean-Ricner Bellegarde,Hugo Bueno,0.017681078985333443,0.7280000305175781,0.49400001525878906,60,OpenPlay,MissedShots,RightFoot,Pass,Away
2025,2526,2025-11-08,Chelsea v Wolverhampton Wanderers,Wolverhampton Wanderers,Marshall Munetsi,,0.018142780289053917,0.76,0.3970000076293945,84,OpenPlay,MissedShots,RightFoot,BallRecovery,Away
2025,2526,2025-11-08,Chelsea v Wolverhampton Wanderers,Wolverhampton Wanderers,Jørgen Strand Larsen,Mateus Mané,0.07563845068216324,0.8919999694824219,0.655,88,OpenPlay,MissedShots,LeftFoot,Pass,Away
2025,2526,2025-11-09,Aston Villa v Bournemouth,Aston Villa,Matthew Cash,Boubacar Kamara,0.012750689871609211,0.7759999847412109,0.22600000381469726,8,OpenPlay,SavedShot,RightFoot,Chipped,Home
2025,2526,2025-11-09,Aston Villa v Bournemouth,Aston Villa,Boubacar Kamara,John McGinn,0.03002811037003994,0.794000015258789,0.35400001525878905,11,OpenPlay,SavedShot,RightFoot,Pass,Home
2025,2526,2025-11-09,Aston Villa v Bournemouth,Aston Villa,Emiliano Buendía,,0.01871608942747116,0.779000015258789,0.37200000762939456,12,FromCorner,BlockedShot,RightFoot,None,Home
2025,2526,2025-11-09,Aston Villa v Bournemouth,Aston Villa,Emiliano Buendía,,0.14401741325855255,0.8090000152587891,0.5379999923706055,27,DirectFreekick,Goal,RightFoot,Standard,Home
2025,2526,2025-11-09,Aston Villa v Bournemouth,Aston Villa,Ollie Watkins,John McGinn,0.06496938318014145,0.8859999847412109,0.6940000152587891,30,OpenPlay,BlockedShot,LeftFoot,Pass,Home
2025,2526,2025-11-09,Aston Villa v Bournemouth,Aston Villa,Ollie Watkins,John McGinn,0.09293962270021439,0.8680000305175781,0.61,34,OpenPlay,BlockedShot,LeftFoot,Pass,Home
2025,2526,2025-11-09,Aston Villa v Bournemouth,Aston Villa,Emiliano Buendía,,0.045138370245695114,0.909000015258789,0.4620000076293945,38,SetPiece,BlockedShot,Head,None,Home
2025,2526,2025-11-09,Aston Villa v Bournemouth,Aston Villa,Ollie Watkins,Emiliano Buendía,0.6885801553726196,0.9569999694824218,0.51,38,SetPiece,SavedShot,RightFoot,Rebound,Home
2025,2526,2025-11-09,Aston Villa v Bournemouth,Aston Villa,Amadou Onana,,0.03576555475592613,0.7709999847412109,0.610999984741211,39,OpenPlay,Goal,RightFoot,None,Home
2025,2526,2025-11-09,Aston Villa v Bournemouth,Aston Villa,John McGinn,,0.04351778328418732,0.8519999694824218,0.37599998474121094,63,FromCorner,SavedShot,LeftFoot,None,Home
2025,2526,2025-11-09,Aston Villa v Bournemouth,Aston Villa,Morgan Rogers,Emiliano Buendía,0.07218149304389954,0.8590000152587891,0.7319999694824219,69,OpenPlay,MissedShots,RightFoot,Chipped,Home
2025,2526,2025-11-09,Aston Villa v Bournemouth,Aston Villa,Ross Barkley,Lucas Digne,0.09701850265264511,0.975,0.4209999847412109,76,FromCorner,Goal,Head,Cross,Home
2025,2526,2025-11-09,Aston Villa v Bournemouth,Aston Villa,Youri Tielemans,Jadon Sancho,0.04359813034534454,0.8219999694824218,0.5170000076293946,81,FromCorner,BlockedShot,RightFoot,Pass,Home
2025,2526,2025-11-09,Aston Villa v Bournemouth,Aston Villa,Donyell Malen,Youri Tielemans,0.11906164139509201,0.9019999694824219,0.52,81,FromCorner,Goal,RightFoot,Rebound,Home
2025,2526,2025-11-09,Aston Villa v Bournemouth,Aston Villa,Donyell Malen,Evann Guessand,0.11249487847089767,0.8690000152587891,0.4109999847412109,86,OpenPlay,BlockedShot,LeftFoot,Pass,Home
2025,2526,2025-11-09,Aston Villa v Bournemouth,Aston Villa,Donyell Malen,Ross Barkley,0.2983167767524719,0.9159999847412109,0.675,87,OpenPlay,MissedShots,RightFoot,Pass,Home
2025,2526,2025-11-09,Aston Villa v Bournemouth,Bournemouth,Evanilson,Justin Kluivert,0.4246697425842285,0.899000015258789,0.529000015258789,2,OpenPlay,SavedShot,RightFoot,None,Away
2025,2526,2025-11-09,Aston Villa v Bournemouth,Bournemouth,Marcus Tavernier,,0.1725681871175766,0.8190000152587891,0.4809999847412109,24,DirectFreekick,MissedShots,LeftFoot,Standard,Away
2025,2526,2025-11-09,Aston Villa v Bournemouth,Bournemouth,Evanilson,,0.09221723675727844,0.9359999847412109,0.45799999237060546,43,SetPiece,MissedShots,RightFoot,None,Away
2025,2526,2025-11-09,Aston Villa v Bournemouth,Bournemouth,Justin Kluivert,Adrien Truffert,0.013155731372535229,0.764000015258789,0.665,45,OpenPlay,MissedShots,RightFoot,Pass,Away
2025,2526,2025-11-09,Aston Villa v Bournemouth,Bournemouth,Marcus Tavernier,Justin Kluivert,0.017240576446056366,0.7709999847412109,0.6780000305175782,46,OpenPlay,BlockedShot,LeftFoot,Pass,Away
2025,2526,2025-11-09,Aston Villa v Bournemouth,Bournemouth,Alejandro Jiménez,Marcus Tavernier,0.01407652348279953,0.7369999694824219,0.40200000762939453,48,OpenPlay,SavedShot,RightFoot,Pass,Away
2025,2526,2025-11-09,Aston Villa v Bournemouth,Bournemouth,Marcus Tavernier,Adrien Truffert,0.04468895494937897,0.8440000152587891,0.664000015258789,52,OpenPlay,BlockedShot,RightFoot,TakeOn,Away
2025,2526,2025-11-09,Aston Villa v Bournemouth,Bournemouth,Alex Scott,,0.10225466638803482,0.774000015258789,0.4909999847412109,54,OpenPlay,SavedShot,RightFoot,TakeOn,Away
2025,2526,2025-11-09,Aston Villa v Bournemouth,Bournemouth,Lewis Cook,,0.017054591327905655,0.75,0.5270000076293946,55,FromCorner,MissedShots,RightFoot,None,Away
2025,2526,2025-11-09,Aston Villa v Bournemouth,Bournemouth,Evanilson,Marcus Tavernier,0.23382064700126648,0.965,0.585,57,FromCorner,ShotOnPost,Head,Cross,Away
2025,2526,2025-11-09,Aston Villa v Bournemouth,Bournemouth,Adrien Truffert,Evanilson,0.07273682206869125,0.8880000305175781,0.5629999923706055,57,FromCorner,BlockedShot,LeftFoot,Pass,Away
2025,2526,2025-11-09,Aston Villa v Bournemouth,Bournemouth,Antoine Semenyo,,0.7611688375473022,0.885,0.5,66,Penalty,SavedShot,RightFoot,Standard,Away
2025,2526,2025-11-09,Aston Villa v Bournemouth,Bournemouth,David Brooks,Marcus Tavernier,0.04426249489188194,0.9419999694824219,0.6530000305175782,89,OpenPlay,BlockedShot,LeftFoot,Chipped,Away
2025,2526,2025-11-09,Brentford v Newcastle United,Brentford,Kevin Schade,Jordan Henderson,0.012477906420826912,0.9009999847412109,0.6329999923706054,6,OpenPlay,MissedShots,Head,Aerial,Home
2025,2526,2025-11-09,Brentford v Newcastle United,Brentford,Aaron Hickey,,0.055026035755872726,0.9569999694824218,0.33,16,SetPiece,SavedShot,RightFoot,None,Home
2025,2526,2025-11-09,Brentford v Newcastle United,Brentford,Aaron Hickey,,0.05720929056406021,0.850999984741211,0.5720000076293945,31,OpenPlay,BlockedShot,LeftFoot,None,Home
2025,2526,2025-11-09,Brentford v Newcastle United,Brentford,Jordan Henderson,,0.008566342294216156,0.7080000305175781,0.3220000076293945,33,SetPiece,MissedShots,RightFoot,None,Home
2025,2526,2025-11-09,Brentford v Newcastle United,Brentford,Nathan Collins,Michael Kayode,0.036709725856781006,0.919000015258789,0.5579999923706055,38,OpenPlay,MissedShots,Head,Aerial,Home
2025,2526,2025-11-09,Brentford v Newcastle United,Brentford,Yehor Yarmolyuk,Mikkel Damsgaard,0.0636940523982048,0.9159999847412109,0.3220000076293945,46,OpenPlay,SavedShot,RightFoot,Pass,Home
2025,2526,2025-11-09,Brentford v Newcastle United,Brentford,Sepp van den Berg,Mikkel Damsgaard,0.13116814196109772,0.960999984741211,0.5459999847412109,49,FromCorner,MissedShots,Head,Cross,Home
2025,2526,2025-11-09,Brentford v Newcastle United,Brentford,Kevin Schade,,0.45844361186027527,0.955,0.48,55,OpenPlay,Goal,Head,None,Home
2025,2526,2025-11-09,Brentford v Newcastle United,Brentford,Dango Ouattara,Mikkel Damsgaard,0.0672282874584198,0.8480000305175781,0.3160000038146973,57,OpenPlay,BlockedShot,LeftFoot,Pass,Home
2025,2526,2025-11-09,Brentford v Newcastle United,Brentford,Thiago,Jordan Henderson,0.05212536081671715,0.8569999694824219,0.669000015258789,64,OpenPlay,SavedShot,RightFoot,BallTouch,Home
2025,2526,2025-11-09,Brentford v Newcastle United,Brentford,Thiago,,0.7611688375473022,0.885,0.5,77,Penalty,Goal,RightFoot,Standard,Home
2025,2526,2025-11-09,Brentford v Newcastle United,Brentford,Mathias Jensen,Kevin Schade,0.031004400923848152,0.7569999694824219,0.549000015258789,93,OpenPlay,BlockedShot,LeftFoot,Pass,Home
2025,2526,2025-11-09,Brentford v Newcastle United,Brentford,Thiago,,0.3670084774494171,0.8619999694824219,0.5020000076293946,94,OpenPlay,Goal,RightFoot,None,Home
2025,2526,2025-11-09,Brentford v Newcastle United,Brentford,Sepp van den Berg,Nathan Collins,0.6064373254776001,0.960999984741211,0.5359999847412109,97,SetPiece,SavedShot,RightFoot,HeadPass,Home
2025,2526,2025-11-09,Brentford v Newcastle United,Brentford,Kevin Schade,Michael Kayode,0.029020199552178383,0.889000015258789,0.5159999847412109,97,OpenPlay,BlockedShot,Head,Aerial,Home
2025,2526,2025-11-09,Brentford v Newcastle United,Newcastle United,Bruno Guimarães,Harvey Barnes,0.04245259240269661,0.7659999847412109,0.3679999923706055,4,OpenPlay,MissedShots,RightFoot,Pass,Away
2025,2526,2025-11-09,Brentford v Newcastle United,Newcastle United,Harvey Barnes,,0.27107489109039307,0.9080000305175782,0.590999984741211,26,OpenPlay,Goal,LeftFoot,TakeOn,Away
2025,2526,2025-11-09,Brentford v Newcastle United,Newcastle United,Jacob Murphy,Jacob Ramsey,0.021656928583979607,0.765,0.355,57,OpenPlay,BlockedShot,RightFoot,Pass,Away
2025,2526,2025-11-09,Brentford v Newcastle United,Newcastle United,Harvey Barnes,Jacob Murphy,0.02224189229309559,0.7469999694824219,0.47,66,OpenPlay,MissedShots,RightFoot,Pass,Away
2025,2526,2025-11-09,Brentford v Newcastle United,Newcastle United,Malick Thiaw,Jacob Ramsey,0.07485067844390869,0.9009999847412109,0.5170000076293946,87,FromCorner,MissedShots,Head,Cross,Away
2025,2526,2025-11-09,Crystal Palace v Brighton,Crystal Palace,Jean-Philippe Mateta,Ismaila Sarr,0.08252443373203278,0.8730000305175781,0.3340000152587891,3,OpenPlay,MissedShots,RightFoot,Pass,Home
2025,2526,2025-11-09,Crystal Palace v Brighton,Crystal Palace,Ismaila Sarr,Jean-Philippe Mateta,0.05292787775397301,0.815,0.519000015258789,8,OpenPlay,SavedShot,RightFoot,Pass,Home
2025,2526,2025-11-09,Crystal Palace v Brighton,Crystal Palace,Jaydee Canvot,Ismaila Sarr,0.0723661407828331,0.8769999694824219,0.47900001525878905,31,FromCorner,MissedShots,RightFoot,Pass,Home
2025,2526,2025-11-09,Crystal Palace v Brighton,Crystal Palace,Adam Wharton,,0.04540743678808212,0.8080000305175781,0.4379999923706055,39,OpenPlay,MissedShots,LeftFoot,None,Home
2025,2526,2025-11-09,Crystal Palace v Brighton,Crystal Palace,Ismaila Sarr,Jean-Philippe Mateta,0.08478273451328278,0.92,0.5970000076293945,46,OpenPlay,MissedShots,RightFoot,Cross,Home
2025,2526,2025-11-09,Crystal Palace v Brighton,Crystal Palace,Daichi Kamada,,0.10305344313383102,0.9180000305175782,0.5679999923706055,54,OpenPlay,MissedShots,LeftFoot,None,Home
2025,2526,2025-11-09,Crystal Palace v Brighton,Crystal Palace,Daichi Kamada,Jefferson Lerma,0.09269770234823227,0.9330000305175781,0.6419999694824219,71,OpenPlay,MissedShots,LeftFoot,Pass,Home
2025,2526,2025-11-09,Crystal Palace v Brighton,Crystal Palace,Yeremi Pino,Tyrick Mitchell,0.13531440496444702,0.905,0.5359999847412109,81,OpenPlay,BlockedShot,RightFoot,Pass,Home
2025,2526,2025-11-09,Crystal Palace v Brighton,Crystal Palace,Yeremi Pino,Jefferson Lerma,0.04798769950866699,0.8919999694824219,0.6930000305175781,95,SetPiece,SavedShot,RightFoot,HeadPass,Home
2025,2526,2025-11-09,Crystal Palace v Brighton,Crystal Palace,Maxence Lacroix,Yeremi Pino,0.12248548120260239,0.935,0.5159999847412109,96,FromCorner,MissedShots,Head,Cross,Home
2025,2526,2025-11-09,Crystal Palace v Brighton,Brighton,Diego Gómez,,0.39874008297920227,0.8930000305175781,0.5720000076293945,7,FromCorner,SavedShot,RightFoot,None,Away
2025,2526,2025-11-09,Crystal Palace v Brighton,Brighton,Jan Paul van Hecke,Diego Gómez,0.010579416528344154,0.665,0.37099998474121093,12,OpenPlay,SavedShot,RightFoot,Pass,Away
2025,2526,2025-11-09,Crystal Palace v Brighton,Brighton,Yankuba Minteh,Diego Gómez,0.04330085963010788,0.8680000305175781,0.3029999923706055,34,OpenPlay,BlockedShot,LeftFoot,Pass,Away
2025,2526,2025-11-09,Crystal Palace v Brighton,Brighton,Yankuba Minteh,Diego Gómez,0.08240925520658493,0.875999984741211,0.32099998474121094,45,OpenPlay,MissedShots,LeftFoot,Pass,Away
2025,2526,2025-11-09,Crystal Palace v Brighton,Brighton,Diego Gómez,Yankuba Minteh,0.0557817704975605,0.9669999694824218,0.6070000076293945,45,OpenPlay,SavedShot,Head,Cross,Away
2025,2526,2025-11-09,Crystal Palace v Brighton,Brighton,Jan Paul van Hecke,Diego Gómez,0.02820642478764057,0.9169999694824219,0.44299999237060544,75,FromCorner,BlockedShot,Head,Aerial,Away
2025,2526,2025-11-09,Crystal Palace v Brighton,Brighton,Yasin Ayari,Mats Wieffer,0.018019266426563263,0.745999984741211,0.445,79,OpenPlay,BlockedShot,LeftFoot,Pass,Away
2025,2526,2025-11-09,Nottingham Forest v Leeds,Nottingham Forest,Morgan Gibbs-White,Ibrahim Sangare,0.03882503882050514,0.8019999694824219,0.6359999847412109,1,OpenPlay,SavedShot,RightFoot,TakeOn,Home
2025,2526,2025-11-09,Nottingham Forest v Leeds,Nottingham Forest,Ibrahim Sangare,,0.021172193810343742,0.78,0.41900001525878905,2,FromCorner,BlockedShot,RightFoot,None,Home
2025,2526,2025-11-09,Nottingham Forest v Leeds,Nottingham Forest,Igor Jesus,Neco Williams,0.11430178582668304,0.9259999847412109,0.5120000076293946,10,FromCorner,BlockedShot,Head,Cross,Home
2025,2526,2025-11-09,Nottingham Forest v Leeds,Nottingham Forest,Igor Jesus,Nicolás Domínguez,0.02206536941230297,0.8680000305175781,0.495,11,FromCorner,BlockedShot,Head,Cross,Home
2025,2526,2025-11-09,Nottingham Forest v Leeds,Nottingham Forest,Igor Jesus,,0.08092157542705536,0.8680000305175781,0.49200000762939455,11,FromCorner,BlockedShot,RightFoot,Rebound,Home
2025,2526,2025-11-09,Nottingham Forest v Leeds,Nottingham Forest,Ibrahim Sangare,,0.4757530689239502,0.9059999847412109,0.5020000076293946,14,OpenPlay,Goal,RightFoot,None,Home
2025,2526,2025-11-09,Nottingham Forest v Leeds,Nottingham Forest,Dan Ndoye,Nicolò Savona,0.02148604206740856,0.7919999694824219,0.24899999618530275,16,OpenPlay,MissedShots,LeftFoot,Pass,Home
2025,2526,2025-11-09,Nottingham Forest v Leeds,Nottingham Forest,Dan Ndoye,Nicolás Domínguez,0.08310680836439133,0.8880000305175781,0.63,18,OpenPlay,SavedShot,LeftFoot,Pass,Home
2025,2526,2025-11-09,Nottingham Forest v Leeds,Nottingham Forest,Igor Jesus,Nicolò Savona,0.04126284271478653,0.8969999694824219,0.4859999847412109,35,OpenPlay,MissedShots,Head,Aerial,Home
2025,2526,2025-11-09,Nottingham Forest v Leeds,Nottingham Forest,Morgan Gibbs-White,Neco Williams,0.016218850389122963,0.7290000152587891,0.585999984741211,45,OpenPlay,SavedShot,RightFoot,Pass,Home
2025,2526,2025-11-09,Nottingham Forest v Leeds,Nottingham Forest,Igor Jesus,Dan Ndoye,0.14855317771434784,0.9380000305175781,0.4879999923706055,47,OpenPlay,BlockedShot,RightFoot,Pass,Home
2025,2526,2025-11-09,Nottingham Forest v Leeds,Nottingham Forest,Morgan Gibbs-White,Omari Hutchinson,0.5530205965042114,0.9459999847412109,0.49,67,OpenPlay,Goal,Head,Cross,Home
2025,2526,2025-11-09,Nottingham Forest v Leeds,Nottingham Forest,Elliot Anderson,,0.7611688375473022,0.885,0.5,90,Penalty,Goal,RightFoot,Standard,Home
2025,2526,2025-11-09,Nottingham Forest v Leeds,Nottingham Forest,Omari Hutchinson,,0.11490415781736374,0.8530000305175781,0.34900001525878904,91,OpenPlay,BlockedShot,RightFoot,BallRecovery,Home
2025,2526,2025-11-09,Nottingham Forest v Leeds,Leeds,Lukas Nmecha,Brenden Aaronson,0.047116369009017944,0.850999984741211,0.3189999961853027,12,OpenPlay,Goal,RightFoot,Pass,Away
2025,2526,2025-11-09,Nottingham Forest v Leeds,Leeds,Brenden Aaronson,,0.02638077363371849,0.7859999847412109,0.45,52,SetPiece,MissedShots,RightFoot,None,Away
2025,2526,2025-11-09,Nottingham Forest v Leeds,Leeds,Brenden Aaronson,,0.023681974038481712,0.825,0.4590000152587891,64,FromCorner,BlockedShot,RightFoot,TakeOn,Away
2025,2526,2025-11-09,Nottingham Forest v Leeds,Leeds,Lukas Nmecha,,0.09295449405908585,0.955999984741211,0.5020000076293946,64,FromCorner,MissedShots,Head,Rebound,Away
2025,2526,2025-11-09,Nottingham Forest v Leeds,Leeds,Ethan Ampadu,Daniel James,0.021056337282061577,0.7769999694824219,0.38099998474121094,78,OpenPlay,BlockedShot,LeftFoot,Pass,Away
2025,2526,2025-11-09,Nottingham Forest v Leeds,Leeds,Daniel James,,0.023776691406965256,0.7759999847412109,0.4,78,OpenPlay,SavedShot,LeftFoot,BallTouch,Away
2025,2526,2025-11-09,Nottingham Forest v Leeds,Leeds,Gabriel Gudmundsson,,0.025432124733924866,0.8690000152587891,0.7809999847412109,78,OpenPlay,MissedShots,LeftFoot,Rebound,Away
2025,2526,2025-11-09,Nottingham Forest v Leeds,Leeds,Daniel James,Anton Stach,0.014600211754441261,0.7419999694824219,0.41200000762939454,79,OpenPlay,MissedShots,RightFoot,HeadPass,Away
2025,2526,2025-11-09,Nottingham Forest v Leeds,Leeds,Dominic Calvert-Lewin,Anton Stach,0.08842037618160248,0.9269999694824219,0.44400001525878907,84,FromCorner,MissedShots,Head,Cross,Away
2025,2526,2025-11-09,Nottingham Forest v Leeds,Leeds,Dominic Calvert-Lewin,Noah Okafor,0.058847472071647644,0.9069999694824219,0.5070000076293946,93,OpenPlay,SavedShot,Head,Aerial,Away
2025,2526,2025-11-09,Manchester City v Liverpool,Manchester City,Erling Haaland,,0.7611688375473022,0.885,0.5,12,Penalty,SavedShot,LeftFoot,Standard,Home
2025,2526,2025-11-09,Manchester City v Liverpool,Manchester City,Mathis Cherki,Jéremy Doku,0.10959988832473755,0.865,0.5159999847412109,17,OpenPlay,BlockedShot,LeftFoot,Pass,Home
2025,2526,2025-11-09,Manchester City v Liverpool,Manchester City,Jéremy Doku,,0.08880690485239029,0.9009999847412109,0.6669999694824219,25,OpenPlay,SavedShot,LeftFoot,TakeOn,Home
2025,2526,2025-11-09,Manchester City v Liverpool,Manchester City,Erling Haaland,Matheus Nunes,0.048707157373428345,0.9209999847412109,0.57,28,OpenPlay,Goal,Head,Aerial,Home
2025,2526,2025-11-09,Manchester City v Liverpool,Manchester City,Nico González,Jéremy Doku,0.014348422177135944,0.7330000305175781,0.715999984741211,42,OpenPlay,BlockedShot,RightFoot,Pass,Home
2025,2526,2025-11-09,Manchester City v Liverpool,Manchester City,Nico González,Bernardo Silva,0.030142296105623245,0.7530000305175781,0.5870000076293945,47,FromCorner,Goal,RightFoot,Pass,Home
2025,2526,2025-11-09,Manchester City v Liverpool,Manchester City,Mathis Cherki,Jéremy Doku,0.108863465487957,0.8830000305175781,0.3240000152587891,51,OpenPlay,BlockedShot,LeftFoot,Pass,Home
2025,2526,2025-11-09,Manchester City v Liverpool,Manchester City,Phil Foden,,0.05667459964752197,0.7569999694824219,0.3629999923706055,53,DirectFreekick,BlockedShot,LeftFoot,Standard,Home
2025,2526,2025-11-09,Manchester City v Liverpool,Manchester City,Jéremy Doku,Bernardo Silva,0.061771322041749954,0.86,0.68,54,OpenPlay,SavedShot,RightFoot,TakeOn,Home
2025,2526,2025-11-09,Manchester City v Liverpool,Manchester City,Jéremy Doku,Nico O&#039;Reilly,0.028723079711198807,0.784000015258789,0.6419999694824219,62,OpenPlay,Goal,RightFoot,Pass,Home
2025,2526,2025-11-09,Manchester City v Liverpool,Manchester City,Omar Marmoush,Erling Haaland,0.1073572114109993,0.8069999694824219,0.51,74,OpenPlay,BlockedShot,RightFoot,Pass,Home
2025,2526,2025-11-09,Manchester City v Liverpool,Manchester City,Nico O&#039;Reilly,Phil Foden,0.08192098140716553,0.865999984741211,0.66,81,OpenPlay,MissedShots,LeftFoot,Pass,Home
2025,2526,2025-11-09,Manchester City v Liverpool,Manchester City,Nico O&#039;Reilly,Omar Marmoush,0.06374752521514893,0.8969999694824219,0.6990000152587891,86,OpenPlay,MissedShots,LeftFoot,Pass,Home
2025,2526,2025-11-09,Manchester City v Liverpool,Manchester City,Phil Foden,Matheus Nunes,0.033584412187337875,0.794000015258789,0.27299999237060546,91,OpenPlay,MissedShots,LeftFoot,Pass,Home
2025,2526,2025-11-09,Manchester City v Liverpool,Liverpool,Mohamed Salah,,0.06731916964054108,0.9,0.33799999237060546,7,OpenPlay,BlockedShot,RightFoot,Dispossessed,Away
2025,2526,2025-11-09,Manchester City v Liverpool,Liverpool,Florian Wirtz,Mohamed Salah,0.020260868594050407,0.7419999694824219,0.6,30,OpenPlay,BlockedShot,RightFoot,Pass,Away
2025,2526,2025-11-09,Manchester City v Liverpool,Liverpool,Florian Wirtz,Mohamed Salah,0.08017046004533768,0.8530000305175781,0.5329999923706055,41,OpenPlay,BlockedShot,LeftFoot,Pass,Away
2025,2526,2025-11-09,Manchester City v Liverpool,Liverpool,Mohamed Salah,Hugo Ekitike,0.0730924978852272,0.9119999694824219,0.31,45,OpenPlay,BlockedShot,LeftFoot,Pass,Away
2025,2526,2025-11-09,Manchester City v Liverpool,Liverpool,Cody Gakpo,Conor Bradley,0.32727816700935364,0.96,0.6020000076293945,58,OpenPlay,MissedShots,LeftFoot,Pass,Away
2025,2526,2025-11-09,Manchester City v Liverpool,Liverpool,Dominik Szoboszlai,Mohamed Salah,0.015145179815590382,0.7809999847412109,0.33599998474121096,75,OpenPlay,SavedShot,RightFoot,Pass,Away
2025,2526,2025-11-09,Manchester City v Liverpool,Liverpool,Mohamed Salah,Milos Kerkez,0.44483527541160583,0.9019999694824219,0.3990000152587891,78,OpenPlay,MissedShots,LeftFoot,BallRecovery,Away
