League,season_id,Game,Team,Player,Season,game_id,Date,shot_id,Assist Player,xG,x,y,Minute,body_part,Situation,Result
Premier League,2526,Liverpool v Bournemouth,Bournemouth,Antoine Semenyo,2025,28778,2025-08-15,637503,Adrien Truffert,0.3169209659099579,0.9080000305175782,0.44400001525878907,5,Right Foot,Open Play,Missed Shot
Premier League,2526,Liverpool v Bournemouth,Bournemouth,Antoine Semenyo,2025,28778,2025-08-15,637519,David Brooks,0.42599424719810486,0.9080000305175782,0.5129999923706055,63,Left Foot,Open Play,Goal
Premier League,2526,Liverpool v Bournemouth,Bournemouth,Antoine Semenyo,2025,28778,2025-08-15,637523,Hamed Junior Traore,0.09559009969234467,0.825,0.4829999923706055,75,Left Foot,Open Play,Goal
Premier League,2526,Liverpool v Bournemouth,Bournemouth,David Brooks,2025,28778,2025-08-15,637509,,0.038630276918411255,0.855,0.685,41,Right Foot,Open Play,Blocked Shot
Premier League,2526,Liverpool v Bournemouth,Bournemouth,David Brooks,2025,28778,2025-08-15,637521,Marcus Tavernier,0.07709097117185593,0.8959999847412109,0.63,70,Left Foot,Open Play,Blocked Shot
Premier League,2526,Liverpool v Bournemouth,Bournemouth,Evanilson,2025,28778,2025-08-15,637504,David Brooks,0.071727454662323,0.9490000152587891,0.4109999847412109,9,,From Corner,Missed Shot
Premier League,2526,Liverpool v Bournemouth,Bournemouth,Evanilson,2025,28778,2025-08-15,637512,David Brooks,0.09731415659189224,0.8769999694824219,0.6559999847412109,48,Left Foot,Open Play,Missed Shot
Premier League,2526,Liverpool v Bournemouth,Bournemouth,Evanilson,2025,28778,2025-08-15,637522,Marcos Senesi,0.05321967601776123,0.9119999694824219,0.595,70,,Open Play,Missed Shot
Premier League,2526,Liverpool v Bournemouth,Bournemouth,Marcus Tavernier,2025,28778,2025-08-15,637506,Adam Smith,0.35100075602531433,0.87,0.5209999847412109,34,Right Foot,Open Play,Saved Shot
Premier League,2526,Liverpool v Bournemouth,Bournemouth,Marcus Tavernier,2025,28778,2025-08-15,637510,,0.045542508363723755,0.75,0.315,46,Left Foot,Direct Freekick,Blocked Shot
Premier League,2526,Liverpool v Bournemouth,Liverpool,Alexis Mac Allister,2025,28778,2025-08-15,637515,Florian Wirtz,0.027150798588991165,0.76,0.34799999237060547,51,Right Foot,Open Play,Saved Shot
Premier League,2526,Liverpool v Bournemouth,Liverpool,Cody Gakpo,2025,28778,2025-08-15,637514,Hugo Ekitike,0.0957067683339119,0.850999984741211,0.49200000762939455,48,Right Foot,Open Play,Goal
Premier League,2526,Liverpool v Bournemouth,Liverpool,Cody Gakpo,2025,28778,2025-08-15,637520,Dominik Szoboszlai,0.03299751132726669,0.8519999694824218,0.7609999847412109,69,Right Foot,Open Play,Saved Shot
Premier League,2526,Liverpool v Bournemouth,Liverpool,Cody Gakpo,2025,28778,2025-08-15,637526,,0.07005230337381363,0.909000015258789,0.624000015258789,87,Right Foot,Set Piece,Missed Shot
Premier League,2526,Liverpool v Bournemouth,Liverpool,Dominik Szoboszlai,2025,28778,2025-08-15,637517,,0.014567305333912373,0.7090000152587891,0.5570000076293945,53,Right Foot,Open Play,Missed Shot
Premier League,2526,Liverpool v Bournemouth,Liverpool,Dominik Szoboszlai,2025,28778,2025-08-15,637524,Curtis Jones,0.09390604496002197,0.855,0.4420000076293945,79,Left Foot,Open Play,Missed Shot
Premier League,2526,Liverpool v Bournemouth,Liverpool,Dominik Szoboszlai,2025,28778,2025-08-15,637525,Mohamed Salah,0.05117299035191536,0.865,0.33599998474121096,80,Right Foot,Open Play,Saved Shot
Premier League,2526,Liverpool v Bournemouth,Liverpool,Federico Chiesa,2025,28778,2025-08-15,637527,,0.09901324659585953,0.8980000305175782,0.534000015258789,87,Right Foot,Open Play,Goal
Premier League,2526,Liverpool v Bournemouth,Liverpool,Florian Wirtz,2025,28778,2025-08-15,637518,Dominik Szoboszlai,0.11103862524032593,0.84,0.45799999237060546,62,Right Foot,Open Play,Missed Shot
Premier League,2526,Liverpool v Bournemouth,Liverpool,Hugo Ekitike,2025,28778,2025-08-15,637500,Cody Gakpo,0.014601008035242558,0.7619999694824219,0.6990000152587891,2,Right Foot,Open Play,Saved Shot
Premier League,2526,Liverpool v Bournemouth,Liverpool,Hugo Ekitike,2025,28778,2025-08-15,637507,Alexis Mac Allister,0.40409132838249207,0.8909999847412109,0.524000015258789,36,Right Foot,Open Play,Goal
Premier League,2526,Liverpool v Bournemouth,Liverpool,Hugo Ekitike,2025,28778,2025-08-15,637508,Cody Gakpo,0.534849226474762,0.9419999694824219,0.4829999923706055,38,,Open Play,Missed Shot
Premier League,2526,Liverpool v Bournemouth,Liverpool,Hugo Ekitike,2025,28778,2025-08-15,637513,Florian Wirtz,0.1347046047449112,0.960999984741211,0.5209999847412109,46,,From Corner,Missed Shot
Premier League,2526,Liverpool v Bournemouth,Liverpool,Jeremie Frimpong,2025,28778,2025-08-15,637516,,0.015647554770112038,0.754000015258789,0.37200000762939456,52,Right Foot,From Corner,Blocked Shot
Premier League,2526,Liverpool v Bournemouth,Liverpool,Mohamed Salah,2025,28778,2025-08-15,637501,Hugo Ekitike,0.04265604913234711,0.855999984741211,0.3129999923706055,3,Left Foot,Open Play,Saved Shot
Premier League,2526,Liverpool v Bournemouth,Liverpool,Mohamed Salah,2025,28778,2025-08-15,637511,Cody Gakpo,0.11337560415267944,0.85,0.42700000762939455,47,Left Foot,Open Play,Blocked Shot
Premier League,2526,Liverpool v Bournemouth,Liverpool,Mohamed Salah,2025,28778,2025-08-15,637528,Wataru Endo,0.13890482485294342,0.899000015258789,0.6129999923706054,93,Right Foot,Open Play,Goal
Premier League,2526,Liverpool v Bournemouth,Liverpool,Virgil van Dijk,2025,28778,2025-08-15,637502,Mohamed Salah,0.25797542929649353,0.914000015258789,0.505,4,,From Corner,Missed Shot
Premier League,2526,Liverpool v Bournemouth,Liverpool,Virgil van Dijk,2025,28778,2025-08-15,637505,Florian Wirtz,0.0776621475815773,0.9119999694824219,0.5320000076293945,30,,From Corner,Saved Shot
Premier League,2526,Aston Villa v Newcastle United,Aston Villa,Boubacar Kamara,2025,28779,2025-08-16,637626,John McGinn,0.17516101896762848,0.9009999847412109,0.47299999237060547,46,,From Corner,Saved Shot
Premier League,2526,Aston Villa v Newcastle United,Aston Villa,Donyell Malen,2025,28779,2025-08-16,637632,Ollie Watkins,0.06348427385091782,0.894000015258789,0.265,86,Right Foot,Open Play,Saved Shot
Premier League,2526,Aston Villa v Newcastle United,Aston Villa,Ollie Watkins,2025,28779,2025-08-16,637627,Morgan Rogers,0.0799555703997612,0.8469999694824218,0.41700000762939454,64,Left Foot,Open Play,Saved Shot
Premier League,2526,Aston Villa v Newcastle United,Newcastle United,Anthony Elanga,2025,28779,2025-08-16,637618,Sandro Tonali,0.5098440051078796,0.8680000305175781,0.4329999923706055,2,Right Foot,Open Play,Saved Shot
Premier League,2526,Aston Villa v Newcastle United,Newcastle United,Anthony Elanga,2025,28779,2025-08-16,637622,Harvey Barnes,0.05925820395350456,0.9119999694824219,0.36200000762939455,12,Right Foot,Open Play,Missed Shot
Premier League,2526,Aston Villa v Newcastle United,Newcastle United,Anthony Gordon,2025,28779,2025-08-16,637619,,0.053771644830703735,0.8469999694824218,0.6480000305175782,2,Right Foot,Open Play,Blocked Shot
Premier League,2526,Aston Villa v Newcastle United,Newcastle United,Anthony Gordon,2025,28779,2025-08-16,637620,,0.020615313202142715,0.8480000305175781,0.6170000076293946,7,Right Foot,Set Piece,Blocked Shot
Premier League,2526,Aston Villa v Newcastle United,Newcastle United,Anthony Gordon,2025,28779,2025-08-16,637621,Harvey Barnes,0.4054856300354004,0.93,0.47,10,,Open Play,Missed Shot
Premier League,2526,Aston Villa v Newcastle United,Newcastle United,Anthony Gordon,2025,28779,2025-08-16,637623,Harvey Barnes,0.023262882605195045,0.784000015258789,0.6129999923706054,15,Right Foot,Set Piece,Saved Shot
Premier League,2526,Aston Villa v Newcastle United,Newcastle United,Anthony Gordon,2025,28779,2025-08-16,637624,Harvey Barnes,0.07491640001535416,0.8490000152587891,0.6509999847412109,26,Right Foot,Open Play,Blocked Shot
Premier League,2526,Aston Villa v Newcastle United,Newcastle United,Anthony Gordon,2025,28779,2025-08-16,637629,Valentino Livramento,0.015197288244962692,0.6769999694824219,0.5929999923706055,71,Right Foot,From Corner,Blocked Shot
Premier League,2526,Aston Villa v Newcastle United,Newcastle United,Anthony Gordon,2025,28779,2025-08-16,637634,Bruno Guimarães,0.010546272620558739,0.685,0.5109999847412109,90,Right Foot,Open Play,Saved Shot
Premier League,2526,Aston Villa v Newcastle United,Newcastle United,Fabian Schär,2025,28779,2025-08-16,637625,Valentino Livramento,0.014461319893598557,0.7380000305175781,0.34599998474121096,27,Right Foot,Open Play,Missed Shot
Premier League,2526,Aston Villa v Newcastle United,Newcastle United,Fabian Schär,2025,28779,2025-08-16,637628,Sandro Tonali,0.02261822111904621,0.7630000305175781,0.455,67,Right Foot,Set Piece,Missed Shot
Premier League,2526,Aston Villa v Newcastle United,Newcastle United,Fabian Schär,2025,28779,2025-08-16,637636,Kieran Trippier,0.005802980158478022,0.355,0.3089999961853027,96,Right Foot,Open Play,Missed Shot
Premier League,2526,Aston Villa v Newcastle United,Newcastle United,Harvey Barnes,2025,28779,2025-08-16,637630,Anthony Elanga,0.07132836431264877,0.8980000305175782,0.6090000152587891,72,Right Foot,Open Play,Blocked Shot
Premier League,2526,Aston Villa v Newcastle United,Newcastle United,Harvey Barnes,2025,28779,2025-08-16,637631,Anthony Elanga,0.04700176417827606,0.8019999694824219,0.46900001525878904,76,Right Foot,Open Play,Blocked Shot
Premier League,2526,Aston Villa v Newcastle United,Newcastle United,Harvey Barnes,2025,28779,2025-08-16,637633,Anthony Gordon,0.02660728245973587,0.825,0.685,87,Right Foot,Open Play,Missed Shot
Premier League,2526,Aston Villa v Newcastle United,Newcastle United,William Osula,2025,28779,2025-08-16,637635,Lewis Miley,0.040263328701257706,0.835999984741211,0.31799999237060544,93,Left Foot,Open Play,Blocked Shot
Premier League,2526,Brighton v Fulham,Brighton,Brajan Gruda,2025,28780,2025-08-16,638437,Diego Gómez,0.3136118948459625,0.919000015258789,0.3609999847412109,88,Right Foot,Open Play,Missed Shot
Premier League,2526,Brighton v Fulham,Brighton,Carlos Baleba,2025,28780,2025-08-16,638424,,0.019268060103058815,0.74,0.4640000152587891,13,Right Foot,Open Play,Missed Shot
Premier League,2526,Brighton v Fulham,Brighton,Diego Gómez,2025,28780,2025-08-16,638435,Matt O'Riley,0.02465054765343666,0.749000015258789,0.46,75,Right Foot,Open Play,Saved Shot
Premier League,2526,Brighton v Fulham,Brighton,Georginio Rutter,2025,28780,2025-08-16,638425,Maxim De Cuyper,0.022232800722122192,0.75,0.6320000076293946,25,Right Foot,Open Play,Saved Shot
Premier League,2526,Brighton v Fulham,Brighton,Georginio Rutter,2025,28780,2025-08-16,638427,Carlos Baleba,0.033206358551979065,0.7959999847412109,0.4490000152587891,37,Left Foot,Open Play,Blocked Shot
Premier League,2526,Brighton v Fulham,Brighton,Kaoru Mitoma,2025,28780,2025-08-16,638426,Matt O'Riley,0.08075278252363205,0.9330000305175781,0.5970000076293945,27,,Open Play,Missed Shot
Premier League,2526,Brighton v Fulham,Brighton,Lewis Dunk,2025,28780,2025-08-16,638436,Matt O'Riley,0.030780566856265068,0.9619999694824218,0.5870000076293945,86,,From Corner,Missed Shot
Premier League,2526,Brighton v Fulham,Brighton,Mats Wieffer,2025,28780,2025-08-16,638428,Maxim De Cuyper,0.013008378446102142,0.89,0.4229999923706055,42,,Set Piece,Saved Shot
Premier League,2526,Brighton v Fulham,Brighton,Matt O&#039;Riley,2025,28780,2025-08-16,638432,,0.7611688375473022,0.885,0.5,54,Left Foot,,Goal
Premier League,2526,Brighton v Fulham,Brighton,Yankuba Minteh,2025,28780,2025-08-16,638434,,0.1413981318473816,0.8969999694824219,0.40200000762939453,64,Left Foot,Open Play,Missed Shot
Premier League,2526,Brighton v Fulham,Fulham,Alex Iwobi,2025,28780,2025-08-16,638433,Joshua King,0.01406861376017332,0.7390000152587891,0.765,57,Right Foot,Open Play,Missed Shot
Premier League,2526,Brighton v Fulham,Fulham,Emile Smith-Rowe,2025,28780,2025-08-16,638438,Sasa Lukic,0.03846864774823189,0.7969999694824219,0.57,95,Right Foot,Open Play,Blocked Shot
Premier League,2526,Brighton v Fulham,Fulham,Harry Wilson,2025,28780,2025-08-16,638429,Alex Iwobi,0.04193772003054619,0.965999984741211,0.385,42,,Open Play,Missed Shot
Premier League,2526,Brighton v Fulham,Fulham,Joshua King,2025,28780,2025-08-16,638430,Alex Iwobi,0.09185106307268143,0.960999984741211,0.644000015258789,47,Left Foot,Open Play,Saved Shot
Premier League,2526,Brighton v Fulham,Fulham,Raúl Jiménez,2025,28780,2025-08-16,638423,Alex Iwobi,0.09471102803945541,0.93,0.644000015258789,1,Left Foot,Open Play,Missed Shot
Premier League,2526,Brighton v Fulham,Fulham,Raúl Jiménez,2025,28780,2025-08-16,638431,,0.15028366446495056,0.975999984741211,0.575,47,Right Foot,Open Play,Missed Shot
Premier League,2526,Brighton v Fulham,Fulham,Rodrigo Muniz,2025,28780,2025-08-16,638439,,0.48536622524261475,0.9490000152587891,0.5790000152587891,96,Left Foot,From Corner,Goal
Premier League,2526,Sunderland v West Ham,Sunderland,Dan Ballard,2025,28781,2025-08-16,637687,Granit Xhaka,0.024895744398236275,0.9730000305175781,0.6120000076293945,6,,From Corner,Missed Shot
Premier League,2526,Sunderland v West Ham,Sunderland,Dan Ballard,2025,28781,2025-08-16,637693,Granit Xhaka,0.03819282352924347,0.9519999694824218,0.610999984741211,43,,From Corner,Saved Shot
Premier League,2526,Sunderland v West Ham,Sunderland,Dan Ballard,2025,28781,2025-08-16,637695,Trai Hume,0.016691947355866432,0.960999984741211,0.600999984741211,57,,From Corner,Missed Shot
Premier League,2526,Sunderland v West Ham,Sunderland,Dan Ballard,2025,28781,2025-08-16,637698,,0.02813994511961937,0.9069999694824219,0.5420000076293945,72,,From Corner,Goal
Premier League,2526,Sunderland v West Ham,Sunderland,Eliezer Mayenda,2025,28781,2025-08-16,637692,,0.09001695364713669,0.9169999694824219,0.40900001525878904,43,Right Foot,From Corner,Blocked Shot
Premier League,2526,Sunderland v West Ham,Sunderland,Eliezer Mayenda,2025,28781,2025-08-16,637697,Omar Alderete,0.03667960315942764,0.9019999694824219,0.44299999237060544,60,,Open Play,Goal
Premier League,2526,Sunderland v West Ham,Sunderland,Habib Diarra,2025,28781,2025-08-16,637686,Eliezer Mayenda,0.30460771918296814,0.895,0.3340000152587891,5,Right Foot,Open Play,Saved Shot
Premier League,2526,Sunderland v West Ham,Sunderland,Habib Diarra,2025,28781,2025-08-16,637696,Simon Adingra,0.016927426680922508,0.7240000152587891,0.5209999847412109,59,Left Foot,Open Play,Missed Shot
Premier League,2526,Sunderland v West Ham,Sunderland,Simon Adingra,2025,28781,2025-08-16,637694,,0.07569392770528793,0.875,0.5790000152587891,47,Right Foot,Open Play,Missed Shot
Premier League,2526,Sunderland v West Ham,Sunderland,Wilson Isidor,2025,28781,2025-08-16,637704,Chemsdine Talbi,0.09252168238162994,0.850999984741211,0.715999984741211,91,Right Foot,Open Play,Goal
Premier League,2526,Sunderland v West Ham,West Ham,Callum Wilson,2025,28781,2025-08-16,637702,,0.02430039644241333,0.8869999694824219,0.5640000152587891,86,,Set Piece,Missed Shot
Premier League,2526,Sunderland v West Ham,West Ham,El Hadji Malick Diouf,2025,28781,2025-08-16,637685,,0.014434839598834515,0.7240000152587891,0.51,3,Left Foot,From Corner,Missed Shot
Premier League,2526,Sunderland v West Ham,West Ham,El Hadji Malick Diouf,2025,28781,2025-08-16,637688,Niclas Füllkrug,0.0907265841960907,0.8519999694824218,0.5790000152587891,25,Left Foot,Open Play,Blocked Shot
Premier League,2526,Sunderland v West Ham,West Ham,El Hadji Malick Diouf,2025,28781,2025-08-16,637699,,0.016741380095481873,0.7469999694824219,0.4879999923706055,77,Left Foot,From Corner,Blocked Shot
Premier League,2526,Sunderland v West Ham,West Ham,Guido Rodríguez,2025,28781,2025-08-16,637691,,0.024249104782938957,0.76,0.5479999923706055,41,Right Foot,Open Play,Blocked Shot
Premier League,2526,Sunderland v West Ham,West Ham,Jarrod Bowen,2025,28781,2025-08-16,637684,James Ward-Prowse,0.0658746063709259,0.9259999847412109,0.3060000038146973,2,Right Foot,Open Play,Saved Shot
Premier League,2526,Sunderland v West Ham,West Ham,Jarrod Bowen,2025,28781,2025-08-16,637690,El Hadji Malick Diouf,0.04136160761117935,0.7980000305175782,0.585999984741211,28,Left Foot,Open Play,Blocked Shot
Premier League,2526,Sunderland v West Ham,West Ham,Jarrod Bowen,2025,28781,2025-08-16,637700,Andy Irving,0.05706255882978439,0.9109999847412109,0.43400001525878906,84,,From Corner,Blocked Shot
Premier League,2526,Sunderland v West Ham,West Ham,Jarrod Bowen,2025,28781,2025-08-16,637705,Max Kilman,0.0328790582716465,0.7919999694824219,0.515,95,Left Foot,Set Piece,Blocked Shot
Premier League,2526,Sunderland v West Ham,West Ham,Niclas Füllkrug,2025,28781,2025-08-16,637689,El Hadji Malick Diouf,0.10130181908607483,0.9069999694824219,0.5690000152587891,26,Right Foot,Open Play,Blocked Shot
Premier League,2526,Sunderland v West Ham,West Ham,Niclas Füllkrug,2025,28781,2025-08-16,637703,Aaron Wan-Bissaka,0.04106655716896057,0.8809999847412109,0.5279999923706055,89,,Open Play,Saved Shot
Premier League,2526,Sunderland v West Ham,West Ham,Tomas Soucek,2025,28781,2025-08-16,637701,,0.048949770629405975,0.85,0.40900001525878904,84,Left Foot,Open Play,Saved Shot
Premier League,2526,Tottenham v Burnley,Burnley,Chimuanya Ugochukwu,2025,28782,2025-08-16,637730,Lyle Foster,0.074710913002491,0.8230000305175781,0.5120000076293946,67,Right Foot,Open Play,Missed Shot
Premier League,2526,Tottenham v Burnley,Burnley,Hannibal Mejbri,2025,28782,2025-08-16,637718,,0.04063680022954941,0.784000015258789,0.7819999694824219,31,Right Foot,Direct Freekick,Missed Shot
Premier League,2526,Tottenham v Burnley,Burnley,Jaidon Anthony,2025,28782,2025-08-16,637710,Josh Cullen,0.02793847769498825,0.8909999847412109,0.504000015258789,13,,Set Piece,Missed Shot
Premier League,2526,Tottenham v Burnley,Burnley,Jaidon Anthony,2025,28782,2025-08-16,637714,Josh Cullen,0.02467920072376728,0.774000015258789,0.6359999847412109,23,Right Foot,Open Play,Blocked Shot
Premier League,2526,Tottenham v Burnley,Burnley,Jaidon Anthony,2025,28782,2025-08-16,637726,Lyle Foster,0.12898607552051544,0.9309999847412109,0.54,57,Right Foot,Open Play,Saved Shot
Premier League,2526,Tottenham v Burnley,Burnley,Jaidon Anthony,2025,28782,2025-08-16,637732,Josh Cullen,0.03144283592700958,0.8490000152587891,0.46599998474121096,72,Right Foot,From Corner,Blocked Shot
Premier League,2526,Tottenham v Burnley,Burnley,Josh Laurent,2025,28782,2025-08-16,637712,Jaidon Anthony,0.01934977062046528,0.7430000305175781,0.3990000152587891,22,Right Foot,Open Play,Saved Shot
Premier League,2526,Tottenham v Burnley,Burnley,Josh Laurent,2025,28782,2025-08-16,637717,Quilindschy Hartman,0.03751162067055702,0.865999984741211,0.7019999694824218,29,Right Foot,Open Play,Missed Shot
Premier League,2526,Tottenham v Burnley,Burnley,Josh Laurent,2025,28782,2025-08-16,637720,Oliver Sonne,0.02691812254488468,0.784000015258789,0.41200000762939454,42,Right Foot,Open Play,Saved Shot
Premier League,2526,Tottenham v Burnley,Burnley,Kyle Walker,2025,28782,2025-08-16,637713,Josh Cullen,0.01382085494697094,0.7040000152587891,0.37900001525878907,23,Right Foot,Open Play,Missed Shot
Premier League,2526,Tottenham v Burnley,Burnley,Lyle Foster,2025,28782,2025-08-16,637715,Josh Cullen,0.13910795748233795,0.775,0.4129999923706055,26,Right Foot,Open Play,Blocked Shot
Premier League,2526,Tottenham v Burnley,Burnley,Lyle Foster,2025,28782,2025-08-16,637725,Josh Laurent,0.12265605479478836,0.905,0.46299999237060546,57,Left Foot,Open Play,Missed Shot
Premier League,2526,Tottenham v Burnley,Burnley,Maxime Estève,2025,28782,2025-08-16,637716,Jaidon Anthony,0.045311152935028076,0.92,0.505,28,,From Corner,Saved Shot
Premier League,2526,Tottenham v Burnley,Burnley,Oliver Sonne,2025,28782,2025-08-16,637711,,0.016889376565814018,0.830999984741211,0.665,14,Left Foot,From Corner,Missed Shot
Premier League,2526,Tottenham v Burnley,Tottenham,Brennan Johnson,2025,28782,2025-08-16,637707,,0.036160849034786224,0.8109999847412109,0.4829999923706055,0,Right Foot,From Corner,Missed Shot
Premier League,2526,Tottenham v Burnley,Tottenham,Brennan Johnson,2025,28782,2025-08-16,637729,Pape Sarr,0.5134420394897461,0.914000015258789,0.5790000152587891,65,Right Foot,Open Play,Goal
Premier League,2526,Tottenham v Burnley,Tottenham,Djed Spence,2025,28782,2025-08-16,637719,Mohammed Kudus,0.03260151296854019,0.774000015258789,0.6170000076293946,39,Right Foot,Open Play,Missed Shot
Premier League,2526,Tottenham v Burnley,Tottenham,Djed Spence,2025,28782,2025-08-16,637734,Wilson Odobert,0.06407608836889267,0.960999984741211,0.669000015258789,83,Right Foot,Open Play,Saved Shot
Premier League,2526,Tottenham v Burnley,Tottenham,Dominic Solanke,2025,28782,2025-08-16,637733,Pedro Porro,0.09272023290395737,0.850999984741211,0.4829999923706055,74,Left Foot,Open Play,Missed Shot
Premier League,2526,Tottenham v Burnley,Tottenham,Lucas Bergvall,2025,28782,2025-08-16,637706,,0.09277527779340744,0.9769999694824218,0.41200000762939454,0,Right Foot,Open Play,Saved Shot
Premier League,2526,Tottenham v Burnley,Tottenham,Micky van de Ven,2025,28782,2025-08-16,637721,Mohammed Kudus,0.14553724229335785,0.9740000152587891,0.485,48,,From Corner,Missed Shot
Premier League,2526,Tottenham v Burnley,Tottenham,Micky van de Ven,2025,28782,2025-08-16,637731,Mohammed Kudus,0.13427750766277313,0.9640000152587891,0.4640000152587891,69,,From Corner,Missed Shot
Premier League,2526,Tottenham v Burnley,Tottenham,Mohammed Kudus,2025,28782,2025-08-16,637724,,0.029406428337097168,0.9169999694824219,0.22700000762939454,51,Left Foot,Open Play,Missed Shot
Premier League,2526,Tottenham v Burnley,Tottenham,Mohammed Kudus,2025,28782,2025-08-16,637735,Pedro Porro,0.02667970582842827,0.7619999694824219,0.37099998474121093,84,Left Foot,From Corner,Missed Shot
Premier League,2526,Tottenham v Burnley,Tottenham,Pedro Porro,2025,28782,2025-08-16,637728,Brennan Johnson,0.025929126888513565,0.7669999694824219,0.3220000076293945,63,Right Foot,Open Play,Missed Shot
Premier League,2526,Tottenham v Burnley,Tottenham,Richarlison,2025,28782,2025-08-16,637708,Mohammed Kudus,0.07443246245384216,0.874000015258789,0.46,9,Right Foot,Open Play,Goal
Premier League,2526,Tottenham v Burnley,Tottenham,Richarlison,2025,28782,2025-08-16,637709,Pedro Porro,0.08871733397245407,0.9259999847412109,0.5220000076293946,11,,Open Play,Missed Shot
Premier League,2526,Tottenham v Burnley,Tottenham,Richarlison,2025,28782,2025-08-16,637722,Brennan Johnson,0.08876293897628784,0.885,0.5879999923706055,51,Right Foot,Open Play,Blocked Shot
Premier League,2526,Tottenham v Burnley,Tottenham,Richarlison,2025,28782,2025-08-16,637723,,0.49988359212875366,0.965,0.5770000076293945,51,Left Foot,Open Play,Saved Shot
Premier League,2526,Tottenham v Burnley,Tottenham,Richarlison,2025,28782,2025-08-16,637727,Mohammed Kudus,0.09355449676513672,0.8859999847412109,0.5429999923706055,59,Right Foot,Open Play,Goal
Premier League,2526,Wolverhampton Wanderers v Manchester City,Manchester City,Erling Haaland,2025,28783,2025-08-16,638440,Bernardo Silva,0.2403138428926468,0.9230000305175782,0.5070000076293946,17,,From Corner,Missed Shot
Premier League,2526,Wolverhampton Wanderers v Manchester City,Manchester City,Erling Haaland,2025,28783,2025-08-16,638441,Bernardo Silva,0.5462837815284729,0.955,0.45799999237060546,18,,Open Play,Missed Shot
Premier League,2526,Wolverhampton Wanderers v Manchester City,Manchester City,Erling Haaland,2025,28783,2025-08-16,638447,Rico Lewis,0.7589436173439026,0.9690000152587891,0.5320000076293945,33,Left Foot,Open Play,Goal
Premier League,2526,Wolverhampton Wanderers v Manchester City,Manchester City,Erling Haaland,2025,28783,2025-08-16,638449,Bernardo Silva,0.11745663732290268,0.9330000305175781,0.46900001525878904,42,,From Corner,Missed Shot
Premier League,2526,Wolverhampton Wanderers v Manchester City,Manchester City,Erling Haaland,2025,28783,2025-08-16,638450,Bernardo Silva,0.03665313497185707,0.914000015258789,0.4829999923706055,48,,From Corner,Missed Shot
Premier League,2526,Wolverhampton Wanderers v Manchester City,Manchester City,Erling Haaland,2025,28783,2025-08-16,638454,Tijjani Reijnders,0.08934725821018219,0.8569999694824219,0.37,60,Left Foot,Open Play,Goal
Premier League,2526,Wolverhampton Wanderers v Manchester City,Manchester City,Mathis Cherki,2025,28783,2025-08-16,638458,,0.05370163172483444,0.7880000305175782,0.4620000076293945,80,Right Foot,Open Play,Goal
Premier League,2526,Wolverhampton Wanderers v Manchester City,Manchester City,Nico González,2025,28783,2025-08-16,638444,,0.06871091574430466,0.8159999847412109,0.4,32,Right Foot,Open Play,Blocked Shot
Premier League,2526,Wolverhampton Wanderers v Manchester City,Manchester City,Nico González,2025,28783,2025-08-16,638446,Rayan Ait Nouri,0.017422990873456,0.7369999694824219,0.555,33,Right Foot,Open Play,Blocked Shot
Premier League,2526,Wolverhampton Wanderers v Manchester City,Manchester City,Omar Marmoush,2025,28783,2025-08-16,638461,,0.1576274335384369,0.8209999847412109,0.5720000076293945,91,Right Foot,Direct Freekick,Blocked Shot
Premier League,2526,Wolverhampton Wanderers v Manchester City,Manchester City,Rayan Ait Nouri,2025,28783,2025-08-16,638445,,0.01887536235153675,0.7580000305175781,0.49,32,Right Foot,Open Play,Blocked Shot
Premier League,2526,Wolverhampton Wanderers v Manchester City,Manchester City,Rayan Ait Nouri,2025,28783,2025-08-16,638452,,0.038658253848552704,0.8090000152587891,0.6129999923706054,51,Left Foot,Open Play,Missed Shot
Premier League,2526,Wolverhampton Wanderers v Manchester City,Manchester City,Tijjani Reijnders,2025,28783,2025-08-16,638448,Oscar Bobb,0.08841829001903534,0.8430000305175781,0.65,36,Left Foot,Open Play,Goal
Premier League,2526,Wolverhampton Wanderers v Manchester City,Manchester City,Tijjani Reijnders,2025,28783,2025-08-16,638459,Oscar Bobb,0.03802133724093437,0.775,0.3870000076293945,86,Right Foot,Open Play,Missed Shot
Premier League,2526,Wolverhampton Wanderers v Manchester City,Manchester City,Tijjani Reijnders,2025,28783,2025-08-16,638462,,0.035485826432704926,0.855,0.6580000305175782,91,Right Foot,Set Piece,Missed Shot
Premier League,2526,Wolverhampton Wanderers v Manchester City,Wolverhampton Wanderers,Emmanuel Agbadou,2025,28783,2025-08-16,638457,Toti,0.01164406817406416,0.7,0.5109999847412109,76,Right Foot,Open Play,Missed Shot
Premier League,2526,Wolverhampton Wanderers v Manchester City,Wolverhampton Wanderers,Fernando López,2025,28783,2025-08-16,638460,Hee-Chan Hwang,0.0520901195704937,0.8219999694824218,0.425,86,Left Foot,Open Play,Blocked Shot
Premier League,2526,Wolverhampton Wanderers v Manchester City,Wolverhampton Wanderers,Fernando López,2025,28783,2025-08-16,638463,Hugo Bueno,0.05436142161488533,0.8719999694824219,0.35400001525878905,92,Left Foot,Open Play,Saved Shot
Premier League,2526,Wolverhampton Wanderers v Manchester City,Wolverhampton Wanderers,Jean-Ricner Bellegarde,2025,28783,2025-08-16,638443,João Gomes,0.03351510688662529,0.81,0.6580000305175782,28,Right Foot,Open Play,Missed Shot
Premier League,2526,Wolverhampton Wanderers v Manchester City,Wolverhampton Wanderers,Jørgen Strand Larsen,2025,28783,2025-08-16,638442,Ki-Jana Hoever,0.07954536378383636,0.88,0.46599998474121096,25,Right Foot,Open Play,Blocked Shot
Premier League,2526,Wolverhampton Wanderers v Manchester City,Wolverhampton Wanderers,Jørgen Strand Larsen,2025,28783,2025-08-16,638451,,0.07178953289985657,0.8919999694824219,0.43200000762939456,45,Left Foot,Open Play,Missed Shot
Premier League,2526,Wolverhampton Wanderers v Manchester City,Wolverhampton Wanderers,Jørgen Strand Larsen,2025,28783,2025-08-16,638453,Jean-Ricner Bellegarde,0.10767661035060883,0.899000015258789,0.37,57,Right Foot,Set Piece,Saved Shot
Premier League,2526,Wolverhampton Wanderers v Manchester City,Wolverhampton Wanderers,Jørgen Strand Larsen,2025,28783,2025-08-16,638456,Jhon Arias,0.05849302560091019,0.884000015258789,0.6769999694824219,74,Right Foot,Open Play,Saved Shot
Premier League,2526,Wolverhampton Wanderers v Manchester City,Wolverhampton Wanderers,Marshall Munetsi,2025,28783,2025-08-16,638455,,0.05032111331820488,0.8640000152587891,0.39299999237060546,73,Right Foot,Open Play,Blocked Shot
Premier League,2526,Chelsea v Crystal Palace,Chelsea,Andrey Santos,2025,28784,2025-08-17,638061,Marc Cucurella,0.3392919898033142,0.8590000152587891,0.49900001525878906,92,Left Foot,Open Play,Missed Shot
Premier League,2526,Chelsea v Crystal Palace,Chelsea,Andrey Santos,2025,28784,2025-08-17,638062,Pedro Neto,0.08640170097351074,0.8959999847412109,0.46299999237060546,93,,Open Play,Saved Shot
Premier League,2526,Chelsea v Crystal Palace,Chelsea,Cole Palmer,2025,28784,2025-08-17,638037,Jamie Bynoe-Gittens,0.020660916343331337,0.8319999694824218,0.7319999694824219,20,Left Foot,Open Play,Missed Shot
Premier League,2526,Chelsea v Crystal Palace,Chelsea,Cole Palmer,2025,28784,2025-08-17,638047,Reece James,0.056066226214170456,0.8130000305175781,0.5220000076293946,46,Left Foot,Open Play,Blocked Shot
Premier League,2526,Chelsea v Crystal Palace,Chelsea,Cole Palmer,2025,28784,2025-08-17,638052,,0.0517423078417778,0.77,0.30100000381469727,58,Left Foot,Direct Freekick,Blocked Shot
Premier League,2526,Chelsea v Crystal Palace,Chelsea,Cole Palmer,2025,28784,2025-08-17,638054,,0.09504541754722595,0.9209999847412109,0.40700000762939453,63,Right Foot,Open Play,Blocked Shot
Premier League,2526,Chelsea v Crystal Palace,Chelsea,Estêvão,2025,28784,2025-08-17,638055,,0.09882759302854538,0.9030000305175782,0.534000015258789,65,Left Foot,Open Play,Missed Shot
Premier League,2526,Chelsea v Crystal Palace,Chelsea,Jamie Bynoe-Gittens,2025,28784,2025-08-17,638041,,0.02257574535906315,0.78,0.45599998474121095,25,Left Foot,From Corner,Blocked Shot
Premier League,2526,Chelsea v Crystal Palace,Chelsea,Jamie Bynoe-Gittens,2025,28784,2025-08-17,638044,,0.020003335550427437,0.805,0.6730000305175782,29,Right Foot,From Corner,Blocked Shot
Premier League,2526,Chelsea v Crystal Palace,Chelsea,Josh Acheampong,2025,28784,2025-08-17,638039,Reece James,0.08144471794366837,0.9619999694824218,0.5459999847412109,22,,From Corner,Blocked Shot
Premier League,2526,Chelsea v Crystal Palace,Chelsea,João Pedro,2025,28784,2025-08-17,638042,Jamie Bynoe-Gittens,0.10877905040979385,0.8640000152587891,0.5429999923706055,29,Left Foot,Open Play,Blocked Shot
Premier League,2526,Chelsea v Crystal Palace,Chelsea,João Pedro,2025,28784,2025-08-17,638053,Pedro Neto,0.09113326668739319,0.9640000152587891,0.4759999847412109,61,,From Corner,Missed Shot
Premier League,2526,Chelsea v Crystal Palace,Chelsea,Liam Delap,2025,28784,2025-08-17,638060,,0.04425767436623573,0.8540000152587891,0.32799999237060545,89,Right Foot,Open Play,Saved Shot
Premier League,2526,Chelsea v Crystal Palace,Chelsea,Malo Gusto,2025,28784,2025-08-17,638059,Cole Palmer,0.015278443694114685,0.710999984741211,0.4,88,Right Foot,Open Play,Missed Shot
Premier League,2526,Chelsea v Crystal Palace,Chelsea,Marc Cucurella,2025,28784,2025-08-17,638032,Reece James,0.023999612778425217,0.9769999694824218,0.5870000076293945,2,,From Corner,Blocked Shot
Premier League,2526,Chelsea v Crystal Palace,Chelsea,Marc Cucurella,2025,28784,2025-08-17,638048,,0.03194068372249603,0.8130000305175781,0.6170000076293946,46,Left Foot,Open Play,Missed Shot
Premier League,2526,Chelsea v Crystal Palace,Chelsea,Moisés Caicedo,2025,28784,2025-08-17,638043,,0.03899286314845085,0.8109999847412109,0.4779999923706055,29,Right Foot,Open Play,Blocked Shot
Premier League,2526,Chelsea v Crystal Palace,Chelsea,Pedro Neto,2025,28784,2025-08-17,638038,Enzo Fernández,0.01898862048983574,0.7680000305175781,0.37799999237060544,22,Left Foot,Open Play,Blocked Shot
Premier League,2526,Chelsea v Crystal Palace,Chelsea,Trevoh Chalobah,2025,28784,2025-08-17,638045,,0.13115078210830688,0.914000015258789,0.48400001525878905,29,Right Foot,From Corner,Missed Shot
Premier League,2526,Chelsea v Crystal Palace,Crystal Palace,Chris Richards,2025,28784,2025-08-17,638034,,0.03623467683792114,0.8980000305175782,0.4640000152587891,8,,Set Piece,Missed Shot
Premier League,2526,Chelsea v Crystal Palace,Crystal Palace,Daniel Muñoz,2025,28784,2025-08-17,638051,,0.06141011789441109,0.855999984741211,0.4179999923706055,48,Left Foot,Open Play,Missed Shot
Premier League,2526,Chelsea v Crystal Palace,Crystal Palace,Eberechi Eze,2025,28784,2025-08-17,638033,Marc Guehi,0.0071087428368628025,0.57,0.8819999694824219,4,Right Foot,Open Play,Missed Shot
Premier League,2526,Chelsea v Crystal Palace,Crystal Palace,Eberechi Eze,2025,28784,2025-08-17,638040,Adam Wharton,0.011063599027693272,0.7090000152587891,0.7419999694824219,24,Right Foot,Set Piece,Saved Shot
Premier League,2526,Chelsea v Crystal Palace,Crystal Palace,Eberechi Eze,2025,28784,2025-08-17,638049,,0.07205233722925186,0.8569999694824219,0.555,48,Left Foot,Open Play,Blocked Shot
Premier League,2526,Chelsea v Crystal Palace,Crystal Palace,Eberechi Eze,2025,28784,2025-08-17,638050,,0.05572766438126564,0.8219999694824218,0.47400001525878904,48,Right Foot,Open Play,Blocked Shot
Premier League,2526,Chelsea v Crystal Palace,Crystal Palace,Eberechi Eze,2025,28784,2025-08-17,638056,,0.008318526670336723,0.6040000152587891,0.6730000305175782,68,Right Foot,Open Play,Blocked Shot
Premier League,2526,Chelsea v Crystal Palace,Crystal Palace,Eberechi Eze,2025,28784,2025-08-17,638058,Ismaila Sarr,0.025558898225426674,0.7569999694824219,0.5120000076293946,81,Right Foot,Open Play,Saved Shot
Premier League,2526,Chelsea v Crystal Palace,Crystal Palace,Jean-Philippe Mateta,2025,28784,2025-08-17,638035,,0.0139832254499197,0.74,0.3129999923706055,17,Right Foot,Open Play,Blocked Shot
Premier League,2526,Chelsea v Crystal Palace,Crystal Palace,Jean-Philippe Mateta,2025,28784,2025-08-17,638036,Adam Wharton,0.29825660586357117,0.8530000305175781,0.47400001525878904,18,Right Foot,Open Play,Saved Shot
Premier League,2526,Chelsea v Crystal Palace,Crystal Palace,Jean-Philippe Mateta,2025,28784,2025-08-17,638057,Dean Henderson,0.015475641936063766,0.7180000305175781,0.30700000762939456,76,Right Foot,Open Play,Saved Shot
Premier League,2526,Chelsea v Crystal Palace,Crystal Palace,Maxence Lacroix,2025,28784,2025-08-17,638046,Eberechi Eze,0.4323694705963135,0.9209999847412109,0.4929999923706055,38,Right Foot,Set Piece,Missed Shot
Premier League,2526,Manchester United v Arsenal,Arsenal,Ben White,2025,28786,2025-08-17,638236,,0.0184373389929533,0.7469999694824219,0.45799999237060546,40,Right Foot,From Corner,Missed Shot
Premier League,2526,Manchester United v Arsenal,Arsenal,Bukayo Saka,2025,28786,2025-08-17,638252,Martin Odegaard,0.13510377705097198,0.9009999847412109,0.425,91,Left Foot,Open Play,Blocked Shot
Premier League,2526,Manchester United v Arsenal,Arsenal,Declan Rice,2025,28786,2025-08-17,638239,Gabriel Martinelli,0.03301990032196045,0.774000015258789,0.519000015258789,58,Right Foot,Open Play,Missed Shot
Premier League,2526,Manchester United v Arsenal,Arsenal,Declan Rice,2025,28786,2025-08-17,638240,Noni Madueke,0.05388079211115837,0.8440000152587891,0.6730000305175782,63,Left Foot,Open Play,Blocked Shot
Premier League,2526,Manchester United v Arsenal,Arsenal,Declan Rice,2025,28786,2025-08-17,638246,,0.05943479388952255,0.78,0.3129999923706055,81,Right Foot,Direct Freekick,Blocked Shot
Premier League,2526,Manchester United v Arsenal,Arsenal,Gabriel Martinelli,2025,28786,2025-08-17,638228,Bukayo Saka,0.058520082384347916,0.87,0.6930000305175781,25,Right Foot,Open Play,Saved Shot
Premier League,2526,Manchester United v Arsenal,Arsenal,Martin Odegaard,2025,28786,2025-08-17,638232,Ben White,0.060895293951034546,0.7769999694824219,0.42200000762939455,34,Left Foot,Open Play,Saved Shot
Premier League,2526,Manchester United v Arsenal,Arsenal,Martin Odegaard,2025,28786,2025-08-17,638235,,0.06685280054807663,0.8719999694824219,0.4209999847412109,40,Left Foot,From Corner,Missed Shot
Premier League,2526,Manchester United v Arsenal,Arsenal,Riccardo Calafiori,2025,28786,2025-08-17,638225,,0.8442546129226685,0.9940000152587891,0.49,12,,From Corner,Goal
Premier League,2526,Manchester United v Arsenal,Manchester United,Amad Diallo Traore,2025,28786,2025-08-17,638245,Manuel Ugarte,0.016931818798184395,0.8209999847412109,0.25799999237060545,76,Left Foot,Open Play,Saved Shot
Premier League,2526,Manchester United v Arsenal,Manchester United,Benjamin Sesko,2025,28786,2025-08-17,638244,Bruno Fernandes,0.04673357680439949,0.9059999847412109,0.4490000152587891,73,,Open Play,Missed Shot
Premier League,2526,Manchester United v Arsenal,Manchester United,Benjamin Sesko,2025,28786,2025-08-17,638251,Bruno Fernandes,0.02999100647866726,0.855999984741211,0.47700000762939454,89,,Open Play,Missed Shot
Premier League,2526,Manchester United v Arsenal,Manchester United,Bruno Fernandes,2025,28786,2025-08-17,638226,,0.10686822980642319,0.81,0.3729999923706055,16,Right Foot,Direct Freekick,Blocked Shot
Premier League,2526,Manchester United v Arsenal,Manchester United,Bruno Fernandes,2025,28786,2025-08-17,638234,,0.05738595873117447,0.8430000305175781,0.5690000152587891,37,Left Foot,Open Play,Blocked Shot
Premier League,2526,Manchester United v Arsenal,Manchester United,Bryan Mbeumo,2025,28786,2025-08-17,638223,Mason Mount,0.07126373052597046,0.87,0.37599998474121094,5,Right Foot,Open Play,Saved Shot
Premier League,2526,Manchester United v Arsenal,Manchester United,Bryan Mbeumo,2025,28786,2025-08-17,638227,Casemiro,0.09468268603086472,0.8240000152587891,0.38299999237060545,24,Left Foot,Open Play,Blocked Shot
Premier League,2526,Manchester United v Arsenal,Manchester United,Bryan Mbeumo,2025,28786,2025-08-17,638241,,0.08600316196680069,0.9009999847412109,0.4470000076293945,68,Right Foot,Open Play,Blocked Shot
Premier League,2526,Manchester United v Arsenal,Manchester United,Bryan Mbeumo,2025,28786,2025-08-17,638242,Bruno Fernandes,0.078298419713974,0.8859999847412109,0.5129999923706055,68,Right Foot,Open Play,Missed Shot
Premier League,2526,Manchester United v Arsenal,Manchester United,Bryan Mbeumo,2025,28786,2025-08-17,638243,,0.056700605899095535,0.9030000305175782,0.4640000152587891,72,,Open Play,Saved Shot
Premier League,2526,Manchester United v Arsenal,Manchester United,Manuel Ugarte,2025,28786,2025-08-17,638247,Benjamin Sesko,0.015479695983231068,0.7180000305175781,0.53,87,Right Foot,Open Play,Missed Shot
Premier League,2526,Manchester United v Arsenal,Manchester United,Mason Mount,2025,28786,2025-08-17,638237,Matheus Cunha,0.07355441153049469,0.8669999694824219,0.625,43,Right Foot,Open Play,Blocked Shot
Premier League,2526,Manchester United v Arsenal,Manchester United,Mason Mount,2025,28786,2025-08-17,638238,Luke Shaw,0.06331620365381241,0.8719999694824219,0.6359999847412109,48,Left Foot,Open Play,Blocked Shot
Premier League,2526,Manchester United v Arsenal,Manchester United,Matheus Cunha,2025,28786,2025-08-17,638230,Diogo Dalot,0.11505018174648285,0.830999984741211,0.37,32,Right Foot,Open Play,Saved Shot
Premier League,2526,Manchester United v Arsenal,Manchester United,Matheus Cunha,2025,28786,2025-08-17,638231,Bryan Mbeumo,0.01872454211115837,0.749000015258789,0.56,33,Right Foot,Open Play,Saved Shot
Premier League,2526,Manchester United v Arsenal,Manchester United,Matheus Cunha,2025,28786,2025-08-17,638233,Mason Mount,0.06415598094463348,0.9569999694824218,0.66,37,Left Foot,Open Play,Saved Shot
Premier League,2526,Manchester United v Arsenal,Manchester United,Matheus Cunha,2025,28786,2025-08-17,638249,Matthijs de Ligt,0.1362403780221939,0.9309999847412109,0.4929999923706055,88,Right Foot,Open Play,Blocked Shot
Premier League,2526,Manchester United v Arsenal,Manchester United,Matthijs de Ligt,2025,28786,2025-08-17,638248,Amad Diallo Traore,0.06453955918550491,0.905,0.31799999237060544,88,Left Foot,Open Play,Missed Shot
Premier League,2526,Manchester United v Arsenal,Manchester United,Matthijs de Ligt,2025,28786,2025-08-17,638250,Benjamin Sesko,0.07406152784824371,0.9330000305175781,0.33299999237060546,88,Left Foot,Open Play,Blocked Shot
Premier League,2526,Manchester United v Arsenal,Manchester United,Matthijs de Ligt,2025,28786,2025-08-17,638253,,0.06452064961194992,0.9309999847412109,0.5029999923706054,95,,From Corner,Saved Shot
Premier League,2526,Manchester United v Arsenal,Manchester United,Patrick Dorgu,2025,28786,2025-08-17,638224,Bruno Fernandes,0.01521605160087347,0.6790000152587891,0.5170000076293946,7,Left Foot,Set Piece,Missed Shot
Premier League,2526,Manchester United v Arsenal,Manchester United,Patrick Dorgu,2025,28786,2025-08-17,638229,Bruno Fernandes,0.03560063987970352,0.7930000305175782,0.7280000305175781,29,Left Foot,Open Play,Shot On Post
Premier League,2526,Nottingham Forest v Brentford,Brentford,Fabio Carvalho,2025,28785,2025-08-17,638077,Yehor Yarmolyuk,0.0408463291823864,0.8030000305175782,0.37599998474121094,58,Right Foot,Open Play,Missed Shot
Premier League,2526,Nottingham Forest v Brentford,Brentford,Keane Lewis-Potter,2025,28785,2025-08-17,638074,,0.045006413012742996,0.8059999847412109,0.48900001525878906,50,Left Foot,Open Play,Missed Shot
Premier League,2526,Nottingham Forest v Brentford,Brentford,Keane Lewis-Potter,2025,28785,2025-08-17,638075,,0.0196341834962368,0.8530000305175781,0.624000015258789,53,,Open Play,Missed Shot
Premier League,2526,Nottingham Forest v Brentford,Brentford,Mathias Jensen,2025,28785,2025-08-17,638070,Rico Henry,0.07513508200645447,0.8780000305175781,0.605999984741211,39,Right Foot,Open Play,Missed Shot
Premier League,2526,Nottingham Forest v Brentford,Brentford,Nathan Collins,2025,28785,2025-08-17,638069,Mathias Jensen,0.013189978897571564,0.93,0.3870000076293945,25,,From Corner,Blocked Shot
Premier League,2526,Nottingham Forest v Brentford,Brentford,Sepp van den Berg,2025,28785,2025-08-17,638081,Michael Kayode,0.13119171559810638,0.9269999694824219,0.5,72,,Open Play,Saved Shot
Premier League,2526,Nottingham Forest v Brentford,Brentford,Sepp van den Berg,2025,28785,2025-08-17,638082,Michael Kayode,0.08140833675861359,0.9109999847412109,0.47,74,,Open Play,Blocked Shot
Premier League,2526,Nottingham Forest v Brentford,Brentford,Thiago,2025,28785,2025-08-17,638071,Mathias Jensen,0.12306726723909378,0.92,0.4540000152587891,39,Left Foot,Open Play,Blocked Shot
Premier League,2526,Nottingham Forest v Brentford,Brentford,Thiago,2025,28785,2025-08-17,638083,,0.7611688375473022,0.885,0.5,77,Right Foot,,Goal
Premier League,2526,Nottingham Forest v Brentford,Brentford,Yehor Yarmolyuk,2025,28785,2025-08-17,638068,Thiago,0.043761223554611206,0.815,0.5320000076293945,23,Right Foot,Open Play,Saved Shot
Premier League,2526,Nottingham Forest v Brentford,Nottingham Forest,Callum Hudson-Odoi,2025,28785,2025-08-17,638078,Morgan Gibbs-White,0.015782266855239868,0.7280000305175781,0.664000015258789,60,Right Foot,Open Play,Saved Shot
Premier League,2526,Nottingham Forest v Brentford,Nottingham Forest,Chris Wood,2025,28785,2025-08-17,638063,,0.08667483180761337,0.9059999847412109,0.415,5,Right Foot,From Corner,Goal
Premier League,2526,Nottingham Forest v Brentford,Nottingham Forest,Chris Wood,2025,28785,2025-08-17,638073,Elliot Anderson,0.3639630973339081,0.960999984741211,0.605,46,Left Foot,Open Play,Goal
Premier League,2526,Nottingham Forest v Brentford,Nottingham Forest,Dan Ndoye,2025,28785,2025-08-17,638072,Morgan Gibbs-White,0.30143463611602783,0.9080000305175782,0.46,41,,Open Play,Goal
Premier League,2526,Nottingham Forest v Brentford,Nottingham Forest,Elliot Anderson,2025,28785,2025-08-17,638064,Morgan Gibbs-White,0.04947927966713905,0.8440000152587891,0.34400001525878904,10,Right Foot,Open Play,Blocked Shot
Premier League,2526,Nottingham Forest v Brentford,Nottingham Forest,Elliot Anderson,2025,28785,2025-08-17,638065,Neco Williams,0.34471628069877625,0.9119999694824219,0.4520000076293945,10,Left Foot,Open Play,Missed Shot
Premier League,2526,Nottingham Forest v Brentford,Nottingham Forest,Elliot Anderson,2025,28785,2025-08-17,638067,,0.029686104506254196,0.779000015258789,0.3390000152587891,17,Left Foot,Open Play,Saved Shot
Premier League,2526,Nottingham Forest v Brentford,Nottingham Forest,Ibrahim Sangare,2025,28785,2025-08-17,638076,Neco Williams,0.013808981515467167,0.69,0.605,54,Right Foot,Open Play,Missed Shot
Premier League,2526,Nottingham Forest v Brentford,Nottingham Forest,Morgan Gibbs-White,2025,28785,2025-08-17,638066,Ola Aina,0.052031442523002625,0.8169999694824219,0.3579999923706055,17,Right Foot,Open Play,Blocked Shot
Premier League,2526,Nottingham Forest v Brentford,Nottingham Forest,Morgan Gibbs-White,2025,28785,2025-08-17,638079,Callum Hudson-Odoi,0.4768589437007904,0.9169999694824219,0.5209999847412109,62,Right Foot,Open Play,Missed Shot
Premier League,2526,Nottingham Forest v Brentford,Nottingham Forest,Morgan Gibbs-White,2025,28785,2025-08-17,638080,Callum Hudson-Odoi,0.022611716762185097,0.76,0.605,64,Right Foot,Open Play,Missed Shot
Premier League,2526,Leeds v Everton,Everton,Beto,2025,28787,2025-08-18,638400,Idrissa Gueye,0.04186242073774338,0.9009999847412109,0.4909999847412109,87,,Set Piece,Blocked Shot
Premier League,2526,Leeds v Everton,Everton,Carlos Alcaraz,2025,28787,2025-08-18,638393,,0.06797664612531662,0.945,0.29600000381469727,75,Right Foot,Set Piece,Saved Shot
Premier League,2526,Leeds v Everton,Everton,Idrissa Gueye,2025,28787,2025-08-18,638389,Iliman Ndiaye,0.035499490797519684,0.794000015258789,0.5690000152587891,53,Right Foot,Open Play,Missed Shot
Premier League,2526,Leeds v Everton,Everton,Jack Grealish,2025,28787,2025-08-18,638399,,0.07832671701908112,0.88,0.5829999923706055,87,Left Foot,Set Piece,Blocked Shot
Premier League,2526,Leeds v Everton,Everton,Jake O&#039;Brien,2025,28787,2025-08-18,638394,Kiernan Dewsbury-Hall,0.07649127393960953,0.955999984741211,0.455,76,,From Corner,Missed Shot
Premier League,2526,Leeds v Everton,Everton,James Garner,2025,28787,2025-08-18,638392,,0.032131776213645935,0.6880000305175781,0.39799999237060546,63,Right Foot,Direct Freekick,Blocked Shot
Premier League,2526,Leeds v Everton,Everton,James Tarkowski,2025,28787,2025-08-18,638401,,0.35699406266212463,0.97,0.5790000152587891,87,,Set Piece,Missed Shot
Premier League,2526,Leeds v Everton,Leeds,Anton Stach,2025,28787,2025-08-18,638383,Gabriel Gudmundsson,0.03217145800590515,0.9,0.5570000076293945,35,,Open Play,Missed Shot
Premier League,2526,Leeds v Everton,Leeds,Anton Stach,2025,28787,2025-08-18,638397,,0.019304729998111725,0.7519999694824219,0.4490000152587891,81,Right Foot,Open Play,Blocked Shot
Premier League,2526,Leeds v Everton,Leeds,Anton Stach,2025,28787,2025-08-18,638402,Gabriel Gudmundsson,0.027387846261262894,0.7830000305175782,0.649000015258789,90,Right Foot,Open Play,Saved Shot
Premier League,2526,Leeds v Everton,Leeds,Anton Stach,2025,28787,2025-08-18,638404,Brenden Aaronson,0.33152326941490173,0.9569999694824218,0.40299999237060546,91,Left Foot,Open Play,Missed Shot
Premier League,2526,Leeds v Everton,Leeds,Ao Tanaka,2025,28787,2025-08-18,638382,Anton Stach,0.015662821009755135,0.715999984741211,0.580999984741211,30,Right Foot,Open Play,Missed Shot
Premier League,2526,Leeds v Everton,Leeds,Ao Tanaka,2025,28787,2025-08-18,638395,Brenden Aaronson,0.09609762579202652,0.8519999694824218,0.5270000076293946,79,Right Foot,Open Play,Missed Shot
Premier League,2526,Leeds v Everton,Leeds,Daniel James,2025,28787,2025-08-18,638379,,0.014758638106286526,0.7719999694824219,0.4159999847412109,12,Left Foot,From Corner,Blocked Shot
Premier League,2526,Leeds v Everton,Leeds,Daniel James,2025,28787,2025-08-18,638384,Anton Stach,0.1070418506860733,0.9119999694824219,0.4759999847412109,35,Right Foot,Open Play,Blocked Shot
Premier League,2526,Leeds v Everton,Leeds,Gabriel Gudmundsson,2025,28787,2025-08-18,638380,,0.016118241474032402,0.7869999694824219,0.5629999923706055,14,Left Foot,From Corner,Blocked Shot
Premier League,2526,Leeds v Everton,Leeds,Gabriel Gudmundsson,2025,28787,2025-08-18,638387,,0.042517147958278656,0.8590000152587891,0.7030000305175781,37,Right Foot,Open Play,Blocked Shot
Premier League,2526,Leeds v Everton,Leeds,Gabriel Gudmundsson,2025,28787,2025-08-18,638391,Anton Stach,0.06013450399041176,0.9569999694824218,0.435,59,,From Corner,Blocked Shot
Premier League,2526,Leeds v Everton,Leeds,Jayden Bogle,2025,28787,2025-08-18,638403,,0.018469899892807007,0.7769999694824219,0.30700000762939456,90,Right Foot,Open Play,Blocked Shot
Premier League,2526,Leeds v Everton,Leeds,Joël Piroe,2025,28787,2025-08-18,638377,,0.4093262255191803,0.9490000152587891,0.5970000076293945,4,Left Foot,Open Play,Saved Shot
Premier League,2526,Leeds v Everton,Leeds,Joël Piroe,2025,28787,2025-08-18,638378,Pascal Struijk,0.024318870157003403,0.7819999694824219,0.34799999237060547,9,Right Foot,Open Play,Blocked Shot
Premier League,2526,Leeds v Everton,Leeds,Joël Piroe,2025,28787,2025-08-18,638381,Daniel James,0.09029436856508255,0.8880000305175781,0.534000015258789,20,Right Foot,Open Play,Blocked Shot
Premier League,2526,Leeds v Everton,Leeds,Lukas Nmecha,2025,28787,2025-08-18,638396,Ao Tanaka,0.06670711189508438,0.860999984741211,0.6419999694824219,81,Right Foot,Open Play,Blocked Shot
Premier League,2526,Leeds v Everton,Leeds,Lukas Nmecha,2025,28787,2025-08-18,638398,,0.7611688375473022,0.885,0.5,83,Right Foot,,Goal
Premier League,2526,Leeds v Everton,Leeds,Pascal Struijk,2025,28787,2025-08-18,638385,Anton Stach,0.11817356944084167,0.9690000152587891,0.57,36,,From Corner,Missed Shot
Premier League,2526,Leeds v Everton,Leeds,Wilfried Gnonto,2025,28787,2025-08-18,638386,,0.03316649794578552,0.7780000305175782,0.47900001525878905,36,Right Foot,From Corner,Blocked Shot
Premier League,2526,Leeds v Everton,Leeds,Wilfried Gnonto,2025,28787,2025-08-18,638388,Ao Tanaka,0.015106682665646076,0.7880000305175782,0.735,43,Left Foot,Open Play,Missed Shot
Premier League,2526,Leeds v Everton,Leeds,Wilfried Gnonto,2025,28787,2025-08-18,638390,,0.08617589622735977,0.9259999847412109,0.3890000152587891,54,Right Foot,Open Play,Missed Shot
Premier League,2526,West Ham v Chelsea,Chelsea,Enzo Fernández,2025,28788,2025-08-22,638574,Estêvão,0.7091479897499084,0.9640000152587891,0.52,33,Right Foot,Open Play,Goal
Premier League,2526,West Ham v Chelsea,Chelsea,Enzo Fernández,2025,28788,2025-08-22,638578,Pedro Neto,0.43584325909614563,0.8730000305175781,0.5209999847412109,49,Right Foot,Open Play,Missed Shot
Premier League,2526,West Ham v Chelsea,Chelsea,Enzo Fernández,2025,28788,2025-08-22,638582,,0.04919792339205742,0.8269999694824218,0.37799999237060544,60,Right Foot,Open Play,Missed Shot
Premier League,2526,West Ham v Chelsea,Chelsea,Estêvão,2025,28788,2025-08-22,638586,Reece James,0.47674334049224854,0.8919999694824219,0.47,72,Left Foot,Open Play,Saved Shot
Premier League,2526,West Ham v Chelsea,Chelsea,João Pedro,2025,28788,2025-08-22,638569,Marc Cucurella,0.5352728962898254,0.9669999694824218,0.5059999847412109,14,,From Corner,Goal
Premier League,2526,West Ham v Chelsea,Chelsea,João Pedro,2025,28788,2025-08-22,638573,,0.01688173972070217,0.715,0.445,26,Right Foot,Open Play,Missed Shot
Premier League,2526,West Ham v Chelsea,Chelsea,João Pedro,2025,28788,2025-08-22,638580,,0.04047083854675293,0.9169999694824219,0.5359999847412109,57,,From Corner,Missed Shot
Premier League,2526,West Ham v Chelsea,Chelsea,Liam Delap,2025,28788,2025-08-22,638571,,0.13271735608577728,0.915,0.43599998474121093,18,Right Foot,Open Play,Saved Shot
Premier League,2526,West Ham v Chelsea,Chelsea,Moisés Caicedo,2025,28788,2025-08-22,638579,,0.5002027153968811,0.9309999847412109,0.44299999237060544,53,Right Foot,From Corner,Goal
Premier League,2526,West Ham v Chelsea,Chelsea,Pedro Neto,2025,28788,2025-08-22,638572,João Pedro,0.38758036494255066,0.9380000305175781,0.565,22,Left Foot,Open Play,Goal
Premier League,2526,West Ham v Chelsea,Chelsea,Pedro Neto,2025,28788,2025-08-22,638591,Andrey Santos,0.052929092198610306,0.8419999694824218,0.2979999923706055,90,Left Foot,Open Play,Blocked Shot
Premier League,2526,West Ham v Chelsea,Chelsea,Trevoh Chalobah,2025,28788,2025-08-22,638581,João Pedro,0.638831615447998,0.9569999694824218,0.48400001525878905,57,Left Foot,From Corner,Goal
Premier League,2526,West Ham v Chelsea,West Ham,Callum Wilson,2025,28788,2025-08-22,638583,Jarrod Bowen,0.021384084597229958,0.9180000305175782,0.5740000152587891,64,,From Corner,Missed Shot
Premier League,2526,West Ham v Chelsea,West Ham,James Ward-Prowse,2025,28788,2025-08-22,638589,,0.09799826145172119,0.7969999694824219,0.39099998474121095,89,Right Foot,Direct Freekick,Blocked Shot
Premier League,2526,West Ham v Chelsea,West Ham,Jarrod Bowen,2025,28788,2025-08-22,638576,Lucas Paquetá,0.05442730337381363,0.915,0.28899999618530275,43,Left Foot,Open Play,Blocked Shot
Premier League,2526,West Ham v Chelsea,West Ham,Jarrod Bowen,2025,28788,2025-08-22,638577,Aaron Wan-Bissaka,0.040309593081474304,0.9069999694824219,0.345,48,Left Foot,Open Play,Saved Shot
Premier League,2526,West Ham v Chelsea,West Ham,Kyle Walker-Peters,2025,28788,2025-08-22,638585,Callum Wilson,0.08269345760345459,0.9730000305175781,0.3729999923706055,70,Right Foot,Open Play,Missed Shot
Premier League,2526,West Ham v Chelsea,West Ham,Lucas Paquetá,2025,28788,2025-08-22,638568,El Hadji Malick Diouf,0.015151547268033028,0.754000015258789,0.7290000152587891,5,Left Foot,Open Play,Goal
Premier League,2526,West Ham v Chelsea,West Ham,Lucas Paquetá,2025,28788,2025-08-22,638575,Niclas Füllkrug,0.021286431699991226,0.8180000305175781,0.49700000762939456,38,Left Foot,Open Play,Saved Shot
Premier League,2526,West Ham v Chelsea,West Ham,Max Kilman,2025,28788,2025-08-22,638590,James Ward-Prowse,0.4724774956703186,0.9580000305175781,0.4640000152587891,89,,From Corner,Missed Shot
Premier League,2526,West Ham v Chelsea,West Ham,Naif Aguerd,2025,28788,2025-08-22,638587,James Ward-Prowse,0.026649724692106247,0.9109999847412109,0.54,80,,From Corner,Missed Shot
Premier League,2526,West Ham v Chelsea,West Ham,Naif Aguerd,2025,28788,2025-08-22,638588,James Ward-Prowse,0.061928026378154755,0.924000015258789,0.5790000152587891,85,,From Corner,Missed Shot
Premier League,2526,West Ham v Chelsea,West Ham,Tomas Soucek,2025,28788,2025-08-22,638570,James Ward-Prowse,0.007524879649281502,0.9180000305175782,0.3270000076293945,16,,Set Piece,Blocked Shot
Premier League,2526,West Ham v Chelsea,West Ham,Tomas Soucek,2025,28788,2025-08-22,638584,,0.07674121111631393,0.9080000305175782,0.41900001525878905,66,Left Foot,Open Play,Saved Shot
Premier League,2526,Arsenal v Leeds,Arsenal,Bukayo Saka,2025,28793,2025-08-23,638952,Jurriën Timber,0.2574816644191742,0.950999984741211,0.3189999961853027,45,Right Foot,Open Play,Goal
Premier League,2526,Arsenal v Leeds,Arsenal,Ethan Nwaneri,2025,28793,2025-08-23,638955,Jurriën Timber,0.049042925238609314,0.835,0.3189999961853027,54,Left Foot,Open Play,Blocked Shot
Premier League,2526,Arsenal v Leeds,Arsenal,Gabriel,2025,28793,2025-08-23,638946,Declan Rice,0.027241261675953865,0.9009999847412109,0.5540000152587891,14,,Set Piece,Missed Shot
Premier League,2526,Arsenal v Leeds,Arsenal,Jurriën Timber,2025,28793,2025-08-23,638950,Declan Rice,0.13262973725795746,0.9540000152587891,0.5020000076293946,33,,From Corner,Goal
Premier League,2526,Arsenal v Leeds,Arsenal,Jurriën Timber,2025,28793,2025-08-23,638956,Declan Rice,0.16368675231933594,0.950999984741211,0.49700000762939456,55,,From Corner,Missed Shot
Premier League,2526,Arsenal v Leeds,Arsenal,Jurriën Timber,2025,28793,2025-08-23,638958,Riccardo Calafiori,0.16958780586719513,0.9690000152587891,0.5079999923706054,55,Right Foot,From Corner,Goal
Premier League,2526,Arsenal v Leeds,Arsenal,Leandro Trossard,2025,28793,2025-08-23,638959,Noni Madueke,0.13619814813137054,0.92,0.5740000152587891,61,Right Foot,Open Play,Missed Shot
Premier League,2526,Arsenal v Leeds,Arsenal,Martin Odegaard,2025,28793,2025-08-23,638943,Noni Madueke,0.016188528388738632,0.740999984741211,0.6270000076293946,4,Left Foot,Open Play,Blocked Shot
Premier League,2526,Arsenal v Leeds,Arsenal,Martin Odegaard,2025,28793,2025-08-23,638944,Bukayo Saka,0.02186695486307144,0.7959999847412109,0.3189999961853027,7,Left Foot,Open Play,Missed Shot
Premier League,2526,Arsenal v Leeds,Arsenal,Martín Zubimendi,2025,28793,2025-08-23,638951,,0.030602192506194115,0.759000015258789,0.40099998474121096,37,Right Foot,Open Play,Missed Shot
Premier League,2526,Arsenal v Leeds,Arsenal,Max Dowman,2025,28793,2025-08-23,638961,Leandro Trossard,0.06878400593996048,0.794000015258789,0.38,74,Left Foot,Open Play,Missed Shot
Premier League,2526,Arsenal v Leeds,Arsenal,Max Dowman,2025,28793,2025-08-23,638962,,0.024374008178710938,0.8369999694824218,0.4640000152587891,80,Left Foot,Set Piece,Missed Shot
Premier League,2526,Arsenal v Leeds,Arsenal,Riccardo Calafiori,2025,28793,2025-08-23,638954,Bukayo Saka,0.05860637128353119,0.7909999847412109,0.585,50,Right Foot,Open Play,Blocked Shot
Premier League,2526,Arsenal v Leeds,Arsenal,Riccardo Calafiori,2025,28793,2025-08-23,638957,Jurriën Timber,0.12197952717542648,0.9580000305175781,0.5170000076293946,55,Right Foot,From Corner,Blocked Shot
Premier League,2526,Arsenal v Leeds,Arsenal,Riccardo Calafiori,2025,28793,2025-08-23,638960,,0.06429559737443924,0.8530000305175781,0.5520000076293945,61,Right Foot,Open Play,Missed Shot
Premier League,2526,Arsenal v Leeds,Arsenal,Viktor Gyokeres,2025,28793,2025-08-23,638947,,0.48488649725914,0.905,0.4809999847412109,15,Right Foot,Open Play,Missed Shot
Premier League,2526,Arsenal v Leeds,Arsenal,Viktor Gyokeres,2025,28793,2025-08-23,638953,Riccardo Calafiori,0.17842997610569,0.899000015258789,0.605,47,Right Foot,Open Play,Goal
Premier League,2526,Arsenal v Leeds,Arsenal,Viktor Gyokeres,2025,28793,2025-08-23,638963,,0.7611688375473022,0.885,0.5,94,Right Foot,,Goal
Premier League,2526,Arsenal v Leeds,Leeds,Daniel James,2025,28793,2025-08-23,638945,Anton Stach,0.024242989718914032,0.7909999847412109,0.34200000762939453,10,Left Foot,Open Play,Blocked Shot
Premier League,2526,Arsenal v Leeds,Leeds,Daniel James,2025,28793,2025-08-23,638948,Anton Stach,0.049264952540397644,0.8780000305175781,0.3029999923706055,18,Right Foot,Open Play,Blocked Shot
Premier League,2526,Arsenal v Leeds,Leeds,Pascal Struijk,2025,28793,2025-08-23,638949,Anton Stach,0.08325286954641342,0.9119999694824219,0.47900001525878905,19,,From Corner,Saved Shot
Premier League,2526,Bournemouth v Wolverhampton Wanderers,Bournemouth,Alex Scott,2025,28792,2025-08-23,638819,Antoine Semenyo,0.0467701330780983,0.7909999847412109,0.4329999923706055,46,Right Foot,Open Play,Missed Shot
Premier League,2526,Bournemouth v Wolverhampton Wanderers,Bournemouth,Antoine Semenyo,2025,28792,2025-08-23,638815,David Brooks,0.6948128342628479,0.970999984741211,0.5170000076293946,9,Left Foot,Open Play,Shot On Post
Premier League,2526,Bournemouth v Wolverhampton Wanderers,Bournemouth,Antoine Semenyo,2025,28792,2025-08-23,638823,Evanilson,0.42502182722091675,0.8930000305175781,0.5520000076293945,55,Right Foot,Open Play,Missed Shot
Premier League,2526,Bournemouth v Wolverhampton Wanderers,Bournemouth,Antoine Semenyo,2025,28792,2025-08-23,638825,Ryan Christie,0.05596928298473358,0.9269999694824219,0.7030000305175781,66,Left Foot,Open Play,Saved Shot
Premier League,2526,Bournemouth v Wolverhampton Wanderers,Bournemouth,Antoine Semenyo,2025,28792,2025-08-23,638829,Justin Kluivert,0.07840017974376678,0.8719999694824219,0.624000015258789,84,Right Foot,Open Play,Blocked Shot
Premier League,2526,Bournemouth v Wolverhampton Wanderers,Bournemouth,David Brooks,2025,28792,2025-08-23,638812,Adrien Truffert,0.04893709346652031,0.899000015258789,0.36200000762939455,1,Right Foot,Open Play,Missed Shot
Premier League,2526,Bournemouth v Wolverhampton Wanderers,Bournemouth,David Brooks,2025,28792,2025-08-23,638816,Evanilson,0.033127523958683014,0.7230000305175781,0.46099998474121096,10,Left Foot,Open Play,Blocked Shot
Premier League,2526,Bournemouth v Wolverhampton Wanderers,Bournemouth,David Brooks,2025,28792,2025-08-23,638820,Evanilson,0.05224015936255455,0.8490000152587891,0.31,49,Right Foot,Open Play,Blocked Shot
Premier League,2526,Bournemouth v Wolverhampton Wanderers,Bournemouth,Justin Kluivert,2025,28792,2025-08-23,638828,Antoine Semenyo,0.016698511317372322,0.7140000152587891,0.625,80,Right Foot,Open Play,Missed Shot
Premier League,2526,Bournemouth v Wolverhampton Wanderers,Bournemouth,Justin Kluivert,2025,28792,2025-08-23,638830,,0.08547540009021759,0.7759999847412109,0.43900001525878907,85,Right Foot,Direct Freekick,Blocked Shot
Premier League,2526,Bournemouth v Wolverhampton Wanderers,Bournemouth,Marcus Tavernier,2025,28792,2025-08-23,638814,Antoine Semenyo,0.06315497308969498,0.895,0.6809999847412109,4,Left Foot,Open Play,Goal
Premier League,2526,Bournemouth v Wolverhampton Wanderers,Bournemouth,Marcus Tavernier,2025,28792,2025-08-23,638822,Alex Scott,0.04446212202310562,0.8059999847412109,0.48,50,Left Foot,Set Piece,Saved Shot
Premier League,2526,Bournemouth v Wolverhampton Wanderers,Bournemouth,Ryan Christie,2025,28792,2025-08-23,638827,Amine Adli,0.1083729937672615,0.865,0.4929999923706055,74,Left Foot,Open Play,Blocked Shot
Premier League,2526,Bournemouth v Wolverhampton Wanderers,Bournemouth,Tyler Adams,2025,28792,2025-08-23,638826,Evanilson,0.031180398538708687,0.7709999847412109,0.44299999237060544,69,Right Foot,Open Play,Saved Shot
Premier League,2526,Bournemouth v Wolverhampton Wanderers,Wolverhampton Wanderers,Emmanuel Agbadou,2025,28792,2025-08-23,638824,,0.09845529496669769,0.8030000305175782,0.625999984741211,64,Right Foot,Direct Freekick,Blocked Shot
Premier League,2526,Bournemouth v Wolverhampton Wanderers,Wolverhampton Wanderers,Hugo Bueno,2025,28792,2025-08-23,638831,,0.043096158653497696,0.83,0.5679999923706055,95,Left Foot,From Corner,Missed Shot
Premier League,2526,Bournemouth v Wolverhampton Wanderers,Wolverhampton Wanderers,Jean-Ricner Bellegarde,2025,28792,2025-08-23,638818,Jackson Tchatchoua,0.013421253301203251,0.7919999694824219,0.32,44,Right Foot,Open Play,Blocked Shot
Premier League,2526,Bournemouth v Wolverhampton Wanderers,Wolverhampton Wanderers,Jhon Arias,2025,28792,2025-08-23,638821,Hugo Bueno,0.07650242745876312,0.884000015258789,0.5629999923706055,45,Left Foot,Open Play,Missed Shot
Premier League,2526,Bournemouth v Wolverhampton Wanderers,Wolverhampton Wanderers,Jørgen Strand Larsen,2025,28792,2025-08-23,638817,Ki-Jana Hoever,0.05876665189862251,0.8859999847412109,0.47099998474121096,17,,Open Play,Saved Shot
Premier League,2526,Bournemouth v Wolverhampton Wanderers,Wolverhampton Wanderers,Marshall Munetsi,2025,28792,2025-08-23,638813,José Sá,0.08312523365020752,0.875999984741211,0.4490000152587891,1,Right Foot,Open Play,Missed Shot
Premier League,2526,Brentford v Aston Villa,Aston Villa,Amadou Onana,2025,28790,2025-08-23,638850,Ollie Watkins,0.08094324171543121,0.8530000305175781,0.5479999923706055,56,Right Foot,Open Play,Blocked Shot
Premier League,2526,Brentford v Aston Villa,Aston Villa,Amadou Onana,2025,28790,2025-08-23,638851,John McGinn,0.01685994677245617,0.730999984741211,0.45099998474121095,59,Left Foot,Open Play,Saved Shot
Premier League,2526,Brentford v Aston Villa,Aston Villa,Emiliano Buendía,2025,28790,2025-08-23,638848,Morgan Rogers,0.08912360668182373,0.895,0.48700000762939455,51,Right Foot,Open Play,Missed Shot
Premier League,2526,Brentford v Aston Villa,Aston Villa,Emiliano Buendía,2025,28790,2025-08-23,638849,Youri Tielemans,0.02074592374265194,0.7380000305175781,0.48700000762939455,54,Right Foot,Open Play,Missed Shot
Premier League,2526,Brentford v Aston Villa,Aston Villa,Ian Maatsen,2025,28790,2025-08-23,638855,,0.020515576004981995,0.8040000152587891,0.6869999694824219,77,Right Foot,From Corner,Blocked Shot
Premier League,2526,Brentford v Aston Villa,Aston Villa,John McGinn,2025,28790,2025-08-23,638842,Youri Tielemans,0.04055987671017647,0.8090000152587891,0.41700000762939454,30,Left Foot,From Corner,Saved Shot
Premier League,2526,Brentford v Aston Villa,Aston Villa,Morgan Rogers,2025,28790,2025-08-23,638847,Emiliano Buendía,0.07412169128656387,0.874000015258789,0.624000015258789,48,Left Foot,Open Play,Blocked Shot
Premier League,2526,Brentford v Aston Villa,Aston Villa,Morgan Rogers,2025,28790,2025-08-23,638852,John McGinn,0.03304028883576393,0.9009999847412109,0.5159999847412109,62,,Open Play,Missed Shot
Premier League,2526,Brentford v Aston Villa,Aston Villa,Ollie Watkins,2025,28790,2025-08-23,638845,Youri Tielemans,0.06666376441717148,0.8369999694824218,0.5640000152587891,50,Left Foot,Open Play,Blocked Shot
Premier League,2526,Brentford v Aston Villa,Aston Villa,Ollie Watkins,2025,28790,2025-08-23,638853,Tyrone Mings,0.10142877697944641,0.874000015258789,0.664000015258789,69,Right Foot,Open Play,Blocked Shot
Premier League,2526,Brentford v Aston Villa,Aston Villa,Ollie Watkins,2025,28790,2025-08-23,638856,Matthew Cash,0.1262531578540802,0.9180000305175782,0.445,80,Right Foot,Open Play,Missed Shot
Premier League,2526,Brentford v Aston Villa,Aston Villa,Ollie Watkins,2025,28790,2025-08-23,638857,Ian Maatsen,0.055343665182590485,0.8969999694824219,0.5609999847412109,88,,Open Play,Missed Shot
Premier League,2526,Brentford v Aston Villa,Aston Villa,Pau Torres,2025,28790,2025-08-23,638846,,0.06733081489801407,0.8680000305175781,0.45599998474121095,51,Left Foot,Open Play,Blocked Shot
Premier League,2526,Brentford v Aston Villa,Aston Villa,Tyrone Mings,2025,28790,2025-08-23,638843,,0.0852608010172844,0.895,0.4129999923706055,30,Left Foot,From Corner,Missed Shot
Premier League,2526,Brentford v Aston Villa,Aston Villa,Tyrone Mings,2025,28790,2025-08-23,638844,Matthew Cash,0.04187241196632385,0.915,0.47,37,,Open Play,Blocked Shot
Premier League,2526,Brentford v Aston Villa,Aston Villa,Youri Tielemans,2025,28790,2025-08-23,638835,,0.015370823442935944,0.755,0.6419999694824219,18,Right Foot,From Corner,Missed Shot
Premier League,2526,Brentford v Aston Villa,Aston Villa,Youri Tielemans,2025,28790,2025-08-23,638841,,0.044875774532556534,0.8919999694824219,0.6669999694824219,30,Left Foot,From Corner,Blocked Shot
Premier League,2526,Brentford v Aston Villa,Brentford,Dango Ouattara,2025,28790,2025-08-23,638833,Thiago,0.399488627910614,0.899000015258789,0.580999984741211,11,Right Foot,Open Play,Saved Shot
Premier League,2526,Brentford v Aston Villa,Brentford,Dango Ouattara,2025,28790,2025-08-23,638834,,0.6180344223976135,0.950999984741211,0.54,12,Left Foot,Open Play,Goal
Premier League,2526,Brentford v Aston Villa,Brentford,Jordan Henderson,2025,28790,2025-08-23,638837,,0.029967214912176132,0.9,0.68,25,Left Foot,Open Play,Blocked Shot
Premier League,2526,Brentford v Aston Villa,Brentford,Kevin Schade,2025,28790,2025-08-23,638839,Mikkel Damsgaard,0.07772877812385559,0.935,0.5770000076293945,26,Right Foot,From Corner,Blocked Shot
Premier League,2526,Brentford v Aston Villa,Brentford,Mikkel Damsgaard,2025,28790,2025-08-23,638832,Kevin Schade,0.033606838434934616,0.9269999694824219,0.6919999694824219,2,Right Foot,Open Play,Missed Shot
Premier League,2526,Brentford v Aston Villa,Brentford,Thiago,2025,28790,2025-08-23,638836,,0.043944086879491806,0.8980000305175782,0.49200000762939455,25,,Open Play,Missed Shot
Premier League,2526,Brentford v Aston Villa,Brentford,Thiago,2025,28790,2025-08-23,638838,Mikkel Damsgaard,0.04421475902199745,0.9109999847412109,0.5059999847412109,26,,From Corner,Blocked Shot
Premier League,2526,Brentford v Aston Villa,Brentford,Thiago,2025,28790,2025-08-23,638854,Mikkel Damsgaard,0.10612580925226212,0.889000015258789,0.6709999847412109,76,Left Foot,Open Play,Missed Shot
Premier League,2526,Brentford v Aston Villa,Brentford,Yehor Yarmolyuk,2025,28790,2025-08-23,638840,,0.02342926897108555,0.7809999847412109,0.4829999923706055,26,Right Foot,From Corner,Missed Shot
Premier League,2526,Burnley v Sunderland,Burnley,Chimuanya Ugochukwu,2025,28791,2025-08-23,638861,,0.036420367658138275,0.8169999694824219,0.6459999847412109,32,Left Foot,Open Play,Missed Shot
Premier League,2526,Burnley v Sunderland,Burnley,Hannibal Mejbri,2025,28791,2025-08-23,638859,Hjalmar Ekdal,0.017524203285574913,0.789000015258789,0.3370000076293945,13,Right Foot,Set Piece,Blocked Shot
Premier League,2526,Burnley v Sunderland,Burnley,Jacob Bruun Larsen,2025,28791,2025-08-23,638866,Chimuanya Ugochukwu,0.07150717824697495,0.87,0.3370000076293945,52,Left Foot,Open Play,Missed Shot
Premier League,2526,Burnley v Sunderland,Burnley,Jaidon Anthony,2025,28791,2025-08-23,638863,Hannibal Mejbri,0.2906883656978607,0.9540000152587891,0.5870000076293945,49,,Open Play,Missed Shot
Premier League,2526,Burnley v Sunderland,Burnley,Jaidon Anthony,2025,28791,2025-08-23,638869,Josh Cullen,0.48248472809791565,0.8869999694824219,0.6519999694824219,87,Left Foot,Open Play,Goal
Premier League,2526,Burnley v Sunderland,Burnley,Josh Cullen,2025,28791,2025-08-23,638864,Jaidon Anthony,0.05117474123835564,0.85,0.6480000305175782,46,Right Foot,Open Play,Goal
Premier League,2526,Burnley v Sunderland,Burnley,Loum Tchaouna,2025,28791,2025-08-23,638871,Zian Flemming,0.05401439964771271,0.7869999694824219,0.4909999847412109,95,Left Foot,Open Play,Shot On Post
Premier League,2526,Burnley v Sunderland,Sunderland,Chemsdine Talbi,2025,28791,2025-08-23,638860,Simon Adingra,0.31338781118392944,0.9269999694824219,0.67,13,Left Foot,Open Play,Missed Shot
Premier League,2526,Burnley v Sunderland,Sunderland,Eliezer Mayenda,2025,28791,2025-08-23,638858,Dan Ballard,0.5299577713012695,0.93,0.5220000076293946,3,Right Foot,Set Piece,Saved Shot
Premier League,2526,Burnley v Sunderland,Sunderland,Enzo Le Fée,2025,28791,2025-08-23,638872,,0.05001133307814598,0.8090000152587891,0.5,98,Right Foot,Open Play,Blocked Shot
Premier League,2526,Burnley v Sunderland,Sunderland,Granit Xhaka,2025,28791,2025-08-23,638862,Chemsdine Talbi,0.02128206007182598,0.7959999847412109,0.3160000038146973,41,Left Foot,Open Play,Missed Shot
Premier League,2526,Burnley v Sunderland,Sunderland,Marc Guiu,2025,28791,2025-08-23,638868,Granit Xhaka,0.04138287156820297,0.8769999694824219,0.33299999237060546,81,Right Foot,Open Play,Missed Shot
Premier League,2526,Burnley v Sunderland,Sunderland,Omar Alderete,2025,28791,2025-08-23,638867,,0.0237965639680624,0.8569999694824219,0.600999984741211,80,Left Foot,From Corner,Blocked Shot
Premier League,2526,Burnley v Sunderland,Sunderland,Omar Alderete,2025,28791,2025-08-23,638873,Enzo Le Fée,0.04758099466562271,0.8590000152587891,0.3920000076293945,99,Left Foot,From Corner,Blocked Shot
Premier League,2526,Burnley v Sunderland,Sunderland,Patrick Roberts,2025,28791,2025-08-23,638870,Trai Hume,0.06801629066467285,0.855999984741211,0.3579999923706055,90,Left Foot,Open Play,Blocked Shot
Premier League,2526,Burnley v Sunderland,Sunderland,Trai Hume,2025,28791,2025-08-23,638865,Habib Diarra,0.025854649022221565,0.7930000305175782,0.34200000762939453,50,Right Foot,Open Play,Blocked Shot
Premier League,2526,Manchester City v Tottenham,Manchester City,Erling Haaland,2025,28789,2025-08-23,638647,Mathis Cherki,0.4975411593914032,0.9519999694824218,0.485,51,,From Corner,Missed Shot
Premier League,2526,Manchester City v Tottenham,Manchester City,Nathan Aké,2025,28789,2025-08-23,638648,Rico Lewis,0.0981948971748352,0.8959999847412109,0.605,47,Left Foot,Open Play,Blocked Shot
Premier League,2526,Manchester City v Tottenham,Manchester City,Omar Marmoush,2025,28789,2025-08-23,638641,,0.04282860457897186,0.96,0.7169999694824218,9,Left Foot,Open Play,Missed Shot
Premier League,2526,Manchester City v Tottenham,Manchester City,Omar Marmoush,2025,28789,2025-08-23,638642,Oscar Bobb,0.023535283282399178,0.7930000305175782,0.7090000152587891,17,Right Foot,Open Play,Saved Shot
Premier League,2526,Manchester City v Tottenham,Manchester City,Omar Marmoush,2025,28789,2025-08-23,638644,Erling Haaland,0.36525797843933105,0.875,0.43200000762939456,27,Right Foot,Open Play,Saved Shot
Premier League,2526,Manchester City v Tottenham,Manchester City,Phil Foden,2025,28789,2025-08-23,638656,Jéremy Doku,0.10486970096826553,0.9259999847412109,0.5529999923706055,78,Left Foot,Open Play,Blocked Shot
Premier League,2526,Manchester City v Tottenham,Manchester City,Phil Foden,2025,28789,2025-08-23,638657,Rodri,0.020318936556577682,0.755,0.57,84,Left Foot,Open Play,Saved Shot
Premier League,2526,Manchester City v Tottenham,Manchester City,Rico Lewis,2025,28789,2025-08-23,638654,,0.017117779701948166,0.7569999694824219,0.41700000762939454,69,Right Foot,From Corner,Missed Shot
Premier League,2526,Manchester City v Tottenham,Manchester City,Rodri,2025,28789,2025-08-23,638655,Phil Foden,0.019334079697728157,0.914000015258789,0.43200000762939456,75,,From Corner,Saved Shot
Premier League,2526,Manchester City v Tottenham,Manchester City,Tijjani Reijnders,2025,28789,2025-08-23,638643,Oscar Bobb,0.05850129574537277,0.8119999694824219,0.544000015258789,18,Right Foot,Open Play,Blocked Shot
Premier League,2526,Manchester City v Tottenham,Tottenham,Brennan Johnson,2025,28789,2025-08-23,638645,Richarlison,0.37564074993133545,0.8869999694824219,0.5279999923706055,34,Right Foot,Open Play,Goal
Premier League,2526,Manchester City v Tottenham,Tottenham,Brennan Johnson,2025,28789,2025-08-23,638651,Rodrigo Bentancur,0.07568179816007614,0.7930000305175782,0.7240000152587891,56,Right Foot,Open Play,Missed Shot
Premier League,2526,Manchester City v Tottenham,Tottenham,Dominic Solanke,2025,28789,2025-08-23,638659,,0.09157638251781464,0.8619999694824219,0.40099998474121096,92,Right Foot,Open Play,Saved Shot
Premier League,2526,Manchester City v Tottenham,Tottenham,João Palhinha,2025,28789,2025-08-23,638646,,0.38038206100463867,0.899000015258789,0.41700000762939454,46,Right Foot,Open Play,Goal
Premier League,2526,Manchester City v Tottenham,Tottenham,Pape Sarr,2025,28789,2025-08-23,638649,Brennan Johnson,0.0277139563113451,0.9059999847412109,0.585,53,,Open Play,Saved Shot
Premier League,2526,Manchester City v Tottenham,Tottenham,Pedro Porro,2025,28789,2025-08-23,638639,,0.05749478563666344,0.78,0.695,8,Right Foot,Direct Freekick,Blocked Shot
Premier League,2526,Manchester City v Tottenham,Tottenham,Pedro Porro,2025,28789,2025-08-23,638640,,0.025627147406339645,0.845999984741211,0.685,8,Right Foot,Set Piece,Missed Shot
Premier League,2526,Manchester City v Tottenham,Tottenham,Richarlison,2025,28789,2025-08-23,638650,Pedro Porro,0.02252925932407379,0.9119999694824219,0.5829999923706055,55,,Open Play,Blocked Shot
Premier League,2526,Manchester City v Tottenham,Tottenham,Richarlison,2025,28789,2025-08-23,638652,Pedro Porro,0.017172716557979584,0.92,0.605,60,,Set Piece,Missed Shot
Premier League,2526,Manchester City v Tottenham,Tottenham,Richarlison,2025,28789,2025-08-23,638653,Mohammed Kudus,0.05051447078585625,0.93,0.6079999923706054,61,,Open Play,Missed Shot
Premier League,2526,Manchester City v Tottenham,Tottenham,Wilson Odobert,2025,28789,2025-08-23,638658,Lucas Bergvall,0.1438920646905899,0.860999984741211,0.47,86,Right Foot,Open Play,Missed Shot
Premier League,2526,Manchester City v Tottenham,Tottenham,Wilson Odobert,2025,28789,2025-08-23,638660,,0.014750823378562927,0.9009999847412109,0.580999984741211,92,,Open Play,Saved Shot
Premier League,2526,Crystal Palace v Nottingham Forest,Crystal Palace,Ismaila Sarr,2025,28794,2025-08-24,639279,Daniel Muñoz,0.5025284886360168,0.9159999847412109,0.5079999923706054,36,Right Foot,Open Play,Goal
Premier League,2526,Crystal Palace v Nottingham Forest,Crystal Palace,Jean-Philippe Mateta,2025,28794,2025-08-24,639274,Will Hughes,0.11285779625177383,0.9119999694824219,0.475,10,,Open Play,Missed Shot
Premier League,2526,Crystal Palace v Nottingham Forest,Crystal Palace,Jean-Philippe Mateta,2025,28794,2025-08-24,639276,Will Hughes,0.03153494372963905,0.775,0.5359999847412109,28,Right Foot,Open Play,Saved Shot
Premier League,2526,Crystal Palace v Nottingham Forest,Crystal Palace,Justin Devenny,2025,28794,2025-08-24,639285,Tyrick Mitchell,0.04736410826444626,0.8819999694824219,0.515,58,,Open Play,Saved Shot
Premier League,2526,Crystal Palace v Nottingham Forest,Crystal Palace,Marc Guehi,2025,28794,2025-08-24,639281,Adam Wharton,0.24888570606708527,0.9369999694824219,0.3970000076293945,46,,Set Piece,Shot On Post
Premier League,2526,Crystal Palace v Nottingham Forest,Crystal Palace,Maxence Lacroix,2025,28794,2025-08-24,639277,Will Hughes,0.05522843450307846,0.93,0.529000015258789,30,,From Corner,Saved Shot
Premier League,2526,Crystal Palace v Nottingham Forest,Crystal Palace,Will Hughes,2025,28794,2025-08-24,639280,Tyrick Mitchell,0.06025010719895363,0.84,0.669000015258789,41,Left Foot,Open Play,Missed Shot
Premier League,2526,Crystal Palace v Nottingham Forest,Crystal Palace,Will Hughes,2025,28794,2025-08-24,639283,,0.04322683438658714,0.874000015258789,0.6120000076293945,54,Left Foot,Open Play,Missed Shot
Premier League,2526,Crystal Palace v Nottingham Forest,Nottingham Forest,Callum Hudson-Odoi,2025,28794,2025-08-24,639275,Elliot Anderson,0.05840739607810974,0.8619999694824219,0.715999984741211,20,Right Foot,Open Play,Blocked Shot
Premier League,2526,Crystal Palace v Nottingham Forest,Nottingham Forest,Callum Hudson-Odoi,2025,28794,2025-08-24,639284,Dan Ndoye,0.3002963066101074,0.9069999694824219,0.37,56,Right Foot,Open Play,Goal
Premier League,2526,Crystal Palace v Nottingham Forest,Nottingham Forest,Chris Wood,2025,28794,2025-08-24,639272,Morgan Gibbs-White,0.1072101816534996,0.9180000305175782,0.44599998474121094,4,Right Foot,Open Play,Missed Shot
Premier League,2526,Crystal Palace v Nottingham Forest,Nottingham Forest,Chris Wood,2025,28794,2025-08-24,639282,Dan Ndoye,0.0687883272767067,0.970999984741211,0.3940000152587891,51,Right Foot,Open Play,Missed Shot
Premier League,2526,Crystal Palace v Nottingham Forest,Nottingham Forest,Ibrahim Sangare,2025,28794,2025-08-24,639273,,0.01772196590900421,0.7680000305175781,0.3870000076293945,9,Right Foot,From Corner,Missed Shot
Premier League,2526,Crystal Palace v Nottingham Forest,Nottingham Forest,Igor Jesus,2025,28794,2025-08-24,639286,,0.10780687630176544,0.914000015258789,0.6559999847412109,92,Left Foot,Open Play,Shot On Post
Premier League,2526,Crystal Palace v Nottingham Forest,Nottingham Forest,Morgan Gibbs-White,2025,28794,2025-08-24,639278,Chris Wood,0.09181983023881912,0.855999984741211,0.46599998474121096,33,Right Foot,Open Play,Missed Shot
Premier League,2526,Crystal Palace v Nottingham Forest,Nottingham Forest,Omari Hutchinson,2025,28794,2025-08-24,639287,James McAtee,0.0875384509563446,0.925,0.3060000038146973,92,Right Foot,Open Play,Missed Shot
Premier League,2526,Crystal Palace v Nottingham Forest,Nottingham Forest,Omari Hutchinson,2025,28794,2025-08-24,639288,,0.49028462171554565,0.9340000152587891,0.5640000152587891,94,Left Foot,Open Play,Missed Shot
Premier League,2526,Everton v Brighton,Brighton,Brajan Gruda,2025,28795,2025-08-24,639312,,0.06514828652143478,0.9119999694824219,0.3870000076293945,92,Left Foot,Open Play,Missed Shot
Premier League,2526,Everton v Brighton,Brighton,Danny Welbeck,2025,28795,2025-08-24,639292,Yankuba Minteh,0.5846896767616272,0.9330000305175781,0.49599998474121093,18,Right Foot,Open Play,Missed Shot
Premier League,2526,Everton v Brighton,Brighton,Danny Welbeck,2025,28795,2025-08-24,639307,,0.7611688375473022,0.885,0.5,76,Right Foot,,Saved Shot
Premier League,2526,Everton v Brighton,Brighton,Jan Paul van Hecke,2025,28795,2025-08-24,639299,Carlos Baleba,0.02201191522181034,0.7659999847412109,0.3579999923706055,37,Right Foot,Open Play,Blocked Shot
Premier League,2526,Everton v Brighton,Brighton,Kaoru Mitoma,2025,28795,2025-08-24,639291,Bart Verbruggen,0.07646425813436508,0.8719999694824219,0.5870000076293945,17,Right Foot,Open Play,Shot On Post
Premier League,2526,Everton v Brighton,Brighton,Matt O&#039;Riley,2025,28795,2025-08-24,639295,Yankuba Minteh,0.013895886950194836,0.715,0.675,27,Left Foot,Open Play,Missed Shot
Premier League,2526,Everton v Brighton,Brighton,Matt O&#039;Riley,2025,28795,2025-08-24,639301,,0.33806195855140686,0.9590000152587891,0.595999984741211,45,Left Foot,Open Play,Saved Shot
Premier League,2526,Everton v Brighton,Brighton,Matt O&#039;Riley,2025,28795,2025-08-24,639305,Kaoru Mitoma,0.02659415453672409,0.875,0.435,73,,Open Play,Missed Shot
Premier League,2526,Everton v Brighton,Brighton,Yankuba Minteh,2025,28795,2025-08-24,639306,Kaoru Mitoma,0.03493177145719528,0.924000015258789,0.34200000762939453,74,Left Foot,Open Play,Blocked Shot
Premier League,2526,Everton v Brighton,Brighton,Yasin Ayari,2025,28795,2025-08-24,639290,Yankuba Minteh,0.028836553916335106,0.7969999694824219,0.639000015258789,11,Right Foot,Open Play,Saved Shot
Premier League,2526,Everton v Brighton,Brighton,Yasin Ayari,2025,28795,2025-08-24,639296,Yankuba Minteh,0.054174624383449554,0.8190000152587891,0.5379999923706055,31,Right Foot,Open Play,Blocked Shot
Premier League,2526,Everton v Brighton,Brighton,Yasin Ayari,2025,28795,2025-08-24,639298,Matt O'Riley,0.013415592722594738,0.7119999694824218,0.4879999923706055,36,Right Foot,Open Play,Blocked Shot
Premier League,2526,Everton v Brighton,Brighton,Yasin Ayari,2025,28795,2025-08-24,639304,Kaoru Mitoma,0.06547748297452927,0.8109999847412109,0.534000015258789,59,Right Foot,Open Play,Saved Shot
Premier League,2526,Everton v Brighton,Everton,Beto,2025,28795,2025-08-24,639310,Dwight McNeil,0.13025180995464325,0.9,0.46900001525878904,87,Right Foot,Open Play,Missed Shot
Premier League,2526,Everton v Brighton,Everton,Dwight McNeil,2025,28795,2025-08-24,639309,Jack Grealish,0.1297798901796341,0.870999984741211,0.5420000076293945,87,Left Foot,Open Play,Missed Shot
Premier League,2526,Everton v Brighton,Everton,Dwight McNeil,2025,28795,2025-08-24,639311,Kiernan Dewsbury-Hall,0.10404142737388611,0.845,0.34400001525878904,87,Left Foot,Open Play,Missed Shot
Premier League,2526,Everton v Brighton,Everton,Iliman Ndiaye,2025,28795,2025-08-24,639289,,0.056633301079273224,0.795,0.54,3,Left Foot,Open Play,Saved Shot
Premier League,2526,Everton v Brighton,Everton,Iliman Ndiaye,2025,28795,2025-08-24,639294,Jack Grealish,0.6847929954528809,0.960999984741211,0.47,22,Right Foot,Open Play,Goal
Premier League,2526,Everton v Brighton,Everton,Jack Grealish,2025,28795,2025-08-24,639308,,0.0206347294151783,0.8040000152587891,0.7340000152587891,82,Right Foot,Open Play,Blocked Shot
Premier League,2526,Everton v Brighton,Everton,James Garner,2025,28795,2025-08-24,639300,Kiernan Dewsbury-Hall,0.022522952407598495,0.7730000305175782,0.6809999847412109,40,Right Foot,Open Play,Missed Shot
Premier League,2526,Everton v Brighton,Everton,James Garner,2025,28795,2025-08-24,639302,Jack Grealish,0.020522214472293854,0.769000015258789,0.6840000152587891,51,Right Foot,Open Play,Goal
Premier League,2526,Everton v Brighton,Everton,Thierno Barry,2025,28795,2025-08-24,639293,James Garner,0.027446050196886063,0.9790000152587891,0.5840000152587891,20,,From Corner,Missed Shot
Premier League,2526,Everton v Brighton,Everton,Thierno Barry,2025,28795,2025-08-24,639303,Kiernan Dewsbury-Hall,0.5270939469337463,0.9669999694824218,0.4779999923706055,57,,From Corner,Missed Shot
Premier League,2526,Everton v Brighton,Everton,Tim Iroegbunam,2025,28795,2025-08-24,639297,James Garner,0.09434588998556137,0.815,0.509000015258789,33,Left Foot,Open Play,Missed Shot
Premier League,2526,Fulham v Manchester United,Fulham,Alex Iwobi,2025,28796,2025-08-24,639495,,0.04733048379421234,0.8119999694824219,0.4640000152587891,15,Right Foot,From Corner,Saved Shot
Premier League,2526,Fulham v Manchester United,Fulham,Alex Iwobi,2025,28796,2025-08-24,639506,Rodrigo Muniz,0.05015697330236435,0.8869999694824219,0.669000015258789,62,Right Foot,Open Play,Blocked Shot
Premier League,2526,Fulham v Manchester United,Fulham,Alex Iwobi,2025,28796,2025-08-24,639507,,0.024094408378005028,0.7859999847412109,0.45,68,Right Foot,From Corner,Missed Shot
Premier League,2526,Fulham v Manchester United,Fulham,Calvin Bassey,2025,28796,2025-08-24,639496,,0.057050276547670364,0.9569999694824218,0.43,16,,From Corner,Missed Shot
Premier League,2526,Fulham v Manchester United,Fulham,Emile Smith-Rowe,2025,28796,2025-08-24,639508,Alex Iwobi,0.5498435497283936,0.96,0.534000015258789,72,Right Foot,Open Play,Goal
Premier League,2526,Fulham v Manchester United,Fulham,Emile Smith-Rowe,2025,28796,2025-08-24,639511,Antonee Robinson,0.07385880500078201,0.8859999847412109,0.66,92,Left Foot,Open Play,Blocked Shot
Premier League,2526,Fulham v Manchester United,Fulham,Joshua King,2025,28796,2025-08-24,639492,Ryan Sessegnon,0.3176833391189575,0.8930000305175781,0.6619999694824219,12,Right Foot,Open Play,Saved Shot
Premier League,2526,Fulham v Manchester United,Fulham,Joshua King,2025,28796,2025-08-24,639497,Sasa Lukic,0.015599883161485195,0.7130000305175781,0.5170000076293946,24,Right Foot,Open Play,Blocked Shot
Premier League,2526,Fulham v Manchester United,Fulham,Rodrigo Muniz,2025,28796,2025-08-24,639499,Sasa Lukic,0.250501811504364,0.9569999694824218,0.41900001525878905,40,,From Corner,Missed Shot
Premier League,2526,Fulham v Manchester United,Fulham,Rodrigo Muniz,2025,28796,2025-08-24,639501,,0.05955209583044052,0.905,0.34400001525878904,45,Right Foot,From Corner,Blocked Shot
Premier League,2526,Fulham v Manchester United,Fulham,Rodrigo Muniz,2025,28796,2025-08-24,639504,,0.0,0.05,0.46,57,,From Corner,Own Goal
Premier League,2526,Fulham v Manchester United,Fulham,Rodrigo Muniz,2025,28796,2025-08-24,639505,Kenny Tete,0.05479348078370094,0.93,0.5320000076293945,60,,Open Play,Missed Shot
Premier League,2526,Fulham v Manchester United,Fulham,Timothy Castagne,2025,28796,2025-08-24,639494,Sasa Lukic,0.013400333002209663,0.945,0.624000015258789,15,,From Corner,Blocked Shot
Premier League,2526,Fulham v Manchester United,Fulham,Timothy Castagne,2025,28796,2025-08-24,639500,Joachim Andersen,0.14897450804710388,0.960999984741211,0.46599998474121096,45,Right Foot,From Corner,Blocked Shot
Premier League,2526,Fulham v Manchester United,Manchester United,Amad Diallo Traore,2025,28796,2025-08-24,639490,Bryan Mbeumo,0.12020741403102875,0.905,0.35200000762939454,2,Left Foot,Open Play,Blocked Shot
Premier League,2526,Fulham v Manchester United,Manchester United,Amad Diallo Traore,2025,28796,2025-08-24,639502,Mason Mount,0.04627896100282669,0.919000015258789,0.29700000762939455,47,Left Foot,From Corner,Saved Shot
Premier League,2526,Fulham v Manchester United,Manchester United,Bruno Fernandes,2025,28796,2025-08-24,639491,Matheus Cunha,0.01803870126605034,0.7319999694824219,0.47700000762939454,9,Right Foot,Open Play,Saved Shot
Premier League,2526,Fulham v Manchester United,Manchester United,Bruno Fernandes,2025,28796,2025-08-24,639498,,0.7611688375473022,0.885,0.5,37,Right Foot,,Missed Shot
Premier League,2526,Fulham v Manchester United,Manchester United,Diogo Dalot,2025,28796,2025-08-24,639509,Leny Yoro,0.04197749122977257,0.8580000305175781,0.34,75,Right Foot,Set Piece,Missed Shot
Premier League,2526,Fulham v Manchester United,Manchester United,Harry Maguire,2025,28796,2025-08-24,639510,Bryan Mbeumo,0.05127892270684242,0.9269999694824219,0.53,87,,From Corner,Missed Shot
Premier League,2526,Fulham v Manchester United,Manchester United,Leny Yoro,2025,28796,2025-08-24,639503,Diogo Dalot,0.0627330094575882,0.96,0.535,57,,From Corner,Missed Shot
Premier League,2526,Fulham v Manchester United,Manchester United,Matheus Cunha,2025,28796,2025-08-24,639488,Bruno Fernandes,0.018572082743048668,0.7280000305175781,0.4129999923706055,1,Right Foot,Open Play,Missed Shot
Premier League,2526,Fulham v Manchester United,Manchester United,Matheus Cunha,2025,28796,2025-08-24,639489,Mason Mount,0.13185425102710724,0.860999984741211,0.57,1,Right Foot,Open Play,Shot On Post
Premier League,2526,Fulham v Manchester United,Manchester United,Matheus Cunha,2025,28796,2025-08-24,639493,Altay Bayindir,0.2939172387123108,0.89,0.500999984741211,13,Left Foot,Open Play,Saved Shot
Premier League,2526,Newcastle United v Liverpool,Liverpool,Cody Gakpo,2025,28797,2025-08-25,639851,Hugo Ekitike,0.0686119794845581,0.81,0.6379999923706055,45,Right Foot,Open Play,Blocked Shot
Premier League,2526,Newcastle United v Liverpool,Liverpool,Florian Wirtz,2025,28797,2025-08-25,639843,Hugo Ekitike,0.032718610018491745,0.875999984741211,0.7419999694824219,12,Right Foot,Open Play,Saved Shot
Premier League,2526,Newcastle United v Liverpool,Liverpool,Hugo Ekitike,2025,28797,2025-08-25,639852,Cody Gakpo,0.1354801058769226,0.8469999694824218,0.51,45,Right Foot,Open Play,Goal
Premier League,2526,Newcastle United v Liverpool,Liverpool,Rio Ngumoha,2025,28797,2025-08-25,639857,Mohamed Salah,0.3935171365737915,0.894000015258789,0.5429999923706055,99,Right Foot,Open Play,Goal
Premier League,2526,Newcastle United v Liverpool,Liverpool,Ryan Gravenberch,2025,28797,2025-08-25,639848,Cody Gakpo,0.01623125746846199,0.759000015258789,0.6580000305175782,34,Right Foot,Open Play,Goal
Premier League,2526,Newcastle United v Liverpool,Newcastle United,Anthony Gordon,2025,28797,2025-08-25,639845,Harvey Barnes,0.42806151509284973,0.9309999847412109,0.46,27,,Open Play,Missed Shot
Premier League,2526,Newcastle United v Liverpool,Newcastle United,Anthony Gordon,2025,28797,2025-08-25,639846,,0.6201263070106506,0.950999984741211,0.500999984741211,28,Right Foot,Open Play,Saved Shot
Premier League,2526,Newcastle United v Liverpool,Newcastle United,Anthony Gordon,2025,28797,2025-08-25,639847,Anthony Elanga,0.048419058322906494,0.9109999847412109,0.40299999237060546,28,,Open Play,Missed Shot
Premier League,2526,Newcastle United v Liverpool,Newcastle United,Bruno Guimarães,2025,28797,2025-08-25,639853,Valentino Livramento,0.32823312282562256,0.9230000305175782,0.46599998474121096,56,,Open Play,Goal
Premier League,2526,Newcastle United v Liverpool,Newcastle United,Dan Burn,2025,28797,2025-08-25,639850,Kieran Trippier,0.011306950822472572,0.8859999847412109,0.37799999237060544,39,,From Corner,Missed Shot
Premier League,2526,Newcastle United v Liverpool,Newcastle United,Joelinton,2025,28797,2025-08-25,639854,Dan Burn,0.015618962235748768,0.9069999694824219,0.585,63,,From Corner,Blocked Shot
Premier League,2526,Newcastle United v Liverpool,Newcastle United,Lewis Miley,2025,28797,2025-08-25,639856,Jacob Ramsey,0.03532935678958893,0.7819999694824219,0.519000015258789,92,Left Foot,From Corner,Blocked Shot
Premier League,2526,Newcastle United v Liverpool,Newcastle United,Sandro Tonali,2025,28797,2025-08-25,639844,,0.045722298324108124,0.855999984741211,0.8380000305175781,16,Right Foot,Direct Freekick,Missed Shot
Premier League,2526,Newcastle United v Liverpool,Newcastle United,Sandro Tonali,2025,28797,2025-08-25,639849,Anthony Gordon,0.03488535061478615,0.8390000152587891,0.34799999237060547,38,Right Foot,Open Play,Blocked Shot
Premier League,2526,Newcastle United v Liverpool,Newcastle United,William Osula,2025,28797,2025-08-25,639855,,0.3957216441631317,0.9009999847412109,0.6070000076293945,87,Left Foot,Set Piece,Goal
Premier League,2526,Chelsea v Fulham,Chelsea,Enzo Fernández,2025,28798,2025-08-30,640089,,0.7611688375473022,0.885,0.5,55,Right Foot,,Goal
Premier League,2526,Chelsea v Fulham,Chelsea,Estêvão,2025,28798,2025-08-30,640090,João Pedro,0.2655908167362213,0.89,0.405,57,Left Foot,Open Play,Saved Shot
Premier League,2526,Chelsea v Fulham,Chelsea,Jamie Bynoe-Gittens,2025,28798,2025-08-30,640092,Marc Cucurella,0.05014733225107193,0.8680000305175781,0.7440000152587891,68,Right Foot,Open Play,Blocked Shot
Premier League,2526,Chelsea v Fulham,Chelsea,João Pedro,2025,28798,2025-08-30,640076,Malo Gusto,0.01612526923418045,0.764000015258789,0.29600000381469727,4,Left Foot,Open Play,Saved Shot
Premier League,2526,Chelsea v Fulham,Chelsea,João Pedro,2025,28798,2025-08-30,640087,Enzo Fernández,0.530866265296936,0.965,0.5029999923706054,53,,From Corner,Goal
Premier League,2526,Chelsea v Fulham,Chelsea,João Pedro,2025,28798,2025-08-30,640091,Estêvão,0.1092817634344101,0.8390000152587891,0.5459999847412109,64,Left Foot,Open Play,Blocked Shot
Premier League,2526,Chelsea v Fulham,Chelsea,Liam Delap,2025,28798,2025-08-30,640077,Marc Cucurella,0.05726464092731476,0.9080000305175782,0.685,5,Right Foot,Open Play,Blocked Shot
Premier League,2526,Chelsea v Fulham,Chelsea,Moisés Caicedo,2025,28798,2025-08-30,640085,Enzo Fernández,0.09488017112016678,0.8959999847412109,0.54,53,Right Foot,From Corner,Blocked Shot
Premier League,2526,Chelsea v Fulham,Chelsea,Reece James,2025,28798,2025-08-30,640095,Andrey Santos,0.03327659144997597,0.784000015258789,0.39299999237060546,89,Right Foot,Open Play,Saved Shot
Premier League,2526,Chelsea v Fulham,Chelsea,Trevoh Chalobah,2025,28798,2025-08-30,640083,Enzo Fernández,0.014343147166073322,0.7480000305175781,0.28200000762939453,52,Right Foot,Open Play,Blocked Shot
Premier League,2526,Chelsea v Fulham,Chelsea,Trevoh Chalobah,2025,28798,2025-08-30,640084,Pedro Neto,0.02400510013103485,0.970999984741211,0.39599998474121095,53,,From Corner,Blocked Shot
Premier League,2526,Chelsea v Fulham,Chelsea,Trevoh Chalobah,2025,28798,2025-08-30,640093,Pedro Neto,0.018741512671113014,0.9669999694824218,0.40299999237060546,70,,From Corner,Missed Shot
Premier League,2526,Chelsea v Fulham,Chelsea,Tyrique George,2025,28798,2025-08-30,640086,,0.45670846104621887,0.9740000152587891,0.585,53,Left Foot,From Corner,Saved Shot
Premier League,2526,Chelsea v Fulham,Fulham,Alex Iwobi,2025,28798,2025-08-30,640079,,0.011777715757489204,0.6980000305175781,0.6270000076293946,18,Right Foot,Open Play,Missed Shot
Premier League,2526,Chelsea v Fulham,Fulham,Harry Wilson,2025,28798,2025-08-30,640099,Emile Smith-Rowe,0.06276560574769974,0.9569999694824218,0.6830000305175781,97,Left Foot,Open Play,Blocked Shot
Premier League,2526,Chelsea v Fulham,Fulham,Joachim Andersen,2025,28798,2025-08-30,640078,Timothy Castagne,0.07422585040330887,0.8590000152587891,0.3890000152587891,6,Left Foot,Open Play,Missed Shot
Premier League,2526,Chelsea v Fulham,Fulham,Joachim Andersen,2025,28798,2025-08-30,640096,Sasa Lukic,0.06327102333307266,0.9340000152587891,0.49400001525878906,92,,From Corner,Blocked Shot
Premier League,2526,Chelsea v Fulham,Fulham,Joshua King,2025,28798,2025-08-30,640080,Rodrigo Muniz,0.05410286784172058,0.8090000152587891,0.4829999923706055,26,Left Foot,Open Play,Saved Shot
Premier League,2526,Chelsea v Fulham,Fulham,Kenny Tete,2025,28798,2025-08-30,640082,Sasa Lukic,0.08857805281877518,0.9109999847412109,0.48900001525878906,49,Right Foot,From Corner,Missed Shot
Premier League,2526,Chelsea v Fulham,Fulham,Raúl Jiménez,2025,28798,2025-08-30,640094,Adama Traoré,0.054294388741254807,0.884000015258789,0.5109999847412109,86,,Open Play,Missed Shot
Premier League,2526,Chelsea v Fulham,Fulham,Raúl Jiménez,2025,28798,2025-08-30,640098,,0.04984423890709877,0.73,0.43900001525878907,94,Right Foot,Direct Freekick,Missed Shot
Premier League,2526,Chelsea v Fulham,Fulham,Rodrigo Muniz,2025,28798,2025-08-30,640088,Sasa Lukic,0.03478805720806122,0.8680000305175781,0.47200000762939454,47,,Open Play,Missed Shot
Premier League,2526,Chelsea v Fulham,Fulham,Sander Berge,2025,28798,2025-08-30,640097,Joachim Andersen,0.13514438271522522,0.98,0.4640000152587891,92,Right Foot,From Corner,Blocked Shot
Premier League,2526,Chelsea v Fulham,Fulham,Timothy Castagne,2025,28798,2025-08-30,640081,Joshua King,0.10743560642004013,0.9019999694824219,0.40099998474121096,49,Right Foot,Open Play,Blocked Shot
Premier League,2526,Leeds v Newcastle United,Leeds,Anton Stach,2025,28803,2025-08-30,640384,Daniel James,0.11391013860702515,0.87,0.5270000076293946,6,Right Foot,Open Play,Blocked Shot
Premier League,2526,Leeds v Newcastle United,Leeds,Anton Stach,2025,28803,2025-08-30,640385,,0.027065396308898926,0.6980000305175781,0.25299999237060544,8,Right Foot,Direct Freekick,Missed Shot
Premier League,2526,Leeds v Newcastle United,Leeds,Anton Stach,2025,28803,2025-08-30,640388,Sean Longstaff,0.02063303254544735,0.7530000305175781,0.5529999923706055,32,Left Foot,Open Play,Missed Shot
Premier League,2526,Leeds v Newcastle United,Leeds,Daniel James,2025,28803,2025-08-30,640389,Gabriel Gudmundsson,0.2603457570075989,0.970999984741211,0.3659999847412109,33,Right Foot,Open Play,Missed Shot
Premier League,2526,Leeds v Newcastle United,Leeds,Dominic Calvert-Lewin,2025,28803,2025-08-30,640398,,0.013565645553171635,0.7340000152587891,0.600999984741211,73,Right Foot,Open Play,Missed Shot
Premier League,2526,Leeds v Newcastle United,Leeds,Dominic Calvert-Lewin,2025,28803,2025-08-30,640399,Jayden Bogle,0.08403205126523972,0.905,0.30700000762939456,89,Right Foot,Open Play,Saved Shot
Premier League,2526,Leeds v Newcastle United,Leeds,Jayden Bogle,2025,28803,2025-08-30,640395,Wilfried Gnonto,0.051310401409864426,0.805,0.465,50,Left Foot,Open Play,Missed Shot
Premier League,2526,Leeds v Newcastle United,Leeds,Lukas Nmecha,2025,28803,2025-08-30,640383,Anton Stach,0.0727955773472786,0.8819999694824219,0.5790000152587891,6,Right Foot,Open Play,Blocked Shot
Premier League,2526,Leeds v Newcastle United,Leeds,Wilfried Gnonto,2025,28803,2025-08-30,640390,Gabriel Gudmundsson,0.024785464629530907,0.8030000305175782,0.72,37,Right Foot,Open Play,Blocked Shot
Premier League,2526,Leeds v Newcastle United,Leeds,Wilfried Gnonto,2025,28803,2025-08-30,640391,Anton Stach,0.008856137283146381,0.7530000305175781,0.73,38,Right Foot,From Corner,Missed Shot
Premier League,2526,Leeds v Newcastle United,Newcastle United,Fabian Schär,2025,28803,2025-08-30,640394,Sandro Tonali,0.016076162457466125,0.715,0.43200000762939456,45,Left Foot,Open Play,Missed Shot
Premier League,2526,Leeds v Newcastle United,Newcastle United,Harvey Barnes,2025,28803,2025-08-30,640400,Sandro Tonali,0.020135929808020592,0.775,0.6719999694824219,91,Right Foot,Open Play,Blocked Shot
Premier League,2526,Leeds v Newcastle United,Newcastle United,Jacob Murphy,2025,28803,2025-08-30,640392,Jacob Ramsey,0.040007248520851135,0.9830000305175781,0.63,40,Left Foot,Open Play,Missed Shot
Premier League,2526,Leeds v Newcastle United,Newcastle United,Jacob Murphy,2025,28803,2025-08-30,640393,Kieran Trippier,0.028935182839632034,0.860999984741211,0.2610000038146973,42,Right Foot,Open Play,Saved Shot
Premier League,2526,Leeds v Newcastle United,Newcastle United,Jacob Murphy,2025,28803,2025-08-30,640396,Fabian Schär,0.014349977485835552,0.7330000305175781,0.47299999237060547,53,Left Foot,Open Play,Saved Shot
Premier League,2526,Leeds v Newcastle United,Newcastle United,Jacob Ramsey,2025,28803,2025-08-30,640387,,0.05618707090616226,0.845999984741211,0.39,27,Right Foot,Open Play,Blocked Shot
Premier League,2526,Leeds v Newcastle United,Newcastle United,Lewis Hall,2025,28803,2025-08-30,640397,Sandro Tonali,0.02208450809121132,0.749000015258789,0.5940000152587891,70,Left Foot,Open Play,Missed Shot
Premier League,2526,Leeds v Newcastle United,Newcastle United,William Osula,2025,28803,2025-08-30,640386,Jacob Ramsey,0.10585911571979523,0.9009999847412109,0.4620000076293945,15,Left Foot,Open Play,Blocked Shot
Premier League,2526,Manchester United v Burnley,Burnley,Hannibal Mejbri,2025,28802,2025-08-30,640292,Jacob Bruun Larsen,0.11064935475587845,0.8909999847412109,0.46299999237060546,36,Right Foot,Open Play,Missed Shot
Premier League,2526,Manchester United v Burnley,Burnley,Jacob Bruun Larsen,2025,28802,2025-08-30,640304,,0.04195509850978851,0.7130000305175781,0.4420000076293945,47,Right Foot,Direct Freekick,Blocked Shot
Premier League,2526,Manchester United v Burnley,Burnley,Jaidon Anthony,2025,28802,2025-08-30,640311,,0.6409280300140381,0.9569999694824218,0.5159999847412109,65,Left Foot,Open Play,Goal
Premier League,2526,Manchester United v Burnley,Burnley,Josh Cullen,2025,28802,2025-08-30,640291,,0.0,0.02700000047683716,0.47400001525878904,26,,Set Piece,Own Goal
Premier League,2526,Manchester United v Burnley,Burnley,Loum Tchaouna,2025,28802,2025-08-30,640310,,0.07852376997470856,0.9009999847412109,0.43200000762939456,65,Left Foot,Open Play,Saved Shot
Premier League,2526,Manchester United v Burnley,Burnley,Lyle Foster,2025,28802,2025-08-30,640306,Jacob Bruun Larsen,0.47157415747642517,0.935,0.5079999923706054,54,Right Foot,Open Play,Goal
Premier League,2526,Manchester United v Burnley,Burnley,Quilindschy Hartman,2025,28802,2025-08-30,640301,,0.032877761870622635,0.885,0.6029999923706054,49,Left Foot,Open Play,Blocked Shot
Premier League,2526,Manchester United v Burnley,Manchester United,Amad Diallo Traore,2025,28802,2025-08-30,640293,,0.06337083131074905,0.8090000152587891,0.46599998474121096,38,Left Foot,Open Play,Blocked Shot
Premier League,2526,Manchester United v Burnley,Manchester United,Amad Diallo Traore,2025,28802,2025-08-30,640295,Bruno Fernandes,0.05334921553730965,0.8909999847412109,0.43599998474121093,44,Left Foot,From Corner,Saved Shot
Premier League,2526,Manchester United v Burnley,Manchester United,Amad Diallo Traore,2025,28802,2025-08-30,640302,Bryan Mbeumo,0.5765154957771301,0.9119999694824219,0.5709999847412109,49,Left Foot,Open Play,Missed Shot
Premier League,2526,Manchester United v Burnley,Manchester United,Benjamin Sesko,2025,28802,2025-08-30,640316,Bryan Mbeumo,0.08751426637172699,0.9390000152587891,0.5279999923706055,85,,Open Play,Missed Shot
Premier League,2526,Manchester United v Burnley,Manchester United,Benjamin Sesko,2025,28802,2025-08-30,640317,Diogo Dalot,0.1322305053472519,0.925,0.544000015258789,86,,Open Play,Missed Shot
Premier League,2526,Manchester United v Burnley,Manchester United,Bruno Fernandes,2025,28802,2025-08-30,640299,Amad Diallo Traore,0.01565505377948284,0.7580000305175781,0.28,47,Right Foot,Open Play,Blocked Shot
Premier League,2526,Manchester United v Burnley,Manchester United,Bruno Fernandes,2025,28802,2025-08-30,640309,Bryan Mbeumo,0.0628451332449913,0.870999984741211,0.500999984741211,62,Right Foot,From Corner,Missed Shot
Premier League,2526,Manchester United v Burnley,Manchester United,Bruno Fernandes,2025,28802,2025-08-30,640314,,0.045371465384960175,0.8019999694824219,0.5379999923706055,79,Right Foot,Open Play,Blocked Shot
Premier League,2526,Manchester United v Burnley,Manchester United,Bruno Fernandes,2025,28802,2025-08-30,640318,,0.7611688375473022,0.885,0.5,96,Right Foot,,Goal
Premier League,2526,Manchester United v Burnley,Manchester United,Bryan Mbeumo,2025,28802,2025-08-30,640287,Bruno Fernandes,0.044754162430763245,0.86,0.3060000038146973,13,Left Foot,Open Play,Saved Shot
Premier League,2526,Manchester United v Burnley,Manchester United,Bryan Mbeumo,2025,28802,2025-08-30,640288,Mason Mount,0.10564959794282913,0.8719999694824219,0.3189999961853027,14,Right Foot,Open Play,Missed Shot
Premier League,2526,Manchester United v Burnley,Manchester United,Bryan Mbeumo,2025,28802,2025-08-30,640307,Diogo Dalot,0.552983283996582,0.9259999847412109,0.49,56,Left Foot,Open Play,Goal
Premier League,2526,Manchester United v Burnley,Manchester United,Casemiro,2025,28802,2025-08-30,640290,Bruno Fernandes,0.13354156911373138,0.924000015258789,0.5129999923706055,26,,Set Piece,Shot On Post
Premier League,2526,Manchester United v Burnley,Manchester United,Joshua Zirkzee,2025,28802,2025-08-30,640297,Bruno Fernandes,0.03189197927713394,0.850999984741211,0.33599998474121096,47,Left Foot,Set Piece,Blocked Shot
Premier League,2526,Manchester United v Burnley,Manchester United,Joshua Zirkzee,2025,28802,2025-08-30,640298,,0.1092650294303894,0.9690000152587891,0.39,47,Right Foot,Open Play,Blocked Shot
Premier League,2526,Manchester United v Burnley,Manchester United,Joshua Zirkzee,2025,28802,2025-08-30,640300,Bruno Fernandes,0.15762284398078918,0.9109999847412109,0.504000015258789,47,Right Foot,Open Play,Missed Shot
Premier League,2526,Manchester United v Burnley,Manchester United,Joshua Zirkzee,2025,28802,2025-08-30,640305,Kobbie Mainoo,0.1224026083946228,0.9259999847412109,0.5729999923706055,48,Right Foot,Open Play,Missed Shot
Premier League,2526,Manchester United v Burnley,Manchester United,Joshua Zirkzee,2025,28802,2025-08-30,640303,,0.6215313076972961,0.9180000305175782,0.46900001525878904,50,Left Foot,Open Play,Saved Shot
Premier League,2526,Manchester United v Burnley,Manchester United,Joshua Zirkzee,2025,28802,2025-08-30,640313,Bryan Mbeumo,0.044400278478860855,0.9630000305175781,0.5940000152587891,74,,Open Play,Missed Shot
Premier League,2526,Manchester United v Burnley,Manchester United,Joshua Zirkzee,2025,28802,2025-08-30,640315,Amad Diallo Traore,0.07238197326660156,0.8209999847412109,0.47200000762939454,81,Right Foot,Open Play,Missed Shot
Premier League,2526,Manchester United v Burnley,Manchester United,Kobbie Mainoo,2025,28802,2025-08-30,640308,Bruno Fernandes,0.031477075070142746,0.775,0.35400001525878905,62,Right Foot,Open Play,Blocked Shot
Premier League,2526,Manchester United v Burnley,Manchester United,Kobbie Mainoo,2025,28802,2025-08-30,640312,Joshua Zirkzee,0.027649320662021637,0.7819999694824219,0.600999984741211,68,Right Foot,Open Play,Missed Shot
Premier League,2526,Manchester United v Burnley,Manchester United,Leny Yoro,2025,28802,2025-08-30,640289,Matheus Cunha,0.059393320232629776,0.9309999847412109,0.5579999923706055,21,,Open Play,Missed Shot
Premier League,2526,Manchester United v Burnley,Manchester United,Mason Mount,2025,28802,2025-08-30,640294,Bryan Mbeumo,0.035149261355400085,0.9490000152587891,0.41900001525878905,39,,From Corner,Shot On Post
Premier League,2526,Manchester United v Burnley,Manchester United,Matheus Cunha,2025,28802,2025-08-30,640286,,0.02157522924244404,0.7530000305175781,0.5229999923706055,4,Left Foot,Open Play,Saved Shot
Premier League,2526,Manchester United v Burnley,Manchester United,Matthijs de Ligt,2025,28802,2025-08-30,640296,,0.055150218307971954,0.9290000152587891,0.534000015258789,44,,From Corner,Blocked Shot
Premier League,2526,Sunderland v Brentford,Brentford,Dango Ouattara,2025,28801,2025-08-30,640283,Thiago,0.09696149826049805,0.909000015258789,0.5579999923706055,85,,Open Play,Saved Shot
Premier League,2526,Sunderland v Brentford,Brentford,Kevin Schade,2025,28801,2025-08-30,640269,Mikkel Damsgaard,0.08092895895242691,0.9009999847412109,0.47700000762939454,16,,Open Play,Missed Shot
Premier League,2526,Sunderland v Brentford,Brentford,Kevin Schade,2025,28801,2025-08-30,640270,Mikkel Damsgaard,0.07343056052923203,0.9219999694824219,0.43599998474121093,41,,From Corner,Missed Shot
Premier League,2526,Sunderland v Brentford,Brentford,Kevin Schade,2025,28801,2025-08-30,640275,,0.7611688375473022,0.885,0.5,58,Right Foot,,Saved Shot
Premier League,2526,Sunderland v Brentford,Brentford,Mikkel Damsgaard,2025,28801,2025-08-30,640284,,0.023226918652653694,0.78,0.555,94,Left Foot,Set Piece,Blocked Shot
Premier League,2526,Sunderland v Brentford,Brentford,Rico Henry,2025,28801,2025-08-30,640281,,0.022529616951942444,0.7780000305175782,0.47900001525878905,82,Left Foot,From Corner,Blocked Shot
Premier League,2526,Sunderland v Brentford,Brentford,Thiago,2025,28801,2025-08-30,640279,Frank Onyeka,0.3706037104129791,0.9290000152587891,0.5220000076293946,76,,Open Play,Goal
Premier League,2526,Sunderland v Brentford,Brentford,Yehor Yarmolyuk,2025,28801,2025-08-30,640272,,0.01719302125275135,0.815,0.49700000762939456,45,,Open Play,Saved Shot
Premier League,2526,Sunderland v Brentford,Sunderland,Chemsdine Talbi,2025,28801,2025-08-30,640266,,0.10804285854101181,0.9230000305175782,0.4420000076293945,8,Right Foot,From Corner,Missed Shot
Premier League,2526,Sunderland v Brentford,Sunderland,Enzo Le Fée,2025,28801,2025-08-30,640280,,0.7611688375473022,0.885,0.5,81,Right Foot,,Goal
Premier League,2526,Sunderland v Brentford,Sunderland,Habib Diarra,2025,28801,2025-08-30,640274,,0.06268350780010223,0.8430000305175781,0.514000015258789,45,Right Foot,Open Play,Missed Shot
Premier League,2526,Sunderland v Brentford,Sunderland,Habib Diarra,2025,28801,2025-08-30,640276,Enzo Le Fée,0.11225918680429459,0.8619999694824219,0.519000015258789,67,Right Foot,Open Play,Missed Shot
Premier League,2526,Sunderland v Brentford,Sunderland,Habib Diarra,2025,28801,2025-08-30,640282,Simon Adingra,0.035103410482406616,0.8719999694824219,0.2589999961853027,84,Right Foot,Open Play,Missed Shot
Premier League,2526,Sunderland v Brentford,Sunderland,Nordi Mukiele,2025,28801,2025-08-30,640267,,0.08286460489034653,0.9359999847412109,0.3870000076293945,8,Right Foot,From Corner,Missed Shot
Premier League,2526,Sunderland v Brentford,Sunderland,Omar Alderete,2025,28801,2025-08-30,640271,,0.04248378053307533,0.8340000152587891,0.6519999694824219,43,Left Foot,Open Play,Blocked Shot
Premier League,2526,Sunderland v Brentford,Sunderland,Reinildo,2025,28801,2025-08-30,640268,,0.01499317865818739,0.7219999694824218,0.5879999923706055,11,Right Foot,Open Play,Blocked Shot
Premier League,2526,Sunderland v Brentford,Sunderland,Trai Hume,2025,28801,2025-08-30,640273,,0.02939181961119175,0.7780000305175782,0.44099998474121094,45,Left Foot,Open Play,Blocked Shot
Premier League,2526,Sunderland v Brentford,Sunderland,Wilson Isidor,2025,28801,2025-08-30,640277,Noah Sadiki,0.012669884599745274,0.7530000305175781,0.74,72,Right Foot,Open Play,Missed Shot
Premier League,2526,Sunderland v Brentford,Sunderland,Wilson Isidor,2025,28801,2025-08-30,640278,Noah Sadiki,0.05640295520424843,0.9290000152587891,0.5670000076293945,74,,Open Play,Saved Shot
Premier League,2526,Sunderland v Brentford,Sunderland,Wilson Isidor,2025,28801,2025-08-30,640285,Granit Xhaka,0.25504574179649353,0.92,0.5509999847412109,95,,Open Play,Goal
Premier League,2526,Tottenham v Bournemouth,Bournemouth,Adrien Truffert,2025,28799,2025-08-30,640229,,0.016705336049199104,0.7040000152587891,0.49900001525878906,45,Left Foot,Open Play,Missed Shot
Premier League,2526,Tottenham v Bournemouth,Bournemouth,Alex Scott,2025,28799,2025-08-30,640236,Antoine Semenyo,0.04566556587815285,0.8340000152587891,0.695,61,Right Foot,Open Play,Blocked Shot
Premier League,2526,Tottenham v Bournemouth,Bournemouth,Antoine Semenyo,2025,28799,2025-08-30,640222,David Brooks,0.44312477111816406,0.9309999847412109,0.514000015258789,10,,Open Play,Missed Shot
Premier League,2526,Tottenham v Bournemouth,Bournemouth,Antoine Semenyo,2025,28799,2025-08-30,640230,Marcus Tavernier,0.06928935647010803,0.855999984741211,0.6730000305175782,45,Left Foot,Open Play,Saved Shot
Premier League,2526,Tottenham v Bournemouth,Bournemouth,Antoine Semenyo,2025,28799,2025-08-30,640233,,0.05085977911949158,0.919000015258789,0.7090000152587891,48,Left Foot,Open Play,Blocked Shot
Premier League,2526,Tottenham v Bournemouth,Bournemouth,David Brooks,2025,28799,2025-08-30,640224,,0.02855549193918705,0.71,0.75,20,Left Foot,Direct Freekick,Saved Shot
Premier League,2526,Tottenham v Bournemouth,Bournemouth,David Brooks,2025,28799,2025-08-30,640225,Alex Scott,0.10050594806671143,0.9269999694824219,0.544000015258789,20,,From Corner,Missed Shot
Premier League,2526,Tottenham v Bournemouth,Bournemouth,David Brooks,2025,28799,2025-08-30,640232,Evanilson,0.06823419034481049,0.895,0.33299999237060546,48,Left Foot,Open Play,Blocked Shot
Premier League,2526,Tottenham v Bournemouth,Bournemouth,David Brooks,2025,28799,2025-08-30,640234,Evanilson,0.08793351799249649,0.8630000305175781,0.6279999923706054,52,Left Foot,Open Play,Saved Shot
Premier League,2526,Tottenham v Bournemouth,Bournemouth,Evanilson,2025,28799,2025-08-30,640220,Marcos Senesi,0.06930409371852875,0.9159999847412109,0.674000015258789,4,Left Foot,Open Play,Goal
Premier League,2526,Tottenham v Bournemouth,Bournemouth,Evanilson,2025,28799,2025-08-30,640221,,0.0680580884218216,0.815,0.5109999847412109,6,Right Foot,Open Play,Missed Shot
Premier League,2526,Tottenham v Bournemouth,Bournemouth,Evanilson,2025,28799,2025-08-30,640223,Alex Scott,0.053629983216524124,0.9030000305175782,0.5420000076293945,16,,Open Play,Missed Shot
Premier League,2526,Tottenham v Bournemouth,Bournemouth,Evanilson,2025,28799,2025-08-30,640227,Adrien Truffert,0.08631952106952667,0.9330000305175781,0.534000015258789,42,,Open Play,Missed Shot
Premier League,2526,Tottenham v Bournemouth,Bournemouth,Evanilson,2025,28799,2025-08-30,640231,David Brooks,0.3890567719936371,0.9530000305175781,0.40200000762939453,48,Right Foot,Open Play,Saved Shot
Premier League,2526,Tottenham v Bournemouth,Bournemouth,Marcos Senesi,2025,28799,2025-08-30,640228,,0.020391372963786125,0.725,0.45,44,Left Foot,Open Play,Blocked Shot
Premier League,2526,Tottenham v Bournemouth,Bournemouth,Marcus Tavernier,2025,28799,2025-08-30,640226,Antoine Semenyo,0.09486189484596252,0.874000015258789,0.6379999923706055,27,Left Foot,Open Play,Blocked Shot
Premier League,2526,Tottenham v Bournemouth,Bournemouth,Marcus Tavernier,2025,28799,2025-08-30,640237,,0.360321968793869,0.9619999694824218,0.37799999237060544,65,Right Foot,Open Play,Missed Shot
Premier League,2526,Tottenham v Bournemouth,Bournemouth,Marcus Tavernier,2025,28799,2025-08-30,640238,Amine Adli,0.02112388238310814,0.7680000305175781,0.36400001525878906,66,Left Foot,Set Piece,Missed Shot
Premier League,2526,Tottenham v Bournemouth,Bournemouth,Tyler Adams,2025,28799,2025-08-30,640240,Bafode Diakite,0.04962950944900513,0.9430000305175781,0.32099998474121094,74,Right Foot,From Corner,Saved Shot
Premier League,2526,Tottenham v Bournemouth,Tottenham,Iyenoma Destiny Udogie,2025,28799,2025-08-30,640243,Mohammed Kudus,0.010849026031792164,0.885,0.5879999923706055,97,,Set Piece,Missed Shot
Premier League,2526,Tottenham v Bournemouth,Tottenham,Lucas Bergvall,2025,28799,2025-08-30,640239,Richarlison,0.06134890392422676,0.8430000305175781,0.47200000762939454,67,Left Foot,Open Play,Saved Shot
Premier League,2526,Tottenham v Bournemouth,Tottenham,Mathys Tel,2025,28799,2025-08-30,640242,Djed Spence,0.03729104623198509,0.8159999847412109,0.495,91,Right Foot,Open Play,Missed Shot
Premier League,2526,Tottenham v Bournemouth,Tottenham,Pedro Porro,2025,28799,2025-08-30,640235,,0.011876707896590233,0.7090000152587891,0.41700000762939454,54,Right Foot,Open Play,Blocked Shot
Premier League,2526,Tottenham v Bournemouth,Tottenham,Wilson Odobert,2025,28799,2025-08-30,640241,,0.049304671585559845,0.870999984741211,0.654000015258789,78,Right Foot,Open Play,Missed Shot
Premier League,2526,Wolverhampton Wanderers v Everton,Everton,Beto,2025,28800,2025-08-30,640245,Jack Grealish,0.6768185496330261,0.975999984741211,0.4759999847412109,6,,Open Play,Goal
Premier League,2526,Wolverhampton Wanderers v Everton,Everton,Idrissa Gueye,2025,28800,2025-08-30,640251,Beto,0.10769732296466827,0.8519999694824218,0.46799999237060547,45,Right Foot,Open Play,Blocked Shot
Premier League,2526,Wolverhampton Wanderers v Everton,Everton,Idrissa Gueye,2025,28800,2025-08-30,640255,Iliman Ndiaye,0.07528137415647507,0.8159999847412109,0.524000015258789,62,Left Foot,Open Play,Blocked Shot
Premier League,2526,Wolverhampton Wanderers v Everton,Everton,Idrissa Gueye,2025,28800,2025-08-30,640256,Iliman Ndiaye,0.010578927583992481,0.6279999923706054,0.06400000095367432,69,Right Foot,Open Play,Missed Shot
Premier League,2526,Wolverhampton Wanderers v Everton,Everton,Iliman Ndiaye,2025,28800,2025-08-30,640250,Kiernan Dewsbury-Hall,0.5479457378387451,0.9290000152587891,0.46799999237060547,32,Left Foot,Open Play,Goal
Premier League,2526,Wolverhampton Wanderers v Everton,Everton,Jack Grealish,2025,28800,2025-08-30,640247,Idrissa Gueye,0.08991742134094238,0.9080000305175782,0.649000015258789,25,Left Foot,Open Play,Blocked Shot
Premier League,2526,Wolverhampton Wanderers v Everton,Everton,Jack Grealish,2025,28800,2025-08-30,640249,Kiernan Dewsbury-Hall,0.331046462059021,0.9430000305175781,0.685,32,Right Foot,Set Piece,Saved Shot
Premier League,2526,Wolverhampton Wanderers v Everton,Everton,Jake O&#039;Brien,2025,28800,2025-08-30,640258,Kiernan Dewsbury-Hall,0.053000710904598236,0.9119999694824219,0.5120000076293946,75,,Set Piece,Missed Shot
Premier League,2526,Wolverhampton Wanderers v Everton,Everton,Kiernan Dewsbury-Hall,2025,28800,2025-08-30,640254,Jack Grealish,0.13513396680355072,0.874000015258789,0.6680000305175782,54,Left Foot,Open Play,Goal
Premier League,2526,Wolverhampton Wanderers v Everton,Everton,Tim Iroegbunam,2025,28800,2025-08-30,640263,,0.010492978617548943,0.7319999694824219,0.37099998474121093,85,Right Foot,Set Piece,Blocked Shot
Premier League,2526,Wolverhampton Wanderers v Everton,Wolverhampton Wanderers,Emmanuel Agbadou,2025,28800,2025-08-30,640248,,0.11522666364908218,0.9230000305175782,0.4809999847412109,27,Right Foot,From Corner,Missed Shot
Premier League,2526,Wolverhampton Wanderers v Everton,Wolverhampton Wanderers,Fernando López,2025,28800,2025-08-30,640262,,0.027839479967951775,0.7909999847412109,0.34900001525878904,83,Right Foot,From Corner,Blocked Shot
Premier League,2526,Wolverhampton Wanderers v Everton,Wolverhampton Wanderers,Hee-Chan Hwang,2025,28800,2025-08-30,640246,Marshall Munetsi,0.2901219427585602,0.8880000305175781,0.425,20,Left Foot,Open Play,Goal
Premier League,2526,Wolverhampton Wanderers v Everton,Wolverhampton Wanderers,Jean-Ricner Bellegarde,2025,28800,2025-08-30,640257,Hugo Bueno,0.00935379508882761,0.759000015258789,0.710999984741211,69,Right Foot,Open Play,Blocked Shot
Premier League,2526,Wolverhampton Wanderers v Everton,Wolverhampton Wanderers,Jean-Ricner Bellegarde,2025,28800,2025-08-30,640264,João Gomes,0.01821996085345745,0.7619999694824219,0.7019999694824218,93,Right Foot,Open Play,Saved Shot
Premier League,2526,Wolverhampton Wanderers v Everton,Wolverhampton Wanderers,Jhon Arias,2025,28800,2025-08-30,640244,Emmanuel Agbadou,0.008969185873866081,0.6780000305175782,0.4809999847412109,3,Right Foot,Open Play,Saved Shot
Premier League,2526,Wolverhampton Wanderers v Everton,Wolverhampton Wanderers,João Gomes,2025,28800,2025-08-30,640253,Toti,0.014118862338364124,0.69,0.46,48,Right Foot,Open Play,Missed Shot
Premier League,2526,Wolverhampton Wanderers v Everton,Wolverhampton Wanderers,Marshall Munetsi,2025,28800,2025-08-30,640252,Santiago Bueno,0.022240687161684036,0.8859999847412109,0.5509999847412109,48,,Open Play,Blocked Shot
Premier League,2526,Wolverhampton Wanderers v Everton,Wolverhampton Wanderers,Rodrigo Gomes,2025,28800,2025-08-30,640259,Marshall Munetsi,0.010102429427206516,0.7519999694824219,0.23,76,Right Foot,Open Play,Blocked Shot
Premier League,2526,Wolverhampton Wanderers v Everton,Wolverhampton Wanderers,Rodrigo Gomes,2025,28800,2025-08-30,640260,David Møller Wolfe,0.3058866262435913,0.919000015258789,0.47400001525878904,78,Right Foot,Open Play,Goal
Premier League,2526,Wolverhampton Wanderers v Everton,Wolverhampton Wanderers,Rodrigo Gomes,2025,28800,2025-08-30,640265,,0.08049774914979935,0.8780000305175781,0.5220000076293946,93,Left Foot,Open Play,Missed Shot
Premier League,2526,Wolverhampton Wanderers v Everton,Wolverhampton Wanderers,Toti,2025,28800,2025-08-30,640261,Jean-Ricner Bellegarde,0.04335310682654381,0.93,0.585,83,,From Corner,Blocked Shot
Premier League,2526,Aston Villa v Crystal Palace,Aston Villa,Donyell Malen,2025,28807,2025-08-31,641132,,0.2824046313762665,0.9640000152587891,0.35,72,Right Foot,Open Play,Missed Shot
Premier League,2526,Aston Villa v Crystal Palace,Aston Villa,Donyell Malen,2025,28807,2025-08-31,641134,,0.025419285520911217,0.7709999847412109,0.519000015258789,81,Right Foot,Open Play,Missed Shot
Premier League,2526,Aston Villa v Crystal Palace,Aston Villa,Emiliano Buendía,2025,28807,2025-08-31,641135,,0.03309221938252449,0.8469999694824218,0.32099998474121094,83,Right Foot,Set Piece,Missed Shot
Premier League,2526,Aston Villa v Crystal Palace,Aston Villa,Evann Guessand,2025,28807,2025-08-31,641121,Ollie Watkins,0.06263919174671173,0.8630000305175781,0.6430000305175781,23,Right Foot,Open Play,Saved Shot
Premier League,2526,Aston Villa v Crystal Palace,Aston Villa,Ian Maatsen,2025,28807,2025-08-31,641131,Emiliano Buendía,0.07754640281200409,0.8769999694824219,0.63,72,Left Foot,Open Play,Blocked Shot
Premier League,2526,Aston Villa v Crystal Palace,Aston Villa,Matthew Cash,2025,28807,2025-08-31,641128,Youri Tielemans,0.01937158778309822,0.7180000305175781,0.40099998474121096,58,Right Foot,From Corner,Missed Shot
Premier League,2526,Aston Villa v Crystal Palace,Aston Villa,Morgan Rogers,2025,28807,2025-08-31,641127,Emiliano Buendía,0.09427406638860703,0.8569999694824219,0.6419999694824219,58,Right Foot,Open Play,Saved Shot
Premier League,2526,Aston Villa v Crystal Palace,Aston Villa,Ollie Watkins,2025,28807,2025-08-31,641123,John McGinn,0.41721436381340027,0.9430000305175781,0.5409999847412109,40,Right Foot,Open Play,Saved Shot
Premier League,2526,Aston Villa v Crystal Palace,Aston Villa,Ollie Watkins,2025,28807,2025-08-31,641125,Ezri Konsa Ngoyo,0.04962930828332901,0.89,0.325,47,Right Foot,Open Play,Missed Shot
Premier League,2526,Aston Villa v Crystal Palace,Aston Villa,Ollie Watkins,2025,28807,2025-08-31,641130,Matthew Cash,0.0745130330324173,0.89,0.4809999847412109,70,,Open Play,Missed Shot
Premier League,2526,Aston Villa v Crystal Palace,Aston Villa,Youri Tielemans,2025,28807,2025-08-31,641119,Ian Maatsen,0.04001225531101227,0.909000015258789,0.585,1,,From Corner,Missed Shot
Premier League,2526,Aston Villa v Crystal Palace,Aston Villa,Youri Tielemans,2025,28807,2025-08-31,641124,Ian Maatsen,0.035743918269872665,0.9290000152587891,0.6070000076293945,40,,From Corner,Missed Shot
Premier League,2526,Aston Villa v Crystal Palace,Aston Villa,Youri Tielemans,2025,28807,2025-08-31,641126,Emiliano Buendía,0.015896538272500038,0.7230000305175781,0.535,53,Right Foot,Open Play,Saved Shot
Premier League,2526,Aston Villa v Crystal Palace,Crystal Palace,Ismaila Sarr,2025,28807,2025-08-31,641122,Daniel Muñoz,0.8677292466163635,0.980999984741211,0.5220000076293946,28,,Open Play,Missed Shot
Premier League,2526,Aston Villa v Crystal Palace,Crystal Palace,Ismaila Sarr,2025,28807,2025-08-31,641133,Maxence Lacroix,0.5764108896255493,0.97,0.5379999923706055,77,,Open Play,Goal
Premier League,2526,Aston Villa v Crystal Palace,Crystal Palace,Jean-Philippe Mateta,2025,28807,2025-08-31,641120,,0.7611688375473022,0.885,0.5,20,Right Foot,,Goal
Premier League,2526,Aston Villa v Crystal Palace,Crystal Palace,Jefferson Lerma,2025,28807,2025-08-31,641136,Yeremi Pino,0.31956174969673157,0.8969999694824219,0.629000015258789,90,Left Foot,Open Play,Saved Shot
Premier League,2526,Aston Villa v Crystal Palace,Crystal Palace,Marc Guehi,2025,28807,2025-08-31,641129,,0.05063970759510994,0.8440000152587891,0.6940000152587891,67,Right Foot,Open Play,Goal
Premier League,2526,Aston Villa v Crystal Palace,Crystal Palace,Yeremi Pino,2025,28807,2025-08-31,641137,Tyrick Mitchell,0.02161698043346405,0.7469999694824219,0.5729999923706055,92,Right Foot,Open Play,Blocked Shot
Premier League,2526,Brighton v Manchester City,Brighton,Brajan Gruda,2025,28805,2025-08-31,640762,Yasin Ayari,0.024503638967871666,0.775,0.6630000305175782,82,Left Foot,Open Play,Saved Shot
Premier League,2526,Brighton v Manchester City,Brighton,Brajan Gruda,2025,28805,2025-08-31,640763,Kaoru Mitoma,0.08022035658359528,0.865999984741211,0.31799999237060544,86,Left Foot,Open Play,Blocked Shot
Premier League,2526,Brighton v Manchester City,Brighton,Brajan Gruda,2025,28805,2025-08-31,640766,Kaoru Mitoma,0.36753395199775696,0.905,0.435,88,Right Foot,Open Play,Goal
Premier League,2526,Brighton v Manchester City,Brighton,Georginio Rutter,2025,28805,2025-08-31,640761,Yankuba Minteh,0.07031069695949554,0.894000015258789,0.67,80,Left Foot,Open Play,Saved Shot
Premier League,2526,Brighton v Manchester City,Brighton,James Milner,2025,28805,2025-08-31,640756,,0.7611688375473022,0.885,0.5,66,Right Foot,,Goal
Premier League,2526,Brighton v Manchester City,Brighton,Jan Paul van Hecke,2025,28805,2025-08-31,640764,,0.6146281957626343,0.9590000152587891,0.509000015258789,87,Left Foot,From Corner,Saved Shot
Premier League,2526,Brighton v Manchester City,Brighton,Kaoru Mitoma,2025,28805,2025-08-31,640746,Danny Welbeck,0.050700414925813675,0.7819999694824219,0.36,18,Right Foot,Open Play,Saved Shot
Premier League,2526,Brighton v Manchester City,Brighton,Kaoru Mitoma,2025,28805,2025-08-31,640760,Georginio Rutter,0.054669469594955444,0.865,0.675,78,Right Foot,Open Play,Blocked Shot
Premier League,2526,Brighton v Manchester City,Brighton,Lewis Dunk,2025,28805,2025-08-31,640755,Yasin Ayari,0.017949020490050316,0.915,0.7090000152587891,64,Right Foot,Set Piece,Blocked Shot
Premier League,2526,Brighton v Manchester City,Brighton,Lewis Dunk,2025,28805,2025-08-31,640765,,0.022686446085572243,0.860999984741211,0.6220000076293946,87,Right Foot,From Corner,Missed Shot
Premier League,2526,Brighton v Manchester City,Brighton,Yankuba Minteh,2025,28805,2025-08-31,640754,Kaoru Mitoma,0.09575819969177246,0.8419999694824218,0.6170000076293946,61,Left Foot,Open Play,Saved Shot
Premier League,2526,Brighton v Manchester City,Brighton,Yankuba Minteh,2025,28805,2025-08-31,640757,Brajan Gruda,0.048511818051338196,0.8690000152587891,0.37,70,Left Foot,Open Play,Missed Shot
Premier League,2526,Brighton v Manchester City,Manchester City,Erling Haaland,2025,28805,2025-08-31,640745,Omar Marmoush,0.20762209594249725,0.855999984741211,0.625,8,Left Foot,Open Play,Saved Shot
Premier League,2526,Brighton v Manchester City,Manchester City,Erling Haaland,2025,28805,2025-08-31,640747,Tijjani Reijnders,0.06028285622596741,0.8169999694824219,0.5329999923706055,23,Left Foot,Open Play,Missed Shot
Premier League,2526,Brighton v Manchester City,Manchester City,Erling Haaland,2025,28805,2025-08-31,640748,Rayan Ait Nouri,0.1493370234966278,0.9690000152587891,0.4329999923706055,24,,Open Play,Saved Shot
Premier League,2526,Brighton v Manchester City,Manchester City,Erling Haaland,2025,28805,2025-08-31,640749,Rodri,0.04459486901760101,0.9209999847412109,0.5720000076293945,25,,Open Play,Missed Shot
Premier League,2526,Brighton v Manchester City,Manchester City,Erling Haaland,2025,28805,2025-08-31,640751,Omar Marmoush,0.788413941860199,0.9519999694824218,0.500999984741211,33,Left Foot,Open Play,Goal
Premier League,2526,Brighton v Manchester City,Manchester City,Erling Haaland,2025,28805,2025-08-31,640759,Tijjani Reijnders,0.05085253715515137,0.9230000305175782,0.505,76,,From Corner,Missed Shot
Premier League,2526,Brighton v Manchester City,Manchester City,Erling Haaland,2025,28805,2025-08-31,640767,,0.06539377570152283,0.8880000305175781,0.3970000076293945,95,Left Foot,Open Play,Missed Shot
Premier League,2526,Brighton v Manchester City,Manchester City,Nico O&#039;Reilly,2025,28805,2025-08-31,640758,Jéremy Doku,0.013379187323153019,0.6980000305175781,0.5170000076293946,76,Left Foot,Open Play,Blocked Shot
Premier League,2526,Brighton v Manchester City,Manchester City,Omar Marmoush,2025,28805,2025-08-31,640750,,0.08242393285036087,0.9130000305175782,0.3990000152587891,27,Left Foot,From Corner,Missed Shot
Premier League,2526,Brighton v Manchester City,Manchester City,Oscar Bobb,2025,28805,2025-08-31,640753,,0.6138288378715515,0.9119999694824219,0.4590000152587891,59,Right Foot,Open Play,Missed Shot
Premier League,2526,Brighton v Manchester City,Manchester City,Rodri,2025,28805,2025-08-31,640752,,0.04254832863807678,0.7819999694824219,0.6070000076293945,42,Left Foot,Open Play,Missed Shot
Premier League,2526,Brighton v Manchester City,Manchester City,Tijjani Reijnders,2025,28805,2025-08-31,640768,Jéremy Doku,0.01550334319472313,0.76,0.6919999694824219,97,Right Foot,Open Play,Missed Shot
Premier League,2526,Liverpool v Arsenal,Arsenal,Declan Rice,2025,28806,2025-08-31,640941,,0.02633870579302311,0.6869999694824219,0.7330000305175781,28,Right Foot,Direct Freekick,Missed Shot
Premier League,2526,Liverpool v Arsenal,Arsenal,Gabriel,2025,28806,2025-08-31,640950,,0.02105015330016613,0.77,0.55,62,Left Foot,Open Play,Blocked Shot
Premier League,2526,Liverpool v Arsenal,Arsenal,Jurriën Timber,2025,28806,2025-08-31,640944,Viktor Gyokeres,0.08937656879425049,0.855,0.445,38,Right Foot,Open Play,Blocked Shot
Premier League,2526,Liverpool v Arsenal,Arsenal,Martín Zubimendi,2025,28806,2025-08-31,640957,Viktor Gyokeres,0.027894919738173485,0.8769999694824219,0.48900001525878906,96,,Open Play,Blocked Shot
Premier League,2526,Liverpool v Arsenal,Arsenal,Max Dowman,2025,28806,2025-08-31,640956,,0.061159078031778336,0.9380000305175781,0.35400001525878905,94,Left Foot,Open Play,Blocked Shot
Premier League,2526,Liverpool v Arsenal,Arsenal,Noni Madueke,2025,28806,2025-08-31,640940,,0.06363651156425476,0.860999984741211,0.5620000076293945,21,Left Foot,From Corner,Saved Shot
Premier League,2526,Liverpool v Arsenal,Arsenal,Noni Madueke,2025,28806,2025-08-31,640943,David Raya,0.049500007182359695,0.9069999694824219,0.3129999923706055,35,Left Foot,Open Play,Blocked Shot
Premier League,2526,Liverpool v Arsenal,Arsenal,Noni Madueke,2025,28806,2025-08-31,640951,,0.02296319603919983,0.870999984741211,0.634000015258789,63,Left Foot,From Corner,Missed Shot
Premier League,2526,Liverpool v Arsenal,Arsenal,Riccardo Calafiori,2025,28806,2025-08-31,640945,,0.041967615485191345,0.865999984741211,0.67,38,Right Foot,Open Play,Blocked Shot
Premier League,2526,Liverpool v Arsenal,Arsenal,Riccardo Calafiori,2025,28806,2025-08-31,640946,Declan Rice,0.02815292961895466,0.91,0.5320000076293945,39,,From Corner,Missed Shot
Premier League,2526,Liverpool v Arsenal,Arsenal,Riccardo Calafiori,2025,28806,2025-08-31,640949,Jurriën Timber,0.05862429365515709,0.8159999847412109,0.5179999923706055,62,Left Foot,Open Play,Blocked Shot
Premier League,2526,Liverpool v Arsenal,Liverpool,Alexis Mac Allister,2025,28806,2025-08-31,640942,,0.06511340290307999,0.8380000305175781,0.49,33,Right Foot,Open Play,Blocked Shot
Premier League,2526,Liverpool v Arsenal,Liverpool,Cody Gakpo,2025,28806,2025-08-31,640939,Ryan Gravenberch,0.024450471624732018,0.7880000305175782,0.6859999847412109,12,Right Foot,Open Play,Missed Shot
Premier League,2526,Liverpool v Arsenal,Liverpool,Cody Gakpo,2025,28806,2025-08-31,640952,Curtis Jones,0.037899378687143326,0.8369999694824218,0.6790000152587891,65,Right Foot,Open Play,Saved Shot
Premier League,2526,Liverpool v Arsenal,Liverpool,Dominik Szoboszlai,2025,28806,2025-08-31,640955,,0.036956995725631714,0.6969999694824218,0.5109999847412109,82,Right Foot,Direct Freekick,Goal
Premier League,2526,Liverpool v Arsenal,Liverpool,Federico Chiesa,2025,28806,2025-08-31,640958,Cody Gakpo,0.09697931259870529,0.8159999847412109,0.5359999847412109,96,Left Foot,Open Play,Blocked Shot
Premier League,2526,Liverpool v Arsenal,Liverpool,Florian Wirtz,2025,28806,2025-08-31,640948,Alexis Mac Allister,0.09152144193649292,0.8640000152587891,0.40900001525878904,59,Left Foot,Open Play,Saved Shot
Premier League,2526,Liverpool v Arsenal,Liverpool,Florian Wirtz,2025,28806,2025-08-31,640954,Dominik Szoboszlai,0.03474712371826172,0.8209999847412109,0.425,73,Right Foot,From Corner,Blocked Shot
Premier League,2526,Liverpool v Arsenal,Liverpool,Mohamed Salah,2025,28806,2025-08-31,640953,Florian Wirtz,0.07573796063661575,0.845999984741211,0.39799999237060546,72,Left Foot,Open Play,Blocked Shot
Premier League,2526,Liverpool v Arsenal,Liverpool,Ryan Gravenberch,2025,28806,2025-08-31,640947,Alexis Mac Allister,0.017997510731220245,0.700999984741211,0.44299999237060544,51,Right Foot,Open Play,Missed Shot
Premier League,2526,Nottingham Forest v West Ham,Nottingham Forest,Callum Hudson-Odoi,2025,28804,2025-08-31,640733,Elliot Anderson,0.04034300148487091,0.9080000305175782,0.74,62,Right Foot,Open Play,Saved Shot
Premier League,2526,Nottingham Forest v West Ham,Nottingham Forest,Chris Wood,2025,28804,2025-08-31,640726,Callum Hudson-Odoi,0.2730753421783447,0.9059999847412109,0.46599998474121096,46,,Open Play,Saved Shot
Premier League,2526,Nottingham Forest v West Ham,Nottingham Forest,Chris Wood,2025,28804,2025-08-31,640730,James McAtee,0.10693097114562988,0.865999984741211,0.45099998474121095,60,Right Foot,Open Play,Missed Shot
Premier League,2526,Nottingham Forest v West Ham,Nottingham Forest,Chris Wood,2025,28804,2025-08-31,640734,Ola Aina,0.040244463831186295,0.8930000305175781,0.5470000076293945,66,,Open Play,Missed Shot
Premier League,2526,Nottingham Forest v West Ham,Nottingham Forest,Elliot Anderson,2025,28804,2025-08-31,640732,Callum Hudson-Odoi,0.015127431601285934,0.774000015258789,0.7069999694824218,61,Right Foot,Open Play,Blocked Shot
Premier League,2526,Nottingham Forest v West Ham,Nottingham Forest,Morgan Gibbs-White,2025,28804,2025-08-31,640724,Elliot Anderson,0.019577354192733765,0.9619999694824218,0.5970000076293945,17,,From Corner,Blocked Shot
Premier League,2526,Nottingham Forest v West Ham,Nottingham Forest,Morgan Gibbs-White,2025,28804,2025-08-31,640729,Callum Hudson-Odoi,0.04551553353667259,0.960999984741211,0.7180000305175781,59,Left Foot,Open Play,Saved Shot
Premier League,2526,Nottingham Forest v West Ham,Nottingham Forest,Neco Williams,2025,28804,2025-08-31,640731,,0.06776181608438492,0.8490000152587891,0.55,61,Right Foot,Open Play,Blocked Shot
Premier League,2526,Nottingham Forest v West Ham,Nottingham Forest,Nikola Milenkovic,2025,28804,2025-08-31,640737,Elliot Anderson,0.0842909961938858,0.9169999694824219,0.539000015258789,71,,From Corner,Missed Shot
Premier League,2526,Nottingham Forest v West Ham,Nottingham Forest,Ola Aina,2025,28804,2025-08-31,640741,,0.014259714633226395,0.855,0.23200000762939454,89,Right Foot,Open Play,Blocked Shot
Premier League,2526,Nottingham Forest v West Ham,Nottingham Forest,Ola Aina,2025,28804,2025-08-31,640744,,0.008891460485756397,0.764000015258789,0.26299999237060545,99,Right Foot,Open Play,Blocked Shot
Premier League,2526,Nottingham Forest v West Ham,West Ham,Callum Wilson,2025,28804,2025-08-31,640735,Lucas Paquetá,0.03393476828932762,0.8119999694824219,0.38299999237060545,67,Right Foot,Open Play,Saved Shot
Premier League,2526,Nottingham Forest v West Ham,West Ham,Callum Wilson,2025,28804,2025-08-31,640738,Lucas Paquetá,0.06967318803071976,0.9680000305175781,0.3240000152587891,80,Right Foot,Set Piece,Saved Shot
Premier League,2526,Nottingham Forest v West Ham,West Ham,Callum Wilson,2025,28804,2025-08-31,640742,El Hadji Malick Diouf,0.31998011469841003,0.919000015258789,0.48,90,,Open Play,Goal
Premier League,2526,Nottingham Forest v West Ham,West Ham,Callum Wilson,2025,28804,2025-08-31,640743,Jarrod Bowen,0.5732597708702087,0.9180000305175782,0.44400001525878907,97,Right Foot,Open Play,Saved Shot
Premier League,2526,Nottingham Forest v West Ham,West Ham,Jarrod Bowen,2025,28804,2025-08-31,640739,Crysencio Summerville,0.06273777037858963,0.815,0.5259999847412109,83,Left Foot,Open Play,Goal
Premier League,2526,Nottingham Forest v West Ham,West Ham,Konstantinos Mavropanos,2025,28804,2025-08-31,640736,James Ward-Prowse,0.08467678725719452,0.9169999694824219,0.5379999923706055,68,,From Corner,Missed Shot
Premier League,2526,Nottingham Forest v West Ham,West Ham,Lucas Paquetá,2025,28804,2025-08-31,640725,Mateus Fernandes,0.09636712819337845,0.87,0.5729999923706055,38,Left Foot,Open Play,Saved Shot
Premier League,2526,Nottingham Forest v West Ham,West Ham,Lucas Paquetá,2025,28804,2025-08-31,640727,Jarrod Bowen,0.13509510457515717,0.9230000305175782,0.425,46,Right Foot,Open Play,Missed Shot
Premier League,2526,Nottingham Forest v West Ham,West Ham,Lucas Paquetá,2025,28804,2025-08-31,640740,,0.7611688375473022,0.885,0.5,87,Left Foot,,Goal
Premier League,2526,Nottingham Forest v West Ham,West Ham,Niclas Füllkrug,2025,28804,2025-08-31,640722,James Ward-Prowse,0.03938474506139755,0.9490000152587891,0.39,2,,From Corner,Missed Shot
Premier League,2526,Nottingham Forest v West Ham,West Ham,Niclas Füllkrug,2025,28804,2025-08-31,640723,James Ward-Prowse,0.024818886071443558,0.9619999694824218,0.40900001525878904,14,,From Corner,Missed Shot
Premier League,2526,Nottingham Forest v West Ham,West Ham,Niclas Füllkrug,2025,28804,2025-08-31,640728,Mateus Fernandes,0.034899093210697174,0.870999984741211,0.725999984741211,55,Left Foot,Open Play,Saved Shot
Premier League,2526,Arsenal v Nottingham Forest,Arsenal,Eberechi Eze,2025,28808,2025-09-13,641374,Viktor Gyokeres,0.034516386687755585,0.799000015258789,0.6220000076293946,13,Right Foot,Open Play,Blocked Shot
Premier League,2526,Arsenal v Nottingham Forest,Arsenal,Eberechi Eze,2025,28808,2025-09-13,641377,Martín Zubimendi,0.04990798607468605,0.845999984741211,0.6580000305175782,26,Right Foot,Open Play,Blocked Shot
Premier League,2526,Arsenal v Nottingham Forest,Arsenal,Ethan Nwaneri,2025,28808,2025-09-13,641376,,0.0504547581076622,0.840999984741211,0.43599998474121093,22,Left Foot,From Corner,Blocked Shot
Premier League,2526,Arsenal v Nottingham Forest,Arsenal,Ethan Nwaneri,2025,28808,2025-09-13,641386,Noni Madueke,0.057088371366262436,0.865999984741211,0.29100000381469726,51,Left Foot,Open Play,Missed Shot
Premier League,2526,Arsenal v Nottingham Forest,Arsenal,Ethan Nwaneri,2025,28808,2025-09-13,641387,Mikel Merino,0.13176925480365753,0.865999984741211,0.48400001525878905,56,Left Foot,Open Play,Missed Shot
Premier League,2526,Arsenal v Nottingham Forest,Arsenal,Gabriel,2025,28808,2025-09-13,641373,Noni Madueke,0.47992590069770813,0.960999984741211,0.45799999237060546,9,,From Corner,Missed Shot
Premier League,2526,Arsenal v Nottingham Forest,Arsenal,Gabriel,2025,28808,2025-09-13,641380,Riccardo Calafiori,0.01870153471827507,0.8030000305175782,0.7480000305175781,35,Left Foot,Open Play,Blocked Shot
Premier League,2526,Arsenal v Nottingham Forest,Arsenal,Jurriën Timber,2025,28808,2025-09-13,641378,Noni Madueke,0.0841638445854187,0.960999984741211,0.4640000152587891,28,,From Corner,Saved Shot
Premier League,2526,Arsenal v Nottingham Forest,Arsenal,Martín Zubimendi,2025,28808,2025-09-13,641379,,0.031676262617111206,0.8019999694824219,0.5,31,Right Foot,From Corner,Goal
Premier League,2526,Arsenal v Nottingham Forest,Arsenal,Martín Zubimendi,2025,28808,2025-09-13,641381,Ethan Nwaneri,0.048408184200525284,0.7809999847412109,0.49599998474121093,35,Right Foot,Open Play,Missed Shot
Premier League,2526,Arsenal v Nottingham Forest,Arsenal,Martín Zubimendi,2025,28808,2025-09-13,641390,Leandro Trossard,0.0945623442530632,0.9290000152587891,0.4620000076293945,78,,Set Piece,Goal
Premier League,2526,Arsenal v Nottingham Forest,Arsenal,Mikel Merino,2025,28808,2025-09-13,641372,,0.565120279788971,0.96,0.43599998474121093,6,Right Foot,Set Piece,Saved Shot
Premier League,2526,Arsenal v Nottingham Forest,Arsenal,Viktor Gyokeres,2025,28808,2025-09-13,641375,Noni Madueke,0.05540473386645317,0.9269999694824219,0.5590000152587891,20,,Open Play,Missed Shot
Premier League,2526,Arsenal v Nottingham Forest,Arsenal,Viktor Gyokeres,2025,28808,2025-09-13,641384,Eberechi Eze,0.5980789661407471,0.9369999694824219,0.5,45,Right Foot,Open Play,Goal
Premier League,2526,Arsenal v Nottingham Forest,Arsenal,Viktor Gyokeres,2025,28808,2025-09-13,641383,,0.48044416308403015,0.955,0.5870000076293945,48,Right Foot,Open Play,Blocked Shot
Premier League,2526,Arsenal v Nottingham Forest,Arsenal,Viktor Gyokeres,2025,28808,2025-09-13,641388,Noni Madueke,0.10147476941347122,0.93,0.3340000152587891,58,Right Foot,Open Play,Shot On Post
Premier League,2526,Arsenal v Nottingham Forest,Nottingham Forest,Arnaud Kalimuendo Muinga,2025,28808,2025-09-13,641389,,0.01928887516260147,0.8119999694824219,0.29200000762939454,66,Right Foot,Open Play,Blocked Shot
Premier League,2526,Arsenal v Nottingham Forest,Nottingham Forest,Arnaud Kalimuendo Muinga,2025,28808,2025-09-13,641392,James McAtee,0.09902611374855042,0.8719999694824219,0.35900001525878905,94,Right Foot,Open Play,Blocked Shot
Premier League,2526,Arsenal v Nottingham Forest,Nottingham Forest,Chris Wood,2025,28808,2025-09-13,641385,Dan Ndoye,0.092880979180336,0.8630000305175781,0.37599998474121094,51,,Open Play,Saved Shot
Premier League,2526,Arsenal v Nottingham Forest,Nottingham Forest,Morgan Gibbs-White,2025,28808,2025-09-13,641382,Chris Wood,0.071136474609375,0.8640000152587891,0.6090000152587891,45,Right Foot,Open Play,Missed Shot
Premier League,2526,Arsenal v Nottingham Forest,Nottingham Forest,Neco Williams,2025,28808,2025-09-13,641391,Arnaud Kalimuendo Muinga,0.011348750442266464,0.78,0.7180000305175781,92,Right Foot,Open Play,Blocked Shot
Premier League,2526,Bournemouth v Brighton,Bournemouth,Alex Scott,2025,28810,2025-09-13,641674,Antoine Semenyo,0.05486525595188141,0.8119999694824219,0.4379999923706055,17,Left Foot,Open Play,Goal
Premier League,2526,Bournemouth v Brighton,Bournemouth,Amine Adli,2025,28810,2025-09-13,641687,,0.048346079885959625,0.7419999694824219,0.36,74,Left Foot,Direct Freekick,Saved Shot
Premier League,2526,Bournemouth v Brighton,Bournemouth,Antoine Semenyo,2025,28810,2025-09-13,641677,Marcus Tavernier,0.07956228405237198,0.904000015258789,0.32599998474121095,35,Right Foot,Open Play,Missed Shot
Premier League,2526,Bournemouth v Brighton,Bournemouth,Antoine Semenyo,2025,28810,2025-09-13,641685,,0.7611688375473022,0.885,0.5,60,Right Foot,,Goal
Premier League,2526,Bournemouth v Brighton,Bournemouth,David Brooks,2025,28810,2025-09-13,641675,Veljko Milosavljevic,0.06701014190912247,0.87,0.5929999923706055,25,Right Foot,Open Play,Blocked Shot
Premier League,2526,Bournemouth v Brighton,Bournemouth,David Brooks,2025,28810,2025-09-13,641681,,0.04584584757685661,0.7390000152587891,0.649000015258789,47,Left Foot,Direct Freekick,Missed Shot
Premier League,2526,Bournemouth v Brighton,Bournemouth,Evanilson,2025,28810,2025-09-13,641676,Adrien Truffert,0.04853740707039833,0.874000015258789,0.47400001525878904,25,,Open Play,Missed Shot
Premier League,2526,Bournemouth v Brighton,Bournemouth,Evanilson,2025,28810,2025-09-13,641679,Adrien Truffert,0.033230289816856384,0.865999984741211,0.4590000152587891,47,,Open Play,Saved Shot
Premier League,2526,Bournemouth v Brighton,Bournemouth,Evanilson,2025,28810,2025-09-13,641680,,0.09722869843244553,0.860999984741211,0.44,47,Right Foot,Open Play,Blocked Shot
Premier League,2526,Bournemouth v Brighton,Bournemouth,James Hill,2025,28810,2025-09-13,641691,Justin Kluivert,0.06587860733270645,0.9540000152587891,0.44299999237060544,84,,From Corner,Saved Shot
Premier League,2526,Bournemouth v Brighton,Bournemouth,Justin Kluivert,2025,28810,2025-09-13,641688,Antoine Semenyo,0.06551827490329742,0.81,0.5379999923706055,77,Right Foot,Open Play,Blocked Shot
Premier League,2526,Bournemouth v Brighton,Bournemouth,Justin Kluivert,2025,28810,2025-09-13,641690,Tyler Adams,0.03533139452338219,0.8219999694824218,0.7119999694824218,80,Right Foot,Open Play,Blocked Shot
Premier League,2526,Bournemouth v Brighton,Bournemouth,Marcus Tavernier,2025,28810,2025-09-13,641686,Alex Scott,0.0393516980111599,0.8090000152587891,0.5,65,Left Foot,From Corner,Missed Shot
Premier League,2526,Bournemouth v Brighton,Brighton,Carlos Baleba,2025,28810,2025-09-13,641692,,0.023395296186208725,0.76,0.4929999923706055,85,Left Foot,Open Play,Missed Shot
Premier League,2526,Bournemouth v Brighton,Brighton,Danny Welbeck,2025,28810,2025-09-13,641684,,0.08615773916244507,0.8880000305175781,0.45,54,Right Foot,From Corner,Missed Shot
Premier League,2526,Bournemouth v Brighton,Brighton,Kaoru Mitoma,2025,28810,2025-09-13,641682,Yankuba Minteh,0.16583633422851562,0.9740000152587891,0.5940000152587891,47,,Open Play,Goal
Premier League,2526,Bournemouth v Brighton,Brighton,Yankuba Minteh,2025,28810,2025-09-13,641678,Georginio Rutter,0.2618991434574127,0.935,0.31799999237060544,39,Right Foot,Open Play,Saved Shot
Premier League,2526,Bournemouth v Brighton,Brighton,Yankuba Minteh,2025,28810,2025-09-13,641683,Joël Veltman,0.05745750293135643,0.9430000305175781,0.2989999961853027,53,Left Foot,Open Play,Blocked Shot
Premier League,2526,Bournemouth v Brighton,Brighton,Yankuba Minteh,2025,28810,2025-09-13,641689,Lewis Dunk,0.030177410691976547,0.860999984741211,0.27100000381469724,79,Left Foot,Set Piece,Blocked Shot
Premier League,2526,Brentford v Chelsea,Brentford,Fabio Carvalho,2025,28815,2025-09-13,642012,Kristoffer Ajer,0.6487218737602234,0.975,0.4620000076293945,92,Right Foot,Open Play,Goal
Premier League,2526,Brentford v Chelsea,Brentford,Kevin Schade,2025,28815,2025-09-13,641992,Thiago,0.14841710031032562,0.8919999694824219,0.5520000076293945,5,Right Foot,Open Play,Blocked Shot
Premier League,2526,Brentford v Chelsea,Brentford,Kevin Schade,2025,28815,2025-09-13,641993,Yehor Yarmolyuk,0.03294559568166733,0.8830000305175781,0.534000015258789,5,,From Corner,Missed Shot
Premier League,2526,Brentford v Chelsea,Brentford,Kevin Schade,2025,28815,2025-09-13,641995,Jordan Henderson,0.12247287482023239,0.889000015258789,0.595,34,Right Foot,Open Play,Goal
Premier League,2526,Brentford v Chelsea,Brentford,Kevin Schade,2025,28815,2025-09-13,642003,Mathias Jensen,0.0486978180706501,0.8440000152587891,0.4859999847412109,61,Right Foot,Open Play,Saved Shot
Premier League,2526,Brentford v Chelsea,Brentford,Kristoffer Ajer,2025,28815,2025-09-13,642011,Keane Lewis-Potter,0.08690817654132843,0.9130000305175782,0.4859999847412109,88,,From Corner,Saved Shot
Premier League,2526,Brentford v Chelsea,Brentford,Rico Henry,2025,28815,2025-09-13,642009,Nathan Collins,0.08716833591461182,0.9080000305175782,0.5620000076293945,76,Left Foot,From Corner,Missed Shot
Premier League,2526,Brentford v Chelsea,Chelsea,Cole Palmer,2025,28815,2025-09-13,642002,João Pedro,0.07754337042570114,0.9,0.48,60,Left Foot,Open Play,Goal
Premier League,2526,Brentford v Chelsea,Chelsea,Cole Palmer,2025,28815,2025-09-13,642004,,0.0318642295897007,0.685,0.5890000152587891,64,Left Foot,Direct Freekick,Blocked Shot
Premier League,2526,Brentford v Chelsea,Chelsea,Cole Palmer,2025,28815,2025-09-13,642005,,0.012451309710741043,0.725999984741211,0.575999984741211,64,Left Foot,Set Piece,Blocked Shot
Premier League,2526,Brentford v Chelsea,Chelsea,Cole Palmer,2025,28815,2025-09-13,642008,Pedro Neto,0.09508585184812546,0.8490000152587891,0.485,74,Left Foot,Open Play,Saved Shot
Premier League,2526,Brentford v Chelsea,Chelsea,Cole Palmer,2025,28815,2025-09-13,642013,Alejandro Garnacho,0.08198987692594528,0.8809999847412109,0.6229999923706054,95,Left Foot,Open Play,Missed Shot
Premier League,2526,Brentford v Chelsea,Chelsea,Enzo Fernández,2025,28815,2025-09-13,641998,Facundo Buonanotte,0.06262177973985672,0.8809999847412109,0.67,44,Left Foot,Open Play,Blocked Shot
Premier League,2526,Brentford v Chelsea,Chelsea,Jamie Bynoe-Gittens,2025,28815,2025-09-13,641997,Trevoh Chalobah,0.019906282424926758,0.765,0.6730000305175782,42,Right Foot,Open Play,Saved Shot
Premier League,2526,Brentford v Chelsea,Chelsea,João Pedro,2025,28815,2025-09-13,641991,Facundo Buonanotte,0.10635886341333389,0.8669999694824219,0.5359999847412109,4,Left Foot,Open Play,Blocked Shot
Premier League,2526,Brentford v Chelsea,Chelsea,Marc Cucurella,2025,28815,2025-09-13,642000,Jamie Bynoe-Gittens,0.04027736932039261,0.84,0.6519999694824219,53,Right Foot,Open Play,Saved Shot
Premier League,2526,Brentford v Chelsea,Chelsea,Moisés Caicedo,2025,28815,2025-09-13,642010,,0.04658273607492447,0.805,0.514000015258789,84,Right Foot,Open Play,Goal
Premier League,2526,Brentford v Chelsea,Chelsea,Pedro Neto,2025,28815,2025-09-13,642006,Enzo Fernández,0.07125579565763474,0.915,0.35400001525878905,66,Left Foot,Open Play,Blocked Shot
Premier League,2526,Brentford v Chelsea,Chelsea,Pedro Neto,2025,28815,2025-09-13,642007,Marc Cucurella,0.01535288617014885,0.8480000305175781,0.6559999847412109,71,Left Foot,From Corner,Blocked Shot
Premier League,2526,Brentford v Chelsea,Chelsea,Reece James,2025,28815,2025-09-13,642001,Marc Cucurella,0.015657218173146248,0.75,0.505,59,Left Foot,Open Play,Blocked Shot
Premier League,2526,Brentford v Chelsea,Chelsea,Trevoh Chalobah,2025,28815,2025-09-13,641994,Enzo Fernández,0.027894023805856705,0.865999984741211,0.53,14,,Set Piece,Missed Shot
Premier League,2526,Brentford v Chelsea,Chelsea,Trevoh Chalobah,2025,28815,2025-09-13,641996,Pedro Neto,0.018075326457619667,0.7280000305175781,0.5640000152587891,40,Right Foot,Open Play,Missed Shot
Premier League,2526,Brentford v Chelsea,Chelsea,Tyrique George,2025,28815,2025-09-13,641999,Pedro Neto,0.03347869962453842,0.8880000305175781,0.2620000076293945,50,Right Foot,Open Play,Saved Shot
Premier League,2526,Crystal Palace v Sunderland,Crystal Palace,Chris Richards,2025,28811,2025-09-13,641709,Will Hughes,0.08138538897037506,0.9540000152587891,0.5170000076293946,89,,From Corner,Blocked Shot
Premier League,2526,Crystal Palace v Sunderland,Crystal Palace,Christantus Uche,2025,28811,2025-09-13,641707,Chris Richards,0.06011005491018295,0.9209999847412109,0.32799999237060545,87,Right Foot,Set Piece,Saved Shot
Premier League,2526,Crystal Palace v Sunderland,Crystal Palace,Daichi Kamada,2025,28811,2025-09-13,641704,,0.03141447901725769,0.8119999694824219,0.66,71,Right Foot,Open Play,Saved Shot
Premier League,2526,Crystal Palace v Sunderland,Crystal Palace,Daichi Kamada,2025,28811,2025-09-13,641708,,0.016900397837162018,0.7719999694824219,0.3940000152587891,87,Right Foot,Set Piece,Saved Shot
Premier League,2526,Crystal Palace v Sunderland,Crystal Palace,Daniel Muñoz,2025,28811,2025-09-13,641705,Justin Devenny,0.018717065453529358,0.76,0.33599998474121096,77,Right Foot,Open Play,Blocked Shot
Premier League,2526,Crystal Palace v Sunderland,Crystal Palace,Daniel Muñoz,2025,28811,2025-09-13,641712,Justin Devenny,0.09489134699106216,0.9730000305175781,0.5870000076293945,94,Left Foot,Open Play,Saved Shot
Premier League,2526,Crystal Palace v Sunderland,Crystal Palace,Jean-Philippe Mateta,2025,28811,2025-09-13,641699,Tyrick Mitchell,0.10853661596775055,0.9430000305175781,0.5829999923706055,49,Right Foot,Open Play,Saved Shot
Premier League,2526,Crystal Palace v Sunderland,Crystal Palace,Jean-Philippe Mateta,2025,28811,2025-09-13,641706,,0.562492847442627,0.9259999847412109,0.4979999923706055,78,Left Foot,Open Play,Saved Shot
Premier League,2526,Crystal Palace v Sunderland,Crystal Palace,Jefferson Lerma,2025,28811,2025-09-13,641693,Marc Guehi,0.015649624168872833,0.77,0.7230000305175781,8,Right Foot,Open Play,Missed Shot
Premier League,2526,Crystal Palace v Sunderland,Crystal Palace,Marc Guehi,2025,28811,2025-09-13,641711,,0.02337864227592945,0.905,0.555,92,,From Corner,Missed Shot
Premier League,2526,Crystal Palace v Sunderland,Crystal Palace,Will Hughes,2025,28811,2025-09-13,641710,,0.04396381601691246,0.7980000305175782,0.505,91,Right Foot,Open Play,Blocked Shot
Premier League,2526,Crystal Palace v Sunderland,Crystal Palace,Yeremi Pino,2025,28811,2025-09-13,641696,Will Hughes,0.022644711658358574,0.7680000305175781,0.3170000076293945,19,Right Foot,Open Play,Missed Shot
Premier League,2526,Crystal Palace v Sunderland,Crystal Palace,Yeremi Pino,2025,28811,2025-09-13,641697,Daichi Kamada,0.3241446316242218,0.8530000305175781,0.4620000076293945,35,Right Foot,Open Play,Missed Shot
Premier League,2526,Crystal Palace v Sunderland,Crystal Palace,Yeremi Pino,2025,28811,2025-09-13,641700,,0.3980400860309601,0.91,0.5570000076293945,49,Right Foot,Open Play,Blocked Shot
Premier League,2526,Crystal Palace v Sunderland,Sunderland,Chemsdine Talbi,2025,28811,2025-09-13,641698,Simon Adingra,0.10243286937475204,0.9359999847412109,0.41900001525878905,40,Right Foot,Open Play,Blocked Shot
Premier League,2526,Crystal Palace v Sunderland,Sunderland,Habib Diarra,2025,28811,2025-09-13,641703,Chemsdine Talbi,0.026251330971717834,0.7869999694824219,0.36,70,Left Foot,Open Play,Missed Shot
Premier League,2526,Crystal Palace v Sunderland,Sunderland,Noah Sadiki,2025,28811,2025-09-13,641694,Granit Xhaka,0.03912274166941643,0.9340000152587891,0.6790000152587891,14,Left Foot,Set Piece,Missed Shot
Premier League,2526,Crystal Palace v Sunderland,Sunderland,Wilson Isidor,2025,28811,2025-09-13,641695,Trai Hume,0.0347789041697979,0.8419999694824218,0.43599998474121093,15,Right Foot,Open Play,Missed Shot
Premier League,2526,Crystal Palace v Sunderland,Sunderland,Wilson Isidor,2025,28811,2025-09-13,641701,Trai Hume,0.030397489666938782,0.9519999694824218,0.23700000762939452,55,Right Foot,Open Play,Blocked Shot
Premier League,2526,Crystal Palace v Sunderland,Sunderland,Wilson Isidor,2025,28811,2025-09-13,641702,Nordi Mukiele,0.12114540487527847,0.9009999847412109,0.43,57,Right Foot,Open Play,Missed Shot
Premier League,2526,Everton v Aston Villa,Aston Villa,Emiliano Buendía,2025,28812,2025-09-13,641718,,0.010297061875462532,0.664000015258789,0.4329999923706055,23,Right Foot,Open Play,Missed Shot
Premier League,2526,Everton v Aston Villa,Aston Villa,Emiliano Buendía,2025,28812,2025-09-13,641726,,0.025294044986367226,0.78,0.38799999237060545,49,Right Foot,Open Play,Blocked Shot
Premier League,2526,Everton v Aston Villa,Aston Villa,Emiliano Buendía,2025,28812,2025-09-13,641729,Ollie Watkins,0.0572931282222271,0.8469999694824218,0.5209999847412109,58,Right Foot,Open Play,Blocked Shot
Premier League,2526,Everton v Aston Villa,Aston Villa,Lucas Digne,2025,28812,2025-09-13,641724,,0.05105186998844147,0.735999984741211,0.5879999923706055,46,Left Foot,Direct Freekick,Blocked Shot
Premier League,2526,Everton v Aston Villa,Aston Villa,Lucas Digne,2025,28812,2025-09-13,641728,,0.017628788948059082,0.8730000305175781,0.7030000305175781,54,Left Foot,From Corner,Blocked Shot
Premier League,2526,Everton v Aston Villa,Aston Villa,Morgan Rogers,2025,28812,2025-09-13,641721,Emiliano Buendía,0.061500489711761475,0.8109999847412109,0.49700000762939456,35,Right Foot,Open Play,Saved Shot
Premier League,2526,Everton v Aston Villa,Aston Villa,Tyrone Mings,2025,28812,2025-09-13,641727,Matthew Cash,0.13126161694526672,0.96,0.5420000076293945,54,,From Corner,Blocked Shot
Premier League,2526,Everton v Aston Villa,Everton,Beto,2025,28812,2025-09-13,641713,Iliman Ndiaye,0.15289561450481415,0.8980000305175782,0.4979999923706055,1,Right Foot,Open Play,Missed Shot
Premier League,2526,Everton v Aston Villa,Everton,Beto,2025,28812,2025-09-13,641716,Michael Keane,0.097673699259758,0.8909999847412109,0.5120000076293946,15,Right Foot,Open Play,Blocked Shot
Premier League,2526,Everton v Aston Villa,Everton,Beto,2025,28812,2025-09-13,641719,,0.1694575995206833,0.9630000305175781,0.5070000076293946,31,,Open Play,Blocked Shot
Premier League,2526,Everton v Aston Villa,Everton,Beto,2025,28812,2025-09-13,641725,James Garner,0.10211174935102463,0.9059999847412109,0.5109999847412109,47,Right Foot,Open Play,Missed Shot
Premier League,2526,Everton v Aston Villa,Everton,Idrissa Gueye,2025,28812,2025-09-13,641714,Kiernan Dewsbury-Hall,0.05689322203397751,0.815,0.524000015258789,7,Right Foot,Open Play,Missed Shot
Premier League,2526,Everton v Aston Villa,Everton,Idrissa Gueye,2025,28812,2025-09-13,641723,James Garner,0.016052626073360443,0.7390000152587891,0.6780000305175782,43,Right Foot,From Corner,Missed Shot
Premier League,2526,Everton v Aston Villa,Everton,Iliman Ndiaye,2025,28812,2025-09-13,641737,Jack Grealish,0.023306213319301605,0.8019999694824219,0.36,89,Left Foot,From Corner,Blocked Shot
Premier League,2526,Everton v Aston Villa,Everton,Jack Grealish,2025,28812,2025-09-13,641717,James Tarkowski,0.07919476926326752,0.8530000305175781,0.544000015258789,15,Right Foot,Open Play,Saved Shot
Premier League,2526,Everton v Aston Villa,Everton,Jack Grealish,2025,28812,2025-09-13,641722,Iliman Ndiaye,0.020058663561940193,0.9109999847412109,0.7369999694824219,39,Right Foot,Open Play,Blocked Shot
Premier League,2526,Everton v Aston Villa,Everton,Jake O&#039;Brien,2025,28812,2025-09-13,641730,,0.047719068825244904,0.8590000152587891,0.3290000152587891,61,Right Foot,Open Play,Blocked Shot
Premier League,2526,Everton v Aston Villa,Everton,James Garner,2025,28812,2025-09-13,641736,Jack Grealish,0.033003758639097214,0.835999984741211,0.644000015258789,89,Right Foot,From Corner,Blocked Shot
Premier League,2526,Everton v Aston Villa,Everton,Kiernan Dewsbury-Hall,2025,28812,2025-09-13,641735,Jack Grealish,0.04020765796303749,0.8340000152587891,0.5790000152587891,88,Left Foot,From Corner,Blocked Shot
Premier League,2526,Everton v Aston Villa,Everton,Merlin Röhl,2025,28812,2025-09-13,641733,James Garner,0.018728220835328102,0.7340000152587891,0.47700000762939454,84,Right Foot,Set Piece,Missed Shot
Premier League,2526,Everton v Aston Villa,Everton,Michael Keane,2025,28812,2025-09-13,641715,Kiernan Dewsbury-Hall,0.05495233088731766,0.9130000305175782,0.4979999923706055,10,,Set Piece,Missed Shot
Premier League,2526,Everton v Aston Villa,Everton,Michael Keane,2025,28812,2025-09-13,641720,James Garner,0.3184798061847687,0.970999984741211,0.5609999847412109,32,,From Corner,Missed Shot
Premier League,2526,Everton v Aston Villa,Everton,Michael Keane,2025,28812,2025-09-13,641732,Jack Grealish,0.06211274489760399,0.9180000305175782,0.5940000152587891,71,,Set Piece,Saved Shot
Premier League,2526,Everton v Aston Villa,Everton,Michael Keane,2025,28812,2025-09-13,641738,Jack Grealish,0.4606477618217468,0.9319999694824219,0.515,90,,Open Play,Missed Shot
Premier League,2526,Everton v Aston Villa,Everton,Thierno Barry,2025,28812,2025-09-13,641734,Merlin Röhl,0.08966526389122009,0.8909999847412109,0.6759999847412109,88,Left Foot,Open Play,Blocked Shot
Premier League,2526,Everton v Aston Villa,Everton,Thierno Barry,2025,28812,2025-09-13,641739,Jake O'Brien,0.03559846803545952,0.8859999847412109,0.4759999847412109,93,,Open Play,Missed Shot
Premier League,2526,Everton v Aston Villa,Everton,Tim Iroegbunam,2025,28812,2025-09-13,641731,,0.014639721252024174,0.76,0.34,61,Right Foot,Open Play,Blocked Shot
Premier League,2526,Fulham v Leeds,Fulham,Adama Traoré,2025,28813,2025-09-13,641753,Kevin,0.03330588713288307,0.89,0.44599998474121094,84,,Open Play,Missed Shot
Premier League,2526,Fulham v Leeds,Fulham,Harry Wilson,2025,28813,2025-09-13,641748,,0.07876777648925781,0.7709999847412109,0.43,57,Left Foot,Direct Freekick,Saved Shot
Premier League,2526,Fulham v Leeds,Fulham,Kevin,2025,28813,2025-09-13,641754,Ryan Sessegnon,0.020808398723602295,0.81,0.705999984741211,93,Right Foot,Open Play,Saved Shot
Premier League,2526,Fulham v Leeds,Fulham,Rodrigo Muniz,2025,28813,2025-09-13,641749,Sander Berge,0.408113569021225,0.92,0.545,69,,Open Play,Saved Shot
Premier League,2526,Fulham v Leeds,Fulham,Sasa Lukic,2025,28813,2025-09-13,641752,Ryan Sessegnon,0.5987980365753174,0.9540000152587891,0.5309999847412109,82,Right Foot,Open Play,Missed Shot
Premier League,2526,Fulham v Leeds,Leeds,Anton Stach,2025,28813,2025-09-13,641741,,0.046400513499975204,0.845999984741211,0.6569999694824219,29,Left Foot,Open Play,Blocked Shot
Premier League,2526,Fulham v Leeds,Leeds,Anton Stach,2025,28813,2025-09-13,641750,,0.017342116683721542,0.9319999694824219,0.725,74,Left Foot,Open Play,Blocked Shot
Premier League,2526,Fulham v Leeds,Leeds,Anton Stach,2025,28813,2025-09-13,641751,,0.019769959151744843,0.764000015258789,0.385,76,Right Foot,Open Play,Missed Shot
Premier League,2526,Fulham v Leeds,Leeds,Brenden Aaronson,2025,28813,2025-09-13,641744,Anton Stach,0.3879980444908142,0.92,0.600999984741211,47,Right Foot,Open Play,Saved Shot
Premier League,2526,Fulham v Leeds,Leeds,Dominic Calvert-Lewin,2025,28813,2025-09-13,641740,Brenden Aaronson,0.06038069725036621,0.919000015258789,0.534000015258789,15,,From Corner,Saved Shot
Premier League,2526,Fulham v Leeds,Leeds,Gabriel Gudmundsson,2025,28813,2025-09-13,641755,,0.0,0.09899999618530274,0.45099998474121095,93,,From Corner,Own Goal
Premier League,2526,Fulham v Leeds,Leeds,Jayden Bogle,2025,28813,2025-09-13,641742,Noah Okafor,0.03432764112949371,0.8669999694824219,0.28600000381469726,34,Right Foot,Open Play,Blocked Shot
Premier League,2526,Fulham v Leeds,Leeds,Jayden Bogle,2025,28813,2025-09-13,641747,,0.05580814182758331,0.7930000305175782,0.33099998474121095,54,Right Foot,Open Play,Saved Shot
Premier League,2526,Fulham v Leeds,Leeds,Noah Okafor,2025,28813,2025-09-13,641745,,0.08090850710868835,0.9130000305175782,0.6370000076293946,52,Left Foot,Open Play,Blocked Shot
Premier League,2526,Fulham v Leeds,Leeds,Noah Okafor,2025,28813,2025-09-13,641746,,0.08985226601362228,0.9340000152587891,0.6090000152587891,52,Left Foot,Open Play,Missed Shot
Premier League,2526,Fulham v Leeds,Leeds,Sean Longstaff,2025,28813,2025-09-13,641743,Dominic Calvert-Lewin,0.037609655410051346,0.8180000305175781,0.549000015258789,42,Right Foot,Open Play,Shot On Post
Premier League,2526,Newcastle United v Wolverhampton Wanderers,Newcastle United,Bruno Guimarães,2025,28809,2025-09-13,641673,William Osula,0.060651179403066635,0.799000015258789,0.5070000076293946,96,Right Foot,Open Play,Blocked Shot
Premier League,2526,Newcastle United v Wolverhampton Wanderers,Newcastle United,Dan Burn,2025,28809,2025-09-13,641659,Kieran Trippier,0.024346500635147095,0.9080000305175782,0.5379999923706055,27,,From Corner,Blocked Shot
Premier League,2526,Newcastle United v Wolverhampton Wanderers,Newcastle United,Harvey Barnes,2025,28809,2025-09-13,641655,,0.03400454670190811,0.78,0.5029999923706054,12,Right Foot,Open Play,Missed Shot
Premier League,2526,Newcastle United v Wolverhampton Wanderers,Newcastle United,Harvey Barnes,2025,28809,2025-09-13,641661,Kieran Trippier,0.032908760011196136,0.8330000305175781,0.7419999694824219,36,Right Foot,Open Play,Blocked Shot
Premier League,2526,Newcastle United v Wolverhampton Wanderers,Newcastle United,Harvey Barnes,2025,28809,2025-09-13,641669,Bruno Guimarães,0.032171860337257385,0.79,0.6090000152587891,73,Right Foot,Open Play,Missed Shot
Premier League,2526,Newcastle United v Wolverhampton Wanderers,Newcastle United,Jacob Murphy,2025,28809,2025-09-13,641652,Nick Woltemade,0.017971137538552284,0.76,0.3820000076293945,4,Left Foot,Open Play,Missed Shot
Premier League,2526,Newcastle United v Wolverhampton Wanderers,Newcastle United,Jacob Murphy,2025,28809,2025-09-13,641654,Joelinton,0.6109824776649475,0.955,0.485,12,Left Foot,Open Play,Saved Shot
Premier League,2526,Newcastle United v Wolverhampton Wanderers,Newcastle United,Jacob Murphy,2025,28809,2025-09-13,641664,Kieran Trippier,0.030443387106060982,0.7619999694824219,0.3890000152587891,42,Right Foot,Open Play,Missed Shot
Premier League,2526,Newcastle United v Wolverhampton Wanderers,Newcastle United,Jacob Murphy,2025,28809,2025-09-13,641665,,0.03931630030274391,0.7659999847412109,0.47400001525878904,48,Left Foot,Open Play,Blocked Shot
Premier League,2526,Newcastle United v Wolverhampton Wanderers,Newcastle United,Joe Willock,2025,28809,2025-09-13,641670,Fabian Schär,0.05826233699917793,0.88,0.37,84,Left Foot,Set Piece,Missed Shot
Premier League,2526,Newcastle United v Wolverhampton Wanderers,Newcastle United,Nick Woltemade,2025,28809,2025-09-13,641656,Kieran Trippier,0.048371315002441406,0.925,0.5309999847412109,15,,From Corner,Missed Shot
Premier League,2526,Newcastle United v Wolverhampton Wanderers,Newcastle United,Nick Woltemade,2025,28809,2025-09-13,641658,Bruno Guimarães,0.02996467426419258,0.860999984741211,0.34,24,Right Foot,Open Play,Blocked Shot
Premier League,2526,Newcastle United v Wolverhampton Wanderers,Newcastle United,Nick Woltemade,2025,28809,2025-09-13,641660,Jacob Murphy,0.08534660935401917,0.9459999847412109,0.55,29,,Open Play,Goal
Premier League,2526,Newcastle United v Wolverhampton Wanderers,Newcastle United,Sandro Tonali,2025,28809,2025-09-13,641666,,0.03023167885839939,0.774000015258789,0.4929999923706055,49,Left Foot,Open Play,Shot On Post
Premier League,2526,Newcastle United v Wolverhampton Wanderers,Newcastle United,Sandro Tonali,2025,28809,2025-09-13,641668,,0.022709323093295097,0.830999984741211,0.48900001525878906,49,Right Foot,From Corner,Saved Shot
Premier League,2526,Newcastle United v Wolverhampton Wanderers,Newcastle United,Sandro Tonali,2025,28809,2025-09-13,641667,Kieran Trippier,0.035368550568819046,0.85,0.3659999847412109,50,Right Foot,From Corner,Saved Shot
Premier League,2526,Newcastle United v Wolverhampton Wanderers,Wolverhampton Wanderers,Hee-Chan Hwang,2025,28809,2025-09-13,641651,,0.04107072204351425,0.8569999694824219,0.6409999847412109,0,Left Foot,From Corner,Saved Shot
Premier League,2526,Newcastle United v Wolverhampton Wanderers,Wolverhampton Wanderers,Hee-Chan Hwang,2025,28809,2025-09-13,641662,João Gomes,0.05461355298757553,0.9590000152587891,0.3970000076293945,38,,Open Play,Missed Shot
Premier League,2526,Newcastle United v Wolverhampton Wanderers,Wolverhampton Wanderers,Jean-Ricner Bellegarde,2025,28809,2025-09-13,641671,,0.051015447825193405,0.7480000305175781,0.3579999923706055,88,Right Foot,Direct Freekick,Blocked Shot
Premier League,2526,Newcastle United v Wolverhampton Wanderers,Wolverhampton Wanderers,Jhon Arias,2025,28809,2025-09-13,641672,Fernando López,0.062919020652771,0.9390000152587891,0.325,90,Right Foot,Open Play,Blocked Shot
Premier League,2526,Newcastle United v Wolverhampton Wanderers,Wolverhampton Wanderers,Rodrigo Gomes,2025,28809,2025-09-13,641650,,0.01985236071050167,0.8830000305175781,0.6819999694824219,0,Right Foot,Open Play,Saved Shot
Premier League,2526,Newcastle United v Wolverhampton Wanderers,Wolverhampton Wanderers,Rodrigo Gomes,2025,28809,2025-09-13,641653,Ladislav Krejcí,0.07214269042015076,0.9019999694824219,0.675,10,Right Foot,Open Play,Missed Shot
Premier League,2526,Newcastle United v Wolverhampton Wanderers,Wolverhampton Wanderers,Rodrigo Gomes,2025,28809,2025-09-13,641663,Hugo Bueno,0.06368297338485718,0.9119999694824219,0.44,40,,Open Play,Missed Shot
Premier League,2526,Newcastle United v Wolverhampton Wanderers,Wolverhampton Wanderers,Toti,2025,28809,2025-09-13,641657,Hugo Bueno,0.010645215399563313,0.915,0.6509999847412109,18,,From Corner,Saved Shot
Premier League,2526,West Ham v Tottenham,Tottenham,Cristian Romero,2025,28814,2025-09-13,641895,Micky van de Ven,0.10526277869939804,0.945,0.415,42,Left Foot,From Corner,Saved Shot
Premier League,2526,West Ham v Tottenham,Tottenham,João Palhinha,2025,28814,2025-09-13,641903,Mohammed Kudus,0.029265418648719788,0.975999984741211,0.415,59,,From Corner,Missed Shot
Premier League,2526,West Ham v Tottenham,Tottenham,João Palhinha,2025,28814,2025-09-13,641907,Iyenoma Destiny Udogie,0.028478236868977547,0.7880000305175782,0.63,73,Right Foot,Open Play,Blocked Shot
Premier League,2526,West Ham v Tottenham,Tottenham,João Palhinha,2025,28814,2025-09-13,641910,Mohammed Kudus,0.05041293799877167,0.9640000152587891,0.3990000152587891,94,,From Corner,Missed Shot
Premier League,2526,West Ham v Tottenham,Tottenham,Lucas Bergvall,2025,28814,2025-09-13,641902,Cristian Romero,0.21987707912921906,0.9080000305175782,0.5709999847412109,56,,Open Play,Goal
Premier League,2526,West Ham v Tottenham,Tottenham,Mathys Tel,2025,28814,2025-09-13,641900,,0.022355901077389717,0.769000015258789,0.705999984741211,50,Right Foot,Open Play,Blocked Shot
Premier League,2526,West Ham v Tottenham,Tottenham,Micky van de Ven,2025,28814,2025-09-13,641904,Lucas Bergvall,0.06834226846694946,0.8819999694824219,0.45299999237060545,63,Right Foot,From Corner,Goal
Premier League,2526,West Ham v Tottenham,Tottenham,Mohammed Kudus,2025,28814,2025-09-13,641890,,0.03891247138381004,0.8490000152587891,0.315,0,Right Foot,Open Play,Blocked Shot
Premier League,2526,West Ham v Tottenham,Tottenham,Mohammed Kudus,2025,28814,2025-09-13,641905,,0.05813427269458771,0.8119999694824219,0.47900001525878905,66,Left Foot,Open Play,Missed Shot
Premier League,2526,West Ham v Tottenham,Tottenham,Mohammed Kudus,2025,28814,2025-09-13,641908,Pedro Porro,0.4398770332336426,0.9180000305175782,0.47,90,Right Foot,Open Play,Saved Shot
Premier League,2526,West Ham v Tottenham,Tottenham,Mohammed Kudus,2025,28814,2025-09-13,641909,Richarlison,0.12657597661018372,0.9180000305175782,0.5570000076293945,92,Left Foot,Open Play,Blocked Shot
Premier League,2526,West Ham v Tottenham,Tottenham,Pape Sarr,2025,28814,2025-09-13,641894,Pedro Porro,0.07163672894239426,0.9640000152587891,0.44299999237060544,37,,From Corner,Blocked Shot
Premier League,2526,West Ham v Tottenham,Tottenham,Pape Sarr,2025,28814,2025-09-13,641897,Xavi Simons,0.23158390820026398,0.9740000152587891,0.41700000762939454,46,,From Corner,Goal
Premier League,2526,West Ham v Tottenham,Tottenham,Xavi Simons,2025,28814,2025-09-13,641892,Cristian Romero,0.02330196090042591,0.7819999694824219,0.634000015258789,17,Right Foot,Open Play,Missed Shot
Premier League,2526,West Ham v Tottenham,West Ham,El Hadji Malick Diouf,2025,28814,2025-09-13,641899,,0.03183525800704956,0.8480000305175781,0.534000015258789,49,,From Corner,Saved Shot
Premier League,2526,West Ham v Tottenham,West Ham,Jarrod Bowen,2025,28814,2025-09-13,641896,Lucas Paquetá,0.01826786994934082,0.74,0.505,45,Left Foot,Open Play,Missed Shot
Premier League,2526,West Ham v Tottenham,West Ham,Jarrod Bowen,2025,28814,2025-09-13,641898,Mateus Fernandes,0.05773388221859932,0.8490000152587891,0.519000015258789,48,Left Foot,Open Play,Saved Shot
Premier League,2526,West Ham v Tottenham,West Ham,Jarrod Bowen,2025,28814,2025-09-13,641906,Kyle Walker-Peters,0.04995102062821388,0.8859999847412109,0.28299999237060547,68,Left Foot,Open Play,Saved Shot
Premier League,2526,West Ham v Tottenham,West Ham,Lucas Paquetá,2025,28814,2025-09-13,641891,Mateus Fernandes,0.13077595829963684,0.9,0.5359999847412109,13,Left Foot,Open Play,Missed Shot
Premier League,2526,West Ham v Tottenham,West Ham,Max Kilman,2025,28814,2025-09-13,641901,James Ward-Prowse,0.4949305057525635,0.9640000152587891,0.55,52,,Set Piece,Missed Shot
Premier League,2526,West Ham v Tottenham,West Ham,Tomas Soucek,2025,28814,2025-09-13,641893,James Ward-Prowse,0.009753167629241943,0.955,0.3189999961853027,21,,From Corner,Saved Shot
Premier League,2526,Burnley v Liverpool,Burnley,Hjalmar Ekdal,2025,28816,2025-09-14,642145,Quilindschy Hartman,0.007637503556907177,0.879000015258789,0.3629999923706055,33,,Set Piece,Missed Shot
Premier League,2526,Burnley v Liverpool,Burnley,Jaidon Anthony,2025,28816,2025-09-14,642138,Loum Tchaouna,0.14699222147464752,0.81,0.515,6,Right Foot,Open Play,Missed Shot
Premier League,2526,Burnley v Liverpool,Burnley,Josh Laurent,2025,28816,2025-09-14,642159,,0.013411472551524639,0.764000015258789,0.355,73,Right Foot,Set Piece,Missed Shot
Premier League,2526,Burnley v Liverpool,Liverpool,Andrew Robertson,2025,28816,2025-09-14,642146,Ryan Gravenberch,0.15037815272808075,0.865,0.5979999923706054,38,Left Foot,Open Play,Saved Shot
Premier League,2526,Burnley v Liverpool,Liverpool,Cody Gakpo,2025,28816,2025-09-14,642137,Milos Kerkez,0.023823529481887817,0.795,0.705999984741211,4,Right Foot,Open Play,Missed Shot
Premier League,2526,Burnley v Liverpool,Liverpool,Cody Gakpo,2025,28816,2025-09-14,642142,Florian Wirtz,0.05158913508057594,0.8690000152587891,0.685,23,Right Foot,Open Play,Blocked Shot
Premier League,2526,Burnley v Liverpool,Liverpool,Cody Gakpo,2025,28816,2025-09-14,642148,Andrew Robertson,0.022505223751068115,0.7830000305175782,0.7040000152587891,41,Right Foot,Open Play,Blocked Shot
Premier League,2526,Burnley v Liverpool,Liverpool,Cody Gakpo,2025,28816,2025-09-14,642162,Florian Wirtz,0.060515519231557846,0.925,0.4209999847412109,79,,From Corner,Missed Shot
Premier League,2526,Burnley v Liverpool,Liverpool,Cody Gakpo,2025,28816,2025-09-14,642164,Andrew Robertson,0.05777569115161896,0.905,0.4929999923706055,91,,Open Play,Missed Shot
Premier League,2526,Burnley v Liverpool,Liverpool,Conor Bradley,2025,28816,2025-09-14,642150,Andrew Robertson,0.01457576360553503,0.87,0.4490000152587891,48,,Open Play,Blocked Shot
Premier League,2526,Burnley v Liverpool,Liverpool,Dominik Szoboszlai,2025,28816,2025-09-14,642144,,0.014150264672935009,0.7819999694824219,0.2929999923706055,30,Right Foot,Open Play,Blocked Shot
Premier League,2526,Burnley v Liverpool,Liverpool,Dominik Szoboszlai,2025,28816,2025-09-14,642153,,0.039645060896873474,0.8440000152587891,0.355,57,Right Foot,Open Play,Blocked Shot
Premier League,2526,Burnley v Liverpool,Liverpool,Dominik Szoboszlai,2025,28816,2025-09-14,642154,Ryan Gravenberch,0.015561393462121487,0.7090000152587891,0.500999984741211,58,Right Foot,Open Play,Saved Shot
Premier League,2526,Burnley v Liverpool,Liverpool,Dominik Szoboszlai,2025,28816,2025-09-14,642157,Florian Wirtz,0.034806348383426666,0.7909999847412109,0.4829999923706055,66,Right Foot,Open Play,Blocked Shot
Premier League,2526,Burnley v Liverpool,Liverpool,Dominik Szoboszlai,2025,28816,2025-09-14,642160,Mohamed Salah,0.02073691412806511,0.7819999694824219,0.325,74,Left Foot,Open Play,Missed Shot
Premier League,2526,Burnley v Liverpool,Liverpool,Dominik Szoboszlai,2025,28816,2025-09-14,642163,,0.06967753171920776,0.7730000305175782,0.375,86,Right Foot,Direct Freekick,Missed Shot
Premier League,2526,Burnley v Liverpool,Liverpool,Federico Chiesa,2025,28816,2025-09-14,642158,Andrew Robertson,0.23407764732837677,0.9,0.47200000762939454,71,,Open Play,Missed Shot
Premier League,2526,Burnley v Liverpool,Liverpool,Florian Wirtz,2025,28816,2025-09-14,642141,Ryan Gravenberch,0.05145777389407158,0.8069999694824219,0.445,21,Right Foot,Open Play,Blocked Shot
Premier League,2526,Burnley v Liverpool,Liverpool,Florian Wirtz,2025,28816,2025-09-14,642151,Andrew Robertson,0.08190401643514633,0.8669999694824219,0.6220000076293946,54,Right Foot,Open Play,Missed Shot
Premier League,2526,Burnley v Liverpool,Liverpool,Florian Wirtz,2025,28816,2025-09-14,642155,Cody Gakpo,0.02584098093211651,0.7909999847412109,0.6220000076293946,61,Right Foot,Open Play,Blocked Shot
Premier League,2526,Burnley v Liverpool,Liverpool,Hugo Ekitike,2025,28816,2025-09-14,642147,Ryan Gravenberch,0.05306900292634964,0.970999984741211,0.664000015258789,39,Right Foot,Open Play,Missed Shot
Premier League,2526,Burnley v Liverpool,Liverpool,Hugo Ekitike,2025,28816,2025-09-14,642152,Florian Wirtz,0.06180001422762871,0.8080000305175781,0.5079999923706054,57,Right Foot,Open Play,Blocked Shot
Premier League,2526,Burnley v Liverpool,Liverpool,Ibrahima Konaté,2025,28816,2025-09-14,642140,Cody Gakpo,0.6393164992332458,0.98,0.5220000076293946,11,,From Corner,Missed Shot
Premier League,2526,Burnley v Liverpool,Liverpool,Jeremie Frimpong,2025,28816,2025-09-14,642165,Rio Ngumoha,0.0795217901468277,0.9019999694824219,0.34,92,Right Foot,Open Play,Saved Shot
Premier League,2526,Burnley v Liverpool,Liverpool,Milos Kerkez,2025,28816,2025-09-14,642139,Ibrahima Konaté,0.0987921804189682,0.924000015258789,0.544000015258789,8,Right Foot,From Corner,Missed Shot
Premier League,2526,Burnley v Liverpool,Liverpool,Mohamed Salah,2025,28816,2025-09-14,642166,,0.7611688375473022,0.885,0.5,94,Left Foot,,Goal
Premier League,2526,Burnley v Liverpool,Liverpool,Ryan Gravenberch,2025,28816,2025-09-14,642143,,0.04411753639578819,0.8030000305175782,0.5459999847412109,30,Right Foot,Open Play,Blocked Shot
Premier League,2526,Burnley v Liverpool,Liverpool,Ryan Gravenberch,2025,28816,2025-09-14,642149,,0.05093751102685928,0.8569999694824219,0.605999984741211,47,Right Foot,From Corner,Missed Shot
Premier League,2526,Burnley v Liverpool,Liverpool,Ryan Gravenberch,2025,28816,2025-09-14,642156,Virgil van Dijk,0.01874399557709694,0.7130000305175781,0.58,65,Right Foot,Open Play,Blocked Shot
Premier League,2526,Burnley v Liverpool,Liverpool,Ryan Gravenberch,2025,28816,2025-09-14,642161,Ibrahima Konaté,0.02150971256196499,0.8030000305175782,0.3220000076293945,79,Right Foot,Open Play,Blocked Shot
Premier League,2526,Manchester City v Manchester United,Manchester City,Bernardo Silva,2025,28817,2025-09-14,642431,,0.06499067693948746,0.9490000152587891,0.35,54,Right Foot,Open Play,Missed Shot
Premier League,2526,Manchester City v Manchester United,Manchester City,Erling Haaland,2025,28817,2025-09-14,642424,,0.03976140543818474,0.9230000305175782,0.7280000305175781,0,Left Foot,Open Play,Missed Shot
Premier League,2526,Manchester City v Manchester United,Manchester City,Erling Haaland,2025,28817,2025-09-14,642429,Jéremy Doku,0.33433863520622253,0.93,0.64,52,Left Foot,Open Play,Goal
Premier League,2526,Manchester City v Manchester United,Manchester City,Erling Haaland,2025,28817,2025-09-14,642430,Jéremy Doku,0.24343574047088623,0.950999984741211,0.575999984741211,54,Left Foot,Open Play,Shot On Post
Premier League,2526,Manchester City v Manchester United,Manchester City,Erling Haaland,2025,28817,2025-09-14,642433,Bernardo Silva,0.13467881083488464,0.8980000305175782,0.44799999237060545,63,Left Foot,Open Play,Saved Shot
Premier League,2526,Manchester City v Manchester United,Manchester City,Erling Haaland,2025,28817,2025-09-14,642434,Bernardo Silva,0.4635861814022064,0.860999984741211,0.3890000152587891,67,Left Foot,Open Play,Goal
Premier League,2526,Manchester City v Manchester United,Manchester City,Nico O&#039;Reilly,2025,28817,2025-09-14,642428,Tijjani Reijnders,0.05417587235569954,0.8,0.5770000076293945,38,Right Foot,Open Play,Missed Shot
Premier League,2526,Manchester City v Manchester United,Manchester City,Phil Foden,2025,28817,2025-09-14,642426,Jéremy Doku,0.057905472815036774,0.9169999694824219,0.47,17,,Open Play,Goal
Premier League,2526,Manchester City v Manchester United,Manchester City,Phil Foden,2025,28817,2025-09-14,642448,Oscar Bobb,0.12191330641508102,0.87,0.40799999237060547,93,Right Foot,Open Play,Missed Shot
Premier League,2526,Manchester City v Manchester United,Manchester City,Tijjani Reijnders,2025,28817,2025-09-14,642427,Jéremy Doku,0.1384190022945404,0.8959999847412109,0.5420000076293945,23,Right Foot,Open Play,Saved Shot
Premier League,2526,Manchester City v Manchester United,Manchester City,Tijjani Reijnders,2025,28817,2025-09-14,642437,Erling Haaland,0.2935310900211334,0.8959999847412109,0.34799999237060547,74,Right Foot,Open Play,Missed Shot
Premier League,2526,Manchester City v Manchester United,Manchester City,Tijjani Reijnders,2025,28817,2025-09-14,642445,,0.06633555889129639,0.965,0.6790000152587891,90,Left Foot,Open Play,Missed Shot
Premier League,2526,Manchester City v Manchester United,Manchester United,Amad Diallo Traore,2025,28817,2025-09-14,642435,Patrick Dorgu,0.03941400349140167,0.935,0.3370000076293945,72,Left Foot,Open Play,Blocked Shot
Premier League,2526,Manchester City v Manchester United,Manchester United,Amad Diallo Traore,2025,28817,2025-09-14,642440,Bruno Fernandes,0.03871883079409599,0.9459999847412109,0.3129999923706055,83,Right Foot,Open Play,Missed Shot
Premier League,2526,Manchester City v Manchester United,Manchester United,Benjamin Sesko,2025,28817,2025-09-14,642425,,0.03495940566062927,0.7769999694824219,0.5129999923706055,3,Left Foot,Open Play,Saved Shot
Premier League,2526,Manchester City v Manchester United,Manchester United,Bruno Fernandes,2025,28817,2025-09-14,642442,,0.01749836467206478,0.8140000152587891,0.6120000076293945,84,Left Foot,From Corner,Missed Shot
Premier League,2526,Manchester City v Manchester United,Manchester United,Bryan Mbeumo,2025,28817,2025-09-14,642432,Patrick Dorgu,0.022772084921598434,0.8869999694824219,0.3160000038146973,60,Left Foot,Open Play,Saved Shot
Premier League,2526,Manchester City v Manchester United,Manchester United,Bryan Mbeumo,2025,28817,2025-09-14,642438,Patrick Dorgu,0.03856297954916954,0.9480000305175781,0.34200000762939453,79,Right Foot,Open Play,Missed Shot
Premier League,2526,Manchester City v Manchester United,Manchester United,Bryan Mbeumo,2025,28817,2025-09-14,642439,Kobbie Mainoo,0.012711523100733757,0.7609999847412109,0.355,81,Left Foot,Open Play,Missed Shot
Premier League,2526,Manchester City v Manchester United,Manchester United,Bryan Mbeumo,2025,28817,2025-09-14,642441,Amad Diallo Traore,0.6350149512290955,0.9669999694824218,0.4540000152587891,83,Left Foot,Open Play,Missed Shot
Premier League,2526,Manchester City v Manchester United,Manchester United,Casemiro,2025,28817,2025-09-14,642443,Bruno Fernandes,0.4507070779800415,0.9690000152587891,0.41900001525878905,84,Right Foot,From Corner,Missed Shot
Premier League,2526,Manchester City v Manchester United,Manchester United,Casemiro,2025,28817,2025-09-14,642446,Amad Diallo Traore,0.015268869698047638,0.74,0.4929999923706055,91,Right Foot,Open Play,Blocked Shot
Premier League,2526,Manchester City v Manchester United,Manchester United,Manuel Ugarte,2025,28817,2025-09-14,642436,Kobbie Mainoo,0.016685636714100838,0.7469999694824219,0.51,72,Right Foot,Open Play,Missed Shot
Premier League,2526,Manchester City v Manchester United,Manchester United,Patrick Dorgu,2025,28817,2025-09-14,642444,,0.1686217337846756,0.879000015258789,0.590999984741211,85,Right Foot,Open Play,Missed Shot
Premier League,2526,Manchester City v Manchester United,Manchester United,Patrick Dorgu,2025,28817,2025-09-14,642447,Bruno Fernandes,0.06068973243236542,0.925,0.5670000076293945,92,,Open Play,Missed Shot
Premier League,2526,Brighton v Tottenham,Brighton,Brajan Gruda,2025,28821,2025-09-20,643111,Yankuba Minteh,0.03572119399905205,0.775,0.395,26,Left Foot,Open Play,Missed Shot
Premier League,2526,Brighton v Tottenham,Brighton,Danny Welbeck,2025,28821,2025-09-20,643128,James Milner,0.14432482421398163,0.874000015258789,0.6120000076293945,83,Left Foot,Open Play,Blocked Shot
Premier League,2526,Brighton v Tottenham,Brighton,Diego Gómez,2025,28821,2025-09-20,643123,Yasin Ayari,0.027654215693473816,0.639000015258789,0.3679999923706055,75,Right Foot,Open Play,Missed Shot
Premier League,2526,Brighton v Tottenham,Brighton,Ferdi Kadioglu,2025,28821,2025-09-20,643125,Kaoru Mitoma,0.07813909649848938,0.960999984741211,0.675,79,Right Foot,Open Play,Missed Shot
Premier League,2526,Brighton v Tottenham,Brighton,Jan Paul van Hecke,2025,28821,2025-09-20,643127,,0.0,0.07300000190734864,0.4979999923706055,81,Right Foot,Open Play,Own Goal
Premier League,2526,Brighton v Tottenham,Brighton,Kaoru Mitoma,2025,28821,2025-09-20,643124,Ferdi Kadioglu,0.21523454785346985,0.9009999847412109,0.6480000305175782,78,Right Foot,Open Play,Saved Shot
Premier League,2526,Brighton v Tottenham,Brighton,Lewis Dunk,2025,28821,2025-09-20,643118,,0.015729200094938278,0.43900001525878907,0.915,58,Right Foot,Direct Freekick,Missed Shot
Premier League,2526,Brighton v Tottenham,Brighton,Yankuba Minteh,2025,28821,2025-09-20,643108,Georginio Rutter,0.6801360845565796,0.970999984741211,0.40700000762939453,7,Left Foot,Open Play,Goal
Premier League,2526,Brighton v Tottenham,Brighton,Yasin Ayari,2025,28821,2025-09-20,643110,Brajan Gruda,0.029110973700881004,0.7530000305175781,0.4470000076293945,26,Right Foot,Open Play,Saved Shot
Premier League,2526,Brighton v Tottenham,Brighton,Yasin Ayari,2025,28821,2025-09-20,643113,,0.016534868627786636,0.7680000305175781,0.7709999847412109,30,Right Foot,Open Play,Goal
Premier League,2526,Brighton v Tottenham,Brighton,Yasin Ayari,2025,28821,2025-09-20,643119,Georginio Rutter,0.041304536163806915,0.7909999847412109,0.5509999847412109,61,Right Foot,Open Play,Missed Shot
Premier League,2526,Brighton v Tottenham,Brighton,Yasin Ayari,2025,28821,2025-09-20,643129,Diego Gómez,0.08411257714033127,0.8819999694824219,0.48900001525878906,86,Right Foot,Open Play,Missed Shot
Premier League,2526,Brighton v Tottenham,Brighton,Yasin Ayari,2025,28821,2025-09-20,643130,,0.03666158393025398,0.8119999694824219,0.519000015258789,87,Right Foot,From Corner,Missed Shot
Premier League,2526,Brighton v Tottenham,Tottenham,Mohammed Kudus,2025,28821,2025-09-20,643116,Rodrigo Bentancur,0.09663721919059753,0.87,0.415,42,Left Foot,Open Play,Missed Shot
Premier League,2526,Brighton v Tottenham,Tottenham,Mohammed Kudus,2025,28821,2025-09-20,643131,Archie Gray,0.019953982904553413,0.764000015258789,0.27299999237060546,93,Left Foot,Open Play,Blocked Shot
Premier League,2526,Brighton v Tottenham,Tottenham,Richarlison,2025,28821,2025-09-20,643109,Pedro Porro,0.056550201028585434,0.9359999847412109,0.6580000305175782,24,Left Foot,Open Play,Missed Shot
Premier League,2526,Brighton v Tottenham,Tottenham,Richarlison,2025,28821,2025-09-20,643114,Rodrigo Bentancur,0.11073101311922073,0.9130000305175782,0.61,40,Left Foot,Open Play,Blocked Shot
Premier League,2526,Brighton v Tottenham,Tottenham,Richarlison,2025,28821,2025-09-20,643115,Pedro Porro,0.023174528032541275,0.9309999847412109,0.41900001525878905,41,,From Corner,Missed Shot
Premier League,2526,Brighton v Tottenham,Tottenham,Richarlison,2025,28821,2025-09-20,643117,Mohammed Kudus,0.650574803352356,0.955,0.4909999847412109,42,Right Foot,Open Play,Goal
Premier League,2526,Brighton v Tottenham,Tottenham,Richarlison,2025,28821,2025-09-20,643126,Xavi Simons,0.07350193709135056,0.874000015258789,0.6919999694824219,80,Right Foot,Open Play,Saved Shot
Premier League,2526,Brighton v Tottenham,Tottenham,Wilson Odobert,2025,28821,2025-09-20,643112,,0.0659448653459549,0.904000015258789,0.6179999923706054,27,Right Foot,Open Play,Missed Shot
Premier League,2526,Brighton v Tottenham,Tottenham,Xavi Simons,2025,28821,2025-09-20,643120,Richarlison,0.03264937177300453,0.8169999694824219,0.615,63,Right Foot,Open Play,Missed Shot
Premier League,2526,Brighton v Tottenham,Tottenham,Xavi Simons,2025,28821,2025-09-20,643121,Iyenoma Destiny Udogie,0.06090184673666954,0.865,0.655,67,Right Foot,Open Play,Saved Shot
Premier League,2526,Brighton v Tottenham,Tottenham,Xavi Simons,2025,28821,2025-09-20,643122,Mohammed Kudus,0.06405803561210632,0.8519999694824218,0.4809999847412109,69,Right Foot,Open Play,Missed Shot
Premier League,2526,Burnley v Nottingham Forest,Burnley,Hjalmar Ekdal,2025,28822,2025-09-20,643152,Quilindschy Hartman,0.05270278826355934,0.9219999694824219,0.48700000762939455,74,,From Corner,Missed Shot
Premier League,2526,Burnley v Nottingham Forest,Burnley,Hjalmar Ekdal,2025,28822,2025-09-20,643159,,0.3998783230781555,0.955999984741211,0.3840000152587891,92,Right Foot,Set Piece,Saved Shot
Premier League,2526,Burnley v Nottingham Forest,Burnley,Jaidon Anthony,2025,28822,2025-09-20,643138,Lyle Foster,0.2772907614707947,0.93,0.6090000152587891,19,Left Foot,Open Play,Goal
Premier League,2526,Burnley v Nottingham Forest,Burnley,Jaidon Anthony,2025,28822,2025-09-20,643147,Lyle Foster,0.0993557944893837,0.8619999694824219,0.43599998474121093,45,Right Foot,Open Play,Saved Shot
Premier League,2526,Burnley v Nottingham Forest,Burnley,Jaidon Anthony,2025,28822,2025-09-20,643149,Florentino Luís,0.01673516072332859,0.7830000305175782,0.7319999694824219,57,Right Foot,Open Play,Saved Shot
Premier League,2526,Burnley v Nottingham Forest,Burnley,Loum Tchaouna,2025,28822,2025-09-20,643137,Quilindschy Hartman,0.056749194860458374,0.89,0.46799999237060547,19,,Open Play,Blocked Shot
Premier League,2526,Burnley v Nottingham Forest,Burnley,Loum Tchaouna,2025,28822,2025-09-20,643144,,0.046683862805366516,0.8,0.225,44,Left Foot,Direct Freekick,Shot On Post
Premier League,2526,Burnley v Nottingham Forest,Burnley,Lyle Foster,2025,28822,2025-09-20,643146,Maxime Estève,0.03489569202065468,0.9209999847412109,0.2929999923706055,44,Right Foot,Set Piece,Blocked Shot
Premier League,2526,Burnley v Nottingham Forest,Burnley,Maxime Estève,2025,28822,2025-09-20,643145,Quilindschy Hartman,0.02126903086900711,0.8930000305175781,0.44599998474121094,44,,Set Piece,Missed Shot
Premier League,2526,Burnley v Nottingham Forest,Burnley,Maxime Estève,2025,28822,2025-09-20,643150,Jaidon Anthony,0.05264423415064812,0.9230000305175782,0.4779999923706055,63,,From Corner,Missed Shot
Premier League,2526,Burnley v Nottingham Forest,Burnley,Quilindschy Hartman,2025,28822,2025-09-20,643134,Florentino Luís,0.00983856525272131,0.7619999694824219,0.7680000305175781,13,Left Foot,Open Play,Saved Shot
Premier League,2526,Burnley v Nottingham Forest,Burnley,Zian Flemming,2025,28822,2025-09-20,643158,Hannibal Mejbri,0.074290931224823,0.9130000305175782,0.4470000076293945,92,Left Foot,Set Piece,Blocked Shot
Premier League,2526,Burnley v Nottingham Forest,Nottingham Forest,Arnaud Kalimuendo Muinga,2025,28822,2025-09-20,643156,,0.09371966868638992,0.915,0.42700000762939455,82,Right Foot,Open Play,Blocked Shot
Premier League,2526,Burnley v Nottingham Forest,Nottingham Forest,Callum Hudson-Odoi,2025,28822,2025-09-20,643157,Morgan Gibbs-White,0.0160379596054554,0.7430000305175781,0.7519999694824219,91,Right Foot,Open Play,Blocked Shot
Premier League,2526,Burnley v Nottingham Forest,Nottingham Forest,Chris Wood,2025,28822,2025-09-20,643140,Nikola Milenkovic,0.12305343151092529,0.8919999694824219,0.5079999923706054,32,Right Foot,Open Play,Saved Shot
Premier League,2526,Burnley v Nottingham Forest,Nottingham Forest,Chris Wood,2025,28822,2025-09-20,643148,Dan Ndoye,0.10997253656387329,0.95,0.5740000152587891,53,Right Foot,Open Play,Missed Shot
Premier League,2526,Burnley v Nottingham Forest,Nottingham Forest,Dilane Bakwa,2025,28822,2025-09-20,643136,Oleksandr Zinchenko,0.03983639180660248,0.765,0.4809999847412109,17,Left Foot,Open Play,Saved Shot
Premier League,2526,Burnley v Nottingham Forest,Nottingham Forest,Dilane Bakwa,2025,28822,2025-09-20,643139,Morgan Gibbs-White,0.05544506758451462,0.8730000305175781,0.3139999961853027,28,Left Foot,Open Play,Saved Shot
Premier League,2526,Burnley v Nottingham Forest,Nottingham Forest,Douglas Luiz,2025,28822,2025-09-20,643151,Callum Hudson-Odoi,0.023048534989356995,0.8030000305175782,0.7140000152587891,66,Right Foot,Open Play,Blocked Shot
Premier League,2526,Burnley v Nottingham Forest,Nottingham Forest,Elliot Anderson,2025,28822,2025-09-20,643155,Callum Hudson-Odoi,0.05121012032032013,0.8540000152587891,0.6759999847412109,82,Right Foot,Open Play,Blocked Shot
Premier League,2526,Burnley v Nottingham Forest,Nottingham Forest,Igor Jesus,2025,28822,2025-09-20,643153,Elliot Anderson,0.03826466575264931,0.8930000305175781,0.46099998474121096,77,,Open Play,Saved Shot
Premier League,2526,Burnley v Nottingham Forest,Nottingham Forest,Morgan Gibbs-White,2025,28822,2025-09-20,643143,,0.04042156785726547,0.8059999847412109,0.5890000152587891,39,Right Foot,From Corner,Blocked Shot
Premier League,2526,Burnley v Nottingham Forest,Nottingham Forest,Morgan Gibbs-White,2025,28822,2025-09-20,643160,Igor Jesus,0.07473224401473999,0.88,0.5820000076293945,95,Left Foot,Set Piece,Saved Shot
Premier League,2526,Burnley v Nottingham Forest,Nottingham Forest,Neco Williams,2025,28822,2025-09-20,643132,,0.06084294989705086,0.875,0.395,1,Right Foot,From Corner,Goal
Premier League,2526,Burnley v Nottingham Forest,Nottingham Forest,Neco Williams,2025,28822,2025-09-20,643141,Douglas Luiz,0.016963817179203033,0.740999984741211,0.30100000381469727,35,Right Foot,Open Play,Missed Shot
Premier League,2526,Burnley v Nottingham Forest,Nottingham Forest,Neco Williams,2025,28822,2025-09-20,643154,Elliot Anderson,0.04752502590417862,0.8569999694824219,0.40400001525878904,80,Right Foot,Open Play,Saved Shot
Premier League,2526,Burnley v Nottingham Forest,Nottingham Forest,Oleksandr Zinchenko,2025,28822,2025-09-20,643133,Chris Wood,0.011339347809553146,0.7119999694824218,0.749000015258789,12,Left Foot,Open Play,Blocked Shot
Premier League,2526,Burnley v Nottingham Forest,Nottingham Forest,Oleksandr Zinchenko,2025,28822,2025-09-20,643135,Dilane Bakwa,0.014094803482294083,0.7040000152587891,0.6730000305175782,16,Left Foot,Set Piece,Saved Shot
Premier League,2526,Burnley v Nottingham Forest,Nottingham Forest,Oleksandr Zinchenko,2025,28822,2025-09-20,643142,,0.014871579594910145,0.8209999847412109,0.705,39,Left Foot,From Corner,Blocked Shot
Premier League,2526,Fulham v Brentford,Brentford,Dango Ouattara,2025,28825,2025-09-20,643426,,0.07856263220310211,0.8959999847412109,0.4520000076293945,77,Left Foot,Open Play,Blocked Shot
Premier League,2526,Fulham v Brentford,Brentford,Dango Ouattara,2025,28825,2025-09-20,643427,Yehor Yarmolyuk,0.06301672756671906,0.8540000152587891,0.34799999237060547,82,Left Foot,Open Play,Missed Shot
Premier League,2526,Fulham v Brentford,Brentford,Ethan Pinnock,2025,28825,2025-09-20,643423,,0.0,0.03,0.5320000076293945,49,,Open Play,Own Goal
Premier League,2526,Fulham v Brentford,Brentford,Kevin Schade,2025,28825,2025-09-20,643415,,0.08209934085607529,0.9490000152587891,0.33,28,Right Foot,Open Play,Blocked Shot
Premier League,2526,Fulham v Brentford,Brentford,Kristoffer Ajer,2025,28825,2025-09-20,643428,Michael Kayode,0.07351893186569214,0.909000015258789,0.45599998474121095,89,,Open Play,Missed Shot
Premier League,2526,Fulham v Brentford,Brentford,Mikkel Damsgaard,2025,28825,2025-09-20,643406,,0.07613291591405869,0.8619999694824219,0.4540000152587891,0,Right Foot,Open Play,Blocked Shot
Premier League,2526,Fulham v Brentford,Brentford,Mikkel Damsgaard,2025,28825,2025-09-20,643414,,0.34177395701408386,0.8490000152587891,0.5379999923706055,19,Right Foot,Open Play,Goal
Premier League,2526,Fulham v Brentford,Brentford,Nathan Collins,2025,28825,2025-09-20,643422,Michael Kayode,0.05109793692827225,0.9619999694824218,0.4109999847412109,46,,Open Play,Saved Shot
Premier League,2526,Fulham v Brentford,Brentford,Thiago,2025,28825,2025-09-20,643424,Kevin Schade,0.06035369634628296,0.9109999847412109,0.47299999237060547,57,,Open Play,Saved Shot
Premier League,2526,Fulham v Brentford,Fulham,Alex Iwobi,2025,28825,2025-09-20,643407,,0.024419136345386505,0.7680000305175781,0.39299999237060546,5,Right Foot,Open Play,Blocked Shot
Premier League,2526,Fulham v Brentford,Fulham,Alex Iwobi,2025,28825,2025-09-20,643419,Rodrigo Muniz,0.3372924029827118,0.905,0.5770000076293945,37,Right Foot,Open Play,Goal
Premier League,2526,Fulham v Brentford,Fulham,Calvin Bassey,2025,28825,2025-09-20,643421,,0.017050273716449738,0.7290000152587891,0.644000015258789,41,Left Foot,Open Play,Blocked Shot
Premier League,2526,Fulham v Brentford,Fulham,Harry Wilson,2025,28825,2025-09-20,643410,Rodrigo Muniz,0.09372397512197495,0.8690000152587891,0.4909999847412109,13,Left Foot,Open Play,Blocked Shot
Premier League,2526,Fulham v Brentford,Fulham,Harry Wilson,2025,28825,2025-09-20,643420,Alex Iwobi,0.27521511912345886,0.8819999694824219,0.3679999923706055,39,Left Foot,Open Play,Goal
Premier League,2526,Fulham v Brentford,Fulham,Joachim Andersen,2025,28825,2025-09-20,643411,Sasa Lukic,0.13591426610946655,0.960999984741211,0.495,15,,From Corner,Missed Shot
Premier League,2526,Fulham v Brentford,Fulham,Joshua King,2025,28825,2025-09-20,643408,Sasa Lukic,0.05917340889573097,0.8119999694824219,0.4620000076293945,10,Left Foot,Open Play,Blocked Shot
Premier League,2526,Fulham v Brentford,Fulham,Joshua King,2025,28825,2025-09-20,643425,Harry Wilson,0.10162357240915298,0.9219999694824219,0.295,62,Right Foot,Set Piece,Missed Shot
Premier League,2526,Fulham v Brentford,Fulham,Rodrigo Muniz,2025,28825,2025-09-20,643412,Harry Wilson,0.04019144922494888,0.894000015258789,0.55,15,,From Corner,Missed Shot
Premier League,2526,Fulham v Brentford,Fulham,Rodrigo Muniz,2025,28825,2025-09-20,643417,,0.3472999036312103,0.9690000152587891,0.605999984741211,30,Right Foot,Open Play,Missed Shot
Premier League,2526,Fulham v Brentford,Fulham,Ryan Sessegnon,2025,28825,2025-09-20,643416,Alex Iwobi,0.0368385910987854,0.855999984741211,0.7030000305175781,30,Left Foot,Open Play,Saved Shot
Premier League,2526,Fulham v Brentford,Fulham,Sasa Lukic,2025,28825,2025-09-20,643409,Harry Wilson,0.018745847046375275,0.7730000305175782,0.3089999961853027,12,Right Foot,Open Play,Blocked Shot
Premier League,2526,Fulham v Brentford,Fulham,Sasa Lukic,2025,28825,2025-09-20,643413,Sander Berge,0.019162286072969437,0.7559999847412109,0.35700000762939454,17,Right Foot,Open Play,Missed Shot
Premier League,2526,Fulham v Brentford,Fulham,Sasa Lukic,2025,28825,2025-09-20,643418,Kenny Tete,0.030452972277998924,0.794000015258789,0.35400001525878905,37,Left Foot,Open Play,Blocked Shot
Premier League,2526,Liverpool v Everton,Everton,Beto,2025,28818,2025-09-20,642857,Iliman Ndiaye,0.08580797910690308,0.9130000305175782,0.4570000076293945,36,Right Foot,Open Play,Missed Shot
Premier League,2526,Liverpool v Everton,Everton,Idrissa Gueye,2025,28818,2025-09-20,642853,Jack Grealish,0.019041072577238083,0.7730000305175782,0.705999984741211,23,Right Foot,From Corner,Blocked Shot
Premier League,2526,Liverpool v Everton,Everton,Idrissa Gueye,2025,28818,2025-09-20,642859,Kiernan Dewsbury-Hall,0.08362530916929245,0.8440000152587891,0.5170000076293946,45,Left Foot,Open Play,Saved Shot
Premier League,2526,Liverpool v Everton,Everton,Idrissa Gueye,2025,28818,2025-09-20,642863,Iliman Ndiaye,0.31301936507225037,0.8669999694824219,0.42700000762939455,57,Right Foot,Open Play,Goal
Premier League,2526,Liverpool v Everton,Everton,Jack Grealish,2025,28818,2025-09-20,642868,Kiernan Dewsbury-Hall,0.03386339545249939,0.905,0.6930000305175781,89,Right Foot,From Corner,Missed Shot
Premier League,2526,Liverpool v Everton,Everton,James Garner,2025,28818,2025-09-20,642858,Jack Grealish,0.019569212570786476,0.8030000305175782,0.715999984741211,42,Right Foot,From Corner,Blocked Shot
Premier League,2526,Liverpool v Everton,Everton,James Garner,2025,28818,2025-09-20,642866,,0.03387372940778732,0.7390000152587891,0.75,79,Right Foot,Direct Freekick,Missed Shot
Premier League,2526,Liverpool v Everton,Everton,Kiernan Dewsbury-Hall,2025,28818,2025-09-20,642855,Jack Grealish,0.06359004229307175,0.9209999847412109,0.6780000305175782,26,Left Foot,Open Play,Missed Shot
Premier League,2526,Liverpool v Everton,Everton,Kiernan Dewsbury-Hall,2025,28818,2025-09-20,642861,Vitalii Mykolenko,0.06898057460784912,0.9369999694824219,0.6630000305175782,54,Left Foot,Open Play,Blocked Shot
Premier League,2526,Liverpool v Everton,Liverpool,Alexis Mac Allister,2025,28818,2025-09-20,642851,Cody Gakpo,0.0890515074133873,0.85,0.5559999847412109,18,Left Foot,Open Play,Blocked Shot
Premier League,2526,Liverpool v Everton,Liverpool,Cody Gakpo,2025,28818,2025-09-20,642854,,0.1346806436777115,0.860999984741211,0.4420000076293945,23,Right Foot,Open Play,Missed Shot
Premier League,2526,Liverpool v Everton,Liverpool,Conor Bradley,2025,28818,2025-09-20,642852,,0.045539069920778275,0.8809999847412109,0.295,18,Right Foot,Open Play,Blocked Shot
Premier League,2526,Liverpool v Everton,Liverpool,Dominik Szoboszlai,2025,28818,2025-09-20,642865,,0.03755884990096092,0.71,0.3820000076293945,73,Right Foot,Direct Freekick,Missed Shot
Premier League,2526,Liverpool v Everton,Liverpool,Dominik Szoboszlai,2025,28818,2025-09-20,642867,Florian Wirtz,0.0700811892747879,0.855999984741211,0.37,83,Right Foot,Open Play,Blocked Shot
Premier League,2526,Liverpool v Everton,Liverpool,Hugo Ekitike,2025,28818,2025-09-20,642856,Ryan Gravenberch,0.3504309058189392,0.9119999694824219,0.375,28,Right Foot,Open Play,Goal
Premier League,2526,Liverpool v Everton,Liverpool,Hugo Ekitike,2025,28818,2025-09-20,642860,Milos Kerkez,0.051776569336652756,0.825999984741211,0.685,53,Right Foot,Open Play,Blocked Shot
Premier League,2526,Liverpool v Everton,Liverpool,Ibrahima Konaté,2025,28818,2025-09-20,642864,Dominik Szoboszlai,0.025867801159620285,0.905,0.5,71,,From Corner,Blocked Shot
Premier League,2526,Liverpool v Everton,Liverpool,Mohamed Salah,2025,28818,2025-09-20,642850,,0.05772396922111511,0.8530000305175781,0.3189999961853027,15,Left Foot,Open Play,Missed Shot
Premier League,2526,Liverpool v Everton,Liverpool,Mohamed Salah,2025,28818,2025-09-20,642862,Cody Gakpo,0.1356126070022583,0.8580000305175781,0.3609999847412109,55,Left Foot,Open Play,Saved Shot
Premier League,2526,Liverpool v Everton,Liverpool,Ryan Gravenberch,2025,28818,2025-09-20,642849,Mohamed Salah,0.06738808751106262,0.9019999694824219,0.34599998474121096,9,Right Foot,Open Play,Goal
Premier League,2526,Manchester United v Chelsea,Chelsea,Andrey Santos,2025,28824,2025-09-20,643303,João Pedro,0.08383796364068985,0.894000015258789,0.514000015258789,93,Right Foot,Open Play,Blocked Shot
Premier League,2526,Manchester United v Chelsea,Chelsea,Marc Cucurella,2025,28824,2025-09-20,643298,Moisés Caicedo,0.02825935371220112,0.905,0.27700000762939453,51,Right Foot,Set Piece,Missed Shot
Premier League,2526,Manchester United v Chelsea,Chelsea,Moisés Caicedo,2025,28824,2025-09-20,643295,,0.022669004276394844,0.779000015258789,0.529000015258789,22,Right Foot,From Corner,Blocked Shot
Premier League,2526,Manchester United v Chelsea,Chelsea,Tosin Adarabioyo,2025,28824,2025-09-20,643299,Reece James,0.03566968813538551,0.955999984741211,0.38799999237060545,62,,From Corner,Missed Shot
Premier League,2526,Manchester United v Chelsea,Chelsea,Trevoh Chalobah,2025,28824,2025-09-20,643301,Reece James,0.2994072735309601,0.9309999847412109,0.5470000076293945,79,,From Corner,Goal
Premier League,2526,Manchester United v Chelsea,Manchester United,Amad Diallo Traore,2025,28824,2025-09-20,643292,,0.02186133898794651,0.775,0.5079999923706054,9,Right Foot,From Corner,Blocked Shot
Premier League,2526,Manchester United v Chelsea,Manchester United,Amad Diallo Traore,2025,28824,2025-09-20,643300,Matthijs de Ligt,0.09552733600139618,0.9269999694824219,0.44799999237060545,74,Left Foot,Set Piece,Missed Shot
Premier League,2526,Manchester United v Chelsea,Manchester United,Bruno Fernandes,2025,28824,2025-09-20,643289,,0.10298559814691544,0.785,0.49,7,Right Foot,Direct Freekick,Blocked Shot
Premier League,2526,Manchester United v Chelsea,Manchester United,Bruno Fernandes,2025,28824,2025-09-20,643293,Patrick Dorgu,0.6159805059432983,0.9580000305175781,0.4759999847412109,13,Right Foot,Open Play,Goal
Premier League,2526,Manchester United v Chelsea,Manchester United,Bruno Fernandes,2025,28824,2025-09-20,643302,,0.04517577961087227,0.7819999694824219,0.4209999847412109,82,Right Foot,Open Play,Saved Shot
Premier League,2526,Manchester United v Chelsea,Manchester United,Bryan Mbeumo,2025,28824,2025-09-20,643288,Patrick Dorgu,0.06756933778524399,0.9330000305175781,0.3970000076293945,2,,Open Play,Saved Shot
Premier League,2526,Manchester United v Chelsea,Manchester United,Bryan Mbeumo,2025,28824,2025-09-20,643290,,0.022691035643219948,0.785,0.46,7,Left Foot,Set Piece,Blocked Shot
Premier League,2526,Manchester United v Chelsea,Manchester United,Bryan Mbeumo,2025,28824,2025-09-20,643294,Bruno Fernandes,0.04373050853610039,0.8119999694824219,0.34599998474121096,17,Left Foot,Open Play,Missed Shot
Premier League,2526,Manchester United v Chelsea,Manchester United,Casemiro,2025,28824,2025-09-20,643297,Harry Maguire,0.19499868154525757,0.97,0.435,36,,From Corner,Goal
Premier League,2526,Manchester United v Chelsea,Manchester United,Harry Maguire,2025,28824,2025-09-20,643291,Casemiro,0.052745867520570755,0.9230000305175782,0.5279999923706055,8,,From Corner,Missed Shot
Premier League,2526,Manchester United v Chelsea,Manchester United,Luke Shaw,2025,28824,2025-09-20,643296,,0.08364910632371902,0.9490000152587891,0.529000015258789,36,,From Corner,Blocked Shot
Premier League,2526,West Ham v Crystal Palace,Crystal Palace,Adam Wharton,2025,28819,2025-09-20,643063,Daichi Kamada,0.023688603192567825,0.7819999694824219,0.3970000076293945,34,Left Foot,Open Play,Blocked Shot
Premier League,2526,West Ham v Crystal Palace,Crystal Palace,Daichi Kamada,2025,28819,2025-09-20,643062,Yeremi Pino,0.12507210671901703,0.9519999694824218,0.47200000762939454,31,,Open Play,Missed Shot
Premier League,2526,West Ham v Crystal Palace,Crystal Palace,Daniel Muñoz,2025,28819,2025-09-20,643067,Adam Wharton,0.05065634846687317,0.9169999694824219,0.5829999923706055,43,,From Corner,Missed Shot
Premier League,2526,West Ham v Crystal Palace,Crystal Palace,Daniel Muñoz,2025,28819,2025-09-20,643071,Tyrick Mitchell,0.058721721172332764,0.9269999694824219,0.37099998474121093,52,Right Foot,Open Play,Missed Shot
Premier League,2526,West Ham v Crystal Palace,Crystal Palace,Daniel Muñoz,2025,28819,2025-09-20,643078,Tyrick Mitchell,0.06963186711072922,0.9169999694824219,0.3270000076293945,72,Right Foot,Open Play,Blocked Shot
Premier League,2526,West Ham v Crystal Palace,Crystal Palace,Eddie Nketiah,2025,28819,2025-09-20,643079,Jefferson Lerma,0.07470468431711197,0.88,0.5620000076293945,75,Right Foot,Set Piece,Blocked Shot
Premier League,2526,West Ham v Crystal Palace,Crystal Palace,Jean-Philippe Mateta,2025,28819,2025-09-20,643066,,0.6040295958518982,0.970999984741211,0.4829999923706055,36,,From Corner,Goal
Premier League,2526,West Ham v Crystal Palace,Crystal Palace,Jean-Philippe Mateta,2025,28819,2025-09-20,643072,Adam Wharton,0.09870889037847519,0.955,0.46700000762939453,58,,Set Piece,Missed Shot
Premier League,2526,West Ham v Crystal Palace,Crystal Palace,Jefferson Lerma,2025,28819,2025-09-20,643080,,0.060068778693675995,0.8469999694824218,0.56,75,Left Foot,Set Piece,Saved Shot
Premier League,2526,West Ham v Crystal Palace,Crystal Palace,Jefferson Lerma,2025,28819,2025-09-20,643083,Eddie Nketiah,0.01508393231779337,0.685,0.5,84,Right Foot,Open Play,Missed Shot
Premier League,2526,West Ham v Crystal Palace,Crystal Palace,Justin Devenny,2025,28819,2025-09-20,643075,Tyrick Mitchell,0.04117116704583168,0.895,0.46599998474121096,63,,Open Play,Missed Shot
Premier League,2526,West Ham v Crystal Palace,Crystal Palace,Justin Devenny,2025,28819,2025-09-20,643084,Daichi Kamada,0.029941219836473465,0.7559999847412109,0.40299999237060546,87,Left Foot,Open Play,Missed Shot
Premier League,2526,West Ham v Crystal Palace,Crystal Palace,Marc Guehi,2025,28819,2025-09-20,643065,Daichi Kamada,0.08119462430477142,0.9669999694824218,0.45599998474121095,36,,From Corner,Blocked Shot
Premier League,2526,West Ham v Crystal Palace,Crystal Palace,Maxence Lacroix,2025,28819,2025-09-20,643068,Adam Wharton,0.4896112382411957,0.9580000305175781,0.47099998474121096,46,,From Corner,Shot On Post
Premier League,2526,West Ham v Crystal Palace,Crystal Palace,Tyrick Mitchell,2025,28819,2025-09-20,643077,,0.3862307667732239,0.92,0.5990000152587891,67,Right Foot,Open Play,Goal
Premier League,2526,West Ham v Crystal Palace,Crystal Palace,Tyrick Mitchell,2025,28819,2025-09-20,643081,Daniel Muñoz,0.0794183760881424,0.860999984741211,0.6359999847412109,78,Left Foot,Open Play,Missed Shot
Premier League,2526,West Ham v Crystal Palace,Crystal Palace,Yeremi Pino,2025,28819,2025-09-20,643061,,0.01626068539917469,0.7530000305175781,0.5990000152587891,8,Right Foot,From Corner,Blocked Shot
Premier League,2526,West Ham v Crystal Palace,Crystal Palace,Yeremi Pino,2025,28819,2025-09-20,643064,,0.084990955889225,0.8830000305175781,0.565,35,Left Foot,Open Play,Blocked Shot
Premier League,2526,West Ham v Crystal Palace,West Ham,James Ward-Prowse,2025,28819,2025-09-20,643070,Lucas Paquetá,0.01174372062087059,0.7190000152587891,0.664000015258789,51,Right Foot,Open Play,Blocked Shot
Premier League,2526,West Ham v Crystal Palace,West Ham,Jarrod Bowen,2025,28819,2025-09-20,643069,El Hadji Malick Diouf,0.11966060101985931,0.9340000152587891,0.47400001525878904,48,,From Corner,Goal
Premier League,2526,West Ham v Crystal Palace,West Ham,Jarrod Bowen,2025,28819,2025-09-20,643082,Niclas Füllkrug,0.07159095257520676,0.835999984741211,0.5229999923706055,80,Left Foot,Open Play,Missed Shot
Premier League,2526,West Ham v Crystal Palace,West Ham,Konstantinos Mavropanos,2025,28819,2025-09-20,643060,James Ward-Prowse,0.13340333104133606,0.965,0.46700000762939453,5,,From Corner,Saved Shot
Premier League,2526,West Ham v Crystal Palace,West Ham,Kyle Walker-Peters,2025,28819,2025-09-20,643074,James Ward-Prowse,0.03792275860905647,0.8969999694824219,0.2589999961853027,63,Right Foot,Open Play,Saved Shot
Premier League,2526,West Ham v Crystal Palace,West Ham,Kyle Walker-Peters,2025,28819,2025-09-20,643076,Lucas Paquetá,0.035743195563554764,0.9630000305175781,0.3970000076293945,66,,Open Play,Missed Shot
Premier League,2526,West Ham v Crystal Palace,West Ham,Lucas Paquetá,2025,28819,2025-09-20,643073,Jarrod Bowen,0.01695026457309723,0.9730000305175781,0.625999984741211,62,,Open Play,Missed Shot
Premier League,2526,West Ham v Crystal Palace,West Ham,Luis Guilherme,2025,28819,2025-09-20,643085,El Hadji Malick Diouf,0.039350125938653946,0.8969999694824219,0.5279999923706055,92,,Open Play,Missed Shot
Premier League,2526,Wolverhampton Wanderers v Leeds,Leeds,Anton Stach,2025,28820,2025-09-20,643090,,0.0657067522406578,0.750999984741211,0.48700000762939455,38,Right Foot,Direct Freekick,Goal
Premier League,2526,Wolverhampton Wanderers v Leeds,Leeds,Brenden Aaronson,2025,28820,2025-09-20,643088,Dominic Calvert-Lewin,0.043977849185466766,0.8080000305175781,0.39299999237060546,25,Right Foot,Open Play,Missed Shot
Premier League,2526,Wolverhampton Wanderers v Leeds,Leeds,Dominic Calvert-Lewin,2025,28820,2025-09-20,643089,,0.040250737220048904,0.9059999847412109,0.5070000076293946,30,,Open Play,Goal
Premier League,2526,Wolverhampton Wanderers v Leeds,Leeds,Ethan Ampadu,2025,28820,2025-09-20,643087,,0.011771920137107372,0.6919999694824219,0.5820000076293945,13,Right Foot,Open Play,Missed Shot
Premier League,2526,Wolverhampton Wanderers v Leeds,Leeds,Noah Okafor,2025,28820,2025-09-20,643094,Anton Stach,0.2599199414253235,0.889000015258789,0.6559999847412109,44,Left Foot,Open Play,Goal
Premier League,2526,Wolverhampton Wanderers v Leeds,Leeds,Sean Longstaff,2025,28820,2025-09-20,643098,,0.03536045923829079,0.7930000305175782,0.57,57,Left Foot,Open Play,Saved Shot
Premier League,2526,Wolverhampton Wanderers v Leeds,Wolverhampton Wanderers,André,2025,28820,2025-09-20,643107,Ladislav Krejcí,0.008202716708183289,0.6969999694824218,0.7269999694824218,91,Right Foot,Open Play,Blocked Shot
Premier League,2526,Wolverhampton Wanderers v Leeds,Wolverhampton Wanderers,Emmanuel Agbadou,2025,28820,2025-09-20,643095,Rodrigo Gomes,0.04556407406926155,0.9159999847412109,0.4929999923706055,47,,From Corner,Saved Shot
Premier League,2526,Wolverhampton Wanderers v Leeds,Wolverhampton Wanderers,Emmanuel Agbadou,2025,28820,2025-09-20,643100,,0.006837877910584211,0.6940000152587891,0.325,64,Left Foot,Open Play,Blocked Shot
Premier League,2526,Wolverhampton Wanderers v Leeds,Wolverhampton Wanderers,Emmanuel Agbadou,2025,28820,2025-09-20,643106,Jhon Arias,0.009405452758073807,0.7080000305175781,0.3170000076293945,86,Right Foot,Open Play,Saved Shot
Premier League,2526,Wolverhampton Wanderers v Leeds,Wolverhampton Wanderers,João Gomes,2025,28820,2025-09-20,643092,Jean-Ricner Bellegarde,0.0674143061041832,0.8440000152587891,0.425,43,Right Foot,Open Play,Blocked Shot
Premier League,2526,Wolverhampton Wanderers v Leeds,Wolverhampton Wanderers,João Gomes,2025,28820,2025-09-20,643102,Jackson Tchatchoua,0.03644731640815735,0.8040000152587891,0.3970000076293945,73,Right Foot,Open Play,Blocked Shot
Premier League,2526,Wolverhampton Wanderers v Leeds,Wolverhampton Wanderers,Jørgen Strand Larsen,2025,28820,2025-09-20,643103,Jhon Arias,0.04801524803042412,0.9069999694824219,0.5690000152587891,76,,Open Play,Missed Shot
Premier League,2526,Wolverhampton Wanderers v Leeds,Wolverhampton Wanderers,Ladislav Krejcí,2025,28820,2025-09-20,643086,Fernando López,0.42917048931121826,0.9080000305175782,0.5059999847412109,7,Left Foot,Open Play,Goal
Premier League,2526,Wolverhampton Wanderers v Leeds,Wolverhampton Wanderers,Marshall Munetsi,2025,28820,2025-09-20,643097,Tolu Arokodare,0.290688157081604,0.8619999694824219,0.5329999923706055,54,Left Foot,Open Play,Saved Shot
Premier League,2526,Wolverhampton Wanderers v Leeds,Wolverhampton Wanderers,Marshall Munetsi,2025,28820,2025-09-20,643105,,0.3427233397960663,0.9180000305175782,0.44,83,Left Foot,Open Play,Missed Shot
Premier League,2526,Wolverhampton Wanderers v Leeds,Wolverhampton Wanderers,Rodrigo Gomes,2025,28820,2025-09-20,643096,Jackson Tchatchoua,0.016913721337914467,0.9080000305175782,0.710999984741211,48,Right Foot,Open Play,Missed Shot
Premier League,2526,Wolverhampton Wanderers v Leeds,Wolverhampton Wanderers,Tolu Arokodare,2025,28820,2025-09-20,643093,Emmanuel Agbadou,0.07478383183479309,0.919000015258789,0.6020000076293945,44,Right Foot,Open Play,Saved Shot
Premier League,2526,Wolverhampton Wanderers v Leeds,Wolverhampton Wanderers,Tolu Arokodare,2025,28820,2025-09-20,643099,Hugo Bueno,0.07116623967885971,0.919000015258789,0.5229999923706055,59,,Open Play,Missed Shot
Premier League,2526,Wolverhampton Wanderers v Leeds,Wolverhampton Wanderers,Tolu Arokodare,2025,28820,2025-09-20,643104,Hugo Bueno,0.06471956521272659,0.9169999694824219,0.48700000762939455,78,,Open Play,Missed Shot
Premier League,2526,Wolverhampton Wanderers v Leeds,Wolverhampton Wanderers,Yerson Mosquera,2025,28820,2025-09-20,643091,Fernando López,0.01990661211311817,0.8869999694824219,0.529000015258789,40,,Set Piece,Missed Shot
Premier League,2526,Wolverhampton Wanderers v Leeds,Wolverhampton Wanderers,Yerson Mosquera,2025,28820,2025-09-20,643101,Hugo Bueno,0.03413645923137665,0.870999984741211,0.500999984741211,70,,Open Play,Saved Shot
Premier League,2526,Arsenal v Manchester City,Arsenal,Bukayo Saka,2025,28827,2025-09-21,643861,Martín Zubimendi,0.04680842161178589,0.874000015258789,0.315,51,Left Foot,Open Play,Blocked Shot
Premier League,2526,Arsenal v Manchester City,Arsenal,Eberechi Eze,2025,28827,2025-09-21,643860,,0.025194693356752396,0.860999984741211,0.40700000762939453,49,Right Foot,Open Play,Saved Shot
Premier League,2526,Arsenal v Manchester City,Arsenal,Gabriel Martinelli,2025,28827,2025-09-21,643868,Eberechi Eze,0.09973180294036865,0.8490000152587891,0.610999984741211,92,Right Foot,Open Play,Goal
Premier League,2526,Arsenal v Manchester City,Arsenal,Leandro Trossard,2025,28827,2025-09-21,643862,Jurriën Timber,0.03394317999482155,0.8969999694824219,0.32099998474121094,55,Left Foot,From Corner,Blocked Shot
Premier League,2526,Arsenal v Manchester City,Arsenal,Leandro Trossard,2025,28827,2025-09-21,643864,Bukayo Saka,0.04437032341957092,0.9690000152587891,0.6179999923706054,59,Right Foot,From Corner,Blocked Shot
Premier League,2526,Arsenal v Manchester City,Arsenal,Martín Zubimendi,2025,28827,2025-09-21,643859,,0.02714330516755581,0.8619999694824219,0.4179999923706055,47,Right Foot,Open Play,Missed Shot
Premier League,2526,Arsenal v Manchester City,Arsenal,Noni Madueke,2025,28827,2025-09-21,643854,Declan Rice,0.22239868342876434,0.9019999694824219,0.45599998474121095,31,,Open Play,Missed Shot
Premier League,2526,Arsenal v Manchester City,Arsenal,Noni Madueke,2025,28827,2025-09-21,643858,Mikel Merino,0.061104971915483475,0.9369999694824219,0.3189999961853027,45,Right Foot,Open Play,Saved Shot
Premier League,2526,Arsenal v Manchester City,Arsenal,Riccardo Calafiori,2025,28827,2025-09-21,643857,,0.03855420649051666,0.835999984741211,0.6580000305175782,43,Left Foot,Open Play,Missed Shot
Premier League,2526,Arsenal v Manchester City,Arsenal,Riccardo Calafiori,2025,28827,2025-09-21,643865,Bukayo Saka,0.027703458443284035,0.9169999694824219,0.580999984741211,75,,Open Play,Missed Shot
Premier League,2526,Arsenal v Manchester City,Arsenal,Riccardo Calafiori,2025,28827,2025-09-21,643866,Declan Rice,0.02390633150935173,0.7959999847412109,0.6890000152587891,80,Right Foot,Open Play,Missed Shot
Premier League,2526,Arsenal v Manchester City,Arsenal,William Saliba,2025,28827,2025-09-21,643856,,0.06771591305732727,0.9330000305175781,0.49599998474121093,41,,From Corner,Missed Shot
Premier League,2526,Arsenal v Manchester City,Manchester City,Erling Haaland,2025,28827,2025-09-21,643852,Tijjani Reijnders,0.5452440977096558,0.9059999847412109,0.44099998474121094,8,Right Foot,Open Play,Goal
Premier League,2526,Arsenal v Manchester City,Manchester City,Erling Haaland,2025,28827,2025-09-21,643863,Jéremy Doku,0.08190350979566574,0.86,0.6730000305175782,56,Left Foot,Open Play,Saved Shot
Premier League,2526,Arsenal v Manchester City,Manchester City,Jéremy Doku,2025,28827,2025-09-21,643867,Tijjani Reijnders,0.3822949230670929,0.9540000152587891,0.610999984741211,81,Right Foot,Open Play,Missed Shot
Premier League,2526,Arsenal v Manchester City,Manchester City,Rodri,2025,28827,2025-09-21,643855,Jéremy Doku,0.039945926517248154,0.784000015258789,0.519000015258789,37,Left Foot,Open Play,Missed Shot
Premier League,2526,Arsenal v Manchester City,Manchester City,Tijjani Reijnders,2025,28827,2025-09-21,643853,Bernardo Silva,0.07330891489982605,0.8369999694824218,0.624000015258789,19,Right Foot,Open Play,Saved Shot
Premier League,2526,Bournemouth v Newcastle United,Bournemouth,Alejandro Jiménez,2025,28823,2025-09-21,643591,Bafode Diakite,0.034936562180519104,0.8340000152587891,0.34799999237060547,6,Right Foot,Open Play,Blocked Shot
Premier League,2526,Bournemouth v Newcastle United,Bournemouth,Alejandro Jiménez,2025,28823,2025-09-21,643593,,0.015041940845549107,0.78,0.28600000381469726,8,Right Foot,From Corner,Blocked Shot
Premier League,2526,Bournemouth v Newcastle United,Bournemouth,Alex Scott,2025,28823,2025-09-21,643600,Marcos Senesi,0.05896493420004845,0.8219999694824218,0.5520000076293945,26,Right Foot,Open Play,Missed Shot
Premier League,2526,Bournemouth v Newcastle United,Bournemouth,Antoine Semenyo,2025,28823,2025-09-21,643602,,0.09898174554109573,0.8480000305175781,0.555,52,Right Foot,Open Play,Missed Shot
Premier League,2526,Bournemouth v Newcastle United,Bournemouth,Evanilson,2025,28823,2025-09-21,643598,Marcus Tavernier,0.08964236825704575,0.899000015258789,0.435,14,Right Foot,Open Play,Blocked Shot
Premier League,2526,Bournemouth v Newcastle United,Bournemouth,James Hill,2025,28823,2025-09-21,643605,,0.008657212369143963,0.6630000305175782,0.39,92,Right Foot,Open Play,Missed Shot
Premier League,2526,Bournemouth v Newcastle United,Bournemouth,Justin Kluivert,2025,28823,2025-09-21,643604,,0.12941735982894897,0.8080000305175781,0.5740000152587891,90,Right Foot,Direct Freekick,Saved Shot
Premier League,2526,Bournemouth v Newcastle United,Bournemouth,Marcus Tavernier,2025,28823,2025-09-21,643597,Antoine Semenyo,0.01888270489871502,0.7469999694824219,0.515,14,Left Foot,Open Play,Blocked Shot
Premier League,2526,Bournemouth v Newcastle United,Bournemouth,Marcus Tavernier,2025,28823,2025-09-21,643601,Evanilson,0.03985908254981041,0.7930000305175782,0.42400001525878905,49,Left Foot,Open Play,Blocked Shot
Premier League,2526,Bournemouth v Newcastle United,Bournemouth,Ryan Christie,2025,28823,2025-09-21,643603,,0.01893874630331993,0.7669999694824219,0.5379999923706055,89,Left Foot,Set Piece,Blocked Shot
Premier League,2526,Bournemouth v Newcastle United,Bournemouth,Tyler Adams,2025,28823,2025-09-21,643592,David Brooks,0.03733758255839348,0.8530000305175781,0.32099998474121094,8,Right Foot,Open Play,Saved Shot
Premier League,2526,Bournemouth v Newcastle United,Newcastle United,Jacob Murphy,2025,28823,2025-09-21,643594,Sandro Tonali,0.09077014029026031,0.9490000152587891,0.3559999847412109,10,Right Foot,Open Play,Saved Shot
Premier League,2526,Bournemouth v Newcastle United,Newcastle United,Jacob Murphy,2025,28823,2025-09-21,643596,Sandro Tonali,0.014184875413775444,0.75,0.6509999847412109,13,Right Foot,Open Play,Missed Shot
Premier League,2526,Bournemouth v Newcastle United,Newcastle United,Sandro Tonali,2025,28823,2025-09-21,643595,,0.012615949846804142,0.6969999694824218,0.5570000076293945,11,Right Foot,From Corner,Blocked Shot
Premier League,2526,Bournemouth v Newcastle United,Newcastle United,Sandro Tonali,2025,28823,2025-09-21,643599,Lewis Miley,0.03605787828564644,0.785,0.4520000076293945,24,Right Foot,Open Play,Missed Shot
Premier League,2526,Sunderland v Aston Villa,Aston Villa,Donyell Malen,2025,28826,2025-09-21,643630,,0.05224158614873886,0.8219999694824218,0.5659999847412109,92,Right Foot,Open Play,Blocked Shot
Premier League,2526,Sunderland v Aston Villa,Aston Villa,Emiliano Buendía,2025,28826,2025-09-21,643613,,0.05007219687104225,0.815,0.5479999923706055,41,Left Foot,Open Play,Missed Shot
Premier League,2526,Sunderland v Aston Villa,Aston Villa,Emiliano Buendía,2025,28826,2025-09-21,643615,,0.0449473038315773,0.97,0.7069999694824218,45,Left Foot,Open Play,Blocked Shot
Premier League,2526,Sunderland v Aston Villa,Aston Villa,Evann Guessand,2025,28826,2025-09-21,643610,Morgan Rogers,0.5027073621749878,0.9059999847412109,0.5279999923706055,25,Right Foot,Set Piece,Saved Shot
Premier League,2526,Sunderland v Aston Villa,Aston Villa,Harvey Elliott,2025,28826,2025-09-21,643619,Morgan Rogers,0.06307501345872879,0.8590000152587891,0.3559999847412109,60,Left Foot,Open Play,Blocked Shot
Premier League,2526,Sunderland v Aston Villa,Aston Villa,Harvey Elliott,2025,28826,2025-09-21,643627,Donyell Malen,0.0680796355009079,0.8419999694824218,0.42700000762939455,82,Left Foot,Open Play,Missed Shot
Premier League,2526,Sunderland v Aston Villa,Aston Villa,Jadon Sancho,2025,28826,2025-09-21,643629,Tyrone Mings,0.04608212038874626,0.8440000152587891,0.6730000305175782,86,Right Foot,Open Play,Blocked Shot
Premier League,2526,Sunderland v Aston Villa,Aston Villa,John McGinn,2025,28826,2025-09-21,643612,Boubacar Kamara,0.061517272144556046,0.8119999694824219,0.46799999237060547,37,Left Foot,Open Play,Blocked Shot
Premier League,2526,Sunderland v Aston Villa,Aston Villa,John McGinn,2025,28826,2025-09-21,643616,,0.011377587914466858,0.7040000152587891,0.44799999237060545,46,Left Foot,Open Play,Missed Shot
Premier League,2526,Sunderland v Aston Villa,Aston Villa,Matthew Cash,2025,28826,2025-09-21,643622,Boubacar Kamara,0.022162923589348793,0.7240000152587891,0.44099998474121094,66,Right Foot,From Corner,Goal
Premier League,2526,Sunderland v Aston Villa,Aston Villa,Matthew Cash,2025,28826,2025-09-21,643628,Tyrone Mings,0.017091330140829086,0.7369999694824219,0.37200000762939456,86,Right Foot,Open Play,Blocked Shot
Premier League,2526,Sunderland v Aston Villa,Sunderland,Chemsdine Talbi,2025,28826,2025-09-21,643617,,0.018578199669718742,0.855,0.664000015258789,48,Left Foot,Open Play,Missed Shot
Premier League,2526,Sunderland v Aston Villa,Sunderland,Chemsdine Talbi,2025,28826,2025-09-21,643625,Noah Sadiki,0.022139864042401314,0.8009999847412109,0.73,74,Right Foot,Open Play,Blocked Shot
Premier League,2526,Sunderland v Aston Villa,Sunderland,Chris Rigg,2025,28826,2025-09-21,643611,Nordi Mukiele,0.07086944580078125,0.860999984741211,0.5259999847412109,31,Right Foot,Set Piece,Missed Shot
Premier League,2526,Sunderland v Aston Villa,Sunderland,Dan Ballard,2025,28826,2025-09-21,643614,Granit Xhaka,0.007273717783391476,0.8159999847412109,0.4379999923706055,46,,Set Piece,Missed Shot
Premier League,2526,Sunderland v Aston Villa,Sunderland,Granit Xhaka,2025,28826,2025-09-21,643623,Dan Ballard,0.04233251512050629,0.8119999694824219,0.44,69,Left Foot,Open Play,Saved Shot
Premier League,2526,Sunderland v Aston Villa,Sunderland,Nordi Mukiele,2025,28826,2025-09-21,643620,Trai Hume,0.02466207556426525,0.9630000305175781,0.40900001525878904,63,,From Corner,Blocked Shot
Premier League,2526,Sunderland v Aston Villa,Sunderland,Omar Alderete,2025,28826,2025-09-21,643609,Nordi Mukiele,0.034359678626060486,0.9080000305175782,0.590999984741211,19,,Open Play,Saved Shot
Premier League,2526,Sunderland v Aston Villa,Sunderland,Omar Alderete,2025,28826,2025-09-21,643618,Nordi Mukiele,0.05181761085987091,0.9209999847412109,0.5820000076293945,50,,Open Play,Shot On Post
Premier League,2526,Sunderland v Aston Villa,Sunderland,Wilson Isidor,2025,28826,2025-09-21,643606,Chemsdine Talbi,0.029756717383861542,0.9259999847412109,0.405,12,,Open Play,Missed Shot
Premier League,2526,Sunderland v Aston Villa,Sunderland,Wilson Isidor,2025,28826,2025-09-21,643607,,0.012449417263269424,0.7290000152587891,0.7119999694824218,13,Right Foot,Open Play,Saved Shot
Premier League,2526,Sunderland v Aston Villa,Sunderland,Wilson Isidor,2025,28826,2025-09-21,643608,Chris Rigg,0.06845347583293915,0.9080000305175782,0.33,17,Right Foot,Open Play,Blocked Shot
Premier League,2526,Sunderland v Aston Villa,Sunderland,Wilson Isidor,2025,28826,2025-09-21,643621,,0.15331143140792847,0.960999984741211,0.5170000076293946,63,Right Foot,From Corner,Missed Shot
Premier League,2526,Sunderland v Aston Villa,Sunderland,Wilson Isidor,2025,28826,2025-09-21,643624,,0.04955695942044258,0.8859999847412109,0.665,74,Right Foot,Open Play,Blocked Shot
Premier League,2526,Sunderland v Aston Villa,Sunderland,Wilson Isidor,2025,28826,2025-09-21,643626,Granit Xhaka,0.35653162002563477,0.9080000305175782,0.5670000076293945,74,Right Foot,Open Play,Goal
Premier League,2526,Brentford v Manchester United,Brentford,Dango Ouattara,2025,28828,2025-09-27,644497,Kevin Schade,0.36608558893203735,0.87,0.5459999847412109,62,Left Foot,Open Play,Saved Shot
Premier League,2526,Brentford v Manchester United,Brentford,Kevin Schade,2025,28828,2025-09-27,644504,Vitaly Janelt,0.026606498286128044,0.93,0.34200000762939453,97,Right Foot,Set Piece,Saved Shot
Premier League,2526,Brentford v Manchester United,Brentford,Mathias Jensen,2025,28828,2025-09-27,644503,Yehor Yarmolyuk,0.05464768409729004,0.7869999694824219,0.6409999847412109,94,Right Foot,Open Play,Goal
Premier League,2526,Brentford v Manchester United,Brentford,Nathan Collins,2025,28828,2025-09-27,644485,Jordan Henderson,0.2888352572917938,0.91,0.44799999237060545,16,,From Corner,Saved Shot
Premier League,2526,Brentford v Manchester United,Brentford,Sepp van den Berg,2025,28828,2025-09-27,644484,Dango Ouattara,0.4428175985813141,0.955999984741211,0.4879999923706055,16,,From Corner,Saved Shot
Premier League,2526,Brentford v Manchester United,Brentford,Sepp van den Berg,2025,28828,2025-09-27,644496,Aaron Hickey,0.6038424372673035,0.9569999694824218,0.47900001525878905,60,Right Foot,Set Piece,Saved Shot
Premier League,2526,Brentford v Manchester United,Brentford,Thiago,2025,28828,2025-09-27,644482,Jordan Henderson,0.32880347967147827,0.8530000305175781,0.6140000152587891,7,Left Foot,Open Play,Goal
Premier League,2526,Brentford v Manchester United,Brentford,Thiago,2025,28828,2025-09-27,644486,,0.5758193731307983,0.9269999694824219,0.48200000762939454,19,Left Foot,Open Play,Goal
Premier League,2526,Brentford v Manchester United,Brentford,Thiago,2025,28828,2025-09-27,644499,Caoimhin Kelleher,0.025028405711054802,0.7619999694824219,0.5740000152587891,77,Left Foot,Open Play,Missed Shot
Premier League,2526,Brentford v Manchester United,Brentford,Yehor Yarmolyuk,2025,28828,2025-09-27,644500,,0.0747782289981842,0.8219999694824218,0.4759999847412109,79,Left Foot,Open Play,Blocked Shot
Premier League,2526,Brentford v Manchester United,Manchester United,Benjamin Sesko,2025,28828,2025-09-27,644481,Matheus Cunha,0.14662878215312958,0.8680000305175781,0.34,4,Right Foot,Open Play,Blocked Shot
Premier League,2526,Brentford v Manchester United,Manchester United,Benjamin Sesko,2025,28828,2025-09-27,644487,Diogo Dalot,0.027179712429642677,0.7630000305175781,0.46799999237060547,22,Right Foot,Open Play,Saved Shot
Premier League,2526,Brentford v Manchester United,Manchester United,Benjamin Sesko,2025,28828,2025-09-27,644488,,0.6919364333152771,0.9580000305175781,0.47900001525878905,25,,Open Play,Saved Shot
Premier League,2526,Brentford v Manchester United,Manchester United,Benjamin Sesko,2025,28828,2025-09-27,644489,,0.6124233603477478,0.9519999694824218,0.4829999923706055,25,Right Foot,Open Play,Saved Shot
Premier League,2526,Brentford v Manchester United,Manchester United,Benjamin Sesko,2025,28828,2025-09-27,644490,,0.6560744643211365,0.9640000152587891,0.5179999923706055,25,Left Foot,Open Play,Goal
Premier League,2526,Brentford v Manchester United,Manchester United,Benjamin Sesko,2025,28828,2025-09-27,644492,Bryan Mbeumo,0.032091788947582245,0.9290000152587891,0.4209999847412109,31,,From Corner,Blocked Shot
Premier League,2526,Brentford v Manchester United,Manchester United,Bruno Fernandes,2025,28828,2025-09-27,644498,,0.7611688375473022,0.885,0.5,75,Right Foot,,Saved Shot
Premier League,2526,Brentford v Manchester United,Manchester United,Harry Maguire,2025,28828,2025-09-27,644494,Bryan Mbeumo,0.011196505278348923,0.97,0.6279999923706054,37,,From Corner,Missed Shot
Premier League,2526,Brentford v Manchester United,Manchester United,Joshua Zirkzee,2025,28828,2025-09-27,644502,Diogo Dalot,0.08036608248949051,0.9209999847412109,0.555,91,,Open Play,Missed Shot
Premier League,2526,Brentford v Manchester United,Manchester United,Matheus Cunha,2025,28828,2025-09-27,644483,Bruno Fernandes,0.02199307270348072,0.7709999847412109,0.3659999847412109,12,Right Foot,Open Play,Missed Shot
Premier League,2526,Brentford v Manchester United,Manchester United,Matheus Cunha,2025,28828,2025-09-27,644491,Diogo Dalot,0.0206352137029171,0.7680000305175781,0.4,30,Right Foot,Set Piece,Blocked Shot
Premier League,2526,Brentford v Manchester United,Manchester United,Matheus Cunha,2025,28828,2025-09-27,644493,Benjamin Sesko,0.05628003180027008,0.8119999694824219,0.4620000076293945,36,Right Foot,Open Play,Blocked Shot
Premier League,2526,Brentford v Manchester United,Manchester United,Matheus Cunha,2025,28828,2025-09-27,644495,Bryan Mbeumo,0.030238481238484383,0.789000015258789,0.37200000762939456,51,Right Foot,Open Play,Saved Shot
Premier League,2526,Brentford v Manchester United,Manchester United,Matthijs de Ligt,2025,28828,2025-09-27,644501,,0.08937100321054459,0.909000015258789,0.48900001525878906,82,Left Foot,Open Play,Missed Shot
Premier League,2526,Chelsea v Brighton,Brighton,Carlos Baleba,2025,28829,2025-09-27,644668,,0.012917870655655861,0.7469999694824219,0.27600000381469725,5,Left Foot,Open Play,Blocked Shot
Premier League,2526,Chelsea v Brighton,Brighton,Danny Welbeck,2025,28829,2025-09-27,644682,,0.3398641049861908,0.9159999847412109,0.3820000076293945,71,Right Foot,Open Play,Missed Shot
Premier League,2526,Chelsea v Brighton,Brighton,Danny Welbeck,2025,28829,2025-09-27,644684,Yankuba Minteh,0.46309441328048706,0.9359999847412109,0.5020000076293946,76,,Open Play,Goal
Premier League,2526,Chelsea v Brighton,Brighton,Danny Welbeck,2025,28829,2025-09-27,644688,Brajan Gruda,0.60951828956604,0.95,0.5570000076293945,99,Left Foot,Open Play,Goal
Premier League,2526,Chelsea v Brighton,Brighton,Diego Gómez,2025,28829,2025-09-27,644677,,0.08320274949073792,0.77,0.519000015258789,54,Right Foot,Direct Freekick,Missed Shot
Premier League,2526,Chelsea v Brighton,Brighton,Jan Paul van Hecke,2025,28829,2025-09-27,644681,,0.03411123529076576,0.785,0.500999984741211,71,Right Foot,Open Play,Blocked Shot
Premier League,2526,Chelsea v Brighton,Brighton,Lewis Dunk,2025,28829,2025-09-27,644676,Yasin Ayari,0.10247869044542313,0.9059999847412109,0.47900001525878905,41,,Set Piece,Missed Shot
Premier League,2526,Chelsea v Brighton,Brighton,Maxim De Cuyper,2025,28829,2025-09-27,644687,Mats Wieffer,0.4856862723827362,0.965,0.48200000762939454,91,,From Corner,Goal
Premier League,2526,Chelsea v Brighton,Brighton,Stefanos Tzimas,2025,28829,2025-09-27,644685,Ferdi Kadioglu,0.11290231347084045,0.9219999694824219,0.445,86,,Open Play,Missed Shot
Premier League,2526,Chelsea v Brighton,Brighton,Yankuba Minteh,2025,28829,2025-09-27,644680,Georginio Rutter,0.1492491215467453,0.8969999694824219,0.524000015258789,68,Left Foot,Open Play,Missed Shot
Premier League,2526,Chelsea v Brighton,Brighton,Yankuba Minteh,2025,28829,2025-09-27,644686,Stefanos Tzimas,0.05174189805984497,0.9259999847412109,0.5379999923706055,86,,Open Play,Missed Shot
Premier League,2526,Chelsea v Brighton,Brighton,Yasin Ayari,2025,28829,2025-09-27,644675,,0.04777100309729576,0.725999984741211,0.5609999847412109,30,Right Foot,Direct Freekick,Missed Shot
Premier League,2526,Chelsea v Brighton,Chelsea,Enzo Fernández,2025,28829,2025-09-27,644665,,0.058469995856285095,0.7419999694824219,0.534000015258789,2,Right Foot,Direct Freekick,Saved Shot
Premier League,2526,Chelsea v Brighton,Chelsea,Enzo Fernández,2025,28829,2025-09-27,644673,,0.8962834477424622,0.980999984741211,0.5120000076293946,23,,Open Play,Goal
Premier League,2526,Chelsea v Brighton,Chelsea,Enzo Fernández,2025,28829,2025-09-27,644683,Marc Cucurella,0.018925782293081284,0.745,0.545,75,Right Foot,Set Piece,Missed Shot
Premier League,2526,Chelsea v Brighton,Chelsea,Enzo Fernández,2025,28829,2025-09-27,644689,Reece James,0.5552152991294861,0.9690000152587891,0.445,102,,Open Play,Missed Shot
Premier League,2526,Chelsea v Brighton,Chelsea,Estêvão,2025,28829,2025-09-27,644669,João Pedro,0.06670285016298294,0.8440000152587891,0.38299999237060545,7,Left Foot,Open Play,Blocked Shot
Premier League,2526,Chelsea v Brighton,Chelsea,Estêvão,2025,28829,2025-09-27,644671,Robert Sánchez,0.13102763891220093,0.9209999847412109,0.3120000076293945,11,Right Foot,Open Play,Blocked Shot
Premier League,2526,Chelsea v Brighton,Chelsea,Estêvão,2025,28829,2025-09-27,644672,João Pedro,0.09045208990573883,0.8919999694824219,0.3679999923706055,14,Left Foot,Open Play,Blocked Shot
Premier League,2526,Chelsea v Brighton,Chelsea,Marc Cucurella,2025,28829,2025-09-27,644667,,0.021900545805692673,0.8019999694824219,0.3559999847412109,4,Left Foot,From Corner,Missed Shot
Premier League,2526,Chelsea v Brighton,Chelsea,Moisés Caicedo,2025,28829,2025-09-27,644678,,0.03930129110813141,0.805,0.48,57,Right Foot,Set Piece,Blocked Shot
Premier League,2526,Chelsea v Brighton,Chelsea,Pedro Neto,2025,28829,2025-09-27,644666,Andrey Santos,0.04814089834690094,0.865,0.6869999694824219,3,Left Foot,Open Play,Blocked Shot
Premier League,2526,Chelsea v Brighton,Chelsea,Pedro Neto,2025,28829,2025-09-27,644674,Robert Sánchez,0.0600149966776371,0.850999984741211,0.705999984741211,27,Left Foot,Open Play,Missed Shot
Premier League,2526,Chelsea v Brighton,Chelsea,Reece James,2025,28829,2025-09-27,644670,Pedro Neto,0.017577754333615303,0.759000015258789,0.69,9,Right Foot,Set Piece,Saved Shot
Premier League,2526,Chelsea v Brighton,Chelsea,Reece James,2025,28829,2025-09-27,644679,Enzo Fernández,0.02251484990119934,0.9230000305175782,0.8159999847412109,64,Right Foot,Set Piece,Blocked Shot
Premier League,2526,Crystal Palace v Liverpool,Crystal Palace,Adam Wharton,2025,28830,2025-09-27,644698,,0.019078325480222702,0.7480000305175781,0.585,22,Left Foot,Open Play,Missed Shot
Premier League,2526,Crystal Palace v Liverpool,Crystal Palace,Daniel Muñoz,2025,28830,2025-09-27,644695,Tyrick Mitchell,0.1408037394285202,0.8980000305175782,0.48400001525878905,21,Left Foot,Open Play,Saved Shot
Premier League,2526,Crystal Palace v Liverpool,Crystal Palace,Daniel Muñoz,2025,28830,2025-09-27,644696,,0.03457946702837944,0.8980000305175782,0.48400001525878905,21,,Open Play,Missed Shot
Premier League,2526,Crystal Palace v Liverpool,Crystal Palace,Daniel Muñoz,2025,28830,2025-09-27,644723,Eddie Nketiah,0.0978936105966568,0.8619999694824219,0.43099998474121093,85,Left Foot,Open Play,Saved Shot
Premier League,2526,Crystal Palace v Liverpool,Crystal Palace,Eddie Nketiah,2025,28830,2025-09-27,644719,Jean-Philippe Mateta,0.3203686773777008,0.909000015258789,0.48900001525878906,78,,Open Play,Missed Shot
Premier League,2526,Crystal Palace v Liverpool,Crystal Palace,Eddie Nketiah,2025,28830,2025-09-27,644725,Marc Guehi,0.4320649802684784,0.924000015258789,0.5540000152587891,96,Left Foot,Open Play,Goal
Premier League,2526,Crystal Palace v Liverpool,Crystal Palace,Ismaila Sarr,2025,28830,2025-09-27,644690,,0.8101592063903809,0.9769999694824218,0.4859999847412109,8,Right Foot,From Corner,Goal
Premier League,2526,Crystal Palace v Liverpool,Crystal Palace,Ismaila Sarr,2025,28830,2025-09-27,644701,Adam Wharton,0.13811001181602478,0.9619999694824218,0.5990000152587891,39,Right Foot,Open Play,Missed Shot
Premier League,2526,Crystal Palace v Liverpool,Crystal Palace,Ismaila Sarr,2025,28830,2025-09-27,644702,Daniel Muñoz,0.08872662484645844,0.8930000305175781,0.3160000038146973,41,Right Foot,Open Play,Blocked Shot
Premier League,2526,Crystal Palace v Liverpool,Crystal Palace,Jean-Philippe Mateta,2025,28830,2025-09-27,644697,Adam Wharton,0.3227490782737732,0.8590000152587891,0.624000015258789,22,Right Foot,Open Play,Saved Shot
Premier League,2526,Crystal Palace v Liverpool,Crystal Palace,Jean-Philippe Mateta,2025,28830,2025-09-27,644703,Adam Wharton,0.02767280861735344,0.7530000305175781,0.5420000076293945,50,Right Foot,Open Play,Shot On Post
Premier League,2526,Crystal Palace v Liverpool,Crystal Palace,Jean-Philippe Mateta,2025,28830,2025-09-27,644704,Adam Wharton,0.32119253277778625,0.899000015258789,0.6120000076293945,51,Left Foot,Open Play,Missed Shot
Premier League,2526,Crystal Palace v Liverpool,Crystal Palace,Jean-Philippe Mateta,2025,28830,2025-09-27,644713,Yeremi Pino,0.23649154603481293,0.8830000305175781,0.5129999923706055,64,,Open Play,Saved Shot
Premier League,2526,Crystal Palace v Liverpool,Crystal Palace,Jefferson Lerma,2025,28830,2025-09-27,644720,,0.020115099847316742,0.7809999847412109,0.39799999237060546,79,Right Foot,Set Piece,Missed Shot
Premier League,2526,Crystal Palace v Liverpool,Crystal Palace,Jefferson Lerma,2025,28830,2025-09-27,644722,Daichi Kamada,0.01893117092549801,0.725,0.5870000076293945,85,Right Foot,Open Play,Blocked Shot
Premier League,2526,Crystal Palace v Liverpool,Crystal Palace,Yeremi Pino,2025,28830,2025-09-27,644691,Ismaila Sarr,0.5153206586837769,0.884000015258789,0.5770000076293945,10,Left Foot,Open Play,Saved Shot
Premier League,2526,Crystal Palace v Liverpool,Liverpool,Alexander Isak,2025,28830,2025-09-27,644699,Mohamed Salah,0.07774045318365097,0.894000015258789,0.27899999618530275,27,Right Foot,Open Play,Missed Shot
Premier League,2526,Crystal Palace v Liverpool,Liverpool,Alexander Isak,2025,28830,2025-09-27,644712,Alexis Mac Allister,0.4024654030799866,0.9330000305175781,0.585,63,Right Foot,Open Play,Missed Shot
Premier League,2526,Crystal Palace v Liverpool,Liverpool,Alexander Isak,2025,28830,2025-09-27,644715,Curtis Jones,0.3938963711261749,0.9540000152587891,0.4590000152587891,69,,From Corner,Missed Shot
Premier League,2526,Crystal Palace v Liverpool,Liverpool,Alexis Mac Allister,2025,28830,2025-09-27,644707,Milos Kerkez,0.06512843072414398,0.8209999847412109,0.509000015258789,46,Right Foot,Open Play,Blocked Shot
Premier League,2526,Crystal Palace v Liverpool,Liverpool,Cody Gakpo,2025,28830,2025-09-27,644708,Florian Wirtz,0.03944385051727295,0.7869999694824219,0.55,51,Right Foot,Open Play,Missed Shot
Premier League,2526,Crystal Palace v Liverpool,Liverpool,Cody Gakpo,2025,28830,2025-09-27,644710,,0.026001110672950745,0.8730000305175781,0.7169999694824218,59,Left Foot,From Corner,Blocked Shot
Premier League,2526,Crystal Palace v Liverpool,Liverpool,Cody Gakpo,2025,28830,2025-09-27,644714,Dominik Szoboszlai,0.07172448188066483,0.899000015258789,0.5429999923706055,65,,Open Play,Missed Shot
Premier League,2526,Crystal Palace v Liverpool,Liverpool,Curtis Jones,2025,28830,2025-09-27,644716,,0.01863868720829487,0.7469999694824219,0.534000015258789,75,Left Foot,Open Play,Missed Shot
Premier League,2526,Crystal Palace v Liverpool,Liverpool,Dominik Szoboszlai,2025,28830,2025-09-27,644717,,0.04575251415371895,0.88,0.32099998474121094,75,Right Foot,Open Play,Blocked Shot
Premier League,2526,Crystal Palace v Liverpool,Liverpool,Federico Chiesa,2025,28830,2025-09-27,644721,Mohamed Salah,0.050919756293296814,0.815,0.48900001525878906,84,Left Foot,Open Play,Missed Shot
Premier League,2526,Crystal Palace v Liverpool,Liverpool,Federico Chiesa,2025,28830,2025-09-27,644724,,0.45563381910324097,0.914000015258789,0.5559999847412109,86,Right Foot,Open Play,Goal
Premier League,2526,Crystal Palace v Liverpool,Liverpool,Florian Wirtz,2025,28830,2025-09-27,644706,,0.08775600045919418,0.865999984741211,0.5929999923706055,45,Left Foot,Open Play,Blocked Shot
Premier League,2526,Crystal Palace v Liverpool,Liverpool,Florian Wirtz,2025,28830,2025-09-27,644709,Dominik Szoboszlai,0.473807692527771,0.93,0.519000015258789,58,Right Foot,Open Play,Saved Shot
Premier League,2526,Crystal Palace v Liverpool,Liverpool,Ibrahima Konaté,2025,28830,2025-09-27,644700,Dominik Szoboszlai,0.3558376729488373,0.9280000305175782,0.4809999847412109,37,,From Corner,Missed Shot
Premier League,2526,Crystal Palace v Liverpool,Liverpool,Milos Kerkez,2025,28830,2025-09-27,644694,,0.04265880957245827,0.9269999694824219,0.69,18,Left Foot,Set Piece,Missed Shot
Premier League,2526,Crystal Palace v Liverpool,Liverpool,Mohamed Salah,2025,28830,2025-09-27,644692,,0.10607809573411942,0.7909999847412109,0.5559999847412109,18,Left Foot,Direct Freekick,Blocked Shot
Premier League,2526,Crystal Palace v Liverpool,Liverpool,Mohamed Salah,2025,28830,2025-09-27,644705,Ibrahima Konaté,0.23416182398796082,0.914000015258789,0.32099998474121094,53,Left Foot,Open Play,Saved Shot
Premier League,2526,Crystal Palace v Liverpool,Liverpool,Mohamed Salah,2025,28830,2025-09-27,644718,Dominik Szoboszlai,0.13148462772369385,0.9309999847412109,0.46299999237060546,75,Left Foot,Open Play,Missed Shot
Premier League,2526,Crystal Palace v Liverpool,Liverpool,Ryan Gravenberch,2025,28830,2025-09-27,644693,,0.01760987378656864,0.7909999847412109,0.6519999694824219,18,Right Foot,Set Piece,Saved Shot
Premier League,2526,Crystal Palace v Liverpool,Liverpool,Ryan Gravenberch,2025,28830,2025-09-27,644711,Cody Gakpo,0.01809746026992798,0.759000015258789,0.6459999847412109,59,Right Foot,Open Play,Missed Shot
Premier League,2526,Leeds v Bournemouth,Bournemouth,Amine Adli,2025,28832,2025-09-27,644738,Justin Kluivert,0.07953527569770813,0.8430000305175781,0.35400001525878905,39,Left Foot,Open Play,Saved Shot
Premier League,2526,Leeds v Bournemouth,Bournemouth,Antoine Semenyo,2025,28832,2025-09-27,644735,,0.15621031820774078,0.8169999694824219,0.5559999847412109,25,Right Foot,Direct Freekick,Goal
Premier League,2526,Leeds v Bournemouth,Bournemouth,Ben Doak,2025,28832,2025-09-27,644756,,0.08515836298465729,0.874000015258789,0.47900001525878905,96,Right Foot,Open Play,Blocked Shot
Premier League,2526,Leeds v Bournemouth,Bournemouth,David Brooks,2025,28832,2025-09-27,644747,Alejandro Jiménez,0.04596828296780586,0.9580000305175781,0.33099998474121095,69,Left Foot,Open Play,Saved Shot
Premier League,2526,Leeds v Bournemouth,Bournemouth,David Brooks,2025,28832,2025-09-27,644755,,0.012017984874546528,0.75,0.51,95,Left Foot,Open Play,Missed Shot
Premier League,2526,Leeds v Bournemouth,Bournemouth,Eli Junior Kroupi,2025,28832,2025-09-27,644751,Marcus Tavernier,0.019791070371866226,0.7319999694824219,0.49,83,Right Foot,Open Play,Blocked Shot
Premier League,2526,Leeds v Bournemouth,Bournemouth,Eli Junior Kroupi,2025,28832,2025-09-27,644752,Evanilson,0.07590590417385101,0.855,0.58,84,Right Foot,Open Play,Saved Shot
Premier League,2526,Leeds v Bournemouth,Bournemouth,Eli Junior Kroupi,2025,28832,2025-09-27,644754,Marcos Senesi,0.45427587628364563,0.9359999847412109,0.5740000152587891,92,Right Foot,Set Piece,Goal
Premier League,2526,Leeds v Bournemouth,Bournemouth,Evanilson,2025,28832,2025-09-27,644744,,0.05434005334973335,0.8480000305175781,0.3990000152587891,58,Left Foot,Set Piece,Missed Shot
Premier League,2526,Leeds v Bournemouth,Bournemouth,Ryan Christie,2025,28832,2025-09-27,644727,Antoine Semenyo,0.015981025993824005,0.7390000152587891,0.5259999847412109,4,Left Foot,Open Play,Missed Shot
Premier League,2526,Leeds v Bournemouth,Bournemouth,Ryan Christie,2025,28832,2025-09-27,644728,Amine Adli,0.03374139964580536,0.83,0.5790000152587891,5,Left Foot,From Corner,Missed Shot
Premier League,2526,Leeds v Bournemouth,Bournemouth,Tyler Adams,2025,28832,2025-09-27,644729,Amine Adli,0.027403391897678375,0.795,0.3579999923706055,9,Right Foot,Open Play,Blocked Shot
Premier League,2526,Leeds v Bournemouth,Leeds,Brenden Aaronson,2025,28832,2025-09-27,644732,Noah Okafor,0.5234494209289551,0.9390000152587891,0.48700000762939455,17,,Open Play,Saved Shot
Premier League,2526,Leeds v Bournemouth,Leeds,Brenden Aaronson,2025,28832,2025-09-27,644733,Jayden Bogle,0.05241433158516884,0.8730000305175781,0.37799999237060544,18,Right Foot,Open Play,Missed Shot
Premier League,2526,Leeds v Bournemouth,Leeds,Brenden Aaronson,2025,28832,2025-09-27,644739,Pascal Struijk,0.015542044304311275,0.8280000305175781,0.33599998474121096,43,Right Foot,Open Play,Blocked Shot
Premier League,2526,Leeds v Bournemouth,Leeds,Brenden Aaronson,2025,28832,2025-09-27,644740,Sean Longstaff,0.06817736476659775,0.8330000305175781,0.47099998474121096,51,Right Foot,Open Play,Blocked Shot
Premier League,2526,Leeds v Bournemouth,Leeds,Brenden Aaronson,2025,28832,2025-09-27,644742,,0.08042635768651962,0.8780000305175781,0.5640000152587891,53,Right Foot,From Corner,Blocked Shot
Premier League,2526,Leeds v Bournemouth,Leeds,Dominic Calvert-Lewin,2025,28832,2025-09-27,644726,Sean Longstaff,0.29511862993240356,0.8919999694824219,0.3920000076293945,0,Right Foot,Open Play,Saved Shot
Premier League,2526,Leeds v Bournemouth,Leeds,Dominic Calvert-Lewin,2025,28832,2025-09-27,644731,Sean Longstaff,0.14390301704406738,0.93,0.5409999847412109,17,Right Foot,Open Play,Saved Shot
Premier League,2526,Leeds v Bournemouth,Leeds,Dominic Calvert-Lewin,2025,28832,2025-09-27,644734,Brenden Aaronson,0.2850116491317749,0.9080000305175782,0.5479999923706055,18,,Open Play,Saved Shot
Premier League,2526,Leeds v Bournemouth,Leeds,Jack Harrison,2025,28832,2025-09-27,644748,Anton Stach,0.03881917893886566,0.769000015258789,0.5590000152587891,69,Left Foot,Open Play,Saved Shot
Premier League,2526,Leeds v Bournemouth,Leeds,Jack Harrison,2025,28832,2025-09-27,644749,Dominic Calvert-Lewin,0.05195796489715576,0.88,0.7119999694824218,73,Left Foot,Open Play,Missed Shot
Premier League,2526,Leeds v Bournemouth,Leeds,Joe Rodon,2025,28832,2025-09-27,644737,Sean Longstaff,0.040956467390060425,0.904000015258789,0.5770000076293945,36,,From Corner,Goal
Premier League,2526,Leeds v Bournemouth,Leeds,Joe Rodon,2025,28832,2025-09-27,644745,Sean Longstaff,0.055537186563014984,0.9359999847412109,0.544000015258789,64,,From Corner,Blocked Shot
Premier League,2526,Leeds v Bournemouth,Leeds,Joe Rodon,2025,28832,2025-09-27,644746,,0.1397479772567749,0.9359999847412109,0.5409999847412109,64,Right Foot,From Corner,Saved Shot
Premier League,2526,Leeds v Bournemouth,Leeds,Joe Rodon,2025,28832,2025-09-27,644753,Sean Longstaff,0.031115632504224777,0.9269999694824219,0.565,85,,From Corner,Missed Shot
Premier League,2526,Leeds v Bournemouth,Leeds,Noah Okafor,2025,28832,2025-09-27,644736,,0.019042979925870895,0.7830000305175782,0.634000015258789,36,Right Foot,From Corner,Blocked Shot
Premier League,2526,Leeds v Bournemouth,Leeds,Noah Okafor,2025,28832,2025-09-27,644741,,0.030303258448839188,0.9230000305175782,0.7230000305175781,53,Right Foot,From Corner,Blocked Shot
Premier League,2526,Leeds v Bournemouth,Leeds,Pascal Struijk,2025,28832,2025-09-27,644750,Sean Longstaff,0.09580859541893005,0.9180000305175782,0.519000015258789,78,,From Corner,Missed Shot
Premier League,2526,Leeds v Bournemouth,Leeds,Sean Longstaff,2025,28832,2025-09-27,644730,,0.05882275477051735,0.8530000305175781,0.39299999237060546,17,Right Foot,Open Play,Missed Shot
Premier League,2526,Leeds v Bournemouth,Leeds,Sean Longstaff,2025,28832,2025-09-27,644743,,0.05472564324736595,0.8630000305175781,0.39599998474121095,53,Right Foot,From Corner,Goal
Premier League,2526,Manchester City v Burnley,Burnley,Jaidon Anthony,2025,28833,2025-09-27,644769,Quilindschy Hartman,0.10541720688343048,0.8969999694824219,0.5529999923706055,37,Left Foot,Open Play,Goal
Premier League,2526,Manchester City v Burnley,Burnley,Josh Laurent,2025,28833,2025-09-27,644768,,0.0366329625248909,0.8590000152587891,0.2989999961853027,29,Right Foot,Open Play,Blocked Shot
Premier League,2526,Manchester City v Burnley,Burnley,Kyle Walker,2025,28833,2025-09-27,644763,Josh Cullen,0.02084440365433693,0.7719999694824219,0.325,22,Right Foot,Open Play,Blocked Shot
Premier League,2526,Manchester City v Burnley,Burnley,Loum Tchaouna,2025,28833,2025-09-27,644767,Lyle Foster,0.07338956743478775,0.86,0.3970000076293945,29,Left Foot,Open Play,Blocked Shot
Premier League,2526,Manchester City v Burnley,Burnley,Lyle Foster,2025,28833,2025-09-27,644771,Hjalmar Ekdal,0.11199194192886353,0.9130000305175782,0.5370000076293945,43,Right Foot,Open Play,Missed Shot
Premier League,2526,Manchester City v Burnley,Burnley,Lyle Foster,2025,28833,2025-09-27,644774,Jaidon Anthony,0.053459253162145615,0.8159999847412109,0.6869999694824219,46,Right Foot,Open Play,Blocked Shot
Premier League,2526,Manchester City v Burnley,Burnley,Lyle Foster,2025,28833,2025-09-27,644777,Jaidon Anthony,0.0722714439034462,0.904000015258789,0.435,55,,Open Play,Blocked Shot
Premier League,2526,Manchester City v Burnley,Burnley,Maxime Estève,2025,28833,2025-09-27,644761,,0.0,0.04300000190734863,0.47400001525878904,11,Left Foot,Open Play,Own Goal
Premier League,2526,Manchester City v Burnley,Burnley,Maxime Estève,2025,28833,2025-09-27,644778,,0.018914276733994484,0.8019999694824219,0.69,56,Left Foot,Open Play,Missed Shot
Premier League,2526,Manchester City v Burnley,Burnley,Maxime Estève,2025,28833,2025-09-27,644781,,0.0,0.08899999618530273,0.580999984741211,64,Right Foot,Open Play,Own Goal
Premier League,2526,Manchester City v Burnley,Burnley,Quilindschy Hartman,2025,28833,2025-09-27,644776,Jaidon Anthony,0.020625118166208267,0.784000015258789,0.6959999847412109,55,Left Foot,Open Play,Saved Shot
Premier League,2526,Manchester City v Burnley,Manchester City,Erling Haaland,2025,28833,2025-09-27,644766,Nico González,0.4720453917980194,0.9369999694824219,0.45799999237060546,24,Left Foot,From Corner,Missed Shot
Premier League,2526,Manchester City v Burnley,Manchester City,Erling Haaland,2025,28833,2025-09-27,644770,Josko Gvardiol,0.07865875214338303,0.8869999694824219,0.4490000152587891,39,Left Foot,Open Play,Missed Shot
Premier League,2526,Manchester City v Burnley,Manchester City,Erling Haaland,2025,28833,2025-09-27,644775,Phil Foden,0.012025133706629276,0.9169999694824219,0.34700000762939454,52,,From Corner,Blocked Shot
Premier League,2526,Manchester City v Burnley,Manchester City,Erling Haaland,2025,28833,2025-09-27,644782,Nico O'Reilly,0.04706777259707451,0.9209999847412109,0.43400001525878906,69,,Open Play,Missed Shot
Premier League,2526,Manchester City v Burnley,Manchester City,Erling Haaland,2025,28833,2025-09-27,644785,,0.09785023331642151,0.87,0.4,85,Left Foot,Open Play,Saved Shot
Premier League,2526,Manchester City v Burnley,Manchester City,Erling Haaland,2025,28833,2025-09-27,644787,Jéremy Doku,0.5415464043617249,0.919000015258789,0.435,89,Left Foot,Open Play,Goal
Premier League,2526,Manchester City v Burnley,Manchester City,Erling Haaland,2025,28833,2025-09-27,644788,,0.4944879412651062,0.8809999847412109,0.5159999847412109,92,Left Foot,Open Play,Goal
Premier League,2526,Manchester City v Burnley,Manchester City,Josko Gvardiol,2025,28833,2025-09-27,644757,Phil Foden,0.015029344707727432,0.735,0.61,5,Left Foot,Open Play,Blocked Shot
Premier League,2526,Manchester City v Burnley,Manchester City,Josko Gvardiol,2025,28833,2025-09-27,644773,Jéremy Doku,0.016622938215732574,0.7769999694824219,0.6840000152587891,45,Right Foot,Open Play,Blocked Shot
Premier League,2526,Manchester City v Burnley,Manchester City,Jéremy Doku,2025,28833,2025-09-27,644760,Erling Haaland,0.11835430562496185,0.925,0.6609999847412109,11,Left Foot,Open Play,Saved Shot
Premier League,2526,Manchester City v Burnley,Manchester City,Jéremy Doku,2025,28833,2025-09-27,644764,,0.34700143337249756,0.9330000305175781,0.644000015258789,24,Left Foot,Open Play,Saved Shot
Premier League,2526,Manchester City v Burnley,Manchester City,Jéremy Doku,2025,28833,2025-09-27,644784,Nathan Aké,0.1935984045267105,0.9259999847412109,0.615,74,Right Foot,Open Play,Saved Shot
Premier League,2526,Manchester City v Burnley,Manchester City,Matheus Nunes,2025,28833,2025-09-27,644772,,0.014534319750964642,0.73,0.5720000076293945,45,Left Foot,From Corner,Missed Shot
Premier League,2526,Manchester City v Burnley,Manchester City,Matheus Nunes,2025,28833,2025-09-27,644780,Erling Haaland,0.5216270089149475,0.9330000305175781,0.47200000762939454,60,Right Foot,Open Play,Goal
Premier League,2526,Manchester City v Burnley,Manchester City,Nathan Aké,2025,28833,2025-09-27,644786,Phil Foden,0.030900202691555023,0.9130000305175782,0.534000015258789,86,,From Corner,Missed Shot
Premier League,2526,Manchester City v Burnley,Manchester City,Nico González,2025,28833,2025-09-27,644765,,0.06629744172096252,0.7809999847412109,0.485,24,Right Foot,Open Play,Blocked Shot
Premier League,2526,Manchester City v Burnley,Manchester City,Nico O&#039;Reilly,2025,28833,2025-09-27,644758,,0.011042925529181957,0.7680000305175781,0.685,10,Left Foot,Open Play,Blocked Shot
Premier League,2526,Manchester City v Burnley,Manchester City,Sávio,2025,28833,2025-09-27,644759,,0.0183347649872303,0.8569999694824219,0.325,10,Left Foot,From Corner,Missed Shot
Premier League,2526,Manchester City v Burnley,Manchester City,Tijjani Reijnders,2025,28833,2025-09-27,644762,Jéremy Doku,0.0644005835056305,0.8130000305175781,0.500999984741211,20,Right Foot,Open Play,Blocked Shot
Premier League,2526,Manchester City v Burnley,Manchester City,Tijjani Reijnders,2025,28833,2025-09-27,644779,Nico González,0.03158290684223175,0.8059999847412109,0.5529999923706055,58,Right Foot,From Corner,Missed Shot
Premier League,2526,Manchester City v Burnley,Manchester City,Tijjani Reijnders,2025,28833,2025-09-27,644783,Nico O'Reilly,0.028325989842414856,0.73,0.5229999923706055,72,Right Foot,Open Play,Saved Shot
Premier League,2526,Nottingham Forest v Sunderland,Nottingham Forest,Chris Wood,2025,28834,2025-09-27,644918,Neco Williams,0.03518540412187576,0.91,0.5,22,,From Corner,Missed Shot
Premier League,2526,Nottingham Forest v Sunderland,Nottingham Forest,Chris Wood,2025,28834,2025-09-27,644920,Neco Williams,0.03311945125460625,0.8880000305175781,0.46799999237060547,26,,Open Play,Missed Shot
Premier League,2526,Nottingham Forest v Sunderland,Nottingham Forest,Chris Wood,2025,28834,2025-09-27,644924,Dilane Bakwa,0.13360798358917236,0.9730000305175781,0.544000015258789,47,,From Corner,Missed Shot
Premier League,2526,Nottingham Forest v Sunderland,Nottingham Forest,Chris Wood,2025,28834,2025-09-27,644942,Omari Hutchinson,0.11196960508823395,0.93,0.47099998474121096,79,Right Foot,Open Play,Saved Shot
Premier League,2526,Nottingham Forest v Sunderland,Nottingham Forest,Chris Wood,2025,28834,2025-09-27,644943,,0.05336592346429825,0.96,0.33099998474121095,79,Right Foot,Open Play,Missed Shot
Premier League,2526,Nottingham Forest v Sunderland,Nottingham Forest,Chris Wood,2025,28834,2025-09-27,644944,Omari Hutchinson,0.3272562325000763,0.93,0.5459999847412109,80,,Open Play,Missed Shot
Premier League,2526,Nottingham Forest v Sunderland,Nottingham Forest,Dan Ndoye,2025,28834,2025-09-27,644923,,0.05085190013051033,0.87,0.6459999847412109,46,Right Foot,Open Play,Blocked Shot
Premier League,2526,Nottingham Forest v Sunderland,Nottingham Forest,Dilane Bakwa,2025,28834,2025-09-27,644936,,0.054700203239917755,0.835999984741211,0.4779999923706055,67,Left Foot,Open Play,Saved Shot
Premier League,2526,Nottingham Forest v Sunderland,Nottingham Forest,Elliot Anderson,2025,28834,2025-09-27,644919,Dilane Bakwa,0.11582688987255096,0.8480000305175781,0.5559999847412109,25,Left Foot,Open Play,Blocked Shot
Premier League,2526,Nottingham Forest v Sunderland,Nottingham Forest,Elliot Anderson,2025,28834,2025-09-27,644933,Callum Hudson-Odoi,0.024488838389515877,0.8240000152587891,0.700999984741211,64,Right Foot,Open Play,Missed Shot
Premier League,2526,Nottingham Forest v Sunderland,Nottingham Forest,Elliot Anderson,2025,28834,2025-09-27,644935,Oleksandr Zinchenko,0.019006147980690002,0.784000015258789,0.7030000305175781,66,Right Foot,From Corner,Missed Shot
Premier League,2526,Nottingham Forest v Sunderland,Nottingham Forest,Elliot Anderson,2025,28834,2025-09-27,644941,Morgan Gibbs-White,0.019598819315433502,0.76,0.6370000076293946,73,Right Foot,Open Play,Saved Shot
Premier League,2526,Nottingham Forest v Sunderland,Nottingham Forest,Igor Jesus,2025,28834,2025-09-27,644938,Omari Hutchinson,0.06851232051849365,0.9030000305175782,0.39,72,Right Foot,Open Play,Blocked Shot
Premier League,2526,Nottingham Forest v Sunderland,Nottingham Forest,Igor Jesus,2025,28834,2025-09-27,644940,Omari Hutchinson,0.05337727442383766,0.8819999694824219,0.48700000762939455,73,,Open Play,Saved Shot
Premier League,2526,Nottingham Forest v Sunderland,Nottingham Forest,James McAtee,2025,28834,2025-09-27,644930,Dilane Bakwa,0.01315337885171175,0.6859999847412109,0.42,57,Left Foot,Open Play,Blocked Shot
Premier League,2526,Nottingham Forest v Sunderland,Nottingham Forest,Morato,2025,28834,2025-09-27,644948,Callum Hudson-Odoi,0.026082856580615044,0.8169999694824219,0.675,92,Left Foot,Open Play,Missed Shot
Premier League,2526,Nottingham Forest v Sunderland,Nottingham Forest,Morgan Gibbs-White,2025,28834,2025-09-27,644931,,0.02340538427233696,0.7630000305175781,0.5729999923706055,63,Left Foot,Open Play,Blocked Shot
Premier League,2526,Nottingham Forest v Sunderland,Nottingham Forest,Morgan Gibbs-White,2025,28834,2025-09-27,644932,,0.06003512814640999,0.9059999847412109,0.64,63,Right Foot,From Corner,Missed Shot
Premier League,2526,Nottingham Forest v Sunderland,Nottingham Forest,Morgan Gibbs-White,2025,28834,2025-09-27,644946,Elliot Anderson,0.04506363719701767,0.86,0.3029999923706055,87,Right Foot,Open Play,Blocked Shot
Premier League,2526,Nottingham Forest v Sunderland,Nottingham Forest,Nikola Milenkovic,2025,28834,2025-09-27,644934,Neco Williams,0.04757982864975929,0.889000015258789,0.5159999847412109,65,,From Corner,Missed Shot
Premier League,2526,Nottingham Forest v Sunderland,Nottingham Forest,Omari Hutchinson,2025,28834,2025-09-27,644939,,0.08545434474945068,0.889000015258789,0.44799999237060545,72,Left Foot,Open Play,Saved Shot
Premier League,2526,Nottingham Forest v Sunderland,Nottingham Forest,Omari Hutchinson,2025,28834,2025-09-27,644945,Neco Williams,0.03048582375049591,0.8209999847412109,0.3029999923706055,83,Left Foot,Open Play,Saved Shot
Premier League,2526,Nottingham Forest v Sunderland,Sunderland,Arthur Masuaku,2025,28834,2025-09-27,644927,,0.07842346280813217,0.8880000305175781,0.445,49,Left Foot,Set Piece,Blocked Shot
Premier League,2526,Nottingham Forest v Sunderland,Sunderland,Bertrand Traoré,2025,28834,2025-09-27,644937,Enzo Le Fée,0.08234591782093048,0.8590000152587891,0.35900001525878905,68,Left Foot,Open Play,Saved Shot
Premier League,2526,Nottingham Forest v Sunderland,Sunderland,Chemsdine Talbi,2025,28834,2025-09-27,644928,,0.03673868253827095,0.855,0.34599998474121096,49,Left Foot,Set Piece,Missed Shot
Premier League,2526,Nottingham Forest v Sunderland,Sunderland,Chris Rigg,2025,28834,2025-09-27,644929,,0.04101390019059181,0.8190000152587891,0.4879999923706055,50,Left Foot,From Corner,Missed Shot
Premier League,2526,Nottingham Forest v Sunderland,Sunderland,Dan Ballard,2025,28834,2025-09-27,644947,,0.537736713886261,0.960999984741211,0.5679999923706055,89,Right Foot,From Corner,Missed Shot
Premier League,2526,Nottingham Forest v Sunderland,Sunderland,Lutsharel Geertruida,2025,28834,2025-09-27,644949,Bertrand Traoré,0.48065900802612305,0.915,0.4420000076293945,93,Right Foot,Open Play,Saved Shot
Premier League,2526,Nottingham Forest v Sunderland,Sunderland,Noah Sadiki,2025,28834,2025-09-27,644921,Robin Roefs,0.02774260938167572,0.7930000305175782,0.6379999923706055,35,Left Foot,Open Play,Blocked Shot
Premier League,2526,Nottingham Forest v Sunderland,Sunderland,Omar Alderete,2025,28834,2025-09-27,644922,Granit Xhaka,0.4132494628429413,0.9480000305175781,0.549000015258789,37,,Set Piece,Goal
Premier League,2526,Nottingham Forest v Sunderland,Sunderland,Trai Hume,2025,28834,2025-09-27,644926,,0.021325044333934784,0.7609999847412109,0.32099998474121094,47,Right Foot,Open Play,Missed Shot
Premier League,2526,Nottingham Forest v Sunderland,Sunderland,Wilson Isidor,2025,28834,2025-09-27,644917,,0.06955966353416443,0.8519999694824218,0.47,8,Right Foot,Open Play,Missed Shot
Premier League,2526,Nottingham Forest v Sunderland,Sunderland,Wilson Isidor,2025,28834,2025-09-27,644925,Robin Roefs,0.15563036501407623,0.8919999694824219,0.610999984741211,47,Right Foot,Open Play,Blocked Shot
Premier League,2526,Tottenham v Wolverhampton Wanderers,Tottenham,Cristian Romero,2025,28835,2025-09-27,645080,Micky van de Ven,0.018122714012861252,0.730999984741211,0.4620000076293945,81,Right Foot,Open Play,Missed Shot
Premier League,2526,Tottenham v Wolverhampton Wanderers,Tottenham,João Palhinha,2025,28835,2025-09-27,645081,,0.015520984306931496,0.7330000305175781,0.5629999923706055,82,Right Foot,Open Play,Missed Shot
Premier League,2526,Tottenham v Wolverhampton Wanderers,Tottenham,João Palhinha,2025,28835,2025-09-27,645082,Pape Sarr,0.050286512821912766,0.8169999694824219,0.629000015258789,93,Right Foot,Open Play,Goal
Premier League,2526,Tottenham v Wolverhampton Wanderers,Tottenham,Lucas Bergvall,2025,28835,2025-09-27,645066,,0.13262152671813965,0.8640000152587891,0.5029999923706054,22,Right Foot,Open Play,Missed Shot
Premier League,2526,Tottenham v Wolverhampton Wanderers,Tottenham,Lucas Bergvall,2025,28835,2025-09-27,645070,Mohammed Kudus,0.061938971281051636,0.889000015258789,0.47900001525878905,40,Right Foot,From Corner,Missed Shot
Premier League,2526,Tottenham v Wolverhampton Wanderers,Tottenham,Micky van de Ven,2025,28835,2025-09-27,645068,Djed Spence,0.021339932456612587,0.8930000305175781,0.4,29,,From Corner,Blocked Shot
Premier League,2526,Tottenham v Wolverhampton Wanderers,Tottenham,Mohammed Kudus,2025,28835,2025-09-27,645065,Xavi Simons,0.4103844463825226,0.9719999694824218,0.43200000762939456,14,,Open Play,Saved Shot
Premier League,2526,Tottenham v Wolverhampton Wanderers,Tottenham,Mohammed Kudus,2025,28835,2025-09-27,645071,João Palhinha,0.03407825157046318,0.8530000305175781,0.28399999618530275,42,Left Foot,Open Play,Saved Shot
Premier League,2526,Tottenham v Wolverhampton Wanderers,Tottenham,Richarlison,2025,28835,2025-09-27,645079,Pedro Porro,0.013495173305273056,0.8680000305175781,0.585999984741211,79,,Open Play,Missed Shot
Premier League,2526,Tottenham v Wolverhampton Wanderers,Tottenham,Rodrigo Bentancur,2025,28835,2025-09-27,645076,,0.06092238053679466,0.8930000305175781,0.625999984741211,60,Right Foot,Open Play,Blocked Shot
Premier League,2526,Tottenham v Wolverhampton Wanderers,Wolverhampton Wanderers,Hee-Chan Hwang,2025,28835,2025-09-27,645067,Jhon Arias,0.01300862617790699,0.7130000305175781,0.7180000305175781,24,Right Foot,From Corner,Missed Shot
Premier League,2526,Tottenham v Wolverhampton Wanderers,Wolverhampton Wanderers,Hugo Bueno,2025,28835,2025-09-27,645078,Jhon Arias,0.2580723166465759,0.8930000305175781,0.6940000152587891,73,Left Foot,Open Play,Saved Shot
Premier League,2526,Tottenham v Wolverhampton Wanderers,Wolverhampton Wanderers,Jean-Ricner Bellegarde,2025,28835,2025-09-27,645077,Ladislav Krejcí,0.0792684480547905,0.8969999694824219,0.645,67,Left Foot,Open Play,Missed Shot
Premier League,2526,Tottenham v Wolverhampton Wanderers,Wolverhampton Wanderers,Jhon Arias,2025,28835,2025-09-27,645069,Santiago Bueno,0.02225051261484623,0.8080000305175781,0.2560000038146973,37,Right Foot,Open Play,Missed Shot
Premier League,2526,Tottenham v Wolverhampton Wanderers,Wolverhampton Wanderers,Jhon Arias,2025,28835,2025-09-27,645072,,0.03637189418077469,0.765,0.639000015258789,47,Left Foot,Open Play,Blocked Shot
Premier League,2526,Tottenham v Wolverhampton Wanderers,Wolverhampton Wanderers,Jørgen Strand Larsen,2025,28835,2025-09-27,645064,,0.06253957748413086,0.945,0.57,5,,Open Play,Missed Shot
Premier League,2526,Tottenham v Wolverhampton Wanderers,Wolverhampton Wanderers,Ladislav Krejcí,2025,28835,2025-09-27,645074,Jhon Arias,0.0227481909096241,0.899000015258789,0.4,53,,From Corner,Saved Shot
Premier League,2526,Tottenham v Wolverhampton Wanderers,Wolverhampton Wanderers,Matt Doherty,2025,28835,2025-09-27,645073,,0.05208981782197952,0.9309999847412109,0.335,48,Right Foot,From Corner,Shot On Post
Premier League,2526,Tottenham v Wolverhampton Wanderers,Wolverhampton Wanderers,Santiago Bueno,2025,28835,2025-09-27,645075,,0.627437174320221,0.9569999694824218,0.524000015258789,53,Right Foot,From Corner,Goal
Premier League,2526,Aston Villa v Fulham,Aston Villa,Emiliano Buendía,2025,28831,2025-09-28,645296,Morgan Rogers,0.6291019916534424,0.955999984741211,0.5379999923706055,50,Right Foot,Open Play,Goal
Premier League,2526,Aston Villa v Fulham,Aston Villa,Emiliano Buendía,2025,28831,2025-09-28,645298,Lamare Bogarde,0.024937927722930908,0.740999984741211,0.40299999237060546,63,Right Foot,Open Play,Missed Shot
Premier League,2526,Aston Villa v Fulham,Aston Villa,Harvey Elliott,2025,28831,2025-09-28,645284,John McGinn,0.036054305732250214,0.9569999694824218,0.664000015258789,15,Left Foot,From Corner,Blocked Shot
Premier League,2526,Aston Villa v Fulham,Aston Villa,John McGinn,2025,28831,2025-09-28,645285,Morgan Rogers,0.26074323058128357,0.9019999694824219,0.39099998474121095,16,Left Foot,Open Play,Missed Shot
Premier League,2526,Aston Villa v Fulham,Aston Villa,John McGinn,2025,28831,2025-09-28,645292,Morgan Rogers,0.019020991399884224,0.7440000152587891,0.5820000076293945,42,Left Foot,Open Play,Blocked Shot
Premier League,2526,Aston Villa v Fulham,Aston Villa,John McGinn,2025,28831,2025-09-28,645295,Emiliano Buendía,0.033619143068790436,0.78,0.534000015258789,48,Left Foot,Open Play,Goal
Premier League,2526,Aston Villa v Fulham,Aston Villa,Lucas Digne,2025,28831,2025-09-28,645294,,0.0548059418797493,0.7630000305175781,0.3340000152587891,53,Left Foot,Direct Freekick,Saved Shot
Premier League,2526,Aston Villa v Fulham,Aston Villa,Matthew Cash,2025,28831,2025-09-28,645288,,0.011156515218317509,0.740999984741211,0.6329999923706054,34,Right Foot,Set Piece,Missed Shot
Premier League,2526,Aston Villa v Fulham,Aston Villa,Ollie Watkins,2025,28831,2025-09-28,645289,Lucas Digne,0.2963070869445801,0.879000015258789,0.5220000076293946,36,Right Foot,Open Play,Goal
Premier League,2526,Aston Villa v Fulham,Fulham,Harry Wilson,2025,28831,2025-09-28,645287,Calvin Bassey,0.023829974234104156,0.754000015258789,0.4179999923706055,28,Left Foot,Open Play,Blocked Shot
Premier League,2526,Aston Villa v Fulham,Fulham,Harry Wilson,2025,28831,2025-09-28,645290,Joshua King,0.029906651005148888,0.749000015258789,0.5729999923706055,39,Left Foot,Open Play,Blocked Shot
Premier League,2526,Aston Villa v Fulham,Fulham,Harry Wilson,2025,28831,2025-09-28,645293,Sasa Lukic,0.09630493074655533,0.855999984741211,0.525,47,Left Foot,Open Play,Missed Shot
Premier League,2526,Aston Villa v Fulham,Fulham,Joshua King,2025,28831,2025-09-28,645283,,0.06625490635633469,0.865,0.66,11,Right Foot,Open Play,Saved Shot
Premier League,2526,Aston Villa v Fulham,Fulham,Joshua King,2025,28831,2025-09-28,645286,,0.2218199074268341,0.8540000152587891,0.590999984741211,22,Right Foot,Open Play,Blocked Shot
Premier League,2526,Aston Villa v Fulham,Fulham,Joshua King,2025,28831,2025-09-28,645291,Adama Traoré,0.050965968519449234,0.8819999694824219,0.5359999847412109,42,,Open Play,Saved Shot
Premier League,2526,Aston Villa v Fulham,Fulham,Raúl Jiménez,2025,28831,2025-09-28,645282,Sasa Lukic,0.0814206451177597,0.9480000305175781,0.5829999923706055,2,,From Corner,Goal
Premier League,2526,Aston Villa v Fulham,Fulham,Samuel Chukwueze,2025,28831,2025-09-28,645299,,0.03951043635606766,0.865999984741211,0.42700000762939455,81,Left Foot,Open Play,Missed Shot
Premier League,2526,Aston Villa v Fulham,Fulham,Samuel Chukwueze,2025,28831,2025-09-28,645301,,0.025148577988147736,0.8490000152587891,0.6029999923706054,90,Left Foot,Open Play,Missed Shot
Premier League,2526,Aston Villa v Fulham,Fulham,Sasa Lukic,2025,28831,2025-09-28,645297,Adama Traoré,0.3094286322593689,0.9080000305175782,0.37099998474121093,53,Right Foot,Open Play,Blocked Shot
Premier League,2526,Aston Villa v Fulham,Fulham,Sasa Lukic,2025,28831,2025-09-28,645300,Timothy Castagne,0.008021335117518902,0.8530000305175781,0.37099998474121093,85,,Open Play,Missed Shot
Premier League,2526,Newcastle United v Arsenal,Arsenal,Bukayo Saka,2025,28836,2025-09-28,645466,Viktor Gyokeres,0.07395860552787781,0.9219999694824219,0.27399999618530274,31,Right Foot,Open Play,Saved Shot
Premier League,2526,Newcastle United v Arsenal,Arsenal,Bukayo Saka,2025,28836,2025-09-28,645475,Jurriën Timber,0.028277697041630745,0.8530000305175781,0.2720000076293945,68,Left Foot,Open Play,Blocked Shot
Premier League,2526,Newcastle United v Arsenal,Arsenal,Eberechi Eze,2025,28836,2025-09-28,645457,,0.06574471294879913,0.8580000305175781,0.5929999923706055,4,Left Foot,Open Play,Saved Shot
Premier League,2526,Newcastle United v Arsenal,Arsenal,Eberechi Eze,2025,28836,2025-09-28,645464,Jurriën Timber,0.09040358662605286,0.8430000305175781,0.505,27,Left Foot,Open Play,Blocked Shot
Premier League,2526,Newcastle United v Arsenal,Arsenal,Eberechi Eze,2025,28836,2025-09-28,645465,,0.0644865557551384,0.8390000152587891,0.46599998474121096,28,Right Foot,Open Play,Saved Shot
Premier League,2526,Newcastle United v Arsenal,Arsenal,Eberechi Eze,2025,28836,2025-09-28,645470,Leandro Trossard,0.08038090169429779,0.8859999847412109,0.505,54,Left Foot,Open Play,Missed Shot
Premier League,2526,Newcastle United v Arsenal,Arsenal,Gabriel,2025,28836,2025-09-28,645482,Martin Odegaard,0.5005578398704529,0.9580000305175781,0.485,95,,From Corner,Goal
Premier League,2526,Newcastle United v Arsenal,Arsenal,Gabriel Martinelli,2025,28836,2025-09-28,645481,,0.042304981499910355,0.8209999847412109,0.51,94,Left Foot,From Corner,Blocked Shot
Premier League,2526,Newcastle United v Arsenal,Arsenal,Jurriën Timber,2025,28836,2025-09-28,645472,Martín Zubimendi,0.25163203477859497,0.9230000305175782,0.519000015258789,58,,Open Play,Saved Shot
Premier League,2526,Newcastle United v Arsenal,Arsenal,Jurriën Timber,2025,28836,2025-09-28,645473,William Saliba,0.09533271938562393,0.9169999694824219,0.5829999923706055,59,Right Foot,From Corner,Missed Shot
Premier League,2526,Newcastle United v Arsenal,Arsenal,Leandro Trossard,2025,28836,2025-09-28,645462,Declan Rice,0.3624851405620575,0.9180000305175782,0.605,24,Left Foot,Open Play,Shot On Post
Premier League,2526,Newcastle United v Arsenal,Arsenal,Mikel Merino,2025,28836,2025-09-28,645479,Declan Rice,0.032971903681755066,0.909000015258789,0.5279999923706055,83,,From Corner,Goal
Premier League,2526,Newcastle United v Arsenal,Arsenal,Riccardo Calafiori,2025,28836,2025-09-28,645461,Viktor Gyokeres,0.06120205298066139,0.945,0.425,23,,Set Piece,Missed Shot
Premier League,2526,Newcastle United v Arsenal,Arsenal,Riccardo Calafiori,2025,28836,2025-09-28,645468,Martín Zubimendi,0.011338875629007816,0.8830000305175781,0.85,48,Left Foot,Open Play,Missed Shot
Premier League,2526,Newcastle United v Arsenal,Arsenal,Viktor Gyokeres,2025,28836,2025-09-28,645456,Declan Rice,0.02406321093440056,0.865,0.4229999923706055,1,,Set Piece,Saved Shot
Premier League,2526,Newcastle United v Arsenal,Arsenal,Viktor Gyokeres,2025,28836,2025-09-28,645458,Jurriën Timber,0.10123506933450699,0.8680000305175781,0.4259999847412109,6,Right Foot,Open Play,Blocked Shot
Premier League,2526,Newcastle United v Arsenal,Arsenal,Viktor Gyokeres,2025,28836,2025-09-28,645469,Riccardo Calafiori,0.018635112792253494,0.860999984741211,0.580999984741211,50,,Open Play,Missed Shot
Premier League,2526,Newcastle United v Arsenal,Arsenal,Viktor Gyokeres,2025,28836,2025-09-28,645476,,0.05164819583296776,0.9540000152587891,0.325,70,Right Foot,Open Play,Blocked Shot
Premier League,2526,Newcastle United v Arsenal,Arsenal,Viktor Gyokeres,2025,28836,2025-09-28,645477,Eberechi Eze,0.05949404463171959,0.835999984741211,0.4159999847412109,81,Right Foot,Open Play,Blocked Shot
Premier League,2526,Newcastle United v Arsenal,Arsenal,Viktor Gyokeres,2025,28836,2025-09-28,645478,,0.057766225188970566,0.865,0.3990000152587891,81,Right Foot,Open Play,Missed Shot
Premier League,2526,Newcastle United v Arsenal,Newcastle United,Anthony Elanga,2025,28836,2025-09-28,645480,Bruno Guimarães,0.058944594115018845,0.9019999694824219,0.3089999961853027,85,Right Foot,Open Play,Blocked Shot
Premier League,2526,Newcastle United v Arsenal,Newcastle United,Anthony Gordon,2025,28836,2025-09-28,645463,Joelinton,0.04746071621775627,0.815,0.7230000305175781,25,Right Foot,Open Play,Saved Shot
Premier League,2526,Newcastle United v Arsenal,Newcastle United,Jacob Murphy,2025,28836,2025-09-28,645474,Bruno Guimarães,0.15196345746517181,0.9069999694824219,0.6659999847412109,64,Left Foot,Open Play,Blocked Shot
Premier League,2526,Newcastle United v Arsenal,Newcastle United,Jamaal Lascelles,2025,28836,2025-09-28,645483,Sven Botman,0.0783025473356247,0.8859999847412109,0.55,98,Left Foot,Set Piece,Blocked Shot
Premier League,2526,Newcastle United v Arsenal,Newcastle United,Joelinton,2025,28836,2025-09-28,645471,Anthony Gordon,0.021990980952978134,0.8490000152587891,0.7430000305175781,56,Left Foot,Set Piece,Missed Shot
Premier League,2526,Newcastle United v Arsenal,Newcastle United,Malick Thiaw,2025,28836,2025-09-28,645459,Sandro Tonali,0.01677485555410385,0.8909999847412109,0.5170000076293946,10,,From Corner,Saved Shot
Premier League,2526,Newcastle United v Arsenal,Newcastle United,Malick Thiaw,2025,28836,2025-09-28,645460,Sandro Tonali,0.02546302229166031,0.905,0.5170000076293946,12,,From Corner,Blocked Shot
Premier League,2526,Newcastle United v Arsenal,Newcastle United,Nick Woltemade,2025,28836,2025-09-28,645467,Sandro Tonali,0.3389509320259094,0.924000015258789,0.49700000762939456,33,,From Corner,Goal
Premier League,2526,Everton v West Ham,Everton,Beto,2025,28837,2025-09-29,645722,James Tarkowski,0.259369432926178,0.9109999847412109,0.455,14,,Open Play,Saved Shot
Premier League,2526,Everton v West Ham,Everton,Idrissa Gueye,2025,28837,2025-09-29,645730,Jack Grealish,0.040562789887189865,0.8219999694824218,0.39099998474121095,48,Right Foot,From Corner,Missed Shot
Premier League,2526,Everton v West Ham,Everton,Iliman Ndiaye,2025,28837,2025-09-29,645723,Kiernan Dewsbury-Hall,0.07146254181861877,0.840999984741211,0.33599998474121096,15,Left Foot,Open Play,Saved Shot
Premier League,2526,Everton v West Ham,Everton,Jake O&#039;Brien,2025,28837,2025-09-29,645729,,0.07636772096157074,0.9359999847412109,0.33099998474121095,47,Right Foot,Open Play,Blocked Shot
Premier League,2526,Everton v West Ham,Everton,James Garner,2025,28837,2025-09-29,645731,Iliman Ndiaye,0.08038363605737686,0.884000015258789,0.3290000152587891,49,Right Foot,Open Play,Blocked Shot
Premier League,2526,Everton v West Ham,Everton,James Garner,2025,28837,2025-09-29,645732,Jack Grealish,0.08670539408922195,0.8440000152587891,0.5820000076293945,51,Right Foot,Open Play,Saved Shot
Premier League,2526,Everton v West Ham,Everton,James Garner,2025,28837,2025-09-29,645735,,0.027368303388357162,0.855,0.30700000762939456,57,Right Foot,From Corner,Saved Shot
Premier League,2526,Everton v West Ham,Everton,James Garner,2025,28837,2025-09-29,645742,,0.04392853006720543,0.7980000305175782,0.785,82,Right Foot,Direct Freekick,Missed Shot
Premier League,2526,Everton v West Ham,Everton,James Garner,2025,28837,2025-09-29,645745,Jack Grealish,0.03966496139764786,0.8159999847412109,0.6029999923706054,89,Right Foot,Set Piece,Saved Shot
Premier League,2526,Everton v West Ham,Everton,Kiernan Dewsbury-Hall,2025,28837,2025-09-29,645727,Iliman Ndiaye,0.03163493052124977,0.9009999847412109,0.5520000076293945,34,,Set Piece,Missed Shot
Premier League,2526,Everton v West Ham,Everton,Kiernan Dewsbury-Hall,2025,28837,2025-09-29,645734,Jack Grealish,0.08681735396385193,0.850999984741211,0.5770000076293945,55,Left Foot,Open Play,Blocked Shot
Premier League,2526,Everton v West Ham,Everton,Michael Keane,2025,28837,2025-09-29,645725,James Garner,0.06543771922588348,0.895,0.5220000076293946,17,,From Corner,Goal
Premier League,2526,Everton v West Ham,West Ham,Crysencio Summerville,2025,28837,2025-09-29,645721,Niclas Füllkrug,0.07681732624769211,0.8719999694824219,0.39299999237060546,12,Right Foot,Open Play,Blocked Shot
Premier League,2526,Everton v West Ham,West Ham,Crysencio Summerville,2025,28837,2025-09-29,645736,,0.027432063594460487,0.830999984741211,0.705,57,Right Foot,Open Play,Missed Shot
Premier League,2526,Everton v West Ham,West Ham,Crysencio Summerville,2025,28837,2025-09-29,645737,,0.08749948441982269,0.909000015258789,0.505,62,Right Foot,Set Piece,Saved Shot
Premier League,2526,Everton v West Ham,West Ham,El Hadji Malick Diouf,2025,28837,2025-09-29,645741,,0.017835404723882675,0.7880000305175782,0.669000015258789,79,Left Foot,From Corner,Missed Shot
Premier League,2526,Everton v West Ham,West Ham,Jarrod Bowen,2025,28837,2025-09-29,645738,,0.061372317373752594,0.8719999694824219,0.27399999618530274,64,Left Foot,Open Play,Goal
Premier League,2526,Everton v West Ham,West Ham,Jarrod Bowen,2025,28837,2025-09-29,645739,Lucas Paquetá,0.07005307078361511,0.9030000305175782,0.3189999961853027,71,Left Foot,Open Play,Blocked Shot
Premier League,2526,Everton v West Ham,West Ham,Jarrod Bowen,2025,28837,2025-09-29,645743,Kyle Walker-Peters,0.06768626719713211,0.9209999847412109,0.32099998474121094,87,Left Foot,Open Play,Blocked Shot
Premier League,2526,Everton v West Ham,West Ham,Konstantinos Mavropanos,2025,28837,2025-09-29,645728,Lucas Paquetá,0.044574204832315445,0.945,0.4129999923706055,36,,Set Piece,Blocked Shot
Premier League,2526,Everton v West Ham,West Ham,Konstantinos Mavropanos,2025,28837,2025-09-29,645740,Lucas Paquetá,0.036147017031908035,0.9209999847412109,0.4540000152587891,72,,From Corner,Missed Shot
Premier League,2526,Everton v West Ham,West Ham,Lucas Paquetá,2025,28837,2025-09-29,645720,Niclas Füllkrug,0.07278106361627579,0.825999984741211,0.5379999923706055,8,Left Foot,Open Play,Blocked Shot
Premier League,2526,Everton v West Ham,West Ham,Mateus Fernandes,2025,28837,2025-09-29,645733,Kyle Walker-Peters,0.015659164637327194,0.725999984741211,0.39099998474121095,54,Right Foot,Open Play,Blocked Shot
Premier League,2526,Everton v West Ham,West Ham,Mateus Fernandes,2025,28837,2025-09-29,645744,Niclas Füllkrug,0.05451938882470131,0.8130000305175781,0.5259999847412109,87,Left Foot,Open Play,Missed Shot
Premier League,2526,Everton v West Ham,West Ham,Niclas Füllkrug,2025,28837,2025-09-29,645724,Crysencio Summerville,0.07815655320882797,0.875999984741211,0.49700000762939456,15,Left Foot,Open Play,Missed Shot
Premier League,2526,Everton v West Ham,West Ham,Niclas Füllkrug,2025,28837,2025-09-29,645726,Max Kilman,0.06523264199495316,0.9430000305175781,0.5459999847412109,25,,Open Play,Saved Shot
Premier League,2526,Bournemouth v Fulham,Bournemouth,Adrien Truffert,2025,28838,2025-10-03,645842,Marcus Tavernier,0.029585767537355423,0.85,0.7,4,Right Foot,Open Play,Missed Shot
Premier League,2526,Bournemouth v Fulham,Bournemouth,Alex Scott,2025,28838,2025-10-03,645847,,0.01463584415614605,0.730999984741211,0.5320000076293945,43,Right Foot,Open Play,Blocked Shot
Premier League,2526,Bournemouth v Fulham,Bournemouth,Alex Scott,2025,28838,2025-10-03,645849,Evanilson,0.05144083499908447,0.815,0.500999984741211,46,Right Foot,Open Play,Blocked Shot
Premier League,2526,Bournemouth v Fulham,Bournemouth,Alex Scott,2025,28838,2025-10-03,645858,Justin Kluivert,0.02374020777642727,0.759000015258789,0.5740000152587891,82,Right Foot,Open Play,Blocked Shot
Premier League,2526,Bournemouth v Fulham,Bournemouth,Antoine Semenyo,2025,28838,2025-10-03,645846,,0.04779558628797531,0.91,0.7030000305175781,41,Left Foot,Open Play,Saved Shot
Premier League,2526,Bournemouth v Fulham,Bournemouth,Antoine Semenyo,2025,28838,2025-10-03,645857,Adrien Truffert,0.07629428058862686,0.975999984741211,0.654000015258789,77,Right Foot,Open Play,Goal
Premier League,2526,Bournemouth v Fulham,Bournemouth,Antoine Semenyo,2025,28838,2025-10-03,645864,Ben Doak,0.45716217160224915,0.850999984741211,0.5629999923706055,95,Left Foot,Open Play,Goal
Premier League,2526,Bournemouth v Fulham,Bournemouth,Evanilson,2025,28838,2025-10-03,645850,,0.5538159608840942,0.975,0.4329999923706055,51,Right Foot,From Corner,Missed Shot
Premier League,2526,Bournemouth v Fulham,Bournemouth,Evanilson,2025,28838,2025-10-03,645851,Marcus Tavernier,0.04415521025657654,0.84,0.46799999237060547,52,Left Foot,Open Play,Saved Shot
Premier League,2526,Bournemouth v Fulham,Bournemouth,Justin Kluivert,2025,28838,2025-10-03,645860,Antoine Semenyo,0.016847336664795876,0.7069999694824218,0.48400001525878905,83,Right Foot,Open Play,Goal
Premier League,2526,Bournemouth v Fulham,Bournemouth,Tyler Adams,2025,28838,2025-10-03,645843,,0.019104434177279472,0.759000015258789,0.6419999694824219,9,Right Foot,Open Play,Saved Shot
Premier League,2526,Bournemouth v Fulham,Fulham,Alex Iwobi,2025,28838,2025-10-03,645845,Timothy Castagne,0.07047992199659348,0.8119999694824219,0.4909999847412109,29,Right Foot,Open Play,Blocked Shot
Premier League,2526,Bournemouth v Fulham,Fulham,Alex Iwobi,2025,28838,2025-10-03,645848,Tom Cairney,0.04145493730902672,0.8119999694824219,0.6220000076293946,45,Left Foot,Open Play,Saved Shot
Premier League,2526,Bournemouth v Fulham,Fulham,Alex Iwobi,2025,28838,2025-10-03,645852,,0.020594114437699318,0.7480000305175781,0.47299999237060547,56,Right Foot,Open Play,Blocked Shot
Premier League,2526,Bournemouth v Fulham,Fulham,Harry Wilson,2025,28838,2025-10-03,645854,Alex Iwobi,0.06420940160751343,0.875,0.6559999847412109,57,Left Foot,Open Play,Saved Shot
Premier League,2526,Bournemouth v Fulham,Fulham,Joshua King,2025,28838,2025-10-03,645855,Harry Wilson,0.016472890973091125,0.7630000305175781,0.7140000152587891,59,Right Foot,From Corner,Missed Shot
Premier League,2526,Bournemouth v Fulham,Fulham,Kevin,2025,28838,2025-10-03,645859,Alex Iwobi,0.04249051958322525,0.805,0.6,82,Right Foot,Open Play,Saved Shot
Premier League,2526,Bournemouth v Fulham,Fulham,Ryan Sessegnon,2025,28838,2025-10-03,645856,Samuel Chukwueze,0.3523477613925934,0.9130000305175782,0.6090000152587891,69,Left Foot,Open Play,Goal
Premier League,2526,Bournemouth v Fulham,Fulham,Timothy Castagne,2025,28838,2025-10-03,645853,Alex Iwobi,0.04700719565153122,0.8919999694824219,0.43900001525878907,57,,Open Play,Blocked Shot
Premier League,2526,Bournemouth v Fulham,Fulham,Tom Cairney,2025,28838,2025-10-03,645844,,0.014666230417788029,0.7269999694824218,0.48400001525878905,22,Left Foot,From Corner,Missed Shot
Premier League,2526,Bournemouth v Fulham,Fulham,Tom Cairney,2025,28838,2025-10-03,645861,,0.06398298591375351,0.8640000152587891,0.56,86,Left Foot,Open Play,Missed Shot
Premier League,2526,Bournemouth v Fulham,Fulham,Tom Cairney,2025,28838,2025-10-03,645862,Samuel Chukwueze,0.03199862316250801,0.7719999694824219,0.509000015258789,93,Left Foot,Open Play,Missed Shot
Premier League,2526,Bournemouth v Fulham,Fulham,Tom Cairney,2025,28838,2025-10-03,645863,Ryan Sessegnon,0.07764577120542526,0.965,0.634000015258789,94,Left Foot,Open Play,Blocked Shot
Premier League,2526,Arsenal v West Ham,Arsenal,Bukayo Saka,2025,28839,2025-10-04,646134,Jurriën Timber,0.024067921563982964,0.7609999847412109,0.37900001525878907,34,Left Foot,Open Play,Blocked Shot
Premier League,2526,Arsenal v West Ham,Arsenal,Bukayo Saka,2025,28839,2025-10-04,646138,Leandro Trossard,0.019174732267856598,0.8590000152587891,0.31,46,Left Foot,Set Piece,Blocked Shot
Premier League,2526,Arsenal v West Ham,Arsenal,Bukayo Saka,2025,28839,2025-10-04,646141,,0.014539040625095367,0.7730000305175782,0.285,50,Left Foot,From Corner,Missed Shot
Premier League,2526,Arsenal v West Ham,Arsenal,Bukayo Saka,2025,28839,2025-10-04,646143,,0.7611688375473022,0.885,0.5,66,Left Foot,,Goal
Premier League,2526,Arsenal v West Ham,Arsenal,Declan Rice,2025,28839,2025-10-04,646128,,0.01003951020538807,0.7090000152587891,0.6270000076293946,7,Right Foot,Open Play,Blocked Shot
Premier League,2526,Arsenal v West Ham,Arsenal,Declan Rice,2025,28839,2025-10-04,646137,,0.37883827090263367,0.8919999694824219,0.5320000076293945,37,Right Foot,Open Play,Goal
Premier League,2526,Arsenal v West Ham,Arsenal,Eberechi Eze,2025,28839,2025-10-04,646127,Leandro Trossard,0.06429284065961838,0.8780000305175781,0.67,7,Left Foot,Open Play,Blocked Shot
Premier League,2526,Arsenal v West Ham,Arsenal,Eberechi Eze,2025,28839,2025-10-04,646131,,0.10911359637975693,0.9280000305175782,0.5170000076293946,12,Right Foot,Open Play,Missed Shot
Premier League,2526,Arsenal v West Ham,Arsenal,Eberechi Eze,2025,28839,2025-10-04,646135,,0.05131840705871582,0.8780000305175781,0.6370000076293946,34,Right Foot,From Corner,Blocked Shot
Premier League,2526,Arsenal v West Ham,Arsenal,Eberechi Eze,2025,28839,2025-10-04,646136,Martín Zubimendi,0.11961250007152557,0.8909999847412109,0.3160000038146973,37,Right Foot,Open Play,Saved Shot
Premier League,2526,Arsenal v West Ham,Arsenal,Ethan Nwaneri,2025,28839,2025-10-04,646147,,0.013910985551774502,0.7769999694824219,0.34,95,Left Foot,From Corner,Blocked Shot
Premier League,2526,Arsenal v West Ham,Arsenal,Jurriën Timber,2025,28839,2025-10-04,646124,Martin Odegaard,0.12182920426130295,0.8869999694824219,0.335,4,Right Foot,Open Play,Saved Shot
Premier League,2526,Arsenal v West Ham,Arsenal,Jurriën Timber,2025,28839,2025-10-04,646125,,0.042594149708747864,0.9230000305175782,0.3029999923706055,4,Right Foot,Open Play,Missed Shot
Premier League,2526,Arsenal v West Ham,Arsenal,Leandro Trossard,2025,28839,2025-10-04,646133,,0.09151963144540787,0.9109999847412109,0.605,32,Right Foot,Open Play,Blocked Shot
Premier League,2526,Arsenal v West Ham,Arsenal,Leandro Trossard,2025,28839,2025-10-04,646142,Declan Rice,0.044321924448013306,0.9830000305175781,0.6609999847412109,52,Right Foot,From Corner,Blocked Shot
Premier League,2526,Arsenal v West Ham,Arsenal,Mikel Merino,2025,28839,2025-10-04,646144,,0.10903028398752213,0.9180000305175782,0.544000015258789,81,Right Foot,From Corner,Blocked Shot
Premier League,2526,Arsenal v West Ham,Arsenal,Mikel Merino,2025,28839,2025-10-04,646145,Gabriel Martinelli,0.07299593836069107,0.9590000152587891,0.6029999923706054,84,,Set Piece,Missed Shot
Premier League,2526,Arsenal v West Ham,Arsenal,Riccardo Calafiori,2025,28839,2025-10-04,646129,Declan Rice,0.06606438010931015,0.96,0.5729999923706055,9,,Set Piece,Blocked Shot
Premier League,2526,Arsenal v West Ham,Arsenal,Riccardo Calafiori,2025,28839,2025-10-04,646139,,0.08314328640699387,0.8080000305175781,0.47200000762939454,49,Right Foot,Open Play,Shot On Post
Premier League,2526,Arsenal v West Ham,Arsenal,Viktor Gyokeres,2025,28839,2025-10-04,646130,Bukayo Saka,0.7928289175033569,0.97,0.4809999847412109,12,Right Foot,Open Play,Saved Shot
Premier League,2526,Arsenal v West Ham,Arsenal,Viktor Gyokeres,2025,28839,2025-10-04,646132,Bukayo Saka,0.1312565952539444,0.955999984741211,0.51,32,,Open Play,Missed Shot
Premier League,2526,Arsenal v West Ham,West Ham,Callum Marshall,2025,28839,2025-10-04,646146,Lucas Paquetá,0.2289344072341919,0.9490000152587891,0.5520000076293945,91,,From Corner,Missed Shot
Premier League,2526,Arsenal v West Ham,West Ham,Crysencio Summerville,2025,28839,2025-10-04,646140,El Hadji Malick Diouf,0.03380563482642174,0.855,0.6940000152587891,46,Right Foot,Open Play,Blocked Shot
Premier League,2526,Arsenal v West Ham,West Ham,Lucas Paquetá,2025,28839,2025-10-04,646126,Jarrod Bowen,0.041546858847141266,0.904000015258789,0.27600000381469725,6,Left Foot,Open Play,Missed Shot
Premier League,2526,Arsenal v West Ham,West Ham,Niclas Füllkrug,2025,28839,2025-10-04,646123,Lucas Paquetá,0.5602625012397766,0.97,0.5029999923706054,0,,From Corner,Missed Shot
Premier League,2526,Chelsea v Liverpool,Chelsea,Alejandro Garnacho,2025,28842,2025-10-04,646284,Marc Cucurella,0.03857651725411415,0.8090000152587891,0.4809999847412109,37,Right Foot,From Corner,Shot On Post
Premier League,2526,Chelsea v Liverpool,Chelsea,Enzo Fernández,2025,28842,2025-10-04,646300,Reece James,0.016044115647673607,0.879000015258789,0.605999984741211,88,,From Corner,Saved Shot
Premier League,2526,Chelsea v Liverpool,Chelsea,Enzo Fernández,2025,28842,2025-10-04,646302,Estêvão,0.32295143604278564,0.925,0.5559999847412109,90,,Open Play,Shot On Post
Premier League,2526,Chelsea v Liverpool,Chelsea,Estêvão,2025,28842,2025-10-04,646298,,0.021545832976698875,0.885,0.24100000381469727,83,Left Foot,Open Play,Saved Shot
Premier League,2526,Chelsea v Liverpool,Chelsea,Estêvão,2025,28842,2025-10-04,646304,Marc Cucurella,0.6285974383354187,0.9619999694824218,0.45299999237060545,95,Right Foot,Open Play,Goal
Premier League,2526,Chelsea v Liverpool,Chelsea,Jamie Bynoe-Gittens,2025,28842,2025-10-04,646297,Reece James,0.023817962035536766,0.799000015258789,0.6730000305175782,83,Right Foot,Open Play,Saved Shot
Premier League,2526,Chelsea v Liverpool,Chelsea,João Pedro,2025,28842,2025-10-04,646288,Enzo Fernández,0.02694791927933693,0.7340000152587891,0.49599998474121093,51,Right Foot,Open Play,Blocked Shot
Premier League,2526,Chelsea v Liverpool,Chelsea,Malo Gusto,2025,28842,2025-10-04,646283,,0.018794216215610504,0.765,0.4929999923706055,25,Left Foot,Set Piece,Missed Shot
Premier League,2526,Chelsea v Liverpool,Chelsea,Marc Guiu,2025,28842,2025-10-04,646294,Estêvão,0.04020346701145172,0.870999984741211,0.45599998474121095,75,,Open Play,Missed Shot
Premier League,2526,Chelsea v Liverpool,Chelsea,Moisés Caicedo,2025,28842,2025-10-04,646281,Malo Gusto,0.03168066218495369,0.78,0.415,13,Right Foot,Open Play,Goal
Premier League,2526,Chelsea v Liverpool,Chelsea,Moisés Caicedo,2025,28842,2025-10-04,646299,,0.011946183629333973,0.7069999694824218,0.5020000076293946,88,Right Foot,Open Play,Saved Shot
Premier League,2526,Chelsea v Liverpool,Chelsea,Pedro Neto,2025,28842,2025-10-04,646290,Marc Cucurella,0.05661715194582939,0.9119999694824219,0.4,58,,Open Play,Blocked Shot
Premier League,2526,Chelsea v Liverpool,Liverpool,Alexander Isak,2025,28842,2025-10-04,646285,Mohamed Salah,0.23024055361747742,0.9130000305175782,0.544000015258789,43,,Open Play,Missed Shot
Premier League,2526,Chelsea v Liverpool,Liverpool,Alexis Mac Allister,2025,28842,2025-10-04,646293,Cody Gakpo,0.021458212286233902,0.7680000305175781,0.590999984741211,70,Right Foot,Open Play,Blocked Shot
Premier League,2526,Chelsea v Liverpool,Liverpool,Andrew Robertson,2025,28842,2025-10-04,646292,,0.05444929376244545,0.914000015258789,0.6819999694824219,68,Right Foot,Open Play,Blocked Shot
Premier League,2526,Chelsea v Liverpool,Liverpool,Cody Gakpo,2025,28842,2025-10-04,646291,Alexander Isak,0.8188285231590271,0.960999984741211,0.5020000076293946,62,Right Foot,Open Play,Goal
Premier League,2526,Chelsea v Liverpool,Liverpool,Curtis Jones,2025,28842,2025-10-04,646303,Mohamed Salah,0.12311115860939026,0.8969999694824219,0.345,93,Right Foot,Open Play,Missed Shot
Premier League,2526,Chelsea v Liverpool,Liverpool,Dominik Szoboszlai,2025,28842,2025-10-04,646282,Cody Gakpo,0.4609438180923462,0.9109999847412109,0.5429999923706055,18,Right Foot,Open Play,Blocked Shot
Premier League,2526,Chelsea v Liverpool,Liverpool,Dominik Szoboszlai,2025,28842,2025-10-04,646296,,0.017731547355651855,0.7580000305175781,0.46099998474121096,80,Left Foot,Open Play,Blocked Shot
Premier League,2526,Chelsea v Liverpool,Liverpool,Dominik Szoboszlai,2025,28842,2025-10-04,646301,Mohamed Salah,0.04240086302161217,0.7580000305175781,0.4909999847412109,89,Right Foot,Open Play,Missed Shot
Premier League,2526,Chelsea v Liverpool,Liverpool,Hugo Ekitike,2025,28842,2025-10-04,646295,Cody Gakpo,0.08405257761478424,0.84,0.5379999923706055,80,Left Foot,Open Play,Blocked Shot
Premier League,2526,Chelsea v Liverpool,Liverpool,Mohamed Salah,2025,28842,2025-10-04,646286,Florian Wirtz,0.08475294709205627,0.8980000305175782,0.39799999237060546,45,Right Foot,Open Play,Missed Shot
Premier League,2526,Chelsea v Liverpool,Liverpool,Mohamed Salah,2025,28842,2025-10-04,646289,Alexis Mac Allister,0.10611916333436966,0.835999984741211,0.485,52,Left Foot,Open Play,Missed Shot
Premier League,2526,Chelsea v Liverpool,Liverpool,Ryan Gravenberch,2025,28842,2025-10-04,646287,Mohamed Salah,0.0172115471214056,0.775,0.27299999237060546,50,Right Foot,Open Play,Saved Shot
Premier League,2526,Leeds v Tottenham,Leeds,Anton Stach,2025,28844,2025-10-04,645900,Sean Longstaff,0.03810622915625572,0.8719999694824219,0.3679999923706055,4,Right Foot,From Corner,Missed Shot
Premier League,2526,Leeds v Tottenham,Leeds,Brenden Aaronson,2025,28844,2025-10-04,645908,Dominic Calvert-Lewin,0.07747303694486618,0.879000015258789,0.37799999237060544,33,Left Foot,Open Play,Saved Shot
Premier League,2526,Leeds v Tottenham,Leeds,Dominic Calvert-Lewin,2025,28844,2025-10-04,645906,Noah Okafor,0.060694314539432526,0.8590000152587891,0.585999984741211,25,Right Foot,Open Play,Missed Shot
Premier League,2526,Leeds v Tottenham,Leeds,Dominic Calvert-Lewin,2025,28844,2025-10-04,645914,Noah Okafor,0.09731337428092957,0.86,0.43400001525878906,47,Right Foot,Open Play,Saved Shot
Premier League,2526,Leeds v Tottenham,Leeds,Jayden Bogle,2025,28844,2025-10-04,645919,Sean Longstaff,0.013216808438301086,0.725999984741211,0.33599998474121096,77,Right Foot,Open Play,Missed Shot
Premier League,2526,Leeds v Tottenham,Leeds,Joe Rodon,2025,28844,2025-10-04,645901,Sean Longstaff,0.2322663515806198,0.97,0.40099998474121096,6,,Set Piece,Shot On Post
Premier League,2526,Leeds v Tottenham,Leeds,Joe Rodon,2025,28844,2025-10-04,645917,Sean Longstaff,0.007910280488431454,0.955999984741211,0.6480000305175782,61,,Set Piece,Missed Shot
Premier League,2526,Leeds v Tottenham,Leeds,Joël Piroe,2025,28844,2025-10-04,645923,Dominic Calvert-Lewin,0.058323636651039124,0.8469999694824218,0.5109999847412109,93,Left Foot,Open Play,Saved Shot
Premier League,2526,Leeds v Tottenham,Leeds,Noah Okafor,2025,28844,2025-10-04,645909,,0.6810007095336914,0.9669999694824218,0.54,33,Right Foot,Open Play,Goal
Premier League,2526,Leeds v Tottenham,Leeds,Pascal Struijk,2025,28844,2025-10-04,645902,Dominic Calvert-Lewin,0.06113003194332123,0.914000015258789,0.48700000762939455,6,,Set Piece,Missed Shot
Premier League,2526,Leeds v Tottenham,Leeds,Pascal Struijk,2025,28844,2025-10-04,645922,Ethan Ampadu,0.010916526429355145,0.909000015258789,0.634000015258789,91,,Open Play,Missed Shot
Premier League,2526,Leeds v Tottenham,Leeds,Pascal Struijk,2025,28844,2025-10-04,645924,Sean Longstaff,0.06115124002099037,0.9380000305175781,0.5359999847412109,93,,From Corner,Blocked Shot
Premier League,2526,Leeds v Tottenham,Leeds,Sean Longstaff,2025,28844,2025-10-04,645910,Brenden Aaronson,0.032637957483530045,0.784000015258789,0.5509999847412109,36,Right Foot,Open Play,Blocked Shot
Premier League,2526,Leeds v Tottenham,Leeds,Sean Longstaff,2025,28844,2025-10-04,645911,,0.044881537556648254,0.8159999847412109,0.5359999847412109,36,Right Foot,Open Play,Missed Shot
Premier League,2526,Leeds v Tottenham,Leeds,Sean Longstaff,2025,28844,2025-10-04,645918,Ao Tanaka,0.03436124697327614,0.7769999694824219,0.5209999847412109,70,Right Foot,Open Play,Missed Shot
Premier League,2526,Leeds v Tottenham,Leeds,Sean Longstaff,2025,28844,2025-10-04,645921,,0.023350631818175316,0.7680000305175781,0.40099998474121096,90,Right Foot,Open Play,Missed Shot
Premier League,2526,Leeds v Tottenham,Tottenham,João Palhinha,2025,28844,2025-10-04,645903,,0.04990726336836815,0.8130000305175781,0.46099998474121096,9,Right Foot,Open Play,Missed Shot
Premier League,2526,Leeds v Tottenham,Tottenham,João Palhinha,2025,28844,2025-10-04,645904,Xavi Simons,0.032749954611063004,0.775,0.509000015258789,15,Right Foot,Open Play,Blocked Shot
Premier League,2526,Leeds v Tottenham,Tottenham,Mathys Tel,2025,28844,2025-10-04,645905,Mohammed Kudus,0.0721215233206749,0.87,0.3060000038146973,22,Right Foot,Open Play,Goal
Premier League,2526,Leeds v Tottenham,Tottenham,Mathys Tel,2025,28844,2025-10-04,645913,Wilson Odobert,0.05292653664946556,0.9180000305175782,0.5429999923706055,45,,Open Play,Shot On Post
Premier League,2526,Leeds v Tottenham,Tottenham,Mohammed Kudus,2025,28844,2025-10-04,645907,Iyenoma Destiny Udogie,0.32727721333503723,0.8590000152587891,0.425,26,Left Foot,Open Play,Missed Shot
Premier League,2526,Leeds v Tottenham,Tottenham,Mohammed Kudus,2025,28844,2025-10-04,645915,,0.07763850688934326,0.7930000305175782,0.34599998474121096,54,Left Foot,Direct Freekick,Saved Shot
Premier League,2526,Leeds v Tottenham,Tottenham,Mohammed Kudus,2025,28844,2025-10-04,645916,,0.03842801973223686,0.7969999694824219,0.425,56,Left Foot,Open Play,Goal
Premier League,2526,Leeds v Tottenham,Tottenham,Richarlison,2025,28844,2025-10-04,645920,,0.023208579048514366,0.8919999694824219,0.28899999618530275,86,Right Foot,Open Play,Blocked Shot
Premier League,2526,Leeds v Tottenham,Tottenham,Rodrigo Bentancur,2025,28844,2025-10-04,645912,Xavi Simons,0.013940145261585712,0.7090000152587891,0.5229999923706055,44,Right Foot,Open Play,Missed Shot
Premier League,2526,Manchester United v Sunderland,Manchester United,Amad Diallo Traore,2025,28845,2025-10-04,646149,Benjamin Sesko,0.06006554514169693,0.845,0.34700000762939454,20,Left Foot,Open Play,Saved Shot
Premier League,2526,Manchester United v Sunderland,Manchester United,Amad Diallo Traore,2025,28845,2025-10-04,646153,,0.4014262557029724,0.97,0.4229999923706055,24,,Open Play,Missed Shot
Premier League,2526,Manchester United v Sunderland,Manchester United,Benjamin Sesko,2025,28845,2025-10-04,646154,,0.6503399610519409,0.9580000305175781,0.49200000762939455,30,Right Foot,Open Play,Goal
Premier League,2526,Manchester United v Sunderland,Manchester United,Bruno Fernandes,2025,28845,2025-10-04,646151,,0.07455573230981827,0.8369999694824218,0.595999984741211,22,Left Foot,Open Play,Missed Shot
Premier League,2526,Manchester United v Sunderland,Manchester United,Bruno Fernandes,2025,28845,2025-10-04,646152,Mason Mount,0.08677645027637482,0.8240000152587891,0.54,24,Right Foot,Open Play,Saved Shot
Premier League,2526,Manchester United v Sunderland,Manchester United,Bruno Fernandes,2025,28845,2025-10-04,646159,Amad Diallo Traore,0.021685965359210968,0.764000015258789,0.3,46,Right Foot,Open Play,Blocked Shot
Premier League,2526,Manchester United v Sunderland,Manchester United,Bryan Mbeumo,2025,28845,2025-10-04,646150,Amad Diallo Traore,0.03234534710645676,0.7959999847412109,0.32099998474121094,21,Left Foot,Open Play,Saved Shot
Premier League,2526,Manchester United v Sunderland,Manchester United,Bryan Mbeumo,2025,28845,2025-10-04,646161,Benjamin Sesko,0.09342284500598907,0.86,0.37900001525878907,54,Left Foot,Open Play,Missed Shot
Premier League,2526,Manchester United v Sunderland,Manchester United,Casemiro,2025,28845,2025-10-04,646165,Amad Diallo Traore,0.04226280748844147,0.784000015258789,0.504000015258789,69,Right Foot,Open Play,Missed Shot
Premier League,2526,Manchester United v Sunderland,Manchester United,Diogo Dalot,2025,28845,2025-10-04,646157,,0.09964308887720108,0.8819999694824219,0.669000015258789,40,Left Foot,Open Play,Missed Shot
Premier League,2526,Manchester United v Sunderland,Manchester United,Leny Yoro,2025,28845,2025-10-04,646162,Bruno Fernandes,0.06414623558521271,0.914000015258789,0.3370000076293945,56,Right Foot,Set Piece,Blocked Shot
Premier League,2526,Manchester United v Sunderland,Manchester United,Mason Mount,2025,28845,2025-10-04,646148,Bryan Mbeumo,0.074598029255867,0.8680000305175781,0.5,7,Right Foot,Open Play,Goal
Premier League,2526,Manchester United v Sunderland,Manchester United,Matheus Cunha,2025,28845,2025-10-04,646167,Bruno Fernandes,0.08349582552909851,0.8669999694824219,0.34599998474121096,80,Right Foot,Open Play,Missed Shot
Premier League,2526,Manchester United v Sunderland,Manchester United,Matheus Cunha,2025,28845,2025-10-04,646168,Bruno Fernandes,0.1371987760066986,0.9630000305175781,0.49900001525878906,83,,From Corner,Missed Shot
Premier League,2526,Manchester United v Sunderland,Manchester United,Matheus Cunha,2025,28845,2025-10-04,646169,Patrick Dorgu,0.042673029005527496,0.8380000305175781,0.6359999847412109,88,Right Foot,Open Play,Saved Shot
Premier League,2526,Manchester United v Sunderland,Sunderland,Bertrand Traoré,2025,28845,2025-10-04,646155,Arthur Masuaku,0.05806344375014305,0.914000015258789,0.4540000152587891,32,,Open Play,Saved Shot
Premier League,2526,Manchester United v Sunderland,Sunderland,Bertrand Traoré,2025,28845,2025-10-04,646156,Simon Adingra,0.0696401596069336,0.8830000305175781,0.5309999847412109,34,Left Foot,Open Play,Missed Shot
Premier League,2526,Manchester United v Sunderland,Sunderland,Chemsdine Talbi,2025,28845,2025-10-04,646164,,0.037513796240091324,0.8490000152587891,0.649000015258789,65,Right Foot,Open Play,Blocked Shot
Premier League,2526,Manchester United v Sunderland,Sunderland,Chemsdine Talbi,2025,28845,2025-10-04,646170,Eliezer Mayenda,0.2839544713497162,0.8830000305175781,0.6170000076293946,89,Right Foot,Open Play,Saved Shot
Premier League,2526,Manchester United v Sunderland,Sunderland,Dan Ballard,2025,28845,2025-10-04,646160,Granit Xhaka,0.2619534730911255,0.9730000305175781,0.5790000152587891,51,,From Corner,Missed Shot
Premier League,2526,Manchester United v Sunderland,Sunderland,Eliezer Mayenda,2025,28845,2025-10-04,646166,Chemsdine Talbi,0.0658116266131401,0.8159999847412109,0.4620000076293945,78,Left Foot,Open Play,Missed Shot
Premier League,2526,Manchester United v Sunderland,Sunderland,Granit Xhaka,2025,28845,2025-10-04,646158,Bertrand Traoré,0.010196632705628872,0.7369999694824219,0.3129999923706055,43,Left Foot,Open Play,Saved Shot
Premier League,2526,Manchester United v Sunderland,Sunderland,Trai Hume,2025,28845,2025-10-04,646163,,0.019985053688287735,0.774000015258789,0.5790000152587891,62,Right Foot,From Corner,Missed Shot
Premier League,2526,Aston Villa v Burnley,Aston Villa,Boubacar Kamara,2025,28840,2025-10-05,646651,Matthew Cash,0.013707851059734821,0.8869999694824219,0.4209999847412109,13,,From Corner,Blocked Shot
Premier League,2526,Aston Villa v Burnley,Aston Villa,Donyell Malen,2025,28840,2025-10-05,646648,Lucas Digne,0.3817027807235718,0.970999984741211,0.57,9,,From Corner,Missed Shot
Premier League,2526,Aston Villa v Burnley,Aston Villa,Donyell Malen,2025,28840,2025-10-05,646653,Boubacar Kamara,0.12220802158117294,0.91,0.385,24,Right Foot,Open Play,Goal
Premier League,2526,Aston Villa v Burnley,Aston Villa,Donyell Malen,2025,28840,2025-10-05,646659,Morgan Rogers,0.30903878808021545,0.89,0.3579999923706055,62,Right Foot,Open Play,Goal
Premier League,2526,Aston Villa v Burnley,Aston Villa,Ezri Konsa Ngoyo,2025,28840,2025-10-05,646650,Lucas Digne,0.02329982817173004,0.9030000305175782,0.47900001525878905,12,,From Corner,Saved Shot
Premier League,2526,Aston Villa v Burnley,Aston Villa,John McGinn,2025,28840,2025-10-05,646658,Donyell Malen,0.040840666741132736,0.8090000152587891,0.5159999847412109,54,Left Foot,From Corner,Missed Shot
Premier League,2526,Aston Villa v Burnley,Aston Villa,Lucas Digne,2025,28840,2025-10-05,646664,,0.11445166915655136,0.8869999694824219,0.625,88,Left Foot,Open Play,Saved Shot
Premier League,2526,Aston Villa v Burnley,Aston Villa,Matthew Cash,2025,28840,2025-10-05,646660,Lamare Bogarde,0.01621449738740921,0.7119999694824218,0.3160000038146973,66,Right Foot,Open Play,Saved Shot
Premier League,2526,Aston Villa v Burnley,Aston Villa,Morgan Rogers,2025,28840,2025-10-05,646649,Donyell Malen,0.04305170103907585,0.850999984741211,0.685,11,Right Foot,Open Play,Blocked Shot
Premier League,2526,Aston Villa v Burnley,Aston Villa,Morgan Rogers,2025,28840,2025-10-05,646657,,0.33187082409858704,0.8719999694824219,0.5770000076293945,53,Right Foot,Open Play,Saved Shot
Premier League,2526,Aston Villa v Burnley,Aston Villa,Morgan Rogers,2025,28840,2025-10-05,646663,Boubacar Kamara,0.019574031233787537,0.7169999694824218,0.3940000152587891,80,Right Foot,Open Play,Saved Shot
Premier League,2526,Aston Villa v Burnley,Aston Villa,Ollie Watkins,2025,28840,2025-10-05,646654,Lucas Digne,0.03613422438502312,0.9169999694824219,0.6070000076293945,29,,Open Play,Blocked Shot
Premier League,2526,Aston Villa v Burnley,Aston Villa,Ollie Watkins,2025,28840,2025-10-05,646656,John McGinn,0.13864462077617645,0.91,0.5620000076293945,47,Left Foot,Open Play,Missed Shot
Premier League,2526,Aston Villa v Burnley,Aston Villa,Pau Torres,2025,28840,2025-10-05,646652,Lucas Digne,0.02297056093811989,0.9069999694824219,0.4420000076293945,13,,From Corner,Missed Shot
Premier League,2526,Aston Villa v Burnley,Aston Villa,Ross Barkley,2025,28840,2025-10-05,646665,Lucas Digne,0.12200502306222916,0.95,0.445,89,,From Corner,Missed Shot
Premier League,2526,Aston Villa v Burnley,Burnley,Chimuanya Ugochukwu,2025,28840,2025-10-05,646662,Quilindschy Hartman,0.3644039034843445,0.93,0.4779999923706055,77,,From Corner,Goal
Premier League,2526,Aston Villa v Burnley,Burnley,Chimuanya Ugochukwu,2025,28840,2025-10-05,646666,,0.05538790673017502,0.9009999847412109,0.664000015258789,91,Right Foot,Set Piece,Missed Shot
Premier League,2526,Aston Villa v Burnley,Burnley,Josh Cullen,2025,28840,2025-10-05,646655,,0.019664721563458443,0.8269999694824218,0.4859999847412109,34,Right Foot,Open Play,Saved Shot
Premier League,2526,Aston Villa v Burnley,Burnley,Kyle Walker,2025,28840,2025-10-05,646661,Quilindschy Hartman,0.04588526859879494,0.924000015258789,0.534000015258789,76,,From Corner,Blocked Shot
Premier League,2526,Aston Villa v Burnley,Burnley,Zian Flemming,2025,28840,2025-10-05,646667,Florentino Luís,0.016949784010648727,0.715,0.475,92,Right Foot,Open Play,Blocked Shot
Premier League,2526,Brentford v Manchester City,Brentford,Aaron Hickey,2025,28841,2025-10-05,646934,Kevin Schade,0.015899255871772766,0.71,0.49700000762939456,91,Right Foot,Open Play,Missed Shot
Premier League,2526,Brentford v Manchester City,Brentford,Michael Kayode,2025,28841,2025-10-05,646931,Kevin Schade,0.018799951300024986,0.889000015258789,0.38,57,,Open Play,Missed Shot
Premier League,2526,Brentford v Manchester City,Brentford,Thiago,2025,28841,2025-10-05,646927,Jordan Henderson,0.04148175194859505,0.7959999847412109,0.48700000762939455,35,Right Foot,Open Play,Blocked Shot
Premier League,2526,Brentford v Manchester City,Brentford,Thiago,2025,28841,2025-10-05,646929,,0.5277394652366638,0.8430000305175781,0.5070000076293946,47,Right Foot,Open Play,Saved Shot
Premier League,2526,Brentford v Manchester City,Brentford,Vitaly Janelt,2025,28841,2025-10-05,646933,Sepp van den Berg,0.07653624564409256,0.85,0.5379999923706055,90,Left Foot,Open Play,Missed Shot
Premier League,2526,Brentford v Manchester City,Brentford,Yehor Yarmolyuk,2025,28841,2025-10-05,646932,,0.013301693834364414,0.835999984741211,0.3129999923706055,60,Right Foot,Open Play,Blocked Shot
Premier League,2526,Brentford v Manchester City,Manchester City,Erling Haaland,2025,28841,2025-10-05,646921,Josko Gvardiol,0.2928302586078644,0.899000015258789,0.610999984741211,8,Left Foot,Open Play,Goal
Premier League,2526,Brentford v Manchester City,Manchester City,Josko Gvardiol,2025,28841,2025-10-05,646920,Phil Foden,0.08271034806966782,0.9119999694824219,0.5220000076293946,7,,From Corner,Saved Shot
Premier League,2526,Brentford v Manchester City,Manchester City,Oscar Bobb,2025,28841,2025-10-05,646930,Phil Foden,0.09196644276380539,0.85,0.3579999923706055,52,Left Foot,Open Play,Blocked Shot
Premier League,2526,Brentford v Manchester City,Manchester City,Phil Foden,2025,28841,2025-10-05,646919,Rodri,0.02714923396706581,0.77,0.6029999923706054,6,Left Foot,Open Play,Blocked Shot
Premier League,2526,Brentford v Manchester City,Manchester City,Phil Foden,2025,28841,2025-10-05,646923,Tijjani Reijnders,0.04854302480816841,0.8190000152587891,0.39299999237060546,18,Left Foot,Open Play,Saved Shot
Premier League,2526,Brentford v Manchester City,Manchester City,Phil Foden,2025,28841,2025-10-05,646924,Oscar Bobb,0.030010638758540154,0.750999984741211,0.46299999237060546,26,Left Foot,Open Play,Blocked Shot
Premier League,2526,Brentford v Manchester City,Manchester City,Phil Foden,2025,28841,2025-10-05,646925,Oscar Bobb,0.13160130381584167,0.8919999694824219,0.4570000076293945,28,Left Foot,Open Play,Blocked Shot
Premier League,2526,Brentford v Manchester City,Manchester City,Phil Foden,2025,28841,2025-10-05,646926,Oscar Bobb,0.0848473310470581,0.874000015258789,0.3659999847412109,30,Right Foot,Open Play,Missed Shot
Premier League,2526,Brentford v Manchester City,Manchester City,Tijjani Reijnders,2025,28841,2025-10-05,646922,Nico O'Reilly,0.017935506999492645,0.754000015258789,0.69,14,Right Foot,Open Play,Missed Shot
Premier League,2526,Brentford v Manchester City,Manchester City,Tijjani Reijnders,2025,28841,2025-10-05,646928,Nico O'Reilly,0.28888022899627686,0.899000015258789,0.38,38,Right Foot,Open Play,Saved Shot
Premier League,2526,Everton v Crystal Palace,Crystal Palace,Adam Wharton,2025,28843,2025-10-05,646643,,0.038950271904468536,0.79,0.5709999847412109,91,Left Foot,Open Play,Blocked Shot
Premier League,2526,Everton v Crystal Palace,Crystal Palace,Chris Richards,2025,28843,2025-10-05,646619,Adam Wharton,0.048302698880434036,0.925,0.46900001525878904,1,,From Corner,Blocked Shot
Premier League,2526,Everton v Crystal Palace,Crystal Palace,Daichi Kamada,2025,28843,2025-10-05,646623,Maxence Lacroix,0.039466917514801025,0.8190000152587891,0.47700000762939454,11,Right Foot,Open Play,Blocked Shot
Premier League,2526,Everton v Crystal Palace,Crystal Palace,Daichi Kamada,2025,28843,2025-10-05,646631,Ismaila Sarr,0.04143211990594864,0.785,0.595,56,Left Foot,Open Play,Missed Shot
Premier League,2526,Everton v Crystal Palace,Crystal Palace,Daniel Muñoz,2025,28843,2025-10-05,646628,Ismaila Sarr,0.2719878554344177,0.9290000152587891,0.34799999237060547,36,Right Foot,Open Play,Goal
Premier League,2526,Everton v Crystal Palace,Crystal Palace,Ismaila Sarr,2025,28843,2025-10-05,646635,Yeremi Pino,0.1355862319469452,0.8669999694824219,0.6220000076293946,63,Right Foot,Open Play,Blocked Shot
Premier League,2526,Everton v Crystal Palace,Crystal Palace,Jean-Philippe Mateta,2025,28843,2025-10-05,646627,Ismaila Sarr,0.0553666315972805,0.84,0.36400001525878906,26,Right Foot,Open Play,Saved Shot
Premier League,2526,Everton v Crystal Palace,Crystal Palace,Jean-Philippe Mateta,2025,28843,2025-10-05,646632,,0.3628399670124054,0.9130000305175782,0.375,59,Right Foot,Open Play,Blocked Shot
Premier League,2526,Everton v Crystal Palace,Crystal Palace,Jean-Philippe Mateta,2025,28843,2025-10-05,646636,,0.4170893430709839,0.9080000305175782,0.45,63,Left Foot,Open Play,Missed Shot
Premier League,2526,Everton v Crystal Palace,Crystal Palace,Justin Devenny,2025,28843,2025-10-05,646646,,0.05343788489699364,0.8469999694824218,0.3970000076293945,96,Right Foot,Set Piece,Missed Shot
Premier League,2526,Everton v Crystal Palace,Crystal Palace,Justin Devenny,2025,28843,2025-10-05,646647,Chris Richards,0.11750244349241257,0.96,0.5620000076293945,101,Right Foot,Open Play,Saved Shot
Premier League,2526,Everton v Crystal Palace,Crystal Palace,Marc Guehi,2025,28843,2025-10-05,646625,,0.5758996605873108,0.9430000305175781,0.45799999237060546,18,Left Foot,Open Play,Saved Shot
Premier League,2526,Everton v Crystal Palace,Crystal Palace,Tyrick Mitchell,2025,28843,2025-10-05,646621,,0.013037488795816898,0.835999984741211,0.7319999694824219,1,Left Foot,Open Play,Saved Shot
Premier League,2526,Everton v Crystal Palace,Crystal Palace,Tyrick Mitchell,2025,28843,2025-10-05,646626,Yeremi Pino,0.029075073078274727,0.87,0.7440000152587891,25,Left Foot,Open Play,Shot On Post
Premier League,2526,Everton v Crystal Palace,Crystal Palace,Yeremi Pino,2025,28843,2025-10-05,646620,,0.03446919843554497,0.8090000152587891,0.5320000076293945,1,Right Foot,From Corner,Saved Shot
Premier League,2526,Everton v Crystal Palace,Everton,Beto,2025,28843,2025-10-05,646639,,0.027602793648838997,0.9030000305175782,0.47099998474121096,77,,From Corner,Missed Shot
Premier League,2526,Everton v Crystal Palace,Everton,Beto,2025,28843,2025-10-05,646644,Iliman Ndiaye,0.5476973056793213,0.9480000305175781,0.4929999923706055,92,,Open Play,Saved Shot
Premier League,2526,Everton v Crystal Palace,Everton,Carlos Alcaraz,2025,28843,2025-10-05,646637,Vitalii Mykolenko,0.053547415882349014,0.9,0.664000015258789,65,Left Foot,Open Play,Saved Shot
Premier League,2526,Everton v Crystal Palace,Everton,Carlos Alcaraz,2025,28843,2025-10-05,646642,Beto,0.025597596541047096,0.764000015258789,0.4379999923706055,90,Right Foot,Open Play,Missed Shot
Premier League,2526,Everton v Crystal Palace,Everton,Iliman Ndiaye,2025,28843,2025-10-05,646638,,0.7611688375473022,0.885,0.5,75,Right Foot,,Goal
Premier League,2526,Everton v Crystal Palace,Everton,Jack Grealish,2025,28843,2025-10-05,646622,Iliman Ndiaye,0.049221426248550415,0.8440000152587891,0.6580000305175782,8,Right Foot,Open Play,Saved Shot
Premier League,2526,Everton v Crystal Palace,Everton,Jack Grealish,2025,28843,2025-10-05,646640,Carlos Alcaraz,0.03918924927711487,0.89,0.7269999694824218,80,Right Foot,Open Play,Saved Shot
Premier League,2526,Everton v Crystal Palace,Everton,Jack Grealish,2025,28843,2025-10-05,646645,,0.6899271607398987,0.9619999694824218,0.5170000076293946,92,Left Foot,Open Play,Goal
Premier League,2526,Everton v Crystal Palace,Everton,Jake O&#039;Brien,2025,28843,2025-10-05,646629,James Garner,0.05188749358057976,0.9330000305175781,0.43,47,,Set Piece,Saved Shot
Premier League,2526,Everton v Crystal Palace,Everton,James Garner,2025,28843,2025-10-05,646641,,0.07216107845306396,0.850999984741211,0.4909999847412109,89,Left Foot,Open Play,Missed Shot
Premier League,2526,Everton v Crystal Palace,Everton,Michael Keane,2025,28843,2025-10-05,646630,Jake O'Brien,0.0657150074839592,0.8669999694824219,0.515,48,Right Foot,Set Piece,Blocked Shot
Premier League,2526,Everton v Crystal Palace,Everton,Michael Keane,2025,28843,2025-10-05,646633,James Tarkowski,0.07079925388097763,0.8440000152587891,0.5420000076293945,62,Right Foot,Open Play,Blocked Shot
Premier League,2526,Everton v Crystal Palace,Everton,Michael Keane,2025,28843,2025-10-05,646634,,0.05184205248951912,0.8269999694824218,0.519000015258789,62,Right Foot,Open Play,Missed Shot
Premier League,2526,Everton v Crystal Palace,Everton,Vitalii Mykolenko,2025,28843,2025-10-05,646624,Thierno Barry,0.013946576043963432,0.71,0.5459999847412109,16,Left Foot,Open Play,Missed Shot
Premier League,2526,Newcastle United v Nottingham Forest,Newcastle United,Anthony Gordon,2025,28846,2025-10-05,646701,Anthony Elanga,0.04353870078921318,0.84,0.575999984741211,48,Right Foot,Open Play,Blocked Shot
Premier League,2526,Newcastle United v Nottingham Forest,Newcastle United,Bruno Guimarães,2025,28846,2025-10-05,646698,Anthony Elanga,0.02039233036339283,0.759000015258789,0.3679999923706055,43,Left Foot,Open Play,Blocked Shot
Premier League,2526,Newcastle United v Nottingham Forest,Newcastle United,Bruno Guimarães,2025,28846,2025-10-05,646704,Dan Burn,0.03325112909078598,0.78,0.5509999847412109,57,Right Foot,Open Play,Goal
Premier League,2526,Newcastle United v Nottingham Forest,Newcastle United,Harvey Barnes,2025,28846,2025-10-05,646714,Jacob Murphy,0.34770241379737854,0.9080000305175782,0.3870000076293945,80,Right Foot,Open Play,Saved Shot
Premier League,2526,Newcastle United v Nottingham Forest,Newcastle United,Jacob Murphy,2025,28846,2025-10-05,646710,Sandro Tonali,0.10466786473989487,0.84,0.4859999847412109,77,Right Foot,Open Play,Blocked Shot
Premier League,2526,Newcastle United v Nottingham Forest,Newcastle United,Jacob Murphy,2025,28846,2025-10-05,646716,Kieran Trippier,0.11522893607616425,0.7880000305175782,0.4640000152587891,96,Left Foot,Open Play,Saved Shot
Premier League,2526,Newcastle United v Nottingham Forest,Newcastle United,Joelinton,2025,28846,2025-10-05,646694,Kieran Trippier,0.109211765229702,0.865,0.5070000076293946,10,Left Foot,Open Play,Saved Shot
Premier League,2526,Newcastle United v Nottingham Forest,Newcastle United,Joelinton,2025,28846,2025-10-05,646695,Sven Botman,0.42915427684783936,0.9640000152587891,0.5570000076293945,14,,From Corner,Saved Shot
Premier League,2526,Newcastle United v Nottingham Forest,Newcastle United,Joelinton,2025,28846,2025-10-05,646696,,0.010854493826627731,0.5640000152587891,0.615,16,Right Foot,Open Play,Missed Shot
Premier League,2526,Newcastle United v Nottingham Forest,Newcastle United,Joelinton,2025,28846,2025-10-05,646699,Nick Woltemade,0.0841904804110527,0.840999984741211,0.485,44,Right Foot,Open Play,Blocked Shot
Premier League,2526,Newcastle United v Nottingham Forest,Newcastle United,Malick Thiaw,2025,28846,2025-10-05,646707,Sandro Tonali,0.03081364370882511,0.9059999847412109,0.595,73,,From Corner,Missed Shot
Premier League,2526,Newcastle United v Nottingham Forest,Newcastle United,Malick Thiaw,2025,28846,2025-10-05,646713,Jacob Murphy,0.4394936263561249,0.9309999847412109,0.529000015258789,79,Left Foot,Open Play,Saved Shot
Premier League,2526,Newcastle United v Nottingham Forest,Newcastle United,Nick Woltemade,2025,28846,2025-10-05,646702,,0.5783783197402954,0.94,0.54,51,Right Foot,Open Play,Blocked Shot
Premier League,2526,Newcastle United v Nottingham Forest,Newcastle United,Nick Woltemade,2025,28846,2025-10-05,646708,Malick Thiaw,0.6320949792861938,0.9569999694824218,0.5209999847412109,73,Right Foot,From Corner,Shot On Post
Premier League,2526,Newcastle United v Nottingham Forest,Newcastle United,Nick Woltemade,2025,28846,2025-10-05,646715,,0.7611688375473022,0.885,0.5,83,Right Foot,,Goal
Premier League,2526,Newcastle United v Nottingham Forest,Newcastle United,Sandro Tonali,2025,28846,2025-10-05,646700,Bruno Guimarães,0.024548817425966263,0.7769999694824219,0.36,44,Right Foot,Open Play,Missed Shot
Premier League,2526,Newcastle United v Nottingham Forest,Newcastle United,Sandro Tonali,2025,28846,2025-10-05,646706,Kieran Trippier,0.025159141048789024,0.9080000305175782,0.73,72,Left Foot,From Corner,Saved Shot
Premier League,2526,Newcastle United v Nottingham Forest,Newcastle United,Sven Botman,2025,28846,2025-10-05,646709,Joelinton,0.1296914964914322,0.9180000305175782,0.5409999847412109,73,Left Foot,From Corner,Saved Shot
Premier League,2526,Newcastle United v Nottingham Forest,Nottingham Forest,Callum Hudson-Odoi,2025,28846,2025-10-05,646711,Neco Williams,0.09343824535608292,0.9359999847412109,0.7019999694824218,77,Left Foot,Open Play,Saved Shot
Premier League,2526,Newcastle United v Nottingham Forest,Nottingham Forest,Morgan Gibbs-White,2025,28846,2025-10-05,646697,,0.07730591297149658,0.7909999847412109,0.65,19,Right Foot,Direct Freekick,Saved Shot
Premier League,2526,Newcastle United v Nottingham Forest,Nottingham Forest,Morgan Gibbs-White,2025,28846,2025-10-05,646712,Dilane Bakwa,0.0428227074444294,0.840999984741211,0.35900001525878905,78,Right Foot,Open Play,Missed Shot
Premier League,2526,Newcastle United v Nottingham Forest,Nottingham Forest,Neco Williams,2025,28846,2025-10-05,646703,Dan Ndoye,0.06952288746833801,0.8730000305175781,0.7119999694824218,55,Left Foot,Open Play,Saved Shot
Premier League,2526,Newcastle United v Nottingham Forest,Nottingham Forest,Ryan Yates,2025,28846,2025-10-05,646705,Dan Ndoye,0.0545988529920578,0.8869999694824219,0.46700000762939453,61,,Open Play,Saved Shot
Premier League,2526,Wolverhampton Wanderers v Brighton,Brighton,Bart Verbruggen,2025,28847,2025-10-05,646721,,0.0,0.01399999976158142,0.49900001525878906,20,,Set Piece,Own Goal
Premier League,2526,Wolverhampton Wanderers v Brighton,Brighton,Brajan Gruda,2025,28847,2025-10-05,646723,Yankuba Minteh,0.009488767012953758,0.4929999923706055,0.7869999694824219,24,Left Foot,Open Play,Missed Shot
Premier League,2526,Wolverhampton Wanderers v Brighton,Brighton,Brajan Gruda,2025,28847,2025-10-05,646724,,0.053921349346637726,0.8569999694824219,0.345,25,Right Foot,Open Play,Blocked Shot
Premier League,2526,Wolverhampton Wanderers v Brighton,Brighton,Brajan Gruda,2025,28847,2025-10-05,646725,,0.5469468235969543,0.9669999694824218,0.5609999847412109,27,Left Foot,Open Play,Saved Shot
Premier League,2526,Wolverhampton Wanderers v Brighton,Brighton,Diego Gómez,2025,28847,2025-10-05,646727,Danny Welbeck,0.022681372240185738,0.7559999847412109,0.5829999923706055,32,Right Foot,Open Play,Saved Shot
Premier League,2526,Wolverhampton Wanderers v Brighton,Brighton,Diego Gómez,2025,28847,2025-10-05,646733,Mats Wieffer,0.07507354766130447,0.899000015258789,0.5170000076293946,61,,Open Play,Missed Shot
Premier League,2526,Wolverhampton Wanderers v Brighton,Brighton,Ferdi Kadioglu,2025,28847,2025-10-05,646719,Yankuba Minteh,0.10398753732442856,0.8909999847412109,0.6120000076293945,13,Right Foot,Open Play,Saved Shot
Premier League,2526,Wolverhampton Wanderers v Brighton,Brighton,Georginio Rutter,2025,28847,2025-10-05,646731,Yankuba Minteh,0.07491902261972427,0.899000015258789,0.41200000762939454,57,Left Foot,Open Play,Saved Shot
Premier League,2526,Wolverhampton Wanderers v Brighton,Brighton,Georginio Rutter,2025,28847,2025-10-05,646736,Stefanos Tzimas,0.07251077890396118,0.8880000305175781,0.5709999847412109,74,Left Foot,Open Play,Blocked Shot
Premier League,2526,Wolverhampton Wanderers v Brighton,Brighton,Georginio Rutter,2025,28847,2025-10-05,646737,Yankuba Minteh,0.04556367173790932,0.8909999847412109,0.5670000076293945,81,,Open Play,Missed Shot
Premier League,2526,Wolverhampton Wanderers v Brighton,Brighton,Jan Paul van Hecke,2025,28847,2025-10-05,646740,Stefanos Tzimas,0.05404830351471901,0.9230000305175782,0.48,85,,From Corner,Goal
Premier League,2526,Wolverhampton Wanderers v Brighton,Brighton,Lewis Dunk,2025,28847,2025-10-05,646729,,0.06691453605890274,0.76,0.585,51,Right Foot,Direct Freekick,Missed Shot
Premier League,2526,Wolverhampton Wanderers v Brighton,Brighton,Mats Wieffer,2025,28847,2025-10-05,646717,Brajan Gruda,0.014362865127623081,0.7580000305175781,0.3129999923706055,9,Left Foot,Open Play,Blocked Shot
Premier League,2526,Wolverhampton Wanderers v Brighton,Brighton,Mats Wieffer,2025,28847,2025-10-05,646718,Yasin Ayari,0.05650047957897186,0.8830000305175781,0.49599998474121093,10,Right Foot,From Corner,Missed Shot
Premier League,2526,Wolverhampton Wanderers v Brighton,Brighton,Maxim De Cuyper,2025,28847,2025-10-05,646734,,0.022477824240922928,0.7290000152587891,0.085,72,Left Foot,Direct Freekick,Saved Shot
Premier League,2526,Wolverhampton Wanderers v Brighton,Brighton,Stefanos Tzimas,2025,28847,2025-10-05,646739,Maxim De Cuyper,0.1297849416732788,0.9009999847412109,0.504000015258789,85,,From Corner,Blocked Shot
Premier League,2526,Wolverhampton Wanderers v Brighton,Brighton,Yankuba Minteh,2025,28847,2025-10-05,646738,James Milner,0.013343166559934616,0.8619999694824219,0.8040000152587891,82,Left Foot,Set Piece,Missed Shot
Premier League,2526,Wolverhampton Wanderers v Brighton,Brighton,Yasin Ayari,2025,28847,2025-10-05,646732,Mats Wieffer,0.029058944433927536,0.7719999694824219,0.49900001525878906,58,Right Foot,Open Play,Blocked Shot
Premier League,2526,Wolverhampton Wanderers v Brighton,Wolverhampton Wanderers,Hee-Chan Hwang,2025,28847,2025-10-05,646726,Jhon Arias,0.036102890968322754,0.7959999847412109,0.645,28,Right Foot,Open Play,Missed Shot
Premier League,2526,Wolverhampton Wanderers v Brighton,Wolverhampton Wanderers,Jhon Arias,2025,28847,2025-10-05,646728,,0.04229426756501198,0.9369999694824219,0.8930000305175781,43,Right Foot,Direct Freekick,Saved Shot
Premier League,2526,Wolverhampton Wanderers v Brighton,Wolverhampton Wanderers,Jhon Arias,2025,28847,2025-10-05,646730,Hugo Bueno,0.1446666270494461,0.9109999847412109,0.5309999847412109,55,Right Foot,Open Play,Missed Shot
Premier League,2526,Wolverhampton Wanderers v Brighton,Wolverhampton Wanderers,Jørgen Strand Larsen,2025,28847,2025-10-05,646735,João Gomes,0.073948934674263,0.9130000305175782,0.685,74,Right Foot,Open Play,Shot On Post
Premier League,2526,Wolverhampton Wanderers v Brighton,Wolverhampton Wanderers,Ladislav Krejcí,2025,28847,2025-10-05,646722,Hugo Bueno,0.009331746026873589,0.855,0.43599998474121093,23,,Set Piece,Saved Shot
Premier League,2526,Wolverhampton Wanderers v Brighton,Wolverhampton Wanderers,Marshall Munetsi,2025,28847,2025-10-05,646720,,0.063059963285923,0.8480000305175781,0.4590000152587891,20,Right Foot,Set Piece,Saved Shot
Premier League,2526,Brighton v Newcastle United,Brighton,Carlos Baleba,2025,28848,2025-10-18,647598,Yasin Ayari,0.02054816670715809,0.745,0.445,11,Left Foot,Open Play,Blocked Shot
Premier League,2526,Brighton v Newcastle United,Brighton,Carlos Baleba,2025,28848,2025-10-18,647606,,0.014188283123075962,0.7219999694824218,0.4620000076293945,46,Right Foot,From Corner,Missed Shot
Premier League,2526,Brighton v Newcastle United,Brighton,Danny Welbeck,2025,28848,2025-10-18,647603,Georginio Rutter,0.3492225408554077,0.8580000305175781,0.5120000076293946,40,Right Foot,Open Play,Goal
Premier League,2526,Brighton v Newcastle United,Brighton,Danny Welbeck,2025,28848,2025-10-18,647619,,0.04768161475658417,0.8219999694824218,0.49599998474121093,83,Right Foot,Open Play,Goal
Premier League,2526,Brighton v Newcastle United,Brighton,Georginio Rutter,2025,28848,2025-10-18,647600,Yasin Ayari,0.020671498030424118,0.7190000152587891,0.49599998474121093,19,Right Foot,Open Play,Saved Shot
Premier League,2526,Brighton v Newcastle United,Brighton,Georginio Rutter,2025,28848,2025-10-18,647601,Danny Welbeck,0.018719060346484184,0.7480000305175781,0.5029999923706054,19,Left Foot,Open Play,Saved Shot
Premier League,2526,Brighton v Newcastle United,Brighton,Lewis Dunk,2025,28848,2025-10-18,647605,Yankuba Minteh,0.014396097511053085,0.9259999847412109,0.6020000076293945,46,,From Corner,Blocked Shot
Premier League,2526,Brighton v Newcastle United,Brighton,Mats Wieffer,2025,28848,2025-10-18,647618,Yasin Ayari,0.03713472932577133,0.8240000152587891,0.34400001525878904,83,Right Foot,Open Play,Blocked Shot
Premier League,2526,Brighton v Newcastle United,Brighton,Maxim De Cuyper,2025,28848,2025-10-18,647609,,0.04740219935774803,0.9030000305175782,0.7480000305175781,51,Left Foot,Open Play,Saved Shot
Premier League,2526,Brighton v Newcastle United,Brighton,Yankuba Minteh,2025,28848,2025-10-18,647597,Georginio Rutter,0.09424661099910736,0.8819999694824219,0.27299999237060546,8,Left Foot,Open Play,Blocked Shot
Premier League,2526,Brighton v Newcastle United,Brighton,Yankuba Minteh,2025,28848,2025-10-18,647599,Diego Gómez,0.08176365494728088,0.8490000152587891,0.43099998474121093,17,Left Foot,Open Play,Blocked Shot
Premier League,2526,Brighton v Newcastle United,Brighton,Yasin Ayari,2025,28848,2025-10-18,647604,Danny Welbeck,0.01738312654197216,0.700999984741211,0.549000015258789,42,Right Foot,Open Play,Missed Shot
Premier League,2526,Brighton v Newcastle United,Brighton,Yasin Ayari,2025,28848,2025-10-18,647608,Danny Welbeck,0.09551679342985153,0.885,0.6320000076293946,49,Right Foot,Open Play,Missed Shot
Premier League,2526,Brighton v Newcastle United,Newcastle United,Anthony Gordon,2025,28848,2025-10-18,647610,Lewis Miley,0.05857683718204498,0.8159999847412109,0.544000015258789,52,Right Foot,Open Play,Missed Shot
Premier League,2526,Brighton v Newcastle United,Newcastle United,Bruno Guimarães,2025,28848,2025-10-18,647596,Sandro Tonali,0.07806868106126785,0.8530000305175781,0.4929999923706055,5,Right Foot,Open Play,Missed Shot
Premier League,2526,Brighton v Newcastle United,Newcastle United,Bruno Guimarães,2025,28848,2025-10-18,647612,Anthony Gordon,0.050295475870370865,0.8119999694824219,0.5259999847412109,60,Right Foot,Open Play,Blocked Shot
Premier League,2526,Brighton v Newcastle United,Newcastle United,Bruno Guimarães,2025,28848,2025-10-18,647614,Jacob Ramsey,0.032573338598012924,0.9059999847412109,0.2720000076293945,73,Right Foot,Open Play,Saved Shot
Premier League,2526,Brighton v Newcastle United,Newcastle United,Bruno Guimarães,2025,28848,2025-10-18,647617,,0.11168073862791061,0.92,0.495,77,Left Foot,Open Play,Blocked Shot
Premier League,2526,Brighton v Newcastle United,Newcastle United,Harvey Barnes,2025,28848,2025-10-18,647624,Dan Burn,0.03989618644118309,0.914000015258789,0.7330000305175781,95,Right Foot,Open Play,Saved Shot
Premier League,2526,Brighton v Newcastle United,Newcastle United,Jacob Murphy,2025,28848,2025-10-18,647613,Bruno Guimarães,0.028281232342123985,0.7869999694824219,0.6120000076293945,64,Left Foot,Open Play,Missed Shot
Premier League,2526,Brighton v Newcastle United,Newcastle United,Jacob Murphy,2025,28848,2025-10-18,647615,,0.023180440068244934,0.745999984741211,0.5029999923706054,73,Left Foot,Open Play,Missed Shot
Premier League,2526,Brighton v Newcastle United,Newcastle United,Jacob Murphy,2025,28848,2025-10-18,647622,,0.012982537969946861,0.705,0.485,88,Right Foot,Open Play,Blocked Shot
Premier League,2526,Brighton v Newcastle United,Newcastle United,Malick Thiaw,2025,28848,2025-10-18,647623,Kieran Trippier,0.03331971541047096,0.9109999847412109,0.4879999923706055,89,,From Corner,Missed Shot
Premier League,2526,Brighton v Newcastle United,Newcastle United,Nick Woltemade,2025,28848,2025-10-18,647607,Sandro Tonali,0.42409101128578186,0.945,0.55,50,,Set Piece,Missed Shot
Premier League,2526,Brighton v Newcastle United,Newcastle United,Nick Woltemade,2025,28848,2025-10-18,647616,Lewis Miley,0.12330621480941772,0.914000015258789,0.4759999847412109,75,Right Foot,Open Play,Goal
Premier League,2526,Brighton v Newcastle United,Newcastle United,Nick Woltemade,2025,28848,2025-10-18,647620,Jacob Murphy,0.09126482158899307,0.9009999847412109,0.47400001525878904,87,Right Foot,Open Play,Missed Shot
Premier League,2526,Brighton v Newcastle United,Newcastle United,Nick Woltemade,2025,28848,2025-10-18,647621,,0.1266394853591919,0.919000015258789,0.5,87,Right Foot,Open Play,Blocked Shot
Premier League,2526,Brighton v Newcastle United,Newcastle United,Sandro Tonali,2025,28848,2025-10-18,647611,,0.011567860841751099,0.710999984741211,0.6170000076293946,54,Right Foot,Open Play,Blocked Shot
Premier League,2526,Brighton v Newcastle United,Newcastle United,Sven Botman,2025,28848,2025-10-18,647602,Anthony Gordon,0.04896140098571777,0.924000015258789,0.4379999923706055,31,,Set Piece,Missed Shot
Premier League,2526,Burnley v Leeds,Burnley,Chimuanya Ugochukwu,2025,28849,2025-10-18,647548,Kyle Walker,0.4297392666339874,0.9309999847412109,0.4979999923706055,17,,Open Play,Goal
Premier League,2526,Burnley v Leeds,Burnley,Florentino Luís,2025,28849,2025-10-18,647545,Josh Cullen,0.013716273009777069,0.6980000305175781,0.5529999923706055,6,Right Foot,Open Play,Missed Shot
Premier League,2526,Burnley v Leeds,Burnley,Jacob Bruun Larsen,2025,28849,2025-10-18,647546,,0.0413445420563221,0.7340000152587891,0.33,10,Right Foot,Direct Freekick,Saved Shot
Premier League,2526,Burnley v Leeds,Burnley,Loum Tchaouna,2025,28849,2025-10-18,647556,Florentino Luís,0.02484741620719433,0.7480000305175781,0.3240000152587891,67,Left Foot,Open Play,Goal
Premier League,2526,Burnley v Leeds,Leeds,Anton Stach,2025,28849,2025-10-18,647551,Brenden Aaronson,0.04067462682723999,0.91,0.4829999923706055,40,,Open Play,Missed Shot
Premier League,2526,Burnley v Leeds,Leeds,Anton Stach,2025,28849,2025-10-18,647552,,0.06179844215512276,0.789000015258789,0.6969999694824218,44,Right Foot,Direct Freekick,Saved Shot
Premier League,2526,Burnley v Leeds,Leeds,Brenden Aaronson,2025,28849,2025-10-18,647549,Jack Harrison,0.3380284607410431,0.889000015258789,0.40900001525878904,31,Right Foot,Open Play,Saved Shot
Premier League,2526,Burnley v Leeds,Leeds,Dominic Calvert-Lewin,2025,28849,2025-10-18,647547,Brenden Aaronson,0.09589267522096634,0.9,0.5120000076293946,10,Right Foot,Open Play,Missed Shot
Premier League,2526,Burnley v Leeds,Leeds,Dominic Calvert-Lewin,2025,28849,2025-10-18,647557,Daniel James,0.08159825205802917,0.950999984741211,0.4420000076293945,69,,Open Play,Missed Shot
Premier League,2526,Burnley v Leeds,Leeds,Dominic Calvert-Lewin,2025,28849,2025-10-18,647558,Sean Longstaff,0.027871089056134224,0.9630000305175781,0.6179999923706054,70,,Open Play,Missed Shot
Premier League,2526,Burnley v Leeds,Leeds,Dominic Calvert-Lewin,2025,28849,2025-10-18,647567,Ao Tanaka,0.036869823932647705,0.8780000305175781,0.52,96,,Open Play,Missed Shot
Premier League,2526,Burnley v Leeds,Leeds,Ethan Ampadu,2025,28849,2025-10-18,647562,,0.03484008461236954,0.875999984741211,0.6140000152587891,79,Left Foot,Open Play,Missed Shot
Premier League,2526,Burnley v Leeds,Leeds,Jack Harrison,2025,28849,2025-10-18,647553,Sean Longstaff,0.25977885723114014,0.889000015258789,0.6430000305175781,58,Left Foot,Open Play,Missed Shot
Premier League,2526,Burnley v Leeds,Leeds,Jack Harrison,2025,28849,2025-10-18,647554,Joe Rodon,0.018941394984722137,0.8130000305175781,0.5209999847412109,63,Left Foot,From Corner,Missed Shot
Premier League,2526,Burnley v Leeds,Leeds,Jayden Bogle,2025,28849,2025-10-18,647550,Sean Longstaff,0.03433726355433464,0.8680000305175781,0.28899999618530275,35,Right Foot,Open Play,Blocked Shot
Premier League,2526,Burnley v Leeds,Leeds,Jayden Bogle,2025,28849,2025-10-18,647559,Dominic Calvert-Lewin,0.3116726875305176,0.9830000305175781,0.4109999847412109,70,Right Foot,Open Play,Missed Shot
Premier League,2526,Burnley v Leeds,Leeds,Joe Rodon,2025,28849,2025-10-18,647566,Sean Longstaff,0.04194533824920654,0.8859999847412109,0.5079999923706054,90,,From Corner,Saved Shot
Premier League,2526,Burnley v Leeds,Leeds,Joël Piroe,2025,28849,2025-10-18,647560,Gabriel Gudmundsson,0.04786023870110512,0.889000015258789,0.5559999847412109,78,,Open Play,Missed Shot
Premier League,2526,Burnley v Leeds,Leeds,Joël Piroe,2025,28849,2025-10-18,647565,Gabriel Gudmundsson,0.10025794059038162,0.8859999847412109,0.5929999923706055,86,Left Foot,Open Play,Missed Shot
Premier League,2526,Burnley v Leeds,Leeds,Lukas Nmecha,2025,28849,2025-10-18,647555,Gabriel Gudmundsson,0.035416170954704285,0.9030000305175782,0.45,65,,Open Play,Saved Shot
Premier League,2526,Burnley v Leeds,Leeds,Lukas Nmecha,2025,28849,2025-10-18,647563,Gabriel Gudmundsson,0.663292646408081,0.9590000152587891,0.529000015258789,79,,Open Play,Missed Shot
Premier League,2526,Burnley v Leeds,Leeds,Pascal Struijk,2025,28849,2025-10-18,647561,Daniel James,0.016945406794548035,0.9069999694824219,0.6759999847412109,78,,Open Play,Blocked Shot
Premier League,2526,Burnley v Leeds,Leeds,Pascal Struijk,2025,28849,2025-10-18,647564,,0.09218934178352356,0.9119999694824219,0.4259999847412109,84,Right Foot,Open Play,Blocked Shot
Premier League,2526,Crystal Palace v Bournemouth,Bournemouth,Alex Scott,2025,28850,2025-10-18,647570,Marcus Tavernier,0.05356784164905548,0.775,0.524000015258789,10,Left Foot,Open Play,Missed Shot
Premier League,2526,Crystal Palace v Bournemouth,Bournemouth,Antoine Semenyo,2025,28850,2025-10-18,647572,Alex Scott,0.07274179905653,0.8930000305175781,0.649000015258789,25,Right Foot,Open Play,Saved Shot
Premier League,2526,Crystal Palace v Bournemouth,Bournemouth,Antoine Semenyo,2025,28850,2025-10-18,647581,Justin Kluivert,0.10038416087627411,0.8490000152587891,0.5870000076293945,60,Left Foot,Open Play,Missed Shot
Premier League,2526,Crystal Palace v Bournemouth,Bournemouth,Eli Junior Kroupi,2025,28850,2025-10-18,647569,,0.8366477489471436,0.9930000305175781,0.47400001525878904,6,,From Corner,Goal
Premier League,2526,Crystal Palace v Bournemouth,Bournemouth,Eli Junior Kroupi,2025,28850,2025-10-18,647575,,0.14671282470226288,0.9109999847412109,0.47200000762939454,37,Right Foot,Open Play,Goal
Premier League,2526,Crystal Palace v Bournemouth,Bournemouth,Marcos Senesi,2025,28850,2025-10-18,647594,,0.01802304945886135,0.835999984741211,0.64,98,Left Foot,Open Play,Saved Shot
Premier League,2526,Crystal Palace v Bournemouth,Bournemouth,Ryan Christie,2025,28850,2025-10-18,647589,Marcus Tavernier,0.7941879034042358,0.9690000152587891,0.51,88,Left Foot,Open Play,Goal
Premier League,2526,Crystal Palace v Bournemouth,Bournemouth,Tyler Adams,2025,28850,2025-10-18,647580,,0.024833977222442627,0.7580000305175781,0.5059999847412109,56,Right Foot,Open Play,Missed Shot
Premier League,2526,Crystal Palace v Bournemouth,Crystal Palace,Adam Wharton,2025,28850,2025-10-18,647577,,0.04258235543966293,0.8209999847412109,0.519000015258789,47,Left Foot,Open Play,Blocked Shot
Premier League,2526,Crystal Palace v Bournemouth,Crystal Palace,Chris Richards,2025,28850,2025-10-18,647591,,0.020403051748871803,0.8469999694824218,0.595999984741211,93,Right Foot,Open Play,Blocked Shot
Premier League,2526,Crystal Palace v Bournemouth,Crystal Palace,Daniel Muñoz,2025,28850,2025-10-18,647584,Daichi Kamada,0.05871240794658661,0.915,0.3509999847412109,68,Right Foot,Open Play,Saved Shot
Premier League,2526,Crystal Palace v Bournemouth,Crystal Palace,Eddie Nketiah,2025,28850,2025-10-18,647590,Marc Guehi,0.05772005021572113,0.9069999694824219,0.6940000152587891,92,Left Foot,Open Play,Blocked Shot
Premier League,2526,Crystal Palace v Bournemouth,Crystal Palace,Ismaila Sarr,2025,28850,2025-10-18,647586,Marc Guehi,0.3838312327861786,0.9259999847412109,0.40400001525878904,75,Left Foot,From Corner,Missed Shot
Premier League,2526,Crystal Palace v Bournemouth,Crystal Palace,Jean-Philippe Mateta,2025,28850,2025-10-18,647568,Ismaila Sarr,0.044517576694488525,0.8059999847412109,0.28,3,Right Foot,Open Play,Saved Shot
Premier League,2526,Crystal Palace v Bournemouth,Crystal Palace,Jean-Philippe Mateta,2025,28850,2025-10-18,647573,Yeremi Pino,0.6772577166557312,0.94,0.45,26,,Open Play,Missed Shot
Premier League,2526,Crystal Palace v Bournemouth,Crystal Palace,Jean-Philippe Mateta,2025,28850,2025-10-18,647576,Marc Guehi,0.30818846821784973,0.9130000305175782,0.605999984741211,46,Left Foot,Open Play,Saved Shot
Premier League,2526,Crystal Palace v Bournemouth,Crystal Palace,Jean-Philippe Mateta,2025,28850,2025-10-18,647578,,0.027399783954024315,0.7680000305175781,0.4879999923706055,49,Left Foot,Open Play,Missed Shot
Premier League,2526,Crystal Palace v Bournemouth,Crystal Palace,Jean-Philippe Mateta,2025,28850,2025-10-18,647579,Adam Wharton,0.08558174967765808,0.9159999847412109,0.5459999847412109,50,Right Foot,Open Play,Missed Shot
Premier League,2526,Crystal Palace v Bournemouth,Crystal Palace,Jean-Philippe Mateta,2025,28850,2025-10-18,647583,Daniel Muñoz,0.6212283968925476,0.9459999847412109,0.4929999923706055,63,Left Foot,Open Play,Goal
Premier League,2526,Crystal Palace v Bournemouth,Crystal Palace,Jean-Philippe Mateta,2025,28850,2025-10-18,647585,,0.5354506969451904,0.9819999694824219,0.5709999847412109,68,Left Foot,Open Play,Goal
Premier League,2526,Crystal Palace v Bournemouth,Crystal Palace,Jean-Philippe Mateta,2025,28850,2025-10-18,647587,Daniel Muñoz,0.10323813557624817,0.8619999694824219,0.48400001525878905,76,Right Foot,Open Play,Blocked Shot
Premier League,2526,Crystal Palace v Bournemouth,Crystal Palace,Jean-Philippe Mateta,2025,28850,2025-10-18,647588,,0.08886904269456863,0.914000015258789,0.610999984741211,76,Left Foot,Open Play,Blocked Shot
Premier League,2526,Crystal Palace v Bournemouth,Crystal Palace,Jean-Philippe Mateta,2025,28850,2025-10-18,647593,,0.7611688375473022,0.885,0.5,96,Right Foot,,Goal
Premier League,2526,Crystal Palace v Bournemouth,Crystal Palace,Jean-Philippe Mateta,2025,28850,2025-10-18,647595,Eddie Nketiah,0.5866917967796326,0.9019999694824219,0.48700000762939455,98,Right Foot,Open Play,Missed Shot
Premier League,2526,Crystal Palace v Bournemouth,Crystal Palace,Marc Guehi,2025,28850,2025-10-18,647574,Adam Wharton,0.08630041778087616,0.960999984741211,0.46700000762939453,28,,From Corner,Blocked Shot
Premier League,2526,Crystal Palace v Bournemouth,Crystal Palace,Maxence Lacroix,2025,28850,2025-10-18,647592,Chris Richards,0.07106912136077881,0.904000015258789,0.3990000152587891,94,Left Foot,From Corner,Blocked Shot
Premier League,2526,Crystal Palace v Bournemouth,Crystal Palace,Tyrick Mitchell,2025,28850,2025-10-18,647571,,0.03206295892596245,0.7680000305175781,0.575,21,Left Foot,Open Play,Saved Shot
Premier League,2526,Crystal Palace v Bournemouth,Crystal Palace,Yeremi Pino,2025,28850,2025-10-18,647582,,0.011174270883202553,0.7519999694824219,0.634000015258789,62,Right Foot,Open Play,Missed Shot
Premier League,2526,Fulham v Arsenal,Arsenal,Bukayo Saka,2025,28851,2025-10-18,647849,Jurriën Timber,0.058320965617895126,0.8369999694824218,0.295,21,Left Foot,Open Play,Blocked Shot
Premier League,2526,Fulham v Arsenal,Arsenal,Bukayo Saka,2025,28851,2025-10-18,647864,Leandro Trossard,0.054453182965517044,0.879000015258789,0.664000015258789,63,Left Foot,Open Play,Saved Shot
Premier League,2526,Fulham v Arsenal,Arsenal,Declan Rice,2025,28851,2025-10-18,647858,Bukayo Saka,0.023332854732871056,0.785,0.3659999847412109,51,Right Foot,Open Play,Missed Shot
Premier League,2526,Fulham v Arsenal,Arsenal,Eberechi Eze,2025,28851,2025-10-18,647853,Declan Rice,0.018324917182326317,0.7880000305175782,0.715,35,Right Foot,From Corner,Blocked Shot
Premier League,2526,Fulham v Arsenal,Arsenal,Gabriel,2025,28851,2025-10-18,647857,Bukayo Saka,0.015151637606322765,0.9580000305175781,0.6079999923706054,39,,From Corner,Blocked Shot
Premier League,2526,Fulham v Arsenal,Arsenal,Gabriel,2025,28851,2025-10-18,647862,Bukayo Saka,0.20292691886425018,0.965,0.47099998474121096,57,,From Corner,Missed Shot
Premier League,2526,Fulham v Arsenal,Arsenal,Gabriel Martinelli,2025,28851,2025-10-18,647866,Jurriën Timber,0.06308387219905853,0.8530000305175781,0.509000015258789,82,Right Foot,Open Play,Missed Shot
Premier League,2526,Fulham v Arsenal,Arsenal,Gabriel Martinelli,2025,28851,2025-10-18,647869,,0.5675927400588989,0.9680000305175781,0.43,93,Right Foot,Open Play,Saved Shot
Premier League,2526,Fulham v Arsenal,Arsenal,Leandro Trossard,2025,28851,2025-10-18,647855,,0.09787560999393463,0.94,0.5170000076293946,36,,Open Play,Missed Shot
Premier League,2526,Fulham v Arsenal,Arsenal,Leandro Trossard,2025,28851,2025-10-18,647859,Eberechi Eze,0.03307236358523369,0.9019999694824219,0.6680000305175782,47,Right Foot,Open Play,Missed Shot
Premier League,2526,Fulham v Arsenal,Arsenal,Leandro Trossard,2025,28851,2025-10-18,647863,Gabriel,0.6705594062805176,0.98,0.545,57,Right Foot,From Corner,Goal
Premier League,2526,Fulham v Arsenal,Arsenal,Riccardo Calafiori,2025,28851,2025-10-18,647852,Martín Zubimendi,0.032443899661302567,0.8440000152587891,0.715,34,Right Foot,Open Play,Blocked Shot
Premier League,2526,Fulham v Arsenal,Arsenal,Riccardo Calafiori,2025,28851,2025-10-18,647856,Bukayo Saka,0.04022448509931564,0.8880000305175781,0.6680000305175782,37,Left Foot,Open Play,Missed Shot
Premier League,2526,Fulham v Arsenal,Arsenal,Viktor Gyokeres,2025,28851,2025-10-18,647854,Bukayo Saka,0.07806604355573654,0.914000015258789,0.33799999237060546,36,Right Foot,Open Play,Saved Shot
Premier League,2526,Fulham v Arsenal,Arsenal,Viktor Gyokeres,2025,28851,2025-10-18,647865,,0.08318006247282028,0.914000015258789,0.6530000305175782,79,Left Foot,Open Play,Missed Shot
Premier League,2526,Fulham v Arsenal,Arsenal,Viktor Gyokeres,2025,28851,2025-10-18,647868,Bukayo Saka,0.09163882583379745,0.914000015258789,0.33,93,Right Foot,Open Play,Saved Shot
Premier League,2526,Fulham v Arsenal,Fulham,Adama Traoré,2025,28851,2025-10-18,647867,Kevin,0.037051696330308914,0.8919999694824219,0.6580000305175782,89,Right Foot,From Corner,Blocked Shot
Premier League,2526,Fulham v Arsenal,Fulham,Harry Wilson,2025,28851,2025-10-18,647847,Sander Berge,0.04588120058178902,0.8830000305175781,0.3039999961853027,12,Left Foot,Open Play,Missed Shot
Premier League,2526,Fulham v Arsenal,Fulham,Harry Wilson,2025,28851,2025-10-18,647850,Alex Iwobi,0.07671300321817398,0.84,0.43,25,Left Foot,Open Play,Missed Shot
Premier League,2526,Fulham v Arsenal,Fulham,Harry Wilson,2025,28851,2025-10-18,647860,Alex Iwobi,0.04247715324163437,0.7980000305175782,0.4370000076293945,51,Left Foot,Open Play,Missed Shot
Premier League,2526,Fulham v Arsenal,Fulham,Harry Wilson,2025,28851,2025-10-18,647861,Alex Iwobi,0.06168025732040405,0.8569999694824219,0.5070000076293946,54,Left Foot,Open Play,Missed Shot
Premier League,2526,Fulham v Arsenal,Fulham,Joshua King,2025,28851,2025-10-18,647848,Harry Wilson,0.08244583010673523,0.7759999847412109,0.32099998474121094,17,Left Foot,Open Play,Blocked Shot
Premier League,2526,Fulham v Arsenal,Fulham,Raúl Jiménez,2025,28851,2025-10-18,647845,Harry Wilson,0.09752590954303741,0.89,0.34,10,Right Foot,Open Play,Blocked Shot
Premier League,2526,Fulham v Arsenal,Fulham,Ryan Sessegnon,2025,28851,2025-10-18,647851,,0.012611450627446175,0.6969999694824218,0.4420000076293945,30,Left Foot,From Corner,Missed Shot
Premier League,2526,Fulham v Arsenal,Fulham,Tom Cairney,2025,28851,2025-10-18,647846,Alex Iwobi,0.04594503343105316,0.875,0.43400001525878906,11,Left Foot,From Corner,Blocked Shot
Premier League,2526,Manchester City v Everton,Everton,Beto,2025,28853,2025-10-18,647626,Iliman Ndiaye,0.643643856048584,0.955,0.534000015258789,13,Left Foot,Open Play,Missed Shot
Premier League,2526,Manchester City v Everton,Everton,Carlos Alcaraz,2025,28853,2025-10-18,647631,Jake O'Brien,0.012201840989291668,0.785,0.20899999618530274,24,Right Foot,Open Play,Blocked Shot
Premier League,2526,Manchester City v Everton,Everton,Iliman Ndiaye,2025,28853,2025-10-18,647633,,0.03773112967610359,0.88,0.29200000762939454,40,Right Foot,Open Play,Saved Shot
Premier League,2526,Manchester City v Everton,Everton,James Garner,2025,28853,2025-10-18,647639,,0.06448057293891907,0.9059999847412109,0.625,60,Left Foot,Open Play,Blocked Shot
Premier League,2526,Manchester City v Everton,Everton,Merlin Röhl,2025,28853,2025-10-18,647643,Iliman Ndiaye,0.03656488656997681,0.9219999694824219,0.625999984741211,76,,Open Play,Missed Shot
Premier League,2526,Manchester City v Everton,Manchester City,Erling Haaland,2025,28853,2025-10-18,647638,Nico O'Reilly,0.33642709255218506,0.9109999847412109,0.48,57,,Open Play,Goal
Premier League,2526,Manchester City v Everton,Manchester City,Erling Haaland,2025,28853,2025-10-18,647640,Sávio,0.09280124306678772,0.855,0.5829999923706055,62,Left Foot,Open Play,Goal
Premier League,2526,Manchester City v Everton,Manchester City,Erling Haaland,2025,28853,2025-10-18,647645,Phil Foden,0.3933921456336975,0.874000015258789,0.3970000076293945,91,Left Foot,Open Play,Saved Shot
Premier League,2526,Manchester City v Everton,Manchester City,Erling Haaland,2025,28853,2025-10-18,647646,,0.09566324949264526,0.88,0.565,91,Left Foot,Open Play,Blocked Shot
Premier League,2526,Manchester City v Everton,Manchester City,Erling Haaland,2025,28853,2025-10-18,647648,Mathis Cherki,0.33317339420318604,0.8580000305175781,0.5870000076293945,95,Right Foot,Set Piece,Saved Shot
Premier League,2526,Manchester City v Everton,Manchester City,Jéremy Doku,2025,28853,2025-10-18,647634,Tijjani Reijnders,0.3825669586658478,0.9,0.62,41,Right Foot,Open Play,Saved Shot
Premier League,2526,Manchester City v Everton,Manchester City,Matheus Nunes,2025,28853,2025-10-18,647628,Nico González,0.01616077683866024,0.74,0.3370000076293945,15,Right Foot,Open Play,Missed Shot
Premier League,2526,Manchester City v Everton,Manchester City,Mathis Cherki,2025,28853,2025-10-18,647647,,0.06907398998737335,0.8490000152587891,0.5120000076293946,91,Left Foot,Open Play,Blocked Shot
Premier League,2526,Manchester City v Everton,Manchester City,Nathan Aké,2025,28853,2025-10-18,647635,Phil Foden,0.0486404225230217,0.9219999694824219,0.4859999847412109,44,,From Corner,Missed Shot
Premier League,2526,Manchester City v Everton,Manchester City,Nico O&#039;Reilly,2025,28853,2025-10-18,647625,Nico González,0.017277205362915993,0.755,0.7090000152587891,10,Left Foot,Open Play,Missed Shot
Premier League,2526,Manchester City v Everton,Manchester City,Nico O&#039;Reilly,2025,28853,2025-10-18,647637,Jéremy Doku,0.08970959484577179,0.94,0.6559999847412109,47,Left Foot,Open Play,Blocked Shot
Premier League,2526,Manchester City v Everton,Manchester City,Nico O&#039;Reilly,2025,28853,2025-10-18,647644,Sávio,0.13809417188167572,0.9369999694824219,0.5120000076293946,79,,Open Play,Missed Shot
Premier League,2526,Manchester City v Everton,Manchester City,Oscar Bobb,2025,28853,2025-10-18,647642,Bernardo Silva,0.09409221261739731,0.8619999694824219,0.315,72,Left Foot,Open Play,Blocked Shot
Premier League,2526,Manchester City v Everton,Manchester City,Phil Foden,2025,28853,2025-10-18,647641,Matheus Nunes,0.03806937485933304,0.8169999694824219,0.3060000038146973,69,Left Foot,Open Play,Missed Shot
Premier League,2526,Manchester City v Everton,Manchester City,Sávio,2025,28853,2025-10-18,647627,Matheus Nunes,0.11557155102491379,0.95,0.3139999961853027,14,Left Foot,Open Play,Saved Shot
Premier League,2526,Manchester City v Everton,Manchester City,Sávio,2025,28853,2025-10-18,647636,Tijjani Reijnders,0.047140974551439285,0.895,0.3220000076293945,47,Left Foot,Open Play,Saved Shot
Premier League,2526,Manchester City v Everton,Manchester City,Tijjani Reijnders,2025,28853,2025-10-18,647629,Phil Foden,0.10005144029855728,0.8669999694824219,0.43,17,Right Foot,Open Play,Blocked Shot
Premier League,2526,Manchester City v Everton,Manchester City,Tijjani Reijnders,2025,28853,2025-10-18,647630,Jéremy Doku,0.02352171018719673,0.8569999694824219,0.7280000305175781,23,Right Foot,From Corner,Blocked Shot
Premier League,2526,Manchester City v Everton,Manchester City,Tijjani Reijnders,2025,28853,2025-10-18,647632,Jéremy Doku,0.11729005724191666,0.894000015258789,0.4279999923706055,30,Right Foot,Open Play,Blocked Shot
Premier League,2526,Nottingham Forest v Chelsea,Chelsea,Andrey Santos,2025,28854,2025-10-18,647289,João Pedro,0.06689022481441498,0.8640000152587891,0.4620000076293945,38,Right Foot,Open Play,Missed Shot
Premier League,2526,Nottingham Forest v Chelsea,Chelsea,Andrey Santos,2025,28854,2025-10-18,647290,João Pedro,0.32162848114967346,0.8430000305175781,0.5870000076293945,41,Left Foot,Open Play,Missed Shot
Premier League,2526,Nottingham Forest v Chelsea,Chelsea,Estêvão,2025,28854,2025-10-18,647307,,0.03155709430575371,0.8730000305175781,0.7680000305175781,81,Left Foot,Open Play,Blocked Shot
Premier League,2526,Nottingham Forest v Chelsea,Chelsea,Estêvão,2025,28854,2025-10-18,647309,Marc Cucurella,0.082034170627594,0.9019999694824219,0.35,82,Right Foot,Open Play,Blocked Shot
Premier League,2526,Nottingham Forest v Chelsea,Chelsea,Josh Acheampong,2025,28854,2025-10-18,647292,Pedro Neto,0.009954600594937801,0.9080000305175782,0.6959999847412109,45,,From Corner,Saved Shot
Premier League,2526,Nottingham Forest v Chelsea,Chelsea,Josh Acheampong,2025,28854,2025-10-18,647293,Pedro Neto,0.5625271201133728,0.9490000152587891,0.4909999847412109,48,,Set Piece,Goal
Premier League,2526,Nottingham Forest v Chelsea,Chelsea,João Pedro,2025,28854,2025-10-18,647295,,0.05870429798960686,0.8769999694824219,0.7140000152587891,57,Right Foot,Open Play,Missed Shot
Premier League,2526,Nottingham Forest v Chelsea,Chelsea,Malo Gusto,2025,28854,2025-10-18,647301,Pedro Neto,0.023632893338799477,0.7719999694824219,0.38299999237060545,68,Left Foot,Open Play,Blocked Shot
Premier League,2526,Nottingham Forest v Chelsea,Chelsea,Marc Guiu,2025,28854,2025-10-18,647297,Malo Gusto,0.47843483090400696,0.914000015258789,0.40900001525878904,61,Right Foot,Open Play,Blocked Shot
Premier League,2526,Nottingham Forest v Chelsea,Chelsea,Marc Guiu,2025,28854,2025-10-18,647302,Pedro Neto,0.131173774600029,0.925,0.5059999847412109,68,,Open Play,Missed Shot
Premier League,2526,Nottingham Forest v Chelsea,Chelsea,Marc Guiu,2025,28854,2025-10-18,647304,Trevoh Chalobah,0.10206042230129242,0.8109999847412109,0.6079999923706054,70,Right Foot,Open Play,Missed Shot
Premier League,2526,Nottingham Forest v Chelsea,Chelsea,Pedro Neto,2025,28854,2025-10-18,647288,Reece James,0.025479033589363098,0.8819999694824219,0.21700000762939453,31,Right Foot,Open Play,Saved Shot
Premier League,2526,Nottingham Forest v Chelsea,Chelsea,Pedro Neto,2025,28854,2025-10-18,647291,Malo Gusto,0.015169907361268997,0.759000015258789,0.32299999237060545,45,Left Foot,Open Play,Missed Shot
Premier League,2526,Nottingham Forest v Chelsea,Chelsea,Pedro Neto,2025,28854,2025-10-18,647294,,0.12143916636705399,0.8019999694824219,0.43400001525878906,51,Left Foot,Direct Freekick,Goal
Premier League,2526,Nottingham Forest v Chelsea,Chelsea,Reece James,2025,28854,2025-10-18,647287,,0.0343979075551033,0.6890000152587891,0.48,28,Right Foot,Direct Freekick,Saved Shot
Premier League,2526,Nottingham Forest v Chelsea,Chelsea,Reece James,2025,28854,2025-10-18,647308,,0.0191614031791687,0.73,0.49400001525878906,82,Right Foot,Open Play,Blocked Shot
Premier League,2526,Nottingham Forest v Chelsea,Chelsea,Reece James,2025,28854,2025-10-18,647310,,0.4740513563156128,0.9069999694824219,0.5020000076293946,83,Right Foot,From Corner,Goal
Premier League,2526,Nottingham Forest v Chelsea,Nottingham Forest,Ibrahim Sangare,2025,28854,2025-10-18,647299,,0.3906587064266205,0.9590000152587891,0.5940000152587891,64,Right Foot,From Corner,Saved Shot
Premier League,2526,Nottingham Forest v Chelsea,Nottingham Forest,Ibrahim Sangare,2025,28854,2025-10-18,647306,,0.02566802129149437,0.784000015258789,0.49700000762939456,75,Right Foot,Open Play,Missed Shot
Premier League,2526,Nottingham Forest v Chelsea,Nottingham Forest,Igor Jesus,2025,28854,2025-10-18,647303,Callum Hudson-Odoi,0.6059059500694275,0.96,0.5020000076293946,69,Right Foot,Open Play,Shot On Post
Premier League,2526,Nottingham Forest v Chelsea,Nottingham Forest,Morgan Gibbs-White,2025,28854,2025-10-18,647285,Taiwo Awoniyi,0.06287747621536255,0.8209999847412109,0.5379999923706055,18,Right Foot,Open Play,Missed Shot
Premier League,2526,Nottingham Forest v Chelsea,Nottingham Forest,Morgan Gibbs-White,2025,28854,2025-10-18,647286,Douglas Luiz,0.5033846497535706,0.9619999694824218,0.4420000076293945,19,Right Foot,Open Play,Missed Shot
Premier League,2526,Nottingham Forest v Chelsea,Nottingham Forest,Morgan Gibbs-White,2025,28854,2025-10-18,647300,Callum Hudson-Odoi,0.019133802503347397,0.7480000305175781,0.5020000076293946,65,Right Foot,Open Play,Blocked Shot
Premier League,2526,Nottingham Forest v Chelsea,Nottingham Forest,Morgan Gibbs-White,2025,28854,2025-10-18,647305,Ibrahim Sangare,0.03345363214612007,0.8809999847412109,0.27399999618530274,73,Right Foot,Open Play,Blocked Shot
Premier League,2526,Nottingham Forest v Chelsea,Nottingham Forest,Neco Williams,2025,28854,2025-10-18,647296,Oleksandr Zinchenko,0.30302974581718445,0.924000015258789,0.46799999237060547,60,Right Foot,Open Play,Missed Shot
Premier League,2526,Nottingham Forest v Chelsea,Nottingham Forest,Nikola Milenkovic,2025,28854,2025-10-18,647298,Elliot Anderson,0.05389919504523277,0.894000015258789,0.5209999847412109,64,,From Corner,Saved Shot
Premier League,2526,Nottingham Forest v Chelsea,Nottingham Forest,Nikola Milenkovic,2025,28854,2025-10-18,647311,Elliot Anderson,0.02753354050219059,0.9269999694824219,0.57,90,,From Corner,Missed Shot
Premier League,2526,Nottingham Forest v Chelsea,Nottingham Forest,Taiwo Awoniyi,2025,28854,2025-10-18,647284,,0.051006533205509186,0.8159999847412109,0.590999984741211,0,Left Foot,Open Play,Missed Shot
Premier League,2526,Sunderland v Wolverhampton Wanderers,Sunderland,Dan Ballard,2025,28855,2025-10-18,647656,Granit Xhaka,0.07409484684467316,0.919000015258789,0.5579999923706055,41,,From Corner,Saved Shot
Premier League,2526,Sunderland v Wolverhampton Wanderers,Sunderland,Granit Xhaka,2025,28855,2025-10-18,647658,,0.013943257741630077,0.71,0.5029999923706054,47,Left Foot,Open Play,Blocked Shot
Premier League,2526,Sunderland v Wolverhampton Wanderers,Sunderland,Noah Sadiki,2025,28855,2025-10-18,647657,Dan Ballard,0.05619838088750839,0.8480000305175781,0.6419999694824219,47,Right Foot,Open Play,Blocked Shot
Premier League,2526,Sunderland v Wolverhampton Wanderers,Sunderland,Nordi Mukiele,2025,28855,2025-10-18,647650,Chris Rigg,0.026851192116737366,0.7730000305175782,0.4420000076293945,3,Right Foot,Open Play,Missed Shot
Premier League,2526,Sunderland v Wolverhampton Wanderers,Sunderland,Nordi Mukiele,2025,28855,2025-10-18,647652,Trai Hume,0.4350658655166626,0.9180000305175782,0.575,16,Right Foot,Open Play,Goal
Premier League,2526,Sunderland v Wolverhampton Wanderers,Sunderland,Trai Hume,2025,28855,2025-10-18,647651,Enzo Le Fée,0.027222421020269394,0.78,0.6,13,Right Foot,Open Play,Blocked Shot
Premier League,2526,Sunderland v Wolverhampton Wanderers,Sunderland,Trai Hume,2025,28855,2025-10-18,647653,Dan Ballard,0.3283000886440277,0.9640000152587891,0.59,25,,Open Play,Shot On Post
Premier League,2526,Sunderland v Wolverhampton Wanderers,Sunderland,Wilson Isidor,2025,28855,2025-10-18,647661,Omar Alderete,0.0639173835515976,0.8719999694824219,0.675,62,Right Foot,Open Play,Missed Shot
Premier League,2526,Sunderland v Wolverhampton Wanderers,Wolverhampton Wanderers,André,2025,28855,2025-10-18,647654,João Gomes,0.01654295064508915,0.7119999694824218,0.48900001525878906,28,Right Foot,Open Play,Missed Shot
Premier League,2526,Sunderland v Wolverhampton Wanderers,Wolverhampton Wanderers,Fernando López,2025,28855,2025-10-18,647670,,0.0674668699502945,0.8569999694824219,0.46,96,Left Foot,Set Piece,Blocked Shot
Premier League,2526,Sunderland v Wolverhampton Wanderers,Wolverhampton Wanderers,Jackson Tchatchoua,2025,28855,2025-10-18,647664,Ladislav Krejcí,0.015242712572216988,0.874000015258789,0.43,77,,Open Play,Missed Shot
Premier League,2526,Sunderland v Wolverhampton Wanderers,Wolverhampton Wanderers,Jackson Tchatchoua,2025,28855,2025-10-18,647666,Jørgen Strand Larsen,0.04586073383688927,0.8180000305175781,0.5559999847412109,85,Right Foot,Open Play,Missed Shot
Premier League,2526,Sunderland v Wolverhampton Wanderers,Wolverhampton Wanderers,Jhon Arias,2025,28855,2025-10-18,647655,,0.07222910970449448,0.9259999847412109,0.799000015258789,30,Right Foot,Direct Freekick,Blocked Shot
Premier League,2526,Sunderland v Wolverhampton Wanderers,Wolverhampton Wanderers,João Gomes,2025,28855,2025-10-18,647659,Marshall Munetsi,0.08063008636236191,0.8590000152587891,0.5370000076293945,47,Right Foot,Open Play,Missed Shot
Premier League,2526,Sunderland v Wolverhampton Wanderers,Wolverhampton Wanderers,João Gomes,2025,28855,2025-10-18,647662,,0.01132278237491846,0.789000015258789,0.774000015258789,67,Right Foot,Open Play,Missed Shot
Premier League,2526,Sunderland v Wolverhampton Wanderers,Wolverhampton Wanderers,Jørgen Strand Larsen,2025,28855,2025-10-18,647667,,0.045114971697330475,0.8119999694824219,0.5229999923706055,90,Left Foot,Open Play,Blocked Shot
Premier League,2526,Sunderland v Wolverhampton Wanderers,Wolverhampton Wanderers,Ki-Jana Hoever,2025,28855,2025-10-18,647669,Jackson Tchatchoua,0.00923213642090559,0.71,0.34400001525878904,95,Right Foot,Open Play,Saved Shot
Premier League,2526,Sunderland v Wolverhampton Wanderers,Wolverhampton Wanderers,Ladislav Krejcí,2025,28855,2025-10-18,647668,,0.0,0.18399999618530274,0.504000015258789,91,Right Foot,Open Play,Own Goal
Premier League,2526,Sunderland v Wolverhampton Wanderers,Wolverhampton Wanderers,Ladislav Krejcí,2025,28855,2025-10-18,647671,Santiago Bueno,0.042457930743694305,0.9209999847412109,0.3,96,Left Foot,Set Piece,Saved Shot
Premier League,2526,Sunderland v Wolverhampton Wanderers,Wolverhampton Wanderers,Ladislav Krejcí,2025,28855,2025-10-18,647673,,0.00981266237795353,0.745,0.3659999847412109,97,Left Foot,Open Play,Blocked Shot
Premier League,2526,Sunderland v Wolverhampton Wanderers,Wolverhampton Wanderers,Marshall Munetsi,2025,28855,2025-10-18,647649,,0.015346447005867958,0.6709999847412109,0.35200000762939454,2,Right Foot,Open Play,Missed Shot
Premier League,2526,Sunderland v Wolverhampton Wanderers,Wolverhampton Wanderers,Marshall Munetsi,2025,28855,2025-10-18,647663,Jhon Arias,0.0673213005065918,0.8669999694824219,0.45599998474121095,69,Right Foot,Open Play,Saved Shot
Premier League,2526,Sunderland v Wolverhampton Wanderers,Wolverhampton Wanderers,Rodrigo Gomes,2025,28855,2025-10-18,647660,Matt Doherty,0.054192230105400085,0.8869999694824219,0.655,50,Left Foot,Open Play,Missed Shot
Premier League,2526,Sunderland v Wolverhampton Wanderers,Wolverhampton Wanderers,Tolu Arokodare,2025,28855,2025-10-18,647665,Jørgen Strand Larsen,0.07739917188882828,0.904000015258789,0.5879999923706055,84,Right Foot,Open Play,Missed Shot
Premier League,2526,Sunderland v Wolverhampton Wanderers,Wolverhampton Wanderers,Tolu Arokodare,2025,28855,2025-10-18,647672,Hugo Bueno,0.04660780727863312,0.8130000305175781,0.63,97,Right Foot,Open Play,Blocked Shot
Premier League,2526,Liverpool v Manchester United,Liverpool,Alexander Isak,2025,28852,2025-10-19,648295,,0.05322479084134102,0.845999984741211,0.4109999847412109,28,Right Foot,Open Play,Missed Shot
Premier League,2526,Liverpool v Manchester United,Liverpool,Alexander Isak,2025,28852,2025-10-19,648297,Ibrahima Konaté,0.24298451840877533,0.89,0.36200000762939455,34,Right Foot,Open Play,Saved Shot
Premier League,2526,Liverpool v Manchester United,Liverpool,Alexis Mac Allister,2025,28852,2025-10-19,648291,Dominik Szoboszlai,0.04978923127055168,0.8109999847412109,0.4829999923706055,25,Right Foot,Open Play,Saved Shot
Premier League,2526,Liverpool v Manchester United,Liverpool,Alexis Mac Allister,2025,28852,2025-10-19,648302,Mohamed Salah,0.07151411473751068,0.835999984741211,0.44,59,Right Foot,Open Play,Missed Shot
Premier League,2526,Liverpool v Manchester United,Liverpool,Cody Gakpo,2025,28852,2025-10-19,648289,Mohamed Salah,0.04885004088282585,0.8159999847412109,0.5640000152587891,20,Right Foot,Open Play,Shot On Post
Premier League,2526,Liverpool v Manchester United,Liverpool,Cody Gakpo,2025,28852,2025-10-19,648300,Mohamed Salah,0.06544985622167587,0.8780000305175781,0.6229999923706054,49,Right Foot,Set Piece,Shot On Post
Premier League,2526,Liverpool v Manchester United,Liverpool,Cody Gakpo,2025,28852,2025-10-19,648309,Dominik Szoboszlai,0.02395622618496418,0.924000015258789,0.42700000762939455,76,,From Corner,Blocked Shot
Premier League,2526,Liverpool v Manchester United,Liverpool,Cody Gakpo,2025,28852,2025-10-19,648311,Federico Chiesa,0.7863274216651917,0.9680000305175781,0.49700000762939456,77,Right Foot,Open Play,Goal
Premier League,2526,Liverpool v Manchester United,Liverpool,Cody Gakpo,2025,28852,2025-10-19,648315,Jeremie Frimpong,0.5381103157997131,0.9480000305175781,0.5120000076293946,86,,Open Play,Missed Shot
Premier League,2526,Liverpool v Manchester United,Liverpool,Curtis Jones,2025,28852,2025-10-19,648308,Florian Wirtz,0.05974965542554855,0.88,0.6580000305175782,75,Left Foot,Open Play,Saved Shot
Premier League,2526,Liverpool v Manchester United,Liverpool,Federico Chiesa,2025,28852,2025-10-19,648310,Florian Wirtz,0.06949859857559204,0.915,0.6730000305175782,77,Left Foot,Open Play,Missed Shot
Premier League,2526,Liverpool v Manchester United,Liverpool,Hugo Ekitike,2025,28852,2025-10-19,648304,Cody Gakpo,0.029520833864808083,0.7069999694824218,0.610999984741211,63,Right Foot,Open Play,Missed Shot
Premier League,2526,Liverpool v Manchester United,Liverpool,Hugo Ekitike,2025,28852,2025-10-19,648307,Florian Wirtz,0.0628272145986557,0.8490000152587891,0.6859999847412109,68,Right Foot,Open Play,Missed Shot
Premier League,2526,Liverpool v Manchester United,Liverpool,Ibrahima Konaté,2025,28852,2025-10-19,648317,Dominik Szoboszlai,0.01626363955438137,0.865,0.44099998474121094,91,,From Corner,Blocked Shot
Premier League,2526,Liverpool v Manchester United,Liverpool,Mohamed Salah,2025,28852,2025-10-19,648296,Cody Gakpo,0.02346966229379177,0.9340000152587891,0.39099998474121095,32,,Open Play,Saved Shot
Premier League,2526,Liverpool v Manchester United,Liverpool,Mohamed Salah,2025,28852,2025-10-19,648301,Cody Gakpo,0.051351264119148254,0.9569999694824218,0.38799999237060545,53,Left Foot,From Corner,Missed Shot
Premier League,2526,Liverpool v Manchester United,Liverpool,Mohamed Salah,2025,28852,2025-10-19,648305,Milos Kerkez,0.27443599700927734,0.9180000305175782,0.38299999237060545,64,Left Foot,Open Play,Missed Shot
Premier League,2526,Liverpool v Manchester United,Liverpool,Virgil van Dijk,2025,28852,2025-10-19,648288,Mohamed Salah,0.18659044802188873,0.9180000305175782,0.43200000762939456,13,,Set Piece,Missed Shot
Premier League,2526,Liverpool v Manchester United,Liverpool,Virgil van Dijk,2025,28852,2025-10-19,648298,Conor Bradley,0.010452482849359512,0.9430000305175781,0.6819999694824219,38,,From Corner,Saved Shot
Premier League,2526,Liverpool v Manchester United,Manchester United,Benjamin Sesko,2025,28852,2025-10-19,648306,Diogo Dalot,0.009385992772877216,0.84,0.644000015258789,66,,From Corner,Missed Shot
Premier League,2526,Liverpool v Manchester United,Manchester United,Bruno Fernandes,2025,28852,2025-10-19,648290,Amad Diallo Traore,0.10961603373289108,0.86,0.44400001525878907,23,Right Foot,Open Play,Shot On Post
Premier League,2526,Liverpool v Manchester United,Manchester United,Bruno Fernandes,2025,28852,2025-10-19,648303,Patrick Dorgu,0.06843314319849014,0.8680000305175781,0.6830000305175781,62,Left Foot,Open Play,Blocked Shot
Premier League,2526,Liverpool v Manchester United,Manchester United,Bryan Mbeumo,2025,28852,2025-10-19,648287,Amad Diallo Traore,0.3349863588809967,0.9269999694824219,0.36,1,Right Foot,Open Play,Goal
Premier League,2526,Liverpool v Manchester United,Manchester United,Bryan Mbeumo,2025,28852,2025-10-19,648293,,0.5278137922286987,0.914000015258789,0.5029999923706054,26,Left Foot,Open Play,Saved Shot
Premier League,2526,Liverpool v Manchester United,Manchester United,Bryan Mbeumo,2025,28852,2025-10-19,648313,Bruno Fernandes,0.03670772537589073,0.845999984741211,0.6559999847412109,83,Left Foot,From Corner,Blocked Shot
Premier League,2526,Liverpool v Manchester United,Manchester United,Harry Maguire,2025,28852,2025-10-19,648314,Bruno Fernandes,0.23580484092235565,0.92,0.4370000076293945,83,,From Corner,Goal
Premier League,2526,Liverpool v Manchester United,Manchester United,Mason Mount,2025,28852,2025-10-19,648292,,0.5486971139907837,0.924000015258789,0.47,26,Right Foot,Open Play,Missed Shot
Premier League,2526,Liverpool v Manchester United,Manchester United,Mason Mount,2025,28852,2025-10-19,648294,,0.01935759373009205,0.7469999694824219,0.56,26,Left Foot,Open Play,Saved Shot
Premier League,2526,Liverpool v Manchester United,Manchester United,Matheus Cunha,2025,28852,2025-10-19,648299,Bruno Fernandes,0.029462268576025963,0.784000015258789,0.315,41,Left Foot,Open Play,Missed Shot
Premier League,2526,Liverpool v Manchester United,Manchester United,Matheus Cunha,2025,28852,2025-10-19,648312,Benjamin Sesko,0.08052407950162888,0.909000015258789,0.6559999847412109,82,Left Foot,Open Play,Blocked Shot
Premier League,2526,Liverpool v Manchester United,Manchester United,Matthijs de Ligt,2025,28852,2025-10-19,648316,Bryan Mbeumo,0.5406005382537842,0.9569999694824218,0.5170000076293946,87,,Set Piece,Missed Shot
Premier League,2526,Tottenham v Aston Villa,Aston Villa,Donyell Malen,2025,28856,2025-10-19,648087,John McGinn,0.08622466772794724,0.899000015258789,0.6480000305175782,56,Left Foot,Open Play,Missed Shot
Premier League,2526,Tottenham v Aston Villa,Aston Villa,Emiliano Buendía,2025,28856,2025-10-19,648091,Lucas Digne,0.03128521516919136,0.8209999847412109,0.32599998474121095,76,Left Foot,Open Play,Goal
Premier League,2526,Tottenham v Aston Villa,Aston Villa,Ian Maatsen,2025,28856,2025-10-19,648092,,0.021490737795829773,0.784000015258789,0.5929999923706055,86,Left Foot,From Corner,Missed Shot
Premier League,2526,Tottenham v Aston Villa,Aston Villa,John McGinn,2025,28856,2025-10-19,648089,Matthew Cash,0.05368897691369057,0.7959999847412109,0.6869999694824219,61,Left Foot,Open Play,Missed Shot
Premier League,2526,Tottenham v Aston Villa,Aston Villa,Matthew Cash,2025,28856,2025-10-19,648080,,0.017699720337986946,0.8119999694824219,0.28399999618530275,11,Right Foot,From Corner,Blocked Shot
Premier League,2526,Tottenham v Aston Villa,Aston Villa,Matthew Cash,2025,28856,2025-10-19,648081,Evann Guessand,0.028522029519081116,0.7680000305175781,0.4379999923706055,14,Right Foot,Open Play,Missed Shot
Premier League,2526,Tottenham v Aston Villa,Aston Villa,Morgan Rogers,2025,28856,2025-10-19,648083,,0.025275209918618202,0.795,0.33599998474121096,36,Right Foot,Open Play,Goal
Premier League,2526,Tottenham v Aston Villa,Aston Villa,Ollie Watkins,2025,28856,2025-10-19,648093,Ian Maatsen,0.08804439753293991,0.865,0.37400001525878906,89,Right Foot,Open Play,Blocked Shot
Premier League,2526,Tottenham v Aston Villa,Tottenham,Brennan Johnson,2025,28856,2025-10-19,648095,,0.05026136338710785,0.8830000305175781,0.6619999694824219,94,Right Foot,Open Play,Missed Shot
Premier League,2526,Tottenham v Aston Villa,Tottenham,João Palhinha,2025,28856,2025-10-19,648086,Rodrigo Bentancur,0.03177473694086075,0.794000015258789,0.37599998474121094,53,Right Foot,Open Play,Saved Shot
Premier League,2526,Tottenham v Aston Villa,Tottenham,João Palhinha,2025,28856,2025-10-19,648088,Xavi Simons,0.031818948686122894,0.7819999694824219,0.4229999923706055,56,Right Foot,Open Play,Missed Shot
Premier League,2526,Tottenham v Aston Villa,Tottenham,Micky van de Ven,2025,28856,2025-10-19,648084,Wilson Odobert,0.2573102116584778,0.9009999847412109,0.4909999847412109,45,,Set Piece,Missed Shot
Premier League,2526,Tottenham v Aston Villa,Tottenham,Randal Kolo Muani,2025,28856,2025-10-19,648094,Richarlison,0.06208477169275284,0.914000015258789,0.519000015258789,92,Right Foot,From Corner,Missed Shot
Premier League,2526,Tottenham v Aston Villa,Tottenham,Rodrigo Bentancur,2025,28856,2025-10-19,648079,João Palhinha,0.4010891914367676,0.9130000305175782,0.5279999923706055,4,Right Foot,From Corner,Goal
Premier League,2526,Tottenham v Aston Villa,Tottenham,Rodrigo Bentancur,2025,28856,2025-10-19,648090,Pedro Porro,0.05909617245197296,0.8180000305175781,0.4859999847412109,66,Left Foot,Open Play,Blocked Shot
Premier League,2526,Tottenham v Aston Villa,Tottenham,Wilson Odobert,2025,28856,2025-10-19,648082,Pedro Porro,0.09124181419610977,0.8469999694824218,0.7240000152587891,26,Right Foot,Open Play,Saved Shot
Premier League,2526,Tottenham v Aston Villa,Tottenham,Wilson Odobert,2025,28856,2025-10-19,648085,,0.5299350023269653,0.9230000305175782,0.48900001525878906,52,Right Foot,Open Play,Blocked Shot
Premier League,2526,West Ham v Brentford,Brentford,Dango Ouattara,2025,28857,2025-10-20,648519,Michael Kayode,0.14161616563796997,0.9330000305175781,0.495,14,,Open Play,Blocked Shot
Premier League,2526,West Ham v Brentford,Brentford,Dango Ouattara,2025,28857,2025-10-20,648521,Mikkel Damsgaard,0.07098280638456345,0.8490000152587891,0.33,28,Left Foot,Open Play,Blocked Shot
Premier League,2526,West Ham v Brentford,Brentford,Dango Ouattara,2025,28857,2025-10-20,648522,Michael Kayode,0.057083360850811005,0.9130000305175782,0.47400001525878904,29,,Open Play,Missed Shot
Premier League,2526,West Ham v Brentford,Brentford,Dango Ouattara,2025,28857,2025-10-20,648528,Mikkel Damsgaard,0.015740925446152687,0.8919999694824219,0.615999984741211,32,,From Corner,Blocked Shot
Premier League,2526,West Ham v Brentford,Brentford,Dango Ouattara,2025,28857,2025-10-20,648529,Mikkel Damsgaard,0.29765719175338745,0.955999984741211,0.42700000762939455,39,,From Corner,Missed Shot
Premier League,2526,West Ham v Brentford,Brentford,Keane Lewis-Potter,2025,28857,2025-10-20,648541,Yehor Yarmolyuk,0.040230706334114075,0.7669999694824219,0.3270000076293945,85,Left Foot,Open Play,Missed Shot
Premier League,2526,West Ham v Brentford,Brentford,Kevin Schade,2025,28857,2025-10-20,648515,Dango Ouattara,0.06772693246603012,0.924000015258789,0.7369999694824219,3,Left Foot,Open Play,Missed Shot
Premier League,2526,West Ham v Brentford,Brentford,Kevin Schade,2025,28857,2025-10-20,648516,Michael Kayode,0.021479874849319458,0.9830000305175781,0.6170000076293946,8,,Open Play,Saved Shot
Premier League,2526,West Ham v Brentford,Brentford,Kevin Schade,2025,28857,2025-10-20,648517,Michael Kayode,0.06525003165006638,0.915,0.5420000076293945,8,,Open Play,Missed Shot
Premier League,2526,West Ham v Brentford,Brentford,Kevin Schade,2025,28857,2025-10-20,648538,Michael Kayode,0.500971257686615,0.935,0.505,61,,Open Play,Shot On Post
Premier League,2526,West Ham v Brentford,Brentford,Kristoffer Ajer,2025,28857,2025-10-20,648533,,0.029658615589141846,0.754000015258789,0.41700000762939454,47,Right Foot,Open Play,Blocked Shot
Premier League,2526,West Ham v Brentford,Brentford,Kristoffer Ajer,2025,28857,2025-10-20,648536,Michael Kayode,0.08736815303564072,0.955999984741211,0.43099998474121093,55,,Open Play,Missed Shot
Premier League,2526,West Ham v Brentford,Brentford,Mathias Jensen,2025,28857,2025-10-20,648543,Keane Lewis-Potter,0.12064792215824127,0.875999984741211,0.4620000076293945,94,Right Foot,Open Play,Goal
Premier League,2526,West Ham v Brentford,Brentford,Mikkel Damsgaard,2025,28857,2025-10-20,648526,Michael Kayode,0.0396374873816967,0.8909999847412109,0.5220000076293946,30,,Open Play,Saved Shot
Premier League,2526,West Ham v Brentford,Brentford,Nathan Collins,2025,28857,2025-10-20,648520,Jordan Henderson,0.10135364532470703,0.9019999694824219,0.49700000762939456,24,,Set Piece,Missed Shot
Premier League,2526,West Ham v Brentford,Brentford,Sepp van den Berg,2025,28857,2025-10-20,648537,Mikkel Damsgaard,0.09794063866138458,0.9330000305175781,0.4420000076293945,60,,From Corner,Missed Shot
Premier League,2526,West Ham v Brentford,Brentford,Thiago,2025,28857,2025-10-20,648523,Dango Ouattara,0.5491554737091064,0.9730000305175781,0.57,29,Left Foot,Open Play,Shot On Post
Premier League,2526,West Ham v Brentford,Brentford,Thiago,2025,28857,2025-10-20,648524,Yehor Yarmolyuk,0.11251520365476608,0.8730000305175781,0.4829999923706055,30,Left Foot,Open Play,Blocked Shot
Premier League,2526,West Ham v Brentford,Brentford,Thiago,2025,28857,2025-10-20,648525,Dango Ouattara,0.07769110798835754,0.8719999694824219,0.39099998474121095,30,Right Foot,Open Play,Blocked Shot
Premier League,2526,West Ham v Brentford,Brentford,Thiago,2025,28857,2025-10-20,648527,,0.5476440787315369,0.9540000152587891,0.44099998474121094,31,Right Foot,From Corner,Saved Shot
Premier League,2526,West Ham v Brentford,Brentford,Thiago,2025,28857,2025-10-20,648530,Kevin Schade,0.3755340874195099,0.895,0.5890000152587891,42,Right Foot,Open Play,Goal
Premier League,2526,West Ham v Brentford,Brentford,Thiago,2025,28857,2025-10-20,648540,Yehor Yarmolyuk,0.07981101423501968,0.9590000152587891,0.3129999923706055,78,Right Foot,Open Play,Saved Shot
Premier League,2526,West Ham v Brentford,West Ham,Crysencio Summerville,2025,28857,2025-10-20,648534,Andy Irving,0.035151321440935135,0.7319999694824219,0.4979999923706055,48,Right Foot,Open Play,Missed Shot
Premier League,2526,West Ham v Brentford,West Ham,Crysencio Summerville,2025,28857,2025-10-20,648532,,0.013662516139447689,0.7390000152587891,0.6669999694824219,50,Right Foot,From Corner,Blocked Shot
Premier League,2526,West Ham v Brentford,West Ham,Jarrod Bowen,2025,28857,2025-10-20,648531,Tomas Soucek,0.029067160561680794,0.7809999847412109,0.40700000762939453,49,Left Foot,Open Play,Saved Shot
Premier League,2526,West Ham v Brentford,West Ham,Jarrod Bowen,2025,28857,2025-10-20,648539,Crysencio Summerville,0.050188057124614716,0.840999984741211,0.34599998474121096,71,Right Foot,Open Play,Missed Shot
Premier League,2526,West Ham v Brentford,West Ham,Lucas Paquetá,2025,28857,2025-10-20,648542,,0.033197082579135895,0.8180000305175781,0.6619999694824219,90,Right Foot,Open Play,Missed Shot
Premier League,2526,West Ham v Brentford,West Ham,Mateus Fernandes,2025,28857,2025-10-20,648518,,0.017190052196383476,0.754000015258789,0.3970000076293945,9,Right Foot,Open Play,Blocked Shot
Premier League,2526,West Ham v Brentford,West Ham,Tomas Soucek,2025,28857,2025-10-20,648535,Jarrod Bowen,0.08179470896720886,0.894000015258789,0.46,54,Right Foot,Open Play,Blocked Shot
Premier League,2526,Leeds v West Ham,Leeds,Ao Tanaka,2025,28864,2025-10-24,648682,Dominic Calvert-Lewin,0.07628515362739563,0.8069999694824219,0.49,29,Right Foot,Open Play,Missed Shot
Premier League,2526,Leeds v West Ham,Leeds,Brenden Aaronson,2025,28864,2025-10-24,648679,,0.6916036009788513,0.9669999694824218,0.47400001525878904,2,Right Foot,Open Play,Goal
Premier League,2526,Leeds v West Ham,Leeds,Brenden Aaronson,2025,28864,2025-10-24,648683,Gabriel Gudmundsson,0.1419028341770172,0.9109999847412109,0.5109999847412109,31,Left Foot,Open Play,Blocked Shot
Premier League,2526,Leeds v West Ham,Leeds,Brenden Aaronson,2025,28864,2025-10-24,648691,Jaka Bijol,0.12537430226802826,0.775,0.47,58,Right Foot,Open Play,Blocked Shot
Premier League,2526,Leeds v West Ham,Leeds,Dominic Calvert-Lewin,2025,28864,2025-10-24,648690,Brenden Aaronson,0.12785515189170837,0.94,0.3970000076293945,56,Right Foot,Open Play,Missed Shot
Premier League,2526,Leeds v West Ham,Leeds,Ethan Ampadu,2025,28864,2025-10-24,648685,,0.12419375777244568,0.8440000152587891,0.4159999847412109,38,Left Foot,Open Play,Missed Shot
Premier League,2526,Leeds v West Ham,Leeds,Ethan Ampadu,2025,28864,2025-10-24,648687,,0.010036813095211983,0.6140000152587891,0.32799999237060545,50,Right Foot,Open Play,Missed Shot
Premier League,2526,Leeds v West Ham,Leeds,Jack Harrison,2025,28864,2025-10-24,648692,,0.01563643105328083,0.7780000305175782,0.5379999923706055,59,Right Foot,From Corner,Blocked Shot
Premier League,2526,Leeds v West Ham,Leeds,Jack Harrison,2025,28864,2025-10-24,648693,Ethan Ampadu,0.048734478652477264,0.7959999847412109,0.624000015258789,61,Left Foot,Open Play,Saved Shot
Premier League,2526,Leeds v West Ham,Leeds,Jayden Bogle,2025,28864,2025-10-24,648688,Brenden Aaronson,0.137452632188797,0.9480000305175781,0.3139999961853027,54,Right Foot,Open Play,Saved Shot
Premier League,2526,Leeds v West Ham,Leeds,Joe Rodon,2025,28864,2025-10-24,648681,Sean Longstaff,0.49435392022132874,0.9580000305175781,0.524000015258789,14,,From Corner,Goal
Premier League,2526,Leeds v West Ham,Leeds,Noah Okafor,2025,28864,2025-10-24,648678,Jayden Bogle,0.3830646574497223,0.9309999847412109,0.5420000076293945,2,,Open Play,Saved Shot
Premier League,2526,Leeds v West Ham,Leeds,Noah Okafor,2025,28864,2025-10-24,648686,Joe Rodon,0.10983096808195114,0.870999984741211,0.6669999694824219,47,Right Foot,Open Play,Missed Shot
Premier League,2526,Leeds v West Ham,West Ham,Callum Wilson,2025,28864,2025-10-24,648695,Aaron Wan-Bissaka,0.07372193038463593,0.909000015258789,0.4209999847412109,73,Right Foot,Open Play,Saved Shot
Premier League,2526,Leeds v West Ham,West Ham,El Hadji Malick Diouf,2025,28864,2025-10-24,648696,,0.06991071999073029,0.8130000305175781,0.43,77,Left Foot,From Corner,Missed Shot
Premier League,2526,Leeds v West Ham,West Ham,El Hadji Malick Diouf,2025,28864,2025-10-24,648697,Mateus Fernandes,0.01877536065876484,0.7630000305175781,0.644000015258789,82,Left Foot,Open Play,Blocked Shot
Premier League,2526,Leeds v West Ham,West Ham,Jarrod Bowen,2025,28864,2025-10-24,648680,Lucas Paquetá,0.030456937849521637,0.8719999694824219,0.495,9,Left Foot,Open Play,Saved Shot
Premier League,2526,Leeds v West Ham,West Ham,Jarrod Bowen,2025,28864,2025-10-24,648684,,0.01592916250228882,0.7959999847412109,0.32299999237060545,36,Left Foot,Open Play,Missed Shot
Premier League,2526,Leeds v West Ham,West Ham,Lucas Paquetá,2025,28864,2025-10-24,648694,Jarrod Bowen,0.04341011494398117,0.799000015258789,0.4279999923706055,64,Right Foot,Open Play,Blocked Shot
Premier League,2526,Leeds v West Ham,West Ham,Mateus Fernandes,2025,28864,2025-10-24,648698,Lucas Paquetá,0.01661066897213459,0.7140000152587891,0.49400001525878906,83,Right Foot,Open Play,Blocked Shot
Premier League,2526,Leeds v West Ham,West Ham,Mateus Fernandes,2025,28864,2025-10-24,648699,Jarrod Bowen,0.09133035689592361,0.8969999694824219,0.47,89,,Open Play,Goal
Premier League,2526,Leeds v West Ham,West Ham,Tomas Soucek,2025,28864,2025-10-24,648689,Jarrod Bowen,0.1385073959827423,0.95,0.514000015258789,55,,Open Play,Missed Shot
Premier League,2526,Brentford v Liverpool,Brentford,Dango Ouattara,2025,28861,2025-10-25,649242,,0.4440733790397644,0.9519999694824218,0.40799999237060547,4,Left Foot,Open Play,Goal
Premier League,2526,Brentford v Liverpool,Brentford,Dango Ouattara,2025,28861,2025-10-25,649252,,0.04559442773461342,0.7630000305175781,0.575,37,Left Foot,Open Play,Missed Shot
Premier League,2526,Brentford v Liverpool,Brentford,Dango Ouattara,2025,28861,2025-10-25,649259,,0.02722984552383423,0.875,0.365,54,,Open Play,Missed Shot
Premier League,2526,Brentford v Liverpool,Brentford,Dango Ouattara,2025,28861,2025-10-25,649264,Michael Kayode,0.16312123835086823,0.8919999694824219,0.435,64,,Open Play,Missed Shot
Premier League,2526,Brentford v Liverpool,Brentford,Dango Ouattara,2025,28861,2025-10-25,649269,Keane Lewis-Potter,0.39151811599731445,0.9180000305175782,0.4590000152587891,83,,Open Play,Missed Shot
Premier League,2526,Brentford v Liverpool,Brentford,Jordan Henderson,2025,28861,2025-10-25,649250,Kevin Schade,0.020088516175746918,0.7719999694824219,0.6909999847412109,31,Right Foot,Open Play,Missed Shot
Premier League,2526,Brentford v Liverpool,Brentford,Kevin Schade,2025,28861,2025-10-25,649255,Mikkel Damsgaard,0.6057746410369873,0.895,0.47900001525878905,44,Right Foot,Open Play,Goal
Premier League,2526,Brentford v Liverpool,Brentford,Kristoffer Ajer,2025,28861,2025-10-25,649241,,0.012695089913904667,0.7140000152587891,0.4859999847412109,2,Right Foot,Open Play,Missed Shot
Premier League,2526,Brentford v Liverpool,Brentford,Kristoffer Ajer,2025,28861,2025-10-25,649251,Vitaly Janelt,0.05202661454677582,0.9130000305175782,0.7380000305175781,34,Right Foot,Open Play,Blocked Shot
Premier League,2526,Brentford v Liverpool,Brentford,Michael Kayode,2025,28861,2025-10-25,649249,Kevin Schade,0.07357523590326309,0.8640000152587891,0.63,31,Left Foot,Open Play,Blocked Shot
Premier League,2526,Brentford v Liverpool,Brentford,Mikkel Damsgaard,2025,28861,2025-10-25,649253,,0.015508263371884823,0.705,0.6179999923706054,38,Right Foot,Open Play,Saved Shot
Premier League,2526,Brentford v Liverpool,Brentford,Mikkel Damsgaard,2025,28861,2025-10-25,649260,Kevin Schade,0.051979247480630875,0.785,0.5620000076293945,54,Right Foot,Open Play,Saved Shot
Premier League,2526,Brentford v Liverpool,Brentford,Nathan Collins,2025,28861,2025-10-25,649248,Michael Kayode,0.0869007408618927,0.91,0.575999984741211,29,,Open Play,Saved Shot
Premier League,2526,Brentford v Liverpool,Brentford,Thiago,2025,28861,2025-10-25,649257,Kevin Schade,0.03345661982893944,0.94,0.675,51,Left Foot,Open Play,Saved Shot
Premier League,2526,Brentford v Liverpool,Brentford,Thiago,2025,28861,2025-10-25,649258,Kevin Schade,0.3877606987953186,0.9690000152587891,0.5970000076293945,53,Left Foot,Open Play,Saved Shot
Premier League,2526,Brentford v Liverpool,Brentford,Thiago,2025,28861,2025-10-25,649261,,0.7611688375473022,0.885,0.5,59,Right Foot,,Goal
Premier League,2526,Brentford v Liverpool,Brentford,Thiago,2025,28861,2025-10-25,649271,Keane Lewis-Potter,0.09879279881715775,0.905,0.524000015258789,89,,Open Play,Missed Shot
Premier League,2526,Brentford v Liverpool,Liverpool,Alexis Mac Allister,2025,28861,2025-10-25,649262,Hugo Ekitike,0.10235737264156342,0.9109999847412109,0.47400001525878904,63,Left Foot,Open Play,Blocked Shot
Premier League,2526,Brentford v Liverpool,Liverpool,Cody Gakpo,2025,28861,2025-10-25,649247,Virgil van Dijk,0.02186964638531208,0.7909999847412109,0.6990000152587891,23,Right Foot,Open Play,Missed Shot
Premier League,2526,Brentford v Liverpool,Liverpool,Curtis Jones,2025,28861,2025-10-25,649254,,0.027210287749767303,0.8069999694824219,0.6669999694824219,40,Right Foot,Open Play,Saved Shot
Premier League,2526,Brentford v Liverpool,Liverpool,Federico Chiesa,2025,28861,2025-10-25,649265,Mohamed Salah,0.01924978941679001,0.789000015258789,0.31,68,Left Foot,Open Play,Blocked Shot
Premier League,2526,Brentford v Liverpool,Liverpool,Florian Wirtz,2025,28861,2025-10-25,649245,,0.37810632586479187,0.8819999694824219,0.524000015258789,19,Left Foot,Open Play,Missed Shot
Premier League,2526,Brentford v Liverpool,Liverpool,Hugo Ekitike,2025,28861,2025-10-25,649244,Florian Wirtz,0.08432405441999435,0.8809999847412109,0.43400001525878906,19,Right Foot,Open Play,Blocked Shot
Premier League,2526,Brentford v Liverpool,Liverpool,Hugo Ekitike,2025,28861,2025-10-25,649246,Cody Gakpo,0.22296051681041718,0.909000015258789,0.47900001525878905,21,,Open Play,Missed Shot
Premier League,2526,Brentford v Liverpool,Liverpool,Hugo Ekitike,2025,28861,2025-10-25,649266,Rio Ngumoha,0.015734096989035606,0.7469999694824219,0.6029999923706054,76,Right Foot,Open Play,Blocked Shot
Premier League,2526,Brentford v Liverpool,Liverpool,Hugo Ekitike,2025,28861,2025-10-25,649267,Dominik Szoboszlai,0.022299597039818764,0.8859999847412109,0.580999984741211,77,,From Corner,Missed Shot
Premier League,2526,Brentford v Liverpool,Liverpool,Milos Kerkez,2025,28861,2025-10-25,649256,,0.590264618396759,0.960999984741211,0.54,49,Right Foot,Open Play,Goal
Premier League,2526,Brentford v Liverpool,Liverpool,Mohamed Salah,2025,28861,2025-10-25,649243,Cody Gakpo,0.48075342178344727,0.9230000305175782,0.44599998474121094,9,Left Foot,Open Play,Saved Shot
Premier League,2526,Brentford v Liverpool,Liverpool,Mohamed Salah,2025,28861,2025-10-25,649263,,0.13850493729114532,0.9109999847412109,0.485,64,Left Foot,Open Play,Blocked Shot
Premier League,2526,Brentford v Liverpool,Liverpool,Mohamed Salah,2025,28861,2025-10-25,649268,Ibrahima Konaté,0.014038250781595707,0.784000015258789,0.28200000762939453,82,Left Foot,Open Play,Missed Shot
Premier League,2526,Brentford v Liverpool,Liverpool,Mohamed Salah,2025,28861,2025-10-25,649270,Dominik Szoboszlai,0.04676544666290283,0.875,0.3920000076293945,88,Right Foot,Open Play,Goal
Premier League,2526,Chelsea v Sunderland,Chelsea,Alejandro Garnacho,2025,28862,2025-10-25,648927,Pedro Neto,0.22625580430030823,0.9480000305175781,0.6809999847412109,3,Left Foot,Open Play,Goal
Premier League,2526,Chelsea v Sunderland,Chelsea,Alejandro Garnacho,2025,28862,2025-10-25,648932,João Pedro,0.023275522515177727,0.914000015258789,0.6659999847412109,12,Right Foot,From Corner,Missed Shot
Premier League,2526,Chelsea v Sunderland,Chelsea,Alejandro Garnacho,2025,28862,2025-10-25,648937,Enzo Fernández,0.34333688020706177,0.9669999694824218,0.40299999237060546,39,Right Foot,From Corner,Saved Shot
Premier League,2526,Chelsea v Sunderland,Chelsea,Alejandro Garnacho,2025,28862,2025-10-25,648940,Marc Cucurella,0.020156918093562126,0.8090000152587891,0.7469999694824219,56,Right Foot,Open Play,Missed Shot
Premier League,2526,Chelsea v Sunderland,Chelsea,Enzo Fernández,2025,28862,2025-10-25,648942,Moisés Caicedo,0.09809298068284988,0.895,0.45599998474121095,67,Left Foot,Open Play,Saved Shot
Premier League,2526,Chelsea v Sunderland,Chelsea,Enzo Fernández,2025,28862,2025-10-25,648943,Reece James,0.030527886003255844,0.7680000305175781,0.6630000305175782,70,Right Foot,From Corner,Saved Shot
Premier League,2526,Chelsea v Sunderland,Chelsea,Enzo Fernández,2025,28862,2025-10-25,648944,Estêvão,0.0282236747443676,0.86,0.509000015258789,71,,Open Play,Saved Shot
Premier League,2526,Chelsea v Sunderland,Chelsea,Enzo Fernández,2025,28862,2025-10-25,648950,Jamie Bynoe-Gittens,0.016114259138703346,0.7819999694824219,0.7330000305175781,94,Right Foot,Open Play,Missed Shot
Premier League,2526,Chelsea v Sunderland,Chelsea,Estêvão,2025,28862,2025-10-25,648941,Marc Cucurella,0.0656525194644928,0.8619999694824219,0.46,59,Left Foot,Open Play,Blocked Shot
Premier League,2526,Chelsea v Sunderland,Chelsea,Marc Cucurella,2025,28862,2025-10-25,648930,,0.0874955803155899,0.895,0.5640000152587891,12,Left Foot,From Corner,Blocked Shot
Premier League,2526,Chelsea v Sunderland,Chelsea,Marc Guiu,2025,28862,2025-10-25,648929,Enzo Fernández,0.10994356870651245,0.9680000305175781,0.5509999847412109,12,,From Corner,Missed Shot
Premier League,2526,Chelsea v Sunderland,Chelsea,Marc Guiu,2025,28862,2025-10-25,648936,Enzo Fernández,0.05157195031642914,0.904000015258789,0.3060000038146973,32,Right Foot,Open Play,Saved Shot
Premier League,2526,Chelsea v Sunderland,Chelsea,Moisés Caicedo,2025,28862,2025-10-25,648931,,0.020144464448094368,0.754000015258789,0.36700000762939455,12,Right Foot,From Corner,Blocked Shot
Premier League,2526,Chelsea v Sunderland,Chelsea,Moisés Caicedo,2025,28862,2025-10-25,648948,Jamie Bynoe-Gittens,0.026674967259168625,0.7680000305175781,0.525,89,Right Foot,From Corner,Blocked Shot
Premier League,2526,Chelsea v Sunderland,Chelsea,Trevoh Chalobah,2025,28862,2025-10-25,648939,Moisés Caicedo,0.014366714283823967,0.7119999694824218,0.4109999847412109,43,Right Foot,Open Play,Saved Shot
Premier League,2526,Chelsea v Sunderland,Chelsea,Tyrique George,2025,28862,2025-10-25,648947,Marc Cucurella,0.053248196840286255,0.899000015258789,0.51,84,,Open Play,Missed Shot
Premier League,2526,Chelsea v Sunderland,Sunderland,Bertrand Traoré,2025,28862,2025-10-25,648933,,0.07072710990905762,0.8869999694824219,0.43400001525878906,21,Left Foot,Open Play,Blocked Shot
Premier League,2526,Chelsea v Sunderland,Sunderland,Bertrand Traoré,2025,28862,2025-10-25,648938,Noah Sadiki,0.04475153237581253,0.7880000305175782,0.33299999237060546,41,Left Foot,Open Play,Saved Shot
Premier League,2526,Chelsea v Sunderland,Sunderland,Chemsdine Talbi,2025,28862,2025-10-25,648949,Brian Brobbey,0.11022110283374786,0.8469999694824218,0.6029999923706054,92,Right Foot,Open Play,Goal
Premier League,2526,Chelsea v Sunderland,Sunderland,Dan Ballard,2025,28862,2025-10-25,648925,Bertrand Traoré,0.2097024917602539,0.92,0.5720000076293945,0,,Set Piece,Saved Shot
Premier League,2526,Chelsea v Sunderland,Sunderland,Enzo Le Fée,2025,28862,2025-10-25,648928,,0.039230477064847946,0.7369999694824219,0.6969999694824218,9,Right Foot,Direct Freekick,Missed Shot
Premier League,2526,Chelsea v Sunderland,Sunderland,Granit Xhaka,2025,28862,2025-10-25,648945,Enzo Le Fée,0.11729858070611954,0.860999984741211,0.5970000076293945,73,Right Foot,Open Play,Blocked Shot
Premier League,2526,Chelsea v Sunderland,Sunderland,Lutsharel Geertruida,2025,28862,2025-10-25,648946,,0.02701103314757347,0.7909999847412109,0.34200000762939453,81,Right Foot,Open Play,Blocked Shot
Premier League,2526,Chelsea v Sunderland,Sunderland,Wilson Isidor,2025,28862,2025-10-25,648926,Enzo Le Fée,0.07560613006353378,0.8859999847412109,0.6509999847412109,1,Left Foot,Open Play,Blocked Shot
Premier League,2526,Chelsea v Sunderland,Sunderland,Wilson Isidor,2025,28862,2025-10-25,648934,,0.8045018911361694,0.9730000305175781,0.5,21,Right Foot,Open Play,Goal
Premier League,2526,Chelsea v Sunderland,Sunderland,Wilson Isidor,2025,28862,2025-10-25,648935,Granit Xhaka,0.051553428173065186,0.89,0.6909999847412109,27,Left Foot,Open Play,Missed Shot
Premier League,2526,Manchester United v Brighton,Brighton,Carlos Baleba,2025,28865,2025-10-25,649086,Yankuba Minteh,0.020446961745619774,0.750999984741211,0.4809999847412109,9,Right Foot,Set Piece,Missed Shot
Premier League,2526,Manchester United v Brighton,Brighton,Carlos Baleba,2025,28865,2025-10-25,649096,Mats Wieffer,0.008929295465350151,0.6930000305175781,0.5609999847412109,46,Left Foot,Open Play,Missed Shot
Premier League,2526,Manchester United v Brighton,Brighton,Charalampos Kostoulas,2025,28865,2025-10-25,649109,Stefanos Tzimas,0.09042076766490936,0.8490000152587891,0.52,91,Left Foot,Open Play,Blocked Shot
Premier League,2526,Manchester United v Brighton,Brighton,Charalampos Kostoulas,2025,28865,2025-10-25,649110,James Milner,0.2777058780193329,0.96,0.44099998474121094,91,,From Corner,Goal
Premier League,2526,Manchester United v Brighton,Brighton,Danny Welbeck,2025,28865,2025-10-25,649087,Georginio Rutter,0.10591714084148407,0.8930000305175781,0.5979999923706054,14,Left Foot,Open Play,Saved Shot
Premier League,2526,Manchester United v Brighton,Brighton,Danny Welbeck,2025,28865,2025-10-25,649102,,0.0854361429810524,0.7730000305175782,0.535,73,Right Foot,Direct Freekick,Goal
Premier League,2526,Manchester United v Brighton,Brighton,Danny Welbeck,2025,28865,2025-10-25,649113,Stefanos Tzimas,0.005543868988752365,0.46900001525878904,0.5259999847412109,97,Right Foot,Open Play,Missed Shot
Premier League,2526,Manchester United v Brighton,Brighton,Diego Gómez,2025,28865,2025-10-25,649104,,0.03356751799583435,0.8269999694824218,0.3290000152587891,75,Right Foot,Open Play,Blocked Shot
Premier League,2526,Manchester United v Brighton,Brighton,Ferdi Kadioglu,2025,28865,2025-10-25,649085,,0.031940311193466187,0.850999984741211,0.49599998474121093,9,Right Foot,Set Piece,Blocked Shot
Premier League,2526,Manchester United v Brighton,Brighton,Ferdi Kadioglu,2025,28865,2025-10-25,649107,Danny Welbeck,0.009937935508787632,0.7269999694824218,0.6070000076293945,87,Right Foot,Open Play,Saved Shot
Premier League,2526,Manchester United v Brighton,Brighton,Lewis Dunk,2025,28865,2025-10-25,649092,Maxim De Cuyper,0.08164914697408676,0.96,0.5320000076293945,37,,From Corner,Missed Shot
Premier League,2526,Manchester United v Brighton,Brighton,Maxim De Cuyper,2025,28865,2025-10-25,649095,,0.027252256870269775,0.8369999694824218,0.6730000305175782,45,Left Foot,Open Play,Missed Shot
Premier League,2526,Manchester United v Brighton,Brighton,Stefanos Tzimas,2025,28865,2025-10-25,649108,James Milner,0.028005775064229965,0.879000015258789,0.44400001525878907,88,,From Corner,Missed Shot
Premier League,2526,Manchester United v Brighton,Brighton,Tom Watson,2025,28865,2025-10-25,649103,Mats Wieffer,0.024704832583665848,0.7730000305175782,0.44400001525878907,74,Left Foot,Open Play,Saved Shot
Premier League,2526,Manchester United v Brighton,Brighton,Yankuba Minteh,2025,28865,2025-10-25,649105,Danny Welbeck,0.04169922694563866,0.8419999694824218,0.3039999961853027,77,Left Foot,Open Play,Missed Shot
Premier League,2526,Manchester United v Brighton,Brighton,Yasin Ayari,2025,28865,2025-10-25,649091,Maxim De Cuyper,0.0556718148291111,0.805,0.4620000076293945,36,Right Foot,Open Play,Blocked Shot
Premier League,2526,Manchester United v Brighton,Brighton,Yasin Ayari,2025,28865,2025-10-25,649098,Jan Paul van Hecke,0.018325041979551315,0.860999984741211,0.5579999923706055,50,,Open Play,Missed Shot
Premier League,2526,Manchester United v Brighton,Manchester United,Benjamin Sesko,2025,28865,2025-10-25,649094,Bryan Mbeumo,0.3791031539440155,0.9030000305175782,0.595,43,Left Foot,Open Play,Missed Shot
Premier League,2526,Manchester United v Brighton,Manchester United,Benjamin Sesko,2025,28865,2025-10-25,649099,,0.03292085975408554,0.764000015258789,0.5159999847412109,55,Right Foot,Open Play,Saved Shot
Premier League,2526,Manchester United v Brighton,Manchester United,Bruno Fernandes,2025,28865,2025-10-25,649084,Bryan Mbeumo,0.277688592672348,0.904000015258789,0.5209999847412109,0,,Open Play,Missed Shot
Premier League,2526,Manchester United v Brighton,Manchester United,Bruno Fernandes,2025,28865,2025-10-25,649097,Matheus Cunha,0.141866534948349,0.9259999847412109,0.43599998474121093,47,Right Foot,Open Play,Saved Shot
Premier League,2526,Manchester United v Brighton,Manchester United,Bruno Fernandes,2025,28865,2025-10-25,649106,Kobbie Mainoo,0.02774488925933838,0.785,0.629000015258789,83,Right Foot,Open Play,Blocked Shot
Premier League,2526,Manchester United v Brighton,Manchester United,Bruno Fernandes,2025,28865,2025-10-25,649111,Diogo Dalot,0.10174474120140076,0.9619999694824218,0.3340000152587891,95,Right Foot,Set Piece,Saved Shot
Premier League,2526,Manchester United v Brighton,Manchester United,Bryan Mbeumo,2025,28865,2025-10-25,649100,Benjamin Sesko,0.10491649806499481,0.860999984741211,0.405,60,Left Foot,Open Play,Goal
Premier League,2526,Manchester United v Brighton,Manchester United,Bryan Mbeumo,2025,28865,2025-10-25,649101,Bruno Fernandes,0.4397951066493988,0.8680000305175781,0.54,70,Left Foot,Open Play,Saved Shot
Premier League,2526,Manchester United v Brighton,Manchester United,Bryan Mbeumo,2025,28865,2025-10-25,649112,Ayden Heaven,0.34458863735198975,0.8980000305175782,0.5840000152587891,96,Left Foot,Open Play,Goal
Premier League,2526,Manchester United v Brighton,Manchester United,Casemiro,2025,28865,2025-10-25,649090,Luke Shaw,0.023941393941640854,0.7319999694824219,0.47400001525878904,33,Right Foot,Open Play,Goal
Premier League,2526,Manchester United v Brighton,Manchester United,Diogo Dalot,2025,28865,2025-10-25,649093,Matheus Cunha,0.028025293722748756,0.7480000305175781,0.5159999847412109,37,Right Foot,Open Play,Missed Shot
Premier League,2526,Manchester United v Brighton,Manchester United,Matheus Cunha,2025,28865,2025-10-25,649088,Bruno Fernandes,0.019919712096452713,0.77,0.4209999847412109,15,Right Foot,Open Play,Saved Shot
Premier League,2526,Manchester United v Brighton,Manchester United,Matheus Cunha,2025,28865,2025-10-25,649089,Casemiro,0.04005824029445648,0.795,0.5820000076293945,23,Right Foot,Open Play,Goal
Premier League,2526,Newcastle United v Fulham,Fulham,Adama Traoré,2025,28866,2025-10-25,648960,,0.05163850635290146,0.9180000305175782,0.3240000152587891,26,Right Foot,Open Play,Missed Shot
Premier League,2526,Newcastle United v Fulham,Fulham,Alex Iwobi,2025,28866,2025-10-25,648956,,0.05444556474685669,0.8680000305175781,0.674000015258789,16,Left Foot,Open Play,Blocked Shot
Premier League,2526,Newcastle United v Fulham,Fulham,Alex Iwobi,2025,28866,2025-10-25,648971,Kevin,0.043869249522686005,0.7769999694824219,0.62,66,Right Foot,Open Play,Blocked Shot
Premier League,2526,Newcastle United v Fulham,Fulham,Emile Smith-Rowe,2025,28866,2025-10-25,648965,Sander Berge,0.024571401998400688,0.7659999847412109,0.4379999923706055,41,Right Foot,Open Play,Saved Shot
Premier League,2526,Newcastle United v Fulham,Fulham,Raúl Jiménez,2025,28866,2025-10-25,648951,,0.0145478006452322,0.7519999694824219,0.700999984741211,1,Left Foot,Open Play,Blocked Shot
Premier League,2526,Newcastle United v Fulham,Fulham,Raúl Jiménez,2025,28866,2025-10-25,648955,Ryan Sessegnon,0.19742150604724884,0.8809999847412109,0.5590000152587891,12,Left Foot,Open Play,Blocked Shot
Premier League,2526,Newcastle United v Fulham,Fulham,Raúl Jiménez,2025,28866,2025-10-25,648961,Sasa Lukic,0.036745112389326096,0.894000015258789,0.4379999923706055,32,,From Corner,Missed Shot
Premier League,2526,Newcastle United v Fulham,Fulham,Raúl Jiménez,2025,28866,2025-10-25,648962,Sasa Lukic,0.06927651911973953,0.899000015258789,0.3559999847412109,32,Right Foot,Open Play,Blocked Shot
Premier League,2526,Newcastle United v Fulham,Fulham,Raúl Jiménez,2025,28866,2025-10-25,648967,,0.5307072997093201,0.95,0.435,55,Right Foot,Open Play,Saved Shot
Premier League,2526,Newcastle United v Fulham,Fulham,Raúl Jiménez,2025,28866,2025-10-25,648970,Kevin,0.12977324426174164,0.89,0.5179999923706055,64,Right Foot,Open Play,Saved Shot
Premier League,2526,Newcastle United v Fulham,Fulham,Sander Berge,2025,28866,2025-10-25,648959,Emile Smith-Rowe,0.023419193923473358,0.7909999847412109,0.6270000076293946,26,Right Foot,Open Play,Saved Shot
Premier League,2526,Newcastle United v Fulham,Fulham,Sasa Lukic,2025,28866,2025-10-25,648968,,0.7347251772880554,0.9769999694824218,0.514000015258789,55,,Open Play,Goal
Premier League,2526,Newcastle United v Fulham,Newcastle United,Anthony Elanga,2025,28866,2025-10-25,648973,Harvey Barnes,0.07902445644140244,0.8909999847412109,0.41400001525878904,79,Right Foot,Open Play,Blocked Shot
Premier League,2526,Newcastle United v Fulham,Newcastle United,Bruno Guimarães,2025,28866,2025-10-25,648953,Nick Woltemade,0.03323383256793022,0.785,0.5990000152587891,4,Right Foot,Open Play,Missed Shot
Premier League,2526,Newcastle United v Fulham,Newcastle United,Bruno Guimarães,2025,28866,2025-10-25,648969,Anthony Gordon,0.4192650318145752,0.9269999694824219,0.5129999923706055,62,,Open Play,Missed Shot
Premier League,2526,Newcastle United v Fulham,Newcastle United,Bruno Guimarães,2025,28866,2025-10-25,648972,Joelinton,0.02920863777399063,0.789000015258789,0.5970000076293945,74,Right Foot,Open Play,Missed Shot
Premier League,2526,Newcastle United v Fulham,Newcastle United,Bruno Guimarães,2025,28866,2025-10-25,648979,,0.6087774038314819,0.9209999847412109,0.545,89,Right Foot,Open Play,Goal
Premier League,2526,Newcastle United v Fulham,Newcastle United,Jacob Murphy,2025,28866,2025-10-25,648954,Bruno Guimarães,0.04342786222696304,0.9819999694824219,0.28200000762939453,5,Right Foot,Open Play,Saved Shot
Premier League,2526,Newcastle United v Fulham,Newcastle United,Jacob Murphy,2025,28866,2025-10-25,648957,,0.054868653416633606,0.845,0.3579999923706055,17,Right Foot,Open Play,Goal
Premier League,2526,Newcastle United v Fulham,Newcastle United,Jacob Murphy,2025,28866,2025-10-25,648958,Bruno Guimarães,0.024046946316957474,0.725999984741211,0.5359999847412109,20,Right Foot,Open Play,Blocked Shot
Premier League,2526,Newcastle United v Fulham,Newcastle United,Jacob Murphy,2025,28866,2025-10-25,648963,Anthony Gordon,0.48910683393478394,0.855,0.36400001525878906,38,Right Foot,Open Play,Saved Shot
Premier League,2526,Newcastle United v Fulham,Newcastle United,Jacob Murphy,2025,28866,2025-10-25,648964,Kieran Trippier,0.01731664501130581,0.8009999847412109,0.7609999847412109,39,Right Foot,From Corner,Blocked Shot
Premier League,2526,Newcastle United v Fulham,Newcastle United,Joelinton,2025,28866,2025-10-25,648975,Kieran Trippier,0.04020277038216591,0.9780000305175781,0.5920000076293945,83,,Open Play,Missed Shot
Premier League,2526,Newcastle United v Fulham,Newcastle United,Malick Thiaw,2025,28866,2025-10-25,648977,Bruno Guimarães,0.019114045426249504,0.745999984741211,0.40099998474121096,87,Right Foot,Open Play,Missed Shot
Premier League,2526,Newcastle United v Fulham,Newcastle United,Nick Woltemade,2025,28866,2025-10-25,648952,,0.6356291174888611,0.96,0.48700000762939455,3,Right Foot,Set Piece,Shot On Post
Premier League,2526,Newcastle United v Fulham,Newcastle United,Nick Woltemade,2025,28866,2025-10-25,648966,,0.07028713822364807,0.8119999694824219,0.45599998474121095,45,Right Foot,Set Piece,Blocked Shot
Premier League,2526,Newcastle United v Fulham,Newcastle United,Sandro Tonali,2025,28866,2025-10-25,648974,Bruno Guimarães,0.0480726882815361,0.8040000152587891,0.4379999923706055,79,Right Foot,Open Play,Saved Shot
Premier League,2526,Newcastle United v Fulham,Newcastle United,Sandro Tonali,2025,28866,2025-10-25,648976,Joelinton,0.04370925948023796,0.914000015258789,0.28200000762939453,85,Right Foot,Open Play,Saved Shot
Premier League,2526,Newcastle United v Fulham,Newcastle United,William Osula,2025,28866,2025-10-25,648978,Anthony Elanga,0.1027308851480484,0.8140000152587891,0.4420000076293945,89,Left Foot,Open Play,Saved Shot
Premier League,2526,Newcastle United v Fulham,Newcastle United,William Osula,2025,28866,2025-10-25,648980,,0.07257688045501709,0.9230000305175782,0.6969999694824218,96,Left Foot,Open Play,Blocked Shot
Premier League,2526,Arsenal v Crystal Palace,Arsenal,Bukayo Saka,2025,28859,2025-10-26,649486,Jurriën Timber,0.01499542873352766,0.750999984741211,0.3129999923706055,50,Left Foot,Set Piece,Missed Shot
Premier League,2526,Arsenal v Crystal Palace,Arsenal,Declan Rice,2025,28859,2025-10-26,649484,,0.13906189799308777,0.9369999694824219,0.5420000076293945,49,Right Foot,Set Piece,Saved Shot
Premier League,2526,Arsenal v Crystal Palace,Arsenal,Eberechi Eze,2025,28859,2025-10-26,649481,,0.06908194720745087,0.8569999694824219,0.4929999923706055,38,Right Foot,Set Piece,Goal
Premier League,2526,Arsenal v Crystal Palace,Arsenal,Eberechi Eze,2025,28859,2025-10-26,649482,Martín Zubimendi,0.017743250355124474,0.7219999694824218,0.4640000152587891,43,Right Foot,Set Piece,Blocked Shot
Premier League,2526,Arsenal v Crystal Palace,Arsenal,Gabriel,2025,28859,2025-10-26,649483,Declan Rice,0.05568093806505203,0.9730000305175781,0.41900001525878905,49,,Set Piece,Shot On Post
Premier League,2526,Arsenal v Crystal Palace,Arsenal,Leandro Trossard,2025,28859,2025-10-26,649480,Declan Rice,0.043759386986494064,0.8640000152587891,0.6959999847412109,32,Right Foot,Open Play,Saved Shot
Premier League,2526,Arsenal v Crystal Palace,Arsenal,Leandro Trossard,2025,28859,2025-10-26,649485,,0.0967690497636795,0.875,0.4909999847412109,49,Left Foot,Set Piece,Blocked Shot
Premier League,2526,Arsenal v Crystal Palace,Arsenal,Leandro Trossard,2025,28859,2025-10-26,649487,Gabriel,0.3101864457130432,0.9569999694824218,0.6029999923706054,57,Right Foot,Open Play,Missed Shot
Premier League,2526,Arsenal v Crystal Palace,Arsenal,Riccardo Calafiori,2025,28859,2025-10-26,649490,Cristhian Mosquera,0.060570258647203445,0.8,0.49599998474121093,70,Right Foot,Open Play,Blocked Shot
Premier League,2526,Arsenal v Crystal Palace,Arsenal,Viktor Gyokeres,2025,28859,2025-10-26,649488,Declan Rice,0.0741652399301529,0.9669999694824218,0.445,67,,From Corner,Missed Shot
Premier League,2526,Arsenal v Crystal Palace,Crystal Palace,Adam Wharton,2025,28859,2025-10-26,649479,Yeremi Pino,0.013107347302138805,0.7180000305175781,0.53,26,Left Foot,Open Play,Missed Shot
Premier League,2526,Arsenal v Crystal Palace,Crystal Palace,Eddie Nketiah,2025,28859,2025-10-26,649489,,0.07809228450059891,0.9369999694824219,0.49,69,,Open Play,Saved Shot
Premier League,2526,Arsenal v Crystal Palace,Crystal Palace,Ismaila Sarr,2025,28859,2025-10-26,649478,,0.047375328838825226,0.870999984741211,0.3029999923706055,21,Right Foot,Open Play,Blocked Shot
Premier League,2526,Arsenal v Crystal Palace,Crystal Palace,Jean-Philippe Mateta,2025,28859,2025-10-26,649491,Eddie Nketiah,0.13988007605075836,0.8859999847412109,0.5640000152587891,78,Right Foot,Open Play,Blocked Shot
Premier League,2526,Arsenal v Crystal Palace,Crystal Palace,Marc Guehi,2025,28859,2025-10-26,649477,Adam Wharton,0.014898398891091347,0.94,0.39,9,,From Corner,Blocked Shot
Premier League,2526,Arsenal v Crystal Palace,Crystal Palace,Marc Guehi,2025,28859,2025-10-26,649492,Will Hughes,0.04626245051622391,0.8959999847412109,0.45,79,,From Corner,Missed Shot
Premier League,2526,Arsenal v Crystal Palace,Crystal Palace,Maxence Lacroix,2025,28859,2025-10-26,649493,,0.010918347164988518,0.69,0.4859999847412109,90,Right Foot,Open Play,Missed Shot
Premier League,2526,Aston Villa v Manchester City,Aston Villa,Emiliano Buendía,2025,28860,2025-10-26,649494,,0.014183170162141323,0.8240000152587891,0.6890000152587891,2,Right Foot,Open Play,Missed Shot
Premier League,2526,Aston Villa v Manchester City,Aston Villa,Jadon Sancho,2025,28860,2025-10-26,649511,,0.07400824129581451,0.98,0.669000015258789,68,Right Foot,Open Play,Saved Shot
Premier League,2526,Aston Villa v Manchester City,Aston Villa,Jadon Sancho,2025,28860,2025-10-26,649512,,0.3478069007396698,0.9669999694824218,0.6029999923706054,68,Right Foot,Open Play,Saved Shot
Premier League,2526,Aston Villa v Manchester City,Aston Villa,John McGinn,2025,28860,2025-10-26,649499,Boubacar Kamara,0.08092041313648224,0.8240000152587891,0.53,29,Left Foot,Open Play,Blocked Shot
Premier League,2526,Aston Villa v Manchester City,Aston Villa,John McGinn,2025,28860,2025-10-26,649505,Matthew Cash,0.07812505960464478,0.9059999847412109,0.47900001525878905,52,Left Foot,From Corner,Blocked Shot
Premier League,2526,Aston Villa v Manchester City,Aston Villa,Lucas Digne,2025,28860,2025-10-26,649496,Ollie Watkins,0.06123998016119003,0.8719999694824219,0.6379999923706055,16,Right Foot,Open Play,Blocked Shot
Premier League,2526,Aston Villa v Manchester City,Aston Villa,Matthew Cash,2025,28860,2025-10-26,649497,Emiliano Buendía,0.04432624205946922,0.8209999847412109,0.534000015258789,18,Left Foot,From Corner,Goal
Premier League,2526,Aston Villa v Manchester City,Aston Villa,Ollie Watkins,2025,28860,2025-10-26,649500,Lucas Digne,0.06568168103694916,0.9009999847412109,0.500999984741211,30,,From Corner,Blocked Shot
Premier League,2526,Aston Villa v Manchester City,Aston Villa,Ollie Watkins,2025,28860,2025-10-26,649501,Morgan Rogers,0.11062097549438477,0.895,0.5209999847412109,30,Left Foot,From Corner,Blocked Shot
Premier League,2526,Aston Villa v Manchester City,Manchester City,Erling Haaland,2025,28860,2025-10-26,649498,Bernardo Silva,0.3314625322818756,0.8669999694824219,0.3579999923706055,21,Left Foot,Open Play,Saved Shot
Premier League,2526,Aston Villa v Manchester City,Manchester City,Erling Haaland,2025,28860,2025-10-26,649513,Phil Foden,0.06374302506446838,0.905,0.4420000076293945,70,,Open Play,Saved Shot
Premier League,2526,Aston Villa v Manchester City,Manchester City,Erling Haaland,2025,28860,2025-10-26,649520,Mathis Cherki,0.016246741637587547,0.8680000305175781,0.5479999923706055,95,,Open Play,Saved Shot
Premier League,2526,Aston Villa v Manchester City,Manchester City,Josko Gvardiol,2025,28860,2025-10-26,649509,Phil Foden,0.017191026359796524,0.9059999847412109,0.43599998474121093,60,,From Corner,Missed Shot
Premier League,2526,Aston Villa v Manchester City,Manchester City,Josko Gvardiol,2025,28860,2025-10-26,649510,Phil Foden,0.042757581919431686,0.889000015258789,0.46900001525878904,67,,From Corner,Missed Shot
Premier League,2526,Aston Villa v Manchester City,Manchester City,Matheus Nunes,2025,28860,2025-10-26,649519,Rúben Dias,0.022162409499287605,0.779000015258789,0.32099998474121094,93,Left Foot,Open Play,Missed Shot
Premier League,2526,Aston Villa v Manchester City,Manchester City,Mathis Cherki,2025,28860,2025-10-26,649517,,0.04017318785190582,0.7709999847412109,0.624000015258789,86,Right Foot,Open Play,Blocked Shot
Premier League,2526,Aston Villa v Manchester City,Manchester City,Nico González,2025,28860,2025-10-26,649514,Phil Foden,0.02282697707414627,0.7669999694824219,0.3729999923706055,71,Right Foot,Open Play,Blocked Shot
Premier League,2526,Aston Villa v Manchester City,Manchester City,Nico González,2025,28860,2025-10-26,649518,,0.05768768489360809,0.8590000152587891,0.590999984741211,92,Right Foot,Open Play,Blocked Shot
Premier League,2526,Aston Villa v Manchester City,Manchester City,Nico O&#039;Reilly,2025,28860,2025-10-26,649515,Jéremy Doku,0.11110709607601166,0.93,0.515,79,,Open Play,Blocked Shot
Premier League,2526,Aston Villa v Manchester City,Manchester City,Phil Foden,2025,28860,2025-10-26,649502,John Stones,0.06276297569274902,0.8640000152587891,0.36200000762939455,47,Left Foot,Open Play,Blocked Shot
Premier League,2526,Aston Villa v Manchester City,Manchester City,Phil Foden,2025,28860,2025-10-26,649516,Nico O'Reilly,0.08893332630395889,0.8640000152587891,0.5259999847412109,82,Right Foot,Open Play,Blocked Shot
Premier League,2526,Aston Villa v Manchester City,Manchester City,Rúben Dias,2025,28860,2025-10-26,649503,Phil Foden,0.04712127149105072,0.9269999694824219,0.46,47,,From Corner,Blocked Shot
Premier League,2526,Aston Villa v Manchester City,Manchester City,Rúben Dias,2025,28860,2025-10-26,649506,Phil Foden,0.022605756297707558,0.919000015258789,0.5690000152587891,59,,From Corner,Blocked Shot
Premier League,2526,Aston Villa v Manchester City,Manchester City,Sávio,2025,28860,2025-10-26,649507,,0.04174066334962845,0.8719999694824219,0.6580000305175782,59,Left Foot,From Corner,Blocked Shot
Premier League,2526,Aston Villa v Manchester City,Manchester City,Sávio,2025,28860,2025-10-26,649508,,0.30935049057006836,0.9,0.6459999847412109,59,Left Foot,From Corner,Blocked Shot
Premier League,2526,Aston Villa v Manchester City,Manchester City,Tijjani Reijnders,2025,28860,2025-10-26,649495,Oscar Bobb,0.04259379580616951,0.855999984741211,0.30100000381469727,5,Right Foot,Open Play,Missed Shot
Premier League,2526,Aston Villa v Manchester City,Manchester City,Tijjani Reijnders,2025,28860,2025-10-26,649504,Phil Foden,0.04158521816134453,0.7619999694824219,0.37900001525878907,48,Right Foot,Open Play,Missed Shot
Premier League,2526,Bournemouth v Nottingham Forest,Bournemouth,Adrien Truffert,2025,28858,2025-10-26,649377,Antoine Semenyo,0.01791035756468773,0.7819999694824219,0.7140000152587891,59,Left Foot,Open Play,Missed Shot
Premier League,2526,Bournemouth v Nottingham Forest,Bournemouth,Alex Scott,2025,28858,2025-10-26,649366,Marcus Tavernier,0.1099582090973854,0.87,0.4540000152587891,9,Right Foot,Open Play,Blocked Shot
Premier League,2526,Bournemouth v Nottingham Forest,Bournemouth,Alex Scott,2025,28858,2025-10-26,649372,Marcus Tavernier,0.0535615012049675,0.7619999694824219,0.49700000762939456,35,Right Foot,Open Play,Saved Shot
Premier League,2526,Bournemouth v Nottingham Forest,Bournemouth,Antoine Semenyo,2025,28858,2025-10-26,649365,,0.03682687506079674,0.9259999847412109,0.7140000152587891,7,Left Foot,Open Play,Saved Shot
Premier League,2526,Bournemouth v Nottingham Forest,Bournemouth,David Brooks,2025,28858,2025-10-26,649381,,0.04976242780685425,0.815,0.505,82,Left Foot,Open Play,Missed Shot
Premier League,2526,Bournemouth v Nottingham Forest,Bournemouth,Eli Junior Kroupi,2025,28858,2025-10-26,649362,Justin Kluivert,0.09013260900974274,0.8690000152587891,0.5940000152587891,0,Right Foot,Open Play,Missed Shot
Premier League,2526,Bournemouth v Nottingham Forest,Bournemouth,Eli Junior Kroupi,2025,28858,2025-10-26,649371,Marcus Tavernier,0.04989438131451607,0.7909999847412109,0.43,33,Right Foot,Open Play,Blocked Shot
Premier League,2526,Bournemouth v Nottingham Forest,Bournemouth,Eli Junior Kroupi,2025,28858,2025-10-26,649374,Tyler Adams,0.03796818479895592,0.720999984741211,0.48200000762939454,39,Right Foot,Open Play,Goal
Premier League,2526,Bournemouth v Nottingham Forest,Bournemouth,Justin Kluivert,2025,28858,2025-10-26,649364,Eli Junior Kroupi,0.07774975150823593,0.8619999694824219,0.62,7,Right Foot,Open Play,Blocked Shot
Premier League,2526,Bournemouth v Nottingham Forest,Bournemouth,Marcus Tavernier,2025,28858,2025-10-26,649363,Alejandro Jiménez,0.021970804780721664,0.7709999847412109,0.32099998474121094,1,Left Foot,Open Play,Saved Shot
Premier League,2526,Bournemouth v Nottingham Forest,Bournemouth,Marcus Tavernier,2025,28858,2025-10-26,649367,,0.04353350028395653,0.8159999847412109,0.4929999923706055,9,Left Foot,Open Play,Missed Shot
Premier League,2526,Bournemouth v Nottingham Forest,Bournemouth,Marcus Tavernier,2025,28858,2025-10-26,649369,,0.010868429206311703,0.995,0.006000000238418579,24,Left Foot,From Corner,Goal
Premier League,2526,Bournemouth v Nottingham Forest,Bournemouth,Marcus Tavernier,2025,28858,2025-10-26,649373,,0.06411422789096832,0.8580000305175781,0.6719999694824219,36,Left Foot,Open Play,Blocked Shot
Premier League,2526,Bournemouth v Nottingham Forest,Nottingham Forest,Dan Ndoye,2025,28858,2025-10-26,649375,Igor Jesus,0.021245932206511497,0.7959999847412109,0.519000015258789,40,Left Foot,Open Play,Missed Shot
Premier League,2526,Bournemouth v Nottingham Forest,Nottingham Forest,Morgan Gibbs-White,2025,28858,2025-10-26,649379,Omari Hutchinson,0.034106139093637466,0.8109999847412109,0.3820000076293945,76,Right Foot,Open Play,Saved Shot
Premier League,2526,Bournemouth v Nottingham Forest,Nottingham Forest,Morgan Gibbs-White,2025,28858,2025-10-26,649380,Elliot Anderson,0.05223802477121353,0.94,0.5559999847412109,77,,From Corner,Blocked Shot
Premier League,2526,Bournemouth v Nottingham Forest,Nottingham Forest,Neco Williams,2025,28858,2025-10-26,649368,,0.027926189824938774,0.799000015258789,0.4370000076293945,19,Left Foot,From Corner,Missed Shot
Premier League,2526,Bournemouth v Nottingham Forest,Nottingham Forest,Neco Williams,2025,28858,2025-10-26,649370,Callum Hudson-Odoi,0.026414699852466583,0.8169999694824219,0.7030000305175781,27,Right Foot,Open Play,Saved Shot
Premier League,2526,Bournemouth v Nottingham Forest,Nottingham Forest,Neco Williams,2025,28858,2025-10-26,649376,Morgan Gibbs-White,0.023081310093402863,0.7580000305175781,0.49900001525878906,47,Right Foot,Set Piece,Blocked Shot
Premier League,2526,Bournemouth v Nottingham Forest,Nottingham Forest,Taiwo Awoniyi,2025,28858,2025-10-26,649378,Elliot Anderson,0.07173313200473785,0.9280000305175782,0.40900001525878904,76,Right Foot,Open Play,Saved Shot
Premier League,2526,Bournemouth v Nottingham Forest,Nottingham Forest,Taiwo Awoniyi,2025,28858,2025-10-26,649382,Nicolás Domínguez,0.04874737933278084,0.889000015258789,0.700999984741211,84,Left Foot,Open Play,Saved Shot
Premier League,2526,Everton v Tottenham,Everton,Beto,2025,28863,2025-10-26,649814,,0.5746387243270874,0.9519999694824218,0.46700000762939453,53,Right Foot,Open Play,Saved Shot
Premier League,2526,Everton v Tottenham,Everton,Idrissa Gueye,2025,28863,2025-10-26,649819,James Tarkowski,0.032558731734752655,0.8519999694824218,0.4229999923706055,73,Right Foot,Open Play,Blocked Shot
Premier League,2526,Everton v Tottenham,Everton,Iliman Ndiaye,2025,28863,2025-10-26,649813,James Garner,0.07586800307035446,0.9180000305175782,0.4420000076293945,48,Right Foot,Open Play,Missed Shot
Premier League,2526,Everton v Tottenham,Everton,Iliman Ndiaye,2025,28863,2025-10-26,649818,Jack Grealish,0.05390496924519539,0.8069999694824219,0.5170000076293946,72,Left Foot,Open Play,Saved Shot
Premier League,2526,Everton v Tottenham,Everton,Jack Grealish,2025,28863,2025-10-26,649805,Beto,0.3938571810722351,0.9590000152587891,0.6020000076293945,2,Left Foot,Open Play,Blocked Shot
Premier League,2526,Everton v Tottenham,Everton,James Garner,2025,28863,2025-10-26,649808,Jack Grealish,0.014132481068372726,0.6940000152587891,0.49200000762939455,23,Right Foot,Open Play,Missed Shot
Premier League,2526,Everton v Tottenham,Everton,James Garner,2025,28863,2025-10-26,649817,Jack Grealish,0.03287873417139053,0.855999984741211,0.6969999694824218,67,Right Foot,Set Piece,Missed Shot
Premier League,2526,Everton v Tottenham,Everton,Kiernan Dewsbury-Hall,2025,28863,2025-10-26,649806,,0.05082811415195465,0.8919999694824219,0.33299999237060546,2,Left Foot,Open Play,Missed Shot
Premier League,2526,Everton v Tottenham,Everton,Kiernan Dewsbury-Hall,2025,28863,2025-10-26,649812,,0.08305452018976212,0.970999984741211,0.5790000152587891,47,Left Foot,Open Play,Blocked Shot
Premier League,2526,Everton v Tottenham,Everton,Merlin Röhl,2025,28863,2025-10-26,649821,Kiernan Dewsbury-Hall,0.07411415129899979,0.9530000305175781,0.4879999923706055,77,,From Corner,Missed Shot
Premier League,2526,Everton v Tottenham,Everton,Thierno Barry,2025,28863,2025-10-26,649820,James Tarkowski,0.023833973333239555,0.765,0.5420000076293945,76,Left Foot,Open Play,Blocked Shot
Premier League,2526,Everton v Tottenham,Everton,Vitalii Mykolenko,2025,28863,2025-10-26,649822,Kiernan Dewsbury-Hall,0.013551244512200356,0.7219999694824218,0.5420000076293945,81,Left Foot,Open Play,Blocked Shot
Premier League,2526,Everton v Tottenham,Tottenham,Micky van de Ven,2025,28863,2025-10-26,649807,Rodrigo Bentancur,0.268822580575943,0.965,0.47900001525878905,18,,From Corner,Goal
Premier League,2526,Everton v Tottenham,Tottenham,Micky van de Ven,2025,28863,2025-10-26,649811,Pedro Porro,0.6043665409088135,0.975,0.49400001525878906,50,,From Corner,Goal
Premier League,2526,Everton v Tottenham,Tottenham,Mohammed Kudus,2025,28863,2025-10-26,649815,,0.06584076583385468,0.750999984741211,0.4979999923706055,59,Left Foot,Direct Freekick,Blocked Shot
Premier League,2526,Everton v Tottenham,Tottenham,Pape Sarr,2025,28863,2025-10-26,649823,Richarlison,0.6374728679656982,0.955,0.47400001525878904,88,,Open Play,Goal
Premier League,2526,Everton v Tottenham,Tottenham,Richarlison,2025,28863,2025-10-26,649816,,0.41355663537979126,0.9,0.3629999923706055,64,Right Foot,Open Play,Saved Shot
Premier League,2526,Everton v Tottenham,Tottenham,Rodrigo Bentancur,2025,28863,2025-10-26,649809,Randal Kolo Muani,0.03265386447310448,0.8080000305175781,0.5829999923706055,34,Right Foot,From Corner,Missed Shot
Premier League,2526,Everton v Tottenham,Tottenham,Rodrigo Bentancur,2025,28863,2025-10-26,649810,,0.07056132704019547,0.9540000152587891,0.44299999237060544,48,,From Corner,Missed Shot
Premier League,2526,Wolverhampton Wanderers v Burnley,Burnley,Chimuanya Ugochukwu,2025,28867,2025-10-26,649525,Zian Flemming,0.21747750043869019,0.8569999694824219,0.585999984741211,24,Left Foot,Open Play,Blocked Shot
Premier League,2526,Wolverhampton Wanderers v Burnley,Burnley,Florentino Luís,2025,28867,2025-10-26,649536,,0.04498454928398132,0.8,0.47900001525878905,61,Left Foot,Open Play,Blocked Shot
Premier League,2526,Wolverhampton Wanderers v Burnley,Burnley,Jacob Bruun Larsen,2025,28867,2025-10-26,649535,Jaidon Anthony,0.032663311809301376,0.8319999694824218,0.67,60,Left Foot,Open Play,Blocked Shot
Premier League,2526,Wolverhampton Wanderers v Burnley,Burnley,Jaidon Anthony,2025,28867,2025-10-26,649532,,0.06035414710640907,0.8369999694824218,0.44400001525878907,53,Right Foot,Open Play,Saved Shot
Premier League,2526,Wolverhampton Wanderers v Burnley,Burnley,Josh Cullen,2025,28867,2025-10-26,649521,,0.01636342518031597,0.7780000305175782,0.28600000381469726,4,Right Foot,Open Play,Saved Shot
Premier League,2526,Wolverhampton Wanderers v Burnley,Burnley,Josh Cullen,2025,28867,2025-10-26,649534,,0.036821506917476654,0.8190000152587891,0.43200000762939456,58,Right Foot,From Corner,Saved Shot
Premier League,2526,Wolverhampton Wanderers v Burnley,Burnley,Lyle Foster,2025,28867,2025-10-26,649545,Hannibal Mejbri,0.3645867705345154,0.865999984741211,0.5470000076293945,94,Left Foot,Open Play,Goal
Premier League,2526,Wolverhampton Wanderers v Burnley,Burnley,Quilindschy Hartman,2025,28867,2025-10-26,649542,Lyle Foster,0.013519439846277237,0.725,0.5709999847412109,80,Left Foot,Set Piece,Missed Shot
Premier League,2526,Wolverhampton Wanderers v Burnley,Burnley,Zian Flemming,2025,28867,2025-10-26,649524,Quilindschy Hartman,0.0260381530970335,0.7869999694824219,0.375,13,Right Foot,Open Play,Goal
Premier League,2526,Wolverhampton Wanderers v Burnley,Burnley,Zian Flemming,2025,28867,2025-10-26,649526,Quilindschy Hartman,0.6503903865814209,0.9540000152587891,0.48,29,Left Foot,Open Play,Goal
Premier League,2526,Wolverhampton Wanderers v Burnley,Burnley,Zian Flemming,2025,28867,2025-10-26,649533,Florentino Luís,0.08224543184041977,0.860999984741211,0.6179999923706054,55,Right Foot,Open Play,Saved Shot
Premier League,2526,Wolverhampton Wanderers v Burnley,Wolverhampton Wanderers,Hugo Bueno,2025,28867,2025-10-26,649539,Rodrigo Gomes,0.03145599365234375,0.7980000305175782,0.6220000076293946,73,Right Foot,Open Play,Missed Shot
Premier League,2526,Wolverhampton Wanderers v Burnley,Wolverhampton Wanderers,Jean-Ricner Bellegarde,2025,28867,2025-10-26,649538,,0.029444869607686996,0.784000015258789,0.4,69,Left Foot,Open Play,Blocked Shot
Premier League,2526,Wolverhampton Wanderers v Burnley,Wolverhampton Wanderers,Jean-Ricner Bellegarde,2025,28867,2025-10-26,649543,,0.05006751790642738,0.8230000305175781,0.4109999847412109,82,Left Foot,Open Play,Saved Shot
Premier League,2526,Wolverhampton Wanderers v Burnley,Wolverhampton Wanderers,Jhon Arias,2025,28867,2025-10-26,649523,,0.6477687358856201,0.990999984741211,0.4420000076293945,6,Right Foot,Open Play,Missed Shot
Premier League,2526,Wolverhampton Wanderers v Burnley,Wolverhampton Wanderers,Jhon Arias,2025,28867,2025-10-26,649537,,0.0614829920232296,0.7759999847412109,0.669000015258789,63,Right Foot,Direct Freekick,Shot On Post
Premier League,2526,Wolverhampton Wanderers v Burnley,Wolverhampton Wanderers,João Gomes,2025,28867,2025-10-26,649541,Hee-Chan Hwang,0.011061720550060272,0.7040000152587891,0.6580000305175782,78,Right Foot,Open Play,Missed Shot
Premier League,2526,Wolverhampton Wanderers v Burnley,Wolverhampton Wanderers,Jørgen Strand Larsen,2025,28867,2025-10-26,649530,,0.7611688375473022,0.885,0.5,41,Right Foot,,Goal
Premier League,2526,Wolverhampton Wanderers v Burnley,Wolverhampton Wanderers,Jørgen Strand Larsen,2025,28867,2025-10-26,649540,Jackson Tchatchoua,0.024920044466853142,0.8590000152587891,0.5029999923706054,78,,Open Play,Saved Shot
Premier League,2526,Wolverhampton Wanderers v Burnley,Wolverhampton Wanderers,Ladislav Krejcí,2025,28867,2025-10-26,649527,Hugo Bueno,0.05249253287911415,0.8640000152587891,0.445,32,Left Foot,Open Play,Blocked Shot
Premier League,2526,Wolverhampton Wanderers v Burnley,Wolverhampton Wanderers,Marshall Munetsi,2025,28867,2025-10-26,649528,André,0.10960590094327927,0.905,0.534000015258789,33,,Open Play,Saved Shot
Premier League,2526,Wolverhampton Wanderers v Burnley,Wolverhampton Wanderers,Marshall Munetsi,2025,28867,2025-10-26,649531,Ladislav Krejcí,0.5309239029884338,0.955999984741211,0.4979999923706055,48,,Open Play,Goal
Premier League,2526,Wolverhampton Wanderers v Burnley,Wolverhampton Wanderers,Rodrigo Gomes,2025,28867,2025-10-26,649522,,0.11487399786710739,0.885,0.66,5,Left Foot,Open Play,Saved Shot
Premier League,2526,Wolverhampton Wanderers v Burnley,Wolverhampton Wanderers,Rodrigo Gomes,2025,28867,2025-10-26,649529,Jhon Arias,0.030406543985009193,0.9209999847412109,0.6580000305175782,35,Right Foot,Open Play,Missed Shot
Premier League,2526,Wolverhampton Wanderers v Burnley,Wolverhampton Wanderers,Rodrigo Gomes,2025,28867,2025-10-26,649544,Hugo Bueno,0.055764857679605484,0.8869999694824219,0.3679999923706055,82,Left Foot,Open Play,Missed Shot
Premier League,2526,Wolverhampton Wanderers v Burnley,Wolverhampton Wanderers,Santiago Bueno,2025,28867,2025-10-26,649546,Jørgen Strand Larsen,0.06988377124071121,0.879000015258789,0.3840000152587891,95,Left Foot,Open Play,Saved Shot
