join_key,League,season_id,Game,Season,Date,Home Team,Away Team,Away Team Code,Home Team Code,Away Points,Away Goals,Away xG,Away Non-Penalty xG,away_np_xg_difference,Away PPDA,Away Deep Completions,Home Points,Home Goals,Home xG,Home Non-Penalty xG,home_np_xg_difference,Home PPDA,Home Deep Completions
2023-08-11_Burnley,Premier League,2324,Burnley v Manchester City,2023,2023-08-11,Burnley,Manchester City,MCI,BUR,3,3,2.40074,2.40074,2.089708,15.8,9,0,0,0.311032,0.311032,-2.089708,33.07142857142857,4
2023-08-12_Arsenal,Premier League,2324,Arsenal v Nottingham Forest,2023,2023-08-12,Arsenal,Nottingham Forest,NOT,ARS,0,1,0.966305,0.966305,0.12368499999999993,44.1,4,3,2,0.84262,0.84262,-0.12368499999999993,4.0,9
2023-08-12_Bournemouth,Premier League,2324,Bournemouth v West Ham,2023,2023-08-12,Bournemouth,West Ham,WHU,BOU,1,1,1.4834,1.4834,-0.02685000000000004,9.733333333333333,8,1,1,1.51025,1.51025,0.02685000000000004,5.111111111111111,9
2023-08-12_Brighton,Premier League,2324,Brighton v Luton,2023,2023-08-12,Brighton,Luton,LUT,BRI,0,1,1.88594,1.12477,-2.48154,23.0625,5,3,4,4.36748,3.60631,2.48154,6.875,17
2023-08-12_Everton,Premier League,2324,Everton v Fulham,2023,2023-08-12,Everton,Fulham,FLH,EVE,3,1,1.58144,1.58144,-1.00857,17.4,6,0,0,2.59001,2.59001,1.00857,14.826086956521738,7
2023-08-12_Newcastle,Premier League,2324,Newcastle United v Aston Villa,2023,2023-08-12,Newcastle United,Aston Villa,AVL,NEW,0,1,1.486,1.486,-2.83608,11.571428571428571,6,3,5,4.32208,4.32208,2.83608,15.0,9
2023-08-12_Sheffield,Premier League,2324,Sheffield United v Crystal Palace,2023,2023-08-12,Sheffield United,Crystal Palace,CRY,SHE,3,1,2.27616,2.27616,1.853456,4.391304347826087,9,0,0,0.422704,0.422704,-1.853456,14.181818181818182,2
2023-08-13_Brentford,Premier League,2324,Brentford v Tottenham,2023,2023-08-13,Brentford,Tottenham,TOT,BRE,1,2,1.45316,1.45316,0.3067599999999999,5.870967741935484,7,1,2,1.90756,1.1464,-0.3067599999999999,14.1,11
2023-08-13_Chelsea,Premier League,2324,Chelsea v Liverpool,2023,2023-08-13,Chelsea,Liverpool,LIV,CHE,1,1,1.29994,1.29994,-0.6326399999999999,20.047619047619047,9,1,1,1.93258,1.93258,0.6326399999999999,8.947368421052632,11
2023-08-14_Manchester,Premier League,2324,Manchester United v Wolverhampton Wanderers,2023,2023-08-14,Manchester United,Wolverhampton Wanderers,WOL,MUN,0,0,1.72228,1.72228,-0.24858999999999987,13.5,12,3,1,1.97087,1.97087,0.24858999999999987,7.28125,16
2023-08-18_Nottingham,Premier League,2324,Nottingham Forest v Sheffield United,2023,2023-08-18,Nottingham Forest,Sheffield United,SHE,NOT,0,1,0.551038,0.551038,-0.820772,12.526315789473685,4,3,2,1.37181,1.37181,0.820772,15.866666666666667,6
2023-08-19_Fulham,Premier League,2324,Fulham v Brentford,2023,2023-08-19,Fulham,Brentford,BRE,FLH,3,3,3.46888,2.70772,2.307821,12.789473684210526,13,0,0,0.399899,0.399899,-2.307821,10.478260869565217,8
2023-08-19_Liverpool,Premier League,2324,Liverpool v Bournemouth,2023,2023-08-19,Liverpool,Bournemouth,BOU,LIV,0,1,1.3867,1.3867,-0.94736,11.125,8,3,3,3.25448,2.33406,0.94736,7.260869565217392,11
2023-08-19_Manchester,Premier League,2324,Manchester City v Newcastle United,2023,2023-08-19,Manchester City,Newcastle United,NEW,MCI,0,0,0.257154,0.257154,-0.9681259999999999,15.518518518518519,5,3,1,1.22528,1.22528,0.9681259999999999,13.619047619047619,9
2023-08-19_Tottenham,Premier League,2324,Tottenham v Manchester United,2023,2023-08-19,Tottenham,Manchester United,MUN,TOT,0,0,2.44604,2.44604,-0.09299999999999997,12.52,12,3,2,2.53904,2.53904,0.09299999999999997,9.85,12
2023-08-19_Wolverhampton,Premier League,2324,Wolverhampton Wanderers v Brighton,2023,2023-08-19,Wolverhampton Wanderers,Brighton,BRI,WOL,3,4,3.15562,3.15562,0.46740999999999966,7.514285714285714,14,0,1,2.68821,2.68821,-0.46740999999999966,13.625,6
2023-08-20_Aston,Premier League,2324,Aston Villa v Everton,2023,2023-08-20,Aston Villa,Everton,EVE,AVL,0,0,0.721465,0.721465,-1.760725,16.73913043478261,2,3,4,3.24336,2.48219,1.760725,17.0,13
2023-08-20_West,Premier League,2324,West Ham v Chelsea,2023,2023-08-20,West Ham,Chelsea,CHE,WHU,0,1,1.60916,0.847993,-0.10317500000000002,5.2727272727272725,9,3,3,1.71234,0.951168,0.10317500000000002,27.0,3
2023-08-21_Crystal,Premier League,2324,Crystal Palace v Arsenal,2023,2023-08-21,Crystal Palace,Arsenal,ARS,CRY,3,1,2.20593,1.4448,0.37564,9.6,7,0,0,1.06916,1.06916,-0.37564,14.375,10
2023-08-25_Chelsea,Premier League,2324,Chelsea v Luton,2023,2023-08-25,Chelsea,Luton,LUT,CHE,0,0,0.465741,0.465741,-2.948449,19.130434782608695,4,3,3,3.41419,3.41419,2.948449,7.1,17
2023-08-26_Arsenal,Premier League,2324,Arsenal v Fulham,2023,2023-08-26,Arsenal,Fulham,FLH,ARS,1,2,0.849817,0.849817,-1.619893,35.55555555555556,2,1,2,3.23088,2.46971,1.619893,8.0,22
2023-08-26_Bournemouth,Premier League,2324,Bournemouth v Tottenham,2023,2023-08-26,Bournemouth,Tottenham,TOT,BOU,3,2,2.26115,2.26115,1.7775680000000003,7.6923076923076925,20,0,0,0.483582,0.483582,-1.7775680000000003,10.193548387096774,6
2023-08-26_Brentford,Premier League,2324,Brentford v Crystal Palace,2023,2023-08-26,Brentford,Crystal Palace,CRY,BRE,1,1,1.06061,1.06061,0.112599,12.72,5,1,1,0.948011,0.948011,-0.112599,6.4,5
2023-08-26_Brighton,Premier League,2324,Brighton v West Ham,2023,2023-08-26,Brighton,West Ham,WHU,BRI,3,3,2.9527,2.9527,1.5784,28.3,7,0,1,1.3743,1.3743,-1.5784,3.8095238095238093,23
2023-08-26_Everton,Premier League,2324,Everton v Wolverhampton Wanderers,2023,2023-08-26,Everton,Wolverhampton Wanderers,WOL,EVE,3,1,1.40228,1.40228,-0.4956400000000001,10.210526315789474,4,0,0,1.89792,1.89792,0.4956400000000001,13.041666666666666,7
2023-08-26_Manchester,Premier League,2324,Manchester United v Nottingham Forest,2023,2023-08-26,Manchester United,Nottingham Forest,NOT,MUN,0,2,0.960354,0.960354,-1.3065059999999997,19.846153846153847,5,3,3,3.02803,2.26686,1.3065059999999997,8.421052631578947,13
2023-08-27_Burnley,Premier League,2324,Burnley v Aston Villa,2023,2023-08-27,Burnley,Aston Villa,AVL,BUR,3,3,2.83691,2.83691,2.206305,24.333333333333332,9,0,1,0.630605,0.630605,-2.206305,8.193548387096774,8
2023-08-27_Newcastle,Premier League,2324,Newcastle United v Liverpool,2023,2023-08-27,Newcastle United,Liverpool,LIV,NEW,3,2,0.856121,0.856121,-0.7642490000000001,16.08695652173913,5,0,1,1.62037,1.62037,0.7642490000000001,10.80952380952381,5
2023-08-27_Sheffield,Premier League,2324,Sheffield United v Manchester City,2023,2023-08-27,Sheffield United,Manchester City,MCI,SHE,3,2,3.84804,3.08687,2.3246379999999998,6.571428571428571,22,0,1,0.762232,0.762232,-2.3246379999999998,36.90909090909091,3
2023-09-01_Luton,Premier League,2324,Luton v West Ham,2023,2023-09-01,Luton,West Ham,WHU,LUT,3,2,1.22528,1.22528,-0.7971600000000001,6.869565217391305,6,0,1,2.02244,2.02244,0.7971600000000001,21.3125,8
2023-09-02_Brentford,Premier League,2324,Brentford v Bournemouth,2023,2023-09-02,Brentford,Bournemouth,BOU,BRE,1,2,2.11013,2.11013,-0.9617200000000001,14.0,5,1,2,3.07185,3.07185,0.9617200000000001,5.708333333333333,15
2023-09-02_Brighton,Premier League,2324,Brighton v Newcastle United,2023,2023-09-02,Brighton,Newcastle United,NEW,BRI,0,1,0.90476,0.90476,-0.4178200000000001,12.0,7,3,3,1.32258,1.32258,0.4178200000000001,10.11111111111111,9
2023-09-02_Burnley,Premier League,2324,Burnley v Tottenham,2023,2023-09-02,Burnley,Tottenham,TOT,BUR,3,5,2.39785,2.39785,0.7318100000000001,12.318181818181818,16,0,2,1.66604,1.66604,-0.7318100000000001,8.368421052631579,7
2023-09-02_Chelsea,Premier League,2324,Chelsea v Nottingham Forest,2023,2023-09-02,Chelsea,Nottingham Forest,NOT,CHE,3,1,1.1505,1.1505,-1.1339199999999998,19.27777777777778,2,0,0,2.28442,2.28442,1.1339199999999998,6.2105263157894735,18
2023-09-02_Manchester,Premier League,2324,Manchester City v Fulham,2023,2023-09-02,Manchester City,Fulham,FLH,MCI,0,1,1.46427,1.46427,0.2239199999999999,24.5,4,3,5,2.00152,1.24035,-0.2239199999999999,7.964285714285714,8
2023-09-02_Sheffield,Premier League,2324,Sheffield United v Everton,2023,2023-09-02,Sheffield United,Everton,EVE,SHE,1,2,2.73871,2.73871,1.1637100000000002,8.653846153846153,3,1,2,1.575,1.575,-1.1637100000000002,12.8,5
2023-09-03_Arsenal,Premier League,2324,Arsenal v Manchester United,2023,2023-09-03,Arsenal,Manchester United,MUN,ARS,0,1,0.966109,0.966109,-0.9436209999999999,26.1,4,3,3,1.90973,1.90973,0.9436209999999999,19.4375,11
2023-09-03_Crystal,Premier League,2324,Crystal Palace v Wolverhampton Wanderers,2023,2023-09-03,Crystal Palace,Wolverhampton Wanderers,WOL,CRY,0,2,1.13911,1.13911,-1.1902399999999997,6.586206896551724,8,3,3,2.32935,2.32935,1.1902399999999997,11.84,11
2023-09-03_Liverpool,Premier League,2324,Liverpool v Aston Villa,2023,2023-09-03,Liverpool,Aston Villa,AVL,LIV,0,0,0.615503,0.615503,-2.1158770000000002,67.875,3,3,3,2.73138,2.73138,2.1158770000000002,8.551724137931034,11
2023-09-16_Aston,Premier League,2324,Aston Villa v Crystal Palace,2023,2023-09-16,Aston Villa,Crystal Palace,CRY,AVL,0,1,1.11696,1.11696,-0.43704999999999994,9.533333333333333,7,3,3,2.31518,1.55401,0.43704999999999994,4.548387096774194,14
2023-09-16_Fulham,Premier League,2324,Fulham v Luton,2023,2023-09-16,Fulham,Luton,LUT,FLH,0,0,1.45705,1.45705,-0.29999,38.916666666666664,3,3,1,1.75704,1.75704,0.29999,6.611111111111111,9
2023-09-16_Manchester,Premier League,2324,Manchester United v Brighton,2023,2023-09-16,Manchester United,Brighton,BRI,MUN,3,3,1.93908,1.93908,1.219129,13.136363636363637,4,0,1,0.719951,0.719951,-1.219129,22.47826086956522,5
2023-09-16_Newcastle,Premier League,2324,Newcastle United v Brentford,2023,2023-09-16,Newcastle United,Brentford,BRE,NEW,0,0,0.633678,0.633678,-0.10641300000000009,7.962962962962963,4,3,1,1.50126,0.740091,0.10641300000000009,7.6521739130434785,8
2023-09-16_Tottenham,Premier League,2324,Tottenham v Sheffield United,2023,2023-09-16,Tottenham,Sheffield United,SHE,TOT,0,1,0.790655,0.790655,-1.3684349999999998,14.571428571428571,4,3,2,2.15909,2.15909,1.3684349999999998,4.75,21
2023-09-16_West,Premier League,2324,West Ham v Manchester City,2023,2023-09-16,West Ham,Manchester City,MCI,WHU,3,3,4.15046,4.15046,3.254828,11.4,16,0,1,0.895632,0.895632,-3.254828,42.25,1
2023-09-16_Wolverhampton,Premier League,2324,Wolverhampton Wanderers v Liverpool,2023,2023-09-16,Wolverhampton Wanderers,Liverpool,LIV,WOL,3,3,2.82701,2.82701,2.288177,10.0,16,0,1,0.538833,0.538833,-2.288177,18.363636363636363,9
2023-09-17_Bournemouth,Premier League,2324,Bournemouth v Chelsea,2023,2023-09-17,Bournemouth,Chelsea,CHE,BOU,1,0,1.39677,1.39677,0.07162000000000002,5.714285714285714,17,1,0,1.32515,1.32515,-0.07162000000000002,16.333333333333332,9
2023-09-17_Everton,Premier League,2324,Everton v Arsenal,2023,2023-09-17,Everton,Arsenal,ARS,EVE,3,1,0.802605,0.802605,0.5194350000000001,7.0,10,0,0,0.28317,0.28317,-0.5194350000000001,23.764705882352942,3
2023-09-18_Nottingham,Premier League,2324,Nottingham Forest v Burnley,2023,2023-09-18,Nottingham Forest,Burnley,BUR,NOT,1,1,0.807651,0.807651,0.10185600000000006,9.0,1,1,1,0.705795,0.705795,-0.10185600000000006,15.25,9
2023-09-23_Brentford,Premier League,2324,Brentford v Everton,2023,2023-09-23,Brentford,Everton,EVE,BRE,3,3,2.51497,2.51497,0.94095,14.36,10,0,1,1.57402,1.57402,-0.94095,14.0,6
2023-09-23_Burnley,Premier League,2324,Burnley v Manchester United,2023,2023-09-23,Burnley,Manchester United,MUN,BUR,3,1,0.840273,0.840273,-0.095171,20.842105263157894,9,0,0,0.935444,0.935444,0.095171,17.923076923076923,8
2023-09-23_Crystal,Premier League,2324,Crystal Palace v Fulham,2023,2023-09-23,Crystal Palace,Fulham,FLH,CRY,1,0,0.542678,0.542678,0.17031799999999997,9.166666666666666,9,1,0,0.37236,0.37236,-0.17031799999999997,14.055555555555555,3
2023-09-23_Luton,Premier League,2324,Luton v Wolverhampton Wanderers,2023,2023-09-23,Luton,Wolverhampton Wanderers,WOL,LUT,1,1,0.762984,0.762984,-0.716856,12.4,1,1,1,2.24101,1.47984,0.716856,6.821428571428571,17
2023-09-23_Manchester,Premier League,2324,Manchester City v Nottingham Forest,2023,2023-09-23,Manchester City,Nottingham Forest,NOT,MCI,0,0,0.729109,0.729109,-0.6107309999999999,14.157894736842104,7,3,2,1.33984,1.33984,0.6107309999999999,21.0,7
2023-09-24_Arsenal,Premier League,2324,Arsenal v Tottenham,2023,2023-09-24,Arsenal,Tottenham,TOT,ARS,1,2,2.21166,2.21166,0.6299300000000001,6.678571428571429,9,1,2,2.3429,1.58173,-0.6299300000000001,9.096774193548388,4
2023-09-24_Brighton,Premier League,2324,Brighton v Bournemouth,2023,2023-09-24,Brighton,Bournemouth,BOU,BRI,0,1,1.58984,1.58984,-0.55549,10.057142857142857,4,3,3,2.14533,2.14533,0.55549,5.571428571428571,8
2023-09-24_Chelsea,Premier League,2324,Chelsea v Aston Villa,2023,2023-09-24,Chelsea,Aston Villa,AVL,CHE,3,1,1.13479,1.13479,-0.062370000000000037,21.76923076923077,6,0,0,1.19716,1.19716,0.062370000000000037,8.84,8
2023-09-24_Liverpool,Premier League,2324,Liverpool v West Ham,2023,2023-09-24,Liverpool,West Ham,WHU,LIV,0,1,1.53878,1.53878,-1.84267,18.4,1,3,3,4.14262,3.38145,1.84267,6.057142857142857,14
2023-09-24_Sheffield,Premier League,2324,Sheffield United v Newcastle United,2023,2023-09-24,Sheffield United,Newcastle United,NEW,SHE,3,8,5.1082,5.1082,4.528808,8.733333333333333,11,0,0,0.579392,0.579392,-4.528808,14.92,5
2023-09-30_Aston,Premier League,2324,Aston Villa v Brighton,2023,2023-09-30,Aston Villa,Brighton,BRI,AVL,0,1,1.72819,1.72819,-0.17927000000000004,4.294117647058823,11,3,6,1.90746,1.90746,0.17927000000000004,9.727272727272727,15
2023-09-30_Bournemouth,Premier League,2324,Bournemouth v Arsenal,2023,2023-09-30,Bournemouth,Arsenal,ARS,BOU,3,4,4.0742,2.55187,1.9074270000000002,5.964285714285714,15,0,0,0.644443,0.644443,-1.9074270000000002,15.0,13
2023-09-30_Everton,Premier League,2324,Everton v Luton,2023,2023-09-30,Everton,Luton,LUT,EVE,3,2,1.5102,1.5102,-2.1435700000000004,12.5,1,0,1,3.65377,3.65377,2.1435700000000004,5.6,11
2023-09-30_Manchester,Premier League,2324,Manchester United v Crystal Palace,2023,2023-09-30,Manchester United,Crystal Palace,CRY,MUN,3,1,1.19015,1.19015,-0.36392999999999986,20.94736842105263,1,0,0,1.55408,1.55408,0.36392999999999986,3.6551724137931036,16
2023-09-30_Newcastle,Premier League,2324,Newcastle United v Burnley,2023,2023-09-30,Newcastle United,Burnley,BUR,NEW,0,0,0.801849,0.801849,-1.5221409999999997,18.22222222222222,5,3,2,3.08516,2.32399,1.5221409999999997,10.666666666666666,7
2023-09-30_Tottenham,Premier League,2324,Tottenham v Liverpool,2023,2023-09-30,Tottenham,Liverpool,LIV,TOT,0,1,1.12299,1.12299,-1.06524,16.0,7,3,2,2.18823,2.18823,1.06524,7.517241379310345,18
2023-09-30_West,Premier League,2324,West Ham v Sheffield United,2023,2023-09-30,West Ham,Sheffield United,SHE,WHU,0,0,0.911997,0.911997,-2.285533,21.266666666666666,5,3,2,3.19753,3.19753,2.285533,14.125,16
2023-09-30_Wolverhampton,Premier League,2324,Wolverhampton Wanderers v Manchester City,2023,2023-09-30,Wolverhampton Wanderers,Manchester City,MCI,WOL,0,1,0.98075,0.98075,0.30676500000000007,5.321428571428571,13,3,2,0.673985,0.673985,-0.30676500000000007,16.076923076923077,1
2023-10-01_Nottingham,Premier League,2324,Nottingham Forest v Brentford,2023,2023-10-01,Nottingham Forest,Brentford,BRE,NOT,1,1,1.75862,1.75862,0.9583030000000001,15.642857142857142,11,1,1,0.800317,0.800317,-0.9583030000000001,40.875,2
2023-10-02_Fulham,Premier League,2324,Fulham v Chelsea,2023,2023-10-02,Fulham,Chelsea,CHE,FLH,3,2,1.98461,1.98461,1.095227,14.44,8,0,0,0.889383,0.889383,-1.095227,10.551724137931034,7
2023-10-03_Luton,Premier League,2324,Luton v Burnley,2023,2023-10-03,Luton,Burnley,BUR,LUT,3,2,0.920206,0.920206,-0.6103740000000001,8.0,5,0,1,1.53058,1.53058,0.6103740000000001,12.846153846153847,4
2023-10-07_Burnley,Premier League,2324,Burnley v Chelsea,2023,2023-10-07,Burnley,Chelsea,CHE,BUR,3,4,1.97566,1.2145,0.2578579999999999,7.828571428571428,10,0,1,0.956642,0.956642,-0.2578579999999999,22.95,3
2023-10-07_Crystal,Premier League,2324,Crystal Palace v Nottingham Forest,2023,2023-10-07,Crystal Palace,Nottingham Forest,NOT,CRY,1,0,1.22105,1.22105,0.23859799999999998,14.090909090909092,12,1,0,0.982452,0.982452,-0.23859799999999998,16.58823529411765,5
2023-10-07_Everton,Premier League,2324,Everton v Bournemouth,2023,2023-10-07,Everton,Bournemouth,BOU,EVE,0,0,0.981732,0.981732,-2.183088,8.681818181818182,13,3,3,3.16482,3.16482,2.183088,7.147058823529412,8
2023-10-07_Fulham,Premier League,2324,Fulham v Sheffield United,2023,2023-10-07,Fulham,Sheffield United,SHE,FLH,0,1,0.251809,0.251809,-2.0143109999999997,10.521739130434783,0,3,3,2.26612,2.26612,2.0143109999999997,6.222222222222222,9
2023-10-07_Luton,Premier League,2324,Luton v Tottenham,2023,2023-10-07,Luton,Tottenham,TOT,LUT,3,1,2.37947,2.37947,1.531352,4.714285714285714,15,0,0,0.848118,0.848118,-1.531352,12.0,6
2023-10-07_Manchester,Premier League,2324,Manchester United v Brentford,2023,2023-10-07,Manchester United,Brentford,BRE,MUN,0,1,1.02509,1.02509,-0.26847,8.434782608695652,2,3,2,1.29356,1.29356,0.26847,8.55,17
2023-10-08_Arsenal,Premier League,2324,Arsenal v Manchester City,2023,2023-10-08,Arsenal,Manchester City,MCI,ARS,0,0,0.858071,0.858071,0.471513,15.368421052631579,7,3,1,0.386558,0.386558,-0.471513,12.571428571428571,9
2023-10-08_Brighton,Premier League,2324,Brighton v Liverpool,2023,2023-10-08,Brighton,Liverpool,LIV,BRI,1,2,2.51029,1.74913,-0.4827399999999997,7.694444444444445,15,1,2,2.23187,2.23187,0.4827399999999997,15.428571428571429,4
2023-10-08_West,Premier League,2324,West Ham v Newcastle United,2023,2023-10-08,West Ham,Newcastle United,NEW,WHU,1,2,1.97865,1.97865,1.0473050000000002,6.304347826086956,6,1,2,0.931345,0.931345,-1.0473050000000002,25.642857142857142,2
2023-10-08_Wolverhampton,Premier League,2324,Wolverhampton Wanderers v Aston Villa,2023,2023-10-08,Wolverhampton Wanderers,Aston Villa,AVL,WOL,1,1,1.81618,1.81618,0.0538599999999998,14.866666666666667,9,1,1,1.76232,1.76232,-0.0538599999999998,11.380952380952381,3
2023-10-21_Bournemouth,Premier League,2324,Bournemouth v Wolverhampton Wanderers,2023,2023-10-21,Bournemouth,Wolverhampton Wanderers,WOL,BOU,3,2,2.30454,2.30454,1.28615,6.476190476190476,15,0,1,1.01839,1.01839,-1.28615,14.19047619047619,5
2023-10-21_Brentford,Premier League,2324,Brentford v Burnley,2023,2023-10-21,Brentford,Burnley,BUR,BRE,0,0,0.693129,0.693129,-2.463721,14.666666666666666,3,3,3,3.15685,3.15685,2.463721,9.678571428571429,15
2023-10-21_Chelsea,Premier League,2324,Chelsea v Arsenal,2023,2023-10-21,Chelsea,Arsenal,ARS,CHE,1,2,1.05791,1.05791,0.10069899999999987,9.3,5,1,2,1.71838,0.957211,-0.10069899999999987,31.363636363636363,8
2023-10-21_Liverpool,Premier League,2324,Liverpool v Everton,2023,2023-10-21,Liverpool,Everton,EVE,LIV,0,0,0.0937725,0.0937725,-1.4308174999999999,29.153846153846153,5,3,2,2.28568,1.52459,1.4308174999999999,3.3461538461538463,13
2023-10-21_Manchester,Premier League,2324,Manchester City v Brighton,2023,2023-10-21,Manchester City,Brighton,BRI,MCI,0,1,0.963733,0.963733,0.0012240000000000029,14.652173913043478,4,3,2,0.962509,0.962509,-0.0012240000000000029,14.583333333333334,7
2023-10-21_Newcastle,Premier League,2324,Newcastle United v Crystal Palace,2023,2023-10-21,Newcastle United,Crystal Palace,CRY,NEW,0,0,1.08795,1.08795,-2.64541,12.607142857142858,3,3,4,3.73336,3.73336,2.64541,12.0,9
2023-10-21_Nottingham,Premier League,2324,Nottingham Forest v Luton,2023,2023-10-21,Nottingham Forest,Luton,LUT,NOT,1,2,1.49555,1.49555,-1.77994,16.22222222222222,6,1,2,3.27549,3.27549,1.77994,8.88888888888889,4
2023-10-21_Sheffield,Premier League,2324,Sheffield United v Manchester United,2023,2023-10-21,Sheffield United,Manchester United,MUN,SHE,3,2,1.46187,1.46187,0.812303,12.272727272727273,7,0,1,1.41074,0.649567,-0.812303,14.095238095238095,7
2023-10-22_Aston,Premier League,2324,Aston Villa v West Ham,2023,2023-10-22,Aston Villa,West Ham,WHU,AVL,0,1,0.659622,0.659622,-0.920638,14.421052631578947,4,3,4,2.34143,1.58026,0.920638,11.823529411764707,9
2023-10-23_Tottenham,Premier League,2324,Tottenham v Fulham,2023,2023-10-23,Tottenham,Fulham,FLH,TOT,0,0,0.745838,0.745838,-0.889392,13.678571428571429,5,3,2,1.63523,1.63523,0.889392,12.347826086956522,13
2023-10-27_Crystal,Premier League,2324,Crystal Palace v Tottenham,2023,2023-10-27,Crystal Palace,Tottenham,TOT,CRY,3,2,0.989103,0.989103,0.427269,4.130434782608695,12,0,1,0.561834,0.561834,-0.427269,13.911764705882353,3
2023-10-28_Arsenal,Premier League,2324,Arsenal v Sheffield United,2023,2023-10-28,Arsenal,Sheffield United,SHE,ARS,0,0,0.0281554,0.0281554,-2.2456346,30.923076923076923,1,3,5,3.03496,2.27379,2.2456346,11.9375,9
2023-10-28_Bournemouth,Premier League,2324,Bournemouth v Burnley,2023,2023-10-28,Bournemouth,Burnley,BUR,BOU,0,1,0.90255,0.90255,-0.19796999999999998,11.333333333333334,4,3,2,1.10052,1.10052,0.19796999999999998,9.3,8
2023-10-28_Chelsea,Premier League,2324,Chelsea v Brentford,2023,2023-10-28,Chelsea,Brentford,BRE,CHE,3,2,2.48137,2.48137,0.76336,20.76923076923077,6,0,0,1.71801,1.71801,-0.76336,6.0344827586206895,16
2023-10-28_Wolverhampton,Premier League,2324,Wolverhampton Wanderers v Newcastle United,2023,2023-10-28,Wolverhampton Wanderers,Newcastle United,NEW,WOL,1,2,2.31987,1.5587,0.695307,7.233333333333333,3,1,2,0.863393,0.863393,-0.695307,11.821428571428571,8
2023-10-29_Aston,Premier League,2324,Aston Villa v Luton,2023,2023-10-29,Aston Villa,Luton,LUT,AVL,0,1,0.453117,0.453117,-2.623423,24.647058823529413,2,3,3,3.07654,3.07654,2.623423,13.4,15
2023-10-29_Brighton,Premier League,2324,Brighton v Fulham,2023,2023-10-29,Brighton,Fulham,FLH,BRI,1,1,0.552523,0.552523,-0.767437,19.655172413793103,9,1,1,1.31996,1.31996,0.767437,7.625,8
2023-10-29_Liverpool,Premier League,2324,Liverpool v Nottingham Forest,2023,2023-10-29,Liverpool,Nottingham Forest,NOT,LIV,0,0,0.642014,0.642014,-2.0622659999999997,31.285714285714285,3,3,3,2.70428,2.70428,2.0622659999999997,7.947368421052632,11
2023-10-29_Manchester,Premier League,2324,Manchester United v Manchester City,2023,2023-10-29,Manchester United,Manchester City,MCI,MUN,3,3,4.54595,3.78478,3.070152,19.083333333333332,21,0,0,0.714628,0.714628,-3.070152,21.214285714285715,4
2023-10-29_West,Premier League,2324,West Ham v Everton,2023,2023-10-29,West Ham,Everton,EVE,WHU,3,1,0.733813,0.733813,0.11523500000000009,15.076923076923077,3,0,0,0.618578,0.618578,-0.11523500000000009,12.9375,5
2023-11-04_Brentford,Premier League,2324,Brentford v West Ham,2023,2023-11-04,Brentford,West Ham,WHU,BRE,0,2,1.75505,1.75505,-0.07438999999999996,13.304347826086957,6,3,3,1.82944,1.82944,0.07438999999999996,12.0,9
2023-11-04_Burnley,Premier League,2324,Burnley v Crystal Palace,2023,2023-11-04,Burnley,Crystal Palace,CRY,BUR,3,2,1.43653,1.43653,-0.06326999999999994,25.357142857142858,2,0,0,1.4998,1.4998,0.06326999999999994,8.0,9
2023-11-04_Everton,Premier League,2324,Everton v Brighton,2023,2023-11-04,Everton,Brighton,BRI,EVE,1,1,0.442489,0.442489,-0.175118,9.333333333333334,11,1,1,0.617607,0.617607,0.175118,41.07692307692308,0
2023-11-04_Fulham,Premier League,2324,Fulham v Manchester United,2023,2023-11-04,Fulham,Manchester United,MUN,FLH,3,1,0.697095,0.697095,-0.48531499999999994,8.363636363636363,7,0,0,1.18241,1.18241,0.48531499999999994,16.933333333333334,3
2023-11-04_Manchester,Premier League,2324,Manchester City v Bournemouth,2023,2023-11-04,Manchester City,Bournemouth,BOU,MCI,0,1,0.643127,0.643127,-1.7563630000000001,29.076923076923077,6,3,6,2.39949,2.39949,1.7563630000000001,21.5,18
2023-11-04_Newcastle,Premier League,2324,Newcastle United v Arsenal,2023,2023-11-04,Newcastle United,Arsenal,ARS,NEW,0,0,0.535473,0.535473,-0.5880770000000001,8.95,7,3,1,1.12355,1.12355,0.5880770000000001,8.125,4
2023-11-04_Sheffield,Premier League,2324,Sheffield United v Wolverhampton Wanderers,2023,2023-11-04,Sheffield United,Wolverhampton Wanderers,WOL,SHE,0,1,1.14803,1.14803,0.8075120000000001,24.0,4,3,2,1.10165,0.340518,-0.8075120000000001,9.6875,3
2023-11-05_Luton,Premier League,2324,Luton v Liverpool,2023,2023-11-05,Luton,Liverpool,LIV,LUT,1,1,3.03925,3.03925,1.69815,3.769230769230769,14,1,1,1.3411,1.3411,-1.69815,21.705882352941178,1
2023-11-05_Nottingham,Premier League,2324,Nottingham Forest v Aston Villa,2023,2023-11-05,Nottingham Forest,Aston Villa,AVL,NOT,0,0,1.33116,1.33116,0.738713,7.2105263157894735,23,3,2,0.592447,0.592447,-0.738713,27.166666666666668,3
2023-11-06_Tottenham,Premier League,2324,Tottenham v Chelsea,2023,2023-11-06,Tottenham,Chelsea,CHE,TOT,3,4,4.05865,3.29749,2.3383819999999997,5.5,8,0,1,0.959108,0.959108,-2.3383819999999997,10.0,4
2023-11-11_Arsenal,Premier League,2324,Arsenal v Burnley,2023,2023-11-11,Arsenal,Burnley,BUR,ARS,0,1,0.327706,0.327706,-2.304234,19.692307692307693,2,3,3,2.63194,2.63194,2.304234,9.842105263157896,14
2023-11-11_Bournemouth,Premier League,2324,Bournemouth v Newcastle United,2023,2023-11-11,Bournemouth,Newcastle United,NEW,BOU,0,0,0.306141,0.306141,-2.4780990000000003,23.1,3,3,2,2.78424,2.78424,2.4780990000000003,9.555555555555555,7
2023-11-11_Crystal,Premier League,2324,Crystal Palace v Everton,2023,2023-11-11,Crystal Palace,Everton,EVE,CRY,3,3,1.7904,1.7904,0.6596299999999999,14.48,8,0,2,1.89194,1.13077,-0.6596299999999999,6.2,10
2023-11-11_Manchester,Premier League,2324,Manchester United v Luton,2023,2023-11-11,Manchester United,Luton,LUT,MUN,0,0,0.408265,0.408265,-2.332785,20.307692307692307,4,3,1,2.74105,2.74105,2.332785,8.19047619047619,10
2023-11-11_Wolverhampton,Premier League,2324,Wolverhampton Wanderers v Tottenham,2023,2023-11-11,Wolverhampton Wanderers,Tottenham,TOT,WOL,0,1,0.432315,0.432315,-1.476525,8.827586206896552,5,3,2,1.90884,1.90884,1.476525,10.297297297297296,6
2023-11-12_Aston,Premier League,2324,Aston Villa v Fulham,2023,2023-11-12,Aston Villa,Fulham,FLH,AVL,0,1,0.648745,0.648745,-2.2116450000000003,9.457142857142857,2,3,3,2.86039,2.86039,2.2116450000000003,16.444444444444443,8
2023-11-12_Brighton,Premier League,2324,Brighton v Sheffield United,2023,2023-11-12,Brighton,Sheffield United,SHE,BRI,1,1,0.84434,0.84434,-0.24166999999999994,12.515151515151516,13,1,1,1.08601,1.08601,0.24166999999999994,12.5625,4
2023-11-12_Chelsea,Premier League,2324,Chelsea v Manchester City,2023,2023-11-12,Chelsea,Manchester City,MCI,CHE,1,4,3.19324,2.43208,-0.2791299999999999,12.208333333333334,17,1,4,3.47238,2.71121,0.2791299999999999,17.875,4
2023-11-12_Liverpool,Premier League,2324,Liverpool v Brentford,2023,2023-11-12,Liverpool,Brentford,BRE,LIV,0,0,1.44954,1.44954,-0.11050000000000004,10.590909090909092,8,3,3,1.56004,1.56004,0.11050000000000004,6.592592592592593,11
2023-11-12_West,Premier League,2324,West Ham v Nottingham Forest,2023,2023-11-12,West Ham,Nottingham Forest,NOT,WHU,0,2,1.42128,1.42128,-0.6427400000000001,18.88235294117647,4,3,3,2.06402,2.06402,0.6427400000000001,15.8125,5
2023-11-25_Brentford,Premier League,2324,Brentford v Arsenal,2023,2023-11-25,Brentford,Arsenal,ARS,BRE,3,1,1.82699,1.82699,0.16383999999999999,7.666666666666667,4,0,0,1.66315,1.66315,-0.16383999999999999,8.523809523809524,4
2023-11-25_Burnley,Premier League,2324,Burnley v West Ham,2023,2023-11-25,Burnley,West Ham,WHU,BUR,3,2,1.36963,1.36963,0.6885219999999999,22.857142857142858,2,0,1,1.44228,0.681108,-0.6885219999999999,10.72,2
2023-11-25_Luton,Premier League,2324,Luton v Crystal Palace,2023,2023-11-25,Luton,Crystal Palace,CRY,LUT,0,1,1.83546,1.83546,0.8393070000000001,6.461538461538462,10,3,2,0.996153,0.996153,-0.8393070000000001,13.130434782608695,4
2023-11-25_Manchester,Premier League,2324,Manchester City v Liverpool,2023,2023-11-25,Manchester City,Liverpool,LIV,MCI,1,1,0.766278,0.766278,-1.029942,23.0,6,1,1,1.79622,1.79622,1.029942,11.714285714285714,11
2023-11-25_Newcastle,Premier League,2324,Newcastle United v Chelsea,2023,2023-11-25,Newcastle United,Chelsea,CHE,NEW,0,1,0.968061,0.968061,-1.184209,9.74074074074074,6,3,4,2.15227,2.15227,1.184209,9.444444444444445,7
2023-11-25_Nottingham,Premier League,2324,Nottingham Forest v Brighton,2023,2023-11-25,Nottingham Forest,Brighton,BRI,NOT,3,3,1.21792,0.456822,-1.0085579999999998,17.571428571428573,9,0,2,2.22655,1.46538,1.0085579999999998,26.0,12
2023-11-25_Sheffield,Premier League,2324,Sheffield United v Bournemouth,2023,2023-11-25,Sheffield United,Bournemouth,BOU,SHE,3,3,3.13975,3.13975,2.323523,17.545454545454547,7,0,1,0.816227,0.816227,-2.323523,10.576923076923077,7
2023-11-26_Everton,Premier League,2324,Everton v Manchester United,2023,2023-11-26,Everton,Manchester United,MUN,EVE,3,3,2.07334,1.31218,-1.1854600000000002,13.75,6,0,0,2.49764,2.49764,1.1854600000000002,10.458333333333334,10
2023-11-26_Tottenham,Premier League,2324,Tottenham v Aston Villa,2023,2023-11-26,Tottenham,Aston Villa,AVL,TOT,3,2,2.39755,2.39755,0.17212999999999967,18.6,5,0,1,2.22542,2.22542,-0.17212999999999967,9.375,18
2023-11-27_Fulham,Premier League,2324,Fulham v Wolverhampton Wanderers,2023,2023-11-27,Fulham,Wolverhampton Wanderers,WOL,FLH,0,2,1.57875,0.817578,-0.15065499999999998,34.63636363636363,4,3,3,2.49057,0.968233,0.15065499999999998,8.548387096774194,12
2023-12-02_Arsenal,Premier League,2324,Arsenal v Wolverhampton Wanderers,2023,2023-12-02,Arsenal,Wolverhampton Wanderers,WOL,ARS,0,1,1.07886,1.07886,-2.2248200000000002,17.058823529411764,1,3,2,3.30368,3.30368,2.2248200000000002,8.625,16
2023-12-02_Brentford,Premier League,2324,Brentford v Luton,2023,2023-12-02,Brentford,Luton,LUT,BRE,0,1,0.227176,0.227176,-3.032344,30.0,3,3,3,3.25952,3.25952,3.032344,4.862068965517241,4
2023-12-02_Burnley,Premier League,2324,Burnley v Sheffield United,2023,2023-12-02,Burnley,Sheffield United,SHE,BUR,0,0,0.618131,0.618131,-1.9865590000000002,15.277777777777779,3,3,5,2.60469,2.60469,1.9865590000000002,11.411764705882353,13
2023-12-02_Newcastle,Premier League,2324,Newcastle United v Manchester United,2023,2023-12-02,Newcastle United,Manchester United,MUN,NEW,0,0,0.422674,0.422674,-2.479236,15.666666666666666,2,3,1,2.90191,2.90191,2.479236,8.5,17
2023-12-02_Nottingham,Premier League,2324,Nottingham Forest v Everton,2023,2023-12-02,Nottingham Forest,Everton,EVE,NOT,3,1,0.623789,0.623789,-0.049296000000000006,13.0,7,0,0,0.673085,0.673085,0.049296000000000006,9.0625,6
2023-12-03_Bournemouth,Premier League,2324,Bournemouth v Aston Villa,2023,2023-12-03,Bournemouth,Aston Villa,AVL,BOU,1,2,0.89511,0.89511,-1.6542600000000003,4.75,3,1,2,2.54937,2.54937,1.6542600000000003,7.735294117647059,10
2023-12-03_Chelsea,Premier League,2324,Chelsea v Brighton,2023,2023-12-03,Chelsea,Brighton,BRI,CHE,0,2,0.855058,0.855058,-0.04681599999999997,7.083333333333333,13,3,3,1.66304,0.901874,0.04681599999999997,22.4375,8
2023-12-03_Liverpool,Premier League,2324,Liverpool v Fulham,2023,2023-12-03,Liverpool,Fulham,FLH,LIV,0,3,1.51005,1.51005,-1.2182600000000001,14.291666666666666,5,3,4,2.72831,2.72831,1.2182600000000001,8.347826086956522,17
2023-12-03_Manchester,Premier League,2324,Manchester City v Tottenham,2023,2023-12-03,Manchester City,Tottenham,TOT,MCI,1,3,0.433077,0.433077,-2.474213,21.692307692307693,3,1,3,2.90729,2.90729,2.474213,14.130434782608695,12
2023-12-03_West,Premier League,2324,West Ham v Crystal Palace,2023,2023-12-03,West Ham,Crystal Palace,CRY,WHU,1,1,0.987682,0.987682,-0.15891800000000011,14.863636363636363,7,1,1,1.1466,1.1466,0.15891800000000011,9.916666666666666,5
2023-12-05_Luton,Premier League,2324,Luton v Arsenal,2023,2023-12-05,Luton,Arsenal,ARS,LUT,3,4,2.58815,2.58815,2.061896,6.08,19,0,3,0.526254,0.526254,-2.061896,15.521739130434783,0
2023-12-05_Wolverhampton,Premier League,2324,Wolverhampton Wanderers v Burnley,2023,2023-12-05,Wolverhampton Wanderers,Burnley,BUR,WOL,0,0,0.781542,0.781542,-0.337318,11.56,2,3,1,1.11886,1.11886,0.337318,11.368421052631579,4
2023-12-06_Aston,Premier League,2324,Aston Villa v Manchester City,2023,2023-12-06,Aston Villa,Manchester City,MCI,AVL,0,0,1.00198,1.00198,-1.19022,9.035714285714286,8,3,1,2.1922,2.1922,1.19022,13.73913043478261,9
2023-12-06_Brighton,Premier League,2324,Brighton v Brentford,2023,2023-12-06,Brighton,Brentford,BRE,BRI,0,1,1.22007,0.458899,-1.0820910000000001,11.461538461538462,2,3,2,1.54099,1.54099,1.0820910000000001,8.958333333333334,19
2023-12-06_Crystal,Premier League,2324,Crystal Palace v Bournemouth,2023,2023-12-06,Crystal Palace,Bournemouth,BOU,CRY,3,2,1.79997,1.79997,0.53556,9.419354838709678,7,0,0,1.26441,1.26441,-0.53556,7.565217391304348,9
2023-12-06_Fulham,Premier League,2324,Fulham v Nottingham Forest,2023,2023-12-06,Fulham,Nottingham Forest,NOT,FLH,0,0,0.218659,0.218659,-2.8756109999999997,20.842105263157894,0,3,5,3.09427,3.09427,2.8756109999999997,10.91304347826087,14
2023-12-06_Manchester,Premier League,2324,Manchester United v Chelsea,2023,2023-12-06,Manchester United,Chelsea,CHE,MUN,0,1,2.3512,2.3512,-0.91188,11.222222222222221,6,3,2,4.03949,3.26308,0.91188,14.73913043478261,8
2023-12-06_Sheffield,Premier League,2324,Sheffield United v Liverpool,2023,2023-12-06,Sheffield United,Liverpool,LIV,SHE,3,2,1.80116,1.80116,0.9669880000000001,3.1666666666666665,14,0,0,0.834172,0.834172,-0.9669880000000001,25.928571428571427,2
2023-12-07_Everton,Premier League,2324,Everton v Newcastle United,2023,2023-12-07,Everton,Newcastle United,NEW,EVE,0,0,1.29564,1.29564,-1.6582900000000003,12.083333333333334,4,3,3,2.95393,2.95393,1.6582900000000003,9.0,13
2023-12-07_Tottenham,Premier League,2324,Tottenham v West Ham,2023,2023-12-07,Tottenham,West Ham,WHU,TOT,3,2,1.7409,1.7409,0.12822,18.470588235294116,1,0,1,1.61268,1.61268,-0.12822,4.206896551724138,24
2023-12-09_Aston,Premier League,2324,Aston Villa v Arsenal,2023,2023-12-09,Aston Villa,Arsenal,ARS,AVL,0,0,1.71667,1.71667,1.088171,5.346153846153846,10,3,1,0.628499,0.628499,-1.088171,9.620689655172415,3
2023-12-09_Brighton,Premier League,2324,Brighton v Burnley,2023,2023-12-09,Brighton,Burnley,BUR,BRI,1,1,1.05162,1.05162,-1.9108500000000002,29.214285714285715,4,1,1,2.96247,2.96247,1.9108500000000002,7.619047619047619,22
2023-12-09_Crystal,Premier League,2324,Crystal Palace v Liverpool,2023,2023-12-09,Crystal Palace,Liverpool,LIV,CRY,3,2,1.3708,1.3708,0.3404400000000001,3.1904761904761907,15,0,1,1.79152,1.03036,-0.3404400000000001,16.0,4
2023-12-09_Manchester,Premier League,2324,Manchester United v Bournemouth,2023,2023-12-09,Manchester United,Bournemouth,BOU,MUN,3,3,1.9742,1.9742,0.86124,13.916666666666666,6,0,0,1.11296,1.11296,-0.86124,6.409090909090909,15
2023-12-09_Sheffield,Premier League,2324,Sheffield United v Brentford,2023,2023-12-09,Sheffield United,Brentford,BRE,SHE,0,0,0.644638,0.644638,-0.1973379999999999,7.35,7,3,1,0.841976,0.841976,0.1973379999999999,12.181818181818182,6
2023-12-09_Wolverhampton,Premier League,2324,Wolverhampton Wanderers v Nottingham Forest,2023,2023-12-09,Wolverhampton Wanderers,Nottingham Forest,NOT,WOL,1,1,1.21801,1.21801,0.19602000000000008,18.857142857142858,5,1,1,1.02199,1.02199,-0.19602000000000008,8.777777777777779,4
2023-12-10_Everton,Premier League,2324,Everton v Chelsea,2023,2023-12-10,Everton,Chelsea,CHE,EVE,0,0,0.885512,0.885512,-0.22885800000000012,4.48,9,3,2,1.11437,1.11437,0.22885800000000012,14.535714285714286,3
2023-12-10_Fulham,Premier League,2324,Fulham v West Ham,2023,2023-12-10,Fulham,West Ham,WHU,FLH,0,0,0.983,0.983,-1.2054,20.208333333333332,5,3,5,2.1884,2.1884,1.2054,18.6,10
2023-12-10_Luton,Premier League,2324,Luton v Manchester City,2023,2023-12-10,Luton,Manchester City,MCI,LUT,3,2,2.23353,2.23353,1.5444930000000001,9.5625,9,0,1,0.689037,0.689037,-1.5444930000000001,10.607142857142858,4
2023-12-10_Tottenham,Premier League,2324,Tottenham v Newcastle United,2023,2023-12-10,Tottenham,Newcastle United,NEW,TOT,0,1,1.61368,1.61368,-2.02633,8.5,9,3,4,4.40118,3.64001,2.02633,7.3,12
2023-12-15_Nottingham,Premier League,2324,Nottingham Forest v Tottenham,2023,2023-12-15,Nottingham Forest,Tottenham,TOT,NOT,3,2,1.60738,1.60738,-0.0983099999999999,7.0,10,0,0,1.70569,1.70569,0.0983099999999999,10.857142857142858,8
2023-12-16_Burnley,Premier League,2324,Burnley v Everton,2023,2023-12-16,Burnley,Everton,EVE,BUR,3,2,2.22305,2.22305,1.4116150000000003,22.928571428571427,7,0,0,0.811435,0.811435,-1.4116150000000003,12.285714285714286,10
2023-12-16_Chelsea,Premier League,2324,Chelsea v Sheffield United,2023,2023-12-16,Chelsea,Sheffield United,SHE,CHE,0,0,0.44014,0.44014,-2.83308,21.40909090909091,3,3,2,3.27322,3.27322,2.83308,3.740740740740741,13
2023-12-16_Manchester,Premier League,2324,Manchester City v Crystal Palace,2023,2023-12-16,Manchester City,Crystal Palace,CRY,MCI,1,2,1.64977,0.888604,-1.5278559999999999,31.9,4,1,2,2.41646,2.41646,1.5278559999999999,7.6,5
2023-12-16_Newcastle,Premier League,2324,Newcastle United v Fulham,2023,2023-12-16,Newcastle United,Fulham,FLH,NEW,0,0,0.471042,0.471042,-3.8082879999999997,30.09090909090909,4,3,3,4.27933,4.27933,3.8082879999999997,8.11111111111111,23
2023-12-17_Arsenal,Premier League,2324,Arsenal v Brighton,2023,2023-12-17,Arsenal,Brighton,BRI,ARS,0,0,0.663054,0.663054,-2.106706,19.416666666666668,3,3,2,2.76976,2.76976,2.106706,13.76,19
2023-12-17_Brentford,Premier League,2324,Brentford v Aston Villa,2023,2023-12-17,Brentford,Aston Villa,AVL,BRE,3,2,1.4664,1.4664,0.669588,6.333333333333333,13,0,1,0.796812,0.796812,-0.669588,5.205128205128205,4
2023-12-17_Liverpool,Premier League,2324,Liverpool v Manchester United,2023,2023-12-17,Liverpool,Manchester United,MUN,LIV,1,0,0.632715,0.632715,-1.3383949999999998,23.384615384615383,7,1,0,1.97111,1.97111,1.3383949999999998,5.178571428571429,12
2023-12-17_West,Premier League,2324,West Ham v Wolverhampton Wanderers,2023,2023-12-17,West Ham,Wolverhampton Wanderers,WOL,WHU,0,0,0.556206,0.556206,-0.4820740000000001,8.037037037037036,9,3,3,1.03828,1.03828,0.4820740000000001,11.56,4
2023-12-21_Crystal,Premier League,2324,Crystal Palace v Brighton,2023,2023-12-21,Crystal Palace,Brighton,BRI,CRY,1,1,1.33653,1.33653,-0.31756000000000006,7.6,14,1,1,1.65409,1.65409,0.31756000000000006,35.07692307692308,9
2023-12-22_Aston,Premier League,2324,Aston Villa v Sheffield United,2023,2023-12-22,Aston Villa,Sheffield United,SHE,AVL,1,1,0.646159,0.646159,-0.5724509999999999,15.636363636363637,2,1,1,1.21861,1.21861,0.5724509999999999,4.333333333333333,10
2023-12-23_Fulham,Premier League,2324,Fulham v Burnley,2023,2023-12-23,Fulham,Burnley,BUR,FLH,3,2,0.41714,0.41714,-0.9638199999999999,11.848484848484848,2,0,0,1.38096,1.38096,0.9638199999999999,11.9375,12
2023-12-23_Liverpool,Premier League,2324,Liverpool v Arsenal,2023,2023-12-23,Liverpool,Arsenal,ARS,LIV,1,1,0.851681,0.851681,-0.13122,12.857142857142858,5,1,1,0.982901,0.982901,0.13122,7.303030303030303,7
2023-12-23_Luton,Premier League,2324,Luton v Newcastle United,2023,2023-12-23,Luton,Newcastle United,NEW,LUT,0,0,1.41488,1.41488,-0.40356000000000014,5.318181818181818,16,3,1,1.81844,1.81844,0.40356000000000014,11.107142857142858,2
2023-12-23_Nottingham,Premier League,2324,Nottingham Forest v Bournemouth,2023,2023-12-23,Nottingham Forest,Bournemouth,BOU,NOT,3,3,1.89067,1.89067,1.098864,3.923076923076923,7,0,2,0.791806,0.791806,-1.098864,12.842105263157896,4
2023-12-23_Tottenham,Premier League,2324,Tottenham v Everton,2023,2023-12-23,Tottenham,Everton,EVE,TOT,0,1,1.98385,1.98385,0.40857999999999994,8.636363636363637,11,3,2,1.57527,1.57527,-0.40857999999999994,7.681818181818182,10
2023-12-23_West,Premier League,2324,West Ham v Manchester United,2023,2023-12-23,West Ham,Manchester United,MUN,WHU,0,0,0.730496,0.730496,-0.784184,6.12,7,3,2,1.51468,1.51468,0.784184,16.61904761904762,4
2023-12-24_Wolverhampton,Premier League,2324,Wolverhampton Wanderers v Chelsea,2023,2023-12-24,Wolverhampton Wanderers,Chelsea,CHE,WOL,0,1,1.75447,1.75447,0.00821000000000005,6.705882352941177,19,3,2,1.74626,1.74626,-0.00821000000000005,11.517241379310345,6
2023-12-26_Bournemouth,Premier League,2324,Bournemouth v Fulham,2023,2023-12-26,Bournemouth,Fulham,FLH,BOU,0,0,0.324365,0.324365,-0.9935849999999999,8.206896551724139,9,3,3,2.07911,1.31795,0.9935849999999999,10.964285714285714,9
2023-12-26_Burnley,Premier League,2324,Burnley v Liverpool,2023,2023-12-26,Burnley,Liverpool,LIV,BUR,3,2,1.68451,1.68451,0.712121,9.2,18,0,0,0.972389,0.972389,-0.712121,15.6,3
2023-12-26_Manchester,Premier League,2324,Manchester United v Aston Villa,2023,2023-12-26,Manchester United,Aston Villa,AVL,MUN,0,2,1.83637,1.83637,0.63533,15.214285714285714,12,3,3,1.20104,1.20104,-0.63533,7.444444444444445,4
2023-12-26_Newcastle,Premier League,2324,Newcastle United v Nottingham Forest,2023,2023-12-26,Newcastle United,Nottingham Forest,NOT,NEW,3,3,3.1074,3.1074,1.0775100000000002,12.75,4,0,1,2.79106,2.02989,-1.0775100000000002,6.933333333333334,18
2023-12-26_Sheffield,Premier League,2324,Sheffield United v Luton,2023,2023-12-26,Sheffield United,Luton,LUT,SHE,3,3,0.715575,0.715575,-2.902305,7.428571428571429,3,0,2,3.61788,3.61788,2.902305,7.48,7
2023-12-27_Brentford,Premier League,2324,Brentford v Wolverhampton Wanderers,2023,2023-12-27,Brentford,Wolverhampton Wanderers,WOL,BRE,3,4,1.89483,1.89483,-0.6986399999999999,13.545454545454545,7,0,1,2.59347,2.59347,0.6986399999999999,10.476190476190476,15
2023-12-27_Chelsea,Premier League,2324,Chelsea v Crystal Palace,2023,2023-12-27,Chelsea,Crystal Palace,CRY,CHE,0,1,0.958077,0.958077,-1.0108030000000001,12.870967741935484,6,3,2,2.73005,1.96888,1.0108030000000001,7.291666666666667,8
2023-12-27_Everton,Premier League,2324,Everton v Manchester City,2023,2023-12-27,Everton,Manchester City,MCI,EVE,3,3,2.28321,1.52204,0.28675000000000006,11.76923076923077,9,0,1,1.23529,1.23529,-0.28675000000000006,22.130434782608695,3
2023-12-28_Arsenal,Premier League,2324,Arsenal v West Ham,2023,2023-12-28,Arsenal,West Ham,WHU,ARS,3,2,1.59711,0.835941,-1.9524590000000002,33.55555555555556,1,0,0,2.7884,2.7884,1.9524590000000002,5.230769230769231,27
2023-12-28_Brighton,Premier League,2324,Brighton v Tottenham,2023,2023-12-28,Brighton,Tottenham,TOT,BRI,0,2,2.06955,2.06955,-0.25512999999999986,12.409090909090908,28,3,4,3.84702,2.32468,0.25512999999999986,8.030303030303031,5
2023-12-30_Aston,Premier League,2324,Aston Villa v Burnley,2023,2023-12-30,Aston Villa,Burnley,BUR,AVL,0,2,1.11923,1.11923,-1.04547,19.071428571428573,2,3,3,2.92587,2.1647,1.04547,8.333333333333334,16
2023-12-30_Crystal,Premier League,2324,Crystal Palace v Brentford,2023,2023-12-30,Crystal Palace,Brentford,BRE,CRY,0,1,1.28731,1.28731,-0.3232600000000001,9.3,6,3,3,1.61057,1.61057,0.3232600000000001,9.142857142857142,13
2023-12-30_Luton,Premier League,2324,Luton v Chelsea,2023,2023-12-30,Luton,Chelsea,CHE,LUT,3,3,1.57463,1.57463,-1.0663,8.88,4,0,2,2.64093,2.64093,1.0663,7.71875,5
2023-12-30_Manchester,Premier League,2324,Manchester City v Sheffield United,2023,2023-12-30,Manchester City,Sheffield United,SHE,MCI,0,0,0.263211,0.263211,-1.979079,116.75,1,3,2,2.24229,2.24229,1.979079,9.571428571428571,12
2023-12-30_Nottingham,Premier League,2324,Nottingham Forest v Manchester United,2023,2023-12-30,Nottingham Forest,Manchester United,MUN,NOT,0,1,0.651905,0.651905,-0.09244300000000005,13.125,9,3,2,0.744348,0.744348,0.09244300000000005,15.333333333333334,7
2023-12-30_Wolverhampton,Premier League,2324,Wolverhampton Wanderers v Everton,2023,2023-12-30,Wolverhampton Wanderers,Everton,EVE,WOL,0,0,0.519641,0.519641,-2.125129,8.25,3,3,3,2.64477,2.64477,2.125129,10.818181818181818,10
2023-12-31_Fulham,Premier League,2324,Fulham v Arsenal,2023,2023-12-31,Fulham,Arsenal,ARS,FLH,0,1,1.6591,1.6591,0.1308100000000001,12.15,5,3,2,1.52829,1.52829,-0.1308100000000001,21.88235294117647,5
2023-12-31_Tottenham,Premier League,2324,Tottenham v Bournemouth,2023,2023-12-31,Tottenham,Bournemouth,BOU,TOT,0,1,1.58229,1.58229,-0.5679799999999999,5.95,15,3,3,2.15027,2.15027,0.5679799999999999,10.65,13
2024-01-01_Liverpool,Premier League,2324,Liverpool v Newcastle United,2023,2024-01-01,Liverpool,Newcastle United,NEW,LIV,0,2,0.910974,0.910974,-4.112576000000001,14.947368421052632,4,3,4,6.67151,5.02355,4.112576000000001,4.825,16
2024-01-02_West,Premier League,2324,West Ham v Brighton,2023,2024-01-02,West Ham,Brighton,BRI,WHU,1,0,2.1552,2.1552,1.1721,10.19047619047619,17,1,0,0.9831,0.9831,-1.1721,37.69230769230769,4
2024-01-12_Burnley,Premier League,2324,Burnley v Luton,2023,2024-01-12,Burnley,Luton,LUT,BUR,1,1,0.965167,0.965167,-0.555063,6.666666666666667,7,1,1,1.52023,1.52023,0.555063,19.0625,5
2024-01-13_Chelsea,Premier League,2324,Chelsea v Fulham,2023,2024-01-13,Chelsea,Fulham,FLH,CHE,0,0,0.697847,0.697847,-0.586583,10.72,10,3,1,2.0456,1.28443,0.586583,8.37037037037037,15
2024-01-13_Newcastle,Premier League,2324,Newcastle United v Manchester City,2023,2024-01-13,Newcastle United,Manchester City,MCI,NEW,3,3,2.55452,2.55452,1.31814,9.235294117647058,25,0,2,1.23638,1.23638,-1.31814,17.1875,6
2024-01-14_Everton,Premier League,2324,Everton v Aston Villa,2023,2024-01-14,Everton,Aston Villa,AVL,EVE,1,0,1.3435,1.3435,0.3068599999999999,7.923076923076923,12,1,0,1.03664,1.03664,-0.3068599999999999,8.944444444444445,3
2024-01-14_Manchester,Premier League,2324,Manchester United v Tottenham,2023,2024-01-14,Manchester United,Tottenham,TOT,MUN,1,2,1.31224,1.31224,0.3890070000000001,6.5,3,1,2,0.923233,0.923233,-0.3890070000000001,19.36842105263158,6
2024-01-20_Arsenal,Premier League,2324,Arsenal v Crystal Palace,2023,2024-01-20,Arsenal,Crystal Palace,CRY,ARS,0,0,0.288083,0.288083,-3.233587,20.25,0,3,5,3.52167,3.52167,3.233587,9.772727272727273,18
2024-01-20_Brentford,Premier League,2324,Brentford v Nottingham Forest,2023,2024-01-20,Brentford,Nottingham Forest,NOT,BRE,0,2,1.22251,1.22251,-0.7196800000000001,13.0,9,3,3,1.94219,1.94219,0.7196800000000001,8.0,4
2024-01-21_Bournemouth,Premier League,2324,Bournemouth v Liverpool,2023,2024-01-21,Bournemouth,Liverpool,LIV,BOU,3,4,1.53344,1.53344,0.6988549999999999,4.806451612903226,15,0,0,0.834585,0.834585,-0.6988549999999999,10.035714285714286,10
2024-01-21_Sheffield,Premier League,2324,Sheffield United v West Ham,2023,2024-01-21,Sheffield United,West Ham,WHU,SHE,1,2,2.4241,1.66293,-0.1895199999999999,11.291666666666666,5,1,2,2.61362,1.85245,0.1895199999999999,8.521739130434783,9
2024-01-22_Brighton,Premier League,2324,Brighton v Wolverhampton Wanderers,2023,2024-01-22,Brighton,Wolverhampton Wanderers,WOL,BRI,1,0,1.14116,1.14116,-0.22894000000000014,25.375,4,1,0,1.3701,1.3701,0.22894000000000014,8.863636363636363,16
2024-01-30_Aston,Premier League,2324,Aston Villa v Newcastle United,2023,2024-01-30,Aston Villa,Newcastle United,NEW,AVL,3,3,3.3224,3.3224,1.87755,11.0,10,0,1,1.44485,1.44485,-1.87755,9.347826086956522,12
2024-01-30_Crystal,Premier League,2324,Crystal Palace v Sheffield United,2023,2024-01-30,Crystal Palace,Sheffield United,SHE,CRY,0,2,0.768467,0.768467,-0.3916329999999999,7.838709677419355,7,3,3,1.1601,1.1601,0.3916329999999999,8.96,8
2024-01-30_Fulham,Premier League,2324,Fulham v Everton,2023,2024-01-30,Fulham,Everton,EVE,FLH,1,0,2.83317,2.83317,0.45818000000000003,11.633333333333333,6,1,0,2.37499,2.37499,-0.45818000000000003,11.9,6
2024-01-30_Luton,Premier League,2324,Luton v Brighton,2023,2024-01-30,Luton,Brighton,BRI,LUT,0,0,1.01366,1.01366,-2.61946,7.083333333333333,2,3,4,3.63312,3.63312,2.61946,12.96,5
2024-01-30_Nottingham,Premier League,2324,Nottingham Forest v Arsenal,2023,2024-01-30,Nottingham Forest,Arsenal,ARS,NOT,3,2,1.39143,1.39143,0.7598119999999999,8.555555555555555,25,0,1,0.631618,0.631618,-0.7598119999999999,39.714285714285715,2
2024-01-31_Liverpool,Premier League,2324,Liverpool v Chelsea,2023,2024-01-31,Liverpool,Chelsea,CHE,LIV,0,1,0.477972,0.477972,-2.4235580000000003,19.6,6,3,4,3.6627,2.90153,2.4235580000000003,10.054054054054054,10
2024-01-31_Manchester,Premier League,2324,Manchester City v Burnley,2023,2024-01-31,Manchester City,Burnley,BUR,MCI,0,1,1.49114,1.49114,-0.3564200000000002,22.59090909090909,4,3,3,1.84756,1.84756,0.3564200000000002,13.416666666666666,6
2024-01-31_Tottenham,Premier League,2324,Tottenham v Brentford,2023,2024-01-31,Tottenham,Brentford,BRE,TOT,0,2,1.59637,1.59637,-1.76557,9.454545454545455,13,3,3,3.36194,3.36194,1.76557,5.428571428571429,15
2024-02-01_West,Premier League,2324,West Ham v Bournemouth,2023,2024-02-01,West Ham,Bournemouth,BOU,WHU,1,1,1.13487,1.13487,0.583238,8.096774193548388,5,1,1,1.3128,0.551632,-0.583238,9.391304347826088,2
2024-02-01_Wolverhampton,Premier League,2324,Wolverhampton Wanderers v Manchester United,2023,2024-02-01,Wolverhampton Wanderers,Manchester United,MUN,WOL,3,4,3.22698,3.22698,1.7120600000000001,12.571428571428571,9,0,3,2.27609,1.51492,-1.7120600000000001,15.333333333333334,9
2024-02-03_Brighton,Premier League,2324,Brighton v Crystal Palace,2023,2024-02-03,Brighton,Crystal Palace,CRY,BRI,0,1,0.241137,0.241137,-1.684773,20.35483870967742,3,3,4,1.92591,1.92591,1.684773,9.666666666666666,3
2024-02-03_Burnley,Premier League,2324,Burnley v Fulham,2023,2024-02-03,Burnley,Fulham,FLH,BUR,1,2,1.28806,1.28806,0.2837799999999999,11.1,7,1,2,1.00428,1.00428,-0.2837799999999999,15.0,3
2024-02-03_Everton,Premier League,2324,Everton v Tottenham,2023,2024-02-03,Everton,Tottenham,TOT,EVE,1,2,0.922371,0.922371,-2.336439,5.739130434782608,7,1,2,3.25881,3.25881,2.336439,8.242424242424242,6
2024-02-03_Newcastle,Premier League,2324,Newcastle United v Luton,2023,2024-02-03,Newcastle United,Luton,LUT,NEW,1,4,2.67463,1.91346,-0.4600700000000002,7.071428571428571,8,1,4,2.37353,2.37353,0.4600700000000002,6.857142857142857,9
2024-02-03_Sheffield,Premier League,2324,Sheffield United v Aston Villa,2023,2024-02-03,Sheffield United,Aston Villa,AVL,SHE,3,5,2.99015,2.99015,1.4623099999999998,13.714285714285714,5,0,0,1.52784,1.52784,-1.4623099999999998,24.42105263157895,7
2024-02-04_Arsenal,Premier League,2324,Arsenal v Liverpool,2023,2024-02-04,Arsenal,Liverpool,LIV,ARS,0,1,0.542052,0.542052,-2.310548,9.619047619047619,2,3,3,2.8526,2.8526,2.310548,9.7,5
2024-02-04_Bournemouth,Premier League,2324,Bournemouth v Nottingham Forest,2023,2024-02-04,Bournemouth,Nottingham Forest,NOT,BOU,1,1,0.456548,0.456548,-0.732952,7.05,6,1,1,1.1895,1.1895,0.732952,6.181818181818182,4
2024-02-04_Chelsea,Premier League,2324,Chelsea v Wolverhampton Wanderers,2023,2024-02-04,Chelsea,Wolverhampton Wanderers,WOL,CHE,3,4,2.48996,1.72879,-0.6308799999999999,17.736842105263158,6,0,2,2.35967,2.35967,0.6308799999999999,8.76,13
2024-02-04_Manchester,Premier League,2324,Manchester United v West Ham,2023,2024-02-04,Manchester United,West Ham,WHU,MUN,0,0,1.1807,1.1807,0.21349000000000007,21.714285714285715,3,3,3,0.96721,0.96721,-0.21349000000000007,8.84,9
2024-02-05_Brentford,Premier League,2324,Brentford v Manchester City,2023,2024-02-05,Brentford,Manchester City,MCI,BRE,3,3,2.10785,2.10785,1.2421090000000001,10.0625,12,0,1,0.865741,0.865741,-1.2421090000000001,26.0,3
2024-02-10_Fulham,Premier League,2324,Fulham v Bournemouth,2023,2024-02-10,Fulham,Bournemouth,BOU,FLH,0,1,2.60612,2.60612,0.8605200000000002,7.03125,21,3,3,1.7456,1.7456,-0.8605200000000002,12.61111111111111,8
2024-02-10_Liverpool,Premier League,2324,Liverpool v Burnley,2023,2024-02-10,Liverpool,Burnley,BUR,LIV,0,1,1.11123,1.11123,-2.03611,17.166666666666668,6,3,3,3.14734,3.14734,2.03611,4.62962962962963,15
2024-02-10_Luton,Premier League,2324,Luton v Sheffield United,2023,2024-02-10,Luton,Sheffield United,SHE,LUT,3,3,1.98283,1.22166,0.22066999999999992,14.944444444444445,4,0,1,1.76215,1.00099,-0.22066999999999992,4.0,9
2024-02-10_Manchester,Premier League,2324,Manchester City v Everton,2023,2024-02-10,Manchester City,Everton,EVE,MCI,0,0,0.192072,0.192072,-1.397638,25.823529411764707,1,3,2,1.58971,1.58971,1.397638,8.380952380952381,10
2024-02-10_Nottingham,Premier League,2324,Nottingham Forest v Newcastle United,2023,2024-02-10,Nottingham Forest,Newcastle United,NEW,NOT,3,3,0.511375,0.511375,-0.4567,9.529411764705882,7,0,2,0.968075,0.968075,0.4567,26.4375,7
2024-02-10_Tottenham,Premier League,2324,Tottenham v Brighton,2023,2024-02-10,Tottenham,Brighton,BRI,TOT,0,1,1.49285,0.73168,-1.3776000000000002,12.727272727272727,10,3,2,2.10928,2.10928,1.3776000000000002,13.636363636363637,13
2024-02-10_Wolverhampton,Premier League,2324,Wolverhampton Wanderers v Brentford,2023,2024-02-10,Wolverhampton Wanderers,Brentford,BRE,WOL,3,2,1.84908,1.84908,0.7912700000000001,15.85,3,0,0,1.05781,1.05781,-0.7912700000000001,5.7894736842105265,7
2024-02-11_Aston,Premier League,2324,Aston Villa v Manchester United,2023,2024-02-11,Aston Villa,Manchester United,MUN,AVL,3,2,2.44591,2.44591,-0.2008399999999999,11.75,4,0,1,2.64675,2.64675,0.2008399999999999,11.85,10
2024-02-11_West,Premier League,2324,West Ham v Arsenal,2023,2024-02-11,West Ham,Arsenal,ARS,WHU,3,6,3.99893,3.23776,3.046695,6.809523809523809,24,0,0,0.191065,0.191065,-3.046695,21.8,1
2024-02-12_Crystal,Premier League,2324,Crystal Palace v Chelsea,2023,2024-02-12,Crystal Palace,Chelsea,CHE,CRY,3,3,1.26948,1.26948,0.5499639999999999,5.947368421052632,7,0,1,0.719516,0.719516,-0.5499639999999999,21.434782608695652,4
2024-02-17_Brentford,Premier League,2324,Brentford v Liverpool,2023,2024-02-17,Brentford,Liverpool,LIV,BRE,3,4,3.08952,3.08952,1.39434,7.363636363636363,11,0,1,1.69518,1.69518,-1.39434,13.6,10
2024-02-17_Burnley,Premier League,2324,Burnley v Arsenal,2023,2024-02-17,Burnley,Arsenal,ARS,BUR,3,5,2.20575,1.44458,1.109437,9.210526315789474,15,0,0,0.335143,0.335143,-1.109437,22.235294117647058,2
2024-02-17_Fulham,Premier League,2324,Fulham v Aston Villa,2023,2024-02-17,Fulham,Aston Villa,AVL,FLH,3,2,1.57297,1.57297,0.15500999999999987,25.09090909090909,2,0,1,1.41796,1.41796,-0.15500999999999987,12.590909090909092,9
2024-02-17_Manchester,Premier League,2324,Manchester City v Chelsea,2023,2024-02-17,Manchester City,Chelsea,CHE,MCI,1,1,1.82903,1.82903,-0.9481000000000002,17.529411764705884,9,1,1,2.77713,2.77713,0.9481000000000002,7.375,29
2024-02-17_Newcastle,Premier League,2324,Newcastle United v Bournemouth,2023,2024-02-17,Newcastle United,Bournemouth,BOU,NEW,1,2,2.08098,2.08098,0.45789999999999975,7.0,3,1,2,2.38425,1.62308,-0.45789999999999975,6.529411764705882,9
2024-02-17_Nottingham,Premier League,2324,Nottingham Forest v West Ham,2023,2024-02-17,Nottingham Forest,West Ham,WHU,NOT,0,0,0.520016,0.520016,-2.149404,8.185185185185185,3,3,2,2.66942,2.66942,2.149404,13.8125,9
2024-02-17_Tottenham,Premier League,2324,Tottenham v Wolverhampton Wanderers,2023,2024-02-17,Tottenham,Wolverhampton Wanderers,WOL,TOT,3,2,1.77591,1.77591,0.1782300000000001,15.368421052631579,5,0,1,1.59768,1.59768,-0.1782300000000001,4.964285714285714,19
2024-02-18_Luton,Premier League,2324,Luton v Manchester United,2023,2024-02-18,Luton,Manchester United,MUN,LUT,3,2,3.58973,3.58973,2.01739,8.517241379310345,9,0,1,1.57234,1.57234,-2.01739,11.052631578947368,11
2024-02-18_Sheffield,Premier League,2324,Sheffield United v Brighton,2023,2024-02-18,Sheffield United,Brighton,BRI,SHE,3,5,3.35549,3.35549,2.769276,5.9411764705882355,15,0,0,0.586214,0.586214,-2.769276,193.0,3
2024-02-19_Everton,Premier League,2324,Everton v Crystal Palace,2023,2024-02-19,Everton,Crystal Palace,CRY,EVE,1,1,0.734685,0.734685,-1.7111949999999998,21.0,5,1,1,2.44588,2.44588,1.7111949999999998,5.666666666666667,7
2024-02-20_Manchester,Premier League,2324,Manchester City v Brentford,2023,2024-02-20,Manchester City,Brentford,BRE,MCI,0,0,0.503799,0.503799,-2.033861,17.545454545454547,1,3,1,2.53766,2.53766,2.033861,12.357142857142858,19
2024-02-21_Liverpool,Premier League,2324,Liverpool v Luton,2023,2024-02-21,Liverpool,Luton,LUT,LIV,0,1,0.956512,0.956512,-2.746508,12.3,4,3,4,3.70302,3.70302,2.746508,4.8,16
2024-02-24_Arsenal,Premier League,2324,Arsenal v Newcastle United,2023,2024-02-24,Arsenal,Newcastle United,NEW,ARS,0,1,0.217373,0.217373,-2.3759870000000003,26.7,4,3,4,2.59336,2.59336,2.3759870000000003,9.096774193548388,17
2024-02-24_Aston,Premier League,2324,Aston Villa v Nottingham Forest,2023,2024-02-24,Aston Villa,Nottingham Forest,NOT,AVL,0,2,2.25569,2.25569,-1.23292,13.12,7,3,4,3.48861,3.48861,1.23292,15.266666666666667,16
2024-02-24_Bournemouth,Premier League,2324,Bournemouth v Manchester City,2023,2024-02-24,Bournemouth,Manchester City,MCI,BOU,3,1,1.79636,1.79636,0.870471,13.5,13,0,0,0.925889,0.925889,-0.870471,10.785714285714286,8
2024-02-24_Brighton,Premier League,2324,Brighton v Everton,2023,2024-02-24,Brighton,Everton,EVE,BRI,1,1,0.286655,0.286655,-1.3671449999999998,17.0,4,1,1,1.6538,1.6538,1.3671449999999998,8.222222222222221,9
2024-02-24_Crystal,Premier League,2324,Crystal Palace v Burnley,2023,2024-02-24,Crystal Palace,Burnley,BUR,CRY,0,0,0.0760216,0.0760216,-1.5789284,16.214285714285715,0,3,3,2.41612,1.65495,1.5789284,8.391304347826088,8
2024-02-24_Manchester,Premier League,2324,Manchester United v Fulham,2023,2024-02-24,Manchester United,Fulham,FLH,MUN,3,2,1.1385,1.1385,-0.82186,16.5625,11,0,1,1.96036,1.96036,0.82186,10.727272727272727,11
2024-02-25_Wolverhampton,Premier League,2324,Wolverhampton Wanderers v Sheffield United,2023,2024-02-25,Wolverhampton Wanderers,Sheffield United,SHE,WOL,0,0,0.654342,0.654342,-0.5618380000000001,26.266666666666666,5,3,1,1.21618,1.21618,0.5618380000000001,16.09090909090909,7
2024-02-26_West,Premier League,2324,West Ham v Brentford,2023,2024-02-26,West Ham,Brentford,BRE,WHU,0,2,1.33683,1.33683,-0.7319,6.461538461538462,11,3,4,2.06873,2.06873,0.7319,14.3,5
2024-03-02_Brentford,Premier League,2324,Brentford v Chelsea,2023,2024-03-02,Brentford,Chelsea,CHE,BRE,1,2,2.1523,2.1523,-0.32089999999999996,5.809523809523809,9,1,2,2.4732,2.4732,0.32089999999999996,13.481481481481481,3
2024-03-02_Everton,Premier League,2324,Everton v West Ham,2023,2024-03-02,Everton,West Ham,WHU,EVE,3,3,2.17948,2.17948,-0.18009999999999993,21.357142857142858,4,0,1,3.12075,2.35958,0.18009999999999993,10.68421052631579,9
2024-03-02_Fulham,Premier League,2324,Fulham v Brighton,2023,2024-03-02,Fulham,Brighton,BRI,FLH,0,0,1.15198,1.15198,-0.22405999999999993,6.153846153846154,15,3,3,1.37604,1.37604,0.22405999999999993,19.90909090909091,3
2024-03-02_Luton,Premier League,2324,Luton v Aston Villa,2023,2024-03-02,Luton,Aston Villa,AVL,LUT,3,3,2.08586,2.08586,-0.34726000000000035,11.2,6,0,2,2.43312,2.43312,0.34726000000000035,13.666666666666666,3
2024-03-02_Newcastle,Premier League,2324,Newcastle United v Wolverhampton Wanderers,2023,2024-03-02,Newcastle United,Wolverhampton Wanderers,WOL,NEW,0,0,0.507769,0.507769,-2.827181,14.722222222222221,5,3,3,3.33495,3.33495,2.827181,10.67741935483871,8
2024-03-02_Nottingham,Premier League,2324,Nottingham Forest v Liverpool,2023,2024-03-02,Nottingham Forest,Liverpool,LIV,NOT,3,1,1.32259,1.32259,0.3511239999999999,4.76,12,0,0,0.971466,0.971466,-0.3511239999999999,22.0625,7
2024-03-02_Tottenham,Premier League,2324,Tottenham v Crystal Palace,2023,2024-03-02,Tottenham,Crystal Palace,CRY,TOT,0,1,0.277887,0.277887,-2.384613,27.9375,2,3,3,2.6625,2.6625,2.384613,4.9,16
2024-03-03_Burnley,Premier League,2324,Burnley v Bournemouth,2023,2024-03-03,Burnley,Bournemouth,BOU,BUR,3,2,1.43616,1.43616,-0.16845,13.541666666666666,6,0,0,1.60461,1.60461,0.16845,4.352941176470588,9
2024-03-03_Manchester,Premier League,2324,Manchester City v Manchester United,2023,2024-03-03,Manchester City,Manchester United,MUN,MCI,0,1,0.153764,0.153764,-2.487966,18.176470588235293,1,3,3,2.64173,2.64173,2.487966,10.058823529411764,26
2024-03-04_Sheffield,Premier League,2324,Sheffield United v Arsenal,2023,2024-03-04,Sheffield United,Arsenal,ARS,SHE,3,6,2.47294,2.47294,2.271566,12.222222222222221,22,0,0,0.201374,0.201374,-2.271566,37.416666666666664,2
2024-03-09_Arsenal,Premier League,2324,Arsenal v Brentford,2023,2024-03-09,Arsenal,Brentford,BRE,ARS,0,1,0.733239,0.733239,-0.8604510000000001,14.6,3,3,2,1.59369,1.59369,0.8604510000000001,8.3,20
2024-03-09_Bournemouth,Premier League,2324,Bournemouth v Sheffield United,2023,2024-03-09,Bournemouth,Sheffield United,SHE,BOU,1,2,1.91752,1.91752,-1.24788,18.90909090909091,2,1,2,3.92657,3.1654,1.24788,4.904761904761905,15
2024-03-09_Crystal,Premier League,2324,Crystal Palace v Luton,2023,2024-03-09,Crystal Palace,Luton,LUT,CRY,1,1,1.08531,1.08531,-2.1657200000000003,15.133333333333333,3,1,1,3.25103,3.25103,2.1657200000000003,7.387096774193548,9
2024-03-09_Manchester,Premier League,2324,Manchester United v Everton,2023,2024-03-09,Manchester United,Everton,EVE,MUN,0,0,1.8214,1.8214,0.4421299999999999,15.4,13,3,2,2.9016,1.37927,-0.4421299999999999,15.428571428571429,7
2024-03-09_Wolverhampton,Premier League,2324,Wolverhampton Wanderers v Fulham,2023,2024-03-09,Wolverhampton Wanderers,Fulham,FLH,WOL,0,1,2.94155,2.94155,1.64566,14.5,15,3,2,1.29589,1.29589,-1.64566,18.764705882352942,9
2024-03-10_Aston,Premier League,2324,Aston Villa v Tottenham,2023,2024-03-10,Aston Villa,Tottenham,TOT,AVL,3,4,2.25381,2.25381,1.0211400000000002,4.255813953488372,9,0,0,1.23267,1.23267,-1.0211400000000002,20.772727272727273,3
2024-03-10_Brighton,Premier League,2324,Brighton v Nottingham Forest,2023,2024-03-10,Brighton,Nottingham Forest,NOT,BRI,0,0,0.687034,0.687034,0.15251599999999998,27.647058823529413,3,3,1,0.534518,0.534518,-0.15251599999999998,16.214285714285715,1
2024-03-10_Liverpool,Premier League,2324,Liverpool v Manchester City,2023,2024-03-10,Liverpool,Manchester City,MCI,LIV,1,1,1.37289,1.37289,-0.12085999999999997,14.826086956521738,5,1,1,2.25492,1.49375,0.12085999999999997,8.90625,9
2024-03-10_West,Premier League,2324,West Ham v Burnley,2023,2024-03-10,West Ham,Burnley,BUR,WHU,1,2,0.88131,0.88131,-0.9928299999999999,7.419354838709677,10,1,2,1.87414,1.87414,0.9928299999999999,8.583333333333334,7
2024-03-11_Chelsea,Premier League,2324,Chelsea v Newcastle United,2023,2024-03-11,Chelsea,Newcastle United,NEW,CHE,0,2,0.568435,0.568435,-1.214715,13.578947368421053,8,3,3,1.78315,1.78315,1.214715,12.826086956521738,4
2024-03-13_Bournemouth,Premier League,2324,Bournemouth v Luton,2023,2024-03-13,Bournemouth,Luton,LUT,BOU,0,3,2.79419,2.79419,-0.049840000000000106,9.125,1,3,4,2.84403,2.84403,0.049840000000000106,7.95,7
2024-03-16_Burnley,Premier League,2324,Burnley v Brentford,2023,2024-03-16,Burnley,Brentford,BRE,BUR,0,1,1.25123,1.25123,-0.68536,5.884615384615385,8,3,2,2.69776,1.93659,0.68536,6.571428571428571,12
2024-03-16_Fulham,Premier League,2324,Fulham v Tottenham,2023,2024-03-16,Fulham,Tottenham,TOT,FLH,0,0,2.14564,2.14564,-0.32669999999999977,10.15,14,3,3,2.47234,2.47234,0.32669999999999977,10.793103448275861,12
2024-03-16_Luton,Premier League,2324,Luton v Nottingham Forest,2023,2024-03-16,Luton,Nottingham Forest,NOT,LUT,1,1,1.95268,1.95268,1.098898,8.88888888888889,6,1,1,0.853782,0.853782,-1.098898,7.857142857142857,6
2024-03-17_West,Premier League,2324,West Ham v Aston Villa,2023,2024-03-17,West Ham,Aston Villa,AVL,WHU,1,1,0.911274,0.911274,-0.41701599999999994,6.7894736842105265,17,1,1,1.32829,1.32829,0.41701599999999994,11.851851851851851,7
2024-03-30_Aston,Premier League,2324,Aston Villa v Wolverhampton Wanderers,2023,2024-03-30,Aston Villa,Wolverhampton Wanderers,WOL,AVL,0,0,1.66232,1.66232,0.37961,7.666666666666667,5,3,2,1.28271,1.28271,-0.37961,14.15,5
2024-03-30_Bournemouth,Premier League,2324,Bournemouth v Everton,2023,2024-03-30,Bournemouth,Everton,EVE,BOU,0,1,0.93378,0.93378,-0.45889999999999986,8.578947368421053,11,3,2,1.39268,1.39268,0.45889999999999986,6.590909090909091,6
2024-03-30_Brentford,Premier League,2324,Brentford v Manchester United,2023,2024-03-30,Brentford,Manchester United,MUN,BRE,1,1,0.989565,0.989565,-2.175305,7.2,7,1,1,3.16487,3.16487,2.175305,13.1875,21
2024-03-30_Chelsea,Premier League,2324,Chelsea v Burnley,2023,2024-03-30,Chelsea,Burnley,BUR,CHE,1,2,2.10422,2.10422,-1.6010399999999998,24.846153846153847,9,1,2,4.46643,3.70526,1.6010399999999998,9.538461538461538,24
2024-03-30_Newcastle,Premier League,2324,Newcastle United v West Ham,2023,2024-03-30,Newcastle United,West Ham,WHU,NEW,0,3,0.994584,0.994584,-1.292296,13.052631578947368,3,3,4,3.80922,2.28688,1.292296,6.791666666666667,16
2024-03-30_Nottingham,Premier League,2324,Nottingham Forest v Crystal Palace,2023,2024-03-30,Nottingham Forest,Crystal Palace,CRY,NOT,1,1,0.900972,0.900972,0.11631999999999998,12.818181818181818,3,1,1,0.784652,0.784652,-0.11631999999999998,9.55,3
2024-03-30_Sheffield,Premier League,2324,Sheffield United v Fulham,2023,2024-03-30,Sheffield United,Fulham,FLH,SHE,1,3,1.10254,1.10254,-0.6857,7.0,10,1,3,1.78824,1.78824,0.6857,18.823529411764707,4
2024-03-30_Tottenham,Premier League,2324,Tottenham v Luton,2023,2024-03-30,Tottenham,Luton,LUT,TOT,0,1,0.402402,0.402402,-2.062828,14.434782608695652,3,3,2,2.46523,2.46523,2.062828,4.193548387096774,22
2024-03-31_Liverpool,Premier League,2324,Liverpool v Brighton,2023,2024-03-31,Liverpool,Brighton,BRI,LIV,0,1,0.43922,0.43922,-2.77227,18.625,6,3,2,3.21149,3.21149,2.77227,8.941176470588236,24
2024-03-31_Manchester,Premier League,2324,Manchester City v Arsenal,2023,2024-03-31,Manchester City,Arsenal,ARS,MCI,1,0,0.511402,0.511402,-0.7086879999999999,11.758620689655173,7,1,0,1.22009,1.22009,0.7086879999999999,6.086956521739131,6
2024-04-02_Bournemouth,Premier League,2324,Bournemouth v Crystal Palace,2023,2024-04-02,Bournemouth,Crystal Palace,CRY,BOU,0,0,0.174389,0.174389,-1.1353010000000001,8.285714285714286,6,3,1,1.30969,1.30969,1.1353010000000001,8.538461538461538,4
2024-04-02_Burnley,Premier League,2324,Burnley v Wolverhampton Wanderers,2023,2024-04-02,Burnley,Wolverhampton Wanderers,WOL,BUR,1,1,1.01021,1.01021,-0.11559999999999993,14.4,4,1,1,1.12581,1.12581,0.11559999999999993,8.8,11
2024-04-02_Newcastle,Premier League,2324,Newcastle United v Everton,2023,2024-04-02,Newcastle United,Everton,EVE,NEW,1,1,1.69834,0.937167,-1.712923,14.25,6,1,1,2.65009,2.65009,1.712923,10.764705882352942,11
2024-04-02_Nottingham,Premier League,2324,Nottingham Forest v Fulham,2023,2024-04-02,Nottingham Forest,Fulham,FLH,NOT,0,1,1.04304,1.04304,-0.9031500000000001,8.8,8,3,3,1.94619,1.94619,0.9031500000000001,31.6,6
2024-04-02_West,Premier League,2324,West Ham v Tottenham,2023,2024-04-02,West Ham,Tottenham,TOT,WHU,1,1,1.39423,1.39423,-0.0759399999999999,5.642857142857143,22,1,1,1.47017,1.47017,0.0759399999999999,14.25,4
2024-04-03_Arsenal,Premier League,2324,Arsenal v Luton,2023,2024-04-03,Arsenal,Luton,LUT,ARS,0,0,0.292082,0.292082,-0.851758,23.529411764705884,3,3,2,1.14384,1.14384,0.851758,10.708333333333334,14
2024-04-03_Brentford,Premier League,2324,Brentford v Brighton,2023,2024-04-03,Brentford,Brighton,BRI,BRE,1,0,1.22404,1.22404,0.800741,6.730769230769231,8,1,0,0.423299,0.423299,-0.800741,16.166666666666668,8
2024-04-03_Manchester,Premier League,2324,Manchester City v Aston Villa,2023,2024-04-03,Manchester City,Aston Villa,AVL,MCI,0,1,1.18643,1.18643,-2.69061,21.785714285714285,4,3,4,3.87704,3.87704,2.69061,7.166666666666667,26
2024-04-04_Chelsea,Premier League,2324,Chelsea v Manchester United,2023,2024-04-04,Chelsea,Manchester United,MUN,CHE,0,3,1.56686,1.56686,-0.39128000000000007,12.72,7,3,4,3.48048,1.95814,0.39128000000000007,12.294117647058824,15
2024-04-04_Liverpool,Premier League,2324,Liverpool v Sheffield United,2023,2024-04-04,Liverpool,Sheffield United,SHE,LIV,0,1,0.720948,0.720948,-1.7967720000000003,26.4,2,3,3,2.51772,2.51772,1.7967720000000003,2.5652173913043477,18
2024-04-06_Aston,Premier League,2324,Aston Villa v Brentford,2023,2024-04-06,Aston Villa,Brentford,BRE,AVL,1,3,1.42064,1.42064,0.2573099999999999,16.5,3,1,3,1.16333,1.16333,-0.2573099999999999,6.7368421052631575,6
2024-04-06_Brighton,Premier League,2324,Brighton v Arsenal,2023,2024-04-06,Brighton,Arsenal,ARS,BRI,3,3,4.16518,3.40401,2.975496,15.666666666666666,18,0,0,0.428514,0.428514,-2.975496,9.08695652173913,6
2024-04-06_Crystal,Premier League,2324,Crystal Palace v Manchester City,2023,2024-04-06,Crystal Palace,Manchester City,MCI,CRY,3,4,2.26381,2.26381,0.7690899999999998,13.166666666666666,20,0,2,1.49472,1.49472,-0.7690899999999998,20.36842105263158,2
2024-04-06_Everton,Premier League,2324,Everton v Burnley,2023,2024-04-06,Everton,Burnley,BUR,EVE,0,0,0.34699,0.34699,-0.31285399999999997,7.157894736842105,6,3,1,0.659844,0.659844,0.31285399999999997,8.971428571428572,9
2024-04-06_Fulham,Premier League,2324,Fulham v Newcastle United,2023,2024-04-06,Fulham,Newcastle United,NEW,FLH,3,1,1.18012,1.18012,0.3455560000000001,13.347826086956522,7,0,0,0.834564,0.834564,-0.3455560000000001,5.76,11
2024-04-06_Luton,Premier League,2324,Luton v Bournemouth,2023,2024-04-06,Luton,Bournemouth,BOU,LUT,0,1,0.616108,0.616108,-0.6886720000000001,4.848484848484849,5,3,2,1.30478,1.30478,0.6886720000000001,5.62962962962963,7
2024-04-06_Wolverhampton,Premier League,2324,Wolverhampton Wanderers v West Ham,2023,2024-04-06,Wolverhampton Wanderers,West Ham,WHU,WOL,3,2,1.14133,0.380163,-0.642077,11.454545454545455,3,0,1,1.78341,1.02224,0.642077,8.76,12
2024-04-07_Manchester,Premier League,2324,Manchester United v Liverpool,2023,2024-04-07,Manchester United,Liverpool,LIV,MUN,1,2,4.43457,3.6734,2.858891,7.84,21,1,2,0.814509,0.814509,-2.858891,14.2,6
2024-04-07_Sheffield,Premier League,2324,Sheffield United v Chelsea,2023,2024-04-07,Sheffield United,Chelsea,CHE,SHE,1,2,0.521789,0.521789,-1.2208610000000002,7.571428571428571,6,1,2,1.74265,1.74265,1.2208610000000002,20.608695652173914,6
2024-04-07_Tottenham,Premier League,2324,Tottenham v Nottingham Forest,2023,2024-04-07,Tottenham,Nottingham Forest,NOT,TOT,0,1,2.00122,2.00122,0.38144,18.058823529411764,3,3,3,1.61978,1.61978,-0.38144,8.44,17
2024-04-13_Bournemouth,Premier League,2324,Bournemouth v Manchester United,2023,2024-04-13,Bournemouth,Manchester United,MUN,BOU,1,2,1.52274,0.761571,-1.6236190000000001,10.8125,8,1,2,2.38519,2.38519,1.6236190000000001,13.380952380952381,12
2024-04-13_Brentford,Premier League,2324,Brentford v Sheffield United,2023,2024-04-13,Brentford,Sheffield United,SHE,BRE,0,0,0.834498,0.834498,-0.2562120000000001,12.75,6,3,2,1.09071,1.09071,0.2562120000000001,7.95,5
2024-04-13_Burnley,Premier League,2324,Burnley v Brighton,2023,2024-04-13,Burnley,Brighton,BRI,BUR,1,1,0.889445,0.889445,-0.962755,15.470588235294118,9,1,1,1.8522,1.8522,0.962755,12.066666666666666,8
2024-04-13_Manchester,Premier League,2324,Manchester City v Luton,2023,2024-04-13,Manchester City,Luton,LUT,MCI,0,1,0.809775,0.809775,-3.0715049999999997,34.5,2,3,5,4.64245,3.88128,3.0715049999999997,6.62962962962963,37
2024-04-13_Newcastle,Premier League,2324,Newcastle United v Tottenham,2023,2024-04-13,Newcastle United,Tottenham,TOT,NEW,0,0,0.737596,0.737596,-2.410704,3.217391304347826,6,3,4,3.1483,3.1483,2.410704,9.192307692307692,8
2024-04-13_Nottingham,Premier League,2324,Nottingham Forest v Wolverhampton Wanderers,2023,2024-04-13,Nottingham Forest,Wolverhampton Wanderers,WOL,NOT,1,2,1.45688,1.45688,-0.30556000000000005,13.0,3,1,2,1.76244,1.76244,0.30556000000000005,11.9,6
2024-04-14_Arsenal,Premier League,2324,Arsenal v Aston Villa,2023,2024-04-14,Arsenal,Aston Villa,AVL,ARS,3,2,0.929049,0.929049,-0.9609810000000001,15.285714285714286,2,0,0,1.89003,1.89003,0.9609810000000001,8.892857142857142,17
2024-04-14_Liverpool,Premier League,2324,Liverpool v Crystal Palace,2023,2024-04-14,Liverpool,Crystal Palace,CRY,LIV,3,1,2.12879,2.12879,-0.9161800000000002,26.066666666666666,6,0,0,3.04497,3.04497,0.9161800000000002,5.75,11
2024-04-14_West,Premier League,2324,West Ham v Fulham,2023,2024-04-14,West Ham,Fulham,FLH,WHU,3,2,3.61413,3.61413,2.16106,13.318181818181818,10,0,0,1.45307,1.45307,-2.16106,13.941176470588236,3
2024-04-15_Chelsea,Premier League,2324,Chelsea v Everton,2023,2024-04-15,Chelsea,Everton,EVE,CHE,0,0,1.21791,1.21791,-1.39185,10.368421052631579,5,3,6,3.37093,2.60976,1.39185,13.785714285714286,8
2024-04-20_Luton,Premier League,2324,Luton v Brentford,2023,2024-04-20,Luton,Brentford,BRE,LUT,3,5,3.7809,3.7809,3.283101,7.461538461538462,13,0,1,0.497799,0.497799,-3.283101,11.125,6
2024-04-20_Sheffield,Premier League,2324,Sheffield United v Burnley,2023,2024-04-20,Sheffield United,Burnley,BUR,SHE,3,4,2.42338,2.42338,0.44521999999999995,12.947368421052632,6,0,1,1.97816,1.97816,-0.44521999999999995,12.636363636363637,9
2024-04-20_Wolverhampton,Premier League,2324,Wolverhampton Wanderers v Arsenal,2023,2024-04-20,Wolverhampton Wanderers,Arsenal,ARS,WOL,3,2,1.66179,1.66179,1.497274,13.652173913043478,20,0,0,0.164516,0.164516,-1.497274,15.61111111111111,2
2024-04-21_Aston,Premier League,2324,Aston Villa v Bournemouth,2023,2024-04-21,Aston Villa,Bournemouth,BOU,AVL,0,1,2.05211,1.29094,-1.3359299999999998,12.15,2,3,3,2.62687,2.62687,1.3359299999999998,12.25,19
2024-04-21_Crystal,Premier League,2324,Crystal Palace v West Ham,2023,2024-04-21,Crystal Palace,West Ham,WHU,CRY,0,2,1.34536,1.34536,-2.3731400000000002,14.74074074074074,2,3,5,3.7185,3.7185,2.3731400000000002,9.074074074074074,12
2024-04-21_Everton,Premier League,2324,Everton v Nottingham Forest,2023,2024-04-21,Everton,Nottingham Forest,NOT,EVE,0,0,1.18916,1.18916,0.715927,15.428571428571429,7,3,2,0.473233,0.473233,-0.715927,15.636363636363637,0
2024-04-21_Fulham,Premier League,2324,Fulham v Liverpool,2023,2024-04-21,Fulham,Liverpool,LIV,FLH,3,3,1.02445,1.02445,0.1856000000000001,12.238095238095237,9,0,1,0.83885,0.83885,-0.1856000000000001,52.0,8
2024-04-23_Arsenal,Premier League,2324,Arsenal v Chelsea,2023,2024-04-23,Arsenal,Chelsea,CHE,ARS,0,0,1.60343,1.60343,-1.85515,19.76923076923077,6,3,5,3.45858,3.45858,1.85515,13.857142857142858,18
2024-04-24_Crystal,Premier League,2324,Crystal Palace v Newcastle United,2023,2024-04-24,Crystal Palace,Newcastle United,NEW,CRY,0,0,0.55129,0.55129,-0.88532,6.892857142857143,4,3,2,1.43661,1.43661,0.88532,8.264705882352942,6
2024-04-24_Everton,Premier League,2324,Everton v Liverpool,2023,2024-04-24,Everton,Liverpool,LIV,EVE,0,0,1.87155,1.87155,-0.019560000000000022,4.523809523809524,24,3,2,1.89111,1.89111,0.019560000000000022,21.055555555555557,6
2024-04-24_Manchester,Premier League,2324,Manchester United v Sheffield United,2023,2024-04-24,Manchester United,Sheffield United,SHE,MUN,0,2,1.20517,1.20517,-1.5467699999999998,21.833333333333332,2,3,4,3.51311,2.75194,1.5467699999999998,6.32,14
2024-04-24_Wolverhampton,Premier League,2324,Wolverhampton Wanderers v Bournemouth,2023,2024-04-24,Wolverhampton Wanderers,Bournemouth,BOU,WOL,3,1,2.40311,2.40311,1.918656,8.411764705882353,12,0,0,0.484454,0.484454,-1.918656,8.1875,7
2024-04-25_Brighton,Premier League,2324,Brighton v Manchester City,2023,2024-04-25,Brighton,Manchester City,MCI,BRI,3,4,1.90507,1.90507,1.333049,19.625,3,0,0,0.572021,0.572021,-1.333049,29.11111111111111,3
2024-04-27_Aston,Premier League,2324,Aston Villa v Chelsea,2023,2024-04-27,Aston Villa,Chelsea,CHE,AVL,1,2,1.56401,1.56401,0.9517529999999998,4.806451612903226,6,1,2,0.612257,0.612257,-0.9517529999999998,40.77777777777778,7
2024-04-27_Everton,Premier League,2324,Everton v Brentford,2023,2024-04-27,Everton,Brentford,BRE,EVE,0,0,0.956356,0.956356,-0.2576339999999999,8.217391304347826,8,3,1,1.21399,1.21399,0.2576339999999999,16.6,10
2024-04-27_Fulham,Premier League,2324,Fulham v Crystal Palace,2023,2024-04-27,Fulham,Crystal Palace,CRY,FLH,1,1,1.05387,1.05387,-0.3403099999999999,11.571428571428571,7,1,1,1.39418,1.39418,0.3403099999999999,10.25,7
2024-04-27_Manchester,Premier League,2324,Manchester United v Burnley,2023,2024-04-27,Manchester United,Burnley,BUR,MUN,1,1,1.89591,1.13475,-1.9272200000000002,8.380952380952381,9,1,1,3.06197,3.06197,1.9272200000000002,14.176470588235293,18
2024-04-27_Newcastle,Premier League,2324,Newcastle United v Sheffield United,2023,2024-04-27,Newcastle United,Sheffield United,SHE,NEW,0,1,1.82408,1.82408,-0.3495300000000001,14.7,4,3,5,2.93477,2.17361,0.3495300000000001,8.23076923076923,18
2024-04-27_West,Premier League,2324,West Ham v Liverpool,2023,2024-04-27,West Ham,Liverpool,LIV,WHU,1,2,2.29298,2.29298,1.498955,5.2,20,1,2,0.794025,0.794025,-1.498955,19.842105263157894,5
2024-04-27_Wolverhampton,Premier League,2324,Wolverhampton Wanderers v Luton,2023,2024-04-27,Wolverhampton Wanderers,Luton,LUT,WOL,0,1,0.90435,0.90435,-0.5857600000000001,9.533333333333333,6,3,2,1.49011,1.49011,0.5857600000000001,12.05,2
2024-04-28_Bournemouth,Premier League,2324,Bournemouth v Brighton,2023,2024-04-28,Bournemouth,Brighton,BRI,BOU,0,0,1.35682,1.35682,-1.1245000000000003,5.521739130434782,7,3,3,2.48132,2.48132,1.1245000000000003,14.11111111111111,5
2024-04-28_Nottingham,Premier League,2324,Nottingham Forest v Manchester City,2023,2024-04-28,Nottingham Forest,Manchester City,MCI,NOT,3,2,0.932063,0.932063,-1.241057,9.333333333333334,5,0,0,2.17312,2.17312,1.241057,29.357142857142858,6
2024-04-28_Tottenham,Premier League,2324,Tottenham v Arsenal,2023,2024-04-28,Tottenham,Arsenal,ARS,TOT,3,3,1.51469,1.51469,-0.3287199999999999,9.620689655172415,7,0,2,2.60458,1.84341,0.3287199999999999,6.3,9
2024-05-02_Chelsea,Premier League,2324,Chelsea v Tottenham,2023,2024-05-02,Chelsea,Tottenham,TOT,CHE,0,0,1.27064,1.27064,-0.9536800000000001,6.321428571428571,11,3,2,2.22432,2.22432,0.9536800000000001,13.4,5
2024-05-03_Luton,Premier League,2324,Luton v Everton,2023,2024-05-03,Luton,Everton,EVE,LUT,1,1,1.22959,0.468416,-0.481975,7.625,5,1,1,0.950391,0.950391,0.481975,10.772727272727273,3
2024-05-04_Arsenal,Premier League,2324,Arsenal v Bournemouth,2023,2024-05-04,Arsenal,Bournemouth,BOU,ARS,0,0,0.4687,0.4687,-2.68385,11.058823529411764,3,3,3,3.91372,3.15255,2.68385,8.115384615384615,28
2024-05-04_Brentford,Premier League,2324,Brentford v Fulham,2023,2024-05-04,Brentford,Fulham,FLH,BRE,1,0,1.45579,1.45579,0.646411,18.666666666666668,3,1,0,0.809379,0.809379,-0.646411,9.238095238095237,6
2024-05-04_Burnley,Premier League,2324,Burnley v Newcastle United,2023,2024-05-04,Burnley,Newcastle United,NEW,BUR,3,4,4.25643,3.49526,2.20894,9.136363636363637,18,0,1,1.28632,1.28632,-2.20894,11.80952380952381,5
2024-05-04_Manchester,Premier League,2324,Manchester City v Wolverhampton Wanderers,2023,2024-05-04,Manchester City,Wolverhampton Wanderers,WOL,MCI,0,1,0.396887,0.396887,-2.606193,13.16,1,3,5,4.52542,3.00308,2.606193,13.954545454545455,19
2024-05-04_Sheffield,Premier League,2324,Sheffield United v Nottingham Forest,2023,2024-05-04,Sheffield United,Nottingham Forest,NOT,SHE,3,3,1.93818,1.93818,0.20948999999999995,16.11764705882353,6,0,1,2.48986,1.72869,-0.20948999999999995,10.666666666666666,8
2024-05-05_Brighton,Premier League,2324,Brighton v Aston Villa,2023,2024-05-05,Brighton,Aston Villa,AVL,BRI,0,0,0.0644055,0.0644055,-1.6889645,17.57894736842105,3,3,1,2.63566,1.75337,1.6889645,10.551724137931034,4
2024-05-05_Chelsea,Premier League,2324,Chelsea v West Ham,2023,2024-05-05,Chelsea,West Ham,WHU,CHE,0,0,0.893899,0.893899,-3.3244809999999996,20.52173913043478,4,3,5,4.21838,4.21838,3.3244809999999996,6.72,10
2024-05-05_Liverpool,Premier League,2324,Liverpool v Tottenham,2023,2024-05-05,Liverpool,Tottenham,TOT,LIV,0,2,1.17205,1.17205,-2.09017,8.37037037037037,9,3,4,3.26222,3.26222,2.09017,13.173913043478262,22
2024-05-06_Crystal,Premier League,2324,Crystal Palace v Manchester United,2023,2024-05-06,Crystal Palace,Manchester United,MUN,CRY,0,0,0.341417,0.341417,-1.7241829999999998,11.65,4,3,4,2.0656,2.0656,1.7241829999999998,16.75,12
2024-05-11_Bournemouth,Premier League,2324,Bournemouth v Brentford,2023,2024-05-11,Bournemouth,Brentford,BRE,BOU,3,2,1.92722,1.92722,0.8548499999999999,5.304347826086956,11,0,1,1.07237,1.07237,-0.8548499999999999,8.0,11
2024-05-11_Everton,Premier League,2324,Everton v Sheffield United,2023,2024-05-11,Everton,Sheffield United,SHE,EVE,0,0,0.465523,0.465523,-1.358587,14.235294117647058,4,3,1,1.82411,1.82411,1.358587,10.285714285714286,9
2024-05-11_Fulham,Premier League,2324,Fulham v Manchester City,2023,2024-05-11,Fulham,Manchester City,MCI,FLH,3,4,3.15218,2.39101,2.3023855,17.823529411764707,13,0,0,0.0886245,0.0886245,-2.3023855,42.72727272727273,1
2024-05-11_Newcastle,Premier League,2324,Newcastle United v Brighton,2023,2024-05-11,Newcastle United,Brighton,BRI,NEW,1,1,1.91556,1.91556,-0.5360700000000003,12.958333333333334,7,1,1,2.45163,2.45163,0.5360700000000003,13.38888888888889,12
2024-05-11_Nottingham,Premier League,2324,Nottingham Forest v Chelsea,2023,2024-05-11,Nottingham Forest,Chelsea,CHE,NOT,3,3,2.41068,2.41068,-0.035009999999999764,6.65,14,0,2,2.44569,2.44569,0.035009999999999764,17.043478260869566,8
2024-05-11_Tottenham,Premier League,2324,Tottenham v Burnley,2023,2024-05-11,Tottenham,Burnley,BUR,TOT,0,1,0.950331,0.950331,-2.0520490000000002,14.421052631578947,2,3,2,3.00238,3.00238,2.0520490000000002,8.208333333333334,12
2024-05-11_West,Premier League,2324,West Ham v Luton,2023,2024-05-11,West Ham,Luton,LUT,WHU,0,1,0.640456,0.640456,-3.069634,9.74074074074074,5,3,3,3.71009,3.71009,3.069634,9.578947368421053,8
2024-05-11_Wolverhampton,Premier League,2324,Wolverhampton Wanderers v Crystal Palace,2023,2024-05-11,Wolverhampton Wanderers,Crystal Palace,CRY,WOL,3,3,2.51452,2.51452,1.3584200000000002,12.222222222222221,9,0,1,1.1561,1.1561,-1.3584200000000002,5.733333333333333,5
2024-05-12_Manchester,Premier League,2324,Manchester United v Arsenal,2023,2024-05-12,Manchester United,Arsenal,ARS,MUN,3,1,1.73104,1.73104,1.179371,9.25,13,0,0,0.551669,0.551669,-1.179371,19.0,4
2024-05-13_Aston,Premier League,2324,Aston Villa v Liverpool,2023,2024-05-13,Aston Villa,Liverpool,LIV,AVL,1,3,1.89968,1.89968,-0.8168699999999998,7.375,7,1,3,2.71655,2.71655,0.8168699999999998,14.875,14
2024-05-14_Tottenham,Premier League,2324,Tottenham v Manchester City,2023,2024-05-14,Tottenham,Manchester City,MCI,TOT,3,2,2.70331,1.94214,0.09928999999999988,13.464285714285714,6,0,0,1.84285,1.84285,-0.09928999999999988,11.357142857142858,5
2024-05-15_Brighton,Premier League,2324,Brighton v Chelsea,2023,2024-05-15,Brighton,Chelsea,CHE,BRI,3,2,1.544,1.544,0.21977000000000002,17.555555555555557,10,0,1,1.32423,1.32423,-0.21977000000000002,15.380952380952381,11
2024-05-15_Manchester,Premier League,2324,Manchester United v Newcastle United,2023,2024-05-15,Manchester United,Newcastle United,NEW,MUN,0,2,2.27657,2.27657,0.7795099999999999,15.727272727272727,6,3,3,1.49706,1.49706,-0.7795099999999999,9.333333333333334,11
2024-05-19_Arsenal,Premier League,2324,Arsenal v Everton,2023,2024-05-19,Arsenal,Everton,EVE,ARS,0,1,0.664904,0.664904,-2.546796,42.333333333333336,3,3,2,3.2117,3.2117,2.546796,8.166666666666666,16
2024-05-19_Brentford,Premier League,2324,Brentford v Newcastle United,2023,2024-05-19,Brentford,Newcastle United,NEW,BRE,3,4,3.65044,3.65044,1.94887,11.173913043478262,12,0,2,1.70157,1.70157,-1.94887,7.590909090909091,5
2024-05-19_Brighton,Premier League,2324,Brighton v Manchester United,2023,2024-05-19,Brighton,Manchester United,MUN,BRI,3,2,1.00404,1.00404,-0.96766,18.555555555555557,6,0,0,1.9717,1.9717,0.96766,9.233333333333333,10
2024-05-19_Burnley,Premier League,2324,Burnley v Nottingham Forest,2023,2024-05-19,Burnley,Nottingham Forest,NOT,BUR,3,2,1.57962,1.57962,0.49740000000000006,90.66666666666667,5,0,1,1.08222,1.08222,-0.49740000000000006,10.636363636363637,7
2024-05-19_Chelsea,Premier League,2324,Chelsea v Bournemouth,2023,2024-05-19,Chelsea,Bournemouth,BOU,CHE,0,1,2.002,2.002,0.4042899999999998,9.18918918918919,10,3,2,1.59771,1.59771,-0.4042899999999998,9.9375,8
2024-05-19_Crystal,Premier League,2324,Crystal Palace v Aston Villa,2023,2024-05-19,Crystal Palace,Aston Villa,AVL,CRY,0,0,0.598846,0.598846,-1.633044,30.3,0,3,5,2.23189,2.23189,1.633044,14.478260869565217,11
2024-05-19_Liverpool,Premier League,2324,Liverpool v Wolverhampton Wanderers,2023,2024-05-19,Liverpool,Wolverhampton Wanderers,WOL,LIV,0,0,0.731254,0.731254,-4.928116,16.6,1,3,2,5.65937,5.65937,4.928116,5.096774193548387,22
2024-05-19_Luton,Premier League,2324,Luton v Fulham,2023,2024-05-19,Luton,Fulham,FLH,LUT,3,4,1.11598,1.11598,-0.19028,10.5,5,0,2,2.06743,1.30626,0.19028,13.894736842105264,4
2024-05-19_Manchester,Premier League,2324,Manchester City v West Ham,2023,2024-05-19,Manchester City,West Ham,WHU,MCI,0,1,0.240159,0.240159,-2.0748810000000004,63.0,0,3,3,2.31504,2.31504,2.0748810000000004,8.0,16
2024-05-19_Sheffield,Premier League,2324,Sheffield United v Tottenham,2023,2024-05-19,Sheffield United,Tottenham,TOT,SHE,3,3,3.19675,3.19675,2.499438,4.956521739130435,14,0,0,0.697312,0.697312,-2.499438,33.92307692307692,2
2024-08-16_Manchester,Premier League,2425,Manchester United v Fulham,2024,2024-08-16,Manchester United,Fulham,FLH,MUN,0,0,0.418711,0.418711,-1.6239689999999998,10.833333333333334,3,3,1,2.04268,2.04268,1.6239689999999998,7.379310344827586,7
2024-08-17_Arsenal,Premier League,2425,Arsenal v Wolverhampton Wanderers,2024,2024-08-17,Arsenal,Wolverhampton Wanderers,WOL,ARS,0,0,0.575835,0.575835,-1.0524650000000002,10.818181818181818,2,3,2,1.6283,1.6283,1.0524650000000002,7.769230769230769,14
2024-08-17_Everton,Premier League,2425,Everton v Brighton,2024,2024-08-17,Everton,Brighton,BRI,EVE,3,3,1.79083,1.79083,1.385505,7.916666666666667,5,0,0,0.405325,0.405325,-1.385505,18.333333333333332,4
2024-08-17_Ipswich,Premier League,2425,Ipswich v Liverpool,2024,2024-08-17,Ipswich,Liverpool,LIV,IPS,3,2,3.92906,3.92906,3.586459,8.73913043478261,13,0,0,0.342601,0.342601,-3.586459,18.77777777777778,2
2024-08-17_Newcastle,Premier League,2425,Newcastle United v Southampton,2024,2024-08-17,Newcastle United,Southampton,SOU,NEW,0,0,1.95483,1.95483,1.521341,3.789473684210526,13,3,1,0.433489,0.433489,-1.521341,16.25,4
2024-08-17_Nottingham,Premier League,2425,Nottingham Forest v Bournemouth,2024,2024-08-17,Nottingham Forest,Bournemouth,BOU,NOT,1,1,1.90915,1.90915,0.6650999999999998,9.954545454545455,4,1,1,1.24405,1.24405,-0.6650999999999998,8.653846153846153,10
2024-08-17_West,Premier League,2425,West Ham v Aston Villa,2024,2024-08-17,West Ham,Aston Villa,AVL,WHU,3,2,2.6703,2.6703,0.62677,11.304347826086957,8,0,1,2.8047,2.04353,-0.62677,9.333333333333334,5
2024-08-18_Brentford,Premier League,2425,Brentford v Crystal Palace,2024,2024-08-18,Brentford,Crystal Palace,CRY,BRE,0,1,1.14757,1.14757,-0.2330700000000001,7.724137931034483,4,3,2,1.38064,1.38064,0.2330700000000001,12.666666666666666,1
2024-08-18_Chelsea,Premier League,2425,Chelsea v Manchester City,2024,2024-08-18,Chelsea,Manchester City,MCI,CHE,3,2,1.18038,1.18038,0.11915000000000009,15.058823529411764,10,0,0,1.06123,1.06123,-0.11915000000000009,10.064516129032258,8
2024-08-19_Leicester,Premier League,2425,Leicester v Tottenham,2024,2024-08-19,Leicester,Tottenham,TOT,LEI,1,1,1.40775,1.40775,0.38161,5.482758620689655,21,1,1,1.02614,1.02614,-0.38161,20.6875,2
2024-08-24_Aston,Premier League,2425,Aston Villa v Arsenal,2024,2024-08-24,Aston Villa,Arsenal,ARS,AVL,3,2,1.41399,1.41399,0.09735000000000005,5.833333333333333,10,0,0,1.31664,1.31664,-0.09735000000000005,17.27777777777778,3
2024-08-24_Brighton,Premier League,2425,Brighton v Manchester United,2024,2024-08-24,Brighton,Manchester United,MUN,BRI,0,1,1.28556,1.28556,-0.8559699999999999,16.77777777777778,8,3,2,2.14153,2.14153,0.8559699999999999,12.5,10
2024-08-24_Crystal,Premier League,2425,Crystal Palace v West Ham,2024,2024-08-24,Crystal Palace,West Ham,WHU,CRY,3,2,1.53421,1.53421,0.15810999999999997,13.727272727272727,5,0,0,1.3761,1.3761,-0.15810999999999997,6.911764705882353,6
2024-08-24_Fulham,Premier League,2425,Fulham v Leicester,2024,2024-08-24,Fulham,Leicester,LEI,FLH,0,1,0.857005,0.857005,-1.105175,13.7,1,3,2,1.96218,1.96218,1.105175,10.258064516129032,7
2024-08-24_Manchester,Premier League,2425,Manchester City v Ipswich,2024,2024-08-24,Manchester City,Ipswich,IPS,MCI,0,1,0.479999,0.479999,-1.8370109999999997,17.41176470588235,1,3,4,3.07818,2.31701,1.8370109999999997,8.15,15
2024-08-24_Southampton,Premier League,2425,Southampton v Nottingham Forest,2024,2024-08-24,Southampton,Nottingham Forest,NOT,SOU,3,1,2.86475,2.86475,2.649798,18.47826086956522,9,0,0,0.214952,0.214952,-2.649798,8.142857142857142,4
2024-08-24_Tottenham,Premier League,2425,Tottenham v Everton,2024,2024-08-24,Tottenham,Everton,EVE,TOT,0,0,0.648869,0.648869,-1.962561,12.724137931034482,5,3,4,2.61143,2.61143,1.962561,6.3,9
2024-08-25_Bournemouth,Premier League,2425,Bournemouth v Newcastle United,2024,2024-08-25,Bournemouth,Newcastle United,NEW,BOU,1,1,1.89287,1.89287,-0.64226,9.071428571428571,9,1,1,2.53513,2.53513,0.64226,9.2,8
2024-08-25_Liverpool,Premier League,2425,Liverpool v Brentford,2024,2024-08-25,Liverpool,Brentford,BRE,LIV,0,0,0.457239,0.457239,-2.261531,32.4,2,3,2,2.71877,2.71877,2.261531,10.130434782608695,21
2024-08-25_Wolverhampton,Premier League,2425,Wolverhampton Wanderers v Chelsea,2024,2024-08-25,Wolverhampton Wanderers,Chelsea,CHE,WOL,3,6,2.02935,2.02935,-0.38874999999999993,7.04,6,0,2,2.4181,2.4181,0.38874999999999993,14.428571428571429,8
2024-08-31_Arsenal,Premier League,2425,Arsenal v Brighton,2024,2024-08-31,Arsenal,Brighton,BRI,ARS,1,1,1.81748,1.81748,-0.6005,9.625,6,1,1,2.41798,2.41798,0.6005,9.25,6
2024-08-31_Brentford,Premier League,2425,Brentford v Southampton,2024,2024-08-31,Brentford,Southampton,SOU,BRE,0,1,1.64713,1.64713,-2.21568,8.217391304347826,14,3,3,3.86281,3.86281,2.21568,14.571428571428571,15
2024-08-31_Everton,Premier League,2425,Everton v Bournemouth,2024,2024-08-31,Everton,Bournemouth,BOU,EVE,3,3,2.95688,2.95688,0.4005899999999998,7.095238095238095,7,0,2,2.55629,2.55629,-0.4005899999999998,8.304347826086957,15
2024-08-31_Ipswich,Premier League,2425,Ipswich v Fulham,2024,2024-08-31,Ipswich,Fulham,FLH,IPS,1,1,1.18883,1.18883,0.48178200000000004,10.904761904761905,4,1,1,0.707048,0.707048,-0.48178200000000004,9.25925925925926,2
2024-08-31_Leicester,Premier League,2425,Leicester v Aston Villa,2024,2024-08-31,Leicester,Aston Villa,AVL,LEI,3,2,2.16385,2.16385,1.389109,10.466666666666667,6,0,1,0.774741,0.774741,-1.389109,6.4,3
2024-08-31_Nottingham,Premier League,2425,Nottingham Forest v Wolverhampton Wanderers,2024,2024-08-31,Nottingham Forest,Wolverhampton Wanderers,WOL,NOT,1,1,0.937632,0.937632,-0.473058,6.413793103448276,4,1,1,1.41069,1.41069,0.473058,6.551724137931035,9
2024-08-31_West,Premier League,2425,West Ham v Manchester City,2024,2024-08-31,West Ham,Manchester City,MCI,WHU,3,3,3.19297,3.19297,2.245769,12.125,21,0,1,0.947201,0.947201,-2.245769,20.764705882352942,5
2024-09-01_Chelsea,Premier League,2425,Chelsea v Crystal Palace,2024,2024-09-01,Chelsea,Crystal Palace,CRY,CHE,1,1,0.459708,0.459708,-2.517722,19.789473684210527,6,1,1,2.97743,2.97743,2.517722,11.444444444444445,4
2024-09-01_Manchester,Premier League,2425,Manchester United v Liverpool,2024,2024-09-01,Manchester United,Liverpool,LIV,MUN,3,3,2.10397,2.10397,0.6031,11.692307692307692,9,0,0,1.50087,1.50087,-0.6031,12.5,6
2024-09-01_Newcastle,Premier League,2425,Newcastle United v Tottenham,2024,2024-09-01,Newcastle United,Tottenham,TOT,NEW,0,1,1.63304,1.63304,0.04610000000000003,4.310344827586207,9,3,2,1.58694,1.58694,-0.04610000000000003,8.761904761904763,5
2024-09-14_Aston,Premier League,2425,Aston Villa v Everton,2024,2024-09-14,Aston Villa,Everton,EVE,AVL,0,2,0.852158,0.852158,-2.306602,16.333333333333332,3,3,3,3.15876,3.15876,2.306602,5.260869565217392,9
2024-09-14_Bournemouth,Premier League,2425,Bournemouth v Chelsea,2024,2024-09-14,Bournemouth,Chelsea,CHE,BOU,3,1,0.932726,0.932726,0.156586,9.5,9,0,0,1.53731,0.77614,-0.156586,11.266666666666667,5
2024-09-14_Brighton,Premier League,2425,Brighton v Ipswich,2024,2024-09-14,Brighton,Ipswich,IPS,BRI,1,0,0.721323,0.721323,-1.035637,14.727272727272727,1,1,0,1.75696,1.75696,1.035637,3.8421052631578947,12
2024-09-14_Crystal,Premier League,2425,Crystal Palace v Leicester,2024,2024-09-14,Crystal Palace,Leicester,LEI,CRY,1,2,1.65187,1.65187,-0.4741199999999999,14.318181818181818,7,1,2,2.88716,2.12599,0.4741199999999999,4.911764705882353,15
2024-09-14_Fulham,Premier League,2425,Fulham v West Ham,2024,2024-09-14,Fulham,West Ham,WHU,FLH,1,1,0.682719,0.682719,-2.203291,6.870967741935484,4,1,1,2.88601,2.88601,2.203291,4.685714285714286,6
2024-09-14_Liverpool,Premier League,2425,Liverpool v Nottingham Forest,2024,2024-09-14,Liverpool,Nottingham Forest,NOT,LIV,3,1,0.589532,0.589532,-0.580908,17.055555555555557,4,0,0,1.17044,1.17044,0.580908,3.7333333333333334,6
2024-09-14_Manchester,Premier League,2425,Manchester City v Brentford,2024,2024-09-14,Manchester City,Brentford,BRE,MCI,0,1,1.05094,1.05094,-0.5018499999999999,24.25,6,3,2,1.55279,1.55279,0.5018499999999999,16.36842105263158,22
2024-09-14_Southampton,Premier League,2425,Southampton v Manchester United,2024,2024-09-14,Southampton,Manchester United,MUN,SOU,3,3,3.02693,3.02693,2.4816130000000003,10.344827586206897,17,0,0,1.35593,0.545317,-2.4816130000000003,10.857142857142858,3
2024-09-15_Tottenham,Premier League,2425,Tottenham v Arsenal,2024,2024-09-15,Tottenham,Arsenal,ARS,TOT,3,1,1.1209,1.1209,0.32830499999999996,13.588235294117647,3,0,0,0.792595,0.792595,-0.32830499999999996,5.88,10
2024-09-15_Wolverhampton,Premier League,2425,Wolverhampton Wanderers v Newcastle United,2024,2024-09-15,Wolverhampton Wanderers,Newcastle United,NEW,WOL,3,2,1.48343,1.48343,0.013740000000000085,12.368421052631579,10,0,1,1.46969,1.46969,-0.013740000000000085,9.576923076923077,6
2024-09-21_Aston,Premier League,2425,Aston Villa v Wolverhampton Wanderers,2024,2024-09-21,Aston Villa,Wolverhampton Wanderers,WOL,AVL,0,1,0.520117,0.520117,-1.853393,13.5,4,3,3,2.37351,2.37351,1.853393,11.8,9
2024-09-21_Crystal,Premier League,2425,Crystal Palace v Manchester United,2024,2024-09-21,Crystal Palace,Manchester United,MUN,CRY,1,0,2.35056,2.35056,0.6812800000000001,6.111111111111111,12,1,0,1.66928,1.66928,-0.6812800000000001,18.333333333333332,5
2024-09-21_Fulham,Premier League,2425,Fulham v Newcastle United,2024,2024-09-21,Fulham,Newcastle United,NEW,FLH,0,1,1.09768,1.09768,-2.11373,11.461538461538462,3,3,3,3.21141,3.21141,2.11373,13.037037037037036,7
2024-09-21_Leicester,Premier League,2425,Leicester v Everton,2024,2024-09-21,Leicester,Everton,EVE,LEI,1,1,1.82377,1.82377,0.4858399999999998,19.307692307692307,6,1,1,1.33793,1.33793,-0.4858399999999998,8.421052631578947,8
2024-09-21_Liverpool,Premier League,2425,Liverpool v Bournemouth,2024,2024-09-21,Liverpool,Bournemouth,BOU,LIV,0,0,1.46979,1.46979,-0.9675200000000002,16.08695652173913,6,3,3,2.43731,2.43731,0.9675200000000002,11.85,13
2024-09-21_Southampton,Premier League,2425,Southampton v Ipswich,2024,2024-09-21,Southampton,Ipswich,IPS,SOU,1,1,1.645,1.645,-1.25313,9.235294117647058,5,1,1,2.89813,2.89813,1.25313,8.8,7
2024-09-21_Tottenham,Premier League,2425,Tottenham v Brentford,2024,2024-09-21,Tottenham,Brentford,BRE,TOT,0,1,0.893565,0.893565,-3.001245,9.105263157894736,5,3,3,3.89481,3.89481,3.001245,9.1875,17
2024-09-21_West,Premier League,2425,West Ham v Chelsea,2024,2024-09-21,West Ham,Chelsea,CHE,WHU,3,3,2.39727,2.39727,1.6390029999999998,16.294117647058822,9,0,0,0.758267,0.758267,-1.6390029999999998,9.709677419354838,12
2024-09-22_Brighton,Premier League,2425,Brighton v Nottingham Forest,2024,2024-09-22,Brighton,Nottingham Forest,NOT,BRI,1,2,1.36923,0.608061,-0.960299,22.75,3,1,2,1.56836,1.56836,0.960299,5.304347826086956,4
2024-09-22_Manchester,Premier League,2425,Manchester City v Arsenal,2024,2024-09-22,Manchester City,Arsenal,ARS,MCI,1,2,1.28411,1.28411,-1.4717699999999998,13.071428571428571,1,1,2,2.75588,2.75588,1.4717699999999998,8.357142857142858,13
2024-09-28_Arsenal,Premier League,2425,Arsenal v Leicester,2024,2024-09-28,Arsenal,Leicester,LEI,ARS,0,2,0.337909,0.337909,-5.715141,29.444444444444443,4,3,4,6.05305,6.05305,5.715141,4.633333333333334,21
2024-09-28_Brentford,Premier League,2425,Brentford v West Ham,2024,2024-09-28,Brentford,West Ham,WHU,BRE,1,1,0.878617,0.878617,0.5083949999999999,27.7,12,1,1,0.370222,0.370222,-0.5083949999999999,10.055555555555555,7
2024-09-28_Chelsea,Premier League,2425,Chelsea v Brighton,2024,2024-09-28,Chelsea,Brighton,BRI,CHE,0,2,1.20712,1.20712,-1.6901,8.137931034482758,7,3,4,3.65839,2.89722,1.6901,25.23076923076923,10
2024-09-28_Everton,Premier League,2425,Everton v Crystal Palace,2024,2024-09-28,Everton,Crystal Palace,CRY,EVE,0,1,1.12358,1.12358,0.013989999999999947,9.333333333333334,8,3,2,1.10959,1.10959,-0.013989999999999947,12.5,6
2024-09-28_Newcastle,Premier League,2425,Newcastle United v Manchester City,2024,2024-09-28,Newcastle United,Manchester City,MCI,NEW,1,1,1.26516,1.26516,0.682888,6.3076923076923075,16,1,1,1.34344,0.582272,-0.682888,12.095238095238095,7
2024-09-28_Nottingham,Premier League,2425,Nottingham Forest v Fulham,2024,2024-09-28,Nottingham Forest,Fulham,FLH,NOT,3,1,1.43592,0.674751,0.06040000000000001,8.263157894736842,4,0,0,0.614351,0.614351,-0.06040000000000001,20.071428571428573,8
2024-09-28_Wolverhampton,Premier League,2425,Wolverhampton Wanderers v Liverpool,2024,2024-09-28,Wolverhampton Wanderers,Liverpool,LIV,WOL,3,2,2.11724,1.35607,0.6071450000000002,14.777777777777779,11,0,1,0.748925,0.748925,-0.6071450000000002,14.0,2
2024-09-29_Ipswich,Premier League,2425,Ipswich v Aston Villa,2024,2024-09-29,Ipswich,Aston Villa,AVL,IPS,1,2,1.14494,1.14494,-0.7011399999999999,11.909090909090908,5,1,2,1.84608,1.84608,0.7011399999999999,16.5625,6
2024-09-29_Manchester,Premier League,2425,Manchester United v Tottenham,2024,2024-09-29,Manchester United,Tottenham,TOT,MUN,3,3,5.4072,5.4072,4.8064789999999995,12.176470588235293,15,0,0,0.600721,0.600721,-4.8064789999999995,14.62962962962963,6
2024-09-30_Bournemouth,Premier League,2425,Bournemouth v Southampton,2024,2024-09-30,Bournemouth,Southampton,SOU,BOU,0,1,0.696068,0.696068,-0.746082,11.75,7,3,3,1.44215,1.44215,0.746082,11.59375,7
2024-10-05_Arsenal,Premier League,2425,Arsenal v Southampton,2024,2024-10-05,Arsenal,Southampton,SOU,ARS,0,1,1.27313,1.27313,-1.97852,15.4375,3,3,3,3.25165,3.25165,1.97852,8.10344827586207,14
2024-10-05_Brentford,Premier League,2425,Brentford v Wolverhampton Wanderers,2024,2024-10-05,Brentford,Wolverhampton Wanderers,WOL,BRE,0,3,0.696254,0.696254,-2.6777059999999997,8.95,10,3,5,4.13513,3.37396,2.6777059999999997,11.833333333333334,9
2024-10-05_Crystal,Premier League,2425,Crystal Palace v Liverpool,2024,2024-10-05,Crystal Palace,Liverpool,LIV,CRY,3,1,2.07332,2.07332,1.4638389999999997,5.555555555555555,11,0,0,0.609481,0.609481,-1.4638389999999997,23.9375,3
2024-10-05_Everton,Premier League,2425,Everton v Newcastle United,2024,2024-10-05,Everton,Newcastle United,NEW,EVE,1,0,1.79048,1.02931,0.33709599999999995,5.857142857142857,11,1,0,0.692214,0.692214,-0.33709599999999995,15.76923076923077,3
2024-10-05_Leicester,Premier League,2425,Leicester v Bournemouth,2024,2024-10-05,Leicester,Bournemouth,BOU,LEI,0,0,1.94963,1.94963,1.0375670000000001,8.5,7,3,1,0.912063,0.912063,-1.0375670000000001,13.4,2
2024-10-05_Manchester,Premier League,2425,Manchester City v Fulham,2024,2024-10-05,Manchester City,Fulham,FLH,MCI,0,2,2.75846,2.75846,1.3916199999999999,22.142857142857142,11,3,3,1.36684,1.36684,-1.3916199999999999,14.4,8
2024-10-05_West,Premier League,2425,West Ham v Ipswich,2024,2024-10-05,West Ham,Ipswich,IPS,WHU,0,1,1.18463,1.18463,-3.20939,14.652173913043478,6,3,4,4.39402,4.39402,3.20939,16.266666666666666,6
2024-10-06_Aston,Premier League,2425,Aston Villa v Manchester United,2024,2024-10-06,Aston Villa,Manchester United,MUN,AVL,1,0,0.448537,0.448537,-0.08427199999999996,13.882352941176471,1,1,0,0.532809,0.532809,0.08427199999999996,14.214285714285714,9
2024-10-06_Brighton,Premier League,2425,Brighton v Tottenham,2024,2024-10-06,Brighton,Tottenham,TOT,BRI,0,2,1.09279,1.09279,-0.87938,12.875,10,3,3,1.97217,1.97217,0.87938,12.428571428571429,4
2024-10-06_Chelsea,Premier League,2425,Chelsea v Nottingham Forest,2024,2024-10-06,Chelsea,Nottingham Forest,NOT,CHE,1,1,1.66654,1.66654,-0.6109800000000001,15.882352941176471,5,1,1,2.27752,2.27752,0.6109800000000001,5.869565217391305,13
2024-10-19_Bournemouth,Premier League,2425,Bournemouth v Arsenal,2024,2024-10-19,Bournemouth,Arsenal,ARS,BOU,0,0,0.740758,0.740758,-0.6822619999999999,8.9,4,3,2,2.18419,1.42302,0.6822619999999999,11.761904761904763,7
2024-10-19_Fulham,Premier League,2425,Fulham v Aston Villa,2024,2024-10-19,Fulham,Aston Villa,AVL,FLH,3,3,1.43595,1.43595,-0.4336199999999999,16.8,9,0,1,2.63074,1.86957,0.4336199999999999,12.35,3
2024-10-19_Ipswich,Premier League,2425,Ipswich v Everton,2024,2024-10-19,Ipswich,Everton,EVE,IPS,3,2,1.60804,1.60804,0.43404,15.894736842105264,9,0,0,1.174,1.174,-0.43404,11.428571428571429,3
2024-10-19_Manchester,Premier League,2425,Manchester United v Brentford,2024,2024-10-19,Manchester United,Brentford,BRE,MUN,0,1,0.892843,0.892843,-0.8727069999999999,16.235294117647058,3,3,2,1.76555,1.76555,0.8727069999999999,16.105263157894736,12
2024-10-19_Newcastle,Premier League,2425,Newcastle United v Brighton,2024,2024-10-19,Newcastle United,Brighton,BRI,NEW,3,1,1.6779,1.6779,-0.25866999999999996,16.529411764705884,6,0,0,1.93657,1.93657,0.25866999999999996,5.868421052631579,14
2024-10-19_Southampton,Premier League,2425,Southampton v Leicester,2024,2024-10-19,Southampton,Leicester,LEI,SOU,3,3,2.83826,2.0771,-0.35065999999999997,6.633333333333334,11,0,2,2.42776,2.42776,0.35065999999999997,16.0,8
2024-10-19_Tottenham,Premier League,2425,Tottenham v West Ham,2024,2024-10-19,Tottenham,West Ham,WHU,TOT,0,1,0.858803,0.858803,-0.581717,8.666666666666666,6,3,4,1.44052,1.44052,0.581717,6.15625,11
2024-10-20_Liverpool,Premier League,2425,Liverpool v Chelsea,2024,2024-10-20,Liverpool,Chelsea,CHE,LIV,0,1,1.33904,1.33904,-0.12495999999999996,15.9375,6,3,2,2.22517,1.464,0.12495999999999996,12.8,2
2024-10-20_Wolverhampton,Premier League,2425,Wolverhampton Wanderers v Manchester City,2024,2024-10-20,Wolverhampton Wanderers,Manchester City,MCI,WOL,3,2,1.36569,1.36569,0.604473,5.947368421052632,25,0,1,0.761217,0.761217,-0.604473,26.571428571428573,0
2024-10-21_Nottingham,Premier League,2425,Nottingham Forest v Crystal Palace,2024,2024-10-21,Nottingham Forest,Crystal Palace,CRY,NOT,0,0,0.835001,0.835001,-1.050729,8.666666666666666,5,3,1,1.88573,1.88573,1.050729,14.588235294117647,9
2024-10-25_Leicester,Premier League,2425,Leicester v Nottingham Forest,2024,2024-10-25,Leicester,Nottingham Forest,NOT,LEI,3,3,2.54488,2.54488,1.712465,14.19047619047619,6,0,1,0.832415,0.832415,-1.712465,5.130434782608695,8
2024-10-26_Aston,Premier League,2425,Aston Villa v Bournemouth,2024,2024-10-26,Aston Villa,Bournemouth,BOU,AVL,1,1,0.328651,0.328651,-1.645349,8.807692307692308,6,1,1,1.974,1.974,1.645349,10.333333333333334,16
2024-10-26_Brentford,Premier League,2425,Brentford v Ipswich,2024,2024-10-26,Brentford,Ipswich,IPS,BRE,0,3,1.65698,1.65698,-1.67848,18.63157894736842,6,3,4,4.09663,3.33546,1.67848,7.933333333333334,9
2024-10-26_Brighton,Premier League,2425,Brighton v Wolverhampton Wanderers,2024,2024-10-26,Brighton,Wolverhampton Wanderers,WOL,BRI,1,2,1.11074,1.11074,-0.40273000000000003,11.272727272727273,3,1,2,1.51347,1.51347,0.40273000000000003,9.964285714285714,12
2024-10-26_Everton,Premier League,2425,Everton v Fulham,2024,2024-10-26,Everton,Fulham,FLH,EVE,1,1,1.49531,1.49531,0.6104649999999999,10.95,7,1,1,0.884845,0.884845,-0.6104649999999999,21.176470588235293,7
2024-10-26_Manchester,Premier League,2425,Manchester City v Southampton,2024,2024-10-26,Manchester City,Southampton,SOU,MCI,0,0,0.369989,0.369989,-2.792871,15.909090909090908,6,3,1,3.16286,3.16286,2.792871,11.8,12
2024-10-27_Arsenal,Premier League,2425,Arsenal v Liverpool,2024,2024-10-27,Arsenal,Liverpool,LIV,ARS,1,2,1.35346,1.35346,0.26516000000000006,8.272727272727273,8,1,2,1.0883,1.0883,-0.26516000000000006,8.071428571428571,6
2024-10-27_Chelsea,Premier League,2425,Chelsea v Newcastle United,2024,2024-10-27,Chelsea,Newcastle United,NEW,CHE,0,1,1.74225,1.74225,0.12431000000000014,9.08,11,3,2,1.61794,1.61794,-0.12431000000000014,9.137931034482758,5
2024-10-27_Crystal,Premier League,2425,Crystal Palace v Tottenham,2024,2024-10-27,Crystal Palace,Tottenham,TOT,CRY,0,0,1.0192,1.0192,0.0405890000000001,4.625,7,3,1,0.978611,0.978611,-0.0405890000000001,6.951219512195122,7
2024-10-27_West,Premier League,2425,West Ham v Manchester United,2024,2024-10-27,West Ham,Manchester United,MUN,WHU,0,1,2.62598,2.62598,0.3940300000000003,10.285714285714286,7,3,2,2.99312,2.23195,-0.3940300000000003,21.076923076923077,7
2024-11-02_Bournemouth,Premier League,2425,Bournemouth v Manchester City,2024,2024-11-02,Bournemouth,Manchester City,MCI,BOU,0,1,2.3527,2.3527,-0.09660000000000002,13.0,17,3,2,2.4493,2.4493,0.09660000000000002,15.05,6
2024-11-02_Ipswich,Premier League,2425,Ipswich v Leicester,2024,2024-11-02,Ipswich,Leicester,LEI,IPS,1,1,2.33858,2.33858,1.0024099999999998,10.615384615384615,10,1,1,1.33617,1.33617,-1.0024099999999998,11.318181818181818,4
2024-11-02_Liverpool,Premier League,2425,Liverpool v Brighton,2024,2024-11-02,Liverpool,Brighton,BRI,LIV,0,1,1.01568,1.01568,-0.7946900000000001,8.058823529411764,5,3,2,1.81037,1.81037,0.7946900000000001,10.464285714285714,10
2024-11-02_Newcastle,Premier League,2425,Newcastle United v Arsenal,2024,2024-11-02,Newcastle United,Arsenal,ARS,NEW,0,0,0.911305,0.911305,0.051590000000000025,5.24,9,3,1,0.859715,0.859715,-0.051590000000000025,13.210526315789474,9
2024-11-02_Nottingham,Premier League,2425,Nottingham Forest v West Ham,2024,2024-11-02,Nottingham Forest,West Ham,WHU,NOT,0,0,0.132317,0.132317,-2.217793,13.066666666666666,2,3,3,2.35011,2.35011,2.217793,14.1875,11
2024-11-02_Southampton,Premier League,2425,Southampton v Everton,2024,2024-11-02,Southampton,Everton,EVE,SOU,0,0,1.78581,1.78581,1.2454649999999998,15.0,4,3,1,0.540345,0.540345,-1.2454649999999998,9.235294117647058,6
2024-11-02_Wolverhampton,Premier League,2425,Wolverhampton Wanderers v Crystal Palace,2024,2024-11-02,Wolverhampton Wanderers,Crystal Palace,CRY,WOL,1,2,2.64849,2.64849,0.9983099999999998,12.956521739130435,2,1,2,1.65018,1.65018,-0.9983099999999998,6.103448275862069,6
2024-11-03_Manchester,Premier League,2425,Manchester United v Chelsea,2024,2024-11-03,Manchester United,Chelsea,CHE,MUN,1,1,1.21071,1.21071,-0.18863000000000008,10.208333333333334,8,1,1,2.1605,1.39934,0.18863000000000008,8.151515151515152,4
2024-11-03_Tottenham,Premier League,2425,Tottenham v Aston Villa,2024,2024-11-03,Tottenham,Aston Villa,AVL,TOT,0,1,2.48749,2.48749,0.38998,10.470588235294118,3,3,4,2.09751,2.09751,-0.38998,5.441860465116279,11
2024-11-04_Fulham,Premier League,2425,Fulham v Brentford,2024,2024-11-04,Fulham,Brentford,BRE,FLH,0,1,0.739231,0.739231,-0.690939,12.333333333333334,2,3,2,1.43017,1.43017,0.690939,6.0,13
2024-11-09_Brentford,Premier League,2425,Brentford v Bournemouth,2024,2024-11-09,Brentford,Bournemouth,BOU,BRE,0,2,2.49234,2.49234,0.9276,8.782608695652174,6,3,3,1.56474,1.56474,-0.9276,9.0,14
2024-11-09_Brighton,Premier League,2425,Brighton v Manchester City,2024,2024-11-09,Brighton,Manchester City,MCI,BRI,0,1,2.60334,2.60334,-0.26781999999999995,17.470588235294116,4,3,2,2.87116,2.87116,0.26781999999999995,13.566666666666666,5
2024-11-09_Crystal,Premier League,2425,Crystal Palace v Fulham,2024,2024-11-09,Crystal Palace,Fulham,FLH,CRY,3,2,2.25331,2.25331,0.29294,6.538461538461538,7,0,0,1.96037,1.96037,-0.29294,13.615384615384615,4
2024-11-09_Liverpool,Premier League,2425,Liverpool v Aston Villa,2024,2024-11-09,Liverpool,Aston Villa,AVL,LIV,0,0,1.66337,1.66337,-1.01859,17.681818181818183,4,3,2,2.68196,2.68196,1.01859,8.615384615384615,7
2024-11-09_West,Premier League,2425,West Ham v Everton,2024,2024-11-09,West Ham,Everton,EVE,WHU,1,0,0.865983,0.865983,-0.257717,11.11111111111111,7,1,0,1.1237,1.1237,0.257717,10.142857142857142,8
2024-11-09_Wolverhampton,Premier League,2425,Wolverhampton Wanderers v Southampton,2024,2024-11-09,Wolverhampton Wanderers,Southampton,SOU,WOL,0,0,0.792655,0.792655,-0.12012599999999996,5.814814814814815,6,3,2,0.912781,0.912781,0.12012599999999996,25.4375,7
2024-11-10_Chelsea,Premier League,2425,Chelsea v Arsenal,2024,2024-11-10,Chelsea,Arsenal,ARS,CHE,1,1,1.9605,1.9605,0.71983,10.26086956521739,6,1,1,1.24067,1.24067,-0.71983,16.5,6
2024-11-10_Manchester,Premier League,2425,Manchester United v Leicester,2024,2024-11-10,Manchester United,Leicester,LEI,MUN,0,0,0.417295,0.417295,-0.8196050000000001,14.6,5,3,3,1.2369,1.2369,0.8196050000000001,10.142857142857142,2
2024-11-10_Nottingham,Premier League,2425,Nottingham Forest v Newcastle United,2024,2024-11-10,Nottingham Forest,Newcastle United,NEW,NOT,3,3,1.86904,1.86904,0.69052,13.833333333333334,10,0,1,1.17852,1.17852,-0.69052,10.695652173913043,4
2024-11-10_Tottenham,Premier League,2425,Tottenham v Ipswich,2024,2024-11-10,Tottenham,Ipswich,IPS,TOT,3,2,2.18392,2.18392,0.4330400000000001,9.35483870967742,6,0,1,1.75088,1.75088,-0.4330400000000001,6.631578947368421,10
2024-11-23_Arsenal,Premier League,2425,Arsenal v Nottingham Forest,2024,2024-11-23,Arsenal,Nottingham Forest,NOT,ARS,0,0,0.403136,0.403136,-1.2570240000000001,21.647058823529413,0,3,3,1.66016,1.66016,1.2570240000000001,10.533333333333333,19
2024-11-23_Aston,Premier League,2425,Aston Villa v Crystal Palace,2024,2024-11-23,Aston Villa,Crystal Palace,CRY,AVL,1,2,1.61437,1.61437,-0.6690100000000001,15.818181818181818,2,1,2,3.04455,2.28338,0.6690100000000001,7.4,11
2024-11-23_Bournemouth,Premier League,2425,Bournemouth v Brighton,2024,2024-11-23,Bournemouth,Brighton,BRI,BOU,3,2,1.23059,1.23059,-0.6809799999999999,13.0,5,0,1,1.91157,1.91157,0.6809799999999999,7.419354838709677,11
2024-11-23_Everton,Premier League,2425,Everton v Brentford,2024,2024-11-23,Everton,Brentford,BRE,EVE,1,0,1.34314,1.34314,-0.25195999999999996,7.956521739130435,1,1,0,1.5951,1.5951,0.25195999999999996,14.866666666666667,8
2024-11-23_Fulham,Premier League,2425,Fulham v Wolverhampton Wanderers,2024,2024-11-23,Fulham,Wolverhampton Wanderers,WOL,FLH,3,4,1.33903,1.33903,0.621872,14.368421052631579,8,0,1,0.717158,0.717158,-0.621872,6.611111111111111,6
2024-11-23_Leicester,Premier League,2425,Leicester v Chelsea,2024,2024-11-23,Leicester,Chelsea,CHE,LEI,3,2,2.81658,2.81658,2.609762,8.347826086956522,13,0,1,0.967987,0.206818,-2.609762,13.291666666666666,3
2024-11-23_Manchester,Premier League,2425,Manchester City v Tottenham,2024,2024-11-23,Manchester City,Tottenham,TOT,MCI,3,4,3.30449,3.30449,1.1454999999999997,28.3,8,0,0,2.15899,2.15899,-1.1454999999999997,6.621621621621622,14
2024-11-24_Ipswich,Premier League,2425,Ipswich v Manchester United,2024,2024-11-24,Ipswich,Manchester United,MUN,IPS,1,1,1.26912,1.26912,-0.7180199999999999,12.0,5,1,1,1.98714,1.98714,0.7180199999999999,21.136363636363637,4
2024-11-24_Southampton,Premier League,2425,Southampton v Liverpool,2024,2024-11-24,Southampton,Liverpool,LIV,SOU,3,3,3.18835,2.42718,1.785165,8.285714285714286,13,0,2,1.53985,0.642015,-1.785165,24.0,6
2024-11-25_Newcastle,Premier League,2425,Newcastle United v West Ham,2024,2024-11-25,Newcastle United,West Ham,WHU,NEW,3,2,0.942824,0.942824,-0.5549860000000001,14.11111111111111,5,0,0,1.49781,1.49781,0.5549860000000001,9.448275862068966,6
2024-11-29_Brighton,Premier League,2425,Brighton v Southampton,2024,2024-11-29,Brighton,Southampton,SOU,BRI,1,1,0.934969,0.934969,-0.934891,12.045454545454545,4,1,1,1.86986,1.86986,0.934891,8.588235294117647,16
2024-11-30_Brentford,Premier League,2425,Brentford v Leicester,2024,2024-11-30,Brentford,Leicester,LEI,BRE,0,1,0.907555,0.907555,-1.3112950000000003,14.421052631578947,3,3,4,2.21885,2.21885,1.3112950000000003,7.607142857142857,7
2024-11-30_Crystal,Premier League,2425,Crystal Palace v Newcastle United,2024,2024-11-30,Crystal Palace,Newcastle United,NEW,CRY,1,1,0.020989,0.020989,-2.274961,9.5,2,1,1,2.29595,2.29595,2.274961,8.851851851851851,11
2024-11-30_Nottingham,Premier League,2425,Nottingham Forest v Ipswich,2024,2024-11-30,Nottingham Forest,Ipswich,IPS,NOT,0,0,0.462771,0.462771,-0.5419289999999999,7.722222222222222,5,3,1,1.76587,1.0047,0.5419289999999999,12.875,3
2024-11-30_West,Premier League,2425,West Ham v Arsenal,2024,2024-11-30,West Ham,Arsenal,ARS,WHU,3,5,3.99935,2.47701,1.24162,12.0,6,0,2,1.23539,1.23539,-1.24162,13.833333333333334,3
2024-11-30_Wolverhampton,Premier League,2425,Wolverhampton Wanderers v Bournemouth,2024,2024-11-30,Wolverhampton Wanderers,Bournemouth,BOU,WOL,3,4,3.07901,0.795501,-0.07053299999999996,10.74074074074074,4,0,2,0.866034,0.866034,0.07053299999999996,11.3125,8
2024-12-01_Chelsea,Premier League,2425,Chelsea v Aston Villa,2024,2024-12-01,Chelsea,Aston Villa,AVL,CHE,0,0,0.875443,0.875443,-1.073947,39.6,4,3,3,1.94939,1.94939,1.073947,8.1,4
2024-12-01_Liverpool,Premier League,2425,Liverpool v Manchester City,2024,2024-12-01,Liverpool,Manchester City,MCI,LIV,0,0,0.745015,0.745015,-2.194355,15.6875,4,3,2,3.70054,2.93937,2.194355,17.352941176470587,8
2024-12-01_Manchester,Premier League,2425,Manchester United v Everton,2024,2024-12-01,Manchester United,Everton,EVE,MUN,0,0,0.766749,0.766749,-0.9948609999999999,17.074074074074073,3,3,4,1.76161,1.76161,0.9948609999999999,11.458333333333334,10
2024-12-01_Tottenham,Premier League,2425,Tottenham v Fulham,2024,2024-12-01,Tottenham,Fulham,FLH,TOT,1,1,1.57274,1.57274,0.5618799999999999,11.347826086956522,7,1,1,1.01086,1.01086,-0.5618799999999999,19.307692307692307,7
2024-12-03_Ipswich,Premier League,2425,Ipswich v Crystal Palace,2024,2024-12-03,Ipswich,Crystal Palace,CRY,IPS,3,1,1.65422,1.65422,1.182512,13.565217391304348,6,0,0,0.471708,0.471708,-1.182512,10.956521739130435,2
2024-12-03_Leicester,Premier League,2425,Leicester v West Ham,2024,2024-12-03,Leicester,West Ham,WHU,LEI,0,1,2.87716,2.87716,0.09655000000000014,12.777777777777779,14,3,3,2.78061,2.78061,-0.09655000000000014,10.068965517241379,4
2024-12-04_Arsenal,Premier League,2425,Arsenal v Manchester United,2024,2024-12-04,Arsenal,Manchester United,MUN,ARS,0,0,0.256083,0.256083,-2.710757,19.4,1,3,2,2.96684,2.96684,2.710757,11.8,8
2024-12-04_Aston,Premier League,2425,Aston Villa v Brentford,2024,2024-12-04,Aston Villa,Brentford,BRE,AVL,0,1,1.13266,1.13266,-1.3229000000000002,7.258064516129032,5,3,3,3.21673,2.45556,1.3229000000000002,11.105263157894736,11
2024-12-04_Everton,Premier League,2425,Everton v Wolverhampton Wanderers,2024,2024-12-04,Everton,Wolverhampton Wanderers,WOL,EVE,0,0,0.847724,0.847724,-0.6513159999999999,7.708333333333333,4,3,4,1.49904,1.49904,0.6513159999999999,10.178571428571429,7
2024-12-04_Manchester,Premier League,2425,Manchester City v Nottingham Forest,2024,2024-12-04,Manchester City,Nottingham Forest,NOT,MCI,0,0,0.802155,0.802155,-2.399535,10.703703703703704,7,3,3,3.20169,3.20169,2.399535,7.866666666666666,10
2024-12-04_Newcastle,Premier League,2425,Newcastle United v Liverpool,2024,2024-12-04,Newcastle United,Liverpool,LIV,NEW,1,3,2.22766,2.22766,0.7070900000000002,8.153846153846153,9,1,3,1.52057,1.52057,-0.7070900000000002,13.590909090909092,3
2024-12-04_Southampton,Premier League,2425,Southampton v Chelsea,2024,2024-12-04,Southampton,Chelsea,CHE,SOU,3,5,5.8331,5.8331,3.92296,11.074074074074074,18,0,1,1.91014,1.91014,-3.92296,33.375,6
2024-12-05_Bournemouth,Premier League,2425,Bournemouth v Tottenham,2024,2024-12-05,Bournemouth,Tottenham,TOT,BOU,0,0,0.623934,0.623934,-2.653226,3.5925925925925926,11,3,1,3.27716,3.27716,2.653226,7.064516129032258,10
2024-12-05_Fulham,Premier League,2425,Fulham v Brighton,2024,2024-12-05,Fulham,Brighton,BRI,FLH,0,1,1.09939,1.09939,0.4327460000000001,13.647058823529411,2,3,3,0.666644,0.666644,-0.4327460000000001,18.705882352941178,3
2024-12-07_Aston,Premier League,2425,Aston Villa v Southampton,2024,2024-12-07,Aston Villa,Southampton,SOU,AVL,0,0,0.385832,0.385832,-2.127548,8.851851851851851,7,3,1,2.51338,2.51338,2.127548,7.885714285714286,13
2024-12-07_Brentford,Premier League,2425,Brentford v Newcastle United,2024,2024-12-07,Brentford,Newcastle United,NEW,BRE,0,2,1.95645,1.95645,0.21045000000000003,12.133333333333333,9,3,4,1.746,1.746,-0.21045000000000003,10.76,6
2024-12-07_Crystal,Premier League,2425,Crystal Palace v Manchester City,2024,2024-12-07,Crystal Palace,Manchester City,MCI,CRY,1,2,1.5846,1.5846,0.36983999999999995,8.227272727272727,16,1,2,1.21476,1.21476,-0.36983999999999995,38.8,6
2024-12-07_Manchester,Premier League,2425,Manchester United v Nottingham Forest,2024,2024-12-07,Manchester United,Nottingham Forest,NOT,MUN,3,3,0.651217,0.651217,-0.818483,26.384615384615383,4,0,2,1.4697,1.4697,0.818483,3.2083333333333335,7
2024-12-08_Fulham,Premier League,2425,Fulham v Arsenal,2024,2024-12-08,Fulham,Arsenal,ARS,FLH,1,1,2.4333,2.4333,2.282312,8.68421052631579,12,1,1,0.150988,0.150988,-2.282312,24.357142857142858,0
2024-12-08_Ipswich,Premier League,2425,Ipswich v Bournemouth,2024,2024-12-08,Ipswich,Bournemouth,BOU,IPS,3,2,3.49127,3.49127,1.9244700000000001,5.125,12,0,1,1.5668,1.5668,-1.9244700000000001,9.4,12
2024-12-08_Leicester,Premier League,2425,Leicester v Brighton,2024,2024-12-08,Leicester,Brighton,BRI,LEI,1,2,1.12184,1.12184,-0.30254000000000003,12.423076923076923,5,1,2,1.42438,1.42438,0.30254000000000003,14.5,3
2024-12-08_Tottenham,Premier League,2425,Tottenham v Chelsea,2024,2024-12-08,Tottenham,Chelsea,CHE,TOT,3,4,2.57326,1.05092,-2.20396,7.958333333333333,16,0,3,3.25488,3.25488,2.20396,9.857142857142858,8
2024-12-09_West,Premier League,2425,West Ham v Wolverhampton Wanderers,2024,2024-12-09,West Ham,Wolverhampton Wanderers,WOL,WHU,0,1,1.47567,1.47567,0.27759,8.037037037037036,6,3,2,1.19808,1.19808,-0.27759,9.043478260869565,7
2024-12-14_Arsenal,Premier League,2425,Arsenal v Everton,2024,2024-12-14,Arsenal,Everton,EVE,ARS,1,0,0.132166,0.132166,-1.176484,19.77777777777778,2,1,0,1.30865,1.30865,1.176484,5.0476190476190474,12
2024-12-14_Liverpool,Premier League,2425,Liverpool v Fulham,2024,2024-12-14,Liverpool,Fulham,FLH,LIV,1,2,1.2862,1.2862,-0.8107799999999998,38.75,6,1,2,2.09698,2.09698,0.8107799999999998,7.703703703703703,8
2024-12-14_Newcastle,Premier League,2425,Newcastle United v Leicester,2024,2024-12-14,Newcastle United,Leicester,LEI,NEW,0,0,0.186759,0.186759,-3.7678510000000003,14.826086956521738,3,3,4,3.95461,3.95461,3.7678510000000003,11.368421052631579,21
2024-12-14_Nottingham,Premier League,2425,Nottingham Forest v Aston Villa,2024,2024-12-14,Nottingham Forest,Aston Villa,AVL,NOT,0,1,0.389423,0.389423,-1.8966769999999997,16.928571428571427,7,3,2,2.2861,2.2861,1.8966769999999997,17.3125,5
2024-12-14_Wolverhampton,Premier League,2425,Wolverhampton Wanderers v Ipswich,2024,2024-12-14,Wolverhampton Wanderers,Ipswich,IPS,WOL,3,2,1.73349,1.73349,0.49601000000000006,12.363636363636363,4,0,1,1.23748,1.23748,-0.49601000000000006,11.608695652173912,11
2024-12-15_Brighton,Premier League,2425,Brighton v Crystal Palace,2024,2024-12-15,Brighton,Crystal Palace,CRY,BRI,3,3,3.00618,3.00618,1.6829500000000002,14.136363636363637,6,0,1,1.32323,1.32323,-1.6829500000000002,4.756756756756757,9
2024-12-15_Chelsea,Premier League,2425,Chelsea v Brentford,2024,2024-12-15,Chelsea,Brentford,BRE,CHE,0,1,1.65861,1.65861,-0.9328500000000002,14.625,6,3,2,2.59146,2.59146,0.9328500000000002,8.761904761904763,13
2024-12-15_Manchester,Premier League,2425,Manchester City v Manchester United,2024,2024-12-15,Manchester City,Manchester United,MUN,MCI,3,2,2.04662,1.28545,0.647347,7.928571428571429,5,0,1,0.638103,0.638103,-0.647347,16.944444444444443,4
2024-12-15_Southampton,Premier League,2425,Southampton v Tottenham,2024,2024-12-15,Southampton,Tottenham,TOT,SOU,3,5,3.89322,3.89322,2.6196599999999997,10.666666666666666,10,0,0,1.27356,1.27356,-2.6196599999999997,17.47826086956522,2
2024-12-16_Bournemouth,Premier League,2425,Bournemouth v West Ham,2024,2024-12-16,Bournemouth,West Ham,WHU,BOU,1,1,1.81827,1.0571,-0.9913200000000002,10.894736842105264,6,1,1,2.04842,2.04842,0.9913200000000002,11.473684210526315,10
2024-12-21_Aston,Premier League,2425,Aston Villa v Manchester City,2024,2024-12-21,Aston Villa,Manchester City,MCI,AVL,0,1,1.09627,1.09627,-0.9636100000000001,19.6,4,3,2,2.05988,2.05988,0.9636100000000001,18.357142857142858,7
2024-12-21_Brentford,Premier League,2425,Brentford v Nottingham Forest,2024,2024-12-21,Brentford,Nottingham Forest,NOT,BRE,3,2,0.964897,0.964897,0.19589299999999998,15.222222222222221,6,0,0,0.769004,0.769004,-0.19589299999999998,4.862068965517241,11
2024-12-21_Crystal,Premier League,2425,Crystal Palace v Arsenal,2024,2024-12-21,Crystal Palace,Arsenal,ARS,CRY,3,5,3.05434,3.05434,1.4491399999999999,12.833333333333334,6,0,1,1.6052,1.6052,-1.4491399999999999,17.3,3
2024-12-21_Ipswich,Premier League,2425,Ipswich v Newcastle United,2024,2024-12-21,Ipswich,Newcastle United,NEW,IPS,3,4,3.23386,3.23386,2.16959,12.263157894736842,14,0,0,1.06427,1.06427,-2.16959,17.782608695652176,0
2024-12-21_West,Premier League,2425,West Ham v Brighton,2024,2024-12-21,West Ham,Brighton,BRI,WHU,1,1,1.34379,1.34379,0.11441999999999997,6.1891891891891895,13,1,1,1.22937,1.22937,-0.11441999999999997,9.48,6
2024-12-22_Everton,Premier League,2425,Everton v Chelsea,2024,2024-12-22,Everton,Chelsea,CHE,EVE,1,0,1.51591,1.51591,0.44510000000000005,4.782608695652174,2,1,0,1.07081,1.07081,-0.44510000000000005,14.428571428571429,0
2024-12-22_Fulham,Premier League,2425,Fulham v Southampton,2024,2024-12-22,Fulham,Southampton,SOU,FLH,1,0,0.280031,0.280031,-0.9725190000000001,11.653846153846153,3,1,0,1.25255,1.25255,0.9725190000000001,18.333333333333332,8
2024-12-22_Leicester,Premier League,2425,Leicester v Wolverhampton Wanderers,2024,2024-12-22,Leicester,Wolverhampton Wanderers,WOL,LEI,3,3,1.13531,1.13531,0.34663,14.590909090909092,3,0,0,0.78868,0.78868,-0.34663,11.851851851851851,3
2024-12-22_Manchester,Premier League,2425,Manchester United v Bournemouth,2024,2024-12-22,Manchester United,Bournemouth,BOU,MUN,3,3,1.82831,1.06714,-1.21819,9.23076923076923,3,0,0,2.28533,2.28533,1.21819,7.3478260869565215,14
2024-12-22_Tottenham,Premier League,2425,Tottenham v Liverpool,2024,2024-12-22,Tottenham,Liverpool,LIV,TOT,3,6,5.20214,5.20214,3.99969,11.551724137931034,14,0,3,1.20245,1.20245,-3.99969,21.53846153846154,8
2024-12-26_Bournemouth,Premier League,2425,Bournemouth v Crystal Palace,2024,2024-12-26,Bournemouth,Crystal Palace,CRY,BOU,1,0,0.500066,0.500066,-0.7018239999999999,11.842105263157896,8,1,0,1.20189,1.20189,0.7018239999999999,6.411764705882353,10
2024-12-26_Chelsea,Premier League,2425,Chelsea v Fulham,2024,2024-12-26,Chelsea,Fulham,FLH,CHE,3,2,1.77929,1.77929,0.22303000000000006,17.88235294117647,4,0,1,1.55626,1.55626,-0.22303000000000006,16.869565217391305,6
2024-12-26_Liverpool,Premier League,2425,Liverpool v Leicester,2024,2024-12-26,Liverpool,Leicester,LEI,LIV,0,1,0.22097,0.22097,-1.6783800000000002,78.0,0,3,3,1.89935,1.89935,1.6783800000000002,5.484848484848484,26
2024-12-26_Manchester,Premier League,2425,Manchester City v Everton,2024,2024-12-26,Manchester City,Everton,EVE,MCI,1,1,0.653289,0.653289,-1.105201,28.09090909090909,1,1,1,2.51965,1.75849,1.105201,10.666666666666666,18
2024-12-26_Newcastle,Premier League,2425,Newcastle United v Aston Villa,2024,2024-12-26,Newcastle United,Aston Villa,AVL,NEW,0,0,0.225522,0.225522,-2.603148,21.714285714285715,2,3,3,2.82867,2.82867,2.603148,6.107142857142857,20
2024-12-26_Nottingham,Premier League,2425,Nottingham Forest v Tottenham,2024,2024-12-26,Nottingham Forest,Tottenham,TOT,NOT,0,0,1.05758,1.05758,-0.24259999999999993,5.4,9,3,1,1.30018,1.30018,0.24259999999999993,23.153846153846153,5
2024-12-26_Southampton,Premier League,2425,Southampton v West Ham,2024,2024-12-26,Southampton,West Ham,WHU,SOU,3,1,1.90111,1.90111,-0.2972199999999998,18.857142857142858,6,0,0,2.19833,2.19833,0.2972199999999998,7.9655172413793105,9
2024-12-26_Wolverhampton,Premier League,2425,Wolverhampton Wanderers v Manchester United,2024,2024-12-26,Wolverhampton Wanderers,Manchester United,MUN,WOL,0,0,0.358876,0.358876,-0.46761300000000006,7.470588235294118,2,3,2,0.826489,0.826489,0.46761300000000006,10.523809523809524,4
2024-12-27_Arsenal,Premier League,2425,Arsenal v Ipswich,2024,2024-12-27,Arsenal,Ipswich,IPS,ARS,0,0,0.0783327,0.0783327,-2.0862873000000004,19.41176470588235,0,3,1,2.16462,2.16462,2.0862873000000004,6.428571428571429,12
2024-12-27_Brighton,Premier League,2425,Brighton v Brentford,2024,2024-12-27,Brighton,Brentford,BRE,BRI,1,0,0.961233,0.961233,-0.374147,12.631578947368421,5,1,0,1.33538,1.33538,0.374147,8.347826086956522,21
2024-12-29_Crystal,Premier League,2425,Crystal Palace v Southampton,2024,2024-12-29,Crystal Palace,Southampton,SOU,CRY,0,1,1.21853,1.21853,-1.8356400000000002,5.65625,1,3,2,3.05417,3.05417,1.8356400000000002,7.0285714285714285,10
2024-12-29_Everton,Premier League,2425,Everton v Nottingham Forest,2024,2024-12-29,Everton,Nottingham Forest,NOT,EVE,3,2,2.02753,2.02753,1.412339,17.0,7,0,0,0.615191,0.615191,-1.412339,8.1875,8
2024-12-29_Fulham,Premier League,2425,Fulham v Bournemouth,2024,2024-12-29,Fulham,Bournemouth,BOU,FLH,1,2,1.70692,1.70692,0.745354,10.423076923076923,10,1,2,0.961566,0.961566,-0.745354,11.944444444444445,5
2024-12-29_Leicester,Premier League,2425,Leicester v Manchester City,2024,2024-12-29,Leicester,Manchester City,MCI,LEI,3,2,1.58002,1.58002,-0.26205999999999996,27.642857142857142,9,0,0,1.84208,1.84208,0.26205999999999996,15.31578947368421,5
2024-12-29_Tottenham,Premier League,2425,Tottenham v Wolverhampton Wanderers,2024,2024-12-29,Tottenham,Wolverhampton Wanderers,WOL,TOT,1,2,0.640697,0.640697,-0.882473,10.9,6,1,2,2.28433,1.52317,0.882473,11.68421052631579,6
2024-12-29_West,Premier League,2425,West Ham v Liverpool,2024,2024-12-29,West Ham,Liverpool,LIV,WHU,3,5,3.29868,3.29868,2.780401,10.035714285714286,16,0,0,0.518279,0.518279,-2.780401,14.157894736842104,3
2024-12-30_Aston,Premier League,2425,Aston Villa v Brighton,2024,2024-12-30,Aston Villa,Brighton,BRI,AVL,1,2,0.938042,0.938042,-0.18075799999999997,8.59375,6,1,2,1.87997,1.1188,0.18075799999999997,9.95,13
2024-12-30_Ipswich,Premier League,2425,Ipswich v Chelsea,2024,2024-12-30,Ipswich,Chelsea,CHE,IPS,0,0,1.60622,1.60622,0.866462,7.5625,18,3,2,1.50093,0.739758,-0.866462,22.9375,4
2024-12-30_Manchester,Premier League,2425,Manchester United v Newcastle United,2024,2024-12-30,Manchester United,Newcastle United,NEW,MUN,3,2,2.2424,2.2424,1.24167,19.444444444444443,5,0,0,1.00073,1.00073,-1.24167,9.833333333333334,6
2025-01-01_Brentford,Premier League,2425,Brentford v Arsenal,2024,2025-01-01,Brentford,Arsenal,ARS,BRE,3,3,1.99848,1.99848,1.725876,17.41176470588235,17,0,1,0.272604,0.272604,-1.725876,17.727272727272727,2
2025-01-04_Aston,Premier League,2425,Aston Villa v Leicester,2024,2025-01-04,Aston Villa,Leicester,LEI,AVL,0,1,0.81548,0.81548,-1.5301200000000001,20.842105263157894,3,3,2,2.3456,2.3456,1.5301200000000001,9.03448275862069,9
2025-01-04_Bournemouth,Premier League,2425,Bournemouth v Everton,2024,2025-01-04,Bournemouth,Everton,EVE,BOU,0,0,0.561015,0.561015,-2.057505,10.722222222222221,1,3,1,2.61852,2.61852,2.057505,3.962962962962963,14
2025-01-04_Brighton,Premier League,2425,Brighton v Arsenal,2024,2025-01-04,Brighton,Arsenal,ARS,BRI,1,1,1.81142,1.81142,0.8074600000000001,10.833333333333334,8,1,1,1.76513,1.00396,-0.8074600000000001,14.772727272727273,4
2025-01-04_Crystal,Premier League,2425,Crystal Palace v Chelsea,2024,2025-01-04,Crystal Palace,Chelsea,CHE,CRY,1,1,1.51541,1.51541,0.23880999999999997,9.272727272727273,16,1,1,1.2766,1.2766,-0.23880999999999997,19.294117647058822,6
2025-01-04_Manchester,Premier League,2425,Manchester City v West Ham,2024,2025-01-04,Manchester City,West Ham,WHU,MCI,0,1,1.53286,1.53286,-0.44700000000000006,11.777777777777779,7,3,4,1.97986,1.97986,0.44700000000000006,14.68421052631579,9
2025-01-04_Southampton,Premier League,2425,Southampton v Brentford,2024,2025-01-04,Southampton,Brentford,BRE,SOU,3,5,5.54874,4.78757,4.537955999999999,11.090909090909092,15,0,0,0.249614,0.249614,-4.537955999999999,12.88888888888889,9
2025-01-04_Tottenham,Premier League,2425,Tottenham v Newcastle United,2024,2025-01-04,Tottenham,Newcastle United,NEW,TOT,3,2,2.42963,2.42963,1.4263,7.730769230769231,9,0,1,1.00333,1.00333,-1.4263,5.806451612903226,15
2025-01-05_Fulham,Premier League,2425,Fulham v Ipswich,2024,2025-01-05,Fulham,Ipswich,IPS,FLH,1,2,1.4434,0.682234,-0.45011599999999996,13.75,2,1,2,2.65469,1.13235,0.45011599999999996,8.1875,5
2025-01-05_Liverpool,Premier League,2425,Liverpool v Manchester United,2024,2025-01-05,Liverpool,Manchester United,MUN,LIV,1,2,1.67469,1.67469,-0.4261499999999998,7.555555555555555,7,1,2,2.862,2.10084,0.4261499999999998,8.869565217391305,7
2025-01-06_Wolverhampton,Premier League,2425,Wolverhampton Wanderers v Nottingham Forest,2024,2025-01-06,Wolverhampton Wanderers,Nottingham Forest,NOT,WOL,3,3,2.57227,2.57227,0.66764,18.2,11,0,0,1.90463,1.90463,-0.66764,9.55,12
2025-01-14_Brentford,Premier League,2425,Brentford v Manchester City,2024,2025-01-14,Brentford,Manchester City,MCI,BRE,1,2,2.65315,2.65315,0.26227,20.181818181818183,15,1,2,2.39088,2.39088,-0.26227,14.214285714285714,14
2025-01-14_Chelsea,Premier League,2425,Chelsea v Bournemouth,2024,2025-01-14,Chelsea,Bournemouth,BOU,CHE,1,2,1.14845,0.387282,-2.150798,8.923076923076923,8,1,2,2.53808,2.53808,2.150798,9.421052631578947,12
2025-01-14_Nottingham,Premier League,2425,Nottingham Forest v Liverpool,2024,2025-01-14,Nottingham Forest,Liverpool,LIV,NOT,1,1,2.72291,2.72291,2.1937100000000003,6.375,18,1,1,0.5292,0.5292,-2.1937100000000003,21.545454545454547,2
2025-01-14_West,Premier League,2425,West Ham v Fulham,2024,2025-01-14,West Ham,Fulham,FLH,WHU,0,2,2.83581,2.83581,1.898488,8.65625,9,3,3,0.937322,0.937322,-1.898488,17.294117647058822,2
2025-01-15_Arsenal,Premier League,2425,Arsenal v Tottenham,2024,2025-01-15,Arsenal,Tottenham,TOT,ARS,0,1,0.777071,0.777071,-1.4779390000000001,21.444444444444443,0,3,2,2.25501,2.25501,1.4779390000000001,6.135135135135135,11
2025-01-15_Everton,Premier League,2425,Everton v Aston Villa,2024,2025-01-15,Everton,Aston Villa,AVL,EVE,3,1,1.28522,1.28522,0.05396000000000001,14.6,5,0,0,1.23126,1.23126,-0.05396000000000001,9.678571428571429,4
2025-01-15_Leicester,Premier League,2425,Leicester v Crystal Palace,2024,2025-01-15,Leicester,Crystal Palace,CRY,LEI,3,2,2.2647,2.2647,0.16565999999999992,15.478260869565217,7,0,0,2.09904,2.09904,-0.16565999999999992,12.272727272727273,7
2025-01-15_Newcastle,Premier League,2425,Newcastle United v Wolverhampton Wanderers,2024,2025-01-15,Newcastle United,Wolverhampton Wanderers,WOL,NEW,0,0,1.47433,1.47433,-0.6589400000000001,14.833333333333334,8,3,3,2.13327,2.13327,0.6589400000000001,5.59375,10
2025-01-16_Ipswich,Premier League,2425,Ipswich v Brighton,2024,2025-01-16,Ipswich,Brighton,BRI,IPS,3,2,1.06343,1.06343,0.7953030000000001,10.538461538461538,9,0,0,0.268127,0.268127,-0.7953030000000001,11.565217391304348,1
2025-01-16_Manchester,Premier League,2425,Manchester United v Southampton,2024,2025-01-16,Manchester United,Southampton,SOU,MUN,0,1,1.36705,1.36705,-1.74142,12.821428571428571,1,3,3,3.10847,3.10847,1.74142,12.411764705882353,15
2025-01-18_Arsenal,Premier League,2425,Arsenal v Aston Villa,2024,2025-01-18,Arsenal,Aston Villa,AVL,ARS,1,2,1.20602,1.20602,-0.43855999999999984,15.0,1,1,2,1.64458,1.64458,0.43855999999999984,6.818181818181818,8
2025-01-18_Brentford,Premier League,2425,Brentford v Liverpool,2024,2025-01-18,Brentford,Liverpool,LIV,BRE,3,2,4.16249,4.16249,2.96228,8.16,23,0,0,1.20021,1.20021,-2.96228,16.9,8
2025-01-18_Leicester,Premier League,2425,Leicester v Fulham,2024,2025-01-18,Leicester,Fulham,FLH,LEI,3,2,2.36823,2.36823,1.691296,9.80952380952381,10,0,0,0.676934,0.676934,-1.691296,19.0,2
2025-01-18_Newcastle,Premier League,2425,Newcastle United v Bournemouth,2024,2025-01-18,Newcastle United,Bournemouth,BOU,NEW,3,4,2.70174,2.70174,1.863939,6.147058823529412,8,0,1,0.837801,0.837801,-1.863939,7.9375,12
2025-01-18_West,Premier League,2425,West Ham v Crystal Palace,2024,2025-01-18,West Ham,Crystal Palace,CRY,WHU,3,2,1.62561,0.864444,0.643382,12.74074074074074,5,0,0,0.221062,0.221062,-0.643382,13.85,4
2025-01-19_Everton,Premier League,2425,Everton v Tottenham,2024,2025-01-19,Everton,Tottenham,TOT,EVE,0,2,1.35719,1.35719,-1.2037000000000002,9.0,8,3,3,2.56089,2.56089,1.2037000000000002,12.035714285714286,6
2025-01-19_Ipswich,Premier League,2425,Ipswich v Manchester City,2024,2025-01-19,Ipswich,Manchester City,MCI,IPS,3,6,3.20228,3.20228,2.406643,8.869565217391305,17,0,0,0.795637,0.795637,-2.406643,39.8,3
2025-01-19_Manchester,Premier League,2425,Manchester United v Brighton,2024,2025-01-19,Manchester United,Brighton,BRI,MUN,3,3,2.17172,2.17172,1.614659,18.857142857142858,6,0,1,1.31823,0.557061,-1.614659,8.866666666666667,8
2025-01-19_Nottingham,Premier League,2425,Nottingham Forest v Southampton,2024,2025-01-19,Nottingham Forest,Southampton,SOU,NOT,0,2,1.25922,1.25922,-1.1049699999999998,9.823529411764707,2,3,3,2.36419,2.36419,1.1049699999999998,12.842105263157896,9
2025-01-20_Chelsea,Premier League,2425,Chelsea v Wolverhampton Wanderers,2024,2025-01-20,Chelsea,Wolverhampton Wanderers,WOL,CHE,0,1,1.06726,1.06726,-2.08156,16.045454545454547,10,3,3,3.14882,3.14882,2.08156,13.23076923076923,10
2025-01-25_Bournemouth,Premier League,2425,Bournemouth v Nottingham Forest,2024,2025-01-25,Bournemouth,Nottingham Forest,NOT,BOU,0,0,0.996166,0.996166,-1.829234,7.65,12,3,5,2.8254,2.8254,1.829234,7.666666666666667,6
2025-01-25_Brighton,Premier League,2425,Brighton v Everton,2024,2025-01-25,Brighton,Everton,EVE,BRI,3,1,0.870883,0.109715,-0.534065,16.68421052631579,2,0,0,0.64378,0.64378,0.534065,6.6923076923076925,9
2025-01-25_Liverpool,Premier League,2425,Liverpool v Ipswich,2024,2025-01-25,Liverpool,Ipswich,IPS,LIV,0,1,0.804707,0.804707,-1.3633829999999998,11.72,2,3,4,2.16809,2.16809,1.3633829999999998,6.551724137931035,15
2025-01-25_Manchester,Premier League,2425,Manchester City v Chelsea,2024,2025-01-25,Manchester City,Chelsea,CHE,MCI,0,1,1.49843,1.49843,-0.7337000000000002,22.705882352941178,5,3,3,2.23213,2.23213,0.7337000000000002,15.529411764705882,3
2025-01-25_Southampton,Premier League,2425,Southampton v Newcastle United,2024,2025-01-25,Southampton,Newcastle United,NEW,SOU,3,3,3.08319,2.32202,1.4963990000000003,11.181818181818182,11,0,1,0.825621,0.825621,-1.4963990000000003,13.555555555555555,2
2025-01-25_Wolverhampton,Premier League,2425,Wolverhampton Wanderers v Arsenal,2024,2025-01-25,Wolverhampton Wanderers,Arsenal,ARS,WOL,3,1,0.887358,0.887358,0.372634,7.733333333333333,2,0,0,0.514724,0.514724,-0.372634,6.7407407407407405,0
2025-01-26_Aston,Premier League,2425,Aston Villa v West Ham,2024,2025-01-26,Aston Villa,West Ham,WHU,AVL,1,1,1.67886,1.67886,0.771009,6.32258064516129,5,1,1,0.907851,0.907851,-0.771009,8.67741935483871,7
2025-01-26_Crystal,Premier League,2425,Crystal Palace v Brentford,2024,2025-01-26,Crystal Palace,Brentford,BRE,CRY,3,2,1.92037,1.1592,-0.07257000000000002,8.5,11,0,1,1.23177,1.23177,0.07257000000000002,15.454545454545455,9
2025-01-26_Fulham,Premier League,2425,Fulham v Manchester United,2024,2025-01-26,Fulham,Manchester United,MUN,FLH,3,1,0.201988,0.201988,-0.35858300000000004,16.058823529411764,5,0,0,0.560571,0.560571,0.35858300000000004,30.8,3
2025-01-26_Tottenham,Premier League,2425,Tottenham v Leicester,2024,2025-01-26,Tottenham,Leicester,LEI,TOT,3,2,1.40469,1.40469,0.1298600000000001,11.25925925925926,5,0,1,1.27483,1.27483,-0.1298600000000001,11.4,5
2025-02-01_Bournemouth,Premier League,2425,Bournemouth v Liverpool,2024,2025-02-01,Bournemouth,Liverpool,LIV,BOU,3,2,2.7219,1.96073,0.30800000000000005,8.636363636363637,11,0,0,1.65273,1.65273,-0.30800000000000005,8.192307692307692,5
2025-02-01_Everton,Premier League,2425,Everton v Leicester,2024,2025-02-01,Everton,Leicester,LEI,EVE,0,0,0.447136,0.447136,-2.665474,12.043478260869565,4,3,4,3.11261,3.11261,2.665474,17.944444444444443,14
2025-02-01_Ipswich,Premier League,2425,Ipswich v Southampton,2024,2025-02-01,Ipswich,Southampton,SOU,IPS,3,2,1.17566,1.17566,-0.7727900000000001,10.310344827586206,1,0,1,1.94845,1.94845,0.7727900000000001,9.041666666666666,5
2025-02-01_Newcastle,Premier League,2425,Newcastle United v Fulham,2024,2025-02-01,Newcastle United,Fulham,FLH,NEW,3,2,1.60881,1.60881,0.38165000000000004,11.736842105263158,5,0,1,1.22716,1.22716,-0.38165000000000004,13.6875,10
2025-02-01_Nottingham,Premier League,2425,Nottingham Forest v Brighton,2024,2025-02-01,Nottingham Forest,Brighton,BRI,NOT,0,0,0.756296,0.756296,-2.550234,6.285714285714286,8,3,7,4.0677,3.30653,2.550234,19.9375,7
2025-02-01_Wolverhampton,Premier League,2425,Wolverhampton Wanderers v Aston Villa,2024,2025-02-01,Wolverhampton Wanderers,Aston Villa,AVL,WOL,0,0,0.742809,0.742809,-1.2586509999999997,11.5,4,3,2,2.00146,2.00146,1.2586509999999997,12.25,2
2025-02-02_Arsenal,Premier League,2425,Arsenal v Manchester City,2024,2025-02-02,Arsenal,Manchester City,MCI,ARS,0,1,0.743191,0.743191,-0.7888289999999999,17.76923076923077,7,3,5,1.53202,1.53202,0.7888289999999999,14.466666666666667,6
2025-02-02_Brentford,Premier League,2425,Brentford v Tottenham,2024,2025-02-02,Brentford,Tottenham,TOT,BRE,3,2,0.945355,0.945355,-0.719395,9.083333333333334,4,0,0,1.66475,1.66475,0.719395,12.333333333333334,8
2025-02-02_Manchester,Premier League,2425,Manchester United v Crystal Palace,2024,2025-02-02,Manchester United,Crystal Palace,CRY,MUN,3,2,2.44633,2.44633,0.93927,13.476190476190476,6,0,0,1.50706,1.50706,-0.93927,5.565217391304348,18
2025-02-03_Chelsea,Premier League,2425,Chelsea v West Ham,2024,2025-02-03,Chelsea,West Ham,WHU,CHE,0,1,1.1868,1.1868,-0.20385999999999993,30.5,8,3,2,1.39066,1.39066,0.20385999999999993,6.2727272727272725,6
2025-02-12_Everton,Premier League,2425,Everton v Liverpool,2024,2025-02-12,Everton,Liverpool,LIV,EVE,1,2,0.929103,0.929103,0.01858000000000004,4.5625,2,1,2,0.910523,0.910523,-0.01858000000000004,17.72222222222222,2
2025-02-14_Brighton,Premier League,2425,Brighton v Chelsea,2024,2025-02-14,Brighton,Chelsea,CHE,BRI,0,0,0.649788,0.649788,-1.4191319999999998,6.193548387096774,9,3,3,2.06892,2.06892,1.4191319999999998,17.074074074074073,7
2025-02-15_Aston,Premier League,2425,Aston Villa v Ipswich,2024,2025-02-15,Aston Villa,Ipswich,IPS,AVL,1,1,0.332864,0.332864,-2.5655460000000003,13.208333333333334,0,1,1,2.89841,2.89841,2.5655460000000003,7.666666666666667,19
2025-02-15_Crystal,Premier League,2425,Crystal Palace v Everton,2024,2025-02-15,Crystal Palace,Everton,EVE,CRY,3,2,1.01565,1.01565,-1.29081,10.695652173913043,4,0,1,2.30646,2.30646,1.29081,9.65,9
2025-02-15_Fulham,Premier League,2425,Fulham v Nottingham Forest,2024,2025-02-15,Fulham,Nottingham Forest,NOT,FLH,0,1,0.331301,0.331301,-1.8786289999999999,25.363636363636363,4,3,2,2.20993,2.20993,1.8786289999999999,13.941176470588236,6
2025-02-15_Leicester,Premier League,2425,Leicester v Arsenal,2024,2025-02-15,Leicester,Arsenal,ARS,LEI,3,2,1.75,1.75,1.516791,6.0,10,0,0,0.233209,0.233209,-1.516791,10.461538461538462,3
2025-02-15_Manchester,Premier League,2425,Manchester City v Newcastle United,2024,2025-02-15,Manchester City,Newcastle United,NEW,MCI,0,0,0.157211,0.157211,-1.962829,10.903225806451612,1,3,4,2.12004,2.12004,1.962829,15.5,4
2025-02-15_Southampton,Premier League,2425,Southampton v Bournemouth,2024,2025-02-15,Southampton,Bournemouth,BOU,SOU,3,3,2.08722,2.08722,1.1128019999999998,7.230769230769231,3,0,1,0.974418,0.974418,-1.1128019999999998,8.724137931034482,7
2025-02-15_West,Premier League,2425,West Ham v Brentford,2024,2025-02-15,West Ham,Brentford,BRE,WHU,3,1,1.96499,1.96499,1.291524,8.8125,9,0,0,0.673466,0.673466,-1.291524,10.052631578947368,8
2025-02-16_Liverpool,Premier League,2425,Liverpool v Wolverhampton Wanderers,2024,2025-02-16,Liverpool,Wolverhampton Wanderers,WOL,LIV,0,1,1.05329,1.05329,-0.0531299999999999,9.25,7,3,2,1.86758,1.10642,0.0531299999999999,11.454545454545455,7
2025-02-16_Tottenham,Premier League,2425,Tottenham v Manchester United,2024,2025-02-16,Tottenham,Manchester United,MUN,TOT,0,0,1.42652,1.42652,-0.54457,11.5,8,3,1,1.97109,1.97109,0.54457,9.636363636363637,15
2025-02-19_Aston,Premier League,2425,Aston Villa v Liverpool,2024,2025-02-19,Aston Villa,Liverpool,LIV,AVL,1,2,2.04279,2.04279,1.0201,13.277777777777779,17,1,2,1.02269,1.02269,-1.0201,11.5,13
2025-02-21_Leicester,Premier League,2425,Leicester v Brentford,2024,2025-02-21,Leicester,Brentford,BRE,LEI,3,4,2.03465,2.03465,1.306749,10.764705882352942,8,0,0,0.727901,0.727901,-1.306749,18.916666666666668,9
2025-02-22_Arsenal,Premier League,2425,Arsenal v West Ham,2024,2025-02-22,Arsenal,West Ham,WHU,ARS,3,1,1.02684,1.02684,-0.3458000000000001,13.761904761904763,1,0,0,1.37264,1.37264,0.3458000000000001,5.193548387096774,15
2025-02-22_Aston,Premier League,2425,Aston Villa v Chelsea,2024,2025-02-22,Aston Villa,Chelsea,CHE,AVL,0,1,2.17418,2.17418,-0.5199500000000001,11.72,7,3,2,2.69413,2.69413,0.5199500000000001,9.642857142857142,5
2025-02-22_Bournemouth,Premier League,2425,Bournemouth v Wolverhampton Wanderers,2024,2025-02-22,Bournemouth,Wolverhampton Wanderers,WOL,BOU,3,1,2.10124,2.10124,1.4715490000000002,5.387096774193548,5,0,0,0.629691,0.629691,-1.4715490000000002,8.333333333333334,8
2025-02-22_Everton,Premier League,2425,Everton v Manchester United,2024,2025-02-22,Everton,Manchester United,MUN,EVE,1,2,0.645685,0.645685,-1.458755,6.391304347826087,5,1,2,2.10444,2.10444,1.458755,14.043478260869565,6
2025-02-22_Fulham,Premier League,2425,Fulham v Crystal Palace,2024,2025-02-22,Fulham,Crystal Palace,CRY,FLH,3,2,1.46203,1.46203,1.22777,17.666666666666668,5,0,0,0.23426,0.23426,-1.22777,7.12,8
2025-02-22_Ipswich,Premier League,2425,Ipswich v Tottenham,2024,2025-02-22,Ipswich,Tottenham,TOT,IPS,3,4,1.58741,1.58741,0.4335199999999999,9.0,7,0,1,1.15389,1.15389,-0.4335199999999999,10.228571428571428,4
2025-02-22_Southampton,Premier League,2425,Southampton v Brighton,2024,2025-02-22,Southampton,Brighton,BRI,SOU,3,4,5.12018,5.12018,4.966033,9.777777777777779,6,0,0,0.154147,0.154147,-4.966033,9.846153846153847,1
2025-02-23_Manchester,Premier League,2425,Manchester City v Liverpool,2024,2025-02-23,Manchester City,Liverpool,LIV,MCI,3,2,0.807058,0.807058,0.22457800000000006,21.2,7,0,0,0.58248,0.58248,-0.22457800000000006,18.90909090909091,9
2025-02-23_Newcastle,Premier League,2425,Newcastle United v Nottingham Forest,2024,2025-02-23,Newcastle United,Nottingham Forest,NOT,NEW,0,3,2.38603,2.38603,-0.3113800000000002,10.958333333333334,7,3,4,3.45858,2.69741,0.3113800000000002,6.75,5
2025-02-25_Brighton,Premier League,2425,Brighton v Bournemouth,2024,2025-02-25,Brighton,Bournemouth,BOU,BRI,0,1,1.70169,1.70169,-0.11641000000000012,4.588235294117647,8,3,2,2.57927,1.8181,0.11641000000000012,11.619047619047619,7
2025-02-25_Chelsea,Premier League,2425,Chelsea v Southampton,2024,2025-02-25,Chelsea,Southampton,SOU,CHE,0,0,0.845039,0.845039,-2.1373010000000003,21.866666666666667,4,3,4,2.98234,2.98234,2.1373010000000003,13.75,18
2025-02-25_Crystal,Premier League,2425,Crystal Palace v Aston Villa,2024,2025-02-25,Crystal Palace,Aston Villa,AVL,CRY,0,1,0.667217,0.667217,-3.358003,5.714285714285714,1,3,4,4.02522,4.02522,3.358003,6.428571428571429,9
2025-02-25_Wolverhampton,Premier League,2425,Wolverhampton Wanderers v Fulham,2024,2025-02-25,Wolverhampton Wanderers,Fulham,FLH,WOL,3,2,1.43473,1.43473,0.505757,13.083333333333334,4,0,1,0.928973,0.928973,-0.505757,13.411764705882353,2
2025-02-26_Brentford,Premier League,2425,Brentford v Everton,2024,2025-02-26,Brentford,Everton,EVE,BRE,1,1,1.44955,1.44955,0.10945999999999989,31.875,4,1,1,1.34009,1.34009,-0.10945999999999989,13.625,6
2025-02-26_Liverpool,Premier League,2425,Liverpool v Newcastle United,2024,2025-02-26,Liverpool,Newcastle United,NEW,LIV,0,0,0.45882,0.45882,-0.9414499999999999,19.5,3,3,2,1.40027,1.40027,0.9414499999999999,6.777777777777778,8
2025-02-26_Manchester,Premier League,2425,Manchester United v Ipswich,2024,2025-02-26,Manchester United,Ipswich,IPS,MUN,0,2,1.04498,1.04498,-0.35704,8.708333333333334,8,3,3,1.40202,1.40202,0.35704,15.461538461538462,4
2025-02-26_Nottingham,Premier League,2425,Nottingham Forest v Arsenal,2024,2025-02-26,Nottingham Forest,Arsenal,ARS,NOT,1,0,1.31766,1.31766,0.809049,5.3478260869565215,7,1,0,0.508611,0.508611,-0.809049,13.117647058823529,4
2025-02-26_Tottenham,Premier League,2425,Tottenham v Manchester City,2024,2025-02-26,Tottenham,Manchester City,MCI,TOT,3,1,2.38641,2.38641,1.1021500000000002,13.423076923076923,11,0,0,1.28426,1.28426,-1.1021500000000002,10.458333333333334,5
2025-02-27_West,Premier League,2425,West Ham v Leicester,2024,2025-02-27,West Ham,Leicester,LEI,WHU,0,0,0.289578,0.289578,-1.4147919999999998,20.11111111111111,0,3,2,1.70437,1.70437,1.4147919999999998,14.473684210526315,6
2025-03-08_Brentford,Premier League,2425,Brentford v Aston Villa,2024,2025-03-08,Brentford,Aston Villa,AVL,BRE,3,1,1.29638,1.29638,0.6586370000000001,20.25,5,0,0,0.637743,0.637743,-0.6586370000000001,5.777777777777778,10
2025-03-08_Brighton,Premier League,2425,Brighton v Fulham,2024,2025-03-08,Brighton,Fulham,FLH,BRI,0,1,0.708227,0.708227,-0.474773,22.153846153846153,1,3,2,1.94417,1.183,0.474773,9.0,11
2025-03-08_Crystal,Premier League,2425,Crystal Palace v Ipswich,2024,2025-03-08,Crystal Palace,Ipswich,IPS,CRY,0,0,1.63282,1.63282,-1.5059700000000003,16.0,1,3,1,3.13879,3.13879,1.5059700000000003,5.866666666666666,1
2025-03-08_Liverpool,Premier League,2425,Liverpool v Southampton,2024,2025-03-08,Liverpool,Southampton,SOU,LIV,0,1,0.511566,0.511566,-2.956054,19.833333333333332,0,3,3,4.98996,3.46762,2.956054,4.823529411764706,19
2025-03-08_Nottingham,Premier League,2425,Nottingham Forest v Manchester City,2024,2025-03-08,Nottingham Forest,Manchester City,MCI,NOT,0,0,0.721234,0.721234,0.219758,7.625,6,3,1,0.501476,0.501476,-0.219758,13.869565217391305,3
2025-03-08_Wolverhampton,Premier League,2425,Wolverhampton Wanderers v Everton,2024,2025-03-08,Wolverhampton Wanderers,Everton,EVE,WOL,1,1,1.3672,1.3672,0.5547679999999999,10.264705882352942,3,1,1,0.812432,0.812432,-0.5547679999999999,9.263157894736842,7
2025-03-09_Chelsea,Premier League,2425,Chelsea v Leicester,2024,2025-03-09,Chelsea,Leicester,LEI,CHE,0,0,0.108487,0.108487,-0.8987830000000001,10.96,1,3,1,1.76844,1.00727,0.8987830000000001,12.523809523809524,16
2025-03-09_Manchester,Premier League,2425,Manchester United v Arsenal,2024,2025-03-09,Manchester United,Arsenal,ARS,MUN,1,1,1.82996,1.82996,0.5188900000000001,8.117647058823529,9,1,1,1.31107,1.31107,-0.5188900000000001,16.0,9
2025-03-09_Tottenham,Premier League,2425,Tottenham v Bournemouth,2024,2025-03-09,Tottenham,Bournemouth,BOU,TOT,1,2,2.22536,2.22536,1.6360009999999998,7.861111111111111,7,1,2,1.35053,0.589359,-1.6360009999999998,6.884615384615385,5
2025-03-10_West,Premier League,2425,West Ham v Newcastle United,2024,2025-03-10,West Ham,Newcastle United,NEW,WHU,3,1,1.62976,1.62976,0.8057740000000001,11.952380952380953,10,0,0,0.823986,0.823986,-0.8057740000000001,12.0,0
2025-03-15_Bournemouth,Premier League,2425,Bournemouth v Brentford,2024,2025-03-15,Bournemouth,Brentford,BRE,BOU,3,2,1.60321,1.60321,-0.42393000000000014,7.8,8,0,1,2.02714,2.02714,0.42393000000000014,7.285714285714286,17
2025-03-15_Everton,Premier League,2425,Everton v West Ham,2024,2025-03-15,Everton,West Ham,WHU,EVE,1,1,0.516029,0.516029,-0.6729710000000001,25.0,7,1,1,1.189,1.189,0.6729710000000001,8.923076923076923,5
2025-03-15_Ipswich,Premier League,2425,Ipswich v Nottingham Forest,2024,2025-03-15,Ipswich,Nottingham Forest,NOT,IPS,3,4,1.30722,1.30722,0.786381,11.5,7,0,2,0.520839,0.520839,-0.786381,21.428571428571427,1
2025-03-15_Manchester,Premier League,2425,Manchester City v Brighton,2024,2025-03-15,Manchester City,Brighton,BRI,MCI,1,2,2.11119,2.11119,0.8459400000000001,18.2,8,1,2,2.02642,1.26525,-0.8459400000000001,10.647058823529411,6
2025-03-15_Southampton,Premier League,2425,Southampton v Wolverhampton Wanderers,2024,2025-03-15,Southampton,Wolverhampton Wanderers,WOL,SOU,3,2,0.540718,0.540718,-0.741382,12.357142857142858,3,0,1,1.2821,1.2821,0.741382,11.454545454545455,6
2025-03-16_Arsenal,Premier League,2425,Arsenal v Chelsea,2024,2025-03-16,Arsenal,Chelsea,CHE,ARS,0,0,0.286036,0.286036,-0.409689,11.588235294117647,0,3,1,0.695725,0.695725,0.409689,13.88888888888889,6
2025-03-16_Fulham,Premier League,2425,Fulham v Tottenham,2024,2025-03-16,Fulham,Tottenham,TOT,FLH,0,0,1.40865,1.40865,0.36898999999999993,10.037037037037036,7,3,2,1.03966,1.03966,-0.36898999999999993,8.75,9
2025-03-16_Leicester,Premier League,2425,Leicester v Manchester United,2024,2025-03-16,Leicester,Manchester United,MUN,LEI,3,3,1.13892,1.13892,-0.16563000000000017,14.954545454545455,2,0,0,1.30455,1.30455,0.16563000000000017,10.538461538461538,6
2025-04-01_Arsenal,Premier League,2425,Arsenal v Fulham,2024,2025-04-01,Arsenal,Fulham,FLH,ARS,0,1,1.44206,1.44206,-0.8598300000000003,20.285714285714285,2,3,2,2.30189,2.30189,0.8598300000000003,16.8,11
2025-04-01_Nottingham,Premier League,2425,Nottingham Forest v Manchester United,2024,2025-04-01,Nottingham Forest,Manchester United,MUN,NOT,0,0,1.86688,1.86688,1.3548170000000002,4.5,13,3,1,0.512063,0.512063,-1.3548170000000002,21.705882352941178,5
2025-04-01_Wolverhampton,Premier League,2425,Wolverhampton Wanderers v West Ham,2024,2025-04-01,Wolverhampton Wanderers,West Ham,WHU,WOL,0,0,1.73057,1.73057,0.6269799999999999,8.071428571428571,5,3,1,1.10359,1.10359,-0.6269799999999999,14.0,6
2025-04-02_Bournemouth,Premier League,2425,Bournemouth v Ipswich,2024,2025-04-02,Bournemouth,Ipswich,IPS,BOU,3,2,1.41263,1.41263,-0.5837399999999999,15.666666666666666,6,0,1,1.99637,1.99637,0.5837399999999999,5.233333333333333,7
2025-04-02_Brighton,Premier League,2425,Brighton v Aston Villa,2024,2025-04-02,Brighton,Aston Villa,AVL,BRI,3,3,1.20715,1.20715,0.649141,12.5,4,0,0,0.558009,0.558009,-0.649141,7.5,12
2025-04-02_Liverpool,Premier League,2425,Liverpool v Everton,2024,2025-04-02,Liverpool,Everton,EVE,LIV,0,0,0.823136,0.823136,-0.474044,16.705882352941178,3,3,1,1.29718,1.29718,0.474044,4.318181818181818,10
2025-04-02_Manchester,Premier League,2425,Manchester City v Leicester,2024,2025-04-02,Manchester City,Leicester,LEI,MCI,0,0,0.104741,0.104741,-1.966909,35.0,1,3,2,2.07165,2.07165,1.966909,8.545454545454545,18
2025-04-02_Newcastle,Premier League,2425,Newcastle United v Brentford,2024,2025-04-02,Newcastle United,Brentford,BRE,NEW,0,1,1.53201,0.770838,-1.495002,7.72,7,3,2,2.26584,2.26584,1.495002,9.91304347826087,7
2025-04-02_Southampton,Premier League,2425,Southampton v Crystal Palace,2024,2025-04-02,Southampton,Crystal Palace,CRY,SOU,1,1,0.93776,0.93776,0.250456,15.642857142857142,8,1,1,0.687304,0.687304,-0.250456,12.0,3
2025-04-03_Chelsea,Premier League,2425,Chelsea v Tottenham,2024,2025-04-03,Chelsea,Tottenham,TOT,CHE,0,0,1.40274,1.40274,0.09831000000000012,11.777777777777779,9,3,1,1.30443,1.30443,-0.09831000000000012,12.714285714285714,6
2025-04-05_Aston,Premier League,2425,Aston Villa v Nottingham Forest,2024,2025-04-05,Aston Villa,Nottingham Forest,NOT,AVL,0,1,0.96769,0.96769,-1.6658,10.521739130434783,4,3,2,2.63349,2.63349,1.6658,9.947368421052632,7
2025-04-05_Crystal,Premier League,2425,Crystal Palace v Brighton,2024,2025-04-05,Crystal Palace,Brighton,BRI,CRY,0,1,1.27226,1.27226,0.828295,7.791666666666667,7,3,2,0.443965,0.443965,-0.828295,16.105263157894736,1
2025-04-05_Everton,Premier League,2425,Everton v Arsenal,2024,2025-04-05,Everton,Arsenal,ARS,EVE,1,1,1.4031,1.4031,0.935523,3.55,7,1,1,1.22875,0.467577,-0.935523,11.791666666666666,3
2025-04-05_Ipswich,Premier League,2425,Ipswich v Wolverhampton Wanderers,2024,2025-04-05,Ipswich,Wolverhampton Wanderers,WOL,IPS,3,2,2.8096,2.8096,1.9372440000000002,8.7,8,0,1,0.872356,0.872356,-1.9372440000000002,12.555555555555555,5
2025-04-05_West,Premier League,2425,West Ham v Bournemouth,2024,2025-04-05,West Ham,Bournemouth,BOU,WHU,1,2,1.94869,1.94869,1.040858,8.25,6,1,2,0.907832,0.907832,-1.040858,8.173913043478262,5
2025-04-06_Brentford,Premier League,2425,Brentford v Chelsea,2024,2025-04-06,Brentford,Chelsea,CHE,BRE,1,0,1.47829,1.47829,0.11706000000000016,8.727272727272727,9,1,0,1.36123,1.36123,-0.11706000000000016,13.0,9
2025-04-06_Fulham,Premier League,2425,Fulham v Liverpool,2024,2025-04-06,Fulham,Liverpool,LIV,FLH,0,2,1.40638,1.40638,-0.3212600000000001,6.428571428571429,8,3,3,1.72764,1.72764,0.3212600000000001,21.733333333333334,6
2025-04-06_Manchester,Premier League,2425,Manchester United v Manchester City,2024,2025-04-06,Manchester United,Manchester City,MCI,MUN,1,0,0.687894,0.687894,-0.5452760000000001,10.454545454545455,1,1,0,1.23317,1.23317,0.5452760000000001,13.523809523809524,11
2025-04-06_Tottenham,Premier League,2425,Tottenham v Southampton,2024,2025-04-06,Tottenham,Southampton,SOU,TOT,0,1,0.780439,0.780439,-1.106391,8.764705882352942,5,3,3,2.648,1.88683,1.106391,7.7272727272727275,10
2025-04-07_Leicester,Premier League,2425,Leicester v Newcastle United,2024,2025-04-07,Leicester,Newcastle United,NEW,LEI,3,3,3.44111,3.44111,3.086535,12.518518518518519,5,0,0,0.354575,0.354575,-3.086535,10.416666666666666,6
2025-04-12_Arsenal,Premier League,2425,Arsenal v Brentford,2024,2025-04-12,Arsenal,Brentford,BRE,ARS,1,1,0.588583,0.588583,-0.178786,10.631578947368421,6,1,1,0.767369,0.767369,0.178786,12.23076923076923,9
2025-04-12_Brighton,Premier League,2425,Brighton v Leicester,2024,2025-04-12,Brighton,Leicester,LEI,BRI,1,2,1.98444,1.98444,-0.1910200000000002,17.705882352941178,4,1,2,3.6978,2.17546,0.1910200000000002,8.8,17
2025-04-12_Manchester,Premier League,2425,Manchester City v Crystal Palace,2024,2025-04-12,Manchester City,Crystal Palace,CRY,MCI,0,2,1.33808,1.33808,-3.2591600000000005,46.22222222222222,5,3,5,4.59724,4.59724,3.2591600000000005,8.923076923076923,10
2025-04-12_Nottingham,Premier League,2425,Nottingham Forest v Everton,2024,2025-04-12,Nottingham Forest,Everton,EVE,NOT,3,1,1.26036,1.26036,0.8364109999999999,11.333333333333334,9,0,0,0.423949,0.423949,-0.8364109999999999,22.1,1
2025-04-12_Southampton,Premier League,2425,Southampton v Aston Villa,2024,2025-04-12,Southampton,Aston Villa,AVL,SOU,3,3,2.99927,1.36951,0.957254,10.952380952380953,13,0,0,0.412256,0.412256,-0.957254,22.90909090909091,1
2025-04-13_Chelsea,Premier League,2425,Chelsea v Ipswich,2024,2025-04-13,Chelsea,Ipswich,IPS,CHE,1,2,1.60301,1.60301,-1.3045699999999998,22.818181818181817,3,1,2,2.90758,2.90758,1.3045699999999998,4.16,15
2025-04-13_Liverpool,Premier League,2425,Liverpool v West Ham,2024,2025-04-13,Liverpool,West Ham,WHU,LIV,0,1,1.46598,1.46598,0.036960000000000104,17.0,6,3,2,1.42902,1.42902,-0.036960000000000104,8.903225806451612,14
2025-04-13_Newcastle,Premier League,2425,Newcastle United v Manchester United,2024,2025-04-13,Newcastle United,Manchester United,MUN,NEW,0,1,0.786568,0.786568,-1.8517320000000002,11.38888888888889,3,3,4,2.6383,2.6383,1.8517320000000002,7.621621621621622,10
2025-04-13_Wolverhampton,Premier League,2425,Wolverhampton Wanderers v Tottenham,2024,2025-04-13,Wolverhampton Wanderers,Tottenham,TOT,WOL,0,2,1.62887,1.62887,-0.6008999999999998,8.043478260869565,9,3,4,2.22977,2.22977,0.6008999999999998,15.238095238095237,4
2025-04-14_Bournemouth,Premier League,2425,Bournemouth v Fulham,2024,2025-04-14,Bournemouth,Fulham,FLH,BOU,0,0,1.07203,1.07203,-0.7856699999999999,9.61111111111111,10,3,1,1.8577,1.8577,0.7856699999999999,11.736842105263158,4
2025-04-16_Newcastle,Premier League,2425,Newcastle United v Crystal Palace,2024,2025-04-16,Newcastle United,Crystal Palace,CRY,NEW,0,0,2.37548,1.61431,-0.7151600000000002,16.136363636363637,9,3,5,2.32947,2.32947,0.7151600000000002,13.583333333333334,9
2025-04-19_Aston,Premier League,2425,Aston Villa v Newcastle United,2024,2025-04-19,Aston Villa,Newcastle United,NEW,AVL,0,1,1.27176,1.27176,-1.7819500000000001,13.875,8,3,4,3.05371,3.05371,1.7819500000000001,11.227272727272727,10
2025-04-19_Brentford,Premier League,2425,Brentford v Brighton,2024,2025-04-19,Brentford,Brighton,BRI,BRE,0,2,1.24107,1.24107,-1.71409,15.333333333333334,10,3,4,2.95516,2.95516,1.71409,14.333333333333334,14
2025-04-19_Crystal,Premier League,2425,Crystal Palace v Bournemouth,2024,2025-04-19,Crystal Palace,Bournemouth,BOU,CRY,1,0,0.664093,0.664093,0.32627500000000004,6.6923076923076925,8,1,0,0.337818,0.337818,-0.32627500000000004,16.0625,4
2025-04-19_Everton,Premier League,2425,Everton v Manchester City,2024,2025-04-19,Everton,Manchester City,MCI,EVE,3,2,1.87989,1.87989,1.0630600000000001,10.9375,11,0,0,0.81683,0.81683,-1.0630600000000001,17.7,4
2025-04-19_West,Premier League,2425,West Ham v Southampton,2024,2025-04-19,West Ham,Southampton,SOU,WHU,1,1,0.922877,0.922877,-0.0613530000000001,14.05,9,1,1,0.98423,0.98423,0.0613530000000001,21.181818181818183,8
2025-04-20_Fulham,Premier League,2425,Fulham v Chelsea,2024,2025-04-20,Fulham,Chelsea,CHE,FLH,3,2,0.75172,0.75172,0.44559800000000005,13.0625,11,0,1,0.306122,0.306122,-0.44559800000000005,16.31578947368421,2
2025-04-20_Ipswich,Premier League,2425,Ipswich v Arsenal,2024,2025-04-20,Ipswich,Arsenal,ARS,IPS,3,4,2.81362,2.81362,2.6207409999999998,7.85,30,0,0,0.192879,0.192879,-2.6207409999999998,19.866666666666667,2
2025-04-20_Leicester,Premier League,2425,Leicester v Liverpool,2024,2025-04-20,Leicester,Liverpool,LIV,LEI,3,1,4.52706,4.52706,4.294855,12.578947368421053,17,0,0,0.232205,0.232205,-4.294855,14.61111111111111,3
2025-04-20_Manchester,Premier League,2425,Manchester United v Wolverhampton Wanderers,2024,2025-04-20,Manchester United,Wolverhampton Wanderers,WOL,MUN,3,1,0.187814,0.187814,-0.9518459999999999,9.35483870967742,3,0,0,1.13966,1.13966,0.9518459999999999,7.896551724137931,9
2025-04-21_Tottenham,Premier League,2425,Tottenham v Nottingham Forest,2024,2025-04-21,Tottenham,Nottingham Forest,NOT,TOT,3,2,0.557682,0.557682,-1.844718,12.666666666666666,1,0,1,2.4024,2.4024,1.844718,5.476190476190476,5
2025-04-22_Manchester,Premier League,2425,Manchester City v Aston Villa,2024,2025-04-22,Manchester City,Aston Villa,AVL,MCI,0,1,1.85906,1.09789,-0.26442999999999994,17.785714285714285,3,3,2,1.36232,1.36232,0.26442999999999994,10.555555555555555,3
2025-04-23_Arsenal,Premier League,2425,Arsenal v Crystal Palace,2024,2025-04-23,Arsenal,Crystal Palace,CRY,ARS,1,2,2.50515,2.50515,0.5836600000000001,30.1875,7,1,2,1.92149,1.92149,-0.5836600000000001,13.0,6
2025-04-26_Brighton,Premier League,2425,Brighton v West Ham,2024,2025-04-26,Brighton,West Ham,WHU,BRI,0,2,1.24134,1.24134,-0.05298999999999987,24.0,10,3,3,1.29433,1.29433,0.05298999999999987,9.166666666666666,10
2025-04-26_Chelsea,Premier League,2425,Chelsea v Everton,2024,2025-04-26,Chelsea,Everton,EVE,CHE,0,0,0.916838,0.916838,0.14852500000000002,14.619047619047619,0,3,1,0.768313,0.768313,-0.14852500000000002,10.576923076923077,2
2025-04-26_Newcastle,Premier League,2425,Newcastle United v Ipswich,2024,2025-04-26,Newcastle United,Ipswich,IPS,NEW,0,0,0.127203,0.127203,-3.2270269999999996,23.7,1,3,3,4.11539,3.35423,3.2270269999999996,5.928571428571429,23
2025-04-26_Southampton,Premier League,2425,Southampton v Fulham,2024,2025-04-26,Southampton,Fulham,FLH,SOU,3,2,1.9956,1.9956,1.060019,7.416666666666667,8,0,1,0.935581,0.935581,-1.060019,16.214285714285715,2
2025-04-26_Wolverhampton,Premier League,2425,Wolverhampton Wanderers v Leicester,2024,2025-04-26,Wolverhampton Wanderers,Leicester,LEI,WOL,0,0,1.04978,0.288615,-2.288045,10.783783783783784,4,3,3,2.57666,2.57666,2.288045,19.5,11
2025-04-27_Bournemouth,Premier League,2425,Bournemouth v Manchester United,2024,2025-04-27,Bournemouth,Manchester United,MUN,BOU,1,1,1.91039,1.91039,1.30044,7.294117647058823,15,1,1,0.60995,0.60995,-1.30044,10.0,4
2025-04-27_Liverpool,Premier League,2425,Liverpool v Tottenham,2024,2025-04-27,Liverpool,Tottenham,TOT,LIV,0,1,0.512812,0.512812,-1.998228,24.307692307692307,5,3,5,2.51104,2.51104,1.998228,6.0,13
2025-05-01_Nottingham,Premier League,2425,Nottingham Forest v Brentford,2024,2025-05-01,Nottingham Forest,Brentford,BRE,NOT,3,2,1.52054,1.52054,0.849933,12.125,5,0,0,0.670607,0.670607,-0.849933,12.1875,8
2025-05-02_Manchester,Premier League,2425,Manchester City v Wolverhampton Wanderers,2024,2025-05-02,Manchester City,Wolverhampton Wanderers,WOL,MCI,0,0,0.622455,0.622455,-0.237008,15.727272727272727,2,3,1,0.859463,0.859463,0.237008,11.952380952380953,11
2025-05-03_Arsenal,Premier League,2425,Arsenal v Bournemouth,2024,2025-05-03,Arsenal,Bournemouth,BOU,ARS,3,2,1.41783,1.41783,-0.6370100000000001,8.75,3,0,1,2.05484,2.05484,0.6370100000000001,12.777777777777779,10
2025-05-03_Aston,Premier League,2425,Aston Villa v Fulham,2024,2025-05-03,Aston Villa,Fulham,FLH,AVL,0,0,0.702787,0.702787,-0.587343,9.857142857142858,7,3,1,1.29013,1.29013,0.587343,19.90909090909091,5
2025-05-03_Everton,Premier League,2425,Everton v Ipswich,2024,2025-05-03,Everton,Ipswich,IPS,EVE,1,2,1.14351,1.14351,0.335029,18.0,2,1,2,0.808481,0.808481,-0.335029,10.166666666666666,2
2025-05-03_Leicester,Premier League,2425,Leicester v Southampton,2024,2025-05-03,Leicester,Southampton,SOU,LEI,0,0,0.550774,0.550774,-1.056616,16.736842105263158,2,3,2,1.60739,1.60739,1.056616,12.478260869565217,2
2025-05-04_Brentford,Premier League,2425,Brentford v Manchester United,2024,2025-05-04,Brentford,Manchester United,MUN,BRE,0,3,1.13404,1.13404,-2.4533300000000002,9.041666666666666,7,3,4,3.58737,3.58737,2.4533300000000002,10.0,4
2025-05-04_Brighton,Premier League,2425,Brighton v Newcastle United,2024,2025-05-04,Brighton,Newcastle United,NEW,BRI,1,1,1.63777,0.876604,0.18874100000000005,9.55,12,1,1,0.687863,0.687863,-0.18874100000000005,13.777777777777779,1
2025-05-04_Chelsea,Premier League,2425,Chelsea v Liverpool,2024,2025-05-04,Chelsea,Liverpool,LIV,CHE,0,1,1.4267,1.4267,-1.33158,14.4,9,3,3,3.51944,2.75828,1.33158,20.789473684210527,9
2025-05-04_West,Premier League,2425,West Ham v Tottenham,2024,2025-05-04,West Ham,Tottenham,TOT,WHU,1,1,0.847022,0.847022,-0.30463799999999985,10.238095238095237,3,1,1,1.15166,1.15166,0.30463799999999985,5.114285714285714,6
2025-05-05_Crystal,Premier League,2425,Crystal Palace v Nottingham Forest,2024,2025-05-05,Crystal Palace,Nottingham Forest,NOT,CRY,1,1,0.63684,0.63684,-0.94236,9.0,5,1,1,2.34037,1.5792,0.94236,11.529411764705882,10
2025-05-10_Bournemouth,Premier League,2425,Bournemouth v Aston Villa,2024,2025-05-10,Bournemouth,Aston Villa,AVL,BOU,3,1,1.12376,1.12376,0.10104000000000002,12.0,1,0,0,1.02272,1.02272,-0.10104000000000002,4.5,10
2025-05-10_Fulham,Premier League,2425,Fulham v Everton,2024,2025-05-10,Fulham,Everton,EVE,FLH,3,3,1.32604,1.32604,0.11735000000000007,17.41176470588235,4,0,1,1.20869,1.20869,-0.11735000000000007,8.045454545454545,15
2025-05-10_Ipswich,Premier League,2425,Ipswich v Brentford,2024,2025-05-10,Ipswich,Brentford,BRE,IPS,3,1,1.32077,1.32077,0.603337,11.142857142857142,9,0,0,0.717433,0.717433,-0.603337,23.22222222222222,3
2025-05-10_Southampton,Premier League,2425,Southampton v Manchester City,2024,2025-05-10,Southampton,Manchester City,MCI,SOU,1,0,1.58463,1.58463,1.447635,7.363636363636363,24,1,0,0.136995,0.136995,-1.447635,17.25,3
2025-05-10_Wolverhampton,Premier League,2425,Wolverhampton Wanderers v Brighton,2024,2025-05-10,Wolverhampton Wanderers,Brighton,BRI,WOL,3,2,1.41254,0.651374,-0.08257599999999998,11.033333333333333,5,0,0,0.73395,0.73395,0.08257599999999998,13.2,7
2025-05-11_Liverpool,Premier League,2425,Liverpool v Arsenal,2024,2025-05-11,Liverpool,Arsenal,ARS,LIV,1,2,2.18795,2.18795,-0.5588700000000002,9.772727272727273,11,1,2,2.74682,2.74682,0.5588700000000002,12.047619047619047,10
2025-05-11_Manchester,Premier League,2425,Manchester United v West Ham,2024,2025-05-11,Manchester United,West Ham,WHU,MUN,3,2,2.15985,2.15985,-0.15302000000000016,14.823529411764707,2,0,0,2.31287,2.31287,0.15302000000000016,15.857142857142858,9
2025-05-11_Newcastle,Premier League,2425,Newcastle United v Chelsea,2024,2025-05-11,Newcastle United,Chelsea,CHE,NEW,0,0,0.646426,0.646426,-1.023874,9.25,6,3,2,1.6703,1.6703,1.023874,14.0625,17
2025-05-11_Nottingham,Premier League,2425,Nottingham Forest v Leicester,2024,2025-05-11,Nottingham Forest,Leicester,LEI,NOT,1,2,1.22949,1.22949,-0.5396000000000001,24.7,5,1,2,1.76909,1.76909,0.5396000000000001,8.384615384615385,3
2025-05-11_Tottenham,Premier League,2425,Tottenham v Crystal Palace,2024,2025-05-11,Tottenham,Crystal Palace,CRY,TOT,3,2,3.98546,3.98546,3.178668,9.954545454545455,10,0,0,0.806792,0.806792,-3.178668,9.518518518518519,2
2025-05-16_Aston,Premier League,2425,Aston Villa v Tottenham,2024,2025-05-16,Aston Villa,Tottenham,TOT,AVL,0,0,0.523016,0.523016,-1.1675939999999998,26.25,2,3,2,1.69061,1.69061,1.1675939999999998,9.5,19
2025-05-16_Chelsea,Premier League,2425,Chelsea v Manchester United,2024,2025-05-16,Chelsea,Manchester United,MUN,CHE,0,0,0.337632,0.337632,-0.958078,8.916666666666666,5,3,1,1.29571,1.29571,0.958078,12.375,5
2025-05-18_Arsenal,Premier League,2425,Arsenal v Newcastle United,2024,2025-05-18,Arsenal,Newcastle United,NEW,ARS,0,0,2.24634,2.24634,1.08676,9.368421052631579,8,3,1,1.15958,1.15958,-1.08676,11.11111111111111,3
2025-05-18_Brentford,Premier League,2425,Brentford v Fulham,2024,2025-05-18,Brentford,Fulham,FLH,BRE,3,3,1.61741,1.61741,-0.05187000000000008,15.909090909090908,6,0,2,2.43045,1.66928,0.05187000000000008,11.857142857142858,4
2025-05-18_Everton,Premier League,2425,Everton v Southampton,2024,2025-05-18,Everton,Southampton,SOU,EVE,0,0,1.05025,1.05025,-1.62768,21.285714285714285,2,3,2,2.67793,2.67793,1.62768,16.61904761904762,11
2025-05-18_Leicester,Premier League,2425,Leicester v Ipswich,2024,2025-05-18,Leicester,Ipswich,IPS,LEI,0,0,1.36957,1.36957,0.5810259999999999,12.708333333333334,4,3,2,0.788544,0.788544,-0.5810259999999999,9.321428571428571,6
2025-05-18_West,Premier League,2425,West Ham v Nottingham Forest,2024,2025-05-18,West Ham,Nottingham Forest,NOT,WHU,3,2,2.14756,2.14756,1.297103,10.961538461538462,9,0,1,0.850457,0.850457,-1.297103,6.7727272727272725,5
2025-05-19_Brighton,Premier League,2425,Brighton v Liverpool,2024,2025-05-19,Brighton,Liverpool,LIV,BRI,0,2,3.065,3.065,0.8871099999999998,13.0,13,3,3,2.17789,2.17789,-0.8871099999999998,15.45,20
2025-05-20_Crystal,Premier League,2425,Crystal Palace v Wolverhampton Wanderers,2024,2025-05-20,Crystal Palace,Wolverhampton Wanderers,WOL,CRY,0,2,1.42886,1.42886,-0.25564999999999993,8.941176470588236,9,3,4,1.68451,1.68451,0.25564999999999993,17.714285714285715,12
2025-05-20_Manchester,Premier League,2425,Manchester City v Bournemouth,2024,2025-05-20,Manchester City,Bournemouth,BOU,MCI,0,1,0.962014,0.962014,-0.635776,22.466666666666665,2,3,3,1.59779,1.59779,0.635776,20.818181818181817,8
2025-05-25_Bournemouth,Premier League,2425,Bournemouth v Leicester,2024,2025-05-25,Bournemouth,Leicester,LEI,BOU,0,0,0.156702,0.156702,-2.5677879999999997,9.28,3,3,2,2.72449,2.72449,2.5677879999999997,4.647058823529412,16
2025-05-25_Fulham,Premier League,2425,Fulham v Manchester City,2024,2025-05-25,Fulham,Manchester City,MCI,FLH,3,2,2.45923,1.69806,-0.5199100000000003,13.545454545454545,16,0,0,2.21797,2.21797,0.5199100000000003,22.153846153846153,5
2025-05-25_Ipswich,Premier League,2425,Ipswich v West Ham,2024,2025-05-25,Ipswich,West Ham,WHU,IPS,3,3,0.967379,0.967379,0.07428400000000002,8.115384615384615,7,0,1,0.893095,0.893095,-0.07428400000000002,14.607142857142858,6
2025-05-25_Liverpool,Premier League,2425,Liverpool v Crystal Palace,2024,2025-05-25,Liverpool,Crystal Palace,CRY,LIV,1,1,1.4144,1.4144,-0.5068199999999998,25.416666666666668,3,1,1,1.92122,1.92122,0.5068199999999998,6.346153846153846,9
2025-05-25_Manchester,Premier League,2425,Manchester United v Aston Villa,2024,2025-05-25,Manchester United,Aston Villa,AVL,MUN,0,0,0.335222,0.335222,-1.8662080000000003,26.90909090909091,5,3,2,2.96259,2.20143,1.8662080000000003,5.107142857142857,24
2025-05-25_Newcastle,Premier League,2425,Newcastle United v Everton,2024,2025-05-25,Newcastle United,Everton,EVE,NEW,3,1,1.07279,1.07279,-0.08631000000000011,17.866666666666667,1,0,0,1.1591,1.1591,0.08631000000000011,6.25,6
2025-05-25_Nottingham,Premier League,2425,Nottingham Forest v Chelsea,2024,2025-05-25,Nottingham Forest,Chelsea,CHE,NOT,3,1,1.30874,1.30874,-0.2714000000000001,14.117647058823529,1,0,0,1.58014,1.58014,0.2714000000000001,11.38888888888889,3
2025-05-25_Southampton,Premier League,2425,Southampton v Arsenal,2024,2025-05-25,Southampton,Arsenal,ARS,SOU,3,2,2.40711,2.40711,1.8089659999999999,7.357142857142857,11,0,1,0.598144,0.598144,-1.8089659999999999,17.3,4
2025-05-25_Tottenham,Premier League,2425,Tottenham v Brighton,2024,2025-05-25,Tottenham,Brighton,BRI,TOT,3,4,3.11624,2.35507,1.26359,6.615384615384615,12,0,1,1.85265,1.09148,-1.26359,18.0625,3
2025-05-25_Wolverhampton,Premier League,2425,Wolverhampton Wanderers v Brentford,2024,2025-05-25,Wolverhampton Wanderers,Brentford,BRE,WOL,1,1,1.97196,1.97196,0.86307,7.44,7,1,1,1.10889,1.10889,-0.86307,13.45,7
2025-08-15_Liverpool,Premier League,2526,Liverpool v Bournemouth,2025,2025-08-15,Liverpool,Bournemouth,BOU,LIV,0,2,1.57303,1.57303,-0.7570400000000002,11.583333333333334,8,3,4,2.33007,2.33007,0.7570400000000002,8.764705882352942,9
2025-08-16_Aston,Premier League,2526,Aston Villa v Newcastle United,2025,2025-08-16,Aston Villa,Newcastle United,NEW,AVL,1,0,1.40098,1.40098,1.082379,6.083333333333333,6,1,0,0.318601,0.318601,-1.082379,18.916666666666668,2
2025-08-16_Brighton,Premier League,2526,Brighton v Fulham,2025,2025-08-16,Brighton,Fulham,FLH,BRI,1,1,0.902883,0.902883,0.223974,16.22222222222222,6,1,1,1.44008,0.678909,-0.223974,8.928571428571429,5
2025-08-16_Sunderland,Premier League,2526,Sunderland v West Ham,2025,2025-08-16,Sunderland,West Ham,WHU,SUN,0,0,0.558948,0.558948,-0.16542,11.0,8,3,3,0.724368,0.724368,0.16542,20.785714285714285,2
2025-08-16_Tottenham,Premier League,2526,Tottenham v Burnley,2025,2025-08-16,Tottenham,Burnley,BUR,TOT,0,0,0.734138,0.734138,-1.244442,17.352941176470587,6,3,3,1.97858,1.97858,1.244442,6.352941176470588,7
2025-08-16_Wolverhampton,Premier League,2526,Wolverhampton Wanderers v Manchester City,2025,2025-08-16,Wolverhampton Wanderers,Manchester City,MCI,WOL,3,4,2.29903,2.29903,1.7795940000000001,11.8,8,0,0,0.519436,0.519436,-1.7795940000000001,12.10344827586207,4
2025-08-17_Chelsea,Premier League,2526,Chelsea v Crystal Palace,2025,2025-08-17,Chelsea,Crystal Palace,CRY,CHE,1,0,1.03414,1.03414,-0.33379000000000003,17.63157894736842,2,1,0,1.36793,1.36793,0.33379000000000003,5.869565217391305,7
2025-08-17_Manchester,Premier League,2526,Manchester United v Arsenal,2025,2025-08-17,Manchester United,Arsenal,ARS,MUN,3,1,1.3304,1.3304,-0.046130000000000004,11.26086956521739,3,0,0,1.37653,1.37653,0.046130000000000004,7.904761904761905,7
2025-08-17_Nottingham,Premier League,2526,Nottingham Forest v Brentford,2025,2025-08-17,Nottingham Forest,Brentford,BRE,NOT,0,1,1.32516,0.563994,-1.191506,9.823529411764707,3,3,3,1.7555,1.7555,1.191506,11.142857142857142,6
2025-08-18_Leeds,Premier League,2526,Leeds v Everton,2025,2025-08-18,Leeds,Everton,EVE,LED,0,0,0.674338,0.674338,-0.9456920000000001,27.5,2,3,1,2.3812,1.62003,0.9456920000000001,15.6875,5
2025-08-22_West,Premier League,2526,West Ham v Chelsea,2025,2025-08-22,West Ham,Chelsea,CHE,WHU,3,5,3.94997,3.94997,2.9713979999999998,11.947368421052632,5,0,1,0.978572,0.978572,-2.9713979999999998,26.307692307692307,6
2025-08-23_Arsenal,Premier League,2526,Arsenal v Leeds,2025,2025-08-23,Arsenal,Leeds,LED,ARS,0,0,0.156761,0.156761,-1.819679,27.866666666666667,1,3,5,2.73761,1.97644,1.819679,7.954545454545454,5
2025-08-23_Bournemouth,Premier League,2526,Bournemouth v Wolverhampton Wanderers,2025,2025-08-23,Bournemouth,Wolverhampton Wanderers,WOL,BOU,0,0,0.373367,0.373367,-1.411253,10.428571428571429,3,3,1,1.78462,1.78462,1.411253,5.88,6
2025-08-23_Brentford,Premier League,2526,Brentford v Aston Villa,2025,2025-08-23,Brentford,Aston Villa,AVL,BRE,0,0,0.976852,0.976852,-0.15278799999999992,5.411764705882353,14,3,1,1.12964,1.12964,0.15278799999999992,10.785714285714286,2
2025-08-23_Burnley,Premier League,2526,Burnley v Sunderland,2025,2025-08-23,Burnley,Sunderland,SUN,BUR,0,0,1.12127,1.12127,0.1174599999999999,20.583333333333332,4,3,2,1.00381,1.00381,-0.1174599999999999,15.428571428571429,4
2025-08-23_Manchester,Premier League,2526,Manchester City v Tottenham,2025,2025-08-23,Manchester City,Tottenham,TOT,MCI,3,2,1.28015,1.28015,0.032649999999999846,13.272727272727273,4,0,0,1.2475,1.2475,-0.032649999999999846,10.444444444444445,8
2025-08-24_Crystal,Premier League,2526,Crystal Palace v Nottingham Forest,2025,2025-08-24,Crystal Palace,Nottingham Forest,NOT,CRY,1,1,1.32987,1.32987,0.22799000000000014,10.368421052631579,4,1,1,1.10188,1.10188,-0.22799000000000014,12.782608695652174,6
2025-08-24_Everton,Premier League,2526,Everton v Brighton,2025,2025-08-24,Everton,Brighton,BRI,EVE,0,0,2.08487,1.3237,-0.47746,8.68421052631579,8,3,2,1.80116,1.80116,0.47746,17.705882352941178,5
2025-08-24_Fulham,Premier League,2526,Fulham v Manchester United,2025,2025-08-24,Fulham,Manchester United,MUN,FLH,1,1,1.54603,0.784858,-0.868472,10.88888888888889,11,1,1,1.65333,1.65333,0.868472,9.909090909090908,11
2025-08-25_Newcastle,Premier League,2526,Newcastle United v Liverpool,2025,2025-08-25,Newcastle United,Liverpool,LIV,NEW,3,3,0.646559,0.646559,-1.3168609999999998,7.571428571428571,6,0,2,1.96342,1.96342,1.3168609999999998,12.045454545454545,3
2025-08-30_Chelsea,Premier League,2526,Chelsea v Fulham,2025,2025-08-30,Chelsea,Fulham,FLH,CHE,0,0,0.736228,0.736228,-0.935002,10.851851851851851,9,3,2,2.4324,1.67123,0.935002,9.32,4
2025-08-30_Leeds,Premier League,2526,Leeds v Newcastle United,2025,2025-08-30,Leeds,Newcastle United,NEW,LED,1,0,0.303635,0.303635,-0.373665,11.238095238095237,5,1,0,0.6773,0.6773,0.373665,14.863636363636363,5
2025-08-30_Manchester,Premier League,2526,Manchester United v Burnley,2025,2025-08-30,Manchester United,Burnley,BUR,MUN,0,2,1.32618,1.32618,-1.9350200000000002,16.0,3,3,3,4.02237,3.2612,1.9350200000000002,15.181818181818182,8
2025-08-30_Sunderland,Premier League,2526,Sunderland v Brentford,2025,2025-08-30,Sunderland,Brentford,BRE,SUN,0,1,1.44604,0.684874,-0.12522500000000003,21.545454545454547,4,3,2,1.57127,0.810099,0.12522500000000003,5.184210526315789,2
2025-08-30_Tottenham,Premier League,2526,Tottenham v Bournemouth,2025,2025-08-30,Tottenham,Bournemouth,BOU,TOT,3,1,2.1201,2.1201,1.94943,7.146341463414634,11,0,0,0.17067,0.17067,-1.94943,5.2,4
2025-08-30_Wolverhampton,Premier League,2526,Wolverhampton Wanderers v Everton,2025,2025-08-30,Wolverhampton Wanderers,Everton,EVE,WOL,3,3,2.03791,2.03791,1.094653,11.961538461538462,11,0,2,0.943257,0.943257,-1.094653,5.851851851851852,5
2025-08-31_Aston,Premier League,2526,Aston Villa v Crystal Palace,2025,2025-08-31,Aston Villa,Crystal Palace,CRY,AVL,3,3,2.59713,1.83596,0.6301000000000001,19.2,5,0,0,1.20586,1.20586,-0.6301000000000001,10.571428571428571,6
2025-08-31_Brighton,Premier League,2526,Brighton v Manchester City,2025,2025-08-31,Brighton,Manchester City,MCI,BRI,0,1,2.13418,2.13418,0.6867100000000002,11.933333333333334,9,3,2,2.20864,1.44747,-0.6867100000000002,11.814814814814815,4
2025-08-31_Liverpool,Premier League,2526,Liverpool v Arsenal,2025,2025-08-31,Liverpool,Arsenal,ARS,LIV,0,0,0.485679,0.485679,0.004275000000000029,12.869565217391305,5,3,1,0.481404,0.481404,-0.004275000000000029,15.066666666666666,4
2025-08-31_Nottingham,Premier League,2526,Nottingham Forest v West Ham,2025,2025-08-31,Nottingham Forest,West Ham,WHU,NOT,3,3,2.236,1.47483,0.758812,21.46153846153846,5,0,0,0.716018,0.716018,-0.758812,9.846153846153847,6
2025-09-13_Arsenal,Premier League,2526,Arsenal v Nottingham Forest,2025,2025-09-13,Arsenal,Nottingham Forest,NOT,ARS,0,0,0.293681,0.293681,-2.588019,14.55,1,3,3,2.8817,2.8817,2.588019,10.95,10
2025-09-13_Bournemouth,Premier League,2526,Bournemouth v Brighton,2025,2025-09-13,Bournemouth,Brighton,BRI,BOU,0,1,0.624923,0.624923,-0.05578300000000003,8.695652173913043,3,3,2,1.44187,0.680706,0.05578300000000003,10.833333333333334,5
2025-09-13_Brentford,Premier League,2526,Brentford v Chelsea,2025,2025-09-13,Brentford,Chelsea,CHE,BRE,1,2,0.755999,0.755999,-0.419331,5.206896551724138,12,1,2,1.17533,1.17533,0.419331,20.1875,8
2025-09-13_Crystal,Premier League,2526,Crystal Palace v Sunderland,2025,2025-09-13,Crystal Palace,Sunderland,SUN,CRY,1,0,0.354129,0.354129,-1.403921,17.77777777777778,4,1,0,1.75805,1.75805,1.403921,13.555555555555555,8
2025-09-13_Everton,Premier League,2526,Everton v Aston Villa,2025,2025-09-13,Everton,Aston Villa,AVL,EVE,1,0,0.354327,0.354327,-1.538373,8.368421052631579,3,1,0,1.8927,1.8927,1.538373,7.074074074074074,10
2025-09-13_Fulham,Premier League,2526,Fulham v Leeds,2025,2025-09-13,Fulham,Leeds,LED,FLH,0,0,0.830398,0.830398,-0.3093920000000001,13.444444444444445,5,3,1,1.13979,1.13979,0.3093920000000001,9.478260869565217,4
2025-09-13_Newcastle,Premier League,2526,Newcastle United v Wolverhampton Wanderers,2025,2025-09-13,Newcastle United,Wolverhampton Wanderers,WOL,NEW,0,0,0.375942,0.375942,-0.8159179999999999,9.041666666666666,3,3,1,1.19186,1.19186,0.8159179999999999,10.5625,12
2025-09-13_West,Premier League,2526,West Ham v Tottenham,2025,2025-09-13,West Ham,Tottenham,TOT,WHU,3,3,1.51402,1.51402,0.720772,10.857142857142858,8,0,0,0.793248,0.793248,-0.720772,17.555555555555557,2
2025-09-14_Burnley,Premier League,2526,Burnley v Liverpool,2025,2025-09-14,Burnley,Liverpool,LIV,BUR,3,1,2.79492,2.03375,1.8657089999999998,4.142857142857143,17,0,0,0.168041,0.168041,-1.8657089999999998,11.090909090909092,0
2025-09-14_Manchester,Premier League,2526,Manchester City v Manchester United,2025,2025-09-14,Manchester City,Manchester United,MUN,MCI,0,0,1.51915,1.51915,-0.47809999999999997,9.23076923076923,8,3,3,1.99725,1.99725,0.47809999999999997,19.214285714285715,8
2025-09-20_Brighton,Premier League,2526,Brighton v Tottenham,2025,2025-09-20,Brighton,Tottenham,TOT,BRI,1,2,1.19181,1.19181,-0.21284999999999998,4.84375,14,1,2,1.40466,1.40466,0.21284999999999998,11.48,4
2025-09-20_Burnley,Premier League,2526,Burnley v Nottingham Forest,2025,2025-09-20,Burnley,Nottingham Forest,NOT,BUR,1,1,0.830779,0.830779,-0.31081100000000006,9.095238095238095,10,1,1,1.14159,1.14159,0.31081100000000006,18.88888888888889,4
2025-09-20_Fulham,Premier League,2526,Fulham v Brentford,2025,2025-09-20,Fulham,Brentford,BRE,FLH,0,1,0.826556,0.826556,-0.6977540000000001,13.476190476190476,3,3,3,1.52431,1.52431,0.6977540000000001,19.846153846153847,5
2025-09-20_Liverpool,Premier League,2526,Liverpool v Everton,2025,2025-09-20,Liverpool,Everton,EVE,LIV,0,1,0.721371,0.721371,-0.34028900000000006,11.304347826086957,9,3,2,1.06166,1.06166,0.34028900000000006,5.884615384615385,12
2025-09-20_Manchester,Premier League,2526,Manchester United v Chelsea,2025,2025-09-20,Manchester United,Chelsea,CHE,MUN,0,1,0.469843,0.469843,-0.8747370000000001,13.142857142857142,5,3,2,1.34458,1.34458,0.8747370000000001,12.961538461538462,4
2025-09-20_West,Premier League,2526,West Ham v Crystal Palace,2025,2025-09-20,West Ham,Crystal Palace,CRY,WHU,3,2,2.33565,2.33565,1.8692849999999999,23.818181818181817,7,0,1,0.466365,0.466365,-1.8692849999999999,8.565217391304348,5
2025-09-20_Wolverhampton,Premier League,2526,Wolverhampton Wanderers v Leeds,2025,2025-09-20,Wolverhampton Wanderers,Leeds,LED,WOL,3,3,0.456988,0.456988,-1.109112,13.19047619047619,7,0,1,1.5661,1.5661,1.109112,10.96,10
2025-09-21_Arsenal,Premier League,2526,Arsenal v Manchester City,2025,2025-09-21,Arsenal,Manchester City,MCI,ARS,1,1,1.1227,1.1227,0.40412500000000007,17.0,3,1,1,0.718575,0.718575,-0.40412500000000007,6.818181818181818,10
2025-09-21_Bournemouth,Premier League,2526,Bournemouth v Newcastle United,2025,2025-09-21,Bournemouth,Newcastle United,NEW,BOU,1,0,0.153629,0.153629,-0.397031,16.41176470588235,6,1,0,0.55066,0.55066,0.397031,8.363636363636363,4
2025-09-21_Sunderland,Premier League,2526,Sunderland v Aston Villa,2025,2025-09-21,Sunderland,Aston Villa,AVL,SUN,1,1,0.939354,0.939354,0.0010419999999999874,7.0,16,1,1,0.938312,0.938312,-0.0010419999999999874,9.869565217391305,4
2025-09-27_Brentford,Premier League,2526,Brentford v Manchester United,2025,2025-09-27,Brentford,Manchester United,MUN,BRE,0,1,2.23609,1.47492,-1.3123399999999998,12.125,1,3,3,2.78726,2.78726,1.3123399999999998,11.72,6
2025-09-27_Chelsea,Premier League,2526,Chelsea v Brighton,2025,2025-09-27,Chelsea,Brighton,BRI,CHE,3,3,2.4751,2.4751,0.4485699999999997,9.172413793103448,8,0,1,2.02653,2.02653,-0.4485699999999997,8.526315789473685,4
2025-09-27_Crystal,Premier League,2526,Crystal Palace v Liverpool,2025,2025-09-27,Crystal Palace,Liverpool,LIV,CRY,0,1,3.10176,3.10176,-0.43147,8.571428571428571,5,3,2,3.53323,3.53323,0.43147,24.375,12
2025-09-27_Leeds,Premier League,2526,Leeds v Bournemouth,2025,2025-09-27,Leeds,Bournemouth,BOU,LED,1,2,1.06033,1.06033,-0.9869500000000002,8.4,9,1,2,2.04728,2.04728,0.9869500000000002,10.076923076923077,3
2025-09-27_Manchester,Premier League,2526,Manchester City v Burnley,2025,2025-09-27,Manchester City,Burnley,BUR,MCI,0,1,0.509491,0.509491,-2.711839,17.1875,4,3,5,3.22133,3.22133,2.711839,16.0,15
2025-09-27_Nottingham,Premier League,2526,Nottingham Forest v Sunderland,2025,2025-09-27,Nottingham Forest,Sunderland,SUN,NOT,3,1,1.94154,1.94154,0.5212400000000001,29.5,3,0,0,1.4203,1.4203,-0.5212400000000001,9.3,6
2025-09-27_Tottenham,Premier League,2526,Tottenham v Wolverhampton Wanderers,2025,2025-09-27,Tottenham,Wolverhampton Wanderers,WOL,TOT,1,1,1.15951,1.15951,0.3407990000000001,9.5,4,1,1,0.818711,0.818711,-0.3407990000000001,16.928571428571427,5
2025-09-28_Aston,Premier League,2526,Aston Villa v Fulham,2025,2025-09-28,Aston Villa,Fulham,FLH,AVL,0,1,0.952612,0.952612,-0.413138,13.833333333333334,4,3,3,1.36575,1.36575,0.413138,17.357142857142858,6
2025-09-28_Newcastle,Premier League,2526,Newcastle United v Arsenal,2025,2025-09-28,Newcastle United,Arsenal,ARS,NEW,3,2,2.07048,2.07048,1.3306289999999998,7.25,13,0,1,0.739851,0.739851,-1.3306289999999998,16.466666666666665,4
2025-09-29_Everton,Premier League,2526,Everton v West Ham,2025,2025-09-29,Everton,West Ham,WHU,EVE,1,1,0.775766,0.775766,-0.13393700000000008,13.5,7,1,1,0.909703,0.909703,0.13393700000000008,12.764705882352942,12
2025-10-03_Bournemouth,Premier League,2526,Bournemouth v Fulham,2025,2025-10-03,Bournemouth,Fulham,FLH,BOU,0,1,0.84335,0.84335,-0.49123000000000006,19.142857142857142,10,3,3,1.33458,1.33458,0.49123000000000006,13.823529411764707,13
2025-10-04_Arsenal,Premier League,2526,Arsenal v West Ham,2025,2025-10-04,Arsenal,West Ham,WHU,ARS,0,0,0.864549,0.864549,-1.432781,25.076923076923077,3,3,2,3.0585,2.29733,1.432781,4.212121212121212,17
2025-10-04_Chelsea,Premier League,2526,Chelsea v Liverpool,2025,2025-10-04,Chelsea,Liverpool,LIV,CHE,0,1,2.05981,2.05981,0.8226000000000002,17.125,9,3,2,1.23721,1.23721,-0.8226000000000002,13.3,6
2025-10-04_Leeds,Premier League,2526,Leeds v Tottenham,2025,2025-10-04,Leeds,Tottenham,TOT,LED,3,2,0.688198,0.688198,-0.792312,15.0,4,0,1,1.48051,1.48051,0.792312,10.833333333333334,6
2025-10-04_Manchester,Premier League,2526,Manchester United v Sunderland,2025,2025-10-04,Manchester United,Sunderland,SUN,MUN,0,0,0.807119,0.807119,-1.122681,9.76,3,3,2,1.9298,1.9298,1.122681,10.173913043478262,7
2025-10-05_Aston,Premier League,2526,Aston Villa v Burnley,2025,2025-10-05,Aston Villa,Burnley,BUR,AVL,0,1,0.502292,0.502292,-1.233428,7.809523809523809,1,3,2,1.73572,1.73572,1.233428,12.722222222222221,8
2025-10-05_Brentford,Premier League,2526,Brentford v Manchester City,2025,2025-10-05,Brentford,Manchester City,MCI,BRE,3,1,1.09647,1.09647,0.40271200000000007,13.5,9,0,0,0.693758,0.693758,-0.40271200000000007,13.3,2
2025-10-05_Everton,Premier League,2526,Everton v Crystal Palace,2025,2025-10-05,Everton,Crystal Palace,CRY,EVE,0,1,2.17789,2.17789,0.8003,6.805555555555555,6,3,2,2.13876,1.37759,-0.8003,9.275862068965518,5
2025-10-05_Newcastle,Premier League,2526,Newcastle United v Nottingham Forest,2025,2025-10-05,Newcastle United,Nottingham Forest,NOT,NEW,0,0,0.337689,0.337689,-2.717761,11.047619047619047,4,3,2,3.81662,3.05545,2.717761,8.0,13
2025-10-05_Wolverhampton,Premier League,2526,Wolverhampton Wanderers v Brighton,2025,2025-10-05,Wolverhampton Wanderers,Brighton,BRI,WOL,1,1,1.39158,1.39158,1.022176,9.818181818181818,2,1,1,0.369404,0.369404,-1.022176,13.571428571428571,2
2025-10-18_Brighton,Premier League,2526,Brighton v Newcastle United,2025,2025-10-18,Brighton,Newcastle United,NEW,BRI,0,1,1.28313,1.28313,0.4260260000000001,9.64,9,3,2,0.857104,0.857104,-0.4260260000000001,13.409090909090908,8
2025-10-18_Burnley,Premier League,2526,Burnley v Leeds,2025,2025-10-18,Burnley,Leeds,LED,BUR,0,0,2.33152,2.33152,1.8218729999999999,7.809523809523809,8,3,2,0.509647,0.509647,-1.8218729999999999,15.80952380952381,2
2025-10-18_Crystal,Premier League,2526,Crystal Palace v Bournemouth,2025,2025-10-18,Crystal Palace,Bournemouth,BOU,CRY,1,3,2.0471,2.0471,-1.7545700000000002,8.11111111111111,6,1,3,4.56284,3.80167,1.7545700000000002,7.84,14
2025-10-18_Fulham,Premier League,2526,Fulham v Arsenal,2025,2025-10-18,Fulham,Arsenal,ARS,FLH,3,1,2.07823,2.07823,1.575898,30.0,14,0,0,0.502332,0.502332,-1.575898,18.1875,3
2025-10-18_Manchester,Premier League,2526,Manchester City v Everton,2025,2025-10-18,Manchester City,Everton,EVE,MCI,0,0,0.794622,0.794622,-1.6852780000000003,16.692307692307693,4,3,2,2.4799,2.4799,1.6852780000000003,8.722222222222221,15
2025-10-18_Nottingham,Premier League,2526,Nottingham Forest v Chelsea,2025,2025-10-18,Nottingham Forest,Chelsea,CHE,NOT,3,3,2.5583,2.5583,0.5028000000000001,8.482758620689655,6,0,0,2.0555,2.0555,-0.5028000000000001,14.842105263157896,9
2025-10-18_Sunderland,Premier League,2526,Sunderland v Wolverhampton Wanderers,2025,2025-10-18,Sunderland,Wolverhampton Wanderers,WOL,SUN,0,0,0.676323,0.676323,-0.348487,5.233333333333333,11,3,2,1.02481,1.02481,0.348487,36.42857142857143,6
2025-10-19_Liverpool,Premier League,2526,Liverpool v Manchester United,2025,2025-10-19,Liverpool,Manchester United,MUN,LIV,3,2,2.53117,2.53117,-0.0785499999999999,17.428571428571427,6,0,1,2.60972,2.60972,0.0785499999999999,7.625,10
2025-10-19_Tottenham,Premier League,2526,Tottenham v Aston Villa,2025,2025-10-19,Tottenham,Aston Villa,AVL,TOT,3,2,0.352231,0.352231,-1.162379,12.88888888888889,2,0,1,1.51461,1.51461,1.162379,7.592592592592593,5
2025-10-20_West,Premier League,2526,West Ham v Brentford,2025,2025-10-20,West Ham,Brentford,BRE,WHU,3,2,3.46635,3.46635,3.206099,12.466666666666667,11,0,0,0.260251,0.260251,-3.206099,14.777777777777779,4
2025-10-24_Leeds,Premier League,2526,Leeds v West Ham,2025,2025-10-24,Leeds,West Ham,WHU,LED,0,1,0.498653,0.498653,-1.722747,9.576923076923077,4,3,2,2.2214,2.2214,1.722747,10.814814814814815,1
2025-10-25_Brentford,Premier League,2526,Brentford v Liverpool,2025,2025-10-25,Brentford,Liverpool,LIV,BRE,0,2,2.11838,2.11838,-0.39171999999999985,6.2,10,3,3,3.27126,2.5101,0.39171999999999985,14.0,5
2025-10-25_Chelsea,Premier League,2526,Chelsea v Sunderland,2025,2025-10-25,Chelsea,Sunderland,SUN,CHE,3,2,1.5506,1.5506,0.33728,21.647058823529413,6,0,1,1.21332,1.21332,-0.33728,9.333333333333334,11
2025-10-25_Manchester,Premier League,2526,Manchester United v Brighton,2025,2025-10-25,Manchester United,Brighton,BRI,MUN,0,2,0.947154,0.947154,-1.015156,6.333333333333333,5,3,4,1.96231,1.96231,1.015156,13.964285714285714,9
2025-10-25_Newcastle,Premier League,2526,Newcastle United v Fulham,2025,2025-10-25,Newcastle United,Fulham,FLH,NEW,0,1,1.52001,1.52001,-1.24805,9.551724137931034,3,3,2,2.76806,2.76806,1.24805,9.035714285714286,7
2025-10-26_Arsenal,Premier League,2526,Arsenal v Crystal Palace,2025,2025-10-26,Arsenal,Crystal Palace,CRY,ARS,0,0,0.350534,0.350534,-0.505641,28.272727272727273,1,3,1,0.856175,0.856175,0.505641,12.411764705882353,5
2025-10-26_Aston,Premier League,2526,Aston Villa v Manchester City,2025,2025-10-26,Aston Villa,Manchester City,MCI,AVL,0,0,1.36914,1.36914,0.525234,10.25,11,3,1,0.843906,0.843906,-0.525234,22.363636363636363,8
2025-10-26_Bournemouth,Premier League,2526,Bournemouth v Nottingham Forest,2025,2025-10-26,Bournemouth,Nottingham Forest,NOT,BOU,0,0,0.305493,0.305493,-0.351108,11.75,4,3,2,0.656601,0.656601,0.351108,8.04,7
2025-10-26_Everton,Premier League,2526,Everton v Tottenham,2025,2025-10-26,Everton,Tottenham,TOT,EVE,3,3,2.09327,2.09327,0.69007,17.0,3,0,0,1.4032,1.4032,-0.69007,13.421052631578947,6
2025-10-26_Wolverhampton,Premier League,2526,Wolverhampton Wanderers v Burnley,2025,2025-10-26,Wolverhampton Wanderers,Burnley,BUR,WOL,3,3,1.54544,1.54544,-0.27471,14.555555555555555,5,0,2,2.58132,1.82015,0.27471,8.875,10
