match_id,player,player_id,team,home_away,minute,result,xG,X,Y,shot_type,situation,last_action,date,home_team,away_team,season
28778,Hugo Ekitike,8995,Liverpool,home,2,SavedShot,0.014601008035242558,0.7619999694824219,0.6990000152587891,RightFoot,OpenPlay,Pass,2025-08-15 19:00:00,Liverpool,Bournemouth,2025
28778,Mohamed Salah,1250,Liverpool,home,3,SavedShot,0.04265604913234711,0.855999984741211,0.3129999923706055,LeftFoot,OpenPlay,Pass,2025-08-15 19:00:00,Liverpool,Bournemouth,2025
28778,Virgil van Dijk,833,Liverpool,home,4,MissedShots,0.25797542929649353,0.914000015258789,0.505,Head,FromCorner,Cross,2025-08-15 19:00:00,Liverpool,Bournemouth,2025
28778,Virgil van Dijk,833,Liverpool,home,30,SavedShot,0.0776621475815773,0.9119999694824219,0.5320000076293945,Head,FromCorner,Cross,2025-08-15 19:00:00,Liverpool,Bournemouth,2025
28778,Hugo Ekitike,8995,Liverpool,home,36,Goal,0.40409132838249207,0.8909999847412109,0.524000015258789,RightFoot,OpenPlay,TakeOn,2025-08-15 19:00:00,Liverpool,Bournemouth,2025
28778,Hugo Ekitike,8995,Liverpool,home,38,MissedShots,0.534849226474762,0.9419999694824219,0.4829999923706055,Head,OpenPlay,Cross,2025-08-15 19:00:00,Liverpool,Bournemouth,2025
28778,Hugo Ekitike,8995,Liverpool,home,46,MissedShots,0.1347046047449112,0.960999984741211,0.5209999847412109,OtherBodyPart,FromCorner,Aerial,2025-08-15 19:00:00,Liverpool,Bournemouth,2025
28778,Mohamed Salah,1250,Liverpool,home,47,BlockedShot,0.11337560415267944,0.85,0.42700000762939455,LeftFoot,OpenPlay,Pass,2025-08-15 19:00:00,Liverpool,Bournemouth,2025
28778,Cody Gakpo,11296,Liverpool,home,48,Goal,0.0957067683339119,0.850999984741211,0.49200000762939455,RightFoot,OpenPlay,Pass,2025-08-15 19:00:00,Liverpool,Bournemouth,2025
28778,Alexis Mac Allister,8379,Liverpool,home,51,SavedShot,0.027150798588991165,0.76,0.34799999237060547,RightFoot,OpenPlay,LayOff,2025-08-15 19:00:00,Liverpool,Bournemouth,2025
28778,Jeremie Frimpong,9328,Liverpool,home,52,BlockedShot,0.015647554770112038,0.754000015258789,0.37200000762939456,RightFoot,FromCorner,None,2025-08-15 19:00:00,Liverpool,Bournemouth,2025
28778,Dominik Szoboszlai,9788,Liverpool,home,53,MissedShots,0.014567305333912373,0.7090000152587891,0.5570000076293945,RightFoot,OpenPlay,None,2025-08-15 19:00:00,Liverpool,Bournemouth,2025
28778,Florian Wirtz,8397,Liverpool,home,62,MissedShots,0.11103862524032593,0.84,0.45799999237060546,RightFoot,OpenPlay,Pass,2025-08-15 19:00:00,Liverpool,Bournemouth,2025
28778,Cody Gakpo,11296,Liverpool,home,69,SavedShot,0.03299751132726669,0.8519999694824218,0.7609999847412109,RightFoot,OpenPlay,Pass,2025-08-15 19:00:00,Liverpool,Bournemouth,2025
28778,Dominik Szoboszlai,9788,Liverpool,home,79,MissedShots,0.09390604496002197,0.855,0.4420000076293945,LeftFoot,OpenPlay,Pass,2025-08-15 19:00:00,Liverpool,Bournemouth,2025
28778,Dominik Szoboszlai,9788,Liverpool,home,80,SavedShot,0.05117299035191536,0.865,0.33599998474121096,RightFoot,OpenPlay,Pass,2025-08-15 19:00:00,Liverpool,Bournemouth,2025
28778,Cody Gakpo,11296,Liverpool,home,87,MissedShots,0.07005230337381363,0.909000015258789,0.624000015258789,RightFoot,SetPiece,None,2025-08-15 19:00:00,Liverpool,Bournemouth,2025
28778,Federico Chiesa,1433,Liverpool,home,87,Goal,0.09901324659585953,0.8980000305175782,0.534000015258789,RightFoot,OpenPlay,None,2025-08-15 19:00:00,Liverpool,Bournemouth,2025
28778,Mohamed Salah,1250,Liverpool,home,93,Goal,0.13890482485294342,0.899000015258789,0.6129999923706054,RightFoot,OpenPlay,BallRecovery,2025-08-15 19:00:00,Liverpool,Bournemouth,2025
28778,Antoine Semenyo,11363,Bournemouth,away,5,MissedShots,0.3169209659099579,0.9080000305175782,0.44400001525878907,RightFoot,OpenPlay,Cross,2025-08-15 19:00:00,Liverpool,Bournemouth,2025
28778,Evanilson,12963,Bournemouth,away,9,MissedShots,0.071727454662323,0.9490000152587891,0.4109999847412109,Head,FromCorner,Cross,2025-08-15 19:00:00,Liverpool,Bournemouth,2025
28778,Marcus Tavernier,10741,Bournemouth,away,34,SavedShot,0.35100075602531433,0.87,0.5209999847412109,RightFoot,OpenPlay,Pass,2025-08-15 19:00:00,Liverpool,Bournemouth,2025
28778,David Brooks,6820,Bournemouth,away,41,BlockedShot,0.038630276918411255,0.855,0.685,RightFoot,OpenPlay,None,2025-08-15 19:00:00,Liverpool,Bournemouth,2025
28778,Marcus Tavernier,10741,Bournemouth,away,46,BlockedShot,0.045542508363723755,0.75,0.315,LeftFoot,DirectFreekick,Standard,2025-08-15 19:00:00,Liverpool,Bournemouth,2025
28778,Evanilson,12963,Bournemouth,away,48,MissedShots,0.09731415659189224,0.8769999694824219,0.6559999847412109,LeftFoot,OpenPlay,Pass,2025-08-15 19:00:00,Liverpool,Bournemouth,2025
28778,Antoine Semenyo,11363,Bournemouth,away,63,Goal,0.42599424719810486,0.9080000305175782,0.5129999923706055,LeftFoot,OpenPlay,Cross,2025-08-15 19:00:00,Liverpool,Bournemouth,2025
28778,David Brooks,6820,Bournemouth,away,70,BlockedShot,0.07709097117185593,0.8959999847412109,0.63,LeftFoot,OpenPlay,TakeOn,2025-08-15 19:00:00,Liverpool,Bournemouth,2025
28778,Evanilson,12963,Bournemouth,away,70,MissedShots,0.05321967601776123,0.9119999694824219,0.595,Head,OpenPlay,Cross,2025-08-15 19:00:00,Liverpool,Bournemouth,2025
28778,Antoine Semenyo,11363,Bournemouth,away,75,Goal,0.09559009969234467,0.825,0.4829999923706055,LeftFoot,OpenPlay,Pass,2025-08-15 19:00:00,Liverpool,Bournemouth,2025
28779,Boubacar Kamara,5789,Aston Villa,home,46,SavedShot,0.17516101896762848,0.9009999847412109,0.47299999237060547,Head,FromCorner,Aerial,2025-08-16 11:30:00,Aston Villa,Newcastle United,2025
28779,Ollie Watkins,8865,Aston Villa,home,64,SavedShot,0.0799555703997612,0.8469999694824218,0.41700000762939454,LeftFoot,OpenPlay,Pass,2025-08-16 11:30:00,Aston Villa,Newcastle United,2025
28779,Donyell Malen,9749,Aston Villa,home,86,SavedShot,0.06348427385091782,0.894000015258789,0.265,RightFoot,OpenPlay,Pass,2025-08-16 11:30:00,Aston Villa,Newcastle United,2025
28779,Anthony Elanga,9524,Newcastle United,away,2,SavedShot,0.5098440051078796,0.8680000305175781,0.4329999923706055,RightFoot,OpenPlay,Throughball,2025-08-16 11:30:00,Aston Villa,Newcastle United,2025
28779,Anthony Gordon,8150,Newcastle United,away,2,BlockedShot,0.053771644830703735,0.8469999694824218,0.6480000305175782,RightFoot,OpenPlay,BallRecovery,2025-08-16 11:30:00,Aston Villa,Newcastle United,2025
28779,Anthony Gordon,8150,Newcastle United,away,7,BlockedShot,0.020615313202142715,0.8480000305175781,0.6170000076293946,RightFoot,SetPiece,Aerial,2025-08-16 11:30:00,Aston Villa,Newcastle United,2025
28779,Anthony Gordon,8150,Newcastle United,away,10,MissedShots,0.4054856300354004,0.93,0.47,Head,OpenPlay,Cross,2025-08-16 11:30:00,Aston Villa,Newcastle United,2025
28779,Anthony Elanga,9524,Newcastle United,away,12,MissedShots,0.05925820395350456,0.9119999694824219,0.36200000762939455,RightFoot,OpenPlay,Cross,2025-08-16 11:30:00,Aston Villa,Newcastle United,2025
28779,Anthony Gordon,8150,Newcastle United,away,15,SavedShot,0.023262882605195045,0.784000015258789,0.6129999923706054,RightFoot,SetPiece,Pass,2025-08-16 11:30:00,Aston Villa,Newcastle United,2025
28779,Anthony Gordon,8150,Newcastle United,away,26,BlockedShot,0.07491640001535416,0.8490000152587891,0.6509999847412109,RightFoot,OpenPlay,Pass,2025-08-16 11:30:00,Aston Villa,Newcastle United,2025
28779,Fabian Schär,76,Newcastle United,away,27,MissedShots,0.014461319893598557,0.7380000305175781,0.34599998474121096,RightFoot,OpenPlay,Pass,2025-08-16 11:30:00,Aston Villa,Newcastle United,2025
28779,Fabian Schär,76,Newcastle United,away,67,MissedShots,0.02261822111904621,0.7630000305175781,0.455,RightFoot,SetPiece,Pass,2025-08-16 11:30:00,Aston Villa,Newcastle United,2025
28779,Anthony Gordon,8150,Newcastle United,away,71,BlockedShot,0.015197288244962692,0.6769999694824219,0.5929999923706055,RightFoot,FromCorner,Pass,2025-08-16 11:30:00,Aston Villa,Newcastle United,2025
28779,Harvey Barnes,6681,Newcastle United,away,72,BlockedShot,0.07132836431264877,0.8980000305175782,0.6090000152587891,RightFoot,OpenPlay,Cross,2025-08-16 11:30:00,Aston Villa,Newcastle United,2025
28779,Harvey Barnes,6681,Newcastle United,away,76,BlockedShot,0.04700176417827606,0.8019999694824219,0.46900001525878904,RightFoot,OpenPlay,Pass,2025-08-16 11:30:00,Aston Villa,Newcastle United,2025
28779,Harvey Barnes,6681,Newcastle United,away,87,MissedShots,0.02660728245973587,0.825,0.685,RightFoot,OpenPlay,Pass,2025-08-16 11:30:00,Aston Villa,Newcastle United,2025
28779,Anthony Gordon,8150,Newcastle United,away,90,SavedShot,0.010546272620558739,0.685,0.5109999847412109,RightFoot,OpenPlay,TakeOn,2025-08-16 11:30:00,Aston Villa,Newcastle United,2025
28779,William Osula,9556,Newcastle United,away,93,BlockedShot,0.040263328701257706,0.835999984741211,0.31799999237060544,LeftFoot,OpenPlay,Pass,2025-08-16 11:30:00,Aston Villa,Newcastle United,2025
28779,Fabian Schär,76,Newcastle United,away,96,MissedShots,0.005802980158478022,0.355,0.3089999961853027,RightFoot,OpenPlay,Pass,2025-08-16 11:30:00,Aston Villa,Newcastle United,2025
28780,Carlos Baleba,10527,Brighton,home,13,MissedShots,0.019268060103058815,0.74,0.4640000152587891,RightFoot,OpenPlay,Dispossessed,2025-08-16 14:00:00,Brighton,Fulham,2025
28780,Georginio Rutter,6937,Brighton,home,25,SavedShot,0.022232800722122192,0.75,0.6320000076293946,RightFoot,OpenPlay,Pass,2025-08-16 14:00:00,Brighton,Fulham,2025
28780,Kaoru Mitoma,10806,Brighton,home,27,MissedShots,0.08075278252363205,0.9330000305175781,0.5970000076293945,Head,OpenPlay,Cross,2025-08-16 14:00:00,Brighton,Fulham,2025
28780,Georginio Rutter,6937,Brighton,home,37,BlockedShot,0.033206358551979065,0.7959999847412109,0.4490000152587891,LeftFoot,OpenPlay,Pass,2025-08-16 14:00:00,Brighton,Fulham,2025
28780,Mats Wieffer,12758,Brighton,home,42,SavedShot,0.013008378446102142,0.89,0.4229999923706055,Head,SetPiece,Aerial,2025-08-16 14:00:00,Brighton,Fulham,2025
28780,Matt O&#039;Riley,13206,Brighton,home,54,Goal,0.7611688375473022,0.885,0.5,LeftFoot,Penalty,Standard,2025-08-16 14:00:00,Brighton,Fulham,2025
28780,Yankuba Minteh,12759,Brighton,home,64,MissedShots,0.1413981318473816,0.8969999694824219,0.40200000762939453,LeftFoot,OpenPlay,BallTouch,2025-08-16 14:00:00,Brighton,Fulham,2025
28780,Diego Gómez,13364,Brighton,home,75,SavedShot,0.02465054765343666,0.749000015258789,0.46,RightFoot,OpenPlay,Pass,2025-08-16 14:00:00,Brighton,Fulham,2025
28780,Lewis Dunk,6048,Brighton,home,86,MissedShots,0.030780566856265068,0.9619999694824218,0.5870000076293945,Head,FromCorner,Aerial,2025-08-16 14:00:00,Brighton,Fulham,2025
28780,Brajan Gruda,11310,Brighton,home,88,MissedShots,0.3136118948459625,0.919000015258789,0.3609999847412109,RightFoot,OpenPlay,Pass,2025-08-16 14:00:00,Brighton,Fulham,2025
28780,Raúl Jiménez,4105,Fulham,away,1,MissedShots,0.09471102803945541,0.93,0.644000015258789,LeftFoot,OpenPlay,Pass,2025-08-16 14:00:00,Brighton,Fulham,2025
28780,Harry Wilson,5596,Fulham,away,42,MissedShots,0.04193772003054619,0.965999984741211,0.385,Head,OpenPlay,Cross,2025-08-16 14:00:00,Brighton,Fulham,2025
28780,Joshua King,12410,Fulham,away,47,SavedShot,0.09185106307268143,0.960999984741211,0.644000015258789,LeftFoot,OpenPlay,Pass,2025-08-16 14:00:00,Brighton,Fulham,2025
28780,Raúl Jiménez,4105,Fulham,away,47,MissedShots,0.15028366446495056,0.975999984741211,0.575,RightFoot,OpenPlay,Rebound,2025-08-16 14:00:00,Brighton,Fulham,2025
28780,Alex Iwobi,500,Fulham,away,57,MissedShots,0.01406861376017332,0.7390000152587891,0.765,RightFoot,OpenPlay,Pass,2025-08-16 14:00:00,Brighton,Fulham,2025
28780,Emile Smith-Rowe,7230,Fulham,away,95,BlockedShot,0.03846864774823189,0.7969999694824219,0.57,RightFoot,OpenPlay,Pass,2025-08-16 14:00:00,Brighton,Fulham,2025
28780,Rodrigo Muniz,10717,Fulham,away,96,Goal,0.48536622524261475,0.9490000152587891,0.5790000152587891,LeftFoot,FromCorner,None,2025-08-16 14:00:00,Brighton,Fulham,2025
28781,Habib Diarra,9767,Sunderland,home,5,SavedShot,0.30460771918296814,0.895,0.3340000152587891,RightFoot,OpenPlay,BallTouch,2025-08-16 14:00:00,Sunderland,West Ham,2025
28781,Dan Ballard,13715,Sunderland,home,6,MissedShots,0.024895744398236275,0.9730000305175781,0.6120000076293945,Head,FromCorner,Cross,2025-08-16 14:00:00,Sunderland,West Ham,2025
28781,Eliezer Mayenda,13718,Sunderland,home,43,BlockedShot,0.09001695364713669,0.9169999694824219,0.40900001525878904,RightFoot,FromCorner,None,2025-08-16 14:00:00,Sunderland,West Ham,2025
28781,Dan Ballard,13715,Sunderland,home,43,SavedShot,0.03819282352924347,0.9519999694824218,0.610999984741211,Head,FromCorner,Cross,2025-08-16 14:00:00,Sunderland,West Ham,2025
28781,Simon Adingra,11710,Sunderland,home,47,MissedShots,0.07569392770528793,0.875,0.5790000152587891,RightFoot,OpenPlay,None,2025-08-16 14:00:00,Sunderland,West Ham,2025
28781,Dan Ballard,13715,Sunderland,home,57,MissedShots,0.016691947355866432,0.960999984741211,0.600999984741211,Head,FromCorner,Aerial,2025-08-16 14:00:00,Sunderland,West Ham,2025
28781,Habib Diarra,9767,Sunderland,home,59,MissedShots,0.016927426680922508,0.7240000152587891,0.5209999847412109,LeftFoot,OpenPlay,Pass,2025-08-16 14:00:00,Sunderland,West Ham,2025
28781,Eliezer Mayenda,13718,Sunderland,home,60,Goal,0.03667960315942764,0.9019999694824219,0.44299999237060544,Head,OpenPlay,Aerial,2025-08-16 14:00:00,Sunderland,West Ham,2025
28781,Dan Ballard,13715,Sunderland,home,72,Goal,0.02813994511961937,0.9069999694824219,0.5420000076293945,Head,FromCorner,Aerial,2025-08-16 14:00:00,Sunderland,West Ham,2025
28781,Wilson Isidor,7148,Sunderland,home,91,Goal,0.09252168238162994,0.850999984741211,0.715999984741211,RightFoot,OpenPlay,Pass,2025-08-16 14:00:00,Sunderland,West Ham,2025
28781,Jarrod Bowen,1776,West Ham,away,2,SavedShot,0.0658746063709259,0.9259999847412109,0.3060000038146973,RightFoot,OpenPlay,TakeOn,2025-08-16 14:00:00,Sunderland,West Ham,2025
28781,El Hadji Malick Diouf,13723,West Ham,away,3,MissedShots,0.014434839598834515,0.7240000152587891,0.51,LeftFoot,FromCorner,None,2025-08-16 14:00:00,Sunderland,West Ham,2025
28781,El Hadji Malick Diouf,13723,West Ham,away,25,BlockedShot,0.0907265841960907,0.8519999694824218,0.5790000152587891,LeftFoot,OpenPlay,Pass,2025-08-16 14:00:00,Sunderland,West Ham,2025
28781,Niclas Füllkrug,6098,West Ham,away,26,BlockedShot,0.10130181908607483,0.9069999694824219,0.5690000152587891,RightFoot,OpenPlay,Cross,2025-08-16 14:00:00,Sunderland,West Ham,2025
28781,Jarrod Bowen,1776,West Ham,away,28,BlockedShot,0.04136160761117935,0.7980000305175782,0.585999984741211,LeftFoot,OpenPlay,Pass,2025-08-16 14:00:00,Sunderland,West Ham,2025
28781,Guido Rodríguez,8267,West Ham,away,41,BlockedShot,0.024249104782938957,0.76,0.5479999923706055,RightFoot,OpenPlay,None,2025-08-16 14:00:00,Sunderland,West Ham,2025
28781,El Hadji Malick Diouf,13723,West Ham,away,77,BlockedShot,0.016741380095481873,0.7469999694824219,0.4879999923706055,LeftFoot,FromCorner,None,2025-08-16 14:00:00,Sunderland,West Ham,2025
28781,Jarrod Bowen,1776,West Ham,away,84,BlockedShot,0.05706255882978439,0.9109999847412109,0.43400001525878906,Head,FromCorner,Cross,2025-08-16 14:00:00,Sunderland,West Ham,2025
28781,Tomas Soucek,8288,West Ham,away,84,SavedShot,0.048949770629405975,0.85,0.40900001525878904,LeftFoot,OpenPlay,None,2025-08-16 14:00:00,Sunderland,West Ham,2025
28781,Callum Wilson,468,West Ham,away,86,MissedShots,0.02430039644241333,0.8869999694824219,0.5640000152587891,Head,SetPiece,None,2025-08-16 14:00:00,Sunderland,West Ham,2025
28781,Niclas Füllkrug,6098,West Ham,away,89,SavedShot,0.04106655716896057,0.8809999847412109,0.5279999923706055,Head,OpenPlay,Cross,2025-08-16 14:00:00,Sunderland,West Ham,2025
28781,Jarrod Bowen,1776,West Ham,away,95,BlockedShot,0.0328790582716465,0.7919999694824219,0.515,LeftFoot,SetPiece,HeadPass,2025-08-16 14:00:00,Sunderland,West Ham,2025
28782,Lucas Bergvall,12912,Tottenham,home,0,SavedShot,0.09277527779340744,0.9769999694824218,0.41200000762939454,RightFoot,OpenPlay,None,2025-08-16 14:00:00,Tottenham,Burnley,2025
28782,Brennan Johnson,10760,Tottenham,home,0,MissedShots,0.036160849034786224,0.8109999847412109,0.4829999923706055,RightFoot,FromCorner,None,2025-08-16 14:00:00,Tottenham,Burnley,2025
28782,Richarlison,6026,Tottenham,home,9,Goal,0.07443246245384216,0.874000015258789,0.46,RightFoot,OpenPlay,Cross,2025-08-16 14:00:00,Tottenham,Burnley,2025
28782,Richarlison,6026,Tottenham,home,11,MissedShots,0.08871733397245407,0.9259999847412109,0.5220000076293946,Head,OpenPlay,Aerial,2025-08-16 14:00:00,Tottenham,Burnley,2025
28782,Djed Spence,10764,Tottenham,home,39,MissedShots,0.03260151296854019,0.774000015258789,0.6170000076293946,RightFoot,OpenPlay,Pass,2025-08-16 14:00:00,Tottenham,Burnley,2025
28782,Micky van de Ven,10050,Tottenham,home,48,MissedShots,0.14553724229335785,0.9740000152587891,0.485,Head,FromCorner,Cross,2025-08-16 14:00:00,Tottenham,Burnley,2025
28782,Richarlison,6026,Tottenham,home,51,BlockedShot,0.08876293897628784,0.885,0.5879999923706055,RightFoot,OpenPlay,Cross,2025-08-16 14:00:00,Tottenham,Burnley,2025
28782,Richarlison,6026,Tottenham,home,51,SavedShot,0.49988359212875366,0.965,0.5770000076293945,LeftFoot,OpenPlay,Rebound,2025-08-16 14:00:00,Tottenham,Burnley,2025
28782,Mohammed Kudus,12027,Tottenham,home,51,MissedShots,0.029406428337097168,0.9169999694824219,0.22700000762939454,LeftFoot,OpenPlay,Rebound,2025-08-16 14:00:00,Tottenham,Burnley,2025
28782,Richarlison,6026,Tottenham,home,59,Goal,0.09355449676513672,0.8859999847412109,0.5429999923706055,RightFoot,OpenPlay,Cross,2025-08-16 14:00:00,Tottenham,Burnley,2025
28782,Pedro Porro,6912,Tottenham,home,63,MissedShots,0.025929126888513565,0.7669999694824219,0.3220000076293945,RightFoot,OpenPlay,Pass,2025-08-16 14:00:00,Tottenham,Burnley,2025
28782,Brennan Johnson,10760,Tottenham,home,65,Goal,0.5134420394897461,0.914000015258789,0.5790000152587891,RightFoot,OpenPlay,Throughball,2025-08-16 14:00:00,Tottenham,Burnley,2025
28782,Micky van de Ven,10050,Tottenham,home,69,MissedShots,0.13427750766277313,0.9640000152587891,0.4640000152587891,Head,FromCorner,Cross,2025-08-16 14:00:00,Tottenham,Burnley,2025
28782,Dominic Solanke,1679,Tottenham,home,74,MissedShots,0.09272023290395737,0.850999984741211,0.4829999923706055,LeftFoot,OpenPlay,Cross,2025-08-16 14:00:00,Tottenham,Burnley,2025
28782,Djed Spence,10764,Tottenham,home,83,SavedShot,0.06407608836889267,0.960999984741211,0.669000015258789,RightFoot,OpenPlay,TakeOn,2025-08-16 14:00:00,Tottenham,Burnley,2025
28782,Mohammed Kudus,12027,Tottenham,home,84,MissedShots,0.02667970582842827,0.7619999694824219,0.37099998474121093,LeftFoot,FromCorner,Pass,2025-08-16 14:00:00,Tottenham,Burnley,2025
28782,Jaidon Anthony,10746,Burnley,away,13,MissedShots,0.02793847769498825,0.8909999847412109,0.504000015258789,Head,SetPiece,Aerial,2025-08-16 14:00:00,Tottenham,Burnley,2025
28782,Oliver Sonne,13726,Burnley,away,14,MissedShots,0.016889376565814018,0.830999984741211,0.665,LeftFoot,FromCorner,Aerial,2025-08-16 14:00:00,Tottenham,Burnley,2025
28782,Josh Laurent,13728,Burnley,away,22,SavedShot,0.01934977062046528,0.7430000305175781,0.3990000152587891,RightFoot,OpenPlay,Pass,2025-08-16 14:00:00,Tottenham,Burnley,2025
28782,Kyle Walker,638,Burnley,away,23,MissedShots,0.01382085494697094,0.7040000152587891,0.37900001525878907,RightFoot,OpenPlay,Pass,2025-08-16 14:00:00,Tottenham,Burnley,2025
28782,Jaidon Anthony,10746,Burnley,away,23,BlockedShot,0.02467920072376728,0.774000015258789,0.6359999847412109,RightFoot,OpenPlay,Pass,2025-08-16 14:00:00,Tottenham,Burnley,2025
28782,Lyle Foster,7498,Burnley,away,26,BlockedShot,0.13910795748233795,0.775,0.4129999923706055,RightFoot,OpenPlay,Throughball,2025-08-16 14:00:00,Tottenham,Burnley,2025
28782,Maxime Estève,9487,Burnley,away,28,SavedShot,0.045311152935028076,0.92,0.505,OtherBodyPart,FromCorner,Aerial,2025-08-16 14:00:00,Tottenham,Burnley,2025
28782,Josh Laurent,13728,Burnley,away,29,MissedShots,0.03751162067055702,0.865999984741211,0.7019999694824218,RightFoot,OpenPlay,Pass,2025-08-16 14:00:00,Tottenham,Burnley,2025
28782,Hannibal Mejbri,9558,Burnley,away,31,MissedShots,0.04063680022954941,0.784000015258789,0.7819999694824219,RightFoot,DirectFreekick,Standard,2025-08-16 14:00:00,Tottenham,Burnley,2025
28782,Josh Laurent,13728,Burnley,away,42,SavedShot,0.02691812254488468,0.784000015258789,0.41200000762939454,RightFoot,OpenPlay,Pass,2025-08-16 14:00:00,Tottenham,Burnley,2025
28782,Lyle Foster,7498,Burnley,away,57,MissedShots,0.12265605479478836,0.905,0.46299999237060546,LeftFoot,OpenPlay,Pass,2025-08-16 14:00:00,Tottenham,Burnley,2025
28782,Jaidon Anthony,10746,Burnley,away,57,SavedShot,0.12898607552051544,0.9309999847412109,0.54,RightFoot,OpenPlay,Rebound,2025-08-16 14:00:00,Tottenham,Burnley,2025
28782,Chimuanya Ugochukwu,9451,Burnley,away,67,MissedShots,0.074710913002491,0.8230000305175781,0.5120000076293946,RightFoot,OpenPlay,Pass,2025-08-16 14:00:00,Tottenham,Burnley,2025
28782,Jaidon Anthony,10746,Burnley,away,72,BlockedShot,0.03144283592700958,0.8490000152587891,0.46599998474121096,RightFoot,FromCorner,Chipped,2025-08-16 14:00:00,Tottenham,Burnley,2025
28783,Jørgen Strand Larsen,11070,Wolverhampton Wanderers,home,25,BlockedShot,0.07954536378383636,0.88,0.46599998474121096,RightFoot,OpenPlay,Cross,2025-08-16 16:30:00,Wolverhampton Wanderers,Manchester City,2025
28783,Jean-Ricner Bellegarde,7762,Wolverhampton Wanderers,home,28,MissedShots,0.03351510688662529,0.81,0.6580000305175782,RightFoot,OpenPlay,Pass,2025-08-16 16:30:00,Wolverhampton Wanderers,Manchester City,2025
28783,Jørgen Strand Larsen,11070,Wolverhampton Wanderers,home,45,MissedShots,0.07178953289985657,0.8919999694824219,0.43200000762939456,LeftFoot,OpenPlay,None,2025-08-16 16:30:00,Wolverhampton Wanderers,Manchester City,2025
28783,Jørgen Strand Larsen,11070,Wolverhampton Wanderers,home,57,SavedShot,0.10767661035060883,0.899000015258789,0.37,RightFoot,SetPiece,Throughball,2025-08-16 16:30:00,Wolverhampton Wanderers,Manchester City,2025
28783,Marshall Munetsi,7908,Wolverhampton Wanderers,home,73,BlockedShot,0.05032111331820488,0.8640000152587891,0.39299999237060546,RightFoot,OpenPlay,None,2025-08-16 16:30:00,Wolverhampton Wanderers,Manchester City,2025
28783,Jørgen Strand Larsen,11070,Wolverhampton Wanderers,home,74,SavedShot,0.05849302560091019,0.884000015258789,0.6769999694824219,RightFoot,OpenPlay,Pass,2025-08-16 16:30:00,Wolverhampton Wanderers,Manchester City,2025
28783,Emmanuel Agbadou,10856,Wolverhampton Wanderers,home,76,MissedShots,0.01164406817406416,0.7,0.5109999847412109,RightFoot,OpenPlay,Pass,2025-08-16 16:30:00,Wolverhampton Wanderers,Manchester City,2025
28783,Fernando López,13200,Wolverhampton Wanderers,home,86,BlockedShot,0.0520901195704937,0.8219999694824218,0.425,LeftFoot,OpenPlay,Pass,2025-08-16 16:30:00,Wolverhampton Wanderers,Manchester City,2025
28783,Fernando López,13200,Wolverhampton Wanderers,home,92,SavedShot,0.05436142161488533,0.8719999694824219,0.35400001525878905,LeftFoot,OpenPlay,BallTouch,2025-08-16 16:30:00,Wolverhampton Wanderers,Manchester City,2025
28783,Erling Haaland,8260,Manchester City,away,17,MissedShots,0.2403138428926468,0.9230000305175782,0.5070000076293946,Head,FromCorner,Aerial,2025-08-16 16:30:00,Wolverhampton Wanderers,Manchester City,2025
28783,Erling Haaland,8260,Manchester City,away,18,MissedShots,0.5462837815284729,0.955,0.45799999237060546,Head,OpenPlay,Cross,2025-08-16 16:30:00,Wolverhampton Wanderers,Manchester City,2025
28783,Nico González,9802,Manchester City,away,32,BlockedShot,0.06871091574430466,0.8159999847412109,0.4,RightFoot,OpenPlay,TakeOn,2025-08-16 16:30:00,Wolverhampton Wanderers,Manchester City,2025
28783,Rayan Ait Nouri,6674,Manchester City,away,32,BlockedShot,0.01887536235153675,0.7580000305175781,0.49,RightFoot,OpenPlay,Rebound,2025-08-16 16:30:00,Wolverhampton Wanderers,Manchester City,2025
28783,Nico González,9802,Manchester City,away,33,BlockedShot,0.017422990873456,0.7369999694824219,0.555,RightFoot,OpenPlay,Pass,2025-08-16 16:30:00,Wolverhampton Wanderers,Manchester City,2025
28783,Erling Haaland,8260,Manchester City,away,33,Goal,0.7589436173439026,0.9690000152587891,0.5320000076293945,LeftFoot,OpenPlay,Pass,2025-08-16 16:30:00,Wolverhampton Wanderers,Manchester City,2025
28783,Tijjani Reijnders,11965,Manchester City,away,36,Goal,0.08841829001903534,0.8430000305175781,0.65,LeftFoot,OpenPlay,Pass,2025-08-16 16:30:00,Wolverhampton Wanderers,Manchester City,2025
28783,Erling Haaland,8260,Manchester City,away,42,MissedShots,0.11745663732290268,0.9330000305175781,0.46900001525878904,Head,FromCorner,Cross,2025-08-16 16:30:00,Wolverhampton Wanderers,Manchester City,2025
28783,Erling Haaland,8260,Manchester City,away,48,MissedShots,0.03665313497185707,0.914000015258789,0.4829999923706055,Head,FromCorner,Aerial,2025-08-16 16:30:00,Wolverhampton Wanderers,Manchester City,2025
28783,Rayan Ait Nouri,6674,Manchester City,away,51,MissedShots,0.038658253848552704,0.8090000152587891,0.6129999923706054,LeftFoot,OpenPlay,None,2025-08-16 16:30:00,Wolverhampton Wanderers,Manchester City,2025
28783,Erling Haaland,8260,Manchester City,away,60,Goal,0.08934725821018219,0.8569999694824219,0.37,LeftFoot,OpenPlay,Pass,2025-08-16 16:30:00,Wolverhampton Wanderers,Manchester City,2025
28783,Mathis Cherki,8094,Manchester City,away,80,Goal,0.05370163172483444,0.7880000305175782,0.4620000076293945,RightFoot,OpenPlay,BallTouch,2025-08-16 16:30:00,Wolverhampton Wanderers,Manchester City,2025
28783,Tijjani Reijnders,11965,Manchester City,away,86,MissedShots,0.03802133724093437,0.775,0.3870000076293945,RightFoot,OpenPlay,Pass,2025-08-16 16:30:00,Wolverhampton Wanderers,Manchester City,2025
28783,Omar Marmoush,8393,Manchester City,away,91,BlockedShot,0.1576274335384369,0.8209999847412109,0.5720000076293945,RightFoot,DirectFreekick,Standard,2025-08-16 16:30:00,Wolverhampton Wanderers,Manchester City,2025
28783,Tijjani Reijnders,11965,Manchester City,away,91,MissedShots,0.035485826432704926,0.855,0.6580000305175782,RightFoot,SetPiece,Rebound,2025-08-16 16:30:00,Wolverhampton Wanderers,Manchester City,2025
28784,Marc Cucurella,7134,Chelsea,home,2,BlockedShot,0.023999612778425217,0.9769999694824218,0.5870000076293945,Head,FromCorner,Aerial,2025-08-17 13:00:00,Chelsea,Crystal Palace,2025
28784,Cole Palmer,8497,Chelsea,home,20,MissedShots,0.020660916343331337,0.8319999694824218,0.7319999694824219,LeftFoot,OpenPlay,Pass,2025-08-17 13:00:00,Chelsea,Crystal Palace,2025
28784,Pedro Neto,6382,Chelsea,home,22,BlockedShot,0.01898862048983574,0.7680000305175781,0.37799999237060544,LeftFoot,OpenPlay,Pass,2025-08-17 13:00:00,Chelsea,Crystal Palace,2025
28784,Josh Acheampong,12535,Chelsea,home,22,BlockedShot,0.08144471794366837,0.9619999694824218,0.5459999847412109,Head,FromCorner,Aerial,2025-08-17 13:00:00,Chelsea,Crystal Palace,2025
28784,Jamie Bynoe-Gittens,10542,Chelsea,home,25,BlockedShot,0.02257574535906315,0.78,0.45599998474121095,LeftFoot,FromCorner,None,2025-08-17 13:00:00,Chelsea,Crystal Palace,2025
28784,João Pedro,8272,Chelsea,home,29,BlockedShot,0.10877905040979385,0.8640000152587891,0.5429999923706055,LeftFoot,OpenPlay,Pass,2025-08-17 13:00:00,Chelsea,Crystal Palace,2025
28784,Moisés Caicedo,9453,Chelsea,home,29,BlockedShot,0.03899286314845085,0.8109999847412109,0.4779999923706055,RightFoot,OpenPlay,Rebound,2025-08-17 13:00:00,Chelsea,Crystal Palace,2025
28784,Jamie Bynoe-Gittens,10542,Chelsea,home,29,BlockedShot,0.020003335550427437,0.805,0.6730000305175782,RightFoot,FromCorner,None,2025-08-17 13:00:00,Chelsea,Crystal Palace,2025
28784,Trevoh Chalobah,6615,Chelsea,home,29,MissedShots,0.13115078210830688,0.914000015258789,0.48400001525878905,RightFoot,FromCorner,Rebound,2025-08-17 13:00:00,Chelsea,Crystal Palace,2025
28784,Cole Palmer,8497,Chelsea,home,46,BlockedShot,0.056066226214170456,0.8130000305175781,0.5220000076293946,LeftFoot,OpenPlay,Interception,2025-08-17 13:00:00,Chelsea,Crystal Palace,2025
28784,Marc Cucurella,7134,Chelsea,home,46,MissedShots,0.03194068372249603,0.8130000305175781,0.6170000076293946,LeftFoot,OpenPlay,Rebound,2025-08-17 13:00:00,Chelsea,Crystal Palace,2025
28784,Cole Palmer,8497,Chelsea,home,58,BlockedShot,0.0517423078417778,0.77,0.30100000381469727,LeftFoot,DirectFreekick,Standard,2025-08-17 13:00:00,Chelsea,Crystal Palace,2025
28784,João Pedro,8272,Chelsea,home,61,MissedShots,0.09113326668739319,0.9640000152587891,0.4759999847412109,Head,FromCorner,Aerial,2025-08-17 13:00:00,Chelsea,Crystal Palace,2025
28784,Cole Palmer,8497,Chelsea,home,63,BlockedShot,0.09504541754722595,0.9209999847412109,0.40700000762939453,RightFoot,OpenPlay,None,2025-08-17 13:00:00,Chelsea,Crystal Palace,2025
28784,Estêvão,13775,Chelsea,home,65,MissedShots,0.09882759302854538,0.9030000305175782,0.534000015258789,LeftFoot,OpenPlay,None,2025-08-17 13:00:00,Chelsea,Crystal Palace,2025
28784,Malo Gusto,9017,Chelsea,home,88,MissedShots,0.015278443694114685,0.710999984741211,0.4,RightFoot,OpenPlay,Pass,2025-08-17 13:00:00,Chelsea,Crystal Palace,2025
28784,Liam Delap,8868,Chelsea,home,89,SavedShot,0.04425767436623573,0.8540000152587891,0.32799999237060545,RightFoot,OpenPlay,None,2025-08-17 13:00:00,Chelsea,Crystal Palace,2025
28784,Andrey Santos,11808,Chelsea,home,92,MissedShots,0.3392919898033142,0.8590000152587891,0.49900001525878906,LeftFoot,OpenPlay,Pass,2025-08-17 13:00:00,Chelsea,Crystal Palace,2025
28784,Andrey Santos,11808,Chelsea,home,93,SavedShot,0.08640170097351074,0.8959999847412109,0.46299999237060546,Head,OpenPlay,Cross,2025-08-17 13:00:00,Chelsea,Crystal Palace,2025
28784,Eberechi Eze,8706,Crystal Palace,away,4,MissedShots,0.0071087428368628025,0.57,0.8819999694824219,RightFoot,OpenPlay,Pass,2025-08-17 13:00:00,Chelsea,Crystal Palace,2025
28784,Chris Richards,8430,Crystal Palace,away,8,MissedShots,0.03623467683792114,0.8980000305175782,0.4640000152587891,Head,SetPiece,None,2025-08-17 13:00:00,Chelsea,Crystal Palace,2025
28784,Jean-Philippe Mateta,5735,Crystal Palace,away,17,BlockedShot,0.0139832254499197,0.74,0.3129999923706055,RightFoot,OpenPlay,Dispossessed,2025-08-17 13:00:00,Chelsea,Crystal Palace,2025
28784,Jean-Philippe Mateta,5735,Crystal Palace,away,18,SavedShot,0.29825660586357117,0.8530000305175781,0.47400001525878904,RightFoot,OpenPlay,Pass,2025-08-17 13:00:00,Chelsea,Crystal Palace,2025
28784,Eberechi Eze,8706,Crystal Palace,away,24,SavedShot,0.011063599027693272,0.7090000152587891,0.7419999694824219,RightFoot,SetPiece,Pass,2025-08-17 13:00:00,Chelsea,Crystal Palace,2025
28784,Maxence Lacroix,8853,Crystal Palace,away,38,MissedShots,0.4323694705963135,0.9209999847412109,0.4929999923706055,RightFoot,SetPiece,Cross,2025-08-17 13:00:00,Chelsea,Crystal Palace,2025
28784,Eberechi Eze,8706,Crystal Palace,away,48,BlockedShot,0.07205233722925186,0.8569999694824219,0.555,LeftFoot,OpenPlay,None,2025-08-17 13:00:00,Chelsea,Crystal Palace,2025
28784,Eberechi Eze,8706,Crystal Palace,away,48,BlockedShot,0.05572766438126564,0.8219999694824218,0.47400001525878904,RightFoot,OpenPlay,None,2025-08-17 13:00:00,Chelsea,Crystal Palace,2025
28784,Daniel Muñoz,12408,Crystal Palace,away,48,MissedShots,0.06141011789441109,0.855999984741211,0.4179999923706055,LeftFoot,OpenPlay,Rebound,2025-08-17 13:00:00,Chelsea,Crystal Palace,2025
28784,Eberechi Eze,8706,Crystal Palace,away,68,BlockedShot,0.008318526670336723,0.6040000152587891,0.6730000305175782,RightFoot,OpenPlay,BallRecovery,2025-08-17 13:00:00,Chelsea,Crystal Palace,2025
28784,Jean-Philippe Mateta,5735,Crystal Palace,away,76,SavedShot,0.015475641936063766,0.7180000305175781,0.30700000762939456,RightFoot,OpenPlay,Pass,2025-08-17 13:00:00,Chelsea,Crystal Palace,2025
28784,Eberechi Eze,8706,Crystal Palace,away,81,SavedShot,0.025558898225426674,0.7569999694824219,0.5120000076293946,RightFoot,OpenPlay,Pass,2025-08-17 13:00:00,Chelsea,Crystal Palace,2025
28785,Chris Wood,4456,Nottingham Forest,home,5,Goal,0.08667483180761337,0.9059999847412109,0.415,RightFoot,FromCorner,None,2025-08-17 13:00:00,Nottingham Forest,Brentford,2025
28785,Elliot Anderson,9154,Nottingham Forest,home,10,BlockedShot,0.04947927966713905,0.8440000152587891,0.34400001525878904,RightFoot,OpenPlay,Pass,2025-08-17 13:00:00,Nottingham Forest,Brentford,2025
28785,Elliot Anderson,9154,Nottingham Forest,home,10,MissedShots,0.34471628069877625,0.9119999694824219,0.4520000076293945,LeftFoot,OpenPlay,Cross,2025-08-17 13:00:00,Nottingham Forest,Brentford,2025
28785,Morgan Gibbs-White,6857,Nottingham Forest,home,17,BlockedShot,0.052031442523002625,0.8169999694824219,0.3579999923706055,RightFoot,OpenPlay,BallTouch,2025-08-17 13:00:00,Nottingham Forest,Brentford,2025
28785,Elliot Anderson,9154,Nottingham Forest,home,17,SavedShot,0.029686104506254196,0.779000015258789,0.3390000152587891,LeftFoot,OpenPlay,Rebound,2025-08-17 13:00:00,Nottingham Forest,Brentford,2025
28785,Dan Ndoye,8662,Nottingham Forest,home,41,Goal,0.30143463611602783,0.9080000305175782,0.46,Head,OpenPlay,Cross,2025-08-17 13:00:00,Nottingham Forest,Brentford,2025
28785,Chris Wood,4456,Nottingham Forest,home,46,Goal,0.3639630973339081,0.960999984741211,0.605,LeftFoot,OpenPlay,BallRecovery,2025-08-17 13:00:00,Nottingham Forest,Brentford,2025
28785,Ibrahim Sangare,5722,Nottingham Forest,home,54,MissedShots,0.013808981515467167,0.69,0.605,RightFoot,OpenPlay,Pass,2025-08-17 13:00:00,Nottingham Forest,Brentford,2025
28785,Callum Hudson-Odoi,6456,Nottingham Forest,home,60,SavedShot,0.015782266855239868,0.7280000305175781,0.664000015258789,RightFoot,OpenPlay,Pass,2025-08-17 13:00:00,Nottingham Forest,Brentford,2025
28785,Morgan Gibbs-White,6857,Nottingham Forest,home,62,MissedShots,0.4768589437007904,0.9169999694824219,0.5209999847412109,RightFoot,OpenPlay,Cross,2025-08-17 13:00:00,Nottingham Forest,Brentford,2025
28785,Morgan Gibbs-White,6857,Nottingham Forest,home,64,MissedShots,0.022611716762185097,0.76,0.605,RightFoot,OpenPlay,Pass,2025-08-17 13:00:00,Nottingham Forest,Brentford,2025
28785,Yehor Yarmolyuk,11772,Brentford,away,23,SavedShot,0.043761223554611206,0.815,0.5320000076293945,RightFoot,OpenPlay,Pass,2025-08-17 13:00:00,Nottingham Forest,Brentford,2025
28785,Nathan Collins,9733,Brentford,away,25,BlockedShot,0.013189978897571564,0.93,0.3870000076293945,Head,FromCorner,Aerial,2025-08-17 13:00:00,Nottingham Forest,Brentford,2025
28785,Mathias Jensen,7166,Brentford,away,39,MissedShots,0.07513508200645447,0.8780000305175781,0.605999984741211,RightFoot,OpenPlay,Pass,2025-08-17 13:00:00,Nottingham Forest,Brentford,2025
28785,Thiago,13222,Brentford,away,39,BlockedShot,0.12306726723909378,0.92,0.4540000152587891,LeftFoot,OpenPlay,Rebound,2025-08-17 13:00:00,Nottingham Forest,Brentford,2025
28785,Keane Lewis-Potter,10809,Brentford,away,50,MissedShots,0.045006413012742996,0.8059999847412109,0.48900001525878906,LeftFoot,OpenPlay,Tackle,2025-08-17 13:00:00,Nottingham Forest,Brentford,2025
28785,Keane Lewis-Potter,10809,Brentford,away,53,MissedShots,0.0196341834962368,0.8530000305175781,0.624000015258789,Head,OpenPlay,Aerial,2025-08-17 13:00:00,Nottingham Forest,Brentford,2025
28785,Fabio Carvalho,9501,Brentford,away,58,MissedShots,0.0408463291823864,0.8030000305175782,0.37599998474121094,RightFoot,OpenPlay,Pass,2025-08-17 13:00:00,Nottingham Forest,Brentford,2025
28785,Sepp van den Berg,10721,Brentford,away,72,SavedShot,0.13119171559810638,0.9269999694824219,0.5,Head,OpenPlay,Pass,2025-08-17 13:00:00,Nottingham Forest,Brentford,2025
28785,Sepp van den Berg,10721,Brentford,away,74,BlockedShot,0.08140833675861359,0.9109999847412109,0.47,Head,OpenPlay,Pass,2025-08-17 13:00:00,Nottingham Forest,Brentford,2025
28785,Thiago,13222,Brentford,away,77,Goal,0.7611688375473022,0.885,0.5,RightFoot,Penalty,Standard,2025-08-17 13:00:00,Nottingham Forest,Brentford,2025
28786,Bryan Mbeumo,6552,Manchester United,home,5,SavedShot,0.07126373052597046,0.87,0.37599998474121094,RightFoot,OpenPlay,Pass,2025-08-17 15:30:00,Manchester United,Arsenal,2025
28786,Patrick Dorgu,11944,Manchester United,home,7,MissedShots,0.01521605160087347,0.6790000152587891,0.5170000076293946,LeftFoot,SetPiece,Pass,2025-08-17 15:30:00,Manchester United,Arsenal,2025
28786,Bruno Fernandes,1228,Manchester United,home,16,BlockedShot,0.10686822980642319,0.81,0.3729999923706055,RightFoot,DirectFreekick,Standard,2025-08-17 15:30:00,Manchester United,Arsenal,2025
28786,Bryan Mbeumo,6552,Manchester United,home,24,BlockedShot,0.09468268603086472,0.8240000152587891,0.38299999237060545,LeftFoot,OpenPlay,Chipped,2025-08-17 15:30:00,Manchester United,Arsenal,2025
28786,Patrick Dorgu,11944,Manchester United,home,29,ShotOnPost,0.03560063987970352,0.7930000305175782,0.7280000305175781,LeftFoot,OpenPlay,Pass,2025-08-17 15:30:00,Manchester United,Arsenal,2025
28786,Matheus Cunha,7080,Manchester United,home,32,SavedShot,0.11505018174648285,0.830999984741211,0.37,RightFoot,OpenPlay,TakeOn,2025-08-17 15:30:00,Manchester United,Arsenal,2025
28786,Matheus Cunha,7080,Manchester United,home,33,SavedShot,0.01872454211115837,0.749000015258789,0.56,RightFoot,OpenPlay,Pass,2025-08-17 15:30:00,Manchester United,Arsenal,2025
28786,Matheus Cunha,7080,Manchester United,home,37,SavedShot,0.06415598094463348,0.9569999694824218,0.66,LeftFoot,OpenPlay,Pass,2025-08-17 15:30:00,Manchester United,Arsenal,2025
28786,Bruno Fernandes,1228,Manchester United,home,37,BlockedShot,0.05738595873117447,0.8430000305175781,0.5690000152587891,LeftFoot,OpenPlay,Dispossessed,2025-08-17 15:30:00,Manchester United,Arsenal,2025
28786,Mason Mount,7768,Manchester United,home,43,BlockedShot,0.07355441153049469,0.8669999694824219,0.625,RightFoot,OpenPlay,Pass,2025-08-17 15:30:00,Manchester United,Arsenal,2025
28786,Mason Mount,7768,Manchester United,home,48,BlockedShot,0.06331620365381241,0.8719999694824219,0.6359999847412109,LeftFoot,OpenPlay,Pass,2025-08-17 15:30:00,Manchester United,Arsenal,2025
28786,Bryan Mbeumo,6552,Manchester United,home,68,BlockedShot,0.08600316196680069,0.9009999847412109,0.4470000076293945,RightFoot,OpenPlay,BallTouch,2025-08-17 15:30:00,Manchester United,Arsenal,2025
28786,Bryan Mbeumo,6552,Manchester United,home,68,MissedShots,0.078298419713974,0.8859999847412109,0.5129999923706055,RightFoot,OpenPlay,Cross,2025-08-17 15:30:00,Manchester United,Arsenal,2025
28786,Bryan Mbeumo,6552,Manchester United,home,72,SavedShot,0.056700605899095535,0.9030000305175782,0.4640000152587891,Head,OpenPlay,None,2025-08-17 15:30:00,Manchester United,Arsenal,2025
28786,Benjamin Sesko,11974,Manchester United,home,73,MissedShots,0.04673357680439949,0.9059999847412109,0.4490000152587891,Head,OpenPlay,Chipped,2025-08-17 15:30:00,Manchester United,Arsenal,2025
28786,Amad Diallo Traore,8127,Manchester United,home,76,SavedShot,0.016931818798184395,0.8209999847412109,0.25799999237060545,LeftFoot,OpenPlay,TakeOn,2025-08-17 15:30:00,Manchester United,Arsenal,2025
28786,Manuel Ugarte,11766,Manchester United,home,87,MissedShots,0.015479695983231068,0.7180000305175781,0.53,RightFoot,OpenPlay,Pass,2025-08-17 15:30:00,Manchester United,Arsenal,2025
28786,Matthijs de Ligt,7902,Manchester United,home,88,MissedShots,0.06453955918550491,0.905,0.31799999237060544,LeftFoot,OpenPlay,Pass,2025-08-17 15:30:00,Manchester United,Arsenal,2025
28786,Matheus Cunha,7080,Manchester United,home,88,BlockedShot,0.1362403780221939,0.9309999847412109,0.4929999923706055,RightFoot,OpenPlay,Rebound,2025-08-17 15:30:00,Manchester United,Arsenal,2025
28786,Matthijs de Ligt,7902,Manchester United,home,88,BlockedShot,0.07406152784824371,0.9330000305175781,0.33299999237060546,LeftFoot,OpenPlay,Pass,2025-08-17 15:30:00,Manchester United,Arsenal,2025
28786,Benjamin Sesko,11974,Manchester United,home,89,MissedShots,0.02999100647866726,0.855999984741211,0.47700000762939454,Head,OpenPlay,Chipped,2025-08-17 15:30:00,Manchester United,Arsenal,2025
28786,Matthijs de Ligt,7902,Manchester United,home,95,SavedShot,0.06452064961194992,0.9309999847412109,0.5029999923706054,Head,FromCorner,Aerial,2025-08-17 15:30:00,Manchester United,Arsenal,2025
28786,Riccardo Calafiori,8129,Arsenal,away,12,Goal,0.8442546129226685,0.9940000152587891,0.49,Head,FromCorner,None,2025-08-17 15:30:00,Manchester United,Arsenal,2025
28786,Gabriel Martinelli,7752,Arsenal,away,25,SavedShot,0.058520082384347916,0.87,0.6930000305175781,RightFoot,OpenPlay,Pass,2025-08-17 15:30:00,Manchester United,Arsenal,2025
28786,Martin Odegaard,2517,Arsenal,away,34,SavedShot,0.060895293951034546,0.7769999694824219,0.42200000762939455,LeftFoot,OpenPlay,TakeOn,2025-08-17 15:30:00,Manchester United,Arsenal,2025
28786,Martin Odegaard,2517,Arsenal,away,40,MissedShots,0.06685280054807663,0.8719999694824219,0.4209999847412109,LeftFoot,FromCorner,None,2025-08-17 15:30:00,Manchester United,Arsenal,2025
28786,Ben White,7298,Arsenal,away,40,MissedShots,0.0184373389929533,0.7469999694824219,0.45799999237060546,RightFoot,FromCorner,BallTouch,2025-08-17 15:30:00,Manchester United,Arsenal,2025
28786,Declan Rice,5553,Arsenal,away,58,MissedShots,0.03301990032196045,0.774000015258789,0.519000015258789,RightFoot,OpenPlay,Pass,2025-08-17 15:30:00,Manchester United,Arsenal,2025
28786,Declan Rice,5553,Arsenal,away,63,BlockedShot,0.05388079211115837,0.8440000152587891,0.6730000305175782,LeftFoot,OpenPlay,Pass,2025-08-17 15:30:00,Manchester United,Arsenal,2025
28786,Declan Rice,5553,Arsenal,away,81,BlockedShot,0.05943479388952255,0.78,0.3129999923706055,RightFoot,DirectFreekick,Standard,2025-08-17 15:30:00,Manchester United,Arsenal,2025
28786,Bukayo Saka,7322,Arsenal,away,91,BlockedShot,0.13510377705097198,0.9009999847412109,0.425,LeftFoot,OpenPlay,Pass,2025-08-17 15:30:00,Manchester United,Arsenal,2025
28787,Joël Piroe,13835,Leeds,home,4,SavedShot,0.4093262255191803,0.9490000152587891,0.5970000076293945,LeftFoot,OpenPlay,None,2025-08-18 19:00:00,Leeds,Everton,2025
28787,Joël Piroe,13835,Leeds,home,9,BlockedShot,0.024318870157003403,0.7819999694824219,0.34799999237060547,RightFoot,OpenPlay,BallRecovery,2025-08-18 19:00:00,Leeds,Everton,2025
28787,Daniel James,5595,Leeds,home,12,BlockedShot,0.014758638106286526,0.7719999694824219,0.4159999847412109,LeftFoot,FromCorner,Aerial,2025-08-18 19:00:00,Leeds,Everton,2025
28787,Gabriel Gudmundsson,9944,Leeds,home,14,BlockedShot,0.016118241474032402,0.7869999694824219,0.5629999923706055,LeftFoot,FromCorner,Aerial,2025-08-18 19:00:00,Leeds,Everton,2025
28787,Joël Piroe,13835,Leeds,home,20,BlockedShot,0.09029436856508255,0.8880000305175781,0.534000015258789,RightFoot,OpenPlay,Cross,2025-08-18 19:00:00,Leeds,Everton,2025
28787,Ao Tanaka,13834,Leeds,home,30,MissedShots,0.015662821009755135,0.715999984741211,0.580999984741211,RightFoot,OpenPlay,Pass,2025-08-18 19:00:00,Leeds,Everton,2025
28787,Anton Stach,9910,Leeds,home,35,MissedShots,0.03217145800590515,0.9,0.5570000076293945,Head,OpenPlay,CornerAwarded,2025-08-18 19:00:00,Leeds,Everton,2025
28787,Daniel James,5595,Leeds,home,35,BlockedShot,0.1070418506860733,0.9119999694824219,0.4759999847412109,RightFoot,OpenPlay,None,2025-08-18 19:00:00,Leeds,Everton,2025
28787,Pascal Struijk,8717,Leeds,home,36,MissedShots,0.11817356944084167,0.9690000152587891,0.57,Head,FromCorner,Cross,2025-08-18 19:00:00,Leeds,Everton,2025
28787,Wilfried Gnonto,11155,Leeds,home,36,BlockedShot,0.03316649794578552,0.7780000305175782,0.47900001525878905,RightFoot,FromCorner,Rebound,2025-08-18 19:00:00,Leeds,Everton,2025
28787,Gabriel Gudmundsson,9944,Leeds,home,37,BlockedShot,0.042517147958278656,0.8590000152587891,0.7030000305175781,RightFoot,OpenPlay,BallRecovery,2025-08-18 19:00:00,Leeds,Everton,2025
28787,Wilfried Gnonto,11155,Leeds,home,43,MissedShots,0.015106682665646076,0.7880000305175782,0.735,LeftFoot,OpenPlay,Pass,2025-08-18 19:00:00,Leeds,Everton,2025
28787,Wilfried Gnonto,11155,Leeds,home,54,MissedShots,0.08617589622735977,0.9259999847412109,0.3890000152587891,RightFoot,OpenPlay,None,2025-08-18 19:00:00,Leeds,Everton,2025
28787,Gabriel Gudmundsson,9944,Leeds,home,59,BlockedShot,0.06013450399041176,0.9569999694824218,0.435,Head,FromCorner,Aerial,2025-08-18 19:00:00,Leeds,Everton,2025
28787,Ao Tanaka,13834,Leeds,home,79,MissedShots,0.09609762579202652,0.8519999694824218,0.5270000076293946,RightFoot,OpenPlay,Pass,2025-08-18 19:00:00,Leeds,Everton,2025
28787,Lukas Nmecha,6544,Leeds,home,81,BlockedShot,0.06670711189508438,0.860999984741211,0.6419999694824219,RightFoot,OpenPlay,Pass,2025-08-18 19:00:00,Leeds,Everton,2025
28787,Anton Stach,9910,Leeds,home,81,BlockedShot,0.019304729998111725,0.7519999694824219,0.4490000152587891,RightFoot,OpenPlay,None,2025-08-18 19:00:00,Leeds,Everton,2025
28787,Lukas Nmecha,6544,Leeds,home,83,Goal,0.7611688375473022,0.885,0.5,RightFoot,Penalty,Standard,2025-08-18 19:00:00,Leeds,Everton,2025
28787,Anton Stach,9910,Leeds,home,90,SavedShot,0.027387846261262894,0.7830000305175782,0.649000015258789,RightFoot,OpenPlay,Pass,2025-08-18 19:00:00,Leeds,Everton,2025
28787,Jayden Bogle,9205,Leeds,home,90,BlockedShot,0.018469899892807007,0.7769999694824219,0.30700000762939456,RightFoot,OpenPlay,Rebound,2025-08-18 19:00:00,Leeds,Everton,2025
28787,Anton Stach,9910,Leeds,home,91,MissedShots,0.33152326941490173,0.9569999694824218,0.40299999237060546,LeftFoot,OpenPlay,Cross,2025-08-18 19:00:00,Leeds,Everton,2025
28787,Idrissa Gueye,668,Everton,away,53,MissedShots,0.035499490797519684,0.794000015258789,0.5690000152587891,RightFoot,OpenPlay,Pass,2025-08-18 19:00:00,Leeds,Everton,2025
28787,James Garner,7438,Everton,away,63,BlockedShot,0.032131776213645935,0.6880000305175781,0.39799999237060546,RightFoot,DirectFreekick,Standard,2025-08-18 19:00:00,Leeds,Everton,2025
28787,Carlos Alcaraz,11297,Everton,away,75,SavedShot,0.06797664612531662,0.945,0.29600000381469727,RightFoot,SetPiece,TakeOn,2025-08-18 19:00:00,Leeds,Everton,2025
28787,Jake O&#039;Brien,12014,Everton,away,76,MissedShots,0.07649127393960953,0.955999984741211,0.455,Head,FromCorner,Aerial,2025-08-18 19:00:00,Leeds,Everton,2025
28787,Jack Grealish,675,Everton,away,87,BlockedShot,0.07832671701908112,0.88,0.5829999923706055,LeftFoot,SetPiece,BallTouch,2025-08-18 19:00:00,Leeds,Everton,2025
28787,Beto,9983,Everton,away,87,BlockedShot,0.04186242073774338,0.9009999847412109,0.4909999847412109,Head,SetPiece,Aerial,2025-08-18 19:00:00,Leeds,Everton,2025
28787,James Tarkowski,1665,Everton,away,87,MissedShots,0.35699406266212463,0.97,0.5790000152587891,Head,SetPiece,Rebound,2025-08-18 19:00:00,Leeds,Everton,2025
28788,Lucas Paquetá,7365,West Ham,home,5,Goal,0.015151547268033028,0.754000015258789,0.7290000152587891,LeftFoot,OpenPlay,Pass,2025-08-22 19:00:00,West Ham,Chelsea,2025
28788,Tomas Soucek,8288,West Ham,home,16,BlockedShot,0.007524879649281502,0.9180000305175782,0.3270000076293945,Head,SetPiece,Aerial,2025-08-22 19:00:00,West Ham,Chelsea,2025
28788,Lucas Paquetá,7365,West Ham,home,38,SavedShot,0.021286431699991226,0.8180000305175781,0.49700000762939456,LeftFoot,OpenPlay,HeadPass,2025-08-22 19:00:00,West Ham,Chelsea,2025
28788,Jarrod Bowen,1776,West Ham,home,43,BlockedShot,0.05442730337381363,0.915,0.28899999618530275,LeftFoot,OpenPlay,Pass,2025-08-22 19:00:00,West Ham,Chelsea,2025
28788,Jarrod Bowen,1776,West Ham,home,48,SavedShot,0.040309593081474304,0.9069999694824219,0.345,LeftFoot,OpenPlay,Cross,2025-08-22 19:00:00,West Ham,Chelsea,2025
28788,Callum Wilson,468,West Ham,home,64,MissedShots,0.021384084597229958,0.9180000305175782,0.5740000152587891,Head,FromCorner,Aerial,2025-08-22 19:00:00,West Ham,Chelsea,2025
28788,Tomas Soucek,8288,West Ham,home,66,SavedShot,0.07674121111631393,0.9080000305175782,0.41900001525878905,LeftFoot,OpenPlay,None,2025-08-22 19:00:00,West Ham,Chelsea,2025
28788,Kyle Walker-Peters,885,West Ham,home,70,MissedShots,0.08269345760345459,0.9730000305175781,0.3729999923706055,RightFoot,OpenPlay,Pass,2025-08-22 19:00:00,West Ham,Chelsea,2025
28788,Naif Aguerd,6935,West Ham,home,80,MissedShots,0.026649724692106247,0.9109999847412109,0.54,Head,FromCorner,Aerial,2025-08-22 19:00:00,West Ham,Chelsea,2025
28788,Naif Aguerd,6935,West Ham,home,85,MissedShots,0.061928026378154755,0.924000015258789,0.5790000152587891,Head,FromCorner,Cross,2025-08-22 19:00:00,West Ham,Chelsea,2025
28788,James Ward-Prowse,843,West Ham,home,89,BlockedShot,0.09799826145172119,0.7969999694824219,0.39099998474121095,RightFoot,DirectFreekick,Standard,2025-08-22 19:00:00,West Ham,Chelsea,2025
28788,Max Kilman,7332,West Ham,home,89,MissedShots,0.4724774956703186,0.9580000305175781,0.4640000152587891,Head,FromCorner,Cross,2025-08-22 19:00:00,West Ham,Chelsea,2025
28788,João Pedro,8272,Chelsea,away,14,Goal,0.5352728962898254,0.9669999694824218,0.5059999847412109,Head,FromCorner,HeadPass,2025-08-22 19:00:00,West Ham,Chelsea,2025
28788,Liam Delap,8868,Chelsea,away,18,SavedShot,0.13271735608577728,0.915,0.43599998474121093,RightFoot,OpenPlay,None,2025-08-22 19:00:00,West Ham,Chelsea,2025
28788,Pedro Neto,6382,Chelsea,away,22,Goal,0.38758036494255066,0.9380000305175781,0.565,LeftFoot,OpenPlay,Cross,2025-08-22 19:00:00,West Ham,Chelsea,2025
28788,João Pedro,8272,Chelsea,away,26,MissedShots,0.01688173972070217,0.715,0.445,RightFoot,OpenPlay,None,2025-08-22 19:00:00,West Ham,Chelsea,2025
28788,Enzo Fernández,11356,Chelsea,away,33,Goal,0.7091479897499084,0.9640000152587891,0.52,RightFoot,OpenPlay,Pass,2025-08-22 19:00:00,West Ham,Chelsea,2025
28788,Enzo Fernández,11356,Chelsea,away,49,MissedShots,0.43584325909614563,0.8730000305175781,0.5209999847412109,RightFoot,OpenPlay,Pass,2025-08-22 19:00:00,West Ham,Chelsea,2025
28788,Moisés Caicedo,9453,Chelsea,away,53,Goal,0.5002027153968811,0.9309999847412109,0.44299999237060544,RightFoot,FromCorner,None,2025-08-22 19:00:00,West Ham,Chelsea,2025
28788,João Pedro,8272,Chelsea,away,57,MissedShots,0.04047083854675293,0.9169999694824219,0.5359999847412109,Head,FromCorner,Aerial,2025-08-22 19:00:00,West Ham,Chelsea,2025
28788,Trevoh Chalobah,6615,Chelsea,away,57,Goal,0.638831615447998,0.9569999694824218,0.48400001525878905,LeftFoot,FromCorner,Rebound,2025-08-22 19:00:00,West Ham,Chelsea,2025
28788,Enzo Fernández,11356,Chelsea,away,60,MissedShots,0.04919792339205742,0.8269999694824218,0.37799999237060544,RightFoot,OpenPlay,None,2025-08-22 19:00:00,West Ham,Chelsea,2025
28788,Estêvão,13775,Chelsea,away,72,SavedShot,0.47674334049224854,0.8919999694824219,0.47,LeftFoot,OpenPlay,Throughball,2025-08-22 19:00:00,West Ham,Chelsea,2025
28788,Pedro Neto,6382,Chelsea,away,90,BlockedShot,0.052929092198610306,0.8419999694824218,0.2979999923706055,LeftFoot,OpenPlay,Pass,2025-08-22 19:00:00,West Ham,Chelsea,2025
28789,Omar Marmoush,8393,Manchester City,home,9,MissedShots,0.04282860457897186,0.96,0.7169999694824218,LeftFoot,OpenPlay,None,2025-08-23 11:30:00,Manchester City,Tottenham,2025
28789,Omar Marmoush,8393,Manchester City,home,17,SavedShot,0.023535283282399178,0.7930000305175782,0.7090000152587891,RightFoot,OpenPlay,Pass,2025-08-23 11:30:00,Manchester City,Tottenham,2025
28789,Tijjani Reijnders,11965,Manchester City,home,18,BlockedShot,0.05850129574537277,0.8119999694824219,0.544000015258789,RightFoot,OpenPlay,Pass,2025-08-23 11:30:00,Manchester City,Tottenham,2025
28789,Omar Marmoush,8393,Manchester City,home,27,SavedShot,0.36525797843933105,0.875,0.43200000762939456,RightFoot,OpenPlay,Throughball,2025-08-23 11:30:00,Manchester City,Tottenham,2025
28789,Nathan Aké,579,Manchester City,home,47,BlockedShot,0.0981948971748352,0.8959999847412109,0.605,LeftFoot,OpenPlay,Pass,2025-08-23 11:30:00,Manchester City,Tottenham,2025
28789,Erling Haaland,8260,Manchester City,home,51,MissedShots,0.4975411593914032,0.9519999694824218,0.485,Head,FromCorner,Cross,2025-08-23 11:30:00,Manchester City,Tottenham,2025
28789,Rico Lewis,10847,Manchester City,home,69,MissedShots,0.017117779701948166,0.7569999694824219,0.41700000762939454,RightFoot,FromCorner,None,2025-08-23 11:30:00,Manchester City,Tottenham,2025
28789,Rodri,2496,Manchester City,home,75,SavedShot,0.019334079697728157,0.914000015258789,0.43200000762939456,Head,FromCorner,Aerial,2025-08-23 11:30:00,Manchester City,Tottenham,2025
28789,Phil Foden,6055,Manchester City,home,78,BlockedShot,0.10486970096826553,0.9259999847412109,0.5529999923706055,LeftFoot,OpenPlay,Challenge,2025-08-23 11:30:00,Manchester City,Tottenham,2025
28789,Phil Foden,6055,Manchester City,home,84,SavedShot,0.020318936556577682,0.755,0.57,LeftFoot,OpenPlay,Pass,2025-08-23 11:30:00,Manchester City,Tottenham,2025
28789,Pedro Porro,6912,Tottenham,away,8,BlockedShot,0.05749478563666344,0.78,0.695,RightFoot,DirectFreekick,Standard,2025-08-23 11:30:00,Manchester City,Tottenham,2025
28789,Pedro Porro,6912,Tottenham,away,8,MissedShots,0.025627147406339645,0.845999984741211,0.685,RightFoot,SetPiece,Rebound,2025-08-23 11:30:00,Manchester City,Tottenham,2025
28789,Brennan Johnson,10760,Tottenham,away,34,Goal,0.37564074993133545,0.8869999694824219,0.5279999923706055,RightFoot,OpenPlay,Pass,2025-08-23 11:30:00,Manchester City,Tottenham,2025
28789,João Palhinha,10715,Tottenham,away,46,Goal,0.38038206100463867,0.899000015258789,0.41700000762939454,RightFoot,OpenPlay,TakeOn,2025-08-23 11:30:00,Manchester City,Tottenham,2025
28789,Pape Sarr,9021,Tottenham,away,53,SavedShot,0.0277139563113451,0.9059999847412109,0.585,Head,OpenPlay,Aerial,2025-08-23 11:30:00,Manchester City,Tottenham,2025
28789,Richarlison,6026,Tottenham,away,55,BlockedShot,0.02252925932407379,0.9119999694824219,0.5829999923706055,Head,OpenPlay,Aerial,2025-08-23 11:30:00,Manchester City,Tottenham,2025
28789,Brennan Johnson,10760,Tottenham,away,56,MissedShots,0.07568179816007614,0.7930000305175782,0.7240000152587891,RightFoot,OpenPlay,Pass,2025-08-23 11:30:00,Manchester City,Tottenham,2025
28789,Richarlison,6026,Tottenham,away,60,MissedShots,0.017172716557979584,0.92,0.605,Head,SetPiece,Aerial,2025-08-23 11:30:00,Manchester City,Tottenham,2025
28789,Richarlison,6026,Tottenham,away,61,MissedShots,0.05051447078585625,0.93,0.6079999923706054,Head,OpenPlay,Cross,2025-08-23 11:30:00,Manchester City,Tottenham,2025
28789,Wilson Odobert,10822,Tottenham,away,86,MissedShots,0.1438920646905899,0.860999984741211,0.47,RightFoot,OpenPlay,Pass,2025-08-23 11:30:00,Manchester City,Tottenham,2025
28789,Dominic Solanke,1679,Tottenham,away,92,SavedShot,0.09157638251781464,0.8619999694824219,0.40099998474121096,RightFoot,OpenPlay,FormationChange,2025-08-23 11:30:00,Manchester City,Tottenham,2025
28789,Wilson Odobert,10822,Tottenham,away,92,SavedShot,0.014750823378562927,0.9009999847412109,0.580999984741211,Head,OpenPlay,Rebound,2025-08-23 11:30:00,Manchester City,Tottenham,2025
28790,Mikkel Damsgaard,8859,Brentford,home,2,MissedShots,0.033606838434934616,0.9269999694824219,0.6919999694824219,RightFoot,OpenPlay,TakeOn,2025-08-23 14:00:00,Brentford,Aston Villa,2025
28790,Dango Ouattara,9662,Brentford,home,11,SavedShot,0.399488627910614,0.899000015258789,0.580999984741211,RightFoot,OpenPlay,TakeOn,2025-08-23 14:00:00,Brentford,Aston Villa,2025
28790,Dango Ouattara,9662,Brentford,home,12,Goal,0.6180344223976135,0.950999984741211,0.54,LeftFoot,OpenPlay,Rebound,2025-08-23 14:00:00,Brentford,Aston Villa,2025
28790,Thiago,13222,Brentford,home,25,MissedShots,0.043944086879491806,0.8980000305175782,0.49200000762939455,Head,OpenPlay,CornerAwarded,2025-08-23 14:00:00,Brentford,Aston Villa,2025
28790,Jordan Henderson,605,Brentford,home,25,BlockedShot,0.029967214912176132,0.9,0.68,LeftFoot,OpenPlay,Aerial,2025-08-23 14:00:00,Brentford,Aston Villa,2025
28790,Thiago,13222,Brentford,home,26,BlockedShot,0.04421475902199745,0.9109999847412109,0.5059999847412109,Head,FromCorner,Aerial,2025-08-23 14:00:00,Brentford,Aston Villa,2025
28790,Kevin Schade,9156,Brentford,home,26,BlockedShot,0.07772877812385559,0.935,0.5770000076293945,RightFoot,FromCorner,CornerAwarded,2025-08-23 14:00:00,Brentford,Aston Villa,2025
28790,Yehor Yarmolyuk,11772,Brentford,home,26,MissedShots,0.02342926897108555,0.7809999847412109,0.4829999923706055,RightFoot,FromCorner,None,2025-08-23 14:00:00,Brentford,Aston Villa,2025
28790,Thiago,13222,Brentford,home,76,MissedShots,0.10612580925226212,0.889000015258789,0.6709999847412109,LeftFoot,OpenPlay,Pass,2025-08-23 14:00:00,Brentford,Aston Villa,2025
28790,Youri Tielemans,5956,Aston Villa,away,18,MissedShots,0.015370823442935944,0.755,0.6419999694824219,RightFoot,FromCorner,None,2025-08-23 14:00:00,Brentford,Aston Villa,2025
28790,Youri Tielemans,5956,Aston Villa,away,30,BlockedShot,0.044875774532556534,0.8919999694824219,0.6669999694824219,LeftFoot,FromCorner,None,2025-08-23 14:00:00,Brentford,Aston Villa,2025
28790,John McGinn,7723,Aston Villa,away,30,SavedShot,0.04055987671017647,0.8090000152587891,0.41700000762939454,LeftFoot,FromCorner,Pass,2025-08-23 14:00:00,Brentford,Aston Villa,2025
28790,Tyrone Mings,1024,Aston Villa,away,30,MissedShots,0.0852608010172844,0.895,0.4129999923706055,LeftFoot,FromCorner,Rebound,2025-08-23 14:00:00,Brentford,Aston Villa,2025
28790,Tyrone Mings,1024,Aston Villa,away,37,BlockedShot,0.04187241196632385,0.915,0.47,Head,OpenPlay,Aerial,2025-08-23 14:00:00,Brentford,Aston Villa,2025
28790,Morgan Rogers,12412,Aston Villa,away,48,BlockedShot,0.07412169128656387,0.874000015258789,0.624000015258789,LeftFoot,OpenPlay,Pass,2025-08-23 14:00:00,Brentford,Aston Villa,2025
28790,Ollie Watkins,8865,Aston Villa,away,50,BlockedShot,0.06666376441717148,0.8369999694824218,0.5640000152587891,LeftFoot,OpenPlay,Pass,2025-08-23 14:00:00,Brentford,Aston Villa,2025
28790,Pau Torres,6221,Aston Villa,away,51,BlockedShot,0.06733081489801407,0.8680000305175781,0.45599998474121095,LeftFoot,OpenPlay,None,2025-08-23 14:00:00,Brentford,Aston Villa,2025
28790,Emiliano Buendía,2203,Aston Villa,away,51,MissedShots,0.08912360668182373,0.895,0.48700000762939455,RightFoot,OpenPlay,HeadPass,2025-08-23 14:00:00,Brentford,Aston Villa,2025
28790,Emiliano Buendía,2203,Aston Villa,away,54,MissedShots,0.02074592374265194,0.7380000305175781,0.48700000762939455,RightFoot,OpenPlay,Pass,2025-08-23 14:00:00,Brentford,Aston Villa,2025
28790,Amadou Onana,9667,Aston Villa,away,56,BlockedShot,0.08094324171543121,0.8530000305175781,0.5479999923706055,RightFoot,OpenPlay,Pass,2025-08-23 14:00:00,Brentford,Aston Villa,2025
28790,Amadou Onana,9667,Aston Villa,away,59,SavedShot,0.01685994677245617,0.730999984741211,0.45099998474121095,LeftFoot,OpenPlay,Pass,2025-08-23 14:00:00,Brentford,Aston Villa,2025
28790,Morgan Rogers,12412,Aston Villa,away,62,MissedShots,0.03304028883576393,0.9009999847412109,0.5159999847412109,Head,OpenPlay,Aerial,2025-08-23 14:00:00,Brentford,Aston Villa,2025
28790,Ollie Watkins,8865,Aston Villa,away,69,BlockedShot,0.10142877697944641,0.874000015258789,0.664000015258789,RightFoot,OpenPlay,Chipped,2025-08-23 14:00:00,Brentford,Aston Villa,2025
28790,Ian Maatsen,11807,Aston Villa,away,77,BlockedShot,0.020515576004981995,0.8040000152587891,0.6869999694824219,RightFoot,FromCorner,Dispossessed,2025-08-23 14:00:00,Brentford,Aston Villa,2025
28790,Ollie Watkins,8865,Aston Villa,away,80,MissedShots,0.1262531578540802,0.9180000305175782,0.445,RightFoot,OpenPlay,Pass,2025-08-23 14:00:00,Brentford,Aston Villa,2025
28790,Ollie Watkins,8865,Aston Villa,away,88,MissedShots,0.055343665182590485,0.8969999694824219,0.5609999847412109,Head,OpenPlay,Cross,2025-08-23 14:00:00,Brentford,Aston Villa,2025
28791,Hannibal Mejbri,9558,Burnley,home,13,BlockedShot,0.017524203285574913,0.789000015258789,0.3370000076293945,RightFoot,SetPiece,HeadPass,2025-08-23 14:00:00,Burnley,Sunderland,2025
28791,Chimuanya Ugochukwu,9451,Burnley,home,32,MissedShots,0.036420367658138275,0.8169999694824219,0.6459999847412109,LeftFoot,OpenPlay,None,2025-08-23 14:00:00,Burnley,Sunderland,2025
28791,Josh Cullen,1018,Burnley,home,46,Goal,0.05117474123835564,0.85,0.6480000305175782,RightFoot,OpenPlay,Pass,2025-08-23 14:00:00,Burnley,Sunderland,2025
28791,Jaidon Anthony,10746,Burnley,home,49,MissedShots,0.2906883656978607,0.9540000152587891,0.5870000076293945,Head,OpenPlay,Cross,2025-08-23 14:00:00,Burnley,Sunderland,2025
28791,Jacob Bruun Larsen,5355,Burnley,home,52,MissedShots,0.07150717824697495,0.87,0.3370000076293945,LeftFoot,OpenPlay,BallTouch,2025-08-23 14:00:00,Burnley,Sunderland,2025
28791,Jaidon Anthony,10746,Burnley,home,87,Goal,0.48248472809791565,0.8869999694824219,0.6519999694824219,LeftFoot,OpenPlay,Throughball,2025-08-23 14:00:00,Burnley,Sunderland,2025
28791,Loum Tchaouna,9977,Burnley,home,95,ShotOnPost,0.05401439964771271,0.7869999694824219,0.4909999847412109,LeftFoot,OpenPlay,BlockedPass,2025-08-23 14:00:00,Burnley,Sunderland,2025
28791,Eliezer Mayenda,13718,Sunderland,away,3,SavedShot,0.5299577713012695,0.93,0.5220000076293946,RightFoot,SetPiece,HeadPass,2025-08-23 14:00:00,Burnley,Sunderland,2025
28791,Chemsdine Talbi,13717,Sunderland,away,13,MissedShots,0.31338781118392944,0.9269999694824219,0.67,LeftFoot,OpenPlay,Throughball,2025-08-23 14:00:00,Burnley,Sunderland,2025
28791,Granit Xhaka,204,Sunderland,away,41,MissedShots,0.02128206007182598,0.7959999847412109,0.3160000038146973,LeftFoot,OpenPlay,Pass,2025-08-23 14:00:00,Burnley,Sunderland,2025
28791,Trai Hume,13713,Sunderland,away,50,BlockedShot,0.025854649022221565,0.7930000305175782,0.34200000762939453,RightFoot,OpenPlay,Pass,2025-08-23 14:00:00,Burnley,Sunderland,2025
28791,Omar Alderete,8986,Sunderland,away,80,BlockedShot,0.0237965639680624,0.8569999694824219,0.600999984741211,LeftFoot,FromCorner,Aerial,2025-08-23 14:00:00,Burnley,Sunderland,2025
28791,Marc Guiu,11633,Sunderland,away,81,MissedShots,0.04138287156820297,0.8769999694824219,0.33299999237060546,RightFoot,OpenPlay,HeadPass,2025-08-23 14:00:00,Burnley,Sunderland,2025
28791,Patrick Roberts,925,Sunderland,away,90,BlockedShot,0.06801629066467285,0.855999984741211,0.3579999923706055,LeftFoot,OpenPlay,Pass,2025-08-23 14:00:00,Burnley,Sunderland,2025
28791,Enzo Le Fée,8651,Sunderland,away,98,BlockedShot,0.05001133307814598,0.8090000152587891,0.5,RightFoot,OpenPlay,BallTouch,2025-08-23 14:00:00,Burnley,Sunderland,2025
28791,Omar Alderete,8986,Sunderland,away,99,BlockedShot,0.04758099466562271,0.8590000152587891,0.3920000076293945,LeftFoot,FromCorner,Pass,2025-08-23 14:00:00,Burnley,Sunderland,2025
28792,David Brooks,6820,Bournemouth,home,1,MissedShots,0.04893709346652031,0.899000015258789,0.36200000762939455,RightFoot,OpenPlay,Cross,2025-08-23 14:00:00,Bournemouth,Wolverhampton Wanderers,2025
28792,Marcus Tavernier,10741,Bournemouth,home,4,Goal,0.06315497308969498,0.895,0.6809999847412109,LeftFoot,OpenPlay,Pass,2025-08-23 14:00:00,Bournemouth,Wolverhampton Wanderers,2025
28792,Antoine Semenyo,11363,Bournemouth,home,9,ShotOnPost,0.6948128342628479,0.970999984741211,0.5170000076293946,LeftFoot,OpenPlay,Cross,2025-08-23 14:00:00,Bournemouth,Wolverhampton Wanderers,2025
28792,David Brooks,6820,Bournemouth,home,10,BlockedShot,0.033127523958683014,0.7230000305175781,0.46099998474121096,LeftFoot,OpenPlay,BallRecovery,2025-08-23 14:00:00,Bournemouth,Wolverhampton Wanderers,2025
28792,Alex Scott,12149,Bournemouth,home,46,MissedShots,0.0467701330780983,0.7909999847412109,0.4329999923706055,RightFoot,OpenPlay,Pass,2025-08-23 14:00:00,Bournemouth,Wolverhampton Wanderers,2025
28792,David Brooks,6820,Bournemouth,home,49,BlockedShot,0.05224015936255455,0.8490000152587891,0.31,RightFoot,OpenPlay,Pass,2025-08-23 14:00:00,Bournemouth,Wolverhampton Wanderers,2025
28792,Marcus Tavernier,10741,Bournemouth,home,50,SavedShot,0.04446212202310562,0.8059999847412109,0.48,LeftFoot,SetPiece,Pass,2025-08-23 14:00:00,Bournemouth,Wolverhampton Wanderers,2025
28792,Antoine Semenyo,11363,Bournemouth,home,55,MissedShots,0.42502182722091675,0.8930000305175781,0.5520000076293945,RightFoot,OpenPlay,BallTouch,2025-08-23 14:00:00,Bournemouth,Wolverhampton Wanderers,2025
28792,Antoine Semenyo,11363,Bournemouth,home,66,SavedShot,0.05596928298473358,0.9269999694824219,0.7030000305175781,LeftFoot,OpenPlay,Chipped,2025-08-23 14:00:00,Bournemouth,Wolverhampton Wanderers,2025
28792,Tyler Adams,7352,Bournemouth,home,69,SavedShot,0.031180398538708687,0.7709999847412109,0.44299999237060544,RightFoot,OpenPlay,Pass,2025-08-23 14:00:00,Bournemouth,Wolverhampton Wanderers,2025
28792,Ryan Christie,10744,Bournemouth,home,74,BlockedShot,0.1083729937672615,0.865,0.4929999923706055,LeftFoot,OpenPlay,Tackle,2025-08-23 14:00:00,Bournemouth,Wolverhampton Wanderers,2025
28792,Justin Kluivert,6963,Bournemouth,home,80,MissedShots,0.016698511317372322,0.7140000152587891,0.625,RightFoot,OpenPlay,Pass,2025-08-23 14:00:00,Bournemouth,Wolverhampton Wanderers,2025
28792,Antoine Semenyo,11363,Bournemouth,home,84,BlockedShot,0.07840017974376678,0.8719999694824219,0.624000015258789,RightFoot,OpenPlay,Pass,2025-08-23 14:00:00,Bournemouth,Wolverhampton Wanderers,2025
28792,Justin Kluivert,6963,Bournemouth,home,85,BlockedShot,0.08547540009021759,0.7759999847412109,0.43900001525878907,RightFoot,DirectFreekick,Standard,2025-08-23 14:00:00,Bournemouth,Wolverhampton Wanderers,2025
28792,Marshall Munetsi,7908,Wolverhampton Wanderers,away,1,MissedShots,0.08312523365020752,0.875999984741211,0.4490000152587891,RightFoot,OpenPlay,Pass,2025-08-23 14:00:00,Bournemouth,Wolverhampton Wanderers,2025
28792,Jørgen Strand Larsen,11070,Wolverhampton Wanderers,away,17,SavedShot,0.05876665189862251,0.8859999847412109,0.47099998474121096,Head,OpenPlay,Cross,2025-08-23 14:00:00,Bournemouth,Wolverhampton Wanderers,2025
28792,Jean-Ricner Bellegarde,7762,Wolverhampton Wanderers,away,44,BlockedShot,0.013421253301203251,0.7919999694824219,0.32,RightFoot,OpenPlay,HeadPass,2025-08-23 14:00:00,Bournemouth,Wolverhampton Wanderers,2025
28792,Jhon Arias,13741,Wolverhampton Wanderers,away,45,MissedShots,0.07650242745876312,0.884000015258789,0.5629999923706055,LeftFoot,OpenPlay,Cross,2025-08-23 14:00:00,Bournemouth,Wolverhampton Wanderers,2025
28792,Emmanuel Agbadou,10856,Wolverhampton Wanderers,away,64,BlockedShot,0.09845529496669769,0.8030000305175782,0.625999984741211,RightFoot,DirectFreekick,Standard,2025-08-23 14:00:00,Bournemouth,Wolverhampton Wanderers,2025
28792,Hugo Bueno,10140,Wolverhampton Wanderers,away,95,MissedShots,0.043096158653497696,0.83,0.5679999923706055,LeftFoot,FromCorner,None,2025-08-23 14:00:00,Bournemouth,Wolverhampton Wanderers,2025
28793,Martin Odegaard,2517,Arsenal,home,4,BlockedShot,0.016188528388738632,0.740999984741211,0.6270000076293946,LeftFoot,OpenPlay,Pass,2025-08-23 16:30:00,Arsenal,Leeds,2025
28793,Martin Odegaard,2517,Arsenal,home,7,MissedShots,0.02186695486307144,0.7959999847412109,0.3189999961853027,LeftFoot,OpenPlay,Pass,2025-08-23 16:30:00,Arsenal,Leeds,2025
28793,Gabriel,5613,Arsenal,home,14,MissedShots,0.027241261675953865,0.9009999847412109,0.5540000152587891,Head,SetPiece,Aerial,2025-08-23 16:30:00,Arsenal,Leeds,2025
28793,Viktor Gyokeres,7254,Arsenal,home,15,MissedShots,0.48488649725914,0.905,0.4809999847412109,RightFoot,OpenPlay,None,2025-08-23 16:30:00,Arsenal,Leeds,2025
28793,Jurriën Timber,11707,Arsenal,home,33,Goal,0.13262973725795746,0.9540000152587891,0.5020000076293946,Head,FromCorner,Cross,2025-08-23 16:30:00,Arsenal,Leeds,2025
28793,Martín Zubimendi,7526,Arsenal,home,37,MissedShots,0.030602192506194115,0.759000015258789,0.40099998474121096,RightFoot,OpenPlay,None,2025-08-23 16:30:00,Arsenal,Leeds,2025
28793,Bukayo Saka,7322,Arsenal,home,45,Goal,0.2574816644191742,0.950999984741211,0.3189999961853027,RightFoot,OpenPlay,Pass,2025-08-23 16:30:00,Arsenal,Leeds,2025
28793,Viktor Gyokeres,7254,Arsenal,home,47,Goal,0.17842997610569,0.899000015258789,0.605,RightFoot,OpenPlay,TakeOn,2025-08-23 16:30:00,Arsenal,Leeds,2025
28793,Riccardo Calafiori,8129,Arsenal,home,50,BlockedShot,0.05860637128353119,0.7909999847412109,0.585,RightFoot,OpenPlay,TakeOn,2025-08-23 16:30:00,Arsenal,Leeds,2025
28793,Ethan Nwaneri,11132,Arsenal,home,54,BlockedShot,0.049042925238609314,0.835,0.3189999961853027,LeftFoot,OpenPlay,Pass,2025-08-23 16:30:00,Arsenal,Leeds,2025
28793,Jurriën Timber,11707,Arsenal,home,55,MissedShots,0.16368675231933594,0.950999984741211,0.49700000762939456,OtherBodyPart,FromCorner,Cross,2025-08-23 16:30:00,Arsenal,Leeds,2025
28793,Riccardo Calafiori,8129,Arsenal,home,55,BlockedShot,0.12197952717542648,0.9580000305175781,0.5170000076293946,RightFoot,FromCorner,Goal,2025-08-23 16:30:00,Arsenal,Leeds,2025
28793,Jurriën Timber,11707,Arsenal,home,55,Goal,0.16958780586719513,0.9690000152587891,0.5079999923706054,RightFoot,FromCorner,Rebound,2025-08-23 16:30:00,Arsenal,Leeds,2025
28793,Leandro Trossard,7698,Arsenal,home,61,MissedShots,0.13619814813137054,0.92,0.5740000152587891,RightFoot,OpenPlay,Cross,2025-08-23 16:30:00,Arsenal,Leeds,2025
28793,Riccardo Calafiori,8129,Arsenal,home,61,MissedShots,0.06429559737443924,0.8530000305175781,0.5520000076293945,RightFoot,OpenPlay,Rebound,2025-08-23 16:30:00,Arsenal,Leeds,2025
28793,Max Dowman,13872,Arsenal,home,74,MissedShots,0.06878400593996048,0.794000015258789,0.38,LeftFoot,OpenPlay,Chipped,2025-08-23 16:30:00,Arsenal,Leeds,2025
28793,Max Dowman,13872,Arsenal,home,80,MissedShots,0.024374008178710938,0.8369999694824218,0.4640000152587891,LeftFoot,SetPiece,Aerial,2025-08-23 16:30:00,Arsenal,Leeds,2025
28793,Viktor Gyokeres,7254,Arsenal,home,94,Goal,0.7611688375473022,0.885,0.5,RightFoot,Penalty,Standard,2025-08-23 16:30:00,Arsenal,Leeds,2025
28793,Daniel James,5595,Leeds,away,10,BlockedShot,0.024242989718914032,0.7909999847412109,0.34200000762939453,LeftFoot,OpenPlay,Chipped,2025-08-23 16:30:00,Arsenal,Leeds,2025
28793,Daniel James,5595,Leeds,away,18,BlockedShot,0.049264952540397644,0.8780000305175781,0.3029999923706055,RightFoot,OpenPlay,Pass,2025-08-23 16:30:00,Arsenal,Leeds,2025
28793,Pascal Struijk,8717,Leeds,away,19,SavedShot,0.08325286954641342,0.9119999694824219,0.47900001525878905,Head,FromCorner,Cross,2025-08-23 16:30:00,Arsenal,Leeds,2025
28794,Jean-Philippe Mateta,5735,Crystal Palace,home,10,MissedShots,0.11285779625177383,0.9119999694824219,0.475,Head,OpenPlay,Cross,2025-08-24 13:00:00,Crystal Palace,Nottingham Forest,2025
28794,Jean-Philippe Mateta,5735,Crystal Palace,home,28,SavedShot,0.03153494372963905,0.775,0.5359999847412109,RightFoot,OpenPlay,Pass,2025-08-24 13:00:00,Crystal Palace,Nottingham Forest,2025
28794,Maxence Lacroix,8853,Crystal Palace,home,30,SavedShot,0.05522843450307846,0.93,0.529000015258789,Head,FromCorner,Aerial,2025-08-24 13:00:00,Crystal Palace,Nottingham Forest,2025
28794,Ismaila Sarr,5675,Crystal Palace,home,36,Goal,0.5025284886360168,0.9159999847412109,0.5079999923706054,RightFoot,OpenPlay,Pass,2025-08-24 13:00:00,Crystal Palace,Nottingham Forest,2025
28794,Will Hughes,6104,Crystal Palace,home,41,MissedShots,0.06025010719895363,0.84,0.669000015258789,LeftFoot,OpenPlay,Pass,2025-08-24 13:00:00,Crystal Palace,Nottingham Forest,2025
28794,Marc Guehi,7603,Crystal Palace,home,46,ShotOnPost,0.24888570606708527,0.9369999694824219,0.3970000076293945,Head,SetPiece,Chipped,2025-08-24 13:00:00,Crystal Palace,Nottingham Forest,2025
28794,Will Hughes,6104,Crystal Palace,home,54,MissedShots,0.04322683438658714,0.874000015258789,0.6120000076293945,LeftFoot,OpenPlay,Aerial,2025-08-24 13:00:00,Crystal Palace,Nottingham Forest,2025
28794,Justin Devenny,13038,Crystal Palace,home,58,SavedShot,0.04736410826444626,0.8819999694824219,0.515,Head,OpenPlay,Cross,2025-08-24 13:00:00,Crystal Palace,Nottingham Forest,2025
28794,Chris Wood,4456,Nottingham Forest,away,4,MissedShots,0.1072101816534996,0.9180000305175782,0.44599998474121094,RightFoot,OpenPlay,Cross,2025-08-24 13:00:00,Crystal Palace,Nottingham Forest,2025
28794,Ibrahim Sangare,5722,Nottingham Forest,away,9,MissedShots,0.01772196590900421,0.7680000305175781,0.3870000076293945,RightFoot,FromCorner,None,2025-08-24 13:00:00,Crystal Palace,Nottingham Forest,2025
28794,Callum Hudson-Odoi,6456,Nottingham Forest,away,20,BlockedShot,0.05840739607810974,0.8619999694824219,0.715999984741211,RightFoot,OpenPlay,Pass,2025-08-24 13:00:00,Crystal Palace,Nottingham Forest,2025
28794,Morgan Gibbs-White,6857,Nottingham Forest,away,33,MissedShots,0.09181983023881912,0.855999984741211,0.46599998474121096,RightFoot,OpenPlay,Pass,2025-08-24 13:00:00,Crystal Palace,Nottingham Forest,2025
28794,Chris Wood,4456,Nottingham Forest,away,51,MissedShots,0.0687883272767067,0.970999984741211,0.3940000152587891,RightFoot,OpenPlay,Cross,2025-08-24 13:00:00,Crystal Palace,Nottingham Forest,2025
28794,Callum Hudson-Odoi,6456,Nottingham Forest,away,56,Goal,0.3002963066101074,0.9069999694824219,0.37,RightFoot,OpenPlay,Throughball,2025-08-24 13:00:00,Crystal Palace,Nottingham Forest,2025
28794,Igor Jesus,13778,Nottingham Forest,away,92,ShotOnPost,0.10780687630176544,0.914000015258789,0.6559999847412109,LeftFoot,OpenPlay,None,2025-08-24 13:00:00,Crystal Palace,Nottingham Forest,2025
28794,Omari Hutchinson,10348,Nottingham Forest,away,92,MissedShots,0.0875384509563446,0.925,0.3060000038146973,RightFoot,OpenPlay,Pass,2025-08-24 13:00:00,Crystal Palace,Nottingham Forest,2025
28794,Omari Hutchinson,10348,Nottingham Forest,away,94,MissedShots,0.49028462171554565,0.9340000152587891,0.5640000152587891,LeftFoot,OpenPlay,None,2025-08-24 13:00:00,Crystal Palace,Nottingham Forest,2025
28795,Iliman Ndiaye,9307,Everton,home,3,SavedShot,0.056633301079273224,0.795,0.54,LeftFoot,OpenPlay,TakeOn,2025-08-24 13:00:00,Everton,Brighton,2025
28795,Thierno Barry,12916,Everton,home,20,MissedShots,0.027446050196886063,0.9790000152587891,0.5840000152587891,Head,FromCorner,Aerial,2025-08-24 13:00:00,Everton,Brighton,2025
28795,Iliman Ndiaye,9307,Everton,home,22,Goal,0.6847929954528809,0.960999984741211,0.47,RightFoot,OpenPlay,Pass,2025-08-24 13:00:00,Everton,Brighton,2025
28795,Tim Iroegbunam,9554,Everton,home,33,MissedShots,0.09434588998556137,0.815,0.509000015258789,LeftFoot,OpenPlay,TakeOn,2025-08-24 13:00:00,Everton,Brighton,2025
28795,James Garner,7438,Everton,home,40,MissedShots,0.022522952407598495,0.7730000305175782,0.6809999847412109,RightFoot,OpenPlay,Pass,2025-08-24 13:00:00,Everton,Brighton,2025
28795,James Garner,7438,Everton,home,51,Goal,0.020522214472293854,0.769000015258789,0.6840000152587891,RightFoot,OpenPlay,Pass,2025-08-24 13:00:00,Everton,Brighton,2025
28795,Thierno Barry,12916,Everton,home,57,MissedShots,0.5270939469337463,0.9669999694824218,0.4779999923706055,Head,FromCorner,Aerial,2025-08-24 13:00:00,Everton,Brighton,2025
28795,Jack Grealish,675,Everton,home,82,BlockedShot,0.0206347294151783,0.8040000152587891,0.7340000152587891,RightFoot,OpenPlay,None,2025-08-24 13:00:00,Everton,Brighton,2025
28795,Dwight McNeil,6756,Everton,home,87,MissedShots,0.1297798901796341,0.870999984741211,0.5420000076293945,LeftFoot,OpenPlay,Pass,2025-08-24 13:00:00,Everton,Brighton,2025
28795,Beto,9983,Everton,home,87,MissedShots,0.13025180995464325,0.9,0.46900001525878904,RightFoot,OpenPlay,Rebound,2025-08-24 13:00:00,Everton,Brighton,2025
28795,Dwight McNeil,6756,Everton,home,87,MissedShots,0.10404142737388611,0.845,0.34400001525878904,LeftFoot,OpenPlay,Pass,2025-08-24 13:00:00,Everton,Brighton,2025
28795,Yasin Ayari,11385,Brighton,away,11,SavedShot,0.028836553916335106,0.7969999694824219,0.639000015258789,RightFoot,OpenPlay,Pass,2025-08-24 13:00:00,Everton,Brighton,2025
28795,Kaoru Mitoma,10806,Brighton,away,17,ShotOnPost,0.07646425813436508,0.8719999694824219,0.5870000076293945,RightFoot,OpenPlay,TakeOn,2025-08-24 13:00:00,Everton,Brighton,2025
28795,Danny Welbeck,501,Brighton,away,18,MissedShots,0.5846896767616272,0.9330000305175781,0.49599998474121093,RightFoot,OpenPlay,Pass,2025-08-24 13:00:00,Everton,Brighton,2025
28795,Matt O&#039;Riley,13206,Brighton,away,27,MissedShots,0.013895886950194836,0.715,0.675,LeftFoot,OpenPlay,Pass,2025-08-24 13:00:00,Everton,Brighton,2025
28795,Yasin Ayari,11385,Brighton,away,31,BlockedShot,0.054174624383449554,0.8190000152587891,0.5379999923706055,RightFoot,OpenPlay,Pass,2025-08-24 13:00:00,Everton,Brighton,2025
28795,Yasin Ayari,11385,Brighton,away,36,BlockedShot,0.013415592722594738,0.7119999694824218,0.4879999923706055,RightFoot,OpenPlay,BallRecovery,2025-08-24 13:00:00,Everton,Brighton,2025
28795,Jan Paul van Hecke,10807,Brighton,away,37,BlockedShot,0.02201191522181034,0.7659999847412109,0.3579999923706055,RightFoot,OpenPlay,Pass,2025-08-24 13:00:00,Everton,Brighton,2025
28795,Matt O&#039;Riley,13206,Brighton,away,45,SavedShot,0.33806195855140686,0.9590000152587891,0.595999984741211,LeftFoot,OpenPlay,BallRecovery,2025-08-24 13:00:00,Everton,Brighton,2025
28795,Yasin Ayari,11385,Brighton,away,59,SavedShot,0.06547748297452927,0.8109999847412109,0.534000015258789,RightFoot,OpenPlay,Pass,2025-08-24 13:00:00,Everton,Brighton,2025
28795,Matt O&#039;Riley,13206,Brighton,away,73,MissedShots,0.02659415453672409,0.875,0.435,Head,OpenPlay,Aerial,2025-08-24 13:00:00,Everton,Brighton,2025
28795,Yankuba Minteh,12759,Brighton,away,74,BlockedShot,0.03493177145719528,0.924000015258789,0.34200000762939453,LeftFoot,OpenPlay,Cross,2025-08-24 13:00:00,Everton,Brighton,2025
28795,Danny Welbeck,501,Brighton,away,76,SavedShot,0.7611688375473022,0.885,0.5,RightFoot,Penalty,Standard,2025-08-24 13:00:00,Everton,Brighton,2025
28795,Brajan Gruda,11310,Brighton,away,92,MissedShots,0.06514828652143478,0.9119999694824219,0.3870000076293945,LeftFoot,OpenPlay,None,2025-08-24 13:00:00,Everton,Brighton,2025
28796,Joshua King,12410,Fulham,home,12,SavedShot,0.3176833391189575,0.8930000305175781,0.6619999694824219,RightFoot,OpenPlay,Throughball,2025-08-24 15:30:00,Fulham,Manchester United,2025
28796,Timothy Castagne,6157,Fulham,home,15,BlockedShot,0.013400333002209663,0.945,0.624000015258789,Head,FromCorner,Aerial,2025-08-24 15:30:00,Fulham,Manchester United,2025
28796,Alex Iwobi,500,Fulham,home,15,SavedShot,0.04733048379421234,0.8119999694824219,0.4640000152587891,RightFoot,FromCorner,Rebound,2025-08-24 15:30:00,Fulham,Manchester United,2025
28796,Calvin Bassey,11728,Fulham,home,16,MissedShots,0.057050276547670364,0.9569999694824218,0.43,Head,FromCorner,Aerial,2025-08-24 15:30:00,Fulham,Manchester United,2025
28796,Joshua King,12410,Fulham,home,24,BlockedShot,0.015599883161485195,0.7130000305175781,0.5170000076293946,RightFoot,OpenPlay,Pass,2025-08-24 15:30:00,Fulham,Manchester United,2025
28796,Rodrigo Muniz,10717,Fulham,home,40,MissedShots,0.250501811504364,0.9569999694824218,0.41900001525878905,Head,FromCorner,Cross,2025-08-24 15:30:00,Fulham,Manchester United,2025
28796,Timothy Castagne,6157,Fulham,home,45,BlockedShot,0.14897450804710388,0.960999984741211,0.46599998474121096,RightFoot,FromCorner,Pass,2025-08-24 15:30:00,Fulham,Manchester United,2025
28796,Rodrigo Muniz,10717,Fulham,home,45,BlockedShot,0.05955209583044052,0.905,0.34400001525878904,RightFoot,FromCorner,Rebound,2025-08-24 15:30:00,Fulham,Manchester United,2025
28796,Rodrigo Muniz,10717,Fulham,home,57,OwnGoal,0.0,0.05,0.46,OtherBodyPart,FromCorner,Foul,2025-08-24 15:30:00,Fulham,Manchester United,2025
28796,Rodrigo Muniz,10717,Fulham,home,60,MissedShots,0.05479348078370094,0.93,0.5320000076293945,Head,OpenPlay,Aerial,2025-08-24 15:30:00,Fulham,Manchester United,2025
28796,Alex Iwobi,500,Fulham,home,62,BlockedShot,0.05015697330236435,0.8869999694824219,0.669000015258789,RightFoot,OpenPlay,BallTouch,2025-08-24 15:30:00,Fulham,Manchester United,2025
28796,Alex Iwobi,500,Fulham,home,68,MissedShots,0.024094408378005028,0.7859999847412109,0.45,RightFoot,FromCorner,None,2025-08-24 15:30:00,Fulham,Manchester United,2025
28796,Emile Smith-Rowe,7230,Fulham,home,72,Goal,0.5498435497283936,0.96,0.534000015258789,RightFoot,OpenPlay,Chipped,2025-08-24 15:30:00,Fulham,Manchester United,2025
28796,Emile Smith-Rowe,7230,Fulham,home,92,BlockedShot,0.07385880500078201,0.8859999847412109,0.66,LeftFoot,OpenPlay,Pass,2025-08-24 15:30:00,Fulham,Manchester United,2025
28796,Matheus Cunha,7080,Manchester United,away,1,MissedShots,0.018572082743048668,0.7280000305175781,0.4129999923706055,RightFoot,OpenPlay,Pass,2025-08-24 15:30:00,Fulham,Manchester United,2025
28796,Matheus Cunha,7080,Manchester United,away,1,ShotOnPost,0.13185425102710724,0.860999984741211,0.57,RightFoot,OpenPlay,Pass,2025-08-24 15:30:00,Fulham,Manchester United,2025
28796,Amad Diallo Traore,8127,Manchester United,away,2,BlockedShot,0.12020741403102875,0.905,0.35200000762939454,LeftFoot,OpenPlay,Pass,2025-08-24 15:30:00,Fulham,Manchester United,2025
28796,Bruno Fernandes,1228,Manchester United,away,9,SavedShot,0.01803870126605034,0.7319999694824219,0.47700000762939454,RightFoot,OpenPlay,Pass,2025-08-24 15:30:00,Fulham,Manchester United,2025
28796,Matheus Cunha,7080,Manchester United,away,13,SavedShot,0.2939172387123108,0.89,0.500999984741211,LeftFoot,OpenPlay,Pass,2025-08-24 15:30:00,Fulham,Manchester United,2025
28796,Bruno Fernandes,1228,Manchester United,away,37,MissedShots,0.7611688375473022,0.885,0.5,RightFoot,Penalty,Standard,2025-08-24 15:30:00,Fulham,Manchester United,2025
28796,Amad Diallo Traore,8127,Manchester United,away,47,SavedShot,0.04627896100282669,0.919000015258789,0.29700000762939455,LeftFoot,FromCorner,Pass,2025-08-24 15:30:00,Fulham,Manchester United,2025
28796,Leny Yoro,10564,Manchester United,away,57,MissedShots,0.0627330094575882,0.96,0.535,Head,FromCorner,Foul,2025-08-24 15:30:00,Fulham,Manchester United,2025
28796,Diogo Dalot,7281,Manchester United,away,75,MissedShots,0.04197749122977257,0.8580000305175781,0.34,RightFoot,SetPiece,HeadPass,2025-08-24 15:30:00,Fulham,Manchester United,2025
28796,Harry Maguire,1687,Manchester United,away,87,MissedShots,0.05127892270684242,0.9269999694824219,0.53,Head,FromCorner,Aerial,2025-08-24 15:30:00,Fulham,Manchester United,2025
28797,Sandro Tonali,7958,Newcastle United,home,16,MissedShots,0.045722298324108124,0.855999984741211,0.8380000305175781,RightFoot,DirectFreekick,Standard,2025-08-25 19:00:00,Newcastle United,Liverpool,2025
28797,Anthony Gordon,8150,Newcastle United,home,27,MissedShots,0.42806151509284973,0.9309999847412109,0.46,Head,OpenPlay,Aerial,2025-08-25 19:00:00,Newcastle United,Liverpool,2025
28797,Anthony Gordon,8150,Newcastle United,home,28,SavedShot,0.6201263070106506,0.950999984741211,0.500999984741211,RightFoot,OpenPlay,None,2025-08-25 19:00:00,Newcastle United,Liverpool,2025
28797,Anthony Gordon,8150,Newcastle United,home,28,MissedShots,0.048419058322906494,0.9109999847412109,0.40299999237060546,Head,OpenPlay,Cross,2025-08-25 19:00:00,Newcastle United,Liverpool,2025
28797,Sandro Tonali,7958,Newcastle United,home,38,BlockedShot,0.03488535061478615,0.8390000152587891,0.34799999237060547,RightFoot,OpenPlay,BallRecovery,2025-08-25 19:00:00,Newcastle United,Liverpool,2025
28797,Dan Burn,7382,Newcastle United,home,39,MissedShots,0.011306950822472572,0.8859999847412109,0.37799999237060544,Head,FromCorner,Chipped,2025-08-25 19:00:00,Newcastle United,Liverpool,2025
28797,Bruno Guimarães,8327,Newcastle United,home,56,Goal,0.32823312282562256,0.9230000305175782,0.46599998474121096,Head,OpenPlay,Cross,2025-08-25 19:00:00,Newcastle United,Liverpool,2025
28797,Joelinton,87,Newcastle United,home,63,BlockedShot,0.015618962235748768,0.9069999694824219,0.585,Head,FromCorner,Aerial,2025-08-25 19:00:00,Newcastle United,Liverpool,2025
28797,William Osula,9556,Newcastle United,home,87,Goal,0.3957216441631317,0.9009999847412109,0.6070000076293945,LeftFoot,SetPiece,None,2025-08-25 19:00:00,Newcastle United,Liverpool,2025
28797,Lewis Miley,11386,Newcastle United,home,92,BlockedShot,0.03532935678958893,0.7819999694824219,0.519000015258789,LeftFoot,FromCorner,Pass,2025-08-25 19:00:00,Newcastle United,Liverpool,2025
28797,Florian Wirtz,8397,Liverpool,away,12,SavedShot,0.032718610018491745,0.875999984741211,0.7419999694824219,RightFoot,OpenPlay,Pass,2025-08-25 19:00:00,Newcastle United,Liverpool,2025
28797,Ryan Gravenberch,10697,Liverpool,away,34,Goal,0.01623125746846199,0.759000015258789,0.6580000305175782,RightFoot,OpenPlay,Pass,2025-08-25 19:00:00,Newcastle United,Liverpool,2025
28797,Cody Gakpo,11296,Liverpool,away,45,BlockedShot,0.0686119794845581,0.81,0.6379999923706055,RightFoot,OpenPlay,Pass,2025-08-25 19:00:00,Newcastle United,Liverpool,2025
28797,Hugo Ekitike,8995,Liverpool,away,45,Goal,0.1354801058769226,0.8469999694824218,0.51,RightFoot,OpenPlay,Pass,2025-08-25 19:00:00,Newcastle United,Liverpool,2025
28797,Rio Ngumoha,13692,Liverpool,away,99,Goal,0.3935171365737915,0.894000015258789,0.5429999923706055,RightFoot,OpenPlay,Pass,2025-08-25 19:00:00,Newcastle United,Liverpool,2025
28798,João Pedro,8272,Chelsea,home,4,SavedShot,0.01612526923418045,0.764000015258789,0.29600000381469727,LeftFoot,OpenPlay,BallRecovery,2025-08-30 11:30:00,Chelsea,Fulham,2025
28798,Liam Delap,8868,Chelsea,home,5,BlockedShot,0.05726464092731476,0.9080000305175782,0.685,RightFoot,OpenPlay,Pass,2025-08-30 11:30:00,Chelsea,Fulham,2025
28798,Trevoh Chalobah,6615,Chelsea,home,52,BlockedShot,0.014343147166073322,0.7480000305175781,0.28200000762939453,RightFoot,OpenPlay,Pass,2025-08-30 11:30:00,Chelsea,Fulham,2025
28798,Trevoh Chalobah,6615,Chelsea,home,53,BlockedShot,0.02400510013103485,0.970999984741211,0.39599998474121095,Head,FromCorner,BallTouch,2025-08-30 11:30:00,Chelsea,Fulham,2025
28798,Moisés Caicedo,9453,Chelsea,home,53,BlockedShot,0.09488017112016678,0.8959999847412109,0.54,RightFoot,FromCorner,None,2025-08-30 11:30:00,Chelsea,Fulham,2025
28798,Tyrique George,12573,Chelsea,home,53,SavedShot,0.45670846104621887,0.9740000152587891,0.585,LeftFoot,FromCorner,None,2025-08-30 11:30:00,Chelsea,Fulham,2025
28798,João Pedro,8272,Chelsea,home,53,Goal,0.530866265296936,0.965,0.5029999923706054,Head,FromCorner,Cross,2025-08-30 11:30:00,Chelsea,Fulham,2025
28798,Enzo Fernández,11356,Chelsea,home,55,Goal,0.7611688375473022,0.885,0.5,RightFoot,Penalty,Standard,2025-08-30 11:30:00,Chelsea,Fulham,2025
28798,Estêvão,13775,Chelsea,home,57,SavedShot,0.2655908167362213,0.89,0.405,LeftFoot,OpenPlay,TakeOn,2025-08-30 11:30:00,Chelsea,Fulham,2025
28798,João Pedro,8272,Chelsea,home,64,BlockedShot,0.1092817634344101,0.8390000152587891,0.5459999847412109,LeftFoot,OpenPlay,Pass,2025-08-30 11:30:00,Chelsea,Fulham,2025
28798,Jamie Bynoe-Gittens,10542,Chelsea,home,68,BlockedShot,0.05014733225107193,0.8680000305175781,0.7440000152587891,RightFoot,OpenPlay,Pass,2025-08-30 11:30:00,Chelsea,Fulham,2025
28798,Trevoh Chalobah,6615,Chelsea,home,70,MissedShots,0.018741512671113014,0.9669999694824218,0.40299999237060546,Head,FromCorner,Aerial,2025-08-30 11:30:00,Chelsea,Fulham,2025
28798,Reece James,8067,Chelsea,home,89,SavedShot,0.03327659144997597,0.784000015258789,0.39299999237060546,RightFoot,OpenPlay,Pass,2025-08-30 11:30:00,Chelsea,Fulham,2025
28798,Joachim Andersen,6314,Fulham,away,6,MissedShots,0.07422585040330887,0.8590000152587891,0.3890000152587891,LeftFoot,OpenPlay,Pass,2025-08-30 11:30:00,Chelsea,Fulham,2025
28798,Alex Iwobi,500,Fulham,away,18,MissedShots,0.011777715757489204,0.6980000305175781,0.6270000076293946,RightFoot,OpenPlay,BallRecovery,2025-08-30 11:30:00,Chelsea,Fulham,2025
28798,Joshua King,12410,Fulham,away,26,SavedShot,0.05410286784172058,0.8090000152587891,0.4829999923706055,LeftFoot,OpenPlay,BallTouch,2025-08-30 11:30:00,Chelsea,Fulham,2025
28798,Rodrigo Muniz,10717,Fulham,away,47,MissedShots,0.03478805720806122,0.8680000305175781,0.47200000762939454,Head,OpenPlay,Cross,2025-08-30 11:30:00,Chelsea,Fulham,2025
28798,Timothy Castagne,6157,Fulham,away,49,BlockedShot,0.10743560642004013,0.9019999694824219,0.40099998474121096,RightFoot,OpenPlay,Pass,2025-08-30 11:30:00,Chelsea,Fulham,2025
28798,Kenny Tete,5973,Fulham,away,49,MissedShots,0.08857805281877518,0.9109999847412109,0.48900001525878906,RightFoot,FromCorner,Cross,2025-08-30 11:30:00,Chelsea,Fulham,2025
28798,Raúl Jiménez,4105,Fulham,away,86,MissedShots,0.054294388741254807,0.884000015258789,0.5109999847412109,Head,OpenPlay,Cross,2025-08-30 11:30:00,Chelsea,Fulham,2025
28798,Joachim Andersen,6314,Fulham,away,92,BlockedShot,0.06327102333307266,0.9340000152587891,0.49400001525878906,Head,FromCorner,Aerial,2025-08-30 11:30:00,Chelsea,Fulham,2025
28798,Sander Berge,8285,Fulham,away,92,BlockedShot,0.13514438271522522,0.98,0.4640000152587891,RightFoot,FromCorner,Foul,2025-08-30 11:30:00,Chelsea,Fulham,2025
28798,Raúl Jiménez,4105,Fulham,away,94,MissedShots,0.04984423890709877,0.73,0.43900001525878907,RightFoot,DirectFreekick,Standard,2025-08-30 11:30:00,Chelsea,Fulham,2025
28798,Harry Wilson,5596,Fulham,away,97,BlockedShot,0.06276560574769974,0.9569999694824218,0.6830000305175781,LeftFoot,OpenPlay,Pass,2025-08-30 11:30:00,Chelsea,Fulham,2025
28799,Pedro Porro,6912,Tottenham,home,54,BlockedShot,0.011876707896590233,0.7090000152587891,0.41700000762939454,RightFoot,OpenPlay,None,2025-08-30 14:00:00,Tottenham,Bournemouth,2025
28799,Lucas Bergvall,12912,Tottenham,home,67,SavedShot,0.06134890392422676,0.8430000305175781,0.47200000762939454,LeftFoot,OpenPlay,BallTouch,2025-08-30 14:00:00,Tottenham,Bournemouth,2025
28799,Wilson Odobert,10822,Tottenham,home,78,MissedShots,0.049304671585559845,0.870999984741211,0.654000015258789,RightFoot,OpenPlay,None,2025-08-30 14:00:00,Tottenham,Bournemouth,2025
28799,Mathys Tel,9780,Tottenham,home,91,MissedShots,0.03729104623198509,0.8159999847412109,0.495,RightFoot,OpenPlay,Cross,2025-08-30 14:00:00,Tottenham,Bournemouth,2025
28799,Iyenoma Destiny Udogie,8831,Tottenham,home,97,MissedShots,0.010849026031792164,0.885,0.5879999923706055,Head,SetPiece,Aerial,2025-08-30 14:00:00,Tottenham,Bournemouth,2025
28799,Evanilson,12963,Bournemouth,away,4,Goal,0.06930409371852875,0.9159999847412109,0.674000015258789,LeftFoot,OpenPlay,Pass,2025-08-30 14:00:00,Tottenham,Bournemouth,2025
28799,Evanilson,12963,Bournemouth,away,6,MissedShots,0.0680580884218216,0.815,0.5109999847412109,RightFoot,OpenPlay,None,2025-08-30 14:00:00,Tottenham,Bournemouth,2025
28799,Antoine Semenyo,11363,Bournemouth,away,10,MissedShots,0.44312477111816406,0.9309999847412109,0.514000015258789,Head,OpenPlay,Cross,2025-08-30 14:00:00,Tottenham,Bournemouth,2025
28799,Evanilson,12963,Bournemouth,away,16,MissedShots,0.053629983216524124,0.9030000305175782,0.5420000076293945,Head,OpenPlay,Aerial,2025-08-30 14:00:00,Tottenham,Bournemouth,2025
28799,David Brooks,6820,Bournemouth,away,20,SavedShot,0.02855549193918705,0.71,0.75,LeftFoot,DirectFreekick,Standard,2025-08-30 14:00:00,Tottenham,Bournemouth,2025
28799,David Brooks,6820,Bournemouth,away,20,MissedShots,0.10050594806671143,0.9269999694824219,0.544000015258789,Head,FromCorner,Cross,2025-08-30 14:00:00,Tottenham,Bournemouth,2025
28799,Marcus Tavernier,10741,Bournemouth,away,27,BlockedShot,0.09486189484596252,0.874000015258789,0.6379999923706055,LeftFoot,OpenPlay,Pass,2025-08-30 14:00:00,Tottenham,Bournemouth,2025
28799,Evanilson,12963,Bournemouth,away,42,MissedShots,0.08631952106952667,0.9330000305175781,0.534000015258789,Head,OpenPlay,Aerial,2025-08-30 14:00:00,Tottenham,Bournemouth,2025
28799,Marcos Senesi,10864,Bournemouth,away,44,BlockedShot,0.020391372963786125,0.725,0.45,LeftFoot,OpenPlay,None,2025-08-30 14:00:00,Tottenham,Bournemouth,2025
28799,Adrien Truffert,8640,Bournemouth,away,45,MissedShots,0.016705336049199104,0.7040000152587891,0.49900001525878906,LeftFoot,OpenPlay,None,2025-08-30 14:00:00,Tottenham,Bournemouth,2025
28799,Antoine Semenyo,11363,Bournemouth,away,45,SavedShot,0.06928935647010803,0.855999984741211,0.6730000305175782,LeftFoot,OpenPlay,HeadPass,2025-08-30 14:00:00,Tottenham,Bournemouth,2025
28799,Evanilson,12963,Bournemouth,away,48,SavedShot,0.3890567719936371,0.9530000305175781,0.40200000762939453,RightFoot,OpenPlay,HeadPass,2025-08-30 14:00:00,Tottenham,Bournemouth,2025
28799,David Brooks,6820,Bournemouth,away,48,BlockedShot,0.06823419034481049,0.895,0.33299999237060546,LeftFoot,OpenPlay,Pass,2025-08-30 14:00:00,Tottenham,Bournemouth,2025
28799,Antoine Semenyo,11363,Bournemouth,away,48,BlockedShot,0.05085977911949158,0.919000015258789,0.7090000152587891,LeftFoot,OpenPlay,Rebound,2025-08-30 14:00:00,Tottenham,Bournemouth,2025
28799,David Brooks,6820,Bournemouth,away,52,SavedShot,0.08793351799249649,0.8630000305175781,0.6279999923706054,LeftFoot,OpenPlay,Pass,2025-08-30 14:00:00,Tottenham,Bournemouth,2025
28799,Alex Scott,12149,Bournemouth,away,61,BlockedShot,0.04566556587815285,0.8340000152587891,0.695,RightFoot,OpenPlay,Pass,2025-08-30 14:00:00,Tottenham,Bournemouth,2025
28799,Marcus Tavernier,10741,Bournemouth,away,65,MissedShots,0.360321968793869,0.9619999694824218,0.37799999237060544,RightFoot,OpenPlay,None,2025-08-30 14:00:00,Tottenham,Bournemouth,2025
28799,Marcus Tavernier,10741,Bournemouth,away,66,MissedShots,0.02112388238310814,0.7680000305175781,0.36400001525878906,LeftFoot,SetPiece,Pass,2025-08-30 14:00:00,Tottenham,Bournemouth,2025
28799,Tyler Adams,7352,Bournemouth,away,74,SavedShot,0.04962950944900513,0.9430000305175781,0.32099998474121094,RightFoot,FromCorner,Pass,2025-08-30 14:00:00,Tottenham,Bournemouth,2025
28800,Jhon Arias,13741,Wolverhampton Wanderers,home,3,SavedShot,0.008969185873866081,0.6780000305175782,0.4809999847412109,RightFoot,OpenPlay,TakeOn,2025-08-30 14:00:00,Wolverhampton Wanderers,Everton,2025
28800,Hee-Chan Hwang,8845,Wolverhampton Wanderers,home,20,Goal,0.2901219427585602,0.8880000305175781,0.425,LeftFoot,OpenPlay,Cross,2025-08-30 14:00:00,Wolverhampton Wanderers,Everton,2025
28800,Emmanuel Agbadou,10856,Wolverhampton Wanderers,home,27,MissedShots,0.11522666364908218,0.9230000305175782,0.4809999847412109,RightFoot,FromCorner,None,2025-08-30 14:00:00,Wolverhampton Wanderers,Everton,2025
28800,Marshall Munetsi,7908,Wolverhampton Wanderers,home,48,BlockedShot,0.022240687161684036,0.8859999847412109,0.5509999847412109,Head,OpenPlay,Aerial,2025-08-30 14:00:00,Wolverhampton Wanderers,Everton,2025
28800,João Gomes,11384,Wolverhampton Wanderers,home,48,MissedShots,0.014118862338364124,0.69,0.46,RightFoot,OpenPlay,Pass,2025-08-30 14:00:00,Wolverhampton Wanderers,Everton,2025
28800,Jean-Ricner Bellegarde,7762,Wolverhampton Wanderers,home,69,BlockedShot,0.00935379508882761,0.759000015258789,0.710999984741211,RightFoot,OpenPlay,Pass,2025-08-30 14:00:00,Wolverhampton Wanderers,Everton,2025
28800,Rodrigo Gomes,12756,Wolverhampton Wanderers,home,76,BlockedShot,0.010102429427206516,0.7519999694824219,0.23,RightFoot,OpenPlay,Pass,2025-08-30 14:00:00,Wolverhampton Wanderers,Everton,2025
28800,Rodrigo Gomes,12756,Wolverhampton Wanderers,home,78,Goal,0.3058866262435913,0.919000015258789,0.47400001525878904,RightFoot,OpenPlay,Cross,2025-08-30 14:00:00,Wolverhampton Wanderers,Everton,2025
28800,Toti,10293,Wolverhampton Wanderers,home,83,BlockedShot,0.04335310682654381,0.93,0.585,OtherBodyPart,FromCorner,Cross,2025-08-30 14:00:00,Wolverhampton Wanderers,Everton,2025
28800,Fernando López,13200,Wolverhampton Wanderers,home,83,BlockedShot,0.027839479967951775,0.7909999847412109,0.34900001525878904,RightFoot,FromCorner,Rebound,2025-08-30 14:00:00,Wolverhampton Wanderers,Everton,2025
28800,Jean-Ricner Bellegarde,7762,Wolverhampton Wanderers,home,93,SavedShot,0.01821996085345745,0.7619999694824219,0.7019999694824218,RightFoot,OpenPlay,Pass,2025-08-30 14:00:00,Wolverhampton Wanderers,Everton,2025
28800,Rodrigo Gomes,12756,Wolverhampton Wanderers,home,93,MissedShots,0.08049774914979935,0.8780000305175781,0.5220000076293946,LeftFoot,OpenPlay,Rebound,2025-08-30 14:00:00,Wolverhampton Wanderers,Everton,2025
28800,Beto,9983,Everton,away,6,Goal,0.6768185496330261,0.975999984741211,0.4759999847412109,Head,OpenPlay,HeadPass,2025-08-30 14:00:00,Wolverhampton Wanderers,Everton,2025
28800,Jack Grealish,675,Everton,away,25,BlockedShot,0.08991742134094238,0.9080000305175782,0.649000015258789,LeftFoot,OpenPlay,Pass,2025-08-30 14:00:00,Wolverhampton Wanderers,Everton,2025
28800,Jack Grealish,675,Everton,away,32,SavedShot,0.331046462059021,0.9430000305175781,0.685,RightFoot,SetPiece,Throughball,2025-08-30 14:00:00,Wolverhampton Wanderers,Everton,2025
28800,Iliman Ndiaye,9307,Everton,away,32,Goal,0.5479457378387451,0.9290000152587891,0.46799999237060547,LeftFoot,OpenPlay,Pass,2025-08-30 14:00:00,Wolverhampton Wanderers,Everton,2025
28800,Idrissa Gueye,668,Everton,away,45,BlockedShot,0.10769732296466827,0.8519999694824218,0.46799999237060547,RightFoot,OpenPlay,Pass,2025-08-30 14:00:00,Wolverhampton Wanderers,Everton,2025
28800,Kiernan Dewsbury-Hall,9739,Everton,away,54,Goal,0.13513396680355072,0.874000015258789,0.6680000305175782,LeftFoot,OpenPlay,Throughball,2025-08-30 14:00:00,Wolverhampton Wanderers,Everton,2025
28800,Idrissa Gueye,668,Everton,away,62,BlockedShot,0.07528137415647507,0.8159999847412109,0.524000015258789,LeftFoot,OpenPlay,Pass,2025-08-30 14:00:00,Wolverhampton Wanderers,Everton,2025
28800,Idrissa Gueye,668,Everton,away,69,MissedShots,0.010578927583992481,0.6279999923706054,0.06400000095367432,RightFoot,OpenPlay,Pass,2025-08-30 14:00:00,Wolverhampton Wanderers,Everton,2025
28800,Jake O&#039;Brien,12014,Everton,away,75,MissedShots,0.053000710904598236,0.9119999694824219,0.5120000076293946,Head,SetPiece,Aerial,2025-08-30 14:00:00,Wolverhampton Wanderers,Everton,2025
28800,Tim Iroegbunam,9554,Everton,away,85,BlockedShot,0.010492978617548943,0.7319999694824219,0.37099998474121093,RightFoot,SetPiece,None,2025-08-30 14:00:00,Wolverhampton Wanderers,Everton,2025
28801,Chemsdine Talbi,13717,Sunderland,home,8,MissedShots,0.10804285854101181,0.9230000305175782,0.4420000076293945,RightFoot,FromCorner,None,2025-08-30 14:00:00,Sunderland,Brentford,2025
28801,Nordi Mukiele,5659,Sunderland,home,8,MissedShots,0.08286460489034653,0.9359999847412109,0.3870000076293945,RightFoot,FromCorner,None,2025-08-30 14:00:00,Sunderland,Brentford,2025
28801,Reinildo,7432,Sunderland,home,11,BlockedShot,0.01499317865818739,0.7219999694824218,0.5879999923706055,RightFoot,OpenPlay,BallRecovery,2025-08-30 14:00:00,Sunderland,Brentford,2025
28801,Omar Alderete,8986,Sunderland,home,43,BlockedShot,0.04248378053307533,0.8340000152587891,0.6519999694824219,LeftFoot,OpenPlay,None,2025-08-30 14:00:00,Sunderland,Brentford,2025
28801,Trai Hume,13713,Sunderland,home,45,BlockedShot,0.02939181961119175,0.7780000305175782,0.44099998474121094,LeftFoot,OpenPlay,None,2025-08-30 14:00:00,Sunderland,Brentford,2025
28801,Habib Diarra,9767,Sunderland,home,45,MissedShots,0.06268350780010223,0.8430000305175781,0.514000015258789,RightFoot,OpenPlay,Rebound,2025-08-30 14:00:00,Sunderland,Brentford,2025
28801,Habib Diarra,9767,Sunderland,home,67,MissedShots,0.11225918680429459,0.8619999694824219,0.519000015258789,RightFoot,OpenPlay,Cross,2025-08-30 14:00:00,Sunderland,Brentford,2025
28801,Wilson Isidor,7148,Sunderland,home,72,MissedShots,0.012669884599745274,0.7530000305175781,0.74,RightFoot,OpenPlay,Pass,2025-08-30 14:00:00,Sunderland,Brentford,2025
28801,Wilson Isidor,7148,Sunderland,home,74,SavedShot,0.05640295520424843,0.9290000152587891,0.5670000076293945,Head,OpenPlay,Aerial,2025-08-30 14:00:00,Sunderland,Brentford,2025
28801,Enzo Le Fée,8651,Sunderland,home,81,Goal,0.7611688375473022,0.885,0.5,RightFoot,Penalty,Standard,2025-08-30 14:00:00,Sunderland,Brentford,2025
28801,Habib Diarra,9767,Sunderland,home,84,MissedShots,0.035103410482406616,0.8719999694824219,0.2589999961853027,RightFoot,OpenPlay,TakeOn,2025-08-30 14:00:00,Sunderland,Brentford,2025
28801,Wilson Isidor,7148,Sunderland,home,95,Goal,0.25504574179649353,0.92,0.5509999847412109,Head,OpenPlay,Cross,2025-08-30 14:00:00,Sunderland,Brentford,2025
28801,Kevin Schade,9156,Brentford,away,16,MissedShots,0.08092895895242691,0.9009999847412109,0.47700000762939454,Head,OpenPlay,Cross,2025-08-30 14:00:00,Sunderland,Brentford,2025
28801,Kevin Schade,9156,Brentford,away,41,MissedShots,0.07343056052923203,0.9219999694824219,0.43599998474121093,Head,FromCorner,Cross,2025-08-30 14:00:00,Sunderland,Brentford,2025
28801,Yehor Yarmolyuk,11772,Brentford,away,45,SavedShot,0.01719302125275135,0.815,0.49700000762939456,Head,OpenPlay,None,2025-08-30 14:00:00,Sunderland,Brentford,2025
28801,Kevin Schade,9156,Brentford,away,58,SavedShot,0.7611688375473022,0.885,0.5,RightFoot,Penalty,Standard,2025-08-30 14:00:00,Sunderland,Brentford,2025
28801,Thiago,13222,Brentford,away,76,Goal,0.3706037104129791,0.9290000152587891,0.5220000076293946,Head,OpenPlay,Chipped,2025-08-30 14:00:00,Sunderland,Brentford,2025
28801,Rico Henry,9679,Brentford,away,82,BlockedShot,0.022529616951942444,0.7780000305175782,0.47900001525878905,LeftFoot,FromCorner,None,2025-08-30 14:00:00,Sunderland,Brentford,2025
28801,Dango Ouattara,9662,Brentford,away,85,SavedShot,0.09696149826049805,0.909000015258789,0.5579999923706055,Head,OpenPlay,Cross,2025-08-30 14:00:00,Sunderland,Brentford,2025
28801,Mikkel Damsgaard,8859,Brentford,away,94,BlockedShot,0.023226918652653694,0.78,0.555,LeftFoot,SetPiece,None,2025-08-30 14:00:00,Sunderland,Brentford,2025
28802,Matheus Cunha,7080,Manchester United,home,4,SavedShot,0.02157522924244404,0.7530000305175781,0.5229999923706055,LeftFoot,OpenPlay,None,2025-08-30 14:00:00,Manchester United,Burnley,2025
28802,Bryan Mbeumo,6552,Manchester United,home,13,SavedShot,0.044754162430763245,0.86,0.3060000038146973,LeftFoot,OpenPlay,Chipped,2025-08-30 14:00:00,Manchester United,Burnley,2025
28802,Bryan Mbeumo,6552,Manchester United,home,14,MissedShots,0.10564959794282913,0.8719999694824219,0.3189999961853027,RightFoot,OpenPlay,Chipped,2025-08-30 14:00:00,Manchester United,Burnley,2025
28802,Leny Yoro,10564,Manchester United,home,21,MissedShots,0.059393320232629776,0.9309999847412109,0.5579999923706055,Head,OpenPlay,Aerial,2025-08-30 14:00:00,Manchester United,Burnley,2025
28802,Casemiro,2248,Manchester United,home,26,ShotOnPost,0.13354156911373138,0.924000015258789,0.5129999923706055,Head,SetPiece,Cross,2025-08-30 14:00:00,Manchester United,Burnley,2025
28802,Amad Diallo Traore,8127,Manchester United,home,38,BlockedShot,0.06337083131074905,0.8090000152587891,0.46599998474121096,LeftFoot,OpenPlay,None,2025-08-30 14:00:00,Manchester United,Burnley,2025
28802,Mason Mount,7768,Manchester United,home,39,ShotOnPost,0.035149261355400085,0.9490000152587891,0.41900001525878905,Head,FromCorner,Aerial,2025-08-30 14:00:00,Manchester United,Burnley,2025
28802,Amad Diallo Traore,8127,Manchester United,home,44,SavedShot,0.05334921553730965,0.8909999847412109,0.43599998474121093,LeftFoot,FromCorner,Cross,2025-08-30 14:00:00,Manchester United,Burnley,2025
28802,Matthijs de Ligt,7902,Manchester United,home,44,BlockedShot,0.055150218307971954,0.9290000152587891,0.534000015258789,Head,FromCorner,Aerial,2025-08-30 14:00:00,Manchester United,Burnley,2025
28802,Joshua Zirkzee,8044,Manchester United,home,47,BlockedShot,0.03189197927713394,0.850999984741211,0.33599998474121096,LeftFoot,SetPiece,Pass,2025-08-30 14:00:00,Manchester United,Burnley,2025
28802,Joshua Zirkzee,8044,Manchester United,home,47,BlockedShot,0.1092650294303894,0.9690000152587891,0.39,RightFoot,OpenPlay,None,2025-08-30 14:00:00,Manchester United,Burnley,2025
28802,Bruno Fernandes,1228,Manchester United,home,47,BlockedShot,0.01565505377948284,0.7580000305175781,0.28,RightFoot,OpenPlay,Pass,2025-08-30 14:00:00,Manchester United,Burnley,2025
28802,Joshua Zirkzee,8044,Manchester United,home,47,MissedShots,0.15762284398078918,0.9109999847412109,0.504000015258789,RightFoot,OpenPlay,Rebound,2025-08-30 14:00:00,Manchester United,Burnley,2025
28802,Joshua Zirkzee,8044,Manchester United,home,48,MissedShots,0.1224026083946228,0.9259999847412109,0.5729999923706055,RightFoot,OpenPlay,Cross,2025-08-30 14:00:00,Manchester United,Burnley,2025
28802,Amad Diallo Traore,8127,Manchester United,home,49,MissedShots,0.5765154957771301,0.9119999694824219,0.5709999847412109,LeftFoot,OpenPlay,Pass,2025-08-30 14:00:00,Manchester United,Burnley,2025
28802,Joshua Zirkzee,8044,Manchester United,home,50,SavedShot,0.6215313076972961,0.9180000305175782,0.46900001525878904,LeftFoot,OpenPlay,None,2025-08-30 14:00:00,Manchester United,Burnley,2025
28802,Bryan Mbeumo,6552,Manchester United,home,56,Goal,0.552983283996582,0.9259999847412109,0.49,LeftFoot,OpenPlay,Pass,2025-08-30 14:00:00,Manchester United,Burnley,2025
28802,Kobbie Mainoo,11174,Manchester United,home,62,BlockedShot,0.031477075070142746,0.775,0.35400001525878905,RightFoot,OpenPlay,Pass,2025-08-30 14:00:00,Manchester United,Burnley,2025
28802,Bruno Fernandes,1228,Manchester United,home,62,MissedShots,0.0628451332449913,0.870999984741211,0.500999984741211,RightFoot,FromCorner,Pass,2025-08-30 14:00:00,Manchester United,Burnley,2025
28802,Kobbie Mainoo,11174,Manchester United,home,68,MissedShots,0.027649320662021637,0.7819999694824219,0.600999984741211,RightFoot,OpenPlay,Pass,2025-08-30 14:00:00,Manchester United,Burnley,2025
28802,Joshua Zirkzee,8044,Manchester United,home,74,MissedShots,0.044400278478860855,0.9630000305175781,0.5940000152587891,Head,OpenPlay,Aerial,2025-08-30 14:00:00,Manchester United,Burnley,2025
28802,Bruno Fernandes,1228,Manchester United,home,79,BlockedShot,0.045371465384960175,0.8019999694824219,0.5379999923706055,RightFoot,OpenPlay,None,2025-08-30 14:00:00,Manchester United,Burnley,2025
28802,Joshua Zirkzee,8044,Manchester United,home,81,MissedShots,0.07238197326660156,0.8209999847412109,0.47200000762939454,RightFoot,OpenPlay,Pass,2025-08-30 14:00:00,Manchester United,Burnley,2025
28802,Benjamin Sesko,11974,Manchester United,home,85,MissedShots,0.08751426637172699,0.9390000152587891,0.5279999923706055,Head,OpenPlay,Aerial,2025-08-30 14:00:00,Manchester United,Burnley,2025
28802,Benjamin Sesko,11974,Manchester United,home,86,MissedShots,0.1322305053472519,0.925,0.544000015258789,Head,OpenPlay,Cross,2025-08-30 14:00:00,Manchester United,Burnley,2025
28802,Bruno Fernandes,1228,Manchester United,home,96,Goal,0.7611688375473022,0.885,0.5,RightFoot,Penalty,Standard,2025-08-30 14:00:00,Manchester United,Burnley,2025
28802,Josh Cullen,1018,Burnley,away,26,OwnGoal,0.0,0.02700000047683716,0.47400001525878904,OtherBodyPart,SetPiece,None,2025-08-30 14:00:00,Manchester United,Burnley,2025
28802,Hannibal Mejbri,9558,Burnley,away,36,MissedShots,0.11064935475587845,0.8909999847412109,0.46299999237060546,RightFoot,OpenPlay,Pass,2025-08-30 14:00:00,Manchester United,Burnley,2025
28802,Jacob Bruun Larsen,5355,Burnley,away,47,BlockedShot,0.04195509850978851,0.7130000305175781,0.4420000076293945,RightFoot,DirectFreekick,Standard,2025-08-30 14:00:00,Manchester United,Burnley,2025
28802,Quilindschy Hartman,13727,Burnley,away,49,BlockedShot,0.032877761870622635,0.885,0.6029999923706054,LeftFoot,OpenPlay,Aerial,2025-08-30 14:00:00,Manchester United,Burnley,2025
28802,Lyle Foster,7498,Burnley,away,54,Goal,0.47157415747642517,0.935,0.5079999923706054,RightFoot,OpenPlay,Cross,2025-08-30 14:00:00,Manchester United,Burnley,2025
28802,Loum Tchaouna,9977,Burnley,away,65,SavedShot,0.07852376997470856,0.9009999847412109,0.43200000762939456,LeftFoot,OpenPlay,None,2025-08-30 14:00:00,Manchester United,Burnley,2025
28802,Jaidon Anthony,10746,Burnley,away,65,Goal,0.6409280300140381,0.9569999694824218,0.5159999847412109,LeftFoot,OpenPlay,Rebound,2025-08-30 14:00:00,Manchester United,Burnley,2025
28803,Lukas Nmecha,6544,Leeds,home,6,BlockedShot,0.0727955773472786,0.8819999694824219,0.5790000152587891,RightFoot,OpenPlay,Cross,2025-08-30 16:30:00,Leeds,Newcastle United,2025
28803,Anton Stach,9910,Leeds,home,6,BlockedShot,0.11391013860702515,0.87,0.5270000076293946,RightFoot,OpenPlay,Pass,2025-08-30 16:30:00,Leeds,Newcastle United,2025
28803,Anton Stach,9910,Leeds,home,8,MissedShots,0.027065396308898926,0.6980000305175781,0.25299999237060544,RightFoot,DirectFreekick,Standard,2025-08-30 16:30:00,Leeds,Newcastle United,2025
28803,Anton Stach,9910,Leeds,home,32,MissedShots,0.02063303254544735,0.7530000305175781,0.5529999923706055,LeftFoot,OpenPlay,Pass,2025-08-30 16:30:00,Leeds,Newcastle United,2025
28803,Daniel James,5595,Leeds,home,33,MissedShots,0.2603457570075989,0.970999984741211,0.3659999847412109,RightFoot,OpenPlay,Cross,2025-08-30 16:30:00,Leeds,Newcastle United,2025
28803,Wilfried Gnonto,11155,Leeds,home,37,BlockedShot,0.024785464629530907,0.8030000305175782,0.72,RightFoot,OpenPlay,Pass,2025-08-30 16:30:00,Leeds,Newcastle United,2025
28803,Wilfried Gnonto,11155,Leeds,home,38,MissedShots,0.008856137283146381,0.7530000305175781,0.73,RightFoot,FromCorner,TakeOn,2025-08-30 16:30:00,Leeds,Newcastle United,2025
28803,Jayden Bogle,9205,Leeds,home,50,MissedShots,0.051310401409864426,0.805,0.465,LeftFoot,OpenPlay,Pass,2025-08-30 16:30:00,Leeds,Newcastle United,2025
28803,Dominic Calvert-Lewin,5555,Leeds,home,73,MissedShots,0.013565645553171635,0.7340000152587891,0.600999984741211,RightFoot,OpenPlay,None,2025-08-30 16:30:00,Leeds,Newcastle United,2025
28803,Dominic Calvert-Lewin,5555,Leeds,home,89,SavedShot,0.08403205126523972,0.905,0.30700000762939456,RightFoot,OpenPlay,Pass,2025-08-30 16:30:00,Leeds,Newcastle United,2025
28803,William Osula,9556,Newcastle United,away,15,BlockedShot,0.10585911571979523,0.9009999847412109,0.4620000076293945,LeftFoot,OpenPlay,Cross,2025-08-30 16:30:00,Leeds,Newcastle United,2025
28803,Jacob Ramsey,8941,Newcastle United,away,27,BlockedShot,0.05618707090616226,0.845999984741211,0.39,RightFoot,OpenPlay,None,2025-08-30 16:30:00,Leeds,Newcastle United,2025
28803,Jacob Murphy,6063,Newcastle United,away,40,MissedShots,0.040007248520851135,0.9830000305175781,0.63,LeftFoot,OpenPlay,Cross,2025-08-30 16:30:00,Leeds,Newcastle United,2025
28803,Jacob Murphy,6063,Newcastle United,away,42,SavedShot,0.028935182839632034,0.860999984741211,0.2610000038146973,RightFoot,OpenPlay,Pass,2025-08-30 16:30:00,Leeds,Newcastle United,2025
28803,Fabian Schär,76,Newcastle United,away,45,MissedShots,0.016076162457466125,0.715,0.43200000762939456,LeftFoot,OpenPlay,Pass,2025-08-30 16:30:00,Leeds,Newcastle United,2025
28803,Jacob Murphy,6063,Newcastle United,away,53,SavedShot,0.014349977485835552,0.7330000305175781,0.47299999237060547,LeftFoot,OpenPlay,TakeOn,2025-08-30 16:30:00,Leeds,Newcastle United,2025
28803,Lewis Hall,10216,Newcastle United,away,70,MissedShots,0.02208450809121132,0.749000015258789,0.5940000152587891,LeftFoot,OpenPlay,Pass,2025-08-30 16:30:00,Leeds,Newcastle United,2025
28803,Harvey Barnes,6681,Newcastle United,away,91,BlockedShot,0.020135929808020592,0.775,0.6719999694824219,RightFoot,OpenPlay,Pass,2025-08-30 16:30:00,Leeds,Newcastle United,2025
28804,Morgan Gibbs-White,6857,Nottingham Forest,home,17,BlockedShot,0.019577354192733765,0.9619999694824218,0.5970000076293945,Head,FromCorner,Aerial,2025-08-31 13:00:00,Nottingham Forest,West Ham,2025
28804,Chris Wood,4456,Nottingham Forest,home,46,SavedShot,0.2730753421783447,0.9059999847412109,0.46599998474121096,Head,OpenPlay,Cross,2025-08-31 13:00:00,Nottingham Forest,West Ham,2025
28804,Morgan Gibbs-White,6857,Nottingham Forest,home,59,SavedShot,0.04551553353667259,0.960999984741211,0.7180000305175781,LeftFoot,OpenPlay,Pass,2025-08-31 13:00:00,Nottingham Forest,West Ham,2025
28804,Chris Wood,4456,Nottingham Forest,home,60,MissedShots,0.10693097114562988,0.865999984741211,0.45099998474121095,RightFoot,OpenPlay,Pass,2025-08-31 13:00:00,Nottingham Forest,West Ham,2025
28804,Neco Williams,8204,Nottingham Forest,home,61,BlockedShot,0.06776181608438492,0.8490000152587891,0.55,RightFoot,OpenPlay,None,2025-08-31 13:00:00,Nottingham Forest,West Ham,2025
28804,Elliot Anderson,9154,Nottingham Forest,home,61,BlockedShot,0.015127431601285934,0.774000015258789,0.7069999694824218,RightFoot,OpenPlay,Pass,2025-08-31 13:00:00,Nottingham Forest,West Ham,2025
28804,Callum Hudson-Odoi,6456,Nottingham Forest,home,62,SavedShot,0.04034300148487091,0.9080000305175782,0.74,RightFoot,OpenPlay,Pass,2025-08-31 13:00:00,Nottingham Forest,West Ham,2025
28804,Chris Wood,4456,Nottingham Forest,home,66,MissedShots,0.040244463831186295,0.8930000305175781,0.5470000076293945,Head,OpenPlay,Chipped,2025-08-31 13:00:00,Nottingham Forest,West Ham,2025
28804,Nikola Milenkovic,6174,Nottingham Forest,home,71,MissedShots,0.0842909961938858,0.9169999694824219,0.539000015258789,Head,FromCorner,Cross,2025-08-31 13:00:00,Nottingham Forest,West Ham,2025
28804,Ola Aina,725,Nottingham Forest,home,89,BlockedShot,0.014259714633226395,0.855,0.23200000762939454,RightFoot,OpenPlay,None,2025-08-31 13:00:00,Nottingham Forest,West Ham,2025
28804,Ola Aina,725,Nottingham Forest,home,99,BlockedShot,0.008891460485756397,0.764000015258789,0.26299999237060545,RightFoot,OpenPlay,None,2025-08-31 13:00:00,Nottingham Forest,West Ham,2025
28804,Niclas Füllkrug,6098,West Ham,away,2,MissedShots,0.03938474506139755,0.9490000152587891,0.39,Head,FromCorner,Cross,2025-08-31 13:00:00,Nottingham Forest,West Ham,2025
28804,Niclas Füllkrug,6098,West Ham,away,14,MissedShots,0.024818886071443558,0.9619999694824218,0.40900001525878904,Head,FromCorner,Aerial,2025-08-31 13:00:00,Nottingham Forest,West Ham,2025
28804,Lucas Paquetá,7365,West Ham,away,38,SavedShot,0.09636712819337845,0.87,0.5729999923706055,LeftFoot,OpenPlay,Pass,2025-08-31 13:00:00,Nottingham Forest,West Ham,2025
28804,Lucas Paquetá,7365,West Ham,away,46,MissedShots,0.13509510457515717,0.9230000305175782,0.425,RightFoot,OpenPlay,Pass,2025-08-31 13:00:00,Nottingham Forest,West Ham,2025
28804,Niclas Füllkrug,6098,West Ham,away,55,SavedShot,0.034899093210697174,0.870999984741211,0.725999984741211,LeftFoot,OpenPlay,Pass,2025-08-31 13:00:00,Nottingham Forest,West Ham,2025
28804,Callum Wilson,468,West Ham,away,67,SavedShot,0.03393476828932762,0.8119999694824219,0.38299999237060545,RightFoot,OpenPlay,TakeOn,2025-08-31 13:00:00,Nottingham Forest,West Ham,2025
28804,Konstantinos Mavropanos,6722,West Ham,away,68,MissedShots,0.08467678725719452,0.9169999694824219,0.5379999923706055,Head,FromCorner,Cross,2025-08-31 13:00:00,Nottingham Forest,West Ham,2025
28804,Callum Wilson,468,West Ham,away,80,SavedShot,0.06967318803071976,0.9680000305175781,0.3240000152587891,RightFoot,SetPiece,TakeOn,2025-08-31 13:00:00,Nottingham Forest,West Ham,2025
28804,Jarrod Bowen,1776,West Ham,away,83,Goal,0.06273777037858963,0.815,0.5259999847412109,LeftFoot,OpenPlay,Pass,2025-08-31 13:00:00,Nottingham Forest,West Ham,2025
28804,Lucas Paquetá,7365,West Ham,away,87,Goal,0.7611688375473022,0.885,0.5,LeftFoot,Penalty,Standard,2025-08-31 13:00:00,Nottingham Forest,West Ham,2025
28804,Callum Wilson,468,West Ham,away,90,Goal,0.31998011469841003,0.919000015258789,0.48,Head,OpenPlay,Cross,2025-08-31 13:00:00,Nottingham Forest,West Ham,2025
28804,Callum Wilson,468,West Ham,away,97,SavedShot,0.5732597708702087,0.9180000305175782,0.44400001525878907,RightFoot,OpenPlay,BallTouch,2025-08-31 13:00:00,Nottingham Forest,West Ham,2025
28805,Kaoru Mitoma,10806,Brighton,home,18,SavedShot,0.050700414925813675,0.7819999694824219,0.36,RightFoot,OpenPlay,Pass,2025-08-31 13:00:00,Brighton,Manchester City,2025
28805,Yankuba Minteh,12759,Brighton,home,61,SavedShot,0.09575819969177246,0.8419999694824218,0.6170000076293946,LeftFoot,OpenPlay,SubstitutionOn,2025-08-31 13:00:00,Brighton,Manchester City,2025
28805,Lewis Dunk,6048,Brighton,home,64,BlockedShot,0.017949020490050316,0.915,0.7090000152587891,RightFoot,SetPiece,Cross,2025-08-31 13:00:00,Brighton,Manchester City,2025
28805,James Milner,489,Brighton,home,66,Goal,0.7611688375473022,0.885,0.5,RightFoot,Penalty,Standard,2025-08-31 13:00:00,Brighton,Manchester City,2025
28805,Yankuba Minteh,12759,Brighton,home,70,MissedShots,0.048511818051338196,0.8690000152587891,0.37,LeftFoot,OpenPlay,TakeOn,2025-08-31 13:00:00,Brighton,Manchester City,2025
28805,Kaoru Mitoma,10806,Brighton,home,78,BlockedShot,0.054669469594955444,0.865,0.675,RightFoot,OpenPlay,Pass,2025-08-31 13:00:00,Brighton,Manchester City,2025
28805,Georginio Rutter,6937,Brighton,home,80,SavedShot,0.07031069695949554,0.894000015258789,0.67,LeftFoot,OpenPlay,Pass,2025-08-31 13:00:00,Brighton,Manchester City,2025
28805,Brajan Gruda,11310,Brighton,home,82,SavedShot,0.024503638967871666,0.775,0.6630000305175782,LeftFoot,OpenPlay,Pass,2025-08-31 13:00:00,Brighton,Manchester City,2025
28805,Brajan Gruda,11310,Brighton,home,86,BlockedShot,0.08022035658359528,0.865999984741211,0.31799999237060544,LeftFoot,OpenPlay,Pass,2025-08-31 13:00:00,Brighton,Manchester City,2025
28805,Jan Paul van Hecke,10807,Brighton,home,87,SavedShot,0.6146281957626343,0.9590000152587891,0.509000015258789,LeftFoot,FromCorner,None,2025-08-31 13:00:00,Brighton,Manchester City,2025
28805,Lewis Dunk,6048,Brighton,home,87,MissedShots,0.022686446085572243,0.860999984741211,0.6220000076293946,RightFoot,FromCorner,Aerial,2025-08-31 13:00:00,Brighton,Manchester City,2025
28805,Brajan Gruda,11310,Brighton,home,88,Goal,0.36753395199775696,0.905,0.435,RightFoot,OpenPlay,TakeOn,2025-08-31 13:00:00,Brighton,Manchester City,2025
28805,Erling Haaland,8260,Manchester City,away,8,SavedShot,0.20762209594249725,0.855999984741211,0.625,LeftFoot,OpenPlay,Pass,2025-08-31 13:00:00,Brighton,Manchester City,2025
28805,Erling Haaland,8260,Manchester City,away,23,MissedShots,0.06028285622596741,0.8169999694824219,0.5329999923706055,LeftFoot,OpenPlay,Pass,2025-08-31 13:00:00,Brighton,Manchester City,2025
28805,Erling Haaland,8260,Manchester City,away,24,SavedShot,0.1493370234966278,0.9690000152587891,0.4329999923706055,Head,OpenPlay,Aerial,2025-08-31 13:00:00,Brighton,Manchester City,2025
28805,Erling Haaland,8260,Manchester City,away,25,MissedShots,0.04459486901760101,0.9209999847412109,0.5720000076293945,Head,OpenPlay,Aerial,2025-08-31 13:00:00,Brighton,Manchester City,2025
28805,Omar Marmoush,8393,Manchester City,away,27,MissedShots,0.08242393285036087,0.9130000305175782,0.3990000152587891,LeftFoot,FromCorner,None,2025-08-31 13:00:00,Brighton,Manchester City,2025
28805,Erling Haaland,8260,Manchester City,away,33,Goal,0.788413941860199,0.9519999694824218,0.500999984741211,LeftFoot,OpenPlay,Throughball,2025-08-31 13:00:00,Brighton,Manchester City,2025
28805,Rodri,2496,Manchester City,away,42,MissedShots,0.04254832863807678,0.7819999694824219,0.6070000076293945,LeftFoot,OpenPlay,None,2025-08-31 13:00:00,Brighton,Manchester City,2025
28805,Oscar Bobb,11903,Manchester City,away,59,MissedShots,0.6138288378715515,0.9119999694824219,0.4590000152587891,RightFoot,OpenPlay,None,2025-08-31 13:00:00,Brighton,Manchester City,2025
28805,Nico O&#039;Reilly,11592,Manchester City,away,76,BlockedShot,0.013379187323153019,0.6980000305175781,0.5170000076293946,LeftFoot,OpenPlay,Pass,2025-08-31 13:00:00,Brighton,Manchester City,2025
28805,Erling Haaland,8260,Manchester City,away,76,MissedShots,0.05085253715515137,0.9230000305175782,0.505,Head,FromCorner,Aerial,2025-08-31 13:00:00,Brighton,Manchester City,2025
28805,Erling Haaland,8260,Manchester City,away,95,MissedShots,0.06539377570152283,0.8880000305175781,0.3970000076293945,LeftFoot,OpenPlay,None,2025-08-31 13:00:00,Brighton,Manchester City,2025
28805,Tijjani Reijnders,11965,Manchester City,away,97,MissedShots,0.01550334319472313,0.76,0.6919999694824219,RightFoot,OpenPlay,Pass,2025-08-31 13:00:00,Brighton,Manchester City,2025
28806,Cody Gakpo,11296,Liverpool,home,12,MissedShots,0.024450471624732018,0.7880000305175782,0.6859999847412109,RightFoot,OpenPlay,Pass,2025-08-31 15:30:00,Liverpool,Arsenal,2025
28806,Alexis Mac Allister,8379,Liverpool,home,33,BlockedShot,0.06511340290307999,0.8380000305175781,0.49,RightFoot,OpenPlay,None,2025-08-31 15:30:00,Liverpool,Arsenal,2025
28806,Ryan Gravenberch,10697,Liverpool,home,51,MissedShots,0.017997510731220245,0.700999984741211,0.44299999237060544,RightFoot,OpenPlay,Pass,2025-08-31 15:30:00,Liverpool,Arsenal,2025
28806,Florian Wirtz,8397,Liverpool,home,59,SavedShot,0.09152144193649292,0.8640000152587891,0.40900001525878904,LeftFoot,OpenPlay,Pass,2025-08-31 15:30:00,Liverpool,Arsenal,2025
28806,Cody Gakpo,11296,Liverpool,home,65,SavedShot,0.037899378687143326,0.8369999694824218,0.6790000152587891,RightFoot,OpenPlay,Pass,2025-08-31 15:30:00,Liverpool,Arsenal,2025
28806,Mohamed Salah,1250,Liverpool,home,72,BlockedShot,0.07573796063661575,0.845999984741211,0.39799999237060546,LeftFoot,OpenPlay,Pass,2025-08-31 15:30:00,Liverpool,Arsenal,2025
28806,Florian Wirtz,8397,Liverpool,home,73,BlockedShot,0.03474712371826172,0.8209999847412109,0.425,RightFoot,FromCorner,Cross,2025-08-31 15:30:00,Liverpool,Arsenal,2025
28806,Dominik Szoboszlai,9788,Liverpool,home,82,Goal,0.036956995725631714,0.6969999694824218,0.5109999847412109,RightFoot,DirectFreekick,Standard,2025-08-31 15:30:00,Liverpool,Arsenal,2025
28806,Federico Chiesa,1433,Liverpool,home,96,BlockedShot,0.09697931259870529,0.8159999847412109,0.5359999847412109,LeftFoot,OpenPlay,Pass,2025-08-31 15:30:00,Liverpool,Arsenal,2025
28806,Noni Madueke,11357,Arsenal,away,21,SavedShot,0.06363651156425476,0.860999984741211,0.5620000076293945,LeftFoot,FromCorner,None,2025-08-31 15:30:00,Liverpool,Arsenal,2025
28806,Declan Rice,5553,Arsenal,away,28,MissedShots,0.02633870579302311,0.6869999694824219,0.7330000305175781,RightFoot,DirectFreekick,Standard,2025-08-31 15:30:00,Liverpool,Arsenal,2025
28806,Noni Madueke,11357,Arsenal,away,35,BlockedShot,0.049500007182359695,0.9069999694824219,0.3129999923706055,LeftFoot,OpenPlay,Chipped,2025-08-31 15:30:00,Liverpool,Arsenal,2025
28806,Jurriën Timber,11707,Arsenal,away,38,BlockedShot,0.08937656879425049,0.855,0.445,RightFoot,OpenPlay,Pass,2025-08-31 15:30:00,Liverpool,Arsenal,2025
28806,Riccardo Calafiori,8129,Arsenal,away,38,BlockedShot,0.041967615485191345,0.865999984741211,0.67,RightFoot,OpenPlay,Rebound,2025-08-31 15:30:00,Liverpool,Arsenal,2025
28806,Riccardo Calafiori,8129,Arsenal,away,39,MissedShots,0.02815292961895466,0.91,0.5320000076293945,Head,FromCorner,Aerial,2025-08-31 15:30:00,Liverpool,Arsenal,2025
28806,Riccardo Calafiori,8129,Arsenal,away,62,BlockedShot,0.05862429365515709,0.8159999847412109,0.5179999923706055,LeftFoot,OpenPlay,Pass,2025-08-31 15:30:00,Liverpool,Arsenal,2025
28806,Gabriel,5613,Arsenal,away,62,BlockedShot,0.02105015330016613,0.77,0.55,LeftFoot,OpenPlay,Rebound,2025-08-31 15:30:00,Liverpool,Arsenal,2025
28806,Noni Madueke,11357,Arsenal,away,63,MissedShots,0.02296319603919983,0.870999984741211,0.634000015258789,LeftFoot,FromCorner,Aerial,2025-08-31 15:30:00,Liverpool,Arsenal,2025
28806,Max Dowman,13872,Arsenal,away,94,BlockedShot,0.061159078031778336,0.9380000305175781,0.35400001525878905,LeftFoot,OpenPlay,None,2025-08-31 15:30:00,Liverpool,Arsenal,2025
28806,Martín Zubimendi,7526,Arsenal,away,96,BlockedShot,0.027894919738173485,0.8769999694824219,0.48900001525878906,Head,OpenPlay,Aerial,2025-08-31 15:30:00,Liverpool,Arsenal,2025
28807,Youri Tielemans,5956,Aston Villa,home,1,MissedShots,0.04001225531101227,0.909000015258789,0.585,Head,FromCorner,Cross,2025-08-31 18:00:00,Aston Villa,Crystal Palace,2025
28807,Evann Guessand,8006,Aston Villa,home,23,SavedShot,0.06263919174671173,0.8630000305175781,0.6430000305175781,RightFoot,OpenPlay,Pass,2025-08-31 18:00:00,Aston Villa,Crystal Palace,2025
28807,Ollie Watkins,8865,Aston Villa,home,40,SavedShot,0.41721436381340027,0.9430000305175781,0.5409999847412109,RightFoot,OpenPlay,Chipped,2025-08-31 18:00:00,Aston Villa,Crystal Palace,2025
28807,Youri Tielemans,5956,Aston Villa,home,40,MissedShots,0.035743918269872665,0.9290000152587891,0.6070000076293945,Head,FromCorner,Cross,2025-08-31 18:00:00,Aston Villa,Crystal Palace,2025
28807,Ollie Watkins,8865,Aston Villa,home,47,MissedShots,0.04962930828332901,0.89,0.325,RightFoot,OpenPlay,Chipped,2025-08-31 18:00:00,Aston Villa,Crystal Palace,2025
28807,Youri Tielemans,5956,Aston Villa,home,53,SavedShot,0.015896538272500038,0.7230000305175781,0.535,RightFoot,OpenPlay,Pass,2025-08-31 18:00:00,Aston Villa,Crystal Palace,2025
28807,Morgan Rogers,12412,Aston Villa,home,58,SavedShot,0.09427406638860703,0.8569999694824219,0.6419999694824219,RightFoot,OpenPlay,Pass,2025-08-31 18:00:00,Aston Villa,Crystal Palace,2025
28807,Matthew Cash,8864,Aston Villa,home,58,MissedShots,0.01937158778309822,0.7180000305175781,0.40099998474121096,RightFoot,FromCorner,Pass,2025-08-31 18:00:00,Aston Villa,Crystal Palace,2025
28807,Ollie Watkins,8865,Aston Villa,home,70,MissedShots,0.0745130330324173,0.89,0.4809999847412109,Head,OpenPlay,Cross,2025-08-31 18:00:00,Aston Villa,Crystal Palace,2025
28807,Ian Maatsen,11807,Aston Villa,home,72,BlockedShot,0.07754640281200409,0.8769999694824219,0.63,LeftFoot,OpenPlay,Pass,2025-08-31 18:00:00,Aston Villa,Crystal Palace,2025
28807,Donyell Malen,9749,Aston Villa,home,72,MissedShots,0.2824046313762665,0.9640000152587891,0.35,RightFoot,OpenPlay,Rebound,2025-08-31 18:00:00,Aston Villa,Crystal Palace,2025
28807,Donyell Malen,9749,Aston Villa,home,81,MissedShots,0.025419285520911217,0.7709999847412109,0.519000015258789,RightFoot,OpenPlay,BallRecovery,2025-08-31 18:00:00,Aston Villa,Crystal Palace,2025
28807,Emiliano Buendía,2203,Aston Villa,home,83,MissedShots,0.03309221938252449,0.8469999694824218,0.32099998474121094,RightFoot,SetPiece,None,2025-08-31 18:00:00,Aston Villa,Crystal Palace,2025
28807,Jean-Philippe Mateta,5735,Crystal Palace,away,20,Goal,0.7611688375473022,0.885,0.5,RightFoot,Penalty,Standard,2025-08-31 18:00:00,Aston Villa,Crystal Palace,2025
28807,Ismaila Sarr,5675,Crystal Palace,away,28,MissedShots,0.8677292466163635,0.980999984741211,0.5220000076293946,Head,OpenPlay,Cross,2025-08-31 18:00:00,Aston Villa,Crystal Palace,2025
28807,Marc Guehi,7603,Crystal Palace,away,67,Goal,0.05063970759510994,0.8440000152587891,0.6940000152587891,RightFoot,OpenPlay,None,2025-08-31 18:00:00,Aston Villa,Crystal Palace,2025
28807,Ismaila Sarr,5675,Crystal Palace,away,77,Goal,0.5764108896255493,0.97,0.5379999923706055,Head,OpenPlay,HeadPass,2025-08-31 18:00:00,Aston Villa,Crystal Palace,2025
28807,Jefferson Lerma,2182,Crystal Palace,away,90,SavedShot,0.31956174969673157,0.8969999694824219,0.629000015258789,LeftFoot,OpenPlay,Pass,2025-08-31 18:00:00,Aston Villa,Crystal Palace,2025
28807,Yeremi Pino,9024,Crystal Palace,away,92,BlockedShot,0.02161698043346405,0.7469999694824219,0.5729999923706055,RightFoot,OpenPlay,Pass,2025-08-31 18:00:00,Aston Villa,Crystal Palace,2025
28808,Mikel Merino,5304,Arsenal,home,6,SavedShot,0.565120279788971,0.96,0.43599998474121093,RightFoot,SetPiece,None,2025-09-13 11:30:00,Arsenal,Nottingham Forest,2025
28808,Gabriel,5613,Arsenal,home,9,MissedShots,0.47992590069770813,0.960999984741211,0.45799999237060546,Head,FromCorner,Cross,2025-09-13 11:30:00,Arsenal,Nottingham Forest,2025
28808,Eberechi Eze,8706,Arsenal,home,13,BlockedShot,0.034516386687755585,0.799000015258789,0.6220000076293946,RightFoot,OpenPlay,Pass,2025-09-13 11:30:00,Arsenal,Nottingham Forest,2025
28808,Viktor Gyokeres,7254,Arsenal,home,20,MissedShots,0.05540473386645317,0.9269999694824219,0.5590000152587891,Head,OpenPlay,Aerial,2025-09-13 11:30:00,Arsenal,Nottingham Forest,2025
28808,Ethan Nwaneri,11132,Arsenal,home,22,BlockedShot,0.0504547581076622,0.840999984741211,0.43599998474121093,LeftFoot,FromCorner,None,2025-09-13 11:30:00,Arsenal,Nottingham Forest,2025
28808,Eberechi Eze,8706,Arsenal,home,26,BlockedShot,0.04990798607468605,0.845999984741211,0.6580000305175782,RightFoot,OpenPlay,Pass,2025-09-13 11:30:00,Arsenal,Nottingham Forest,2025
28808,Jurriën Timber,11707,Arsenal,home,28,SavedShot,0.0841638445854187,0.960999984741211,0.4640000152587891,Head,FromCorner,Aerial,2025-09-13 11:30:00,Arsenal,Nottingham Forest,2025
28808,Martín Zubimendi,7526,Arsenal,home,31,Goal,0.031676262617111206,0.8019999694824219,0.5,RightFoot,FromCorner,None,2025-09-13 11:30:00,Arsenal,Nottingham Forest,2025
28808,Gabriel,5613,Arsenal,home,35,BlockedShot,0.01870153471827507,0.8030000305175782,0.7480000305175781,LeftFoot,OpenPlay,Pass,2025-09-13 11:30:00,Arsenal,Nottingham Forest,2025
28808,Martín Zubimendi,7526,Arsenal,home,35,MissedShots,0.048408184200525284,0.7809999847412109,0.49599998474121093,RightFoot,OpenPlay,BallTouch,2025-09-13 11:30:00,Arsenal,Nottingham Forest,2025
28808,Viktor Gyokeres,7254,Arsenal,home,45,Goal,0.5980789661407471,0.9369999694824219,0.5,RightFoot,OpenPlay,Pass,2025-09-13 11:30:00,Arsenal,Nottingham Forest,2025
28808,Viktor Gyokeres,7254,Arsenal,home,48,BlockedShot,0.48044416308403015,0.955,0.5870000076293945,RightFoot,OpenPlay,None,2025-09-13 11:30:00,Arsenal,Nottingham Forest,2025
28808,Ethan Nwaneri,11132,Arsenal,home,51,MissedShots,0.057088371366262436,0.865999984741211,0.29100000381469726,LeftFoot,OpenPlay,Pass,2025-09-13 11:30:00,Arsenal,Nottingham Forest,2025
28808,Ethan Nwaneri,11132,Arsenal,home,56,MissedShots,0.13176925480365753,0.865999984741211,0.48400001525878905,LeftFoot,OpenPlay,Pass,2025-09-13 11:30:00,Arsenal,Nottingham Forest,2025
28808,Viktor Gyokeres,7254,Arsenal,home,58,ShotOnPost,0.10147476941347122,0.93,0.3340000152587891,RightFoot,OpenPlay,Pass,2025-09-13 11:30:00,Arsenal,Nottingham Forest,2025
28808,Martín Zubimendi,7526,Arsenal,home,78,Goal,0.0945623442530632,0.9290000152587891,0.4620000076293945,Head,SetPiece,Chipped,2025-09-13 11:30:00,Arsenal,Nottingham Forest,2025
28808,Morgan Gibbs-White,6857,Nottingham Forest,away,45,MissedShots,0.071136474609375,0.8640000152587891,0.6090000152587891,RightFoot,OpenPlay,Pass,2025-09-13 11:30:00,Arsenal,Nottingham Forest,2025
28808,Chris Wood,4456,Nottingham Forest,away,51,SavedShot,0.092880979180336,0.8630000305175781,0.37599998474121094,OtherBodyPart,OpenPlay,Cross,2025-09-13 11:30:00,Arsenal,Nottingham Forest,2025
28808,Arnaud Kalimuendo Muinga,8056,Nottingham Forest,away,66,BlockedShot,0.01928887516260147,0.8119999694824219,0.29200000762939454,RightFoot,OpenPlay,BallTouch,2025-09-13 11:30:00,Arsenal,Nottingham Forest,2025
28808,Neco Williams,8204,Nottingham Forest,away,92,BlockedShot,0.011348750442266464,0.78,0.7180000305175781,RightFoot,OpenPlay,Pass,2025-09-13 11:30:00,Arsenal,Nottingham Forest,2025
28808,Arnaud Kalimuendo Muinga,8056,Nottingham Forest,away,94,BlockedShot,0.09902611374855042,0.8719999694824219,0.35900001525878905,RightFoot,OpenPlay,Pass,2025-09-13 11:30:00,Arsenal,Nottingham Forest,2025
28809,Jacob Murphy,6063,Newcastle United,home,4,MissedShots,0.017971137538552284,0.76,0.3820000076293945,LeftFoot,OpenPlay,Pass,2025-09-13 14:00:00,Newcastle United,Wolverhampton Wanderers,2025
28809,Jacob Murphy,6063,Newcastle United,home,12,SavedShot,0.6109824776649475,0.955,0.485,LeftFoot,OpenPlay,HeadPass,2025-09-13 14:00:00,Newcastle United,Wolverhampton Wanderers,2025
28809,Harvey Barnes,6681,Newcastle United,home,12,MissedShots,0.03400454670190811,0.78,0.5029999923706054,RightFoot,OpenPlay,None,2025-09-13 14:00:00,Newcastle United,Wolverhampton Wanderers,2025
28809,Nick Woltemade,8117,Newcastle United,home,15,MissedShots,0.048371315002441406,0.925,0.5309999847412109,Head,FromCorner,Aerial,2025-09-13 14:00:00,Newcastle United,Wolverhampton Wanderers,2025
28809,Nick Woltemade,8117,Newcastle United,home,24,BlockedShot,0.02996467426419258,0.860999984741211,0.34,RightFoot,OpenPlay,HeadPass,2025-09-13 14:00:00,Newcastle United,Wolverhampton Wanderers,2025
28809,Dan Burn,7382,Newcastle United,home,27,BlockedShot,0.024346500635147095,0.9080000305175782,0.5379999923706055,Head,FromCorner,Aerial,2025-09-13 14:00:00,Newcastle United,Wolverhampton Wanderers,2025
28809,Nick Woltemade,8117,Newcastle United,home,29,Goal,0.08534660935401917,0.9459999847412109,0.55,Head,OpenPlay,Aerial,2025-09-13 14:00:00,Newcastle United,Wolverhampton Wanderers,2025
28809,Harvey Barnes,6681,Newcastle United,home,36,BlockedShot,0.032908760011196136,0.8330000305175781,0.7419999694824219,RightFoot,OpenPlay,Pass,2025-09-13 14:00:00,Newcastle United,Wolverhampton Wanderers,2025
28809,Jacob Murphy,6063,Newcastle United,home,42,MissedShots,0.030443387106060982,0.7619999694824219,0.3890000152587891,RightFoot,OpenPlay,Pass,2025-09-13 14:00:00,Newcastle United,Wolverhampton Wanderers,2025
28809,Jacob Murphy,6063,Newcastle United,home,48,BlockedShot,0.03931630030274391,0.7659999847412109,0.47400001525878904,LeftFoot,OpenPlay,None,2025-09-13 14:00:00,Newcastle United,Wolverhampton Wanderers,2025
28809,Sandro Tonali,7958,Newcastle United,home,49,ShotOnPost,0.03023167885839939,0.774000015258789,0.4929999923706055,LeftFoot,OpenPlay,Rebound,2025-09-13 14:00:00,Newcastle United,Wolverhampton Wanderers,2025
28809,Sandro Tonali,7958,Newcastle United,home,49,SavedShot,0.022709323093295097,0.830999984741211,0.48900001525878906,RightFoot,FromCorner,Aerial,2025-09-13 14:00:00,Newcastle United,Wolverhampton Wanderers,2025
28809,Sandro Tonali,7958,Newcastle United,home,50,SavedShot,0.035368550568819046,0.85,0.3659999847412109,RightFoot,FromCorner,Cross,2025-09-13 14:00:00,Newcastle United,Wolverhampton Wanderers,2025
28809,Harvey Barnes,6681,Newcastle United,home,73,MissedShots,0.032171860337257385,0.79,0.6090000152587891,RightFoot,OpenPlay,Pass,2025-09-13 14:00:00,Newcastle United,Wolverhampton Wanderers,2025
28809,Joe Willock,6630,Newcastle United,home,84,MissedShots,0.05826233699917793,0.88,0.37,LeftFoot,SetPiece,HeadPass,2025-09-13 14:00:00,Newcastle United,Wolverhampton Wanderers,2025
28809,Bruno Guimarães,8327,Newcastle United,home,96,BlockedShot,0.060651179403066635,0.799000015258789,0.5070000076293946,RightFoot,OpenPlay,BallTouch,2025-09-13 14:00:00,Newcastle United,Wolverhampton Wanderers,2025
28809,Rodrigo Gomes,12756,Wolverhampton Wanderers,away,0,SavedShot,0.01985236071050167,0.8830000305175781,0.6819999694824219,RightFoot,OpenPlay,Aerial,2025-09-13 14:00:00,Newcastle United,Wolverhampton Wanderers,2025
28809,Hee-Chan Hwang,8845,Wolverhampton Wanderers,away,0,SavedShot,0.04107072204351425,0.8569999694824219,0.6409999847412109,LeftFoot,FromCorner,None,2025-09-13 14:00:00,Newcastle United,Wolverhampton Wanderers,2025
28809,Rodrigo Gomes,12756,Wolverhampton Wanderers,away,10,MissedShots,0.07214269042015076,0.9019999694824219,0.675,RightFoot,OpenPlay,TakeOn,2025-09-13 14:00:00,Newcastle United,Wolverhampton Wanderers,2025
28809,Toti,10293,Wolverhampton Wanderers,away,18,SavedShot,0.010645215399563313,0.915,0.6509999847412109,Head,FromCorner,Aerial,2025-09-13 14:00:00,Newcastle United,Wolverhampton Wanderers,2025
28809,Hee-Chan Hwang,8845,Wolverhampton Wanderers,away,38,MissedShots,0.05461355298757553,0.9590000152587891,0.3970000076293945,Head,OpenPlay,Cross,2025-09-13 14:00:00,Newcastle United,Wolverhampton Wanderers,2025
28809,Rodrigo Gomes,12756,Wolverhampton Wanderers,away,40,MissedShots,0.06368297338485718,0.9119999694824219,0.44,Head,OpenPlay,Cross,2025-09-13 14:00:00,Newcastle United,Wolverhampton Wanderers,2025
28809,Jean-Ricner Bellegarde,7762,Wolverhampton Wanderers,away,88,BlockedShot,0.051015447825193405,0.7480000305175781,0.3579999923706055,RightFoot,DirectFreekick,Standard,2025-09-13 14:00:00,Newcastle United,Wolverhampton Wanderers,2025
28809,Jhon Arias,13741,Wolverhampton Wanderers,away,90,BlockedShot,0.062919020652771,0.9390000152587891,0.325,RightFoot,OpenPlay,Pass,2025-09-13 14:00:00,Newcastle United,Wolverhampton Wanderers,2025
28810,Alex Scott,12149,Bournemouth,home,17,Goal,0.05486525595188141,0.8119999694824219,0.4379999923706055,LeftFoot,OpenPlay,Pass,2025-09-13 14:00:00,Bournemouth,Brighton,2025
28810,David Brooks,6820,Bournemouth,home,25,BlockedShot,0.06701014190912247,0.87,0.5929999923706055,RightFoot,OpenPlay,Chipped,2025-09-13 14:00:00,Bournemouth,Brighton,2025
28810,Evanilson,12963,Bournemouth,home,25,MissedShots,0.04853740707039833,0.874000015258789,0.47400001525878904,Head,OpenPlay,Cross,2025-09-13 14:00:00,Bournemouth,Brighton,2025
28810,Antoine Semenyo,11363,Bournemouth,home,35,MissedShots,0.07956228405237198,0.904000015258789,0.32599998474121095,RightFoot,OpenPlay,Pass,2025-09-13 14:00:00,Bournemouth,Brighton,2025
28810,Evanilson,12963,Bournemouth,home,47,SavedShot,0.033230289816856384,0.865999984741211,0.4590000152587891,Head,OpenPlay,Cross,2025-09-13 14:00:00,Bournemouth,Brighton,2025
28810,Evanilson,12963,Bournemouth,home,47,BlockedShot,0.09722869843244553,0.860999984741211,0.44,RightFoot,OpenPlay,BallRecovery,2025-09-13 14:00:00,Bournemouth,Brighton,2025
28810,David Brooks,6820,Bournemouth,home,47,MissedShots,0.04584584757685661,0.7390000152587891,0.649000015258789,LeftFoot,DirectFreekick,Standard,2025-09-13 14:00:00,Bournemouth,Brighton,2025
28810,Antoine Semenyo,11363,Bournemouth,home,60,Goal,0.7611688375473022,0.885,0.5,RightFoot,Penalty,Standard,2025-09-13 14:00:00,Bournemouth,Brighton,2025
28810,Marcus Tavernier,10741,Bournemouth,home,65,MissedShots,0.0393516980111599,0.8090000152587891,0.5,LeftFoot,FromCorner,Pass,2025-09-13 14:00:00,Bournemouth,Brighton,2025
28810,Amine Adli,8211,Bournemouth,home,74,SavedShot,0.048346079885959625,0.7419999694824219,0.36,LeftFoot,DirectFreekick,Standard,2025-09-13 14:00:00,Bournemouth,Brighton,2025
28810,Justin Kluivert,6963,Bournemouth,home,77,BlockedShot,0.06551827490329742,0.81,0.5379999923706055,RightFoot,OpenPlay,Pass,2025-09-13 14:00:00,Bournemouth,Brighton,2025
28810,Justin Kluivert,6963,Bournemouth,home,80,BlockedShot,0.03533139452338219,0.8219999694824218,0.7119999694824218,RightFoot,OpenPlay,Pass,2025-09-13 14:00:00,Bournemouth,Brighton,2025
28810,James Hill,10747,Bournemouth,home,84,SavedShot,0.06587860733270645,0.9540000152587891,0.44299999237060544,Head,FromCorner,Aerial,2025-09-13 14:00:00,Bournemouth,Brighton,2025
28810,Yankuba Minteh,12759,Brighton,away,39,SavedShot,0.2618991434574127,0.935,0.31799999237060544,RightFoot,OpenPlay,Chipped,2025-09-13 14:00:00,Bournemouth,Brighton,2025
28810,Kaoru Mitoma,10806,Brighton,away,47,Goal,0.16583633422851562,0.9740000152587891,0.5940000152587891,Head,OpenPlay,Cross,2025-09-13 14:00:00,Bournemouth,Brighton,2025
28810,Yankuba Minteh,12759,Brighton,away,53,BlockedShot,0.05745750293135643,0.9430000305175781,0.2989999961853027,LeftFoot,OpenPlay,TakeOn,2025-09-13 14:00:00,Bournemouth,Brighton,2025
28810,Danny Welbeck,501,Brighton,away,54,MissedShots,0.08615773916244507,0.8880000305175781,0.45,RightFoot,FromCorner,None,2025-09-13 14:00:00,Bournemouth,Brighton,2025
28810,Yankuba Minteh,12759,Brighton,away,79,BlockedShot,0.030177410691976547,0.860999984741211,0.27100000381469724,LeftFoot,SetPiece,TakeOn,2025-09-13 14:00:00,Bournemouth,Brighton,2025
28810,Carlos Baleba,10527,Brighton,away,85,MissedShots,0.023395296186208725,0.76,0.4929999923706055,LeftFoot,OpenPlay,None,2025-09-13 14:00:00,Bournemouth,Brighton,2025
28811,Jefferson Lerma,2182,Crystal Palace,home,8,MissedShots,0.015649624168872833,0.77,0.7230000305175781,RightFoot,OpenPlay,Pass,2025-09-13 14:00:00,Crystal Palace,Sunderland,2025
28811,Yeremi Pino,9024,Crystal Palace,home,19,MissedShots,0.022644711658358574,0.7680000305175781,0.3170000076293945,RightFoot,OpenPlay,Pass,2025-09-13 14:00:00,Crystal Palace,Sunderland,2025
28811,Yeremi Pino,9024,Crystal Palace,home,35,MissedShots,0.3241446316242218,0.8530000305175781,0.4620000076293945,RightFoot,OpenPlay,Throughball,2025-09-13 14:00:00,Crystal Palace,Sunderland,2025
28811,Jean-Philippe Mateta,5735,Crystal Palace,home,49,SavedShot,0.10853661596775055,0.9430000305175781,0.5829999923706055,RightFoot,OpenPlay,Cross,2025-09-13 14:00:00,Crystal Palace,Sunderland,2025
28811,Yeremi Pino,9024,Crystal Palace,home,49,BlockedShot,0.3980400860309601,0.91,0.5570000076293945,RightFoot,OpenPlay,Rebound,2025-09-13 14:00:00,Crystal Palace,Sunderland,2025
28811,Daichi Kamada,6145,Crystal Palace,home,71,SavedShot,0.03141447901725769,0.8119999694824219,0.66,RightFoot,OpenPlay,None,2025-09-13 14:00:00,Crystal Palace,Sunderland,2025
28811,Daniel Muñoz,12408,Crystal Palace,home,77,BlockedShot,0.018717065453529358,0.76,0.33599998474121096,RightFoot,OpenPlay,Pass,2025-09-13 14:00:00,Crystal Palace,Sunderland,2025
28811,Jean-Philippe Mateta,5735,Crystal Palace,home,78,SavedShot,0.562492847442627,0.9259999847412109,0.4979999923706055,LeftFoot,OpenPlay,None,2025-09-13 14:00:00,Crystal Palace,Sunderland,2025
28811,Christantus Uche,12726,Crystal Palace,home,87,SavedShot,0.06011005491018295,0.9209999847412109,0.32799999237060545,RightFoot,SetPiece,HeadPass,2025-09-13 14:00:00,Crystal Palace,Sunderland,2025
28811,Daichi Kamada,6145,Crystal Palace,home,87,SavedShot,0.016900397837162018,0.7719999694824219,0.3940000152587891,RightFoot,SetPiece,Rebound,2025-09-13 14:00:00,Crystal Palace,Sunderland,2025
28811,Chris Richards,8430,Crystal Palace,home,89,BlockedShot,0.08138538897037506,0.9540000152587891,0.5170000076293946,Head,FromCorner,Aerial,2025-09-13 14:00:00,Crystal Palace,Sunderland,2025
28811,Will Hughes,6104,Crystal Palace,home,91,BlockedShot,0.04396381601691246,0.7980000305175782,0.505,RightFoot,OpenPlay,None,2025-09-13 14:00:00,Crystal Palace,Sunderland,2025
28811,Marc Guehi,7603,Crystal Palace,home,92,MissedShots,0.02337864227592945,0.905,0.555,Head,FromCorner,Aerial,2025-09-13 14:00:00,Crystal Palace,Sunderland,2025
28811,Daniel Muñoz,12408,Crystal Palace,home,94,SavedShot,0.09489134699106216,0.9730000305175781,0.5870000076293945,LeftFoot,OpenPlay,HeadPass,2025-09-13 14:00:00,Crystal Palace,Sunderland,2025
28811,Noah Sadiki,13716,Sunderland,away,14,MissedShots,0.03912274166941643,0.9340000152587891,0.6790000152587891,LeftFoot,SetPiece,Pass,2025-09-13 14:00:00,Crystal Palace,Sunderland,2025
28811,Wilson Isidor,7148,Sunderland,away,15,MissedShots,0.0347789041697979,0.8419999694824218,0.43599998474121093,RightFoot,OpenPlay,Cross,2025-09-13 14:00:00,Crystal Palace,Sunderland,2025
28811,Chemsdine Talbi,13717,Sunderland,away,40,BlockedShot,0.10243286937475204,0.9359999847412109,0.41900001525878905,RightFoot,OpenPlay,Cross,2025-09-13 14:00:00,Crystal Palace,Sunderland,2025
28811,Wilson Isidor,7148,Sunderland,away,55,BlockedShot,0.030397489666938782,0.9519999694824218,0.23700000762939452,RightFoot,OpenPlay,Pass,2025-09-13 14:00:00,Crystal Palace,Sunderland,2025
28811,Wilson Isidor,7148,Sunderland,away,57,MissedShots,0.12114540487527847,0.9009999847412109,0.43,RightFoot,OpenPlay,Pass,2025-09-13 14:00:00,Crystal Palace,Sunderland,2025
28811,Habib Diarra,9767,Sunderland,away,70,MissedShots,0.026251330971717834,0.7869999694824219,0.36,LeftFoot,OpenPlay,Pass,2025-09-13 14:00:00,Crystal Palace,Sunderland,2025
28812,Beto,9983,Everton,home,1,MissedShots,0.15289561450481415,0.8980000305175782,0.4979999923706055,RightFoot,OpenPlay,Pass,2025-09-13 14:00:00,Everton,Aston Villa,2025
28812,Idrissa Gueye,668,Everton,home,7,MissedShots,0.05689322203397751,0.815,0.524000015258789,RightFoot,OpenPlay,Pass,2025-09-13 14:00:00,Everton,Aston Villa,2025
28812,Michael Keane,1653,Everton,home,10,MissedShots,0.05495233088731766,0.9130000305175782,0.4979999923706055,Head,SetPiece,Aerial,2025-09-13 14:00:00,Everton,Aston Villa,2025
28812,Beto,9983,Everton,home,15,BlockedShot,0.097673699259758,0.8909999847412109,0.5120000076293946,RightFoot,OpenPlay,HeadPass,2025-09-13 14:00:00,Everton,Aston Villa,2025
28812,Jack Grealish,675,Everton,home,15,SavedShot,0.07919476926326752,0.8530000305175781,0.544000015258789,RightFoot,OpenPlay,BallTouch,2025-09-13 14:00:00,Everton,Aston Villa,2025
28812,Beto,9983,Everton,home,31,BlockedShot,0.1694575995206833,0.9630000305175781,0.5070000076293946,Head,OpenPlay,Aerial,2025-09-13 14:00:00,Everton,Aston Villa,2025
28812,Michael Keane,1653,Everton,home,32,MissedShots,0.3184798061847687,0.970999984741211,0.5609999847412109,Head,FromCorner,Aerial,2025-09-13 14:00:00,Everton,Aston Villa,2025
28812,Jack Grealish,675,Everton,home,39,BlockedShot,0.020058663561940193,0.9109999847412109,0.7369999694824219,RightFoot,OpenPlay,Cross,2025-09-13 14:00:00,Everton,Aston Villa,2025
28812,Idrissa Gueye,668,Everton,home,43,MissedShots,0.016052626073360443,0.7390000152587891,0.6780000305175782,RightFoot,FromCorner,Pass,2025-09-13 14:00:00,Everton,Aston Villa,2025
28812,Beto,9983,Everton,home,47,MissedShots,0.10211174935102463,0.9059999847412109,0.5109999847412109,RightFoot,OpenPlay,Cross,2025-09-13 14:00:00,Everton,Aston Villa,2025
28812,Jake O&#039;Brien,12014,Everton,home,61,BlockedShot,0.047719068825244904,0.8590000152587891,0.3290000152587891,RightFoot,OpenPlay,None,2025-09-13 14:00:00,Everton,Aston Villa,2025
28812,Tim Iroegbunam,9554,Everton,home,61,BlockedShot,0.014639721252024174,0.76,0.34,RightFoot,OpenPlay,Rebound,2025-09-13 14:00:00,Everton,Aston Villa,2025
28812,Michael Keane,1653,Everton,home,71,SavedShot,0.06211274489760399,0.9180000305175782,0.5940000152587891,Head,SetPiece,Cross,2025-09-13 14:00:00,Everton,Aston Villa,2025
28812,Merlin Röhl,11331,Everton,home,84,MissedShots,0.018728220835328102,0.7340000152587891,0.47700000762939454,RightFoot,SetPiece,Pass,2025-09-13 14:00:00,Everton,Aston Villa,2025
28812,Thierno Barry,12916,Everton,home,88,BlockedShot,0.08966526389122009,0.8909999847412109,0.6759999847412109,LeftFoot,OpenPlay,Pass,2025-09-13 14:00:00,Everton,Aston Villa,2025
28812,Kiernan Dewsbury-Hall,9739,Everton,home,88,BlockedShot,0.04020765796303749,0.8340000152587891,0.5790000152587891,LeftFoot,FromCorner,Pass,2025-09-13 14:00:00,Everton,Aston Villa,2025
28812,James Garner,7438,Everton,home,89,BlockedShot,0.033003758639097214,0.835999984741211,0.644000015258789,RightFoot,FromCorner,Pass,2025-09-13 14:00:00,Everton,Aston Villa,2025
28812,Iliman Ndiaye,9307,Everton,home,89,BlockedShot,0.023306213319301605,0.8019999694824219,0.36,LeftFoot,FromCorner,BallTouch,2025-09-13 14:00:00,Everton,Aston Villa,2025
28812,Michael Keane,1653,Everton,home,90,MissedShots,0.4606477618217468,0.9319999694824219,0.515,Head,OpenPlay,Cross,2025-09-13 14:00:00,Everton,Aston Villa,2025
28812,Thierno Barry,12916,Everton,home,93,MissedShots,0.03559846803545952,0.8859999847412109,0.4759999847412109,Head,OpenPlay,Aerial,2025-09-13 14:00:00,Everton,Aston Villa,2025
28812,Emiliano Buendía,2203,Aston Villa,away,23,MissedShots,0.010297061875462532,0.664000015258789,0.4329999923706055,RightFoot,OpenPlay,BallRecovery,2025-09-13 14:00:00,Everton,Aston Villa,2025
28812,Morgan Rogers,12412,Aston Villa,away,35,SavedShot,0.061500489711761475,0.8109999847412109,0.49700000762939456,RightFoot,OpenPlay,Pass,2025-09-13 14:00:00,Everton,Aston Villa,2025
28812,Lucas Digne,1823,Aston Villa,away,46,BlockedShot,0.05105186998844147,0.735999984741211,0.5879999923706055,LeftFoot,DirectFreekick,Standard,2025-09-13 14:00:00,Everton,Aston Villa,2025
28812,Emiliano Buendía,2203,Aston Villa,away,49,BlockedShot,0.025294044986367226,0.78,0.38799999237060545,RightFoot,OpenPlay,None,2025-09-13 14:00:00,Everton,Aston Villa,2025
28812,Tyrone Mings,1024,Aston Villa,away,54,BlockedShot,0.13126161694526672,0.96,0.5420000076293945,Head,FromCorner,Cross,2025-09-13 14:00:00,Everton,Aston Villa,2025
28812,Lucas Digne,1823,Aston Villa,away,54,BlockedShot,0.017628788948059082,0.8730000305175781,0.7030000305175781,LeftFoot,FromCorner,Aerial,2025-09-13 14:00:00,Everton,Aston Villa,2025
28812,Emiliano Buendía,2203,Aston Villa,away,58,BlockedShot,0.0572931282222271,0.8469999694824218,0.5209999847412109,RightFoot,OpenPlay,Cross,2025-09-13 14:00:00,Everton,Aston Villa,2025
28813,Harry Wilson,5596,Fulham,home,57,SavedShot,0.07876777648925781,0.7709999847412109,0.43,LeftFoot,DirectFreekick,Standard,2025-09-13 14:00:00,Fulham,Leeds,2025
28813,Rodrigo Muniz,10717,Fulham,home,69,SavedShot,0.408113569021225,0.92,0.545,Head,OpenPlay,Aerial,2025-09-13 14:00:00,Fulham,Leeds,2025
28813,Sasa Lukic,1537,Fulham,home,82,MissedShots,0.5987980365753174,0.9540000152587891,0.5309999847412109,RightFoot,OpenPlay,HeadPass,2025-09-13 14:00:00,Fulham,Leeds,2025
28813,Adama Traoré,900,Fulham,home,84,MissedShots,0.03330588713288307,0.89,0.44599998474121094,Head,OpenPlay,Aerial,2025-09-13 14:00:00,Fulham,Leeds,2025
28813,Kevin,14030,Fulham,home,93,SavedShot,0.020808398723602295,0.81,0.705999984741211,RightFoot,OpenPlay,Pass,2025-09-13 14:00:00,Fulham,Leeds,2025
28813,Dominic Calvert-Lewin,5555,Leeds,away,15,SavedShot,0.06038069725036621,0.919000015258789,0.534000015258789,Head,FromCorner,Chipped,2025-09-13 14:00:00,Fulham,Leeds,2025
28813,Anton Stach,9910,Leeds,away,29,BlockedShot,0.046400513499975204,0.845999984741211,0.6569999694824219,LeftFoot,OpenPlay,None,2025-09-13 14:00:00,Fulham,Leeds,2025
28813,Jayden Bogle,9205,Leeds,away,34,BlockedShot,0.03432764112949371,0.8669999694824219,0.28600000381469726,RightFoot,OpenPlay,TakeOn,2025-09-13 14:00:00,Fulham,Leeds,2025
28813,Sean Longstaff,7078,Leeds,away,42,ShotOnPost,0.037609655410051346,0.8180000305175781,0.549000015258789,RightFoot,OpenPlay,HeadPass,2025-09-13 14:00:00,Fulham,Leeds,2025
28813,Brenden Aaronson,10751,Leeds,away,47,SavedShot,0.3879980444908142,0.92,0.600999984741211,RightFoot,OpenPlay,Pass,2025-09-13 14:00:00,Fulham,Leeds,2025
28813,Noah Okafor,11966,Leeds,away,52,BlockedShot,0.08090850710868835,0.9130000305175782,0.6370000076293946,LeftFoot,OpenPlay,Dispossessed,2025-09-13 14:00:00,Fulham,Leeds,2025
28813,Noah Okafor,11966,Leeds,away,52,MissedShots,0.08985226601362228,0.9340000152587891,0.6090000152587891,LeftFoot,OpenPlay,None,2025-09-13 14:00:00,Fulham,Leeds,2025
28813,Jayden Bogle,9205,Leeds,away,54,SavedShot,0.05580814182758331,0.7930000305175782,0.33099998474121095,RightFoot,OpenPlay,BallRecovery,2025-09-13 14:00:00,Fulham,Leeds,2025
28813,Anton Stach,9910,Leeds,away,74,BlockedShot,0.017342116683721542,0.9319999694824219,0.725,LeftFoot,OpenPlay,Aerial,2025-09-13 14:00:00,Fulham,Leeds,2025
28813,Anton Stach,9910,Leeds,away,76,MissedShots,0.019769959151744843,0.764000015258789,0.385,RightFoot,OpenPlay,None,2025-09-13 14:00:00,Fulham,Leeds,2025
28813,Gabriel Gudmundsson,9944,Leeds,away,93,OwnGoal,0.0,0.09899999618530274,0.45099998474121095,Head,FromCorner,CornerAwarded,2025-09-13 14:00:00,Fulham,Leeds,2025
28814,Lucas Paquetá,7365,West Ham,home,13,MissedShots,0.13077595829963684,0.9,0.5359999847412109,LeftFoot,OpenPlay,Pass,2025-09-13 16:30:00,West Ham,Tottenham,2025
28814,Tomas Soucek,8288,West Ham,home,21,SavedShot,0.009753167629241943,0.955,0.3189999961853027,Head,FromCorner,Cross,2025-09-13 16:30:00,West Ham,Tottenham,2025
28814,Jarrod Bowen,1776,West Ham,home,45,MissedShots,0.01826786994934082,0.74,0.505,LeftFoot,OpenPlay,Pass,2025-09-13 16:30:00,West Ham,Tottenham,2025
28814,Jarrod Bowen,1776,West Ham,home,48,SavedShot,0.05773388221859932,0.8490000152587891,0.519000015258789,LeftFoot,OpenPlay,TakeOn,2025-09-13 16:30:00,West Ham,Tottenham,2025
28814,El Hadji Malick Diouf,13723,West Ham,home,49,SavedShot,0.03183525800704956,0.8480000305175781,0.534000015258789,Head,FromCorner,None,2025-09-13 16:30:00,West Ham,Tottenham,2025
28814,Max Kilman,7332,West Ham,home,52,MissedShots,0.4949305057525635,0.9640000152587891,0.55,Head,SetPiece,Aerial,2025-09-13 16:30:00,West Ham,Tottenham,2025
28814,Jarrod Bowen,1776,West Ham,home,68,SavedShot,0.04995102062821388,0.8859999847412109,0.28299999237060547,LeftFoot,OpenPlay,Pass,2025-09-13 16:30:00,West Ham,Tottenham,2025
28814,Mohammed Kudus,12027,Tottenham,away,0,BlockedShot,0.03891247138381004,0.8490000152587891,0.315,RightFoot,OpenPlay,None,2025-09-13 16:30:00,West Ham,Tottenham,2025
28814,Xavi Simons,8700,Tottenham,away,17,MissedShots,0.02330196090042591,0.7819999694824219,0.634000015258789,RightFoot,OpenPlay,Chipped,2025-09-13 16:30:00,West Ham,Tottenham,2025
28814,Pape Sarr,9021,Tottenham,away,37,BlockedShot,0.07163672894239426,0.9640000152587891,0.44299999237060544,Head,FromCorner,Aerial,2025-09-13 16:30:00,West Ham,Tottenham,2025
28814,Cristian Romero,7218,Tottenham,away,42,SavedShot,0.10526277869939804,0.945,0.415,LeftFoot,FromCorner,None,2025-09-13 16:30:00,West Ham,Tottenham,2025
28814,Pape Sarr,9021,Tottenham,away,46,Goal,0.23158390820026398,0.9740000152587891,0.41700000762939454,Head,FromCorner,Cross,2025-09-13 16:30:00,West Ham,Tottenham,2025
28814,Mathys Tel,9780,Tottenham,away,50,BlockedShot,0.022355901077389717,0.769000015258789,0.705999984741211,RightFoot,OpenPlay,BallRecovery,2025-09-13 16:30:00,West Ham,Tottenham,2025
28814,Lucas Bergvall,12912,Tottenham,away,56,Goal,0.21987707912921906,0.9080000305175782,0.5709999847412109,Head,OpenPlay,Chipped,2025-09-13 16:30:00,West Ham,Tottenham,2025
28814,João Palhinha,10715,Tottenham,away,59,MissedShots,0.029265418648719788,0.975999984741211,0.415,Head,FromCorner,Aerial,2025-09-13 16:30:00,West Ham,Tottenham,2025
28814,Micky van de Ven,10050,Tottenham,away,63,Goal,0.06834226846694946,0.8819999694824219,0.45299999237060545,RightFoot,FromCorner,BallTouch,2025-09-13 16:30:00,West Ham,Tottenham,2025
28814,Mohammed Kudus,12027,Tottenham,away,66,MissedShots,0.05813427269458771,0.8119999694824219,0.47900001525878905,LeftFoot,OpenPlay,None,2025-09-13 16:30:00,West Ham,Tottenham,2025
28814,João Palhinha,10715,Tottenham,away,73,BlockedShot,0.028478236868977547,0.7880000305175782,0.63,RightFoot,OpenPlay,Pass,2025-09-13 16:30:00,West Ham,Tottenham,2025
28814,Mohammed Kudus,12027,Tottenham,away,90,SavedShot,0.4398770332336426,0.9180000305175782,0.47,RightFoot,OpenPlay,Cross,2025-09-13 16:30:00,West Ham,Tottenham,2025
28814,Mohammed Kudus,12027,Tottenham,away,92,BlockedShot,0.12657597661018372,0.9180000305175782,0.5570000076293945,LeftFoot,OpenPlay,BallTouch,2025-09-13 16:30:00,West Ham,Tottenham,2025
28814,João Palhinha,10715,Tottenham,away,94,MissedShots,0.05041293799877167,0.9640000152587891,0.3990000152587891,Head,FromCorner,Cross,2025-09-13 16:30:00,West Ham,Tottenham,2025
28815,Kevin Schade,9156,Brentford,home,5,BlockedShot,0.14841710031032562,0.8919999694824219,0.5520000076293945,RightFoot,OpenPlay,Pass,2025-09-13 19:00:00,Brentford,Chelsea,2025
28815,Kevin Schade,9156,Brentford,home,5,MissedShots,0.03294559568166733,0.8830000305175781,0.534000015258789,Head,FromCorner,Chipped,2025-09-13 19:00:00,Brentford,Chelsea,2025
28815,Kevin Schade,9156,Brentford,home,34,Goal,0.12247287482023239,0.889000015258789,0.595,RightFoot,OpenPlay,Chipped,2025-09-13 19:00:00,Brentford,Chelsea,2025
28815,Kevin Schade,9156,Brentford,home,61,SavedShot,0.0486978180706501,0.8440000152587891,0.4859999847412109,RightFoot,OpenPlay,HeadPass,2025-09-13 19:00:00,Brentford,Chelsea,2025
28815,Rico Henry,9679,Brentford,home,76,MissedShots,0.08716833591461182,0.9080000305175782,0.5620000076293945,LeftFoot,FromCorner,HeadPass,2025-09-13 19:00:00,Brentford,Chelsea,2025
28815,Kristoffer Ajer,9677,Brentford,home,88,SavedShot,0.08690817654132843,0.9130000305175782,0.4859999847412109,Head,FromCorner,Cross,2025-09-13 19:00:00,Brentford,Chelsea,2025
28815,Fabio Carvalho,9501,Brentford,home,92,Goal,0.6487218737602234,0.975,0.4620000076293945,RightFoot,OpenPlay,HeadPass,2025-09-13 19:00:00,Brentford,Chelsea,2025
28815,João Pedro,8272,Chelsea,away,4,BlockedShot,0.10635886341333389,0.8669999694824219,0.5359999847412109,LeftFoot,OpenPlay,Pass,2025-09-13 19:00:00,Brentford,Chelsea,2025
28815,Trevoh Chalobah,6615,Chelsea,away,14,MissedShots,0.027894023805856705,0.865999984741211,0.53,Head,SetPiece,Cross,2025-09-13 19:00:00,Brentford,Chelsea,2025
28815,Trevoh Chalobah,6615,Chelsea,away,40,MissedShots,0.018075326457619667,0.7280000305175781,0.5640000152587891,RightFoot,OpenPlay,Pass,2025-09-13 19:00:00,Brentford,Chelsea,2025
28815,Jamie Bynoe-Gittens,10542,Chelsea,away,42,SavedShot,0.019906282424926758,0.765,0.6730000305175782,RightFoot,OpenPlay,Pass,2025-09-13 19:00:00,Brentford,Chelsea,2025
28815,Enzo Fernández,11356,Chelsea,away,44,BlockedShot,0.06262177973985672,0.8809999847412109,0.67,LeftFoot,OpenPlay,Pass,2025-09-13 19:00:00,Brentford,Chelsea,2025
28815,Tyrique George,12573,Chelsea,away,50,SavedShot,0.03347869962453842,0.8880000305175781,0.2620000076293945,RightFoot,OpenPlay,Pass,2025-09-13 19:00:00,Brentford,Chelsea,2025
28815,Marc Cucurella,7134,Chelsea,away,53,SavedShot,0.04027736932039261,0.84,0.6519999694824219,RightFoot,OpenPlay,Pass,2025-09-13 19:00:00,Brentford,Chelsea,2025
28815,Reece James,8067,Chelsea,away,59,BlockedShot,0.015657218173146248,0.75,0.505,LeftFoot,OpenPlay,TakeOn,2025-09-13 19:00:00,Brentford,Chelsea,2025
28815,Cole Palmer,8497,Chelsea,away,60,Goal,0.07754337042570114,0.9,0.48,LeftFoot,OpenPlay,BallTouch,2025-09-13 19:00:00,Brentford,Chelsea,2025
28815,Cole Palmer,8497,Chelsea,away,64,BlockedShot,0.0318642295897007,0.685,0.5890000152587891,LeftFoot,DirectFreekick,Standard,2025-09-13 19:00:00,Brentford,Chelsea,2025
28815,Cole Palmer,8497,Chelsea,away,64,BlockedShot,0.012451309710741043,0.725999984741211,0.575999984741211,LeftFoot,SetPiece,Rebound,2025-09-13 19:00:00,Brentford,Chelsea,2025
28815,Pedro Neto,6382,Chelsea,away,66,BlockedShot,0.07125579565763474,0.915,0.35400001525878905,LeftFoot,OpenPlay,TakeOn,2025-09-13 19:00:00,Brentford,Chelsea,2025
28815,Pedro Neto,6382,Chelsea,away,71,BlockedShot,0.01535288617014885,0.8480000305175781,0.6559999847412109,LeftFoot,FromCorner,HeadPass,2025-09-13 19:00:00,Brentford,Chelsea,2025
28815,Cole Palmer,8497,Chelsea,away,74,SavedShot,0.09508585184812546,0.8490000152587891,0.485,LeftFoot,OpenPlay,Pass,2025-09-13 19:00:00,Brentford,Chelsea,2025
28815,Moisés Caicedo,9453,Chelsea,away,84,Goal,0.04658273607492447,0.805,0.514000015258789,RightFoot,OpenPlay,None,2025-09-13 19:00:00,Brentford,Chelsea,2025
28815,Cole Palmer,8497,Chelsea,away,95,MissedShots,0.08198987692594528,0.8809999847412109,0.6229999923706054,LeftFoot,OpenPlay,Pass,2025-09-13 19:00:00,Brentford,Chelsea,2025
28816,Jaidon Anthony,10746,Burnley,home,6,MissedShots,0.14699222147464752,0.81,0.515,RightFoot,OpenPlay,TakeOn,2025-09-14 13:00:00,Burnley,Liverpool,2025
28816,Hjalmar Ekdal,11704,Burnley,home,33,MissedShots,0.007637503556907177,0.879000015258789,0.3629999923706055,Head,SetPiece,Aerial,2025-09-14 13:00:00,Burnley,Liverpool,2025
28816,Josh Laurent,13728,Burnley,home,73,MissedShots,0.013411472551524639,0.764000015258789,0.355,RightFoot,SetPiece,None,2025-09-14 13:00:00,Burnley,Liverpool,2025
28816,Cody Gakpo,11296,Liverpool,away,4,MissedShots,0.023823529481887817,0.795,0.705999984741211,RightFoot,OpenPlay,Pass,2025-09-14 13:00:00,Burnley,Liverpool,2025
28816,Milos Kerkez,11709,Liverpool,away,8,MissedShots,0.0987921804189682,0.924000015258789,0.544000015258789,RightFoot,FromCorner,BallTouch,2025-09-14 13:00:00,Burnley,Liverpool,2025
28816,Ibrahima Konaté,6326,Liverpool,away,11,MissedShots,0.6393164992332458,0.98,0.5220000076293946,Head,FromCorner,Aerial,2025-09-14 13:00:00,Burnley,Liverpool,2025
28816,Florian Wirtz,8397,Liverpool,away,21,BlockedShot,0.05145777389407158,0.8069999694824219,0.445,RightFoot,OpenPlay,Pass,2025-09-14 13:00:00,Burnley,Liverpool,2025
28816,Cody Gakpo,11296,Liverpool,away,23,BlockedShot,0.05158913508057594,0.8690000152587891,0.685,RightFoot,OpenPlay,Pass,2025-09-14 13:00:00,Burnley,Liverpool,2025
28816,Ryan Gravenberch,10697,Liverpool,away,30,BlockedShot,0.04411753639578819,0.8030000305175782,0.5459999847412109,RightFoot,OpenPlay,None,2025-09-14 13:00:00,Burnley,Liverpool,2025
28816,Dominik Szoboszlai,9788,Liverpool,away,30,BlockedShot,0.014150264672935009,0.7819999694824219,0.2929999923706055,RightFoot,OpenPlay,Rebound,2025-09-14 13:00:00,Burnley,Liverpool,2025
28816,Andrew Robertson,1688,Liverpool,away,38,SavedShot,0.15037815272808075,0.865,0.5979999923706054,LeftFoot,OpenPlay,TakeOn,2025-09-14 13:00:00,Burnley,Liverpool,2025
28816,Hugo Ekitike,8995,Liverpool,away,39,MissedShots,0.05306900292634964,0.970999984741211,0.664000015258789,RightFoot,OpenPlay,TakeOn,2025-09-14 13:00:00,Burnley,Liverpool,2025
28816,Cody Gakpo,11296,Liverpool,away,41,BlockedShot,0.022505223751068115,0.7830000305175782,0.7040000152587891,RightFoot,OpenPlay,Pass,2025-09-14 13:00:00,Burnley,Liverpool,2025
28816,Ryan Gravenberch,10697,Liverpool,away,47,MissedShots,0.05093751102685928,0.8569999694824219,0.605999984741211,RightFoot,FromCorner,None,2025-09-14 13:00:00,Burnley,Liverpool,2025
28816,Conor Bradley,10120,Liverpool,away,48,BlockedShot,0.01457576360553503,0.87,0.4490000152587891,Head,OpenPlay,Aerial,2025-09-14 13:00:00,Burnley,Liverpool,2025
28816,Florian Wirtz,8397,Liverpool,away,54,MissedShots,0.08190401643514633,0.8669999694824219,0.6220000076293946,RightFoot,OpenPlay,Pass,2025-09-14 13:00:00,Burnley,Liverpool,2025
28816,Hugo Ekitike,8995,Liverpool,away,57,BlockedShot,0.06180001422762871,0.8080000305175781,0.5079999923706054,RightFoot,OpenPlay,TakeOn,2025-09-14 13:00:00,Burnley,Liverpool,2025
28816,Dominik Szoboszlai,9788,Liverpool,away,57,BlockedShot,0.039645060896873474,0.8440000152587891,0.355,RightFoot,OpenPlay,Rebound,2025-09-14 13:00:00,Burnley,Liverpool,2025
28816,Dominik Szoboszlai,9788,Liverpool,away,58,SavedShot,0.015561393462121487,0.7090000152587891,0.500999984741211,RightFoot,OpenPlay,Pass,2025-09-14 13:00:00,Burnley,Liverpool,2025
28816,Florian Wirtz,8397,Liverpool,away,61,BlockedShot,0.02584098093211651,0.7909999847412109,0.6220000076293946,RightFoot,OpenPlay,Pass,2025-09-14 13:00:00,Burnley,Liverpool,2025
28816,Ryan Gravenberch,10697,Liverpool,away,65,BlockedShot,0.01874399557709694,0.7130000305175781,0.58,RightFoot,OpenPlay,Pass,2025-09-14 13:00:00,Burnley,Liverpool,2025
28816,Dominik Szoboszlai,9788,Liverpool,away,66,BlockedShot,0.034806348383426666,0.7909999847412109,0.4829999923706055,RightFoot,OpenPlay,Pass,2025-09-14 13:00:00,Burnley,Liverpool,2025
28816,Federico Chiesa,1433,Liverpool,away,71,MissedShots,0.23407764732837677,0.9,0.47200000762939454,Head,OpenPlay,Cross,2025-09-14 13:00:00,Burnley,Liverpool,2025
28816,Dominik Szoboszlai,9788,Liverpool,away,74,MissedShots,0.02073691412806511,0.7819999694824219,0.325,LeftFoot,OpenPlay,Pass,2025-09-14 13:00:00,Burnley,Liverpool,2025
28816,Ryan Gravenberch,10697,Liverpool,away,79,BlockedShot,0.02150971256196499,0.8030000305175782,0.3220000076293945,RightFoot,OpenPlay,TakeOn,2025-09-14 13:00:00,Burnley,Liverpool,2025
28816,Cody Gakpo,11296,Liverpool,away,79,MissedShots,0.060515519231557846,0.925,0.4209999847412109,Head,FromCorner,Cross,2025-09-14 13:00:00,Burnley,Liverpool,2025
28816,Dominik Szoboszlai,9788,Liverpool,away,86,MissedShots,0.06967753171920776,0.7730000305175782,0.375,RightFoot,DirectFreekick,Standard,2025-09-14 13:00:00,Burnley,Liverpool,2025
28816,Cody Gakpo,11296,Liverpool,away,91,MissedShots,0.05777569115161896,0.905,0.4929999923706055,Head,OpenPlay,Chipped,2025-09-14 13:00:00,Burnley,Liverpool,2025
28816,Jeremie Frimpong,9328,Liverpool,away,92,SavedShot,0.0795217901468277,0.9019999694824219,0.34,RightFoot,OpenPlay,Pass,2025-09-14 13:00:00,Burnley,Liverpool,2025
28816,Mohamed Salah,1250,Liverpool,away,94,Goal,0.7611688375473022,0.885,0.5,LeftFoot,Penalty,Standard,2025-09-14 13:00:00,Burnley,Liverpool,2025
28817,Erling Haaland,8260,Manchester City,home,0,MissedShots,0.03976140543818474,0.9230000305175782,0.7280000305175781,LeftFoot,OpenPlay,None,2025-09-14 15:30:00,Manchester City,Manchester United,2025
28817,Phil Foden,6055,Manchester City,home,17,Goal,0.057905472815036774,0.9169999694824219,0.47,Head,OpenPlay,Chipped,2025-09-14 15:30:00,Manchester City,Manchester United,2025
28817,Tijjani Reijnders,11965,Manchester City,home,23,SavedShot,0.1384190022945404,0.8959999847412109,0.5420000076293945,RightFoot,OpenPlay,Pass,2025-09-14 15:30:00,Manchester City,Manchester United,2025
28817,Nico O&#039;Reilly,11592,Manchester City,home,38,MissedShots,0.05417587235569954,0.8,0.5770000076293945,RightFoot,OpenPlay,Pass,2025-09-14 15:30:00,Manchester City,Manchester United,2025
28817,Erling Haaland,8260,Manchester City,home,52,Goal,0.33433863520622253,0.93,0.64,LeftFoot,OpenPlay,Throughball,2025-09-14 15:30:00,Manchester City,Manchester United,2025
28817,Erling Haaland,8260,Manchester City,home,54,ShotOnPost,0.24343574047088623,0.950999984741211,0.575999984741211,LeftFoot,OpenPlay,TakeOn,2025-09-14 15:30:00,Manchester City,Manchester United,2025
28817,Bernardo Silva,3635,Manchester City,home,54,MissedShots,0.06499067693948746,0.9490000152587891,0.35,RightFoot,OpenPlay,Rebound,2025-09-14 15:30:00,Manchester City,Manchester United,2025
28817,Erling Haaland,8260,Manchester City,home,63,SavedShot,0.13467881083488464,0.8980000305175782,0.44799999237060545,LeftFoot,OpenPlay,Cross,2025-09-14 15:30:00,Manchester City,Manchester United,2025
28817,Erling Haaland,8260,Manchester City,home,67,Goal,0.4635861814022064,0.860999984741211,0.3890000152587891,LeftFoot,OpenPlay,Throughball,2025-09-14 15:30:00,Manchester City,Manchester United,2025
28817,Tijjani Reijnders,11965,Manchester City,home,74,MissedShots,0.2935310900211334,0.8959999847412109,0.34799999237060547,RightFoot,OpenPlay,Pass,2025-09-14 15:30:00,Manchester City,Manchester United,2025
28817,Tijjani Reijnders,11965,Manchester City,home,90,MissedShots,0.06633555889129639,0.965,0.6790000152587891,LeftFoot,OpenPlay,None,2025-09-14 15:30:00,Manchester City,Manchester United,2025
28817,Phil Foden,6055,Manchester City,home,93,MissedShots,0.12191330641508102,0.87,0.40799999237060547,RightFoot,OpenPlay,Pass,2025-09-14 15:30:00,Manchester City,Manchester United,2025
28817,Benjamin Sesko,11974,Manchester United,away,3,SavedShot,0.03495940566062927,0.7769999694824219,0.5129999923706055,LeftFoot,OpenPlay,Dispossessed,2025-09-14 15:30:00,Manchester City,Manchester United,2025
28817,Bryan Mbeumo,6552,Manchester United,away,60,SavedShot,0.022772084921598434,0.8869999694824219,0.3160000038146973,LeftFoot,OpenPlay,Cross,2025-09-14 15:30:00,Manchester City,Manchester United,2025
28817,Amad Diallo Traore,8127,Manchester United,away,72,BlockedShot,0.03941400349140167,0.935,0.3370000076293945,LeftFoot,OpenPlay,Cross,2025-09-14 15:30:00,Manchester City,Manchester United,2025
28817,Manuel Ugarte,11766,Manchester United,away,72,MissedShots,0.016685636714100838,0.7469999694824219,0.51,RightFoot,OpenPlay,Pass,2025-09-14 15:30:00,Manchester City,Manchester United,2025
28817,Bryan Mbeumo,6552,Manchester United,away,79,MissedShots,0.03856297954916954,0.9480000305175781,0.34200000762939453,RightFoot,OpenPlay,Cross,2025-09-14 15:30:00,Manchester City,Manchester United,2025
28817,Bryan Mbeumo,6552,Manchester United,away,81,MissedShots,0.012711523100733757,0.7609999847412109,0.355,LeftFoot,OpenPlay,None,2025-09-14 15:30:00,Manchester City,Manchester United,2025
28817,Amad Diallo Traore,8127,Manchester United,away,83,MissedShots,0.03871883079409599,0.9459999847412109,0.3129999923706055,RightFoot,OpenPlay,Chipped,2025-09-14 15:30:00,Manchester City,Manchester United,2025
28817,Bryan Mbeumo,6552,Manchester United,away,83,MissedShots,0.6350149512290955,0.9669999694824218,0.4540000152587891,LeftFoot,OpenPlay,Rebound,2025-09-14 15:30:00,Manchester City,Manchester United,2025
28817,Bruno Fernandes,1228,Manchester United,away,84,MissedShots,0.01749836467206478,0.8140000152587891,0.6120000076293945,LeftFoot,FromCorner,Aerial,2025-09-14 15:30:00,Manchester City,Manchester United,2025
28817,Casemiro,2248,Manchester United,away,84,MissedShots,0.4507070779800415,0.9690000152587891,0.41900001525878905,RightFoot,FromCorner,Rebound,2025-09-14 15:30:00,Manchester City,Manchester United,2025
28817,Patrick Dorgu,11944,Manchester United,away,85,MissedShots,0.1686217337846756,0.879000015258789,0.590999984741211,RightFoot,OpenPlay,TakeOn,2025-09-14 15:30:00,Manchester City,Manchester United,2025
28817,Casemiro,2248,Manchester United,away,91,BlockedShot,0.015268869698047638,0.74,0.4929999923706055,RightFoot,OpenPlay,Pass,2025-09-14 15:30:00,Manchester City,Manchester United,2025
28817,Patrick Dorgu,11944,Manchester United,away,92,MissedShots,0.06068973243236542,0.925,0.5670000076293945,Head,OpenPlay,Aerial,2025-09-14 15:30:00,Manchester City,Manchester United,2025
28818,Ryan Gravenberch,10697,Liverpool,home,9,Goal,0.06738808751106262,0.9019999694824219,0.34599998474121096,RightFoot,OpenPlay,Chipped,2025-09-20 11:30:00,Liverpool,Everton,2025
28818,Mohamed Salah,1250,Liverpool,home,15,MissedShots,0.05772396922111511,0.8530000305175781,0.3189999961853027,LeftFoot,OpenPlay,None,2025-09-20 11:30:00,Liverpool,Everton,2025
28818,Alexis Mac Allister,8379,Liverpool,home,18,BlockedShot,0.0890515074133873,0.85,0.5559999847412109,LeftFoot,OpenPlay,Pass,2025-09-20 11:30:00,Liverpool,Everton,2025
28818,Conor Bradley,10120,Liverpool,home,18,BlockedShot,0.045539069920778275,0.8809999847412109,0.295,RightFoot,OpenPlay,Rebound,2025-09-20 11:30:00,Liverpool,Everton,2025
28818,Cody Gakpo,11296,Liverpool,home,23,MissedShots,0.1346806436777115,0.860999984741211,0.4420000076293945,RightFoot,OpenPlay,None,2025-09-20 11:30:00,Liverpool,Everton,2025
28818,Hugo Ekitike,8995,Liverpool,home,28,Goal,0.3504309058189392,0.9119999694824219,0.375,RightFoot,OpenPlay,Throughball,2025-09-20 11:30:00,Liverpool,Everton,2025
28818,Hugo Ekitike,8995,Liverpool,home,53,BlockedShot,0.051776569336652756,0.825999984741211,0.685,RightFoot,OpenPlay,Pass,2025-09-20 11:30:00,Liverpool,Everton,2025
28818,Mohamed Salah,1250,Liverpool,home,55,SavedShot,0.1356126070022583,0.8580000305175781,0.3609999847412109,LeftFoot,OpenPlay,Chipped,2025-09-20 11:30:00,Liverpool,Everton,2025
28818,Ibrahima Konaté,6326,Liverpool,home,71,BlockedShot,0.025867801159620285,0.905,0.5,Head,FromCorner,Aerial,2025-09-20 11:30:00,Liverpool,Everton,2025
28818,Dominik Szoboszlai,9788,Liverpool,home,73,MissedShots,0.03755884990096092,0.71,0.3820000076293945,RightFoot,DirectFreekick,Standard,2025-09-20 11:30:00,Liverpool,Everton,2025
28818,Dominik Szoboszlai,9788,Liverpool,home,83,BlockedShot,0.0700811892747879,0.855999984741211,0.37,RightFoot,OpenPlay,Pass,2025-09-20 11:30:00,Liverpool,Everton,2025
28818,Idrissa Gueye,668,Everton,away,23,BlockedShot,0.019041072577238083,0.7730000305175782,0.705999984741211,RightFoot,FromCorner,Pass,2025-09-20 11:30:00,Liverpool,Everton,2025
28818,Kiernan Dewsbury-Hall,9739,Everton,away,26,MissedShots,0.06359004229307175,0.9209999847412109,0.6780000305175782,LeftFoot,OpenPlay,Pass,2025-09-20 11:30:00,Liverpool,Everton,2025
28818,Beto,9983,Everton,away,36,MissedShots,0.08580797910690308,0.9130000305175782,0.4570000076293945,RightFoot,OpenPlay,Cross,2025-09-20 11:30:00,Liverpool,Everton,2025
28818,James Garner,7438,Everton,away,42,BlockedShot,0.019569212570786476,0.8030000305175782,0.715999984741211,RightFoot,FromCorner,Pass,2025-09-20 11:30:00,Liverpool,Everton,2025
28818,Idrissa Gueye,668,Everton,away,45,SavedShot,0.08362530916929245,0.8440000152587891,0.5170000076293946,LeftFoot,OpenPlay,Pass,2025-09-20 11:30:00,Liverpool,Everton,2025
28818,Kiernan Dewsbury-Hall,9739,Everton,away,54,BlockedShot,0.06898057460784912,0.9369999694824219,0.6630000305175782,LeftFoot,OpenPlay,Pass,2025-09-20 11:30:00,Liverpool,Everton,2025
28818,Idrissa Gueye,668,Everton,away,57,Goal,0.31301936507225037,0.8669999694824219,0.42700000762939455,RightFoot,OpenPlay,Pass,2025-09-20 11:30:00,Liverpool,Everton,2025
28818,James Garner,7438,Everton,away,79,MissedShots,0.03387372940778732,0.7390000152587891,0.75,RightFoot,DirectFreekick,Standard,2025-09-20 11:30:00,Liverpool,Everton,2025
28818,Jack Grealish,675,Everton,away,89,MissedShots,0.03386339545249939,0.905,0.6930000305175781,RightFoot,FromCorner,Cross,2025-09-20 11:30:00,Liverpool,Everton,2025
28819,Konstantinos Mavropanos,6722,West Ham,home,5,SavedShot,0.13340333104133606,0.965,0.46700000762939453,Head,FromCorner,Cross,2025-09-20 14:00:00,West Ham,Crystal Palace,2025
28819,Jarrod Bowen,1776,West Ham,home,48,Goal,0.11966060101985931,0.9340000152587891,0.47400001525878904,Head,FromCorner,Cross,2025-09-20 14:00:00,West Ham,Crystal Palace,2025
28819,James Ward-Prowse,843,West Ham,home,51,BlockedShot,0.01174372062087059,0.7190000152587891,0.664000015258789,RightFoot,OpenPlay,Pass,2025-09-20 14:00:00,West Ham,Crystal Palace,2025
28819,Lucas Paquetá,7365,West Ham,home,62,MissedShots,0.01695026457309723,0.9730000305175781,0.625999984741211,Head,OpenPlay,Cross,2025-09-20 14:00:00,West Ham,Crystal Palace,2025
28819,Kyle Walker-Peters,885,West Ham,home,63,SavedShot,0.03792275860905647,0.8969999694824219,0.2589999961853027,RightFoot,OpenPlay,Pass,2025-09-20 14:00:00,West Ham,Crystal Palace,2025
28819,Kyle Walker-Peters,885,West Ham,home,66,MissedShots,0.035743195563554764,0.9630000305175781,0.3970000076293945,Head,OpenPlay,Aerial,2025-09-20 14:00:00,West Ham,Crystal Palace,2025
28819,Jarrod Bowen,1776,West Ham,home,80,MissedShots,0.07159095257520676,0.835999984741211,0.5229999923706055,LeftFoot,OpenPlay,Pass,2025-09-20 14:00:00,West Ham,Crystal Palace,2025
28819,Luis Guilherme,13026,West Ham,home,92,MissedShots,0.039350125938653946,0.8969999694824219,0.5279999923706055,Head,OpenPlay,Pass,2025-09-20 14:00:00,West Ham,Crystal Palace,2025
28819,Yeremi Pino,9024,Crystal Palace,away,8,BlockedShot,0.01626068539917469,0.7530000305175781,0.5990000152587891,RightFoot,FromCorner,None,2025-09-20 14:00:00,West Ham,Crystal Palace,2025
28819,Daichi Kamada,6145,Crystal Palace,away,31,MissedShots,0.12507210671901703,0.9519999694824218,0.47200000762939454,Head,OpenPlay,Aerial,2025-09-20 14:00:00,West Ham,Crystal Palace,2025
28819,Adam Wharton,12409,Crystal Palace,away,34,BlockedShot,0.023688603192567825,0.7819999694824219,0.3970000076293945,LeftFoot,OpenPlay,Pass,2025-09-20 14:00:00,West Ham,Crystal Palace,2025
28819,Yeremi Pino,9024,Crystal Palace,away,35,BlockedShot,0.084990955889225,0.8830000305175781,0.565,LeftFoot,OpenPlay,None,2025-09-20 14:00:00,West Ham,Crystal Palace,2025
28819,Marc Guehi,7603,Crystal Palace,away,36,BlockedShot,0.08119462430477142,0.9669999694824218,0.45599998474121095,Head,FromCorner,Aerial,2025-09-20 14:00:00,West Ham,Crystal Palace,2025
28819,Jean-Philippe Mateta,5735,Crystal Palace,away,36,Goal,0.6040295958518982,0.970999984741211,0.4829999923706055,Head,FromCorner,Rebound,2025-09-20 14:00:00,West Ham,Crystal Palace,2025
28819,Daniel Muñoz,12408,Crystal Palace,away,43,MissedShots,0.05065634846687317,0.9169999694824219,0.5829999923706055,Head,FromCorner,Cross,2025-09-20 14:00:00,West Ham,Crystal Palace,2025
28819,Maxence Lacroix,8853,Crystal Palace,away,46,ShotOnPost,0.4896112382411957,0.9580000305175781,0.47099998474121096,Head,FromCorner,Cross,2025-09-20 14:00:00,West Ham,Crystal Palace,2025
28819,Daniel Muñoz,12408,Crystal Palace,away,52,MissedShots,0.058721721172332764,0.9269999694824219,0.37099998474121093,RightFoot,OpenPlay,Cross,2025-09-20 14:00:00,West Ham,Crystal Palace,2025
28819,Jean-Philippe Mateta,5735,Crystal Palace,away,58,MissedShots,0.09870889037847519,0.955,0.46700000762939453,Head,SetPiece,Aerial,2025-09-20 14:00:00,West Ham,Crystal Palace,2025
28819,Justin Devenny,13038,Crystal Palace,away,63,MissedShots,0.04117116704583168,0.895,0.46599998474121096,Head,OpenPlay,Aerial,2025-09-20 14:00:00,West Ham,Crystal Palace,2025
28819,Tyrick Mitchell,8214,Crystal Palace,away,67,Goal,0.3862307667732239,0.92,0.5990000152587891,RightFoot,OpenPlay,None,2025-09-20 14:00:00,West Ham,Crystal Palace,2025
28819,Daniel Muñoz,12408,Crystal Palace,away,72,BlockedShot,0.06963186711072922,0.9169999694824219,0.3270000076293945,RightFoot,OpenPlay,Chipped,2025-09-20 14:00:00,West Ham,Crystal Palace,2025
28819,Eddie Nketiah,6482,Crystal Palace,away,75,BlockedShot,0.07470468431711197,0.88,0.5620000076293945,RightFoot,SetPiece,None,2025-09-20 14:00:00,West Ham,Crystal Palace,2025
28819,Jefferson Lerma,2182,Crystal Palace,away,75,SavedShot,0.060068778693675995,0.8469999694824218,0.56,LeftFoot,SetPiece,Rebound,2025-09-20 14:00:00,West Ham,Crystal Palace,2025
28819,Tyrick Mitchell,8214,Crystal Palace,away,78,MissedShots,0.0794183760881424,0.860999984741211,0.6359999847412109,LeftFoot,OpenPlay,Pass,2025-09-20 14:00:00,West Ham,Crystal Palace,2025
28819,Jefferson Lerma,2182,Crystal Palace,away,84,MissedShots,0.01508393231779337,0.685,0.5,RightFoot,OpenPlay,Pass,2025-09-20 14:00:00,West Ham,Crystal Palace,2025
28819,Justin Devenny,13038,Crystal Palace,away,87,MissedShots,0.029941219836473465,0.7559999847412109,0.40299999237060546,LeftFoot,OpenPlay,Pass,2025-09-20 14:00:00,West Ham,Crystal Palace,2025
28820,Ladislav Krejcí,12721,Wolverhampton Wanderers,home,7,Goal,0.42917048931121826,0.9080000305175782,0.5059999847412109,LeftFoot,OpenPlay,Throughball,2025-09-20 14:00:00,Wolverhampton Wanderers,Leeds,2025
28820,Yerson Mosquera,9958,Wolverhampton Wanderers,home,40,MissedShots,0.01990661211311817,0.8869999694824219,0.529000015258789,Head,SetPiece,Aerial,2025-09-20 14:00:00,Wolverhampton Wanderers,Leeds,2025
28820,João Gomes,11384,Wolverhampton Wanderers,home,43,BlockedShot,0.0674143061041832,0.8440000152587891,0.425,RightFoot,OpenPlay,Pass,2025-09-20 14:00:00,Wolverhampton Wanderers,Leeds,2025
28820,Tolu Arokodare,8875,Wolverhampton Wanderers,home,44,SavedShot,0.07478383183479309,0.919000015258789,0.6020000076293945,RightFoot,OpenPlay,HeadPass,2025-09-20 14:00:00,Wolverhampton Wanderers,Leeds,2025
28820,Emmanuel Agbadou,10856,Wolverhampton Wanderers,home,47,SavedShot,0.04556407406926155,0.9159999847412109,0.4929999923706055,Head,FromCorner,Aerial,2025-09-20 14:00:00,Wolverhampton Wanderers,Leeds,2025
28820,Rodrigo Gomes,12756,Wolverhampton Wanderers,home,48,MissedShots,0.016913721337914467,0.9080000305175782,0.710999984741211,RightFoot,OpenPlay,Cross,2025-09-20 14:00:00,Wolverhampton Wanderers,Leeds,2025
28820,Marshall Munetsi,7908,Wolverhampton Wanderers,home,54,SavedShot,0.290688157081604,0.8619999694824219,0.5329999923706055,LeftFoot,OpenPlay,HeadPass,2025-09-20 14:00:00,Wolverhampton Wanderers,Leeds,2025
28820,Tolu Arokodare,8875,Wolverhampton Wanderers,home,59,MissedShots,0.07116623967885971,0.919000015258789,0.5229999923706055,Head,OpenPlay,Aerial,2025-09-20 14:00:00,Wolverhampton Wanderers,Leeds,2025
28820,Emmanuel Agbadou,10856,Wolverhampton Wanderers,home,64,BlockedShot,0.006837877910584211,0.6940000152587891,0.325,LeftFoot,OpenPlay,None,2025-09-20 14:00:00,Wolverhampton Wanderers,Leeds,2025
28820,Yerson Mosquera,9958,Wolverhampton Wanderers,home,70,SavedShot,0.03413645923137665,0.870999984741211,0.500999984741211,Head,OpenPlay,Cross,2025-09-20 14:00:00,Wolverhampton Wanderers,Leeds,2025
28820,João Gomes,11384,Wolverhampton Wanderers,home,73,BlockedShot,0.03644731640815735,0.8040000152587891,0.3970000076293945,RightFoot,OpenPlay,BallTouch,2025-09-20 14:00:00,Wolverhampton Wanderers,Leeds,2025
28820,Jørgen Strand Larsen,11070,Wolverhampton Wanderers,home,76,MissedShots,0.04801524803042412,0.9069999694824219,0.5690000152587891,Head,OpenPlay,Aerial,2025-09-20 14:00:00,Wolverhampton Wanderers,Leeds,2025
28820,Tolu Arokodare,8875,Wolverhampton Wanderers,home,78,MissedShots,0.06471956521272659,0.9169999694824219,0.48700000762939455,Head,OpenPlay,Aerial,2025-09-20 14:00:00,Wolverhampton Wanderers,Leeds,2025
28820,Marshall Munetsi,7908,Wolverhampton Wanderers,home,83,MissedShots,0.3427233397960663,0.9180000305175782,0.44,LeftFoot,OpenPlay,None,2025-09-20 14:00:00,Wolverhampton Wanderers,Leeds,2025
28820,Emmanuel Agbadou,10856,Wolverhampton Wanderers,home,86,SavedShot,0.009405452758073807,0.7080000305175781,0.3170000076293945,RightFoot,OpenPlay,Pass,2025-09-20 14:00:00,Wolverhampton Wanderers,Leeds,2025
28820,André,13022,Wolverhampton Wanderers,home,91,BlockedShot,0.008202716708183289,0.6969999694824218,0.7269999694824218,RightFoot,OpenPlay,Pass,2025-09-20 14:00:00,Wolverhampton Wanderers,Leeds,2025
28820,Ethan Ampadu,6369,Leeds,away,13,MissedShots,0.011771920137107372,0.6919999694824219,0.5820000076293945,RightFoot,OpenPlay,BallRecovery,2025-09-20 14:00:00,Wolverhampton Wanderers,Leeds,2025
28820,Brenden Aaronson,10751,Leeds,away,25,MissedShots,0.043977849185466766,0.8080000305175781,0.39299999237060546,RightFoot,OpenPlay,Pass,2025-09-20 14:00:00,Wolverhampton Wanderers,Leeds,2025
28820,Dominic Calvert-Lewin,5555,Leeds,away,30,Goal,0.040250737220048904,0.9059999847412109,0.5070000076293946,Head,OpenPlay,Aerial,2025-09-20 14:00:00,Wolverhampton Wanderers,Leeds,2025
28820,Anton Stach,9910,Leeds,away,38,Goal,0.0657067522406578,0.750999984741211,0.48700000762939455,RightFoot,DirectFreekick,Standard,2025-09-20 14:00:00,Wolverhampton Wanderers,Leeds,2025
28820,Noah Okafor,11966,Leeds,away,44,Goal,0.2599199414253235,0.889000015258789,0.6559999847412109,LeftFoot,OpenPlay,Pass,2025-09-20 14:00:00,Wolverhampton Wanderers,Leeds,2025
28820,Sean Longstaff,7078,Leeds,away,57,SavedShot,0.03536045923829079,0.7930000305175782,0.57,LeftFoot,OpenPlay,None,2025-09-20 14:00:00,Wolverhampton Wanderers,Leeds,2025
28821,Yankuba Minteh,12759,Brighton,home,7,Goal,0.6801360845565796,0.970999984741211,0.40700000762939453,LeftFoot,OpenPlay,TakeOn,2025-09-20 14:00:00,Brighton,Tottenham,2025
28821,Yasin Ayari,11385,Brighton,home,26,SavedShot,0.029110973700881004,0.7530000305175781,0.4470000076293945,RightFoot,OpenPlay,Pass,2025-09-20 14:00:00,Brighton,Tottenham,2025
28821,Brajan Gruda,11310,Brighton,home,26,MissedShots,0.03572119399905205,0.775,0.395,LeftFoot,OpenPlay,Pass,2025-09-20 14:00:00,Brighton,Tottenham,2025
28821,Yasin Ayari,11385,Brighton,home,30,Goal,0.016534868627786636,0.7680000305175781,0.7709999847412109,RightFoot,OpenPlay,BallRecovery,2025-09-20 14:00:00,Brighton,Tottenham,2025
28821,Lewis Dunk,6048,Brighton,home,58,MissedShots,0.015729200094938278,0.43900001525878907,0.915,RightFoot,DirectFreekick,Standard,2025-09-20 14:00:00,Brighton,Tottenham,2025
28821,Yasin Ayari,11385,Brighton,home,61,MissedShots,0.041304536163806915,0.7909999847412109,0.5509999847412109,RightFoot,OpenPlay,Pass,2025-09-20 14:00:00,Brighton,Tottenham,2025
28821,Diego Gómez,13364,Brighton,home,75,MissedShots,0.027654215693473816,0.639000015258789,0.3679999923706055,RightFoot,OpenPlay,Pass,2025-09-20 14:00:00,Brighton,Tottenham,2025
28821,Kaoru Mitoma,10806,Brighton,home,78,SavedShot,0.21523454785346985,0.9009999847412109,0.6480000305175782,RightFoot,OpenPlay,TakeOn,2025-09-20 14:00:00,Brighton,Tottenham,2025
28821,Ferdi Kadioglu,13066,Brighton,home,79,MissedShots,0.07813909649848938,0.960999984741211,0.675,RightFoot,OpenPlay,Pass,2025-09-20 14:00:00,Brighton,Tottenham,2025
28821,Jan Paul van Hecke,10807,Brighton,home,81,OwnGoal,0.0,0.07300000190734864,0.4979999923706055,RightFoot,OpenPlay,Challenge,2025-09-20 14:00:00,Brighton,Tottenham,2025
28821,Danny Welbeck,501,Brighton,home,83,BlockedShot,0.14432482421398163,0.874000015258789,0.6120000076293945,LeftFoot,OpenPlay,TakeOn,2025-09-20 14:00:00,Brighton,Tottenham,2025
28821,Yasin Ayari,11385,Brighton,home,86,MissedShots,0.08411257714033127,0.8819999694824219,0.48900001525878906,RightFoot,OpenPlay,Cross,2025-09-20 14:00:00,Brighton,Tottenham,2025
28821,Yasin Ayari,11385,Brighton,home,87,MissedShots,0.03666158393025398,0.8119999694824219,0.519000015258789,RightFoot,FromCorner,None,2025-09-20 14:00:00,Brighton,Tottenham,2025
28821,Richarlison,6026,Tottenham,away,24,MissedShots,0.056550201028585434,0.9359999847412109,0.6580000305175782,LeftFoot,OpenPlay,Chipped,2025-09-20 14:00:00,Brighton,Tottenham,2025
28821,Wilson Odobert,10822,Tottenham,away,27,MissedShots,0.0659448653459549,0.904000015258789,0.6179999923706054,RightFoot,OpenPlay,None,2025-09-20 14:00:00,Brighton,Tottenham,2025
28821,Richarlison,6026,Tottenham,away,40,BlockedShot,0.11073101311922073,0.9130000305175782,0.61,LeftFoot,OpenPlay,Pass,2025-09-20 14:00:00,Brighton,Tottenham,2025
28821,Richarlison,6026,Tottenham,away,41,MissedShots,0.023174528032541275,0.9309999847412109,0.41900001525878905,Head,FromCorner,Aerial,2025-09-20 14:00:00,Brighton,Tottenham,2025
28821,Mohammed Kudus,12027,Tottenham,away,42,MissedShots,0.09663721919059753,0.87,0.415,LeftFoot,OpenPlay,Pass,2025-09-20 14:00:00,Brighton,Tottenham,2025
28821,Richarlison,6026,Tottenham,away,42,Goal,0.650574803352356,0.955,0.4909999847412109,RightFoot,OpenPlay,Rebound,2025-09-20 14:00:00,Brighton,Tottenham,2025
28821,Xavi Simons,8700,Tottenham,away,63,MissedShots,0.03264937177300453,0.8169999694824219,0.615,RightFoot,OpenPlay,Pass,2025-09-20 14:00:00,Brighton,Tottenham,2025
28821,Xavi Simons,8700,Tottenham,away,67,SavedShot,0.06090184673666954,0.865,0.655,RightFoot,OpenPlay,Pass,2025-09-20 14:00:00,Brighton,Tottenham,2025
28821,Xavi Simons,8700,Tottenham,away,69,MissedShots,0.06405803561210632,0.8519999694824218,0.4809999847412109,RightFoot,OpenPlay,Cross,2025-09-20 14:00:00,Brighton,Tottenham,2025
28821,Richarlison,6026,Tottenham,away,80,SavedShot,0.07350193709135056,0.874000015258789,0.6919999694824219,RightFoot,OpenPlay,Pass,2025-09-20 14:00:00,Brighton,Tottenham,2025
28821,Mohammed Kudus,12027,Tottenham,away,93,BlockedShot,0.019953982904553413,0.764000015258789,0.27299999237060546,LeftFoot,OpenPlay,Pass,2025-09-20 14:00:00,Brighton,Tottenham,2025
28822,Quilindschy Hartman,13727,Burnley,home,13,SavedShot,0.00983856525272131,0.7619999694824219,0.7680000305175781,LeftFoot,OpenPlay,Chipped,2025-09-20 14:00:00,Burnley,Nottingham Forest,2025
28822,Loum Tchaouna,9977,Burnley,home,19,BlockedShot,0.056749194860458374,0.89,0.46799999237060547,Head,OpenPlay,Cross,2025-09-20 14:00:00,Burnley,Nottingham Forest,2025
28822,Jaidon Anthony,10746,Burnley,home,19,Goal,0.2772907614707947,0.93,0.6090000152587891,LeftFoot,OpenPlay,BallTouch,2025-09-20 14:00:00,Burnley,Nottingham Forest,2025
28822,Loum Tchaouna,9977,Burnley,home,44,ShotOnPost,0.046683862805366516,0.8,0.225,LeftFoot,DirectFreekick,Standard,2025-09-20 14:00:00,Burnley,Nottingham Forest,2025
28822,Maxime Estève,9487,Burnley,home,44,MissedShots,0.02126903086900711,0.8930000305175781,0.44599998474121094,Head,SetPiece,Aerial,2025-09-20 14:00:00,Burnley,Nottingham Forest,2025
28822,Lyle Foster,7498,Burnley,home,44,BlockedShot,0.03489569202065468,0.9209999847412109,0.2929999923706055,RightFoot,SetPiece,Rebound,2025-09-20 14:00:00,Burnley,Nottingham Forest,2025
28822,Jaidon Anthony,10746,Burnley,home,45,SavedShot,0.0993557944893837,0.8619999694824219,0.43599998474121093,RightFoot,OpenPlay,Pass,2025-09-20 14:00:00,Burnley,Nottingham Forest,2025
28822,Jaidon Anthony,10746,Burnley,home,57,SavedShot,0.01673516072332859,0.7830000305175782,0.7319999694824219,RightFoot,OpenPlay,TakeOn,2025-09-20 14:00:00,Burnley,Nottingham Forest,2025
28822,Maxime Estève,9487,Burnley,home,63,MissedShots,0.05264423415064812,0.9230000305175782,0.4779999923706055,Head,FromCorner,Aerial,2025-09-20 14:00:00,Burnley,Nottingham Forest,2025
28822,Hjalmar Ekdal,11704,Burnley,home,74,MissedShots,0.05270278826355934,0.9219999694824219,0.48700000762939455,Head,FromCorner,Aerial,2025-09-20 14:00:00,Burnley,Nottingham Forest,2025
28822,Zian Flemming,13729,Burnley,home,92,BlockedShot,0.074290931224823,0.9130000305175782,0.4470000076293945,LeftFoot,SetPiece,Foul,2025-09-20 14:00:00,Burnley,Nottingham Forest,2025
28822,Hjalmar Ekdal,11704,Burnley,home,92,SavedShot,0.3998783230781555,0.955999984741211,0.3840000152587891,RightFoot,SetPiece,None,2025-09-20 14:00:00,Burnley,Nottingham Forest,2025
28822,Neco Williams,8204,Nottingham Forest,away,1,Goal,0.06084294989705086,0.875,0.395,RightFoot,FromCorner,None,2025-09-20 14:00:00,Burnley,Nottingham Forest,2025
28822,Oleksandr Zinchenko,2958,Nottingham Forest,away,12,BlockedShot,0.011339347809553146,0.7119999694824218,0.749000015258789,LeftFoot,OpenPlay,Pass,2025-09-20 14:00:00,Burnley,Nottingham Forest,2025
28822,Oleksandr Zinchenko,2958,Nottingham Forest,away,16,SavedShot,0.014094803482294083,0.7040000152587891,0.6730000305175782,LeftFoot,SetPiece,Pass,2025-09-20 14:00:00,Burnley,Nottingham Forest,2025
28822,Dilane Bakwa,8920,Nottingham Forest,away,17,SavedShot,0.03983639180660248,0.765,0.4809999847412109,LeftFoot,OpenPlay,BallRecovery,2025-09-20 14:00:00,Burnley,Nottingham Forest,2025
28822,Dilane Bakwa,8920,Nottingham Forest,away,28,SavedShot,0.05544506758451462,0.8730000305175781,0.3139999961853027,LeftFoot,OpenPlay,Pass,2025-09-20 14:00:00,Burnley,Nottingham Forest,2025
28822,Chris Wood,4456,Nottingham Forest,away,32,SavedShot,0.12305343151092529,0.8919999694824219,0.5079999923706054,RightFoot,OpenPlay,Pass,2025-09-20 14:00:00,Burnley,Nottingham Forest,2025
28822,Neco Williams,8204,Nottingham Forest,away,35,MissedShots,0.016963817179203033,0.740999984741211,0.30100000381469727,RightFoot,OpenPlay,Pass,2025-09-20 14:00:00,Burnley,Nottingham Forest,2025
28822,Oleksandr Zinchenko,2958,Nottingham Forest,away,39,BlockedShot,0.014871579594910145,0.8209999847412109,0.705,LeftFoot,FromCorner,Aerial,2025-09-20 14:00:00,Burnley,Nottingham Forest,2025
28822,Morgan Gibbs-White,6857,Nottingham Forest,away,39,BlockedShot,0.04042156785726547,0.8059999847412109,0.5890000152587891,RightFoot,FromCorner,Rebound,2025-09-20 14:00:00,Burnley,Nottingham Forest,2025
28822,Chris Wood,4456,Nottingham Forest,away,53,MissedShots,0.10997253656387329,0.95,0.5740000152587891,RightFoot,OpenPlay,Cross,2025-09-20 14:00:00,Burnley,Nottingham Forest,2025
28822,Douglas Luiz,6122,Nottingham Forest,away,66,BlockedShot,0.023048534989356995,0.8030000305175782,0.7140000152587891,RightFoot,OpenPlay,Pass,2025-09-20 14:00:00,Burnley,Nottingham Forest,2025
28822,Igor Jesus,13778,Nottingham Forest,away,77,SavedShot,0.03826466575264931,0.8930000305175781,0.46099998474121096,Head,OpenPlay,Aerial,2025-09-20 14:00:00,Burnley,Nottingham Forest,2025
28822,Neco Williams,8204,Nottingham Forest,away,80,SavedShot,0.04752502590417862,0.8569999694824219,0.40400001525878904,RightFoot,OpenPlay,Cross,2025-09-20 14:00:00,Burnley,Nottingham Forest,2025
28822,Elliot Anderson,9154,Nottingham Forest,away,82,BlockedShot,0.05121012032032013,0.8540000152587891,0.6759999847412109,RightFoot,OpenPlay,TakeOn,2025-09-20 14:00:00,Burnley,Nottingham Forest,2025
28822,Arnaud Kalimuendo Muinga,8056,Nottingham Forest,away,82,BlockedShot,0.09371966868638992,0.915,0.42700000762939455,RightFoot,OpenPlay,None,2025-09-20 14:00:00,Burnley,Nottingham Forest,2025
28822,Callum Hudson-Odoi,6456,Nottingham Forest,away,91,BlockedShot,0.0160379596054554,0.7430000305175781,0.7519999694824219,RightFoot,OpenPlay,Pass,2025-09-20 14:00:00,Burnley,Nottingham Forest,2025
28822,Morgan Gibbs-White,6857,Nottingham Forest,away,95,SavedShot,0.07473224401473999,0.88,0.5820000076293945,LeftFoot,SetPiece,HeadPass,2025-09-20 14:00:00,Burnley,Nottingham Forest,2025
28824,Bryan Mbeumo,6552,Manchester United,home,2,SavedShot,0.06756933778524399,0.9330000305175781,0.3970000076293945,Head,OpenPlay,Cross,2025-09-20 16:30:00,Manchester United,Chelsea,2025
28824,Bruno Fernandes,1228,Manchester United,home,7,BlockedShot,0.10298559814691544,0.785,0.49,RightFoot,DirectFreekick,Standard,2025-09-20 16:30:00,Manchester United,Chelsea,2025
28824,Bryan Mbeumo,6552,Manchester United,home,7,BlockedShot,0.022691035643219948,0.785,0.46,LeftFoot,SetPiece,Rebound,2025-09-20 16:30:00,Manchester United,Chelsea,2025
28824,Harry Maguire,1687,Manchester United,home,8,MissedShots,0.052745867520570755,0.9230000305175782,0.5279999923706055,Head,FromCorner,None,2025-09-20 16:30:00,Manchester United,Chelsea,2025
28824,Amad Diallo Traore,8127,Manchester United,home,9,BlockedShot,0.02186133898794651,0.775,0.5079999923706054,RightFoot,FromCorner,None,2025-09-20 16:30:00,Manchester United,Chelsea,2025
28824,Bruno Fernandes,1228,Manchester United,home,13,Goal,0.6159805059432983,0.9580000305175781,0.4759999847412109,RightFoot,OpenPlay,HeadPass,2025-09-20 16:30:00,Manchester United,Chelsea,2025
28824,Bryan Mbeumo,6552,Manchester United,home,17,MissedShots,0.04373050853610039,0.8119999694824219,0.34599998474121096,LeftFoot,OpenPlay,Pass,2025-09-20 16:30:00,Manchester United,Chelsea,2025
28824,Luke Shaw,1006,Manchester United,home,36,BlockedShot,0.08364910632371902,0.9490000152587891,0.529000015258789,Head,FromCorner,None,2025-09-20 16:30:00,Manchester United,Chelsea,2025
28824,Casemiro,2248,Manchester United,home,36,Goal,0.19499868154525757,0.97,0.435,Head,FromCorner,BallTouch,2025-09-20 16:30:00,Manchester United,Chelsea,2025
28824,Amad Diallo Traore,8127,Manchester United,home,74,MissedShots,0.09552733600139618,0.9269999694824219,0.44799999237060545,LeftFoot,SetPiece,Cross,2025-09-20 16:30:00,Manchester United,Chelsea,2025
28824,Bruno Fernandes,1228,Manchester United,home,82,SavedShot,0.04517577961087227,0.7819999694824219,0.4209999847412109,RightFoot,OpenPlay,BallRecovery,2025-09-20 16:30:00,Manchester United,Chelsea,2025
28824,Moisés Caicedo,9453,Chelsea,away,22,BlockedShot,0.022669004276394844,0.779000015258789,0.529000015258789,RightFoot,FromCorner,None,2025-09-20 16:30:00,Manchester United,Chelsea,2025
28824,Marc Cucurella,7134,Chelsea,away,51,MissedShots,0.02825935371220112,0.905,0.27700000762939453,RightFoot,SetPiece,Pass,2025-09-20 16:30:00,Manchester United,Chelsea,2025
28824,Tosin Adarabioyo,5590,Chelsea,away,62,MissedShots,0.03566968813538551,0.955999984741211,0.38799999237060545,Head,FromCorner,Cross,2025-09-20 16:30:00,Manchester United,Chelsea,2025
28824,Trevoh Chalobah,6615,Chelsea,away,79,Goal,0.2994072735309601,0.9309999847412109,0.5470000076293945,Head,FromCorner,Cross,2025-09-20 16:30:00,Manchester United,Chelsea,2025
28824,Andrey Santos,11808,Chelsea,away,93,BlockedShot,0.08383796364068985,0.894000015258789,0.514000015258789,RightFoot,OpenPlay,BallTouch,2025-09-20 16:30:00,Manchester United,Chelsea,2025
28825,Alex Iwobi,500,Fulham,home,5,BlockedShot,0.024419136345386505,0.7680000305175781,0.39299999237060546,RightFoot,OpenPlay,BallRecovery,2025-09-20 19:00:00,Fulham,Brentford,2025
28825,Joshua King,12410,Fulham,home,10,BlockedShot,0.05917340889573097,0.8119999694824219,0.4620000076293945,LeftFoot,OpenPlay,BallRecovery,2025-09-20 19:00:00,Fulham,Brentford,2025
28825,Sasa Lukic,1537,Fulham,home,12,BlockedShot,0.018745847046375275,0.7730000305175782,0.3089999961853027,RightFoot,OpenPlay,Pass,2025-09-20 19:00:00,Fulham,Brentford,2025
28825,Harry Wilson,5596,Fulham,home,13,BlockedShot,0.09372397512197495,0.8690000152587891,0.4909999847412109,LeftFoot,OpenPlay,Dispossessed,2025-09-20 19:00:00,Fulham,Brentford,2025
28825,Joachim Andersen,6314,Fulham,home,15,MissedShots,0.13591426610946655,0.960999984741211,0.495,Head,FromCorner,Cross,2025-09-20 19:00:00,Fulham,Brentford,2025
28825,Rodrigo Muniz,10717,Fulham,home,15,MissedShots,0.04019144922494888,0.894000015258789,0.55,Head,FromCorner,Cross,2025-09-20 19:00:00,Fulham,Brentford,2025
28825,Sasa Lukic,1537,Fulham,home,17,MissedShots,0.019162286072969437,0.7559999847412109,0.35700000762939454,RightFoot,OpenPlay,Pass,2025-09-20 19:00:00,Fulham,Brentford,2025
28825,Ryan Sessegnon,6837,Fulham,home,30,SavedShot,0.0368385910987854,0.855999984741211,0.7030000305175781,LeftFoot,OpenPlay,Pass,2025-09-20 19:00:00,Fulham,Brentford,2025
28825,Rodrigo Muniz,10717,Fulham,home,30,MissedShots,0.3472999036312103,0.9690000152587891,0.605999984741211,RightFoot,OpenPlay,Rebound,2025-09-20 19:00:00,Fulham,Brentford,2025
28825,Sasa Lukic,1537,Fulham,home,37,BlockedShot,0.030452972277998924,0.794000015258789,0.35400001525878905,LeftFoot,OpenPlay,Pass,2025-09-20 19:00:00,Fulham,Brentford,2025
28825,Alex Iwobi,500,Fulham,home,37,Goal,0.3372924029827118,0.905,0.5770000076293945,RightFoot,OpenPlay,BallTouch,2025-09-20 19:00:00,Fulham,Brentford,2025
28825,Harry Wilson,5596,Fulham,home,39,Goal,0.27521511912345886,0.8819999694824219,0.3679999923706055,LeftFoot,OpenPlay,Pass,2025-09-20 19:00:00,Fulham,Brentford,2025
28825,Calvin Bassey,11728,Fulham,home,41,BlockedShot,0.017050273716449738,0.7290000152587891,0.644000015258789,LeftFoot,OpenPlay,None,2025-09-20 19:00:00,Fulham,Brentford,2025
28825,Joshua King,12410,Fulham,home,62,MissedShots,0.10162357240915298,0.9219999694824219,0.295,RightFoot,SetPiece,Throughball,2025-09-20 19:00:00,Fulham,Brentford,2025
28825,Mikkel Damsgaard,8859,Brentford,away,0,BlockedShot,0.07613291591405869,0.8619999694824219,0.4540000152587891,RightFoot,OpenPlay,None,2025-09-20 19:00:00,Fulham,Brentford,2025
28825,Mikkel Damsgaard,8859,Brentford,away,19,Goal,0.34177395701408386,0.8490000152587891,0.5379999923706055,RightFoot,OpenPlay,BallRecovery,2025-09-20 19:00:00,Fulham,Brentford,2025
28825,Kevin Schade,9156,Brentford,away,28,BlockedShot,0.08209934085607529,0.9490000152587891,0.33,RightFoot,OpenPlay,BallRecovery,2025-09-20 19:00:00,Fulham,Brentford,2025
28825,Nathan Collins,9733,Brentford,away,46,SavedShot,0.05109793692827225,0.9619999694824218,0.4109999847412109,Head,OpenPlay,Pass,2025-09-20 19:00:00,Fulham,Brentford,2025
28825,Ethan Pinnock,9678,Brentford,away,49,OwnGoal,0.0,0.03,0.5320000076293945,OtherBodyPart,OpenPlay,BlockedPass,2025-09-20 19:00:00,Fulham,Brentford,2025
28825,Thiago,13222,Brentford,away,57,SavedShot,0.06035369634628296,0.9109999847412109,0.47299999237060547,Head,OpenPlay,Aerial,2025-09-20 19:00:00,Fulham,Brentford,2025
28825,Dango Ouattara,9662,Brentford,away,77,BlockedShot,0.07856263220310211,0.8959999847412109,0.4520000076293945,LeftFoot,OpenPlay,None,2025-09-20 19:00:00,Fulham,Brentford,2025
28825,Dango Ouattara,9662,Brentford,away,82,MissedShots,0.06301672756671906,0.8540000152587891,0.34799999237060547,LeftFoot,OpenPlay,Pass,2025-09-20 19:00:00,Fulham,Brentford,2025
28825,Kristoffer Ajer,9677,Brentford,away,89,MissedShots,0.07351893186569214,0.909000015258789,0.45599998474121095,Head,OpenPlay,Pass,2025-09-20 19:00:00,Fulham,Brentford,2025
28823,Alejandro Jiménez,12168,Bournemouth,home,6,BlockedShot,0.034936562180519104,0.8340000152587891,0.34799999237060547,RightFoot,OpenPlay,HeadPass,2025-09-21 13:00:00,Bournemouth,Newcastle United,2025
28823,Tyler Adams,7352,Bournemouth,home,8,SavedShot,0.03733758255839348,0.8530000305175781,0.32099998474121094,RightFoot,OpenPlay,Pass,2025-09-21 13:00:00,Bournemouth,Newcastle United,2025
28823,Alejandro Jiménez,12168,Bournemouth,home,8,BlockedShot,0.015041940845549107,0.78,0.28600000381469726,RightFoot,FromCorner,None,2025-09-21 13:00:00,Bournemouth,Newcastle United,2025
28823,Marcus Tavernier,10741,Bournemouth,home,14,BlockedShot,0.01888270489871502,0.7469999694824219,0.515,LeftFoot,OpenPlay,TakeOn,2025-09-21 13:00:00,Bournemouth,Newcastle United,2025
28823,Evanilson,12963,Bournemouth,home,14,BlockedShot,0.08964236825704575,0.899000015258789,0.435,RightFoot,OpenPlay,OffsidePass,2025-09-21 13:00:00,Bournemouth,Newcastle United,2025
28823,Alex Scott,12149,Bournemouth,home,26,MissedShots,0.05896493420004845,0.8219999694824218,0.5520000076293945,RightFoot,OpenPlay,BallTouch,2025-09-21 13:00:00,Bournemouth,Newcastle United,2025
28823,Marcus Tavernier,10741,Bournemouth,home,49,BlockedShot,0.03985908254981041,0.7930000305175782,0.42400001525878905,LeftFoot,OpenPlay,Pass,2025-09-21 13:00:00,Bournemouth,Newcastle United,2025
28823,Antoine Semenyo,11363,Bournemouth,home,52,MissedShots,0.09898174554109573,0.8480000305175781,0.555,RightFoot,OpenPlay,TakeOn,2025-09-21 13:00:00,Bournemouth,Newcastle United,2025
28823,Ryan Christie,10744,Bournemouth,home,89,BlockedShot,0.01893874630331993,0.7669999694824219,0.5379999923706055,LeftFoot,SetPiece,None,2025-09-21 13:00:00,Bournemouth,Newcastle United,2025
28823,Justin Kluivert,6963,Bournemouth,home,90,SavedShot,0.12941735982894897,0.8080000305175781,0.5740000152587891,RightFoot,DirectFreekick,Standard,2025-09-21 13:00:00,Bournemouth,Newcastle United,2025
28823,James Hill,10747,Bournemouth,home,92,MissedShots,0.008657212369143963,0.6630000305175782,0.39,RightFoot,OpenPlay,Aerial,2025-09-21 13:00:00,Bournemouth,Newcastle United,2025
28823,Jacob Murphy,6063,Newcastle United,away,10,SavedShot,0.09077014029026031,0.9490000152587891,0.3559999847412109,RightFoot,OpenPlay,Pass,2025-09-21 13:00:00,Bournemouth,Newcastle United,2025
28823,Sandro Tonali,7958,Newcastle United,away,11,BlockedShot,0.012615949846804142,0.6969999694824218,0.5570000076293945,RightFoot,FromCorner,None,2025-09-21 13:00:00,Bournemouth,Newcastle United,2025
28823,Jacob Murphy,6063,Newcastle United,away,13,MissedShots,0.014184875413775444,0.75,0.6509999847412109,RightFoot,OpenPlay,TakeOn,2025-09-21 13:00:00,Bournemouth,Newcastle United,2025
28823,Sandro Tonali,7958,Newcastle United,away,24,MissedShots,0.03605787828564644,0.785,0.4520000076293945,RightFoot,OpenPlay,Pass,2025-09-21 13:00:00,Bournemouth,Newcastle United,2025
28826,Wilson Isidor,7148,Sunderland,home,12,MissedShots,0.029756717383861542,0.9259999847412109,0.405,Head,OpenPlay,Aerial,2025-09-21 13:00:00,Sunderland,Aston Villa,2025
28826,Wilson Isidor,7148,Sunderland,home,13,SavedShot,0.012449417263269424,0.7290000152587891,0.7119999694824218,RightFoot,OpenPlay,BallRecovery,2025-09-21 13:00:00,Sunderland,Aston Villa,2025
28826,Wilson Isidor,7148,Sunderland,home,17,BlockedShot,0.06845347583293915,0.9080000305175782,0.33,RightFoot,OpenPlay,Pass,2025-09-21 13:00:00,Sunderland,Aston Villa,2025
28826,Omar Alderete,8986,Sunderland,home,19,SavedShot,0.034359678626060486,0.9080000305175782,0.590999984741211,Head,OpenPlay,Pass,2025-09-21 13:00:00,Sunderland,Aston Villa,2025
28826,Chris Rigg,13719,Sunderland,home,31,MissedShots,0.07086944580078125,0.860999984741211,0.5259999847412109,RightFoot,SetPiece,HeadPass,2025-09-21 13:00:00,Sunderland,Aston Villa,2025
28826,Dan Ballard,13715,Sunderland,home,46,MissedShots,0.007273717783391476,0.8159999847412109,0.4379999923706055,Head,SetPiece,Aerial,2025-09-21 13:00:00,Sunderland,Aston Villa,2025
28826,Chemsdine Talbi,13717,Sunderland,home,48,MissedShots,0.018578199669718742,0.855,0.664000015258789,LeftFoot,OpenPlay,Aerial,2025-09-21 13:00:00,Sunderland,Aston Villa,2025
28826,Omar Alderete,8986,Sunderland,home,50,ShotOnPost,0.05181761085987091,0.9209999847412109,0.5820000076293945,Head,OpenPlay,Pass,2025-09-21 13:00:00,Sunderland,Aston Villa,2025
28826,Nordi Mukiele,5659,Sunderland,home,63,BlockedShot,0.02466207556426525,0.9630000305175781,0.40900001525878904,Head,FromCorner,Aerial,2025-09-21 13:00:00,Sunderland,Aston Villa,2025
28826,Wilson Isidor,7148,Sunderland,home,63,MissedShots,0.15331143140792847,0.960999984741211,0.5170000076293946,RightFoot,FromCorner,Rebound,2025-09-21 13:00:00,Sunderland,Aston Villa,2025
28826,Granit Xhaka,204,Sunderland,home,69,SavedShot,0.04233251512050629,0.8119999694824219,0.44,LeftFoot,OpenPlay,BallRecovery,2025-09-21 13:00:00,Sunderland,Aston Villa,2025
28826,Wilson Isidor,7148,Sunderland,home,74,BlockedShot,0.04955695942044258,0.8859999847412109,0.665,RightFoot,OpenPlay,None,2025-09-21 13:00:00,Sunderland,Aston Villa,2025
28826,Chemsdine Talbi,13717,Sunderland,home,74,BlockedShot,0.022139864042401314,0.8009999847412109,0.73,RightFoot,OpenPlay,Pass,2025-09-21 13:00:00,Sunderland,Aston Villa,2025
28826,Wilson Isidor,7148,Sunderland,home,74,Goal,0.35653162002563477,0.9080000305175782,0.5670000076293945,RightFoot,OpenPlay,HeadPass,2025-09-21 13:00:00,Sunderland,Aston Villa,2025
28826,Evann Guessand,8006,Aston Villa,away,25,SavedShot,0.5027073621749878,0.9059999847412109,0.5279999923706055,RightFoot,SetPiece,Pass,2025-09-21 13:00:00,Sunderland,Aston Villa,2025
28826,John McGinn,7723,Aston Villa,away,37,BlockedShot,0.061517272144556046,0.8119999694824219,0.46799999237060547,LeftFoot,OpenPlay,Pass,2025-09-21 13:00:00,Sunderland,Aston Villa,2025
28826,Emiliano Buendía,2203,Aston Villa,away,41,MissedShots,0.05007219687104225,0.815,0.5479999923706055,LeftFoot,OpenPlay,None,2025-09-21 13:00:00,Sunderland,Aston Villa,2025
28826,Emiliano Buendía,2203,Aston Villa,away,45,BlockedShot,0.0449473038315773,0.97,0.7069999694824218,LeftFoot,OpenPlay,None,2025-09-21 13:00:00,Sunderland,Aston Villa,2025
28826,John McGinn,7723,Aston Villa,away,46,MissedShots,0.011377587914466858,0.7040000152587891,0.44799999237060545,LeftFoot,OpenPlay,None,2025-09-21 13:00:00,Sunderland,Aston Villa,2025
28826,Harvey Elliott,7546,Aston Villa,away,60,BlockedShot,0.06307501345872879,0.8590000152587891,0.3559999847412109,LeftFoot,OpenPlay,Pass,2025-09-21 13:00:00,Sunderland,Aston Villa,2025
28826,Matthew Cash,8864,Aston Villa,away,66,Goal,0.022162923589348793,0.7240000152587891,0.44099998474121094,RightFoot,FromCorner,Pass,2025-09-21 13:00:00,Sunderland,Aston Villa,2025
28826,Harvey Elliott,7546,Aston Villa,away,82,MissedShots,0.0680796355009079,0.8419999694824218,0.42700000762939455,LeftFoot,OpenPlay,Tackle,2025-09-21 13:00:00,Sunderland,Aston Villa,2025
28826,Matthew Cash,8864,Aston Villa,away,86,BlockedShot,0.017091330140829086,0.7369999694824219,0.37200000762939456,RightFoot,OpenPlay,Pass,2025-09-21 13:00:00,Sunderland,Aston Villa,2025
28826,Jadon Sancho,6345,Aston Villa,away,86,BlockedShot,0.04608212038874626,0.8440000152587891,0.6730000305175782,RightFoot,OpenPlay,Pass,2025-09-21 13:00:00,Sunderland,Aston Villa,2025
28826,Donyell Malen,9749,Aston Villa,away,92,BlockedShot,0.05224158614873886,0.8219999694824218,0.5659999847412109,RightFoot,OpenPlay,None,2025-09-21 13:00:00,Sunderland,Aston Villa,2025
28827,Noni Madueke,11357,Arsenal,home,31,MissedShots,0.22239868342876434,0.9019999694824219,0.45599998474121095,Head,OpenPlay,Cross,2025-09-21 15:30:00,Arsenal,Manchester City,2025
28827,William Saliba,6888,Arsenal,home,41,MissedShots,0.06771591305732727,0.9330000305175781,0.49599998474121093,Head,FromCorner,Aerial,2025-09-21 15:30:00,Arsenal,Manchester City,2025
28827,Riccardo Calafiori,8129,Arsenal,home,43,MissedShots,0.03855420649051666,0.835999984741211,0.6580000305175782,LeftFoot,OpenPlay,None,2025-09-21 15:30:00,Arsenal,Manchester City,2025
28827,Noni Madueke,11357,Arsenal,home,45,SavedShot,0.061104971915483475,0.9369999694824219,0.3189999961853027,RightFoot,OpenPlay,Pass,2025-09-21 15:30:00,Arsenal,Manchester City,2025
28827,Martín Zubimendi,7526,Arsenal,home,47,MissedShots,0.02714330516755581,0.8619999694824219,0.4179999923706055,RightFoot,OpenPlay,Aerial,2025-09-21 15:30:00,Arsenal,Manchester City,2025
28827,Eberechi Eze,8706,Arsenal,home,49,SavedShot,0.025194693356752396,0.860999984741211,0.40700000762939453,RightFoot,OpenPlay,Aerial,2025-09-21 15:30:00,Arsenal,Manchester City,2025
28827,Bukayo Saka,7322,Arsenal,home,51,BlockedShot,0.04680842161178589,0.874000015258789,0.315,LeftFoot,OpenPlay,Pass,2025-09-21 15:30:00,Arsenal,Manchester City,2025
28827,Leandro Trossard,7698,Arsenal,home,55,BlockedShot,0.03394317999482155,0.8969999694824219,0.32099998474121094,LeftFoot,FromCorner,Pass,2025-09-21 15:30:00,Arsenal,Manchester City,2025
28827,Leandro Trossard,7698,Arsenal,home,59,BlockedShot,0.04437032341957092,0.9690000152587891,0.6179999923706054,RightFoot,FromCorner,Cross,2025-09-21 15:30:00,Arsenal,Manchester City,2025
28827,Riccardo Calafiori,8129,Arsenal,home,75,MissedShots,0.027703458443284035,0.9169999694824219,0.580999984741211,Head,OpenPlay,Aerial,2025-09-21 15:30:00,Arsenal,Manchester City,2025
28827,Riccardo Calafiori,8129,Arsenal,home,80,MissedShots,0.02390633150935173,0.7959999847412109,0.6890000152587891,RightFoot,OpenPlay,Pass,2025-09-21 15:30:00,Arsenal,Manchester City,2025
28827,Gabriel Martinelli,7752,Arsenal,home,92,Goal,0.09973180294036865,0.8490000152587891,0.610999984741211,RightFoot,OpenPlay,Throughball,2025-09-21 15:30:00,Arsenal,Manchester City,2025
28827,Erling Haaland,8260,Manchester City,away,8,Goal,0.5452440977096558,0.9059999847412109,0.44099998474121094,RightFoot,OpenPlay,Pass,2025-09-21 15:30:00,Arsenal,Manchester City,2025
28827,Tijjani Reijnders,11965,Manchester City,away,19,SavedShot,0.07330891489982605,0.8369999694824218,0.624000015258789,RightFoot,OpenPlay,Pass,2025-09-21 15:30:00,Arsenal,Manchester City,2025
28827,Rodri,2496,Manchester City,away,37,MissedShots,0.039945926517248154,0.784000015258789,0.519000015258789,LeftFoot,OpenPlay,Pass,2025-09-21 15:30:00,Arsenal,Manchester City,2025
28827,Erling Haaland,8260,Manchester City,away,56,SavedShot,0.08190350979566574,0.86,0.6730000305175782,LeftFoot,OpenPlay,Pass,2025-09-21 15:30:00,Arsenal,Manchester City,2025
28827,Jéremy Doku,8981,Manchester City,away,81,MissedShots,0.3822949230670929,0.9540000152587891,0.610999984741211,RightFoot,OpenPlay,TakeOn,2025-09-21 15:30:00,Arsenal,Manchester City,2025
28828,Thiago,13222,Brentford,home,7,Goal,0.32880347967147827,0.8530000305175781,0.6140000152587891,LeftFoot,OpenPlay,Chipped,2025-09-27 11:30:00,Brentford,Manchester United,2025
28828,Sepp van den Berg,10721,Brentford,home,16,SavedShot,0.4428175985813141,0.955999984741211,0.4879999923706055,Head,FromCorner,HeadPass,2025-09-27 11:30:00,Brentford,Manchester United,2025
28828,Nathan Collins,9733,Brentford,home,16,SavedShot,0.2888352572917938,0.91,0.44799999237060545,Head,FromCorner,Cross,2025-09-27 11:30:00,Brentford,Manchester United,2025
28828,Thiago,13222,Brentford,home,19,Goal,0.5758193731307983,0.9269999694824219,0.48200000762939454,LeftFoot,OpenPlay,None,2025-09-27 11:30:00,Brentford,Manchester United,2025
28828,Sepp van den Berg,10721,Brentford,home,60,SavedShot,0.6038424372673035,0.9569999694824218,0.47900001525878905,RightFoot,SetPiece,HeadPass,2025-09-27 11:30:00,Brentford,Manchester United,2025
28828,Dango Ouattara,9662,Brentford,home,62,SavedShot,0.36608558893203735,0.87,0.5459999847412109,LeftFoot,OpenPlay,Pass,2025-09-27 11:30:00,Brentford,Manchester United,2025
28828,Thiago,13222,Brentford,home,77,MissedShots,0.025028405711054802,0.7619999694824219,0.5740000152587891,LeftFoot,OpenPlay,Pass,2025-09-27 11:30:00,Brentford,Manchester United,2025
28828,Yehor Yarmolyuk,11772,Brentford,home,79,BlockedShot,0.0747782289981842,0.8219999694824218,0.4759999847412109,LeftFoot,OpenPlay,Interception,2025-09-27 11:30:00,Brentford,Manchester United,2025
28828,Mathias Jensen,7166,Brentford,home,94,Goal,0.05464768409729004,0.7869999694824219,0.6409999847412109,RightFoot,OpenPlay,Pass,2025-09-27 11:30:00,Brentford,Manchester United,2025
28828,Kevin Schade,9156,Brentford,home,97,SavedShot,0.026606498286128044,0.93,0.34200000762939453,RightFoot,SetPiece,Cross,2025-09-27 11:30:00,Brentford,Manchester United,2025
28828,Benjamin Sesko,11974,Manchester United,away,4,BlockedShot,0.14662878215312958,0.8680000305175781,0.34,RightFoot,OpenPlay,Throughball,2025-09-27 11:30:00,Brentford,Manchester United,2025
28828,Matheus Cunha,7080,Manchester United,away,12,MissedShots,0.02199307270348072,0.7709999847412109,0.3659999847412109,RightFoot,OpenPlay,Pass,2025-09-27 11:30:00,Brentford,Manchester United,2025
28828,Benjamin Sesko,11974,Manchester United,away,22,SavedShot,0.027179712429642677,0.7630000305175781,0.46799999237060547,RightFoot,OpenPlay,Pass,2025-09-27 11:30:00,Brentford,Manchester United,2025
28828,Benjamin Sesko,11974,Manchester United,away,25,SavedShot,0.6919364333152771,0.9580000305175781,0.47900001525878905,Head,OpenPlay,Aerial,2025-09-27 11:30:00,Brentford,Manchester United,2025
28828,Benjamin Sesko,11974,Manchester United,away,25,SavedShot,0.6124233603477478,0.9519999694824218,0.4829999923706055,RightFoot,OpenPlay,Rebound,2025-09-27 11:30:00,Brentford,Manchester United,2025
28828,Benjamin Sesko,11974,Manchester United,away,25,Goal,0.6560744643211365,0.9640000152587891,0.5179999923706055,LeftFoot,OpenPlay,Rebound,2025-09-27 11:30:00,Brentford,Manchester United,2025
28828,Matheus Cunha,7080,Manchester United,away,30,BlockedShot,0.0206352137029171,0.7680000305175781,0.4,RightFoot,SetPiece,Pass,2025-09-27 11:30:00,Brentford,Manchester United,2025
28828,Benjamin Sesko,11974,Manchester United,away,31,BlockedShot,0.032091788947582245,0.9290000152587891,0.4209999847412109,Head,FromCorner,Foul,2025-09-27 11:30:00,Brentford,Manchester United,2025
28828,Matheus Cunha,7080,Manchester United,away,36,BlockedShot,0.05628003180027008,0.8119999694824219,0.4620000076293945,RightFoot,OpenPlay,Pass,2025-09-27 11:30:00,Brentford,Manchester United,2025
28828,Harry Maguire,1687,Manchester United,away,37,MissedShots,0.011196505278348923,0.97,0.6279999923706054,Head,FromCorner,Aerial,2025-09-27 11:30:00,Brentford,Manchester United,2025
28828,Matheus Cunha,7080,Manchester United,away,51,SavedShot,0.030238481238484383,0.789000015258789,0.37200000762939456,RightFoot,OpenPlay,Pass,2025-09-27 11:30:00,Brentford,Manchester United,2025
28828,Bruno Fernandes,1228,Manchester United,away,75,SavedShot,0.7611688375473022,0.885,0.5,RightFoot,Penalty,Standard,2025-09-27 11:30:00,Brentford,Manchester United,2025
28828,Matthijs de Ligt,7902,Manchester United,away,82,MissedShots,0.08937100321054459,0.909000015258789,0.48900001525878906,LeftFoot,OpenPlay,None,2025-09-27 11:30:00,Brentford,Manchester United,2025
28828,Joshua Zirkzee,8044,Manchester United,away,91,MissedShots,0.08036608248949051,0.9209999847412109,0.555,Head,OpenPlay,Cross,2025-09-27 11:30:00,Brentford,Manchester United,2025
28829,Enzo Fernández,11356,Chelsea,home,2,SavedShot,0.058469995856285095,0.7419999694824219,0.534000015258789,RightFoot,DirectFreekick,Standard,2025-09-27 14:00:00,Chelsea,Brighton,2025
28829,Pedro Neto,6382,Chelsea,home,3,BlockedShot,0.04814089834690094,0.865,0.6869999694824219,LeftFoot,OpenPlay,Pass,2025-09-27 14:00:00,Chelsea,Brighton,2025
28829,Marc Cucurella,7134,Chelsea,home,4,MissedShots,0.021900545805692673,0.8019999694824219,0.3559999847412109,LeftFoot,FromCorner,None,2025-09-27 14:00:00,Chelsea,Brighton,2025
28829,Estêvão,13775,Chelsea,home,7,BlockedShot,0.06670285016298294,0.8440000152587891,0.38299999237060545,LeftFoot,OpenPlay,Pass,2025-09-27 14:00:00,Chelsea,Brighton,2025
28829,Reece James,8067,Chelsea,home,9,SavedShot,0.017577754333615303,0.759000015258789,0.69,RightFoot,SetPiece,Pass,2025-09-27 14:00:00,Chelsea,Brighton,2025
28829,Estêvão,13775,Chelsea,home,11,BlockedShot,0.13102763891220093,0.9209999847412109,0.3120000076293945,RightFoot,OpenPlay,TakeOn,2025-09-27 14:00:00,Chelsea,Brighton,2025
28829,Estêvão,13775,Chelsea,home,14,BlockedShot,0.09045208990573883,0.8919999694824219,0.3679999923706055,LeftFoot,OpenPlay,Pass,2025-09-27 14:00:00,Chelsea,Brighton,2025
28829,Enzo Fernández,11356,Chelsea,home,23,Goal,0.8962834477424622,0.980999984741211,0.5120000076293946,Head,OpenPlay,None,2025-09-27 14:00:00,Chelsea,Brighton,2025
28829,Pedro Neto,6382,Chelsea,home,27,MissedShots,0.0600149966776371,0.850999984741211,0.705999984741211,LeftFoot,OpenPlay,Pass,2025-09-27 14:00:00,Chelsea,Brighton,2025
28829,Moisés Caicedo,9453,Chelsea,home,57,BlockedShot,0.03930129110813141,0.805,0.48,RightFoot,SetPiece,None,2025-09-27 14:00:00,Chelsea,Brighton,2025
28829,Reece James,8067,Chelsea,home,64,BlockedShot,0.02251484990119934,0.9230000305175782,0.8159999847412109,RightFoot,SetPiece,Pass,2025-09-27 14:00:00,Chelsea,Brighton,2025
28829,Enzo Fernández,11356,Chelsea,home,75,MissedShots,0.018925782293081284,0.745,0.545,RightFoot,SetPiece,Pass,2025-09-27 14:00:00,Chelsea,Brighton,2025
28829,Enzo Fernández,11356,Chelsea,home,102,MissedShots,0.5552152991294861,0.9690000152587891,0.445,Head,OpenPlay,Cross,2025-09-27 14:00:00,Chelsea,Brighton,2025
28829,Carlos Baleba,10527,Brighton,away,5,BlockedShot,0.012917870655655861,0.7469999694824219,0.27600000381469725,LeftFoot,OpenPlay,BallRecovery,2025-09-27 14:00:00,Chelsea,Brighton,2025
28829,Yasin Ayari,11385,Brighton,away,30,MissedShots,0.04777100309729576,0.725999984741211,0.5609999847412109,RightFoot,DirectFreekick,Standard,2025-09-27 14:00:00,Chelsea,Brighton,2025
28829,Lewis Dunk,6048,Brighton,away,41,MissedShots,0.10247869044542313,0.9059999847412109,0.47900001525878905,Head,SetPiece,Cross,2025-09-27 14:00:00,Chelsea,Brighton,2025
28829,Diego Gómez,13364,Brighton,away,54,MissedShots,0.08320274949073792,0.77,0.519000015258789,RightFoot,DirectFreekick,Standard,2025-09-27 14:00:00,Chelsea,Brighton,2025
28829,Yankuba Minteh,12759,Brighton,away,68,MissedShots,0.1492491215467453,0.8969999694824219,0.524000015258789,LeftFoot,OpenPlay,Pass,2025-09-27 14:00:00,Chelsea,Brighton,2025
28829,Jan Paul van Hecke,10807,Brighton,away,71,BlockedShot,0.03411123529076576,0.785,0.500999984741211,RightFoot,OpenPlay,None,2025-09-27 14:00:00,Chelsea,Brighton,2025
28829,Danny Welbeck,501,Brighton,away,71,MissedShots,0.3398641049861908,0.9159999847412109,0.3820000076293945,RightFoot,OpenPlay,Rebound,2025-09-27 14:00:00,Chelsea,Brighton,2025
28829,Danny Welbeck,501,Brighton,away,76,Goal,0.46309441328048706,0.9359999847412109,0.5020000076293946,Head,OpenPlay,Cross,2025-09-27 14:00:00,Chelsea,Brighton,2025
28829,Stefanos Tzimas,14028,Brighton,away,86,MissedShots,0.11290231347084045,0.9219999694824219,0.445,Head,OpenPlay,Cross,2025-09-27 14:00:00,Chelsea,Brighton,2025
28829,Yankuba Minteh,12759,Brighton,away,86,MissedShots,0.05174189805984497,0.9259999847412109,0.5379999923706055,Head,OpenPlay,Rebound,2025-09-27 14:00:00,Chelsea,Brighton,2025
28829,Maxim De Cuyper,13711,Brighton,away,91,Goal,0.4856862723827362,0.965,0.48200000762939454,Head,FromCorner,HeadPass,2025-09-27 14:00:00,Chelsea,Brighton,2025
28829,Danny Welbeck,501,Brighton,away,99,Goal,0.60951828956604,0.95,0.5570000076293945,LeftFoot,OpenPlay,Pass,2025-09-27 14:00:00,Chelsea,Brighton,2025
28830,Ismaila Sarr,5675,Crystal Palace,home,8,Goal,0.8101592063903809,0.9769999694824218,0.4859999847412109,RightFoot,FromCorner,None,2025-09-27 14:00:00,Crystal Palace,Liverpool,2025
28830,Yeremi Pino,9024,Crystal Palace,home,10,SavedShot,0.5153206586837769,0.884000015258789,0.5770000076293945,LeftFoot,OpenPlay,Pass,2025-09-27 14:00:00,Crystal Palace,Liverpool,2025
28830,Daniel Muñoz,12408,Crystal Palace,home,21,SavedShot,0.1408037394285202,0.8980000305175782,0.48400001525878905,LeftFoot,OpenPlay,Pass,2025-09-27 14:00:00,Crystal Palace,Liverpool,2025
28830,Daniel Muñoz,12408,Crystal Palace,home,21,MissedShots,0.03457946702837944,0.8980000305175782,0.48400001525878905,Head,OpenPlay,Rebound,2025-09-27 14:00:00,Crystal Palace,Liverpool,2025
28830,Jean-Philippe Mateta,5735,Crystal Palace,home,22,SavedShot,0.3227490782737732,0.8590000152587891,0.624000015258789,RightFoot,OpenPlay,TakeOn,2025-09-27 14:00:00,Crystal Palace,Liverpool,2025
28830,Adam Wharton,12409,Crystal Palace,home,22,MissedShots,0.019078325480222702,0.7480000305175781,0.585,LeftFoot,OpenPlay,Rebound,2025-09-27 14:00:00,Crystal Palace,Liverpool,2025
28830,Ismaila Sarr,5675,Crystal Palace,home,39,MissedShots,0.13811001181602478,0.9619999694824218,0.5990000152587891,RightFoot,OpenPlay,Pass,2025-09-27 14:00:00,Crystal Palace,Liverpool,2025
28830,Ismaila Sarr,5675,Crystal Palace,home,41,BlockedShot,0.08872662484645844,0.8930000305175781,0.3160000038146973,RightFoot,OpenPlay,Pass,2025-09-27 14:00:00,Crystal Palace,Liverpool,2025
28830,Jean-Philippe Mateta,5735,Crystal Palace,home,50,ShotOnPost,0.02767280861735344,0.7530000305175781,0.5420000076293945,RightFoot,OpenPlay,Pass,2025-09-27 14:00:00,Crystal Palace,Liverpool,2025
28830,Jean-Philippe Mateta,5735,Crystal Palace,home,51,MissedShots,0.32119253277778625,0.899000015258789,0.6120000076293945,LeftFoot,OpenPlay,HeadPass,2025-09-27 14:00:00,Crystal Palace,Liverpool,2025
28830,Jean-Philippe Mateta,5735,Crystal Palace,home,64,SavedShot,0.23649154603481293,0.8830000305175781,0.5129999923706055,Head,OpenPlay,HeadPass,2025-09-27 14:00:00,Crystal Palace,Liverpool,2025
28830,Eddie Nketiah,6482,Crystal Palace,home,78,MissedShots,0.3203686773777008,0.909000015258789,0.48900001525878906,Head,OpenPlay,Cross,2025-09-27 14:00:00,Crystal Palace,Liverpool,2025
28830,Jefferson Lerma,2182,Crystal Palace,home,79,MissedShots,0.020115099847316742,0.7809999847412109,0.39799999237060546,RightFoot,SetPiece,None,2025-09-27 14:00:00,Crystal Palace,Liverpool,2025
28830,Jefferson Lerma,2182,Crystal Palace,home,85,BlockedShot,0.01893117092549801,0.725,0.5870000076293945,RightFoot,OpenPlay,Pass,2025-09-27 14:00:00,Crystal Palace,Liverpool,2025
28830,Daniel Muñoz,12408,Crystal Palace,home,85,SavedShot,0.0978936105966568,0.8619999694824219,0.43099998474121093,LeftFoot,OpenPlay,BallTouch,2025-09-27 14:00:00,Crystal Palace,Liverpool,2025
28830,Eddie Nketiah,6482,Crystal Palace,home,96,Goal,0.4320649802684784,0.924000015258789,0.5540000152587891,LeftFoot,OpenPlay,HeadPass,2025-09-27 14:00:00,Crystal Palace,Liverpool,2025
28830,Mohamed Salah,1250,Liverpool,away,18,BlockedShot,0.10607809573411942,0.7909999847412109,0.5559999847412109,LeftFoot,DirectFreekick,Standard,2025-09-27 14:00:00,Crystal Palace,Liverpool,2025
28830,Ryan Gravenberch,10697,Liverpool,away,18,SavedShot,0.01760987378656864,0.7909999847412109,0.6519999694824219,RightFoot,SetPiece,Rebound,2025-09-27 14:00:00,Crystal Palace,Liverpool,2025
28830,Milos Kerkez,11709,Liverpool,away,18,MissedShots,0.04265880957245827,0.9269999694824219,0.69,LeftFoot,SetPiece,Rebound,2025-09-27 14:00:00,Crystal Palace,Liverpool,2025
28830,Alexander Isak,5232,Liverpool,away,27,MissedShots,0.07774045318365097,0.894000015258789,0.27899999618530275,RightFoot,OpenPlay,BallRecovery,2025-09-27 14:00:00,Crystal Palace,Liverpool,2025
28830,Ibrahima Konaté,6326,Liverpool,away,37,MissedShots,0.3558376729488373,0.9280000305175782,0.4809999847412109,Head,FromCorner,Cross,2025-09-27 14:00:00,Crystal Palace,Liverpool,2025
28830,Florian Wirtz,8397,Liverpool,away,45,BlockedShot,0.08775600045919418,0.865999984741211,0.5929999923706055,LeftFoot,OpenPlay,TakeOn,2025-09-27 14:00:00,Crystal Palace,Liverpool,2025
28830,Alexis Mac Allister,8379,Liverpool,away,46,BlockedShot,0.06512843072414398,0.8209999847412109,0.509000015258789,RightFoot,OpenPlay,Pass,2025-09-27 14:00:00,Crystal Palace,Liverpool,2025
28830,Cody Gakpo,11296,Liverpool,away,51,MissedShots,0.03944385051727295,0.7869999694824219,0.55,RightFoot,OpenPlay,Pass,2025-09-27 14:00:00,Crystal Palace,Liverpool,2025
28830,Mohamed Salah,1250,Liverpool,away,53,SavedShot,0.23416182398796082,0.914000015258789,0.32099998474121094,LeftFoot,OpenPlay,Chipped,2025-09-27 14:00:00,Crystal Palace,Liverpool,2025
28830,Florian Wirtz,8397,Liverpool,away,58,SavedShot,0.473807692527771,0.93,0.519000015258789,RightFoot,OpenPlay,Cross,2025-09-27 14:00:00,Crystal Palace,Liverpool,2025
28830,Cody Gakpo,11296,Liverpool,away,59,BlockedShot,0.026001110672950745,0.8730000305175781,0.7169999694824218,LeftFoot,FromCorner,None,2025-09-27 14:00:00,Crystal Palace,Liverpool,2025
28830,Ryan Gravenberch,10697,Liverpool,away,59,MissedShots,0.01809746026992798,0.759000015258789,0.6459999847412109,RightFoot,OpenPlay,Pass,2025-09-27 14:00:00,Crystal Palace,Liverpool,2025
28830,Alexander Isak,5232,Liverpool,away,63,MissedShots,0.4024654030799866,0.9330000305175781,0.585,RightFoot,OpenPlay,Pass,2025-09-27 14:00:00,Crystal Palace,Liverpool,2025
28830,Cody Gakpo,11296,Liverpool,away,65,MissedShots,0.07172448188066483,0.899000015258789,0.5429999923706055,Head,OpenPlay,Cross,2025-09-27 14:00:00,Crystal Palace,Liverpool,2025
28830,Alexander Isak,5232,Liverpool,away,69,MissedShots,0.3938963711261749,0.9540000152587891,0.4590000152587891,Head,FromCorner,Cross,2025-09-27 14:00:00,Crystal Palace,Liverpool,2025
28830,Curtis Jones,6665,Liverpool,away,75,MissedShots,0.01863868720829487,0.7469999694824219,0.534000015258789,LeftFoot,OpenPlay,BallTouch,2025-09-27 14:00:00,Crystal Palace,Liverpool,2025
28830,Dominik Szoboszlai,9788,Liverpool,away,75,BlockedShot,0.04575251415371895,0.88,0.32099998474121094,RightFoot,OpenPlay,None,2025-09-27 14:00:00,Crystal Palace,Liverpool,2025
28830,Mohamed Salah,1250,Liverpool,away,75,MissedShots,0.13148462772369385,0.9309999847412109,0.46299999237060546,LeftFoot,OpenPlay,Rebound,2025-09-27 14:00:00,Crystal Palace,Liverpool,2025
28830,Federico Chiesa,1433,Liverpool,away,84,MissedShots,0.050919756293296814,0.815,0.48900001525878906,LeftFoot,OpenPlay,Pass,2025-09-27 14:00:00,Crystal Palace,Liverpool,2025
28830,Federico Chiesa,1433,Liverpool,away,86,Goal,0.45563381910324097,0.914000015258789,0.5559999847412109,RightFoot,OpenPlay,None,2025-09-27 14:00:00,Crystal Palace,Liverpool,2025
28832,Dominic Calvert-Lewin,5555,Leeds,home,0,SavedShot,0.29511862993240356,0.8919999694824219,0.3920000076293945,RightFoot,OpenPlay,Chipped,2025-09-27 14:00:00,Leeds,Bournemouth,2025
28832,Sean Longstaff,7078,Leeds,home,17,MissedShots,0.05882275477051735,0.8530000305175781,0.39299999237060546,RightFoot,OpenPlay,None,2025-09-27 14:00:00,Leeds,Bournemouth,2025
28832,Dominic Calvert-Lewin,5555,Leeds,home,17,SavedShot,0.14390301704406738,0.93,0.5409999847412109,RightFoot,OpenPlay,Rebound,2025-09-27 14:00:00,Leeds,Bournemouth,2025
28832,Brenden Aaronson,10751,Leeds,home,17,SavedShot,0.5234494209289551,0.9390000152587891,0.48700000762939455,Head,OpenPlay,Aerial,2025-09-27 14:00:00,Leeds,Bournemouth,2025
28832,Brenden Aaronson,10751,Leeds,home,18,MissedShots,0.05241433158516884,0.8730000305175781,0.37799999237060544,RightFoot,OpenPlay,Cross,2025-09-27 14:00:00,Leeds,Bournemouth,2025
28832,Dominic Calvert-Lewin,5555,Leeds,home,18,SavedShot,0.2850116491317749,0.9080000305175782,0.5479999923706055,Head,OpenPlay,Rebound,2025-09-27 14:00:00,Leeds,Bournemouth,2025
28832,Noah Okafor,11966,Leeds,home,36,BlockedShot,0.019042979925870895,0.7830000305175782,0.634000015258789,RightFoot,FromCorner,None,2025-09-27 14:00:00,Leeds,Bournemouth,2025
28832,Joe Rodon,6377,Leeds,home,36,Goal,0.040956467390060425,0.904000015258789,0.5770000076293945,Head,FromCorner,Cross,2025-09-27 14:00:00,Leeds,Bournemouth,2025
28832,Brenden Aaronson,10751,Leeds,home,43,BlockedShot,0.015542044304311275,0.8280000305175781,0.33599998474121096,RightFoot,OpenPlay,Aerial,2025-09-27 14:00:00,Leeds,Bournemouth,2025
28832,Brenden Aaronson,10751,Leeds,home,51,BlockedShot,0.06817736476659775,0.8330000305175781,0.47099998474121096,RightFoot,OpenPlay,BlockedPass,2025-09-27 14:00:00,Leeds,Bournemouth,2025
28832,Noah Okafor,11966,Leeds,home,53,BlockedShot,0.030303258448839188,0.9230000305175782,0.7230000305175781,RightFoot,FromCorner,None,2025-09-27 14:00:00,Leeds,Bournemouth,2025
28832,Brenden Aaronson,10751,Leeds,home,53,BlockedShot,0.08042635768651962,0.8780000305175781,0.5640000152587891,RightFoot,FromCorner,Rebound,2025-09-27 14:00:00,Leeds,Bournemouth,2025
28832,Sean Longstaff,7078,Leeds,home,53,Goal,0.05472564324736595,0.8630000305175781,0.39599998474121095,RightFoot,FromCorner,None,2025-09-27 14:00:00,Leeds,Bournemouth,2025
28832,Joe Rodon,6377,Leeds,home,64,BlockedShot,0.055537186563014984,0.9359999847412109,0.544000015258789,Head,FromCorner,Aerial,2025-09-27 14:00:00,Leeds,Bournemouth,2025
28832,Joe Rodon,6377,Leeds,home,64,SavedShot,0.1397479772567749,0.9359999847412109,0.5409999847412109,RightFoot,FromCorner,Rebound,2025-09-27 14:00:00,Leeds,Bournemouth,2025
28832,Jack Harrison,8720,Leeds,home,69,SavedShot,0.03881917893886566,0.769000015258789,0.5590000152587891,LeftFoot,OpenPlay,BallTouch,2025-09-27 14:00:00,Leeds,Bournemouth,2025
28832,Jack Harrison,8720,Leeds,home,73,MissedShots,0.05195796489715576,0.88,0.7119999694824218,LeftFoot,OpenPlay,HeadPass,2025-09-27 14:00:00,Leeds,Bournemouth,2025
28832,Pascal Struijk,8717,Leeds,home,78,MissedShots,0.09580859541893005,0.9180000305175782,0.519000015258789,Head,FromCorner,Cross,2025-09-27 14:00:00,Leeds,Bournemouth,2025
28832,Joe Rodon,6377,Leeds,home,85,MissedShots,0.031115632504224777,0.9269999694824219,0.565,Head,FromCorner,Aerial,2025-09-27 14:00:00,Leeds,Bournemouth,2025
28832,Ryan Christie,10744,Bournemouth,away,4,MissedShots,0.015981025993824005,0.7390000152587891,0.5259999847412109,LeftFoot,OpenPlay,Pass,2025-09-27 14:00:00,Leeds,Bournemouth,2025
28832,Ryan Christie,10744,Bournemouth,away,5,MissedShots,0.03374139964580536,0.83,0.5790000152587891,LeftFoot,FromCorner,Pass,2025-09-27 14:00:00,Leeds,Bournemouth,2025
28832,Tyler Adams,7352,Bournemouth,away,9,BlockedShot,0.027403391897678375,0.795,0.3579999923706055,RightFoot,OpenPlay,Pass,2025-09-27 14:00:00,Leeds,Bournemouth,2025
28832,Antoine Semenyo,11363,Bournemouth,away,25,Goal,0.15621031820774078,0.8169999694824219,0.5559999847412109,RightFoot,DirectFreekick,Standard,2025-09-27 14:00:00,Leeds,Bournemouth,2025
28832,Amine Adli,8211,Bournemouth,away,39,SavedShot,0.07953527569770813,0.8430000305175781,0.35400001525878905,LeftFoot,OpenPlay,Pass,2025-09-27 14:00:00,Leeds,Bournemouth,2025
28832,Evanilson,12963,Bournemouth,away,58,MissedShots,0.05434005334973335,0.8480000305175781,0.3990000152587891,LeftFoot,SetPiece,None,2025-09-27 14:00:00,Leeds,Bournemouth,2025
28832,David Brooks,6820,Bournemouth,away,69,SavedShot,0.04596828296780586,0.9580000305175781,0.33099998474121095,LeftFoot,OpenPlay,TakeOn,2025-09-27 14:00:00,Leeds,Bournemouth,2025
28832,Eli Junior Kroupi,11504,Bournemouth,away,83,BlockedShot,0.019791070371866226,0.7319999694824219,0.49,RightFoot,OpenPlay,Pass,2025-09-27 14:00:00,Leeds,Bournemouth,2025
28832,Eli Junior Kroupi,11504,Bournemouth,away,84,SavedShot,0.07590590417385101,0.855,0.58,RightFoot,OpenPlay,Pass,2025-09-27 14:00:00,Leeds,Bournemouth,2025
28832,Eli Junior Kroupi,11504,Bournemouth,away,92,Goal,0.45427587628364563,0.9359999847412109,0.5740000152587891,RightFoot,SetPiece,HeadPass,2025-09-27 14:00:00,Leeds,Bournemouth,2025
28832,David Brooks,6820,Bournemouth,away,95,MissedShots,0.012017984874546528,0.75,0.51,LeftFoot,OpenPlay,Aerial,2025-09-27 14:00:00,Leeds,Bournemouth,2025
28832,Ben Doak,11231,Bournemouth,away,96,BlockedShot,0.08515836298465729,0.874000015258789,0.47900001525878905,RightFoot,OpenPlay,None,2025-09-27 14:00:00,Leeds,Bournemouth,2025
28833,Josko Gvardiol,9790,Manchester City,home,5,BlockedShot,0.015029344707727432,0.735,0.61,LeftFoot,OpenPlay,Pass,2025-09-27 14:00:00,Manchester City,Burnley,2025
28833,Nico O&#039;Reilly,11592,Manchester City,home,10,BlockedShot,0.011042925529181957,0.7680000305175781,0.685,LeftFoot,OpenPlay,Aerial,2025-09-27 14:00:00,Manchester City,Burnley,2025
28833,Sávio,11735,Manchester City,home,10,MissedShots,0.0183347649872303,0.8569999694824219,0.325,LeftFoot,FromCorner,Aerial,2025-09-27 14:00:00,Manchester City,Burnley,2025
28833,Jéremy Doku,8981,Manchester City,home,11,SavedShot,0.11835430562496185,0.925,0.6609999847412109,LeftFoot,OpenPlay,TakeOn,2025-09-27 14:00:00,Manchester City,Burnley,2025
28833,Tijjani Reijnders,11965,Manchester City,home,20,BlockedShot,0.0644005835056305,0.8130000305175781,0.500999984741211,RightFoot,OpenPlay,Pass,2025-09-27 14:00:00,Manchester City,Burnley,2025
28833,Jéremy Doku,8981,Manchester City,home,24,SavedShot,0.34700143337249756,0.9330000305175781,0.644000015258789,LeftFoot,OpenPlay,None,2025-09-27 14:00:00,Manchester City,Burnley,2025
28833,Nico González,9802,Manchester City,home,24,BlockedShot,0.06629744172096252,0.7809999847412109,0.485,RightFoot,OpenPlay,TakeOn,2025-09-27 14:00:00,Manchester City,Burnley,2025
28833,Erling Haaland,8260,Manchester City,home,24,MissedShots,0.4720453917980194,0.9369999694824219,0.45799999237060546,LeftFoot,FromCorner,HeadPass,2025-09-27 14:00:00,Manchester City,Burnley,2025
28833,Erling Haaland,8260,Manchester City,home,39,MissedShots,0.07865875214338303,0.8869999694824219,0.4490000152587891,LeftFoot,OpenPlay,Cross,2025-09-27 14:00:00,Manchester City,Burnley,2025
28833,Matheus Nunes,11000,Manchester City,home,45,MissedShots,0.014534319750964642,0.73,0.5720000076293945,LeftFoot,FromCorner,None,2025-09-27 14:00:00,Manchester City,Burnley,2025
28833,Josko Gvardiol,9790,Manchester City,home,45,BlockedShot,0.016622938215732574,0.7769999694824219,0.6840000152587891,RightFoot,OpenPlay,Pass,2025-09-27 14:00:00,Manchester City,Burnley,2025
28833,Erling Haaland,8260,Manchester City,home,52,BlockedShot,0.012025133706629276,0.9169999694824219,0.34700000762939454,Head,FromCorner,Cross,2025-09-27 14:00:00,Manchester City,Burnley,2025
28833,Tijjani Reijnders,11965,Manchester City,home,58,MissedShots,0.03158290684223175,0.8059999847412109,0.5529999923706055,RightFoot,FromCorner,LayOff,2025-09-27 14:00:00,Manchester City,Burnley,2025
28833,Matheus Nunes,11000,Manchester City,home,60,Goal,0.5216270089149475,0.9330000305175781,0.47200000762939454,RightFoot,OpenPlay,HeadPass,2025-09-27 14:00:00,Manchester City,Burnley,2025
28833,Erling Haaland,8260,Manchester City,home,69,MissedShots,0.04706777259707451,0.9209999847412109,0.43400001525878906,Head,OpenPlay,Aerial,2025-09-27 14:00:00,Manchester City,Burnley,2025
28833,Tijjani Reijnders,11965,Manchester City,home,72,SavedShot,0.028325989842414856,0.73,0.5229999923706055,RightFoot,OpenPlay,Pass,2025-09-27 14:00:00,Manchester City,Burnley,2025
28833,Jéremy Doku,8981,Manchester City,home,74,SavedShot,0.1935984045267105,0.9259999847412109,0.615,RightFoot,OpenPlay,TakeOn,2025-09-27 14:00:00,Manchester City,Burnley,2025
28833,Erling Haaland,8260,Manchester City,home,85,SavedShot,0.09785023331642151,0.87,0.4,LeftFoot,OpenPlay,BallRecovery,2025-09-27 14:00:00,Manchester City,Burnley,2025
28833,Nathan Aké,579,Manchester City,home,86,MissedShots,0.030900202691555023,0.9130000305175782,0.534000015258789,Head,FromCorner,Aerial,2025-09-27 14:00:00,Manchester City,Burnley,2025
28833,Erling Haaland,8260,Manchester City,home,89,Goal,0.5415464043617249,0.919000015258789,0.435,LeftFoot,OpenPlay,Pass,2025-09-27 14:00:00,Manchester City,Burnley,2025
28833,Erling Haaland,8260,Manchester City,home,92,Goal,0.4944879412651062,0.8809999847412109,0.5159999847412109,LeftFoot,OpenPlay,None,2025-09-27 14:00:00,Manchester City,Burnley,2025
28833,Maxime Estève,9487,Burnley,away,11,OwnGoal,0.0,0.04300000190734863,0.47400001525878904,LeftFoot,OpenPlay,Save,2025-09-27 14:00:00,Manchester City,Burnley,2025
28833,Kyle Walker,638,Burnley,away,22,BlockedShot,0.02084440365433693,0.7719999694824219,0.325,RightFoot,OpenPlay,Pass,2025-09-27 14:00:00,Manchester City,Burnley,2025
28833,Loum Tchaouna,9977,Burnley,away,29,BlockedShot,0.07338956743478775,0.86,0.3970000076293945,LeftFoot,OpenPlay,Pass,2025-09-27 14:00:00,Manchester City,Burnley,2025
28833,Josh Laurent,13728,Burnley,away,29,BlockedShot,0.0366329625248909,0.8590000152587891,0.2989999961853027,RightFoot,OpenPlay,Rebound,2025-09-27 14:00:00,Manchester City,Burnley,2025
28833,Jaidon Anthony,10746,Burnley,away,37,Goal,0.10541720688343048,0.8969999694824219,0.5529999923706055,LeftFoot,OpenPlay,Pass,2025-09-27 14:00:00,Manchester City,Burnley,2025
28833,Lyle Foster,7498,Burnley,away,43,MissedShots,0.11199194192886353,0.9130000305175782,0.5370000076293945,RightFoot,OpenPlay,HeadPass,2025-09-27 14:00:00,Manchester City,Burnley,2025
28833,Lyle Foster,7498,Burnley,away,46,BlockedShot,0.053459253162145615,0.8159999847412109,0.6869999694824219,RightFoot,OpenPlay,Pass,2025-09-27 14:00:00,Manchester City,Burnley,2025
28833,Quilindschy Hartman,13727,Burnley,away,55,SavedShot,0.020625118166208267,0.784000015258789,0.6959999847412109,LeftFoot,OpenPlay,Pass,2025-09-27 14:00:00,Manchester City,Burnley,2025
28833,Lyle Foster,7498,Burnley,away,55,BlockedShot,0.0722714439034462,0.904000015258789,0.435,Head,OpenPlay,Cross,2025-09-27 14:00:00,Manchester City,Burnley,2025
28833,Maxime Estève,9487,Burnley,away,56,MissedShots,0.018914276733994484,0.8019999694824219,0.69,LeftFoot,OpenPlay,Rebound,2025-09-27 14:00:00,Manchester City,Burnley,2025
28833,Maxime Estève,9487,Burnley,away,64,OwnGoal,0.0,0.08899999618530273,0.580999984741211,RightFoot,OpenPlay,None,2025-09-27 14:00:00,Manchester City,Burnley,2025
28834,Chris Wood,4456,Nottingham Forest,home,22,MissedShots,0.03518540412187576,0.91,0.5,Head,FromCorner,Aerial,2025-09-27 16:30:00,Nottingham Forest,Sunderland,2025
28834,Elliot Anderson,9154,Nottingham Forest,home,25,BlockedShot,0.11582688987255096,0.8480000305175781,0.5559999847412109,LeftFoot,OpenPlay,Pass,2025-09-27 16:30:00,Nottingham Forest,Sunderland,2025
28834,Chris Wood,4456,Nottingham Forest,home,26,MissedShots,0.03311945125460625,0.8880000305175781,0.46799999237060547,Head,OpenPlay,Aerial,2025-09-27 16:30:00,Nottingham Forest,Sunderland,2025
28834,Dan Ndoye,8662,Nottingham Forest,home,46,BlockedShot,0.05085190013051033,0.87,0.6459999847412109,RightFoot,OpenPlay,None,2025-09-27 16:30:00,Nottingham Forest,Sunderland,2025
28834,Chris Wood,4456,Nottingham Forest,home,47,MissedShots,0.13360798358917236,0.9730000305175781,0.544000015258789,Head,FromCorner,Cross,2025-09-27 16:30:00,Nottingham Forest,Sunderland,2025
28834,James McAtee,10126,Nottingham Forest,home,57,BlockedShot,0.01315337885171175,0.6859999847412109,0.42,LeftFoot,OpenPlay,Pass,2025-09-27 16:30:00,Nottingham Forest,Sunderland,2025
28834,Morgan Gibbs-White,6857,Nottingham Forest,home,63,BlockedShot,0.02340538427233696,0.7630000305175781,0.5729999923706055,LeftFoot,OpenPlay,None,2025-09-27 16:30:00,Nottingham Forest,Sunderland,2025
28834,Morgan Gibbs-White,6857,Nottingham Forest,home,63,MissedShots,0.06003512814640999,0.9059999847412109,0.64,RightFoot,FromCorner,None,2025-09-27 16:30:00,Nottingham Forest,Sunderland,2025
28834,Elliot Anderson,9154,Nottingham Forest,home,64,MissedShots,0.024488838389515877,0.8240000152587891,0.700999984741211,RightFoot,OpenPlay,Pass,2025-09-27 16:30:00,Nottingham Forest,Sunderland,2025
28834,Nikola Milenkovic,6174,Nottingham Forest,home,65,MissedShots,0.04757982864975929,0.889000015258789,0.5159999847412109,Head,FromCorner,Cross,2025-09-27 16:30:00,Nottingham Forest,Sunderland,2025
28834,Elliot Anderson,9154,Nottingham Forest,home,66,MissedShots,0.019006147980690002,0.784000015258789,0.7030000305175781,RightFoot,FromCorner,Pass,2025-09-27 16:30:00,Nottingham Forest,Sunderland,2025
28834,Dilane Bakwa,8920,Nottingham Forest,home,67,SavedShot,0.054700203239917755,0.835999984741211,0.4779999923706055,LeftFoot,OpenPlay,BallTouch,2025-09-27 16:30:00,Nottingham Forest,Sunderland,2025
28834,Igor Jesus,13778,Nottingham Forest,home,72,BlockedShot,0.06851232051849365,0.9030000305175782,0.39,RightFoot,OpenPlay,BallRecovery,2025-09-27 16:30:00,Nottingham Forest,Sunderland,2025
28834,Omari Hutchinson,10348,Nottingham Forest,home,72,SavedShot,0.08545434474945068,0.889000015258789,0.44799999237060545,LeftFoot,OpenPlay,Rebound,2025-09-27 16:30:00,Nottingham Forest,Sunderland,2025
28834,Igor Jesus,13778,Nottingham Forest,home,73,SavedShot,0.05337727442383766,0.8819999694824219,0.48700000762939455,Head,OpenPlay,Cross,2025-09-27 16:30:00,Nottingham Forest,Sunderland,2025
28834,Elliot Anderson,9154,Nottingham Forest,home,73,SavedShot,0.019598819315433502,0.76,0.6370000076293946,RightFoot,OpenPlay,Pass,2025-09-27 16:30:00,Nottingham Forest,Sunderland,2025
28834,Chris Wood,4456,Nottingham Forest,home,79,SavedShot,0.11196960508823395,0.93,0.47099998474121096,RightFoot,OpenPlay,Cross,2025-09-27 16:30:00,Nottingham Forest,Sunderland,2025
28834,Chris Wood,4456,Nottingham Forest,home,79,MissedShots,0.05336592346429825,0.96,0.33099998474121095,RightFoot,OpenPlay,Rebound,2025-09-27 16:30:00,Nottingham Forest,Sunderland,2025
28834,Chris Wood,4456,Nottingham Forest,home,80,MissedShots,0.3272562325000763,0.93,0.5459999847412109,Head,OpenPlay,Cross,2025-09-27 16:30:00,Nottingham Forest,Sunderland,2025
28834,Omari Hutchinson,10348,Nottingham Forest,home,83,SavedShot,0.03048582375049591,0.8209999847412109,0.3029999923706055,LeftFoot,OpenPlay,Pass,2025-09-27 16:30:00,Nottingham Forest,Sunderland,2025
28834,Morgan Gibbs-White,6857,Nottingham Forest,home,87,BlockedShot,0.04506363719701767,0.86,0.3029999923706055,RightFoot,OpenPlay,Pass,2025-09-27 16:30:00,Nottingham Forest,Sunderland,2025
28834,Morato,13068,Nottingham Forest,home,92,MissedShots,0.026082856580615044,0.8169999694824219,0.675,LeftFoot,OpenPlay,Pass,2025-09-27 16:30:00,Nottingham Forest,Sunderland,2025
28834,Wilson Isidor,7148,Sunderland,away,8,MissedShots,0.06955966353416443,0.8519999694824218,0.47,RightFoot,OpenPlay,None,2025-09-27 16:30:00,Nottingham Forest,Sunderland,2025
28834,Noah Sadiki,13716,Sunderland,away,35,BlockedShot,0.02774260938167572,0.7930000305175782,0.6379999923706055,LeftFoot,OpenPlay,Pass,2025-09-27 16:30:00,Nottingham Forest,Sunderland,2025
28834,Omar Alderete,8986,Sunderland,away,37,Goal,0.4132494628429413,0.9480000305175781,0.549000015258789,Head,SetPiece,Chipped,2025-09-27 16:30:00,Nottingham Forest,Sunderland,2025
28834,Wilson Isidor,7148,Sunderland,away,47,BlockedShot,0.15563036501407623,0.8919999694824219,0.610999984741211,RightFoot,OpenPlay,TakeOn,2025-09-27 16:30:00,Nottingham Forest,Sunderland,2025
28834,Trai Hume,13713,Sunderland,away,47,MissedShots,0.021325044333934784,0.7609999847412109,0.32099998474121094,RightFoot,OpenPlay,None,2025-09-27 16:30:00,Nottingham Forest,Sunderland,2025
28834,Arthur Masuaku,1760,Sunderland,away,49,BlockedShot,0.07842346280813217,0.8880000305175781,0.445,LeftFoot,SetPiece,None,2025-09-27 16:30:00,Nottingham Forest,Sunderland,2025
28834,Chemsdine Talbi,13717,Sunderland,away,49,MissedShots,0.03673868253827095,0.855,0.34599998474121096,LeftFoot,SetPiece,Rebound,2025-09-27 16:30:00,Nottingham Forest,Sunderland,2025
28834,Chris Rigg,13719,Sunderland,away,50,MissedShots,0.04101390019059181,0.8190000152587891,0.4879999923706055,LeftFoot,FromCorner,None,2025-09-27 16:30:00,Nottingham Forest,Sunderland,2025
28834,Bertrand Traoré,695,Sunderland,away,68,SavedShot,0.08234591782093048,0.8590000152587891,0.35900001525878905,LeftFoot,OpenPlay,Pass,2025-09-27 16:30:00,Nottingham Forest,Sunderland,2025
28834,Dan Ballard,13715,Sunderland,away,89,MissedShots,0.537736713886261,0.960999984741211,0.5679999923706055,RightFoot,FromCorner,None,2025-09-27 16:30:00,Nottingham Forest,Sunderland,2025
28834,Lutsharel Geertruida,13064,Sunderland,away,93,SavedShot,0.48065900802612305,0.915,0.4420000076293945,RightFoot,OpenPlay,Pass,2025-09-27 16:30:00,Nottingham Forest,Sunderland,2025
28835,Mohammed Kudus,12027,Tottenham,home,14,SavedShot,0.4103844463825226,0.9719999694824218,0.43200000762939456,Head,OpenPlay,Cross,2025-09-27 19:00:00,Tottenham,Wolverhampton Wanderers,2025
28835,Lucas Bergvall,12912,Tottenham,home,22,MissedShots,0.13262152671813965,0.8640000152587891,0.5029999923706054,RightFoot,OpenPlay,End,2025-09-27 19:00:00,Tottenham,Wolverhampton Wanderers,2025
28835,Micky van de Ven,10050,Tottenham,home,29,BlockedShot,0.021339932456612587,0.8930000305175781,0.4,Head,FromCorner,Cross,2025-09-27 19:00:00,Tottenham,Wolverhampton Wanderers,2025
28835,Lucas Bergvall,12912,Tottenham,home,40,MissedShots,0.061938971281051636,0.889000015258789,0.47900001525878905,RightFoot,FromCorner,Cross,2025-09-27 19:00:00,Tottenham,Wolverhampton Wanderers,2025
28835,Mohammed Kudus,12027,Tottenham,home,42,SavedShot,0.03407825157046318,0.8530000305175781,0.28399999618530275,LeftFoot,OpenPlay,Chipped,2025-09-27 19:00:00,Tottenham,Wolverhampton Wanderers,2025
28835,Rodrigo Bentancur,6108,Tottenham,home,60,BlockedShot,0.06092238053679466,0.8930000305175781,0.625999984741211,RightFoot,OpenPlay,None,2025-09-27 19:00:00,Tottenham,Wolverhampton Wanderers,2025
28835,Richarlison,6026,Tottenham,home,79,MissedShots,0.013495173305273056,0.8680000305175781,0.585999984741211,Head,OpenPlay,Aerial,2025-09-27 19:00:00,Tottenham,Wolverhampton Wanderers,2025
28835,Cristian Romero,7218,Tottenham,home,81,MissedShots,0.018122714012861252,0.730999984741211,0.4620000076293945,RightFoot,OpenPlay,Pass,2025-09-27 19:00:00,Tottenham,Wolverhampton Wanderers,2025
28835,João Palhinha,10715,Tottenham,home,82,MissedShots,0.015520984306931496,0.7330000305175781,0.5629999923706055,RightFoot,OpenPlay,Dispossessed,2025-09-27 19:00:00,Tottenham,Wolverhampton Wanderers,2025
28835,João Palhinha,10715,Tottenham,home,93,Goal,0.050286512821912766,0.8169999694824219,0.629000015258789,RightFoot,OpenPlay,LayOff,2025-09-27 19:00:00,Tottenham,Wolverhampton Wanderers,2025
28835,Jørgen Strand Larsen,11070,Wolverhampton Wanderers,away,5,MissedShots,0.06253957748413086,0.945,0.57,Head,OpenPlay,Aerial,2025-09-27 19:00:00,Tottenham,Wolverhampton Wanderers,2025
28835,Hee-Chan Hwang,8845,Wolverhampton Wanderers,away,24,MissedShots,0.01300862617790699,0.7130000305175781,0.7180000305175781,RightFoot,FromCorner,Pass,2025-09-27 19:00:00,Tottenham,Wolverhampton Wanderers,2025
28835,Jhon Arias,13741,Wolverhampton Wanderers,away,37,MissedShots,0.02225051261484623,0.8080000305175781,0.2560000038146973,RightFoot,OpenPlay,Pass,2025-09-27 19:00:00,Tottenham,Wolverhampton Wanderers,2025
28835,Jhon Arias,13741,Wolverhampton Wanderers,away,47,BlockedShot,0.03637189418077469,0.765,0.639000015258789,LeftFoot,OpenPlay,None,2025-09-27 19:00:00,Tottenham,Wolverhampton Wanderers,2025
28835,Matt Doherty,6852,Wolverhampton Wanderers,away,48,ShotOnPost,0.05208981782197952,0.9309999847412109,0.335,RightFoot,FromCorner,None,2025-09-27 19:00:00,Tottenham,Wolverhampton Wanderers,2025
28835,Ladislav Krejcí,12721,Wolverhampton Wanderers,away,53,SavedShot,0.0227481909096241,0.899000015258789,0.4,Head,FromCorner,Cross,2025-09-27 19:00:00,Tottenham,Wolverhampton Wanderers,2025
28835,Santiago Bueno,10945,Wolverhampton Wanderers,away,53,Goal,0.627437174320221,0.9569999694824218,0.524000015258789,RightFoot,FromCorner,Rebound,2025-09-27 19:00:00,Tottenham,Wolverhampton Wanderers,2025
28835,Jean-Ricner Bellegarde,7762,Wolverhampton Wanderers,away,67,MissedShots,0.0792684480547905,0.8969999694824219,0.645,LeftFoot,OpenPlay,Chipped,2025-09-27 19:00:00,Tottenham,Wolverhampton Wanderers,2025
28835,Hugo Bueno,10140,Wolverhampton Wanderers,away,73,SavedShot,0.2580723166465759,0.8930000305175781,0.6940000152587891,LeftFoot,OpenPlay,Pass,2025-09-27 19:00:00,Tottenham,Wolverhampton Wanderers,2025
28831,Harvey Elliott,7546,Aston Villa,home,15,BlockedShot,0.036054305732250214,0.9569999694824218,0.664000015258789,LeftFoot,FromCorner,Cross,2025-09-28 13:00:00,Aston Villa,Fulham,2025
28831,John McGinn,7723,Aston Villa,home,16,MissedShots,0.26074323058128357,0.9019999694824219,0.39099998474121095,LeftFoot,OpenPlay,Foul,2025-09-28 13:00:00,Aston Villa,Fulham,2025
28831,Matthew Cash,8864,Aston Villa,home,34,MissedShots,0.011156515218317509,0.740999984741211,0.6329999923706054,RightFoot,SetPiece,None,2025-09-28 13:00:00,Aston Villa,Fulham,2025
28831,Ollie Watkins,8865,Aston Villa,home,36,Goal,0.2963070869445801,0.879000015258789,0.5220000076293946,RightFoot,OpenPlay,Throughball,2025-09-28 13:00:00,Aston Villa,Fulham,2025
28831,John McGinn,7723,Aston Villa,home,42,BlockedShot,0.019020991399884224,0.7440000152587891,0.5820000076293945,LeftFoot,OpenPlay,Pass,2025-09-28 13:00:00,Aston Villa,Fulham,2025
28831,John McGinn,7723,Aston Villa,home,48,Goal,0.033619143068790436,0.78,0.534000015258789,LeftFoot,OpenPlay,Pass,2025-09-28 13:00:00,Aston Villa,Fulham,2025
28831,Emiliano Buendía,2203,Aston Villa,home,50,Goal,0.6291019916534424,0.955999984741211,0.5379999923706055,RightFoot,OpenPlay,None,2025-09-28 13:00:00,Aston Villa,Fulham,2025
28831,Lucas Digne,1823,Aston Villa,home,53,SavedShot,0.0548059418797493,0.7630000305175781,0.3340000152587891,LeftFoot,DirectFreekick,Standard,2025-09-28 13:00:00,Aston Villa,Fulham,2025
28831,Emiliano Buendía,2203,Aston Villa,home,63,MissedShots,0.024937927722930908,0.740999984741211,0.40299999237060546,RightFoot,OpenPlay,Pass,2025-09-28 13:00:00,Aston Villa,Fulham,2025
28831,Raúl Jiménez,4105,Fulham,away,2,Goal,0.0814206451177597,0.9480000305175781,0.5829999923706055,Head,FromCorner,Cross,2025-09-28 13:00:00,Aston Villa,Fulham,2025
28831,Joshua King,12410,Fulham,away,11,SavedShot,0.06625490635633469,0.865,0.66,RightFoot,OpenPlay,None,2025-09-28 13:00:00,Aston Villa,Fulham,2025
28831,Joshua King,12410,Fulham,away,22,BlockedShot,0.2218199074268341,0.8540000152587891,0.590999984741211,RightFoot,OpenPlay,TakeOn,2025-09-28 13:00:00,Aston Villa,Fulham,2025
28831,Harry Wilson,5596,Fulham,away,28,BlockedShot,0.023829974234104156,0.754000015258789,0.4179999923706055,LeftFoot,OpenPlay,Chipped,2025-09-28 13:00:00,Aston Villa,Fulham,2025
28831,Harry Wilson,5596,Fulham,away,39,BlockedShot,0.029906651005148888,0.749000015258789,0.5729999923706055,LeftFoot,OpenPlay,Pass,2025-09-28 13:00:00,Aston Villa,Fulham,2025
28831,Joshua King,12410,Fulham,away,42,SavedShot,0.050965968519449234,0.8819999694824219,0.5359999847412109,Head,OpenPlay,Cross,2025-09-28 13:00:00,Aston Villa,Fulham,2025
28831,Harry Wilson,5596,Fulham,away,47,MissedShots,0.09630493074655533,0.855999984741211,0.525,LeftFoot,OpenPlay,Pass,2025-09-28 13:00:00,Aston Villa,Fulham,2025
28831,Sasa Lukic,1537,Fulham,away,53,BlockedShot,0.3094286322593689,0.9080000305175782,0.37099998474121093,RightFoot,OpenPlay,Pass,2025-09-28 13:00:00,Aston Villa,Fulham,2025
28831,Samuel Chukwueze,7208,Fulham,away,81,MissedShots,0.03951043635606766,0.865999984741211,0.42700000762939455,LeftFoot,OpenPlay,Aerial,2025-09-28 13:00:00,Aston Villa,Fulham,2025
28831,Sasa Lukic,1537,Fulham,away,85,MissedShots,0.008021335117518902,0.8530000305175781,0.37099998474121093,Head,OpenPlay,Cross,2025-09-28 13:00:00,Aston Villa,Fulham,2025
28831,Samuel Chukwueze,7208,Fulham,away,90,MissedShots,0.025148577988147736,0.8490000152587891,0.6029999923706054,LeftFoot,OpenPlay,Aerial,2025-09-28 13:00:00,Aston Villa,Fulham,2025
28836,Malick Thiaw,8378,Newcastle United,home,10,SavedShot,0.01677485555410385,0.8909999847412109,0.5170000076293946,Head,FromCorner,Aerial,2025-09-28 15:30:00,Newcastle United,Arsenal,2025
28836,Malick Thiaw,8378,Newcastle United,home,12,BlockedShot,0.02546302229166031,0.905,0.5170000076293946,Head,FromCorner,Aerial,2025-09-28 15:30:00,Newcastle United,Arsenal,2025
28836,Anthony Gordon,8150,Newcastle United,home,25,SavedShot,0.04746071621775627,0.815,0.7230000305175781,RightFoot,OpenPlay,Pass,2025-09-28 15:30:00,Newcastle United,Arsenal,2025
28836,Nick Woltemade,8117,Newcastle United,home,33,Goal,0.3389509320259094,0.924000015258789,0.49700000762939456,Head,FromCorner,Cross,2025-09-28 15:30:00,Newcastle United,Arsenal,2025
28836,Joelinton,87,Newcastle United,home,56,MissedShots,0.021990980952978134,0.8490000152587891,0.7430000305175781,LeftFoot,SetPiece,Pass,2025-09-28 15:30:00,Newcastle United,Arsenal,2025
28836,Jacob Murphy,6063,Newcastle United,home,64,BlockedShot,0.15196345746517181,0.9069999694824219,0.6659999847412109,LeftFoot,OpenPlay,Throughball,2025-09-28 15:30:00,Newcastle United,Arsenal,2025
28836,Anthony Elanga,9524,Newcastle United,home,85,BlockedShot,0.058944594115018845,0.9019999694824219,0.3089999961853027,RightFoot,OpenPlay,Pass,2025-09-28 15:30:00,Newcastle United,Arsenal,2025
28836,Jamaal Lascelles,766,Newcastle United,home,98,BlockedShot,0.0783025473356247,0.8859999847412109,0.55,LeftFoot,SetPiece,None,2025-09-28 15:30:00,Newcastle United,Arsenal,2025
28836,Viktor Gyokeres,7254,Arsenal,away,1,SavedShot,0.02406321093440056,0.865,0.4229999923706055,Head,SetPiece,Cross,2025-09-28 15:30:00,Newcastle United,Arsenal,2025
28836,Eberechi Eze,8706,Arsenal,away,4,SavedShot,0.06574471294879913,0.8580000305175781,0.5929999923706055,LeftFoot,OpenPlay,None,2025-09-28 15:30:00,Newcastle United,Arsenal,2025
28836,Viktor Gyokeres,7254,Arsenal,away,6,BlockedShot,0.10123506933450699,0.8680000305175781,0.4259999847412109,RightFoot,OpenPlay,Pass,2025-09-28 15:30:00,Newcastle United,Arsenal,2025
28836,Riccardo Calafiori,8129,Arsenal,away,23,MissedShots,0.06120205298066139,0.945,0.425,Head,SetPiece,HeadPass,2025-09-28 15:30:00,Newcastle United,Arsenal,2025
28836,Leandro Trossard,7698,Arsenal,away,24,ShotOnPost,0.3624851405620575,0.9180000305175782,0.605,LeftFoot,OpenPlay,Pass,2025-09-28 15:30:00,Newcastle United,Arsenal,2025
28836,Eberechi Eze,8706,Arsenal,away,27,BlockedShot,0.09040358662605286,0.8430000305175781,0.505,LeftFoot,OpenPlay,Pass,2025-09-28 15:30:00,Newcastle United,Arsenal,2025
28836,Eberechi Eze,8706,Arsenal,away,28,SavedShot,0.0644865557551384,0.8390000152587891,0.46599998474121096,RightFoot,OpenPlay,None,2025-09-28 15:30:00,Newcastle United,Arsenal,2025
28836,Bukayo Saka,7322,Arsenal,away,31,SavedShot,0.07395860552787781,0.9219999694824219,0.27399999618530274,RightFoot,OpenPlay,Pass,2025-09-28 15:30:00,Newcastle United,Arsenal,2025
28836,Riccardo Calafiori,8129,Arsenal,away,48,MissedShots,0.011338875629007816,0.8830000305175781,0.85,LeftFoot,OpenPlay,Chipped,2025-09-28 15:30:00,Newcastle United,Arsenal,2025
28836,Viktor Gyokeres,7254,Arsenal,away,50,MissedShots,0.018635112792253494,0.860999984741211,0.580999984741211,Head,OpenPlay,Cross,2025-09-28 15:30:00,Newcastle United,Arsenal,2025
28836,Eberechi Eze,8706,Arsenal,away,54,MissedShots,0.08038090169429779,0.8859999847412109,0.505,LeftFoot,OpenPlay,Cross,2025-09-28 15:30:00,Newcastle United,Arsenal,2025
28836,Jurriën Timber,11707,Arsenal,away,58,SavedShot,0.25163203477859497,0.9230000305175782,0.519000015258789,Head,OpenPlay,Chipped,2025-09-28 15:30:00,Newcastle United,Arsenal,2025
28836,Jurriën Timber,11707,Arsenal,away,59,MissedShots,0.09533271938562393,0.9169999694824219,0.5829999923706055,RightFoot,FromCorner,HeadPass,2025-09-28 15:30:00,Newcastle United,Arsenal,2025
28836,Bukayo Saka,7322,Arsenal,away,68,BlockedShot,0.028277697041630745,0.8530000305175781,0.2720000076293945,LeftFoot,OpenPlay,Pass,2025-09-28 15:30:00,Newcastle United,Arsenal,2025
28836,Viktor Gyokeres,7254,Arsenal,away,70,BlockedShot,0.05164819583296776,0.9540000152587891,0.325,RightFoot,OpenPlay,None,2025-09-28 15:30:00,Newcastle United,Arsenal,2025
28836,Viktor Gyokeres,7254,Arsenal,away,81,BlockedShot,0.05949404463171959,0.835999984741211,0.4159999847412109,RightFoot,OpenPlay,Pass,2025-09-28 15:30:00,Newcastle United,Arsenal,2025
28836,Viktor Gyokeres,7254,Arsenal,away,81,MissedShots,0.057766225188970566,0.865,0.3990000152587891,RightFoot,OpenPlay,Rebound,2025-09-28 15:30:00,Newcastle United,Arsenal,2025
28836,Mikel Merino,5304,Arsenal,away,83,Goal,0.032971903681755066,0.909000015258789,0.5279999923706055,Head,FromCorner,Aerial,2025-09-28 15:30:00,Newcastle United,Arsenal,2025
28836,Gabriel Martinelli,7752,Arsenal,away,94,BlockedShot,0.042304981499910355,0.8209999847412109,0.51,LeftFoot,FromCorner,None,2025-09-28 15:30:00,Newcastle United,Arsenal,2025
28836,Gabriel,5613,Arsenal,away,95,Goal,0.5005578398704529,0.9580000305175781,0.485,Head,FromCorner,Cross,2025-09-28 15:30:00,Newcastle United,Arsenal,2025
28837,Beto,9983,Everton,home,14,SavedShot,0.259369432926178,0.9109999847412109,0.455,Head,OpenPlay,Cross,2025-09-29 19:00:00,Everton,West Ham,2025
28837,Iliman Ndiaye,9307,Everton,home,15,SavedShot,0.07146254181861877,0.840999984741211,0.33599998474121096,LeftFoot,OpenPlay,Pass,2025-09-29 19:00:00,Everton,West Ham,2025
28837,Michael Keane,1653,Everton,home,17,Goal,0.06543771922588348,0.895,0.5220000076293946,Head,FromCorner,Cross,2025-09-29 19:00:00,Everton,West Ham,2025
28837,Kiernan Dewsbury-Hall,9739,Everton,home,34,MissedShots,0.03163493052124977,0.9009999847412109,0.5520000076293945,Head,SetPiece,Aerial,2025-09-29 19:00:00,Everton,West Ham,2025
28837,Jake O&#039;Brien,12014,Everton,home,47,BlockedShot,0.07636772096157074,0.9359999847412109,0.33099998474121095,RightFoot,OpenPlay,None,2025-09-29 19:00:00,Everton,West Ham,2025
28837,Idrissa Gueye,668,Everton,home,48,MissedShots,0.040562789887189865,0.8219999694824218,0.39099998474121095,RightFoot,FromCorner,Pass,2025-09-29 19:00:00,Everton,West Ham,2025
28837,James Garner,7438,Everton,home,49,BlockedShot,0.08038363605737686,0.884000015258789,0.3290000152587891,RightFoot,OpenPlay,Pass,2025-09-29 19:00:00,Everton,West Ham,2025
28837,James Garner,7438,Everton,home,51,SavedShot,0.08670539408922195,0.8440000152587891,0.5820000076293945,RightFoot,OpenPlay,Pass,2025-09-29 19:00:00,Everton,West Ham,2025
28837,Kiernan Dewsbury-Hall,9739,Everton,home,55,BlockedShot,0.08681735396385193,0.850999984741211,0.5770000076293945,LeftFoot,OpenPlay,Pass,2025-09-29 19:00:00,Everton,West Ham,2025
28837,James Garner,7438,Everton,home,57,SavedShot,0.027368303388357162,0.855,0.30700000762939456,RightFoot,FromCorner,None,2025-09-29 19:00:00,Everton,West Ham,2025
28837,James Garner,7438,Everton,home,82,MissedShots,0.04392853006720543,0.7980000305175782,0.785,RightFoot,DirectFreekick,Standard,2025-09-29 19:00:00,Everton,West Ham,2025
28837,James Garner,7438,Everton,home,89,SavedShot,0.03966496139764786,0.8159999847412109,0.6029999923706054,RightFoot,SetPiece,Pass,2025-09-29 19:00:00,Everton,West Ham,2025
28837,Lucas Paquetá,7365,West Ham,away,8,BlockedShot,0.07278106361627579,0.825999984741211,0.5379999923706055,LeftFoot,OpenPlay,Pass,2025-09-29 19:00:00,Everton,West Ham,2025
28837,Crysencio Summerville,9492,West Ham,away,12,BlockedShot,0.07681732624769211,0.8719999694824219,0.39299999237060546,RightFoot,OpenPlay,BallTouch,2025-09-29 19:00:00,Everton,West Ham,2025
28837,Niclas Füllkrug,6098,West Ham,away,15,MissedShots,0.07815655320882797,0.875999984741211,0.49700000762939456,LeftFoot,OpenPlay,Cross,2025-09-29 19:00:00,Everton,West Ham,2025
28837,Niclas Füllkrug,6098,West Ham,away,25,SavedShot,0.06523264199495316,0.9430000305175781,0.5459999847412109,Head,OpenPlay,Aerial,2025-09-29 19:00:00,Everton,West Ham,2025
28837,Konstantinos Mavropanos,6722,West Ham,away,36,BlockedShot,0.044574204832315445,0.945,0.4129999923706055,Head,SetPiece,Aerial,2025-09-29 19:00:00,Everton,West Ham,2025
28837,Mateus Fernandes,12948,West Ham,away,54,BlockedShot,0.015659164637327194,0.725999984741211,0.39099998474121095,RightFoot,OpenPlay,Pass,2025-09-29 19:00:00,Everton,West Ham,2025
28837,Crysencio Summerville,9492,West Ham,away,57,MissedShots,0.027432063594460487,0.830999984741211,0.705,RightFoot,OpenPlay,None,2025-09-29 19:00:00,Everton,West Ham,2025
28837,Crysencio Summerville,9492,West Ham,away,62,SavedShot,0.08749948441982269,0.909000015258789,0.505,RightFoot,SetPiece,None,2025-09-29 19:00:00,Everton,West Ham,2025
28837,Jarrod Bowen,1776,West Ham,away,64,Goal,0.061372317373752594,0.8719999694824219,0.27399999618530274,LeftFoot,OpenPlay,None,2025-09-29 19:00:00,Everton,West Ham,2025
28837,Jarrod Bowen,1776,West Ham,away,71,BlockedShot,0.07005307078361511,0.9030000305175782,0.3189999961853027,LeftFoot,OpenPlay,Pass,2025-09-29 19:00:00,Everton,West Ham,2025
28837,Konstantinos Mavropanos,6722,West Ham,away,72,MissedShots,0.036147017031908035,0.9209999847412109,0.4540000152587891,Head,FromCorner,Aerial,2025-09-29 19:00:00,Everton,West Ham,2025
28837,El Hadji Malick Diouf,13723,West Ham,away,79,MissedShots,0.017835404723882675,0.7880000305175782,0.669000015258789,LeftFoot,FromCorner,None,2025-09-29 19:00:00,Everton,West Ham,2025
28837,Jarrod Bowen,1776,West Ham,away,87,BlockedShot,0.06768626719713211,0.9209999847412109,0.32099998474121094,LeftFoot,OpenPlay,Pass,2025-09-29 19:00:00,Everton,West Ham,2025
28837,Mateus Fernandes,12948,West Ham,away,87,MissedShots,0.05451938882470131,0.8130000305175781,0.5259999847412109,LeftFoot,OpenPlay,Pass,2025-09-29 19:00:00,Everton,West Ham,2025
28838,Adrien Truffert,8640,Bournemouth,home,4,MissedShots,0.029585767537355423,0.85,0.7,RightFoot,OpenPlay,TakeOn,2025-10-03 19:00:00,Bournemouth,Fulham,2025
28838,Tyler Adams,7352,Bournemouth,home,9,SavedShot,0.019104434177279472,0.759000015258789,0.6419999694824219,RightFoot,OpenPlay,BallRecovery,2025-10-03 19:00:00,Bournemouth,Fulham,2025
28838,Antoine Semenyo,11363,Bournemouth,home,41,SavedShot,0.04779558628797531,0.91,0.7030000305175781,LeftFoot,OpenPlay,None,2025-10-03 19:00:00,Bournemouth,Fulham,2025
28838,Alex Scott,12149,Bournemouth,home,43,BlockedShot,0.01463584415614605,0.730999984741211,0.5320000076293945,RightFoot,OpenPlay,None,2025-10-03 19:00:00,Bournemouth,Fulham,2025
28838,Alex Scott,12149,Bournemouth,home,46,BlockedShot,0.05144083499908447,0.815,0.500999984741211,RightFoot,OpenPlay,Pass,2025-10-03 19:00:00,Bournemouth,Fulham,2025
28838,Evanilson,12963,Bournemouth,home,51,MissedShots,0.5538159608840942,0.975,0.4329999923706055,RightFoot,FromCorner,None,2025-10-03 19:00:00,Bournemouth,Fulham,2025
28838,Evanilson,12963,Bournemouth,home,52,SavedShot,0.04415521025657654,0.84,0.46799999237060547,LeftFoot,OpenPlay,HeadPass,2025-10-03 19:00:00,Bournemouth,Fulham,2025
28838,Antoine Semenyo,11363,Bournemouth,home,77,Goal,0.07629428058862686,0.975999984741211,0.654000015258789,RightFoot,OpenPlay,TakeOn,2025-10-03 19:00:00,Bournemouth,Fulham,2025
28838,Alex Scott,12149,Bournemouth,home,82,BlockedShot,0.02374020777642727,0.759000015258789,0.5740000152587891,RightFoot,OpenPlay,BallRecovery,2025-10-03 19:00:00,Bournemouth,Fulham,2025
28838,Justin Kluivert,6963,Bournemouth,home,83,Goal,0.016847336664795876,0.7069999694824218,0.48400001525878905,RightFoot,OpenPlay,Pass,2025-10-03 19:00:00,Bournemouth,Fulham,2025
28838,Antoine Semenyo,11363,Bournemouth,home,95,Goal,0.45716217160224915,0.850999984741211,0.5629999923706055,LeftFoot,OpenPlay,Pass,2025-10-03 19:00:00,Bournemouth,Fulham,2025
28838,Tom Cairney,6835,Fulham,away,22,MissedShots,0.014666230417788029,0.7269999694824218,0.48400001525878905,LeftFoot,FromCorner,None,2025-10-03 19:00:00,Bournemouth,Fulham,2025
28838,Alex Iwobi,500,Fulham,away,29,BlockedShot,0.07047992199659348,0.8119999694824219,0.4909999847412109,RightFoot,OpenPlay,TakeOn,2025-10-03 19:00:00,Bournemouth,Fulham,2025
28838,Alex Iwobi,500,Fulham,away,45,SavedShot,0.04145493730902672,0.8119999694824219,0.6220000076293946,LeftFoot,OpenPlay,Pass,2025-10-03 19:00:00,Bournemouth,Fulham,2025
28838,Alex Iwobi,500,Fulham,away,56,BlockedShot,0.020594114437699318,0.7480000305175781,0.47299999237060547,RightFoot,OpenPlay,None,2025-10-03 19:00:00,Bournemouth,Fulham,2025
28838,Timothy Castagne,6157,Fulham,away,57,BlockedShot,0.04700719565153122,0.8919999694824219,0.43900001525878907,Head,OpenPlay,Cross,2025-10-03 19:00:00,Bournemouth,Fulham,2025
28838,Harry Wilson,5596,Fulham,away,57,SavedShot,0.06420940160751343,0.875,0.6559999847412109,LeftFoot,OpenPlay,Chipped,2025-10-03 19:00:00,Bournemouth,Fulham,2025
28838,Joshua King,12410,Fulham,away,59,MissedShots,0.016472890973091125,0.7630000305175781,0.7140000152587891,RightFoot,FromCorner,Pass,2025-10-03 19:00:00,Bournemouth,Fulham,2025
28838,Ryan Sessegnon,6837,Fulham,away,69,Goal,0.3523477613925934,0.9130000305175782,0.6090000152587891,LeftFoot,OpenPlay,Throughball,2025-10-03 19:00:00,Bournemouth,Fulham,2025
28838,Kevin,14030,Fulham,away,82,SavedShot,0.04249051958322525,0.805,0.6,RightFoot,OpenPlay,Pass,2025-10-03 19:00:00,Bournemouth,Fulham,2025
28838,Tom Cairney,6835,Fulham,away,86,MissedShots,0.06398298591375351,0.8640000152587891,0.56,LeftFoot,OpenPlay,None,2025-10-03 19:00:00,Bournemouth,Fulham,2025
28838,Tom Cairney,6835,Fulham,away,93,MissedShots,0.03199862316250801,0.7719999694824219,0.509000015258789,LeftFoot,OpenPlay,Pass,2025-10-03 19:00:00,Bournemouth,Fulham,2025
28838,Tom Cairney,6835,Fulham,away,94,BlockedShot,0.07764577120542526,0.965,0.634000015258789,LeftFoot,OpenPlay,Pass,2025-10-03 19:00:00,Bournemouth,Fulham,2025
28844,Anton Stach,9910,Leeds,home,4,MissedShots,0.03810622915625572,0.8719999694824219,0.3679999923706055,RightFoot,FromCorner,Cross,2025-10-04 11:30:00,Leeds,Tottenham,2025
28844,Joe Rodon,6377,Leeds,home,6,ShotOnPost,0.2322663515806198,0.97,0.40099998474121096,Head,SetPiece,Aerial,2025-10-04 11:30:00,Leeds,Tottenham,2025
28844,Pascal Struijk,8717,Leeds,home,6,MissedShots,0.06113003194332123,0.914000015258789,0.48700000762939455,Head,SetPiece,HeadPass,2025-10-04 11:30:00,Leeds,Tottenham,2025
28844,Dominic Calvert-Lewin,5555,Leeds,home,25,MissedShots,0.060694314539432526,0.8590000152587891,0.585999984741211,RightFoot,OpenPlay,BallRecovery,2025-10-04 11:30:00,Leeds,Tottenham,2025
28844,Brenden Aaronson,10751,Leeds,home,33,SavedShot,0.07747303694486618,0.879000015258789,0.37799999237060544,LeftFoot,OpenPlay,LayOff,2025-10-04 11:30:00,Leeds,Tottenham,2025
28844,Noah Okafor,11966,Leeds,home,33,Goal,0.6810007095336914,0.9669999694824218,0.54,RightFoot,OpenPlay,Rebound,2025-10-04 11:30:00,Leeds,Tottenham,2025
28844,Sean Longstaff,7078,Leeds,home,36,BlockedShot,0.032637957483530045,0.784000015258789,0.5509999847412109,RightFoot,OpenPlay,Pass,2025-10-04 11:30:00,Leeds,Tottenham,2025
28844,Sean Longstaff,7078,Leeds,home,36,MissedShots,0.044881537556648254,0.8159999847412109,0.5359999847412109,RightFoot,OpenPlay,Rebound,2025-10-04 11:30:00,Leeds,Tottenham,2025
28844,Dominic Calvert-Lewin,5555,Leeds,home,47,SavedShot,0.09731337428092957,0.86,0.43400001525878906,RightFoot,OpenPlay,Pass,2025-10-04 11:30:00,Leeds,Tottenham,2025
28844,Joe Rodon,6377,Leeds,home,61,MissedShots,0.007910280488431454,0.955999984741211,0.6480000305175782,Head,SetPiece,Aerial,2025-10-04 11:30:00,Leeds,Tottenham,2025
28844,Sean Longstaff,7078,Leeds,home,70,MissedShots,0.03436124697327614,0.7769999694824219,0.5209999847412109,RightFoot,OpenPlay,Pass,2025-10-04 11:30:00,Leeds,Tottenham,2025
28844,Jayden Bogle,9205,Leeds,home,77,MissedShots,0.013216808438301086,0.725999984741211,0.33599998474121096,RightFoot,OpenPlay,BallRecovery,2025-10-04 11:30:00,Leeds,Tottenham,2025
28844,Sean Longstaff,7078,Leeds,home,90,MissedShots,0.023350631818175316,0.7680000305175781,0.40099998474121096,RightFoot,OpenPlay,None,2025-10-04 11:30:00,Leeds,Tottenham,2025
28844,Pascal Struijk,8717,Leeds,home,91,MissedShots,0.010916526429355145,0.909000015258789,0.634000015258789,Head,OpenPlay,Aerial,2025-10-04 11:30:00,Leeds,Tottenham,2025
28844,Joël Piroe,13835,Leeds,home,93,SavedShot,0.058323636651039124,0.8469999694824218,0.5109999847412109,LeftFoot,OpenPlay,HeadPass,2025-10-04 11:30:00,Leeds,Tottenham,2025
28844,Pascal Struijk,8717,Leeds,home,93,BlockedShot,0.06115124002099037,0.9380000305175781,0.5359999847412109,Head,FromCorner,Aerial,2025-10-04 11:30:00,Leeds,Tottenham,2025
28844,João Palhinha,10715,Tottenham,away,9,MissedShots,0.04990726336836815,0.8130000305175781,0.46099998474121096,RightFoot,OpenPlay,None,2025-10-04 11:30:00,Leeds,Tottenham,2025
28844,João Palhinha,10715,Tottenham,away,15,BlockedShot,0.032749954611063004,0.775,0.509000015258789,RightFoot,OpenPlay,Pass,2025-10-04 11:30:00,Leeds,Tottenham,2025
28844,Mathys Tel,9780,Tottenham,away,22,Goal,0.0721215233206749,0.87,0.3060000038146973,RightFoot,OpenPlay,Pass,2025-10-04 11:30:00,Leeds,Tottenham,2025
28844,Mohammed Kudus,12027,Tottenham,away,26,MissedShots,0.32727721333503723,0.8590000152587891,0.425,LeftFoot,OpenPlay,Pass,2025-10-04 11:30:00,Leeds,Tottenham,2025
28844,Rodrigo Bentancur,6108,Tottenham,away,44,MissedShots,0.013940145261585712,0.7090000152587891,0.5229999923706055,RightFoot,OpenPlay,Pass,2025-10-04 11:30:00,Leeds,Tottenham,2025
28844,Mathys Tel,9780,Tottenham,away,45,ShotOnPost,0.05292653664946556,0.9180000305175782,0.5429999923706055,Head,OpenPlay,Aerial,2025-10-04 11:30:00,Leeds,Tottenham,2025
28844,Mohammed Kudus,12027,Tottenham,away,54,SavedShot,0.07763850688934326,0.7930000305175782,0.34599998474121096,LeftFoot,DirectFreekick,Standard,2025-10-04 11:30:00,Leeds,Tottenham,2025
28844,Mohammed Kudus,12027,Tottenham,away,56,Goal,0.03842801973223686,0.7969999694824219,0.425,LeftFoot,OpenPlay,None,2025-10-04 11:30:00,Leeds,Tottenham,2025
28844,Richarlison,6026,Tottenham,away,86,BlockedShot,0.023208579048514366,0.8919999694824219,0.28899999618530275,RightFoot,OpenPlay,Aerial,2025-10-04 11:30:00,Leeds,Tottenham,2025
28839,Jurriën Timber,11707,Arsenal,home,4,SavedShot,0.12182920426130295,0.8869999694824219,0.335,RightFoot,OpenPlay,Throughball,2025-10-04 14:00:00,Arsenal,West Ham,2025
28839,Jurriën Timber,11707,Arsenal,home,4,MissedShots,0.042594149708747864,0.9230000305175782,0.3029999923706055,RightFoot,OpenPlay,Rebound,2025-10-04 14:00:00,Arsenal,West Ham,2025
28839,Eberechi Eze,8706,Arsenal,home,7,BlockedShot,0.06429284065961838,0.8780000305175781,0.67,LeftFoot,OpenPlay,Pass,2025-10-04 14:00:00,Arsenal,West Ham,2025
28839,Declan Rice,5553,Arsenal,home,7,BlockedShot,0.01003951020538807,0.7090000152587891,0.6270000076293946,RightFoot,OpenPlay,Rebound,2025-10-04 14:00:00,Arsenal,West Ham,2025
28839,Riccardo Calafiori,8129,Arsenal,home,9,BlockedShot,0.06606438010931015,0.96,0.5729999923706055,Head,SetPiece,Aerial,2025-10-04 14:00:00,Arsenal,West Ham,2025
28839,Viktor Gyokeres,7254,Arsenal,home,12,SavedShot,0.7928289175033569,0.97,0.4809999847412109,RightFoot,OpenPlay,Pass,2025-10-04 14:00:00,Arsenal,West Ham,2025
28839,Eberechi Eze,8706,Arsenal,home,12,MissedShots,0.10911359637975693,0.9280000305175782,0.5170000076293946,RightFoot,OpenPlay,None,2025-10-04 14:00:00,Arsenal,West Ham,2025
28839,Viktor Gyokeres,7254,Arsenal,home,32,MissedShots,0.1312565952539444,0.955999984741211,0.51,Head,OpenPlay,Aerial,2025-10-04 14:00:00,Arsenal,West Ham,2025
28839,Leandro Trossard,7698,Arsenal,home,32,BlockedShot,0.09151963144540787,0.9109999847412109,0.605,RightFoot,OpenPlay,Rebound,2025-10-04 14:00:00,Arsenal,West Ham,2025
28839,Bukayo Saka,7322,Arsenal,home,34,BlockedShot,0.024067921563982964,0.7609999847412109,0.37900001525878907,LeftFoot,OpenPlay,Pass,2025-10-04 14:00:00,Arsenal,West Ham,2025
28839,Eberechi Eze,8706,Arsenal,home,34,BlockedShot,0.05131840705871582,0.8780000305175781,0.6370000076293946,RightFoot,FromCorner,None,2025-10-04 14:00:00,Arsenal,West Ham,2025
28839,Eberechi Eze,8706,Arsenal,home,37,SavedShot,0.11961250007152557,0.8909999847412109,0.3160000038146973,RightFoot,OpenPlay,Throughball,2025-10-04 14:00:00,Arsenal,West Ham,2025
28839,Declan Rice,5553,Arsenal,home,37,Goal,0.37883827090263367,0.8919999694824219,0.5320000076293945,RightFoot,OpenPlay,Rebound,2025-10-04 14:00:00,Arsenal,West Ham,2025
28839,Bukayo Saka,7322,Arsenal,home,46,BlockedShot,0.019174732267856598,0.8590000152587891,0.31,LeftFoot,SetPiece,Cross,2025-10-04 14:00:00,Arsenal,West Ham,2025
28839,Riccardo Calafiori,8129,Arsenal,home,49,ShotOnPost,0.08314328640699387,0.8080000305175781,0.47200000762939454,RightFoot,OpenPlay,TakeOn,2025-10-04 14:00:00,Arsenal,West Ham,2025
28839,Bukayo Saka,7322,Arsenal,home,50,MissedShots,0.014539040625095367,0.7730000305175782,0.285,LeftFoot,FromCorner,None,2025-10-04 14:00:00,Arsenal,West Ham,2025
28839,Leandro Trossard,7698,Arsenal,home,52,BlockedShot,0.044321924448013306,0.9830000305175781,0.6609999847412109,RightFoot,FromCorner,TakeOn,2025-10-04 14:00:00,Arsenal,West Ham,2025
28839,Bukayo Saka,7322,Arsenal,home,66,Goal,0.7611688375473022,0.885,0.5,LeftFoot,Penalty,Standard,2025-10-04 14:00:00,Arsenal,West Ham,2025
28839,Mikel Merino,5304,Arsenal,home,81,BlockedShot,0.10903028398752213,0.9180000305175782,0.544000015258789,RightFoot,FromCorner,None,2025-10-04 14:00:00,Arsenal,West Ham,2025
28839,Mikel Merino,5304,Arsenal,home,84,MissedShots,0.07299593836069107,0.9590000152587891,0.6029999923706054,Head,SetPiece,Cross,2025-10-04 14:00:00,Arsenal,West Ham,2025
28839,Ethan Nwaneri,11132,Arsenal,home,95,BlockedShot,0.013910985551774502,0.7769999694824219,0.34,LeftFoot,FromCorner,Aerial,2025-10-04 14:00:00,Arsenal,West Ham,2025
28839,Niclas Füllkrug,6098,West Ham,away,0,MissedShots,0.5602625012397766,0.97,0.5029999923706054,Head,FromCorner,Aerial,2025-10-04 14:00:00,Arsenal,West Ham,2025
28839,Lucas Paquetá,7365,West Ham,away,6,MissedShots,0.041546858847141266,0.904000015258789,0.27600000381469725,LeftFoot,OpenPlay,HeadPass,2025-10-04 14:00:00,Arsenal,West Ham,2025
28839,Crysencio Summerville,9492,West Ham,away,46,BlockedShot,0.03380563482642174,0.855,0.6940000152587891,RightFoot,OpenPlay,Chipped,2025-10-04 14:00:00,Arsenal,West Ham,2025
28839,Callum Marshall,12359,West Ham,away,91,MissedShots,0.2289344072341919,0.9490000152587891,0.5520000076293945,Head,FromCorner,Aerial,2025-10-04 14:00:00,Arsenal,West Ham,2025
28845,Mason Mount,7768,Manchester United,home,7,Goal,0.074598029255867,0.8680000305175781,0.5,RightFoot,OpenPlay,Cross,2025-10-04 14:00:00,Manchester United,Sunderland,2025
28845,Amad Diallo Traore,8127,Manchester United,home,20,SavedShot,0.06006554514169693,0.845,0.34700000762939454,LeftFoot,OpenPlay,Pass,2025-10-04 14:00:00,Manchester United,Sunderland,2025
28845,Bryan Mbeumo,6552,Manchester United,home,21,SavedShot,0.03234534710645676,0.7959999847412109,0.32099998474121094,LeftFoot,OpenPlay,Pass,2025-10-04 14:00:00,Manchester United,Sunderland,2025
28845,Bruno Fernandes,1228,Manchester United,home,22,MissedShots,0.07455573230981827,0.8369999694824218,0.595999984741211,LeftFoot,OpenPlay,BallTouch,2025-10-04 14:00:00,Manchester United,Sunderland,2025
28845,Bruno Fernandes,1228,Manchester United,home,24,SavedShot,0.08677645027637482,0.8240000152587891,0.54,RightFoot,OpenPlay,Pass,2025-10-04 14:00:00,Manchester United,Sunderland,2025
28845,Amad Diallo Traore,8127,Manchester United,home,24,MissedShots,0.4014262557029724,0.97,0.4229999923706055,Head,OpenPlay,Rebound,2025-10-04 14:00:00,Manchester United,Sunderland,2025
28845,Benjamin Sesko,11974,Manchester United,home,30,Goal,0.6503399610519409,0.9580000305175781,0.49200000762939455,RightFoot,OpenPlay,None,2025-10-04 14:00:00,Manchester United,Sunderland,2025
28845,Diogo Dalot,7281,Manchester United,home,40,MissedShots,0.09964308887720108,0.8819999694824219,0.669000015258789,LeftFoot,OpenPlay,TakeOn,2025-10-04 14:00:00,Manchester United,Sunderland,2025
28845,Bruno Fernandes,1228,Manchester United,home,46,BlockedShot,0.021685965359210968,0.764000015258789,0.3,RightFoot,OpenPlay,Pass,2025-10-04 14:00:00,Manchester United,Sunderland,2025
28845,Bryan Mbeumo,6552,Manchester United,home,54,MissedShots,0.09342284500598907,0.86,0.37900001525878907,LeftFoot,OpenPlay,Pass,2025-10-04 14:00:00,Manchester United,Sunderland,2025
28845,Leny Yoro,10564,Manchester United,home,56,BlockedShot,0.06414623558521271,0.914000015258789,0.3370000076293945,RightFoot,SetPiece,Chipped,2025-10-04 14:00:00,Manchester United,Sunderland,2025
28845,Casemiro,2248,Manchester United,home,69,MissedShots,0.04226280748844147,0.784000015258789,0.504000015258789,RightFoot,OpenPlay,Pass,2025-10-04 14:00:00,Manchester United,Sunderland,2025
28845,Matheus Cunha,7080,Manchester United,home,80,MissedShots,0.08349582552909851,0.8669999694824219,0.34599998474121096,RightFoot,OpenPlay,Pass,2025-10-04 14:00:00,Manchester United,Sunderland,2025
28845,Matheus Cunha,7080,Manchester United,home,83,MissedShots,0.1371987760066986,0.9630000305175781,0.49900001525878906,Head,FromCorner,Cross,2025-10-04 14:00:00,Manchester United,Sunderland,2025
28845,Matheus Cunha,7080,Manchester United,home,88,SavedShot,0.042673029005527496,0.8380000305175781,0.6359999847412109,RightFoot,OpenPlay,TakeOn,2025-10-04 14:00:00,Manchester United,Sunderland,2025
28845,Bertrand Traoré,695,Sunderland,away,32,SavedShot,0.05806344375014305,0.914000015258789,0.4540000152587891,Head,OpenPlay,Aerial,2025-10-04 14:00:00,Manchester United,Sunderland,2025
28845,Bertrand Traoré,695,Sunderland,away,34,MissedShots,0.0696401596069336,0.8830000305175781,0.5309999847412109,LeftFoot,OpenPlay,Cross,2025-10-04 14:00:00,Manchester United,Sunderland,2025
28845,Granit Xhaka,204,Sunderland,away,43,SavedShot,0.010196632705628872,0.7369999694824219,0.3129999923706055,LeftFoot,OpenPlay,Pass,2025-10-04 14:00:00,Manchester United,Sunderland,2025
28845,Dan Ballard,13715,Sunderland,away,51,MissedShots,0.2619534730911255,0.9730000305175781,0.5790000152587891,Head,FromCorner,Cross,2025-10-04 14:00:00,Manchester United,Sunderland,2025
28845,Trai Hume,13713,Sunderland,away,62,MissedShots,0.019985053688287735,0.774000015258789,0.5790000152587891,RightFoot,FromCorner,None,2025-10-04 14:00:00,Manchester United,Sunderland,2025
28845,Chemsdine Talbi,13717,Sunderland,away,65,BlockedShot,0.037513796240091324,0.8490000152587891,0.649000015258789,RightFoot,OpenPlay,None,2025-10-04 14:00:00,Manchester United,Sunderland,2025
28845,Eliezer Mayenda,13718,Sunderland,away,78,MissedShots,0.0658116266131401,0.8159999847412109,0.4620000076293945,LeftFoot,OpenPlay,Pass,2025-10-04 14:00:00,Manchester United,Sunderland,2025
28845,Chemsdine Talbi,13717,Sunderland,away,89,SavedShot,0.2839544713497162,0.8830000305175781,0.6170000076293946,RightFoot,OpenPlay,Pass,2025-10-04 14:00:00,Manchester United,Sunderland,2025
28842,Moisés Caicedo,9453,Chelsea,home,13,Goal,0.03168066218495369,0.78,0.415,RightFoot,OpenPlay,Pass,2025-10-04 16:30:00,Chelsea,Liverpool,2025
28842,Malo Gusto,9017,Chelsea,home,25,MissedShots,0.018794216215610504,0.765,0.4929999923706055,LeftFoot,SetPiece,None,2025-10-04 16:30:00,Chelsea,Liverpool,2025
28842,Alejandro Garnacho,10552,Chelsea,home,37,ShotOnPost,0.03857651725411415,0.8090000152587891,0.4809999847412109,RightFoot,FromCorner,Pass,2025-10-04 16:30:00,Chelsea,Liverpool,2025
28842,João Pedro,8272,Chelsea,home,51,BlockedShot,0.02694791927933693,0.7340000152587891,0.49599998474121093,RightFoot,OpenPlay,Pass,2025-10-04 16:30:00,Chelsea,Liverpool,2025
28842,Pedro Neto,6382,Chelsea,home,58,BlockedShot,0.05661715194582939,0.9119999694824219,0.4,Head,OpenPlay,Cross,2025-10-04 16:30:00,Chelsea,Liverpool,2025
28842,Marc Guiu,11633,Chelsea,home,75,MissedShots,0.04020346701145172,0.870999984741211,0.45599998474121095,Head,OpenPlay,Cross,2025-10-04 16:30:00,Chelsea,Liverpool,2025
28842,Jamie Bynoe-Gittens,10542,Chelsea,home,83,SavedShot,0.023817962035536766,0.799000015258789,0.6730000305175782,RightFoot,OpenPlay,Pass,2025-10-04 16:30:00,Chelsea,Liverpool,2025
28842,Estêvão,13775,Chelsea,home,83,SavedShot,0.021545832976698875,0.885,0.24100000381469727,LeftFoot,OpenPlay,Rebound,2025-10-04 16:30:00,Chelsea,Liverpool,2025
28842,Moisés Caicedo,9453,Chelsea,home,88,SavedShot,0.011946183629333973,0.7069999694824218,0.5020000076293946,RightFoot,OpenPlay,None,2025-10-04 16:30:00,Chelsea,Liverpool,2025
28842,Enzo Fernández,11356,Chelsea,home,88,SavedShot,0.016044115647673607,0.879000015258789,0.605999984741211,Head,FromCorner,Chipped,2025-10-04 16:30:00,Chelsea,Liverpool,2025
28842,Enzo Fernández,11356,Chelsea,home,90,ShotOnPost,0.32295143604278564,0.925,0.5559999847412109,Head,OpenPlay,Cross,2025-10-04 16:30:00,Chelsea,Liverpool,2025
28842,Estêvão,13775,Chelsea,home,95,Goal,0.6285974383354187,0.9619999694824218,0.45299999237060545,RightFoot,OpenPlay,Pass,2025-10-04 16:30:00,Chelsea,Liverpool,2025
28842,Dominik Szoboszlai,9788,Liverpool,away,18,BlockedShot,0.4609438180923462,0.9109999847412109,0.5429999923706055,RightFoot,OpenPlay,Pass,2025-10-04 16:30:00,Chelsea,Liverpool,2025
28842,Alexander Isak,5232,Liverpool,away,43,MissedShots,0.23024055361747742,0.9130000305175782,0.544000015258789,Head,OpenPlay,Cross,2025-10-04 16:30:00,Chelsea,Liverpool,2025
28842,Mohamed Salah,1250,Liverpool,away,45,MissedShots,0.08475294709205627,0.8980000305175782,0.39799999237060546,RightFoot,OpenPlay,Pass,2025-10-04 16:30:00,Chelsea,Liverpool,2025
28842,Ryan Gravenberch,10697,Liverpool,away,50,SavedShot,0.0172115471214056,0.775,0.27299999237060546,RightFoot,OpenPlay,Pass,2025-10-04 16:30:00,Chelsea,Liverpool,2025
28842,Mohamed Salah,1250,Liverpool,away,52,MissedShots,0.10611916333436966,0.835999984741211,0.485,LeftFoot,OpenPlay,Chipped,2025-10-04 16:30:00,Chelsea,Liverpool,2025
28842,Cody Gakpo,11296,Liverpool,away,62,Goal,0.8188285231590271,0.960999984741211,0.5020000076293946,RightFoot,OpenPlay,Pass,2025-10-04 16:30:00,Chelsea,Liverpool,2025
28842,Andrew Robertson,1688,Liverpool,away,68,BlockedShot,0.05444929376244545,0.914000015258789,0.6819999694824219,RightFoot,OpenPlay,None,2025-10-04 16:30:00,Chelsea,Liverpool,2025
28842,Alexis Mac Allister,8379,Liverpool,away,70,BlockedShot,0.021458212286233902,0.7680000305175781,0.590999984741211,RightFoot,OpenPlay,Pass,2025-10-04 16:30:00,Chelsea,Liverpool,2025
28842,Hugo Ekitike,8995,Liverpool,away,80,BlockedShot,0.08405257761478424,0.84,0.5379999923706055,LeftFoot,OpenPlay,Pass,2025-10-04 16:30:00,Chelsea,Liverpool,2025
28842,Dominik Szoboszlai,9788,Liverpool,away,80,BlockedShot,0.017731547355651855,0.7580000305175781,0.46099998474121096,LeftFoot,OpenPlay,Rebound,2025-10-04 16:30:00,Chelsea,Liverpool,2025
28842,Dominik Szoboszlai,9788,Liverpool,away,89,MissedShots,0.04240086302161217,0.7580000305175781,0.4909999847412109,RightFoot,OpenPlay,Pass,2025-10-04 16:30:00,Chelsea,Liverpool,2025
28842,Curtis Jones,6665,Liverpool,away,93,MissedShots,0.12311115860939026,0.8969999694824219,0.345,RightFoot,OpenPlay,Throughball,2025-10-04 16:30:00,Chelsea,Liverpool,2025
28840,Donyell Malen,9749,Aston Villa,home,9,MissedShots,0.3817027807235718,0.970999984741211,0.57,Head,FromCorner,Cross,2025-10-05 13:00:00,Aston Villa,Burnley,2025
28840,Morgan Rogers,12412,Aston Villa,home,11,BlockedShot,0.04305170103907585,0.850999984741211,0.685,RightFoot,OpenPlay,Pass,2025-10-05 13:00:00,Aston Villa,Burnley,2025
28840,Ezri Konsa Ngoyo,7726,Aston Villa,home,12,SavedShot,0.02329982817173004,0.9030000305175782,0.47900001525878905,Head,FromCorner,Aerial,2025-10-05 13:00:00,Aston Villa,Burnley,2025
28840,Boubacar Kamara,5789,Aston Villa,home,13,BlockedShot,0.013707851059734821,0.8869999694824219,0.4209999847412109,Head,FromCorner,Aerial,2025-10-05 13:00:00,Aston Villa,Burnley,2025
28840,Pau Torres,6221,Aston Villa,home,13,MissedShots,0.02297056093811989,0.9069999694824219,0.4420000076293945,Head,FromCorner,Aerial,2025-10-05 13:00:00,Aston Villa,Burnley,2025
28840,Donyell Malen,9749,Aston Villa,home,24,Goal,0.12220802158117294,0.91,0.385,RightFoot,OpenPlay,Throughball,2025-10-05 13:00:00,Aston Villa,Burnley,2025
28840,Ollie Watkins,8865,Aston Villa,home,29,BlockedShot,0.03613422438502312,0.9169999694824219,0.6070000076293945,Head,OpenPlay,Aerial,2025-10-05 13:00:00,Aston Villa,Burnley,2025
28840,Ollie Watkins,8865,Aston Villa,home,47,MissedShots,0.13864462077617645,0.91,0.5620000076293945,LeftFoot,OpenPlay,Pass,2025-10-05 13:00:00,Aston Villa,Burnley,2025
28840,Morgan Rogers,12412,Aston Villa,home,53,SavedShot,0.33187082409858704,0.8719999694824219,0.5770000076293945,RightFoot,OpenPlay,TakeOn,2025-10-05 13:00:00,Aston Villa,Burnley,2025
28840,John McGinn,7723,Aston Villa,home,54,MissedShots,0.040840666741132736,0.8090000152587891,0.5159999847412109,LeftFoot,FromCorner,Pass,2025-10-05 13:00:00,Aston Villa,Burnley,2025
28840,Donyell Malen,9749,Aston Villa,home,62,Goal,0.30903878808021545,0.89,0.3579999923706055,RightFoot,OpenPlay,Pass,2025-10-05 13:00:00,Aston Villa,Burnley,2025
28840,Matthew Cash,8864,Aston Villa,home,66,SavedShot,0.01621449738740921,0.7119999694824218,0.3160000038146973,RightFoot,OpenPlay,Pass,2025-10-05 13:00:00,Aston Villa,Burnley,2025
28840,Morgan Rogers,12412,Aston Villa,home,80,SavedShot,0.019574031233787537,0.7169999694824218,0.3940000152587891,RightFoot,OpenPlay,Pass,2025-10-05 13:00:00,Aston Villa,Burnley,2025
28840,Lucas Digne,1823,Aston Villa,home,88,SavedShot,0.11445166915655136,0.8869999694824219,0.625,LeftFoot,OpenPlay,TakeOn,2025-10-05 13:00:00,Aston Villa,Burnley,2025
28840,Ross Barkley,592,Aston Villa,home,89,MissedShots,0.12200502306222916,0.95,0.445,Head,FromCorner,Cross,2025-10-05 13:00:00,Aston Villa,Burnley,2025
28840,Josh Cullen,1018,Burnley,away,34,SavedShot,0.019664721563458443,0.8269999694824218,0.4859999847412109,RightFoot,OpenPlay,Aerial,2025-10-05 13:00:00,Aston Villa,Burnley,2025
28840,Kyle Walker,638,Burnley,away,76,BlockedShot,0.04588526859879494,0.924000015258789,0.534000015258789,Head,FromCorner,Aerial,2025-10-05 13:00:00,Aston Villa,Burnley,2025
28840,Chimuanya Ugochukwu,9451,Burnley,away,77,Goal,0.3644039034843445,0.93,0.4779999923706055,Head,FromCorner,Cross,2025-10-05 13:00:00,Aston Villa,Burnley,2025
28840,Chimuanya Ugochukwu,9451,Burnley,away,91,MissedShots,0.05538790673017502,0.9009999847412109,0.664000015258789,RightFoot,SetPiece,None,2025-10-05 13:00:00,Aston Villa,Burnley,2025
28840,Zian Flemming,13729,Burnley,away,92,BlockedShot,0.016949784010648727,0.715,0.475,RightFoot,OpenPlay,Pass,2025-10-05 13:00:00,Aston Villa,Burnley,2025
28843,Jack Grealish,675,Everton,home,8,SavedShot,0.049221426248550415,0.8440000152587891,0.6580000305175782,RightFoot,OpenPlay,Pass,2025-10-05 13:00:00,Everton,Crystal Palace,2025
28843,Vitalii Mykolenko,10291,Everton,home,16,MissedShots,0.013946576043963432,0.71,0.5459999847412109,LeftFoot,OpenPlay,Pass,2025-10-05 13:00:00,Everton,Crystal Palace,2025
28843,Jake O&#039;Brien,12014,Everton,home,47,SavedShot,0.05188749358057976,0.9330000305175781,0.43,Head,SetPiece,Aerial,2025-10-05 13:00:00,Everton,Crystal Palace,2025
28843,Michael Keane,1653,Everton,home,48,BlockedShot,0.0657150074839592,0.8669999694824219,0.515,RightFoot,SetPiece,Cross,2025-10-05 13:00:00,Everton,Crystal Palace,2025
28843,Michael Keane,1653,Everton,home,62,BlockedShot,0.07079925388097763,0.8440000152587891,0.5420000076293945,RightFoot,OpenPlay,Pass,2025-10-05 13:00:00,Everton,Crystal Palace,2025
28843,Michael Keane,1653,Everton,home,62,MissedShots,0.05184205248951912,0.8269999694824218,0.519000015258789,RightFoot,OpenPlay,Rebound,2025-10-05 13:00:00,Everton,Crystal Palace,2025
28843,Carlos Alcaraz,11297,Everton,home,65,SavedShot,0.053547415882349014,0.9,0.664000015258789,LeftFoot,OpenPlay,BallTouch,2025-10-05 13:00:00,Everton,Crystal Palace,2025
28843,Iliman Ndiaye,9307,Everton,home,75,Goal,0.7611688375473022,0.885,0.5,RightFoot,Penalty,Standard,2025-10-05 13:00:00,Everton,Crystal Palace,2025
28843,Beto,9983,Everton,home,77,MissedShots,0.027602793648838997,0.9030000305175782,0.47099998474121096,Head,FromCorner,Aerial,2025-10-05 13:00:00,Everton,Crystal Palace,2025
28843,Jack Grealish,675,Everton,home,80,SavedShot,0.03918924927711487,0.89,0.7269999694824218,RightFoot,OpenPlay,Pass,2025-10-05 13:00:00,Everton,Crystal Palace,2025
28843,James Garner,7438,Everton,home,89,MissedShots,0.07216107845306396,0.850999984741211,0.4909999847412109,LeftFoot,OpenPlay,None,2025-10-05 13:00:00,Everton,Crystal Palace,2025
28843,Carlos Alcaraz,11297,Everton,home,90,MissedShots,0.025597596541047096,0.764000015258789,0.4379999923706055,RightFoot,OpenPlay,LayOff,2025-10-05 13:00:00,Everton,Crystal Palace,2025
28843,Beto,9983,Everton,home,92,SavedShot,0.5476973056793213,0.9480000305175781,0.4929999923706055,Head,OpenPlay,Chipped,2025-10-05 13:00:00,Everton,Crystal Palace,2025
28843,Jack Grealish,675,Everton,home,92,Goal,0.6899271607398987,0.9619999694824218,0.5170000076293946,LeftFoot,OpenPlay,Rebound,2025-10-05 13:00:00,Everton,Crystal Palace,2025
28843,Chris Richards,8430,Crystal Palace,away,1,BlockedShot,0.048302698880434036,0.925,0.46900001525878904,Head,FromCorner,Aerial,2025-10-05 13:00:00,Everton,Crystal Palace,2025
28843,Yeremi Pino,9024,Crystal Palace,away,1,SavedShot,0.03446919843554497,0.8090000152587891,0.5320000076293945,RightFoot,FromCorner,None,2025-10-05 13:00:00,Everton,Crystal Palace,2025
28843,Tyrick Mitchell,8214,Crystal Palace,away,1,SavedShot,0.013037488795816898,0.835999984741211,0.7319999694824219,LeftFoot,OpenPlay,Aerial,2025-10-05 13:00:00,Everton,Crystal Palace,2025
28843,Daichi Kamada,6145,Crystal Palace,away,11,BlockedShot,0.039466917514801025,0.8190000152587891,0.47700000762939454,RightFoot,OpenPlay,Cross,2025-10-05 13:00:00,Everton,Crystal Palace,2025
28843,Marc Guehi,7603,Crystal Palace,away,18,SavedShot,0.5758996605873108,0.9430000305175781,0.45799999237060546,LeftFoot,OpenPlay,None,2025-10-05 13:00:00,Everton,Crystal Palace,2025
28843,Tyrick Mitchell,8214,Crystal Palace,away,25,ShotOnPost,0.029075073078274727,0.87,0.7440000152587891,LeftFoot,OpenPlay,Pass,2025-10-05 13:00:00,Everton,Crystal Palace,2025
28843,Jean-Philippe Mateta,5735,Crystal Palace,away,26,SavedShot,0.0553666315972805,0.84,0.36400001525878906,RightFoot,OpenPlay,Pass,2025-10-05 13:00:00,Everton,Crystal Palace,2025
28843,Daniel Muñoz,12408,Crystal Palace,away,36,Goal,0.2719878554344177,0.9290000152587891,0.34799999237060547,RightFoot,OpenPlay,Pass,2025-10-05 13:00:00,Everton,Crystal Palace,2025
28843,Daichi Kamada,6145,Crystal Palace,away,56,MissedShots,0.04143211990594864,0.785,0.595,LeftFoot,OpenPlay,Pass,2025-10-05 13:00:00,Everton,Crystal Palace,2025
28843,Jean-Philippe Mateta,5735,Crystal Palace,away,59,BlockedShot,0.3628399670124054,0.9130000305175782,0.375,RightFoot,OpenPlay,BallTouch,2025-10-05 13:00:00,Everton,Crystal Palace,2025
28843,Ismaila Sarr,5675,Crystal Palace,away,63,BlockedShot,0.1355862319469452,0.8669999694824219,0.6220000076293946,RightFoot,OpenPlay,Throughball,2025-10-05 13:00:00,Everton,Crystal Palace,2025
28843,Jean-Philippe Mateta,5735,Crystal Palace,away,63,MissedShots,0.4170893430709839,0.9080000305175782,0.45,LeftFoot,OpenPlay,Rebound,2025-10-05 13:00:00,Everton,Crystal Palace,2025
28843,Adam Wharton,12409,Crystal Palace,away,91,BlockedShot,0.038950271904468536,0.79,0.5709999847412109,LeftFoot,OpenPlay,BallRecovery,2025-10-05 13:00:00,Everton,Crystal Palace,2025
28843,Justin Devenny,13038,Crystal Palace,away,96,MissedShots,0.05343788489699364,0.8469999694824218,0.3970000076293945,RightFoot,SetPiece,None,2025-10-05 13:00:00,Everton,Crystal Palace,2025
28843,Justin Devenny,13038,Crystal Palace,away,101,SavedShot,0.11750244349241257,0.96,0.5620000076293945,RightFoot,OpenPlay,Pass,2025-10-05 13:00:00,Everton,Crystal Palace,2025
28846,Joelinton,87,Newcastle United,home,10,SavedShot,0.109211765229702,0.865,0.5070000076293946,LeftFoot,OpenPlay,Pass,2025-10-05 13:00:00,Newcastle United,Nottingham Forest,2025
28846,Joelinton,87,Newcastle United,home,14,SavedShot,0.42915427684783936,0.9640000152587891,0.5570000076293945,Head,FromCorner,Aerial,2025-10-05 13:00:00,Newcastle United,Nottingham Forest,2025
28846,Joelinton,87,Newcastle United,home,16,MissedShots,0.010854493826627731,0.5640000152587891,0.615,RightFoot,OpenPlay,BallRecovery,2025-10-05 13:00:00,Newcastle United,Nottingham Forest,2025
28846,Bruno Guimarães,8327,Newcastle United,home,43,BlockedShot,0.02039233036339283,0.759000015258789,0.3679999923706055,LeftFoot,OpenPlay,Pass,2025-10-05 13:00:00,Newcastle United,Nottingham Forest,2025
28846,Joelinton,87,Newcastle United,home,44,BlockedShot,0.0841904804110527,0.840999984741211,0.485,RightFoot,OpenPlay,Pass,2025-10-05 13:00:00,Newcastle United,Nottingham Forest,2025
28846,Sandro Tonali,7958,Newcastle United,home,44,MissedShots,0.024548817425966263,0.7769999694824219,0.36,RightFoot,OpenPlay,BallTouch,2025-10-05 13:00:00,Newcastle United,Nottingham Forest,2025
28846,Anthony Gordon,8150,Newcastle United,home,48,BlockedShot,0.04353870078921318,0.84,0.575999984741211,RightFoot,OpenPlay,Cross,2025-10-05 13:00:00,Newcastle United,Nottingham Forest,2025
28846,Nick Woltemade,8117,Newcastle United,home,51,BlockedShot,0.5783783197402954,0.94,0.54,RightFoot,OpenPlay,None,2025-10-05 13:00:00,Newcastle United,Nottingham Forest,2025
28846,Bruno Guimarães,8327,Newcastle United,home,57,Goal,0.03325112909078598,0.78,0.5509999847412109,RightFoot,OpenPlay,Pass,2025-10-05 13:00:00,Newcastle United,Nottingham Forest,2025
28846,Sandro Tonali,7958,Newcastle United,home,72,SavedShot,0.025159141048789024,0.9080000305175782,0.73,LeftFoot,FromCorner,Chipped,2025-10-05 13:00:00,Newcastle United,Nottingham Forest,2025
28846,Malick Thiaw,8378,Newcastle United,home,73,MissedShots,0.03081364370882511,0.9059999847412109,0.595,Head,FromCorner,Cross,2025-10-05 13:00:00,Newcastle United,Nottingham Forest,2025
28846,Nick Woltemade,8117,Newcastle United,home,73,ShotOnPost,0.6320949792861938,0.9569999694824218,0.5209999847412109,RightFoot,FromCorner,Rebound,2025-10-05 13:00:00,Newcastle United,Nottingham Forest,2025
28846,Sven Botman,8635,Newcastle United,home,73,SavedShot,0.1296914964914322,0.9180000305175782,0.5409999847412109,LeftFoot,FromCorner,Rebound,2025-10-05 13:00:00,Newcastle United,Nottingham Forest,2025
28846,Jacob Murphy,6063,Newcastle United,home,77,BlockedShot,0.10466786473989487,0.84,0.4859999847412109,RightFoot,OpenPlay,Pass,2025-10-05 13:00:00,Newcastle United,Nottingham Forest,2025
28846,Malick Thiaw,8378,Newcastle United,home,79,SavedShot,0.4394936263561249,0.9309999847412109,0.529000015258789,LeftFoot,OpenPlay,Cross,2025-10-05 13:00:00,Newcastle United,Nottingham Forest,2025
28846,Harvey Barnes,6681,Newcastle United,home,80,SavedShot,0.34770241379737854,0.9080000305175782,0.3870000076293945,RightFoot,OpenPlay,Throughball,2025-10-05 13:00:00,Newcastle United,Nottingham Forest,2025
28846,Nick Woltemade,8117,Newcastle United,home,83,Goal,0.7611688375473022,0.885,0.5,RightFoot,Penalty,Standard,2025-10-05 13:00:00,Newcastle United,Nottingham Forest,2025
28846,Jacob Murphy,6063,Newcastle United,home,96,SavedShot,0.11522893607616425,0.7880000305175782,0.4640000152587891,LeftFoot,OpenPlay,TakeOn,2025-10-05 13:00:00,Newcastle United,Nottingham Forest,2025
28846,Morgan Gibbs-White,6857,Nottingham Forest,away,19,SavedShot,0.07730591297149658,0.7909999847412109,0.65,RightFoot,DirectFreekick,Standard,2025-10-05 13:00:00,Newcastle United,Nottingham Forest,2025
28846,Neco Williams,8204,Nottingham Forest,away,55,SavedShot,0.06952288746833801,0.8730000305175781,0.7119999694824218,LeftFoot,OpenPlay,Pass,2025-10-05 13:00:00,Newcastle United,Nottingham Forest,2025
28846,Ryan Yates,11003,Nottingham Forest,away,61,SavedShot,0.0545988529920578,0.8869999694824219,0.46700000762939453,Head,OpenPlay,Cross,2025-10-05 13:00:00,Newcastle United,Nottingham Forest,2025
28846,Callum Hudson-Odoi,6456,Nottingham Forest,away,77,SavedShot,0.09343824535608292,0.9359999847412109,0.7019999694824218,LeftFoot,OpenPlay,BallRecovery,2025-10-05 13:00:00,Newcastle United,Nottingham Forest,2025
28846,Morgan Gibbs-White,6857,Nottingham Forest,away,78,MissedShots,0.0428227074444294,0.840999984741211,0.35900001525878905,RightFoot,OpenPlay,Pass,2025-10-05 13:00:00,Newcastle United,Nottingham Forest,2025
28847,Marshall Munetsi,7908,Wolverhampton Wanderers,home,20,SavedShot,0.063059963285923,0.8480000305175781,0.4590000152587891,RightFoot,SetPiece,None,2025-10-05 13:00:00,Wolverhampton Wanderers,Brighton,2025
28847,Ladislav Krejcí,12721,Wolverhampton Wanderers,home,23,SavedShot,0.009331746026873589,0.855,0.43599998474121093,Head,SetPiece,Aerial,2025-10-05 13:00:00,Wolverhampton Wanderers,Brighton,2025
28847,Hee-Chan Hwang,8845,Wolverhampton Wanderers,home,28,MissedShots,0.036102890968322754,0.7959999847412109,0.645,RightFoot,OpenPlay,Pass,2025-10-05 13:00:00,Wolverhampton Wanderers,Brighton,2025
28847,Jhon Arias,13741,Wolverhampton Wanderers,home,43,SavedShot,0.04229426756501198,0.9369999694824219,0.8930000305175781,RightFoot,DirectFreekick,Standard,2025-10-05 13:00:00,Wolverhampton Wanderers,Brighton,2025
28847,Jhon Arias,13741,Wolverhampton Wanderers,home,55,MissedShots,0.1446666270494461,0.9109999847412109,0.5309999847412109,RightFoot,OpenPlay,Pass,2025-10-05 13:00:00,Wolverhampton Wanderers,Brighton,2025
28847,Jørgen Strand Larsen,11070,Wolverhampton Wanderers,home,74,ShotOnPost,0.073948934674263,0.9130000305175782,0.685,RightFoot,OpenPlay,TakeOn,2025-10-05 13:00:00,Wolverhampton Wanderers,Brighton,2025
28847,Mats Wieffer,12758,Brighton,away,9,BlockedShot,0.014362865127623081,0.7580000305175781,0.3129999923706055,LeftFoot,OpenPlay,Pass,2025-10-05 13:00:00,Wolverhampton Wanderers,Brighton,2025
28847,Mats Wieffer,12758,Brighton,away,10,MissedShots,0.05650047957897186,0.8830000305175781,0.49599998474121093,RightFoot,FromCorner,Cross,2025-10-05 13:00:00,Wolverhampton Wanderers,Brighton,2025
28847,Ferdi Kadioglu,13066,Brighton,away,13,SavedShot,0.10398753732442856,0.8909999847412109,0.6120000076293945,RightFoot,OpenPlay,Pass,2025-10-05 13:00:00,Wolverhampton Wanderers,Brighton,2025
28847,Bart Verbruggen,11711,Brighton,away,20,OwnGoal,0.0,0.01399999976158142,0.49900001525878906,OtherBodyPart,SetPiece,Clearance,2025-10-05 13:00:00,Wolverhampton Wanderers,Brighton,2025
28847,Brajan Gruda,11310,Brighton,away,24,MissedShots,0.009488767012953758,0.4929999923706055,0.7869999694824219,LeftFoot,OpenPlay,BallRecovery,2025-10-05 13:00:00,Wolverhampton Wanderers,Brighton,2025
28847,Brajan Gruda,11310,Brighton,away,25,BlockedShot,0.053921349346637726,0.8569999694824219,0.345,RightFoot,OpenPlay,TakeOn,2025-10-05 13:00:00,Wolverhampton Wanderers,Brighton,2025
28847,Brajan Gruda,11310,Brighton,away,27,SavedShot,0.5469468235969543,0.9669999694824218,0.5609999847412109,LeftFoot,OpenPlay,TakeOn,2025-10-05 13:00:00,Wolverhampton Wanderers,Brighton,2025
28847,Diego Gómez,13364,Brighton,away,32,SavedShot,0.022681372240185738,0.7559999847412109,0.5829999923706055,RightFoot,OpenPlay,Pass,2025-10-05 13:00:00,Wolverhampton Wanderers,Brighton,2025
28847,Lewis Dunk,6048,Brighton,away,51,MissedShots,0.06691453605890274,0.76,0.585,RightFoot,DirectFreekick,Standard,2025-10-05 13:00:00,Wolverhampton Wanderers,Brighton,2025
28847,Georginio Rutter,6937,Brighton,away,57,SavedShot,0.07491902261972427,0.899000015258789,0.41200000762939454,LeftFoot,OpenPlay,Cross,2025-10-05 13:00:00,Wolverhampton Wanderers,Brighton,2025
28847,Yasin Ayari,11385,Brighton,away,58,BlockedShot,0.029058944433927536,0.7719999694824219,0.49900001525878906,RightFoot,OpenPlay,Pass,2025-10-05 13:00:00,Wolverhampton Wanderers,Brighton,2025
28847,Diego Gómez,13364,Brighton,away,61,MissedShots,0.07507354766130447,0.899000015258789,0.5170000076293946,Head,OpenPlay,Cross,2025-10-05 13:00:00,Wolverhampton Wanderers,Brighton,2025
28847,Maxim De Cuyper,13711,Brighton,away,72,SavedShot,0.022477824240922928,0.7290000152587891,0.085,LeftFoot,DirectFreekick,Standard,2025-10-05 13:00:00,Wolverhampton Wanderers,Brighton,2025
28847,Georginio Rutter,6937,Brighton,away,74,BlockedShot,0.07251077890396118,0.8880000305175781,0.5709999847412109,LeftFoot,OpenPlay,None,2025-10-05 13:00:00,Wolverhampton Wanderers,Brighton,2025
28847,Georginio Rutter,6937,Brighton,away,81,MissedShots,0.04556367173790932,0.8909999847412109,0.5670000076293945,Head,OpenPlay,Cross,2025-10-05 13:00:00,Wolverhampton Wanderers,Brighton,2025
28847,Yankuba Minteh,12759,Brighton,away,82,MissedShots,0.013343166559934616,0.8619999694824219,0.8040000152587891,LeftFoot,SetPiece,Cross,2025-10-05 13:00:00,Wolverhampton Wanderers,Brighton,2025
28847,Stefanos Tzimas,14028,Brighton,away,85,BlockedShot,0.1297849416732788,0.9009999847412109,0.504000015258789,Head,FromCorner,Goal,2025-10-05 13:00:00,Wolverhampton Wanderers,Brighton,2025
28847,Jan Paul van Hecke,10807,Brighton,away,85,Goal,0.05404830351471901,0.9230000305175782,0.48,Head,FromCorner,None,2025-10-05 13:00:00,Wolverhampton Wanderers,Brighton,2025
28841,Thiago,13222,Brentford,home,35,BlockedShot,0.04148175194859505,0.7959999847412109,0.48700000762939455,RightFoot,OpenPlay,Pass,2025-10-05 15:30:00,Brentford,Manchester City,2025
28841,Thiago,13222,Brentford,home,47,SavedShot,0.5277394652366638,0.8430000305175781,0.5070000076293946,RightFoot,OpenPlay,None,2025-10-05 15:30:00,Brentford,Manchester City,2025
28841,Michael Kayode,11281,Brentford,home,57,MissedShots,0.018799951300024986,0.889000015258789,0.38,Head,OpenPlay,Cross,2025-10-05 15:30:00,Brentford,Manchester City,2025
28841,Yehor Yarmolyuk,11772,Brentford,home,60,BlockedShot,0.013301693834364414,0.835999984741211,0.3129999923706055,RightFoot,OpenPlay,Aerial,2025-10-05 15:30:00,Brentford,Manchester City,2025
28841,Vitaly Janelt,9680,Brentford,home,90,MissedShots,0.07653624564409256,0.85,0.5379999923706055,LeftFoot,OpenPlay,Pass,2025-10-05 15:30:00,Brentford,Manchester City,2025
28841,Aaron Hickey,8942,Brentford,home,91,MissedShots,0.015899255871772766,0.71,0.49700000762939456,RightFoot,OpenPlay,Pass,2025-10-05 15:30:00,Brentford,Manchester City,2025
28841,Phil Foden,6055,Manchester City,away,6,BlockedShot,0.02714923396706581,0.77,0.6029999923706054,LeftFoot,OpenPlay,Pass,2025-10-05 15:30:00,Brentford,Manchester City,2025
28841,Josko Gvardiol,9790,Manchester City,away,7,SavedShot,0.08271034806966782,0.9119999694824219,0.5220000076293946,Head,FromCorner,Cross,2025-10-05 15:30:00,Brentford,Manchester City,2025
28841,Erling Haaland,8260,Manchester City,away,8,Goal,0.2928302586078644,0.899000015258789,0.610999984741211,LeftFoot,OpenPlay,Chipped,2025-10-05 15:30:00,Brentford,Manchester City,2025
28841,Tijjani Reijnders,11965,Manchester City,away,14,MissedShots,0.017935506999492645,0.754000015258789,0.69,RightFoot,OpenPlay,Pass,2025-10-05 15:30:00,Brentford,Manchester City,2025
28841,Phil Foden,6055,Manchester City,away,18,SavedShot,0.04854302480816841,0.8190000152587891,0.39299999237060546,LeftFoot,OpenPlay,Pass,2025-10-05 15:30:00,Brentford,Manchester City,2025
28841,Phil Foden,6055,Manchester City,away,26,BlockedShot,0.030010638758540154,0.750999984741211,0.46299999237060546,LeftFoot,OpenPlay,Pass,2025-10-05 15:30:00,Brentford,Manchester City,2025
28841,Phil Foden,6055,Manchester City,away,28,BlockedShot,0.13160130381584167,0.8919999694824219,0.4570000076293945,LeftFoot,OpenPlay,Pass,2025-10-05 15:30:00,Brentford,Manchester City,2025
28841,Phil Foden,6055,Manchester City,away,30,MissedShots,0.0848473310470581,0.874000015258789,0.3659999847412109,RightFoot,OpenPlay,Pass,2025-10-05 15:30:00,Brentford,Manchester City,2025
28841,Tijjani Reijnders,11965,Manchester City,away,38,SavedShot,0.28888022899627686,0.899000015258789,0.38,RightFoot,OpenPlay,Cross,2025-10-05 15:30:00,Brentford,Manchester City,2025
28841,Oscar Bobb,11903,Manchester City,away,52,BlockedShot,0.09196644276380539,0.85,0.3579999923706055,LeftFoot,OpenPlay,TakeOn,2025-10-05 15:30:00,Brentford,Manchester City,2025
28854,Taiwo Awoniyi,7814,Nottingham Forest,home,0,MissedShots,0.051006533205509186,0.8159999847412109,0.590999984741211,LeftFoot,OpenPlay,BallRecovery,2025-10-18 11:30:00,Nottingham Forest,Chelsea,2025
28854,Morgan Gibbs-White,6857,Nottingham Forest,home,18,MissedShots,0.06287747621536255,0.8209999847412109,0.5379999923706055,RightFoot,OpenPlay,BallRecovery,2025-10-18 11:30:00,Nottingham Forest,Chelsea,2025
28854,Morgan Gibbs-White,6857,Nottingham Forest,home,19,MissedShots,0.5033846497535706,0.9619999694824218,0.4420000076293945,RightFoot,OpenPlay,BallRecovery,2025-10-18 11:30:00,Nottingham Forest,Chelsea,2025
28854,Neco Williams,8204,Nottingham Forest,home,60,MissedShots,0.30302974581718445,0.924000015258789,0.46799999237060547,RightFoot,OpenPlay,Cross,2025-10-18 11:30:00,Nottingham Forest,Chelsea,2025
28854,Nikola Milenkovic,6174,Nottingham Forest,home,64,SavedShot,0.05389919504523277,0.894000015258789,0.5209999847412109,Head,FromCorner,Cross,2025-10-18 11:30:00,Nottingham Forest,Chelsea,2025
28854,Ibrahim Sangare,5722,Nottingham Forest,home,64,SavedShot,0.3906587064266205,0.9590000152587891,0.5940000152587891,RightFoot,FromCorner,Rebound,2025-10-18 11:30:00,Nottingham Forest,Chelsea,2025
28854,Morgan Gibbs-White,6857,Nottingham Forest,home,65,BlockedShot,0.019133802503347397,0.7480000305175781,0.5020000076293946,RightFoot,OpenPlay,Pass,2025-10-18 11:30:00,Nottingham Forest,Chelsea,2025
28854,Igor Jesus,13778,Nottingham Forest,home,69,ShotOnPost,0.6059059500694275,0.96,0.5020000076293946,RightFoot,OpenPlay,Cross,2025-10-18 11:30:00,Nottingham Forest,Chelsea,2025
28854,Morgan Gibbs-White,6857,Nottingham Forest,home,73,BlockedShot,0.03345363214612007,0.8809999847412109,0.27399999618530274,RightFoot,OpenPlay,Pass,2025-10-18 11:30:00,Nottingham Forest,Chelsea,2025
28854,Ibrahim Sangare,5722,Nottingham Forest,home,75,MissedShots,0.02566802129149437,0.784000015258789,0.49700000762939456,RightFoot,OpenPlay,None,2025-10-18 11:30:00,Nottingham Forest,Chelsea,2025
28854,Nikola Milenkovic,6174,Nottingham Forest,home,90,MissedShots,0.02753354050219059,0.9269999694824219,0.57,Head,FromCorner,Aerial,2025-10-18 11:30:00,Nottingham Forest,Chelsea,2025
28854,Reece James,8067,Chelsea,away,28,SavedShot,0.0343979075551033,0.6890000152587891,0.48,RightFoot,DirectFreekick,Standard,2025-10-18 11:30:00,Nottingham Forest,Chelsea,2025
28854,Pedro Neto,6382,Chelsea,away,31,SavedShot,0.025479033589363098,0.8819999694824219,0.21700000762939453,RightFoot,OpenPlay,Pass,2025-10-18 11:30:00,Nottingham Forest,Chelsea,2025
28854,Andrey Santos,11808,Chelsea,away,38,MissedShots,0.06689022481441498,0.8640000152587891,0.4620000076293945,RightFoot,OpenPlay,HeadPass,2025-10-18 11:30:00,Nottingham Forest,Chelsea,2025
28854,Andrey Santos,11808,Chelsea,away,41,MissedShots,0.32162848114967346,0.8430000305175781,0.5870000076293945,LeftFoot,OpenPlay,Throughball,2025-10-18 11:30:00,Nottingham Forest,Chelsea,2025
28854,Pedro Neto,6382,Chelsea,away,45,MissedShots,0.015169907361268997,0.759000015258789,0.32299999237060545,LeftFoot,OpenPlay,Pass,2025-10-18 11:30:00,Nottingham Forest,Chelsea,2025
28854,Josh Acheampong,12535,Chelsea,away,45,SavedShot,0.009954600594937801,0.9080000305175782,0.6959999847412109,Head,FromCorner,Aerial,2025-10-18 11:30:00,Nottingham Forest,Chelsea,2025
28854,Josh Acheampong,12535,Chelsea,away,48,Goal,0.5625271201133728,0.9490000152587891,0.4909999847412109,Head,SetPiece,Cross,2025-10-18 11:30:00,Nottingham Forest,Chelsea,2025
28854,Pedro Neto,6382,Chelsea,away,51,Goal,0.12143916636705399,0.8019999694824219,0.43400001525878906,LeftFoot,DirectFreekick,Standard,2025-10-18 11:30:00,Nottingham Forest,Chelsea,2025
28854,João Pedro,8272,Chelsea,away,57,MissedShots,0.05870429798960686,0.8769999694824219,0.7140000152587891,RightFoot,OpenPlay,BallRecovery,2025-10-18 11:30:00,Nottingham Forest,Chelsea,2025
28854,Marc Guiu,11633,Chelsea,away,61,BlockedShot,0.47843483090400696,0.914000015258789,0.40900001525878904,RightFoot,OpenPlay,Throughball,2025-10-18 11:30:00,Nottingham Forest,Chelsea,2025
28854,Malo Gusto,9017,Chelsea,away,68,BlockedShot,0.023632893338799477,0.7719999694824219,0.38299999237060545,LeftFoot,OpenPlay,Pass,2025-10-18 11:30:00,Nottingham Forest,Chelsea,2025
28854,Marc Guiu,11633,Chelsea,away,68,MissedShots,0.131173774600029,0.925,0.5059999847412109,Head,OpenPlay,Cross,2025-10-18 11:30:00,Nottingham Forest,Chelsea,2025
28854,Marc Guiu,11633,Chelsea,away,70,MissedShots,0.10206042230129242,0.8109999847412109,0.6079999923706054,RightFoot,OpenPlay,BallRecovery,2025-10-18 11:30:00,Nottingham Forest,Chelsea,2025
28854,Estêvão,13775,Chelsea,away,81,BlockedShot,0.03155709430575371,0.8730000305175781,0.7680000305175781,LeftFoot,OpenPlay,TakeOn,2025-10-18 11:30:00,Nottingham Forest,Chelsea,2025
28854,Reece James,8067,Chelsea,away,82,BlockedShot,0.0191614031791687,0.73,0.49400001525878906,RightFoot,OpenPlay,CornerAwarded,2025-10-18 11:30:00,Nottingham Forest,Chelsea,2025
28854,Estêvão,13775,Chelsea,away,82,BlockedShot,0.082034170627594,0.9019999694824219,0.35,RightFoot,OpenPlay,BallRecovery,2025-10-18 11:30:00,Nottingham Forest,Chelsea,2025
28854,Reece James,8067,Chelsea,away,83,Goal,0.4740513563156128,0.9069999694824219,0.5020000076293946,RightFoot,FromCorner,None,2025-10-18 11:30:00,Nottingham Forest,Chelsea,2025
28848,Yankuba Minteh,12759,Brighton,home,8,BlockedShot,0.09424661099910736,0.8819999694824219,0.27299999237060546,LeftFoot,OpenPlay,Chipped,2025-10-18 14:00:00,Brighton,Newcastle United,2025
28848,Carlos Baleba,10527,Brighton,home,11,BlockedShot,0.02054816670715809,0.745,0.445,LeftFoot,OpenPlay,Pass,2025-10-18 14:00:00,Brighton,Newcastle United,2025
28848,Yankuba Minteh,12759,Brighton,home,17,BlockedShot,0.08176365494728088,0.8490000152587891,0.43099998474121093,LeftFoot,OpenPlay,Pass,2025-10-18 14:00:00,Brighton,Newcastle United,2025
28848,Georginio Rutter,6937,Brighton,home,19,SavedShot,0.020671498030424118,0.7190000152587891,0.49599998474121093,RightFoot,OpenPlay,Pass,2025-10-18 14:00:00,Brighton,Newcastle United,2025
28848,Georginio Rutter,6937,Brighton,home,19,SavedShot,0.018719060346484184,0.7480000305175781,0.5029999923706054,LeftFoot,OpenPlay,BallRecovery,2025-10-18 14:00:00,Brighton,Newcastle United,2025
28848,Danny Welbeck,501,Brighton,home,40,Goal,0.3492225408554077,0.8580000305175781,0.5120000076293946,RightFoot,OpenPlay,Throughball,2025-10-18 14:00:00,Brighton,Newcastle United,2025
28848,Yasin Ayari,11385,Brighton,home,42,MissedShots,0.01738312654197216,0.700999984741211,0.549000015258789,RightFoot,OpenPlay,BallRecovery,2025-10-18 14:00:00,Brighton,Newcastle United,2025
28848,Lewis Dunk,6048,Brighton,home,46,BlockedShot,0.014396097511053085,0.9259999847412109,0.6020000076293945,Head,FromCorner,Aerial,2025-10-18 14:00:00,Brighton,Newcastle United,2025
28848,Carlos Baleba,10527,Brighton,home,46,MissedShots,0.014188283123075962,0.7219999694824218,0.4620000076293945,RightFoot,FromCorner,None,2025-10-18 14:00:00,Brighton,Newcastle United,2025
28848,Yasin Ayari,11385,Brighton,home,49,MissedShots,0.09551679342985153,0.885,0.6320000076293946,RightFoot,OpenPlay,Pass,2025-10-18 14:00:00,Brighton,Newcastle United,2025
28848,Maxim De Cuyper,13711,Brighton,home,51,SavedShot,0.04740219935774803,0.9030000305175782,0.7480000305175781,LeftFoot,OpenPlay,None,2025-10-18 14:00:00,Brighton,Newcastle United,2025
28848,Mats Wieffer,12758,Brighton,home,83,BlockedShot,0.03713472932577133,0.8240000152587891,0.34400001525878904,RightFoot,OpenPlay,Pass,2025-10-18 14:00:00,Brighton,Newcastle United,2025
28848,Danny Welbeck,501,Brighton,home,83,Goal,0.04768161475658417,0.8219999694824218,0.49599998474121093,RightFoot,OpenPlay,Rebound,2025-10-18 14:00:00,Brighton,Newcastle United,2025
28848,Bruno Guimarães,8327,Newcastle United,away,5,MissedShots,0.07806868106126785,0.8530000305175781,0.4929999923706055,RightFoot,OpenPlay,HeadPass,2025-10-18 14:00:00,Brighton,Newcastle United,2025
28848,Sven Botman,8635,Newcastle United,away,31,MissedShots,0.04896140098571777,0.924000015258789,0.4379999923706055,Head,SetPiece,Aerial,2025-10-18 14:00:00,Brighton,Newcastle United,2025
28848,Nick Woltemade,8117,Newcastle United,away,50,MissedShots,0.42409101128578186,0.945,0.55,Head,SetPiece,Cross,2025-10-18 14:00:00,Brighton,Newcastle United,2025
28848,Anthony Gordon,8150,Newcastle United,away,52,MissedShots,0.05857683718204498,0.8159999847412109,0.544000015258789,RightFoot,OpenPlay,Pass,2025-10-18 14:00:00,Brighton,Newcastle United,2025
28848,Sandro Tonali,7958,Newcastle United,away,54,BlockedShot,0.011567860841751099,0.710999984741211,0.6170000076293946,RightFoot,OpenPlay,None,2025-10-18 14:00:00,Brighton,Newcastle United,2025
28848,Bruno Guimarães,8327,Newcastle United,away,60,BlockedShot,0.050295475870370865,0.8119999694824219,0.5259999847412109,RightFoot,OpenPlay,Pass,2025-10-18 14:00:00,Brighton,Newcastle United,2025
28848,Jacob Murphy,6063,Newcastle United,away,64,MissedShots,0.028281232342123985,0.7869999694824219,0.6120000076293945,LeftFoot,OpenPlay,Chipped,2025-10-18 14:00:00,Brighton,Newcastle United,2025
28848,Bruno Guimarães,8327,Newcastle United,away,73,SavedShot,0.032573338598012924,0.9059999847412109,0.2720000076293945,RightFoot,OpenPlay,Pass,2025-10-18 14:00:00,Brighton,Newcastle United,2025
28848,Jacob Murphy,6063,Newcastle United,away,73,MissedShots,0.023180440068244934,0.745999984741211,0.5029999923706054,LeftFoot,OpenPlay,TakeOn,2025-10-18 14:00:00,Brighton,Newcastle United,2025
28848,Nick Woltemade,8117,Newcastle United,away,75,Goal,0.12330621480941772,0.914000015258789,0.4759999847412109,RightFoot,OpenPlay,Pass,2025-10-18 14:00:00,Brighton,Newcastle United,2025
28848,Bruno Guimarães,8327,Newcastle United,away,77,BlockedShot,0.11168073862791061,0.92,0.495,LeftFoot,OpenPlay,None,2025-10-18 14:00:00,Brighton,Newcastle United,2025
28848,Nick Woltemade,8117,Newcastle United,away,87,MissedShots,0.09126482158899307,0.9009999847412109,0.47400001525878904,RightFoot,OpenPlay,HeadPass,2025-10-18 14:00:00,Brighton,Newcastle United,2025
28848,Nick Woltemade,8117,Newcastle United,away,87,BlockedShot,0.1266394853591919,0.919000015258789,0.5,RightFoot,OpenPlay,Rebound,2025-10-18 14:00:00,Brighton,Newcastle United,2025
28848,Jacob Murphy,6063,Newcastle United,away,88,BlockedShot,0.012982537969946861,0.705,0.485,RightFoot,OpenPlay,None,2025-10-18 14:00:00,Brighton,Newcastle United,2025
28848,Malick Thiaw,8378,Newcastle United,away,89,MissedShots,0.03331971541047096,0.9109999847412109,0.4879999923706055,Head,FromCorner,Aerial,2025-10-18 14:00:00,Brighton,Newcastle United,2025
28848,Harvey Barnes,6681,Newcastle United,away,95,SavedShot,0.03989618644118309,0.914000015258789,0.7330000305175781,RightFoot,OpenPlay,Pass,2025-10-18 14:00:00,Brighton,Newcastle United,2025
28849,Florentino Luís,8969,Burnley,home,6,MissedShots,0.013716273009777069,0.6980000305175781,0.5529999923706055,RightFoot,OpenPlay,Pass,2025-10-18 14:00:00,Burnley,Leeds,2025
28849,Jacob Bruun Larsen,5355,Burnley,home,10,SavedShot,0.0413445420563221,0.7340000152587891,0.33,RightFoot,DirectFreekick,Standard,2025-10-18 14:00:00,Burnley,Leeds,2025
28849,Chimuanya Ugochukwu,9451,Burnley,home,17,Goal,0.4297392666339874,0.9309999847412109,0.4979999923706055,Head,OpenPlay,Cross,2025-10-18 14:00:00,Burnley,Leeds,2025
28849,Loum Tchaouna,9977,Burnley,home,67,Goal,0.02484741620719433,0.7480000305175781,0.3240000152587891,LeftFoot,OpenPlay,Pass,2025-10-18 14:00:00,Burnley,Leeds,2025
28849,Dominic Calvert-Lewin,5555,Leeds,away,10,MissedShots,0.09589267522096634,0.9,0.5120000076293946,RightFoot,OpenPlay,Cross,2025-10-18 14:00:00,Burnley,Leeds,2025
28849,Brenden Aaronson,10751,Leeds,away,31,SavedShot,0.3380284607410431,0.889000015258789,0.40900001525878904,RightFoot,OpenPlay,Pass,2025-10-18 14:00:00,Burnley,Leeds,2025
28849,Jayden Bogle,9205,Leeds,away,35,BlockedShot,0.03433726355433464,0.8680000305175781,0.28899999618530275,RightFoot,OpenPlay,BallTouch,2025-10-18 14:00:00,Burnley,Leeds,2025
28849,Anton Stach,9910,Leeds,away,40,MissedShots,0.04067462682723999,0.91,0.4829999923706055,Head,OpenPlay,Aerial,2025-10-18 14:00:00,Burnley,Leeds,2025
28849,Anton Stach,9910,Leeds,away,44,SavedShot,0.06179844215512276,0.789000015258789,0.6969999694824218,RightFoot,DirectFreekick,Standard,2025-10-18 14:00:00,Burnley,Leeds,2025
28849,Jack Harrison,8720,Leeds,away,58,MissedShots,0.25977885723114014,0.889000015258789,0.6430000305175781,LeftFoot,OpenPlay,Cross,2025-10-18 14:00:00,Burnley,Leeds,2025
28849,Jack Harrison,8720,Leeds,away,63,MissedShots,0.018941394984722137,0.8130000305175781,0.5209999847412109,LeftFoot,FromCorner,HeadPass,2025-10-18 14:00:00,Burnley,Leeds,2025
28849,Lukas Nmecha,6544,Leeds,away,65,SavedShot,0.035416170954704285,0.9030000305175782,0.45,Head,OpenPlay,Aerial,2025-10-18 14:00:00,Burnley,Leeds,2025
28849,Dominic Calvert-Lewin,5555,Leeds,away,69,MissedShots,0.08159825205802917,0.950999984741211,0.4420000076293945,Head,OpenPlay,Aerial,2025-10-18 14:00:00,Burnley,Leeds,2025
28849,Dominic Calvert-Lewin,5555,Leeds,away,70,MissedShots,0.027871089056134224,0.9630000305175781,0.6179999923706054,Head,OpenPlay,Aerial,2025-10-18 14:00:00,Burnley,Leeds,2025
28849,Jayden Bogle,9205,Leeds,away,70,MissedShots,0.3116726875305176,0.9830000305175781,0.4109999847412109,RightFoot,OpenPlay,Rebound,2025-10-18 14:00:00,Burnley,Leeds,2025
28849,Joël Piroe,13835,Leeds,away,78,MissedShots,0.04786023870110512,0.889000015258789,0.5559999847412109,Head,OpenPlay,Cross,2025-10-18 14:00:00,Burnley,Leeds,2025
28849,Pascal Struijk,8717,Leeds,away,78,BlockedShot,0.016945406794548035,0.9069999694824219,0.6759999847412109,Head,OpenPlay,Aerial,2025-10-18 14:00:00,Burnley,Leeds,2025
28849,Ethan Ampadu,6369,Leeds,away,79,MissedShots,0.03484008461236954,0.875999984741211,0.6140000152587891,LeftFoot,OpenPlay,Aerial,2025-10-18 14:00:00,Burnley,Leeds,2025
28849,Lukas Nmecha,6544,Leeds,away,79,MissedShots,0.663292646408081,0.9590000152587891,0.529000015258789,Head,OpenPlay,Aerial,2025-10-18 14:00:00,Burnley,Leeds,2025
28849,Pascal Struijk,8717,Leeds,away,84,BlockedShot,0.09218934178352356,0.9119999694824219,0.4259999847412109,RightFoot,OpenPlay,BallTouch,2025-10-18 14:00:00,Burnley,Leeds,2025
28849,Joël Piroe,13835,Leeds,away,86,MissedShots,0.10025794059038162,0.8859999847412109,0.5929999923706055,LeftFoot,OpenPlay,Pass,2025-10-18 14:00:00,Burnley,Leeds,2025
28849,Joe Rodon,6377,Leeds,away,90,SavedShot,0.04194533824920654,0.8859999847412109,0.5079999923706054,Head,FromCorner,Cross,2025-10-18 14:00:00,Burnley,Leeds,2025
28849,Dominic Calvert-Lewin,5555,Leeds,away,96,MissedShots,0.036869823932647705,0.8780000305175781,0.52,Head,OpenPlay,Aerial,2025-10-18 14:00:00,Burnley,Leeds,2025
28850,Jean-Philippe Mateta,5735,Crystal Palace,home,3,SavedShot,0.044517576694488525,0.8059999847412109,0.28,RightFoot,OpenPlay,Pass,2025-10-18 14:00:00,Crystal Palace,Bournemouth,2025
28850,Tyrick Mitchell,8214,Crystal Palace,home,21,SavedShot,0.03206295892596245,0.7680000305175781,0.575,LeftFoot,OpenPlay,TakeOn,2025-10-18 14:00:00,Crystal Palace,Bournemouth,2025
28850,Jean-Philippe Mateta,5735,Crystal Palace,home,26,MissedShots,0.6772577166557312,0.94,0.45,Head,OpenPlay,Aerial,2025-10-18 14:00:00,Crystal Palace,Bournemouth,2025
28850,Marc Guehi,7603,Crystal Palace,home,28,BlockedShot,0.08630041778087616,0.960999984741211,0.46700000762939453,Head,FromCorner,Aerial,2025-10-18 14:00:00,Crystal Palace,Bournemouth,2025
28850,Jean-Philippe Mateta,5735,Crystal Palace,home,46,SavedShot,0.30818846821784973,0.9130000305175782,0.605999984741211,LeftFoot,OpenPlay,Pass,2025-10-18 14:00:00,Crystal Palace,Bournemouth,2025
28850,Adam Wharton,12409,Crystal Palace,home,47,BlockedShot,0.04258235543966293,0.8209999847412109,0.519000015258789,LeftFoot,OpenPlay,None,2025-10-18 14:00:00,Crystal Palace,Bournemouth,2025
28850,Jean-Philippe Mateta,5735,Crystal Palace,home,49,MissedShots,0.027399783954024315,0.7680000305175781,0.4879999923706055,LeftFoot,OpenPlay,BallRecovery,2025-10-18 14:00:00,Crystal Palace,Bournemouth,2025
28850,Jean-Philippe Mateta,5735,Crystal Palace,home,50,MissedShots,0.08558174967765808,0.9159999847412109,0.5459999847412109,RightFoot,OpenPlay,Cross,2025-10-18 14:00:00,Crystal Palace,Bournemouth,2025
28850,Yeremi Pino,9024,Crystal Palace,home,62,MissedShots,0.011174270883202553,0.7519999694824219,0.634000015258789,RightFoot,OpenPlay,None,2025-10-18 14:00:00,Crystal Palace,Bournemouth,2025
28850,Jean-Philippe Mateta,5735,Crystal Palace,home,63,Goal,0.6212283968925476,0.9459999847412109,0.4929999923706055,LeftFoot,OpenPlay,Pass,2025-10-18 14:00:00,Crystal Palace,Bournemouth,2025
28850,Daniel Muñoz,12408,Crystal Palace,home,68,SavedShot,0.05871240794658661,0.915,0.3509999847412109,RightFoot,OpenPlay,Chipped,2025-10-18 14:00:00,Crystal Palace,Bournemouth,2025
28850,Jean-Philippe Mateta,5735,Crystal Palace,home,68,Goal,0.5354506969451904,0.9819999694824219,0.5709999847412109,LeftFoot,OpenPlay,Rebound,2025-10-18 14:00:00,Crystal Palace,Bournemouth,2025
28850,Ismaila Sarr,5675,Crystal Palace,home,75,MissedShots,0.3838312327861786,0.9259999847412109,0.40400001525878904,LeftFoot,FromCorner,Pass,2025-10-18 14:00:00,Crystal Palace,Bournemouth,2025
28850,Jean-Philippe Mateta,5735,Crystal Palace,home,76,BlockedShot,0.10323813557624817,0.8619999694824219,0.48400001525878905,RightFoot,OpenPlay,Pass,2025-10-18 14:00:00,Crystal Palace,Bournemouth,2025
28850,Jean-Philippe Mateta,5735,Crystal Palace,home,76,BlockedShot,0.08886904269456863,0.914000015258789,0.610999984741211,LeftFoot,OpenPlay,Rebound,2025-10-18 14:00:00,Crystal Palace,Bournemouth,2025
28850,Eddie Nketiah,6482,Crystal Palace,home,92,BlockedShot,0.05772005021572113,0.9069999694824219,0.6940000152587891,LeftFoot,OpenPlay,Pass,2025-10-18 14:00:00,Crystal Palace,Bournemouth,2025
28850,Chris Richards,8430,Crystal Palace,home,93,BlockedShot,0.020403051748871803,0.8469999694824218,0.595999984741211,RightFoot,OpenPlay,Aerial,2025-10-18 14:00:00,Crystal Palace,Bournemouth,2025
28850,Maxence Lacroix,8853,Crystal Palace,home,94,BlockedShot,0.07106912136077881,0.904000015258789,0.3990000152587891,LeftFoot,FromCorner,Pass,2025-10-18 14:00:00,Crystal Palace,Bournemouth,2025
28850,Jean-Philippe Mateta,5735,Crystal Palace,home,96,Goal,0.7611688375473022,0.885,0.5,RightFoot,Penalty,Standard,2025-10-18 14:00:00,Crystal Palace,Bournemouth,2025
28850,Jean-Philippe Mateta,5735,Crystal Palace,home,98,MissedShots,0.5866917967796326,0.9019999694824219,0.48700000762939455,RightFoot,OpenPlay,Pass,2025-10-18 14:00:00,Crystal Palace,Bournemouth,2025
28850,Eli Junior Kroupi,11504,Bournemouth,away,6,Goal,0.8366477489471436,0.9930000305175781,0.47400001525878904,Head,FromCorner,None,2025-10-18 14:00:00,Crystal Palace,Bournemouth,2025
28850,Alex Scott,12149,Bournemouth,away,10,MissedShots,0.05356784164905548,0.775,0.524000015258789,LeftFoot,OpenPlay,LayOff,2025-10-18 14:00:00,Crystal Palace,Bournemouth,2025
28850,Antoine Semenyo,11363,Bournemouth,away,25,SavedShot,0.07274179905653,0.8930000305175781,0.649000015258789,RightFoot,OpenPlay,TakeOn,2025-10-18 14:00:00,Crystal Palace,Bournemouth,2025
28850,Eli Junior Kroupi,11504,Bournemouth,away,37,Goal,0.14671282470226288,0.9109999847412109,0.47200000762939454,RightFoot,OpenPlay,None,2025-10-18 14:00:00,Crystal Palace,Bournemouth,2025
28850,Tyler Adams,7352,Bournemouth,away,56,MissedShots,0.024833977222442627,0.7580000305175781,0.5059999847412109,RightFoot,OpenPlay,None,2025-10-18 14:00:00,Crystal Palace,Bournemouth,2025
28850,Antoine Semenyo,11363,Bournemouth,away,60,MissedShots,0.10038416087627411,0.8490000152587891,0.5870000076293945,LeftFoot,OpenPlay,Pass,2025-10-18 14:00:00,Crystal Palace,Bournemouth,2025
28850,Ryan Christie,10744,Bournemouth,away,88,Goal,0.7941879034042358,0.9690000152587891,0.51,LeftFoot,OpenPlay,Pass,2025-10-18 14:00:00,Crystal Palace,Bournemouth,2025
28850,Marcos Senesi,10864,Bournemouth,away,98,SavedShot,0.01802304945886135,0.835999984741211,0.64,LeftFoot,OpenPlay,Aerial,2025-10-18 14:00:00,Crystal Palace,Bournemouth,2025
28853,Nico O&#039;Reilly,11592,Manchester City,home,10,MissedShots,0.017277205362915993,0.755,0.7090000152587891,LeftFoot,OpenPlay,Pass,2025-10-18 14:00:00,Manchester City,Everton,2025
28853,Sávio,11735,Manchester City,home,14,SavedShot,0.11557155102491379,0.95,0.3139999961853027,LeftFoot,OpenPlay,Throughball,2025-10-18 14:00:00,Manchester City,Everton,2025
28853,Matheus Nunes,11000,Manchester City,home,15,MissedShots,0.01616077683866024,0.74,0.3370000076293945,RightFoot,OpenPlay,Pass,2025-10-18 14:00:00,Manchester City,Everton,2025
28853,Tijjani Reijnders,11965,Manchester City,home,17,BlockedShot,0.10005144029855728,0.8669999694824219,0.43,RightFoot,OpenPlay,Pass,2025-10-18 14:00:00,Manchester City,Everton,2025
28853,Tijjani Reijnders,11965,Manchester City,home,23,BlockedShot,0.02352171018719673,0.8569999694824219,0.7280000305175781,RightFoot,FromCorner,Pass,2025-10-18 14:00:00,Manchester City,Everton,2025
28853,Tijjani Reijnders,11965,Manchester City,home,30,BlockedShot,0.11729005724191666,0.894000015258789,0.4279999923706055,RightFoot,OpenPlay,Pass,2025-10-18 14:00:00,Manchester City,Everton,2025
28853,Jéremy Doku,8981,Manchester City,home,41,SavedShot,0.3825669586658478,0.9,0.62,RightFoot,OpenPlay,Pass,2025-10-18 14:00:00,Manchester City,Everton,2025
28853,Nathan Aké,579,Manchester City,home,44,MissedShots,0.0486404225230217,0.9219999694824219,0.4859999847412109,Head,FromCorner,Aerial,2025-10-18 14:00:00,Manchester City,Everton,2025
28853,Sávio,11735,Manchester City,home,47,SavedShot,0.047140974551439285,0.895,0.3220000076293945,LeftFoot,OpenPlay,TakeOn,2025-10-18 14:00:00,Manchester City,Everton,2025
28853,Nico O&#039;Reilly,11592,Manchester City,home,47,BlockedShot,0.08970959484577179,0.94,0.6559999847412109,LeftFoot,OpenPlay,Pass,2025-10-18 14:00:00,Manchester City,Everton,2025
28853,Erling Haaland,8260,Manchester City,home,57,Goal,0.33642709255218506,0.9109999847412109,0.48,Head,OpenPlay,Cross,2025-10-18 14:00:00,Manchester City,Everton,2025
28853,Erling Haaland,8260,Manchester City,home,62,Goal,0.09280124306678772,0.855,0.5829999923706055,LeftFoot,OpenPlay,Pass,2025-10-18 14:00:00,Manchester City,Everton,2025
28853,Phil Foden,6055,Manchester City,home,69,MissedShots,0.03806937485933304,0.8169999694824219,0.3060000038146973,LeftFoot,OpenPlay,Pass,2025-10-18 14:00:00,Manchester City,Everton,2025
28853,Oscar Bobb,11903,Manchester City,home,72,BlockedShot,0.09409221261739731,0.8619999694824219,0.315,LeftFoot,OpenPlay,TakeOn,2025-10-18 14:00:00,Manchester City,Everton,2025
28853,Nico O&#039;Reilly,11592,Manchester City,home,79,MissedShots,0.13809417188167572,0.9369999694824219,0.5120000076293946,Head,OpenPlay,Cross,2025-10-18 14:00:00,Manchester City,Everton,2025
28853,Erling Haaland,8260,Manchester City,home,91,SavedShot,0.3933921456336975,0.874000015258789,0.3970000076293945,LeftFoot,OpenPlay,Throughball,2025-10-18 14:00:00,Manchester City,Everton,2025
28853,Erling Haaland,8260,Manchester City,home,91,BlockedShot,0.09566324949264526,0.88,0.565,LeftFoot,OpenPlay,Rebound,2025-10-18 14:00:00,Manchester City,Everton,2025
28853,Mathis Cherki,8094,Manchester City,home,91,BlockedShot,0.06907398998737335,0.8490000152587891,0.5120000076293946,LeftFoot,OpenPlay,Rebound,2025-10-18 14:00:00,Manchester City,Everton,2025
28853,Erling Haaland,8260,Manchester City,home,95,SavedShot,0.33317339420318604,0.8580000305175781,0.5870000076293945,RightFoot,SetPiece,Throughball,2025-10-18 14:00:00,Manchester City,Everton,2025
28853,Beto,9983,Everton,away,13,MissedShots,0.643643856048584,0.955,0.534000015258789,LeftFoot,OpenPlay,Pass,2025-10-18 14:00:00,Manchester City,Everton,2025
28853,Carlos Alcaraz,11297,Everton,away,24,BlockedShot,0.012201840989291668,0.785,0.20899999618530274,RightFoot,OpenPlay,Pass,2025-10-18 14:00:00,Manchester City,Everton,2025
28853,Iliman Ndiaye,9307,Everton,away,40,SavedShot,0.03773112967610359,0.88,0.29200000762939454,RightFoot,OpenPlay,TakeOn,2025-10-18 14:00:00,Manchester City,Everton,2025
28853,James Garner,7438,Everton,away,60,BlockedShot,0.06448057293891907,0.9059999847412109,0.625,LeftFoot,OpenPlay,None,2025-10-18 14:00:00,Manchester City,Everton,2025
28853,Merlin Röhl,11331,Everton,away,76,MissedShots,0.03656488656997681,0.9219999694824219,0.625999984741211,Head,OpenPlay,Aerial,2025-10-18 14:00:00,Manchester City,Everton,2025
28855,Nordi Mukiele,5659,Sunderland,home,3,MissedShots,0.026851192116737366,0.7730000305175782,0.4420000076293945,RightFoot,OpenPlay,None,2025-10-18 14:00:00,Sunderland,Wolverhampton Wanderers,2025
28855,Trai Hume,13713,Sunderland,home,13,BlockedShot,0.027222421020269394,0.78,0.6,RightFoot,OpenPlay,Pass,2025-10-18 14:00:00,Sunderland,Wolverhampton Wanderers,2025
28855,Nordi Mukiele,5659,Sunderland,home,16,Goal,0.4350658655166626,0.9180000305175782,0.575,RightFoot,OpenPlay,Pass,2025-10-18 14:00:00,Sunderland,Wolverhampton Wanderers,2025
28855,Trai Hume,13713,Sunderland,home,25,ShotOnPost,0.3283000886440277,0.9640000152587891,0.59,Head,OpenPlay,HeadPass,2025-10-18 14:00:00,Sunderland,Wolverhampton Wanderers,2025
28855,Dan Ballard,13715,Sunderland,home,41,SavedShot,0.07409484684467316,0.919000015258789,0.5579999923706055,Head,FromCorner,Cross,2025-10-18 14:00:00,Sunderland,Wolverhampton Wanderers,2025
28855,Noah Sadiki,13716,Sunderland,home,47,BlockedShot,0.05619838088750839,0.8480000305175781,0.6419999694824219,RightFoot,OpenPlay,Pass,2025-10-18 14:00:00,Sunderland,Wolverhampton Wanderers,2025
28855,Granit Xhaka,204,Sunderland,home,47,BlockedShot,0.013943257741630077,0.71,0.5029999923706054,LeftFoot,OpenPlay,Rebound,2025-10-18 14:00:00,Sunderland,Wolverhampton Wanderers,2025
28855,Wilson Isidor,7148,Sunderland,home,62,MissedShots,0.0639173835515976,0.8719999694824219,0.675,RightFoot,OpenPlay,Chipped,2025-10-18 14:00:00,Sunderland,Wolverhampton Wanderers,2025
28855,Marshall Munetsi,7908,Wolverhampton Wanderers,away,2,MissedShots,0.015346447005867958,0.6709999847412109,0.35200000762939454,RightFoot,OpenPlay,BallRecovery,2025-10-18 14:00:00,Sunderland,Wolverhampton Wanderers,2025
28855,André,13022,Wolverhampton Wanderers,away,28,MissedShots,0.01654295064508915,0.7119999694824218,0.48900001525878906,RightFoot,OpenPlay,Pass,2025-10-18 14:00:00,Sunderland,Wolverhampton Wanderers,2025
28855,Jhon Arias,13741,Wolverhampton Wanderers,away,30,BlockedShot,0.07222910970449448,0.9259999847412109,0.799000015258789,RightFoot,DirectFreekick,Standard,2025-10-18 14:00:00,Sunderland,Wolverhampton Wanderers,2025
28855,João Gomes,11384,Wolverhampton Wanderers,away,47,MissedShots,0.08063008636236191,0.8590000152587891,0.5370000076293945,RightFoot,OpenPlay,Pass,2025-10-18 14:00:00,Sunderland,Wolverhampton Wanderers,2025
28855,Rodrigo Gomes,12756,Wolverhampton Wanderers,away,50,MissedShots,0.054192230105400085,0.8869999694824219,0.655,LeftFoot,OpenPlay,Chipped,2025-10-18 14:00:00,Sunderland,Wolverhampton Wanderers,2025
28855,João Gomes,11384,Wolverhampton Wanderers,away,67,MissedShots,0.01132278237491846,0.789000015258789,0.774000015258789,RightFoot,OpenPlay,TakeOn,2025-10-18 14:00:00,Sunderland,Wolverhampton Wanderers,2025
28855,Marshall Munetsi,7908,Wolverhampton Wanderers,away,69,SavedShot,0.0673213005065918,0.8669999694824219,0.45599998474121095,RightFoot,OpenPlay,HeadPass,2025-10-18 14:00:00,Sunderland,Wolverhampton Wanderers,2025
28855,Jackson Tchatchoua,12113,Wolverhampton Wanderers,away,77,MissedShots,0.015242712572216988,0.874000015258789,0.43,Head,OpenPlay,Aerial,2025-10-18 14:00:00,Sunderland,Wolverhampton Wanderers,2025
28855,Tolu Arokodare,8875,Wolverhampton Wanderers,away,84,MissedShots,0.07739917188882828,0.904000015258789,0.5879999923706055,RightFoot,OpenPlay,HeadPass,2025-10-18 14:00:00,Sunderland,Wolverhampton Wanderers,2025
28855,Jackson Tchatchoua,12113,Wolverhampton Wanderers,away,85,MissedShots,0.04586073383688927,0.8180000305175781,0.5559999847412109,RightFoot,OpenPlay,BallRecovery,2025-10-18 14:00:00,Sunderland,Wolverhampton Wanderers,2025
28855,Jørgen Strand Larsen,11070,Wolverhampton Wanderers,away,90,BlockedShot,0.045114971697330475,0.8119999694824219,0.5229999923706055,LeftFoot,OpenPlay,None,2025-10-18 14:00:00,Sunderland,Wolverhampton Wanderers,2025
28855,Ladislav Krejcí,12721,Wolverhampton Wanderers,away,91,OwnGoal,0.0,0.18399999618530274,0.504000015258789,RightFoot,OpenPlay,BallTouch,2025-10-18 14:00:00,Sunderland,Wolverhampton Wanderers,2025
28855,Ki-Jana Hoever,8351,Wolverhampton Wanderers,away,95,SavedShot,0.00923213642090559,0.71,0.34400001525878904,RightFoot,OpenPlay,Pass,2025-10-18 14:00:00,Sunderland,Wolverhampton Wanderers,2025
28855,Fernando López,13200,Wolverhampton Wanderers,away,96,BlockedShot,0.0674668699502945,0.8569999694824219,0.46,LeftFoot,SetPiece,None,2025-10-18 14:00:00,Sunderland,Wolverhampton Wanderers,2025
28855,Ladislav Krejcí,12721,Wolverhampton Wanderers,away,96,SavedShot,0.042457930743694305,0.9209999847412109,0.3,LeftFoot,SetPiece,Pass,2025-10-18 14:00:00,Sunderland,Wolverhampton Wanderers,2025
28855,Tolu Arokodare,8875,Wolverhampton Wanderers,away,97,BlockedShot,0.04660780727863312,0.8130000305175781,0.63,RightFoot,OpenPlay,Pass,2025-10-18 14:00:00,Sunderland,Wolverhampton Wanderers,2025
28855,Ladislav Krejcí,12721,Wolverhampton Wanderers,away,97,BlockedShot,0.00981266237795353,0.745,0.3659999847412109,LeftFoot,OpenPlay,Rebound,2025-10-18 14:00:00,Sunderland,Wolverhampton Wanderers,2025
28851,Raúl Jiménez,4105,Fulham,home,10,BlockedShot,0.09752590954303741,0.89,0.34,RightFoot,OpenPlay,Pass,2025-10-18 16:30:00,Fulham,Arsenal,2025
28851,Tom Cairney,6835,Fulham,home,11,BlockedShot,0.04594503343105316,0.875,0.43400001525878906,LeftFoot,FromCorner,Chipped,2025-10-18 16:30:00,Fulham,Arsenal,2025
28851,Harry Wilson,5596,Fulham,home,12,MissedShots,0.04588120058178902,0.8830000305175781,0.3039999961853027,LeftFoot,OpenPlay,Pass,2025-10-18 16:30:00,Fulham,Arsenal,2025
28851,Joshua King,12410,Fulham,home,17,BlockedShot,0.08244583010673523,0.7759999847412109,0.32099998474121094,LeftFoot,OpenPlay,TakeOn,2025-10-18 16:30:00,Fulham,Arsenal,2025
28851,Harry Wilson,5596,Fulham,home,25,MissedShots,0.07671300321817398,0.84,0.43,LeftFoot,OpenPlay,Pass,2025-10-18 16:30:00,Fulham,Arsenal,2025
28851,Ryan Sessegnon,6837,Fulham,home,30,MissedShots,0.012611450627446175,0.6969999694824218,0.4420000076293945,LeftFoot,FromCorner,None,2025-10-18 16:30:00,Fulham,Arsenal,2025
28851,Harry Wilson,5596,Fulham,home,51,MissedShots,0.04247715324163437,0.7980000305175782,0.4370000076293945,LeftFoot,OpenPlay,Pass,2025-10-18 16:30:00,Fulham,Arsenal,2025
28851,Harry Wilson,5596,Fulham,home,54,MissedShots,0.06168025732040405,0.8569999694824219,0.5070000076293946,LeftFoot,OpenPlay,Chipped,2025-10-18 16:30:00,Fulham,Arsenal,2025
28851,Adama Traoré,900,Fulham,home,89,BlockedShot,0.037051696330308914,0.8919999694824219,0.6580000305175782,RightFoot,FromCorner,Cross,2025-10-18 16:30:00,Fulham,Arsenal,2025
28851,Bukayo Saka,7322,Arsenal,away,21,BlockedShot,0.058320965617895126,0.8369999694824218,0.295,LeftFoot,OpenPlay,Pass,2025-10-18 16:30:00,Fulham,Arsenal,2025
28851,Riccardo Calafiori,8129,Arsenal,away,34,BlockedShot,0.032443899661302567,0.8440000152587891,0.715,RightFoot,OpenPlay,Pass,2025-10-18 16:30:00,Fulham,Arsenal,2025
28851,Eberechi Eze,8706,Arsenal,away,35,BlockedShot,0.018324917182326317,0.7880000305175782,0.715,RightFoot,FromCorner,Pass,2025-10-18 16:30:00,Fulham,Arsenal,2025
28851,Viktor Gyokeres,7254,Arsenal,away,36,SavedShot,0.07806604355573654,0.914000015258789,0.33799999237060546,RightFoot,OpenPlay,Pass,2025-10-18 16:30:00,Fulham,Arsenal,2025
28851,Leandro Trossard,7698,Arsenal,away,36,MissedShots,0.09787560999393463,0.94,0.5170000076293946,Head,OpenPlay,Aerial,2025-10-18 16:30:00,Fulham,Arsenal,2025
28851,Riccardo Calafiori,8129,Arsenal,away,37,MissedShots,0.04022448509931564,0.8880000305175781,0.6680000305175782,LeftFoot,OpenPlay,Cross,2025-10-18 16:30:00,Fulham,Arsenal,2025
28851,Gabriel,5613,Arsenal,away,39,BlockedShot,0.015151637606322765,0.9580000305175781,0.6079999923706054,Head,FromCorner,Aerial,2025-10-18 16:30:00,Fulham,Arsenal,2025
28851,Leandro Trossard,7698,Arsenal,away,47,MissedShots,0.03307236358523369,0.9019999694824219,0.6680000305175782,RightFoot,OpenPlay,Cross,2025-10-18 16:30:00,Fulham,Arsenal,2025
28851,Declan Rice,5553,Arsenal,away,51,MissedShots,0.023332854732871056,0.785,0.3659999847412109,RightFoot,OpenPlay,Pass,2025-10-18 16:30:00,Fulham,Arsenal,2025
28851,Gabriel,5613,Arsenal,away,57,MissedShots,0.20292691886425018,0.965,0.47099998474121096,Head,FromCorner,Goal,2025-10-18 16:30:00,Fulham,Arsenal,2025
28851,Leandro Trossard,7698,Arsenal,away,57,Goal,0.6705594062805176,0.98,0.545,RightFoot,FromCorner,None,2025-10-18 16:30:00,Fulham,Arsenal,2025
28851,Bukayo Saka,7322,Arsenal,away,63,SavedShot,0.054453182965517044,0.879000015258789,0.664000015258789,LeftFoot,OpenPlay,TakeOn,2025-10-18 16:30:00,Fulham,Arsenal,2025
28851,Viktor Gyokeres,7254,Arsenal,away,79,MissedShots,0.08318006247282028,0.914000015258789,0.6530000305175782,LeftFoot,OpenPlay,None,2025-10-18 16:30:00,Fulham,Arsenal,2025
28851,Gabriel Martinelli,7752,Arsenal,away,82,MissedShots,0.06308387219905853,0.8530000305175781,0.509000015258789,RightFoot,OpenPlay,Chipped,2025-10-18 16:30:00,Fulham,Arsenal,2025
28851,Viktor Gyokeres,7254,Arsenal,away,93,SavedShot,0.09163882583379745,0.914000015258789,0.33,RightFoot,OpenPlay,Pass,2025-10-18 16:30:00,Fulham,Arsenal,2025
28851,Gabriel Martinelli,7752,Arsenal,away,93,SavedShot,0.5675927400588989,0.9680000305175781,0.43,RightFoot,OpenPlay,Rebound,2025-10-18 16:30:00,Fulham,Arsenal,2025
28856,Rodrigo Bentancur,6108,Tottenham,home,4,Goal,0.4010891914367676,0.9130000305175782,0.5279999923706055,RightFoot,FromCorner,HeadPass,2025-10-19 13:00:00,Tottenham,Aston Villa,2025
28856,Wilson Odobert,10822,Tottenham,home,26,SavedShot,0.09124181419610977,0.8469999694824218,0.7240000152587891,RightFoot,OpenPlay,Chipped,2025-10-19 13:00:00,Tottenham,Aston Villa,2025
28856,Micky van de Ven,10050,Tottenham,home,45,MissedShots,0.2573102116584778,0.9009999847412109,0.4909999847412109,Head,SetPiece,Cross,2025-10-19 13:00:00,Tottenham,Aston Villa,2025
28856,Wilson Odobert,10822,Tottenham,home,52,BlockedShot,0.5299350023269653,0.9230000305175782,0.48900001525878906,RightFoot,OpenPlay,None,2025-10-19 13:00:00,Tottenham,Aston Villa,2025
28856,João Palhinha,10715,Tottenham,home,53,SavedShot,0.03177473694086075,0.794000015258789,0.37599998474121094,RightFoot,OpenPlay,Pass,2025-10-19 13:00:00,Tottenham,Aston Villa,2025
28856,João Palhinha,10715,Tottenham,home,56,MissedShots,0.031818948686122894,0.7819999694824219,0.4229999923706055,RightFoot,OpenPlay,Pass,2025-10-19 13:00:00,Tottenham,Aston Villa,2025
28856,Rodrigo Bentancur,6108,Tottenham,home,66,BlockedShot,0.05909617245197296,0.8180000305175781,0.4859999847412109,LeftFoot,OpenPlay,BallTouch,2025-10-19 13:00:00,Tottenham,Aston Villa,2025
28856,Randal Kolo Muani,5743,Tottenham,home,92,MissedShots,0.06208477169275284,0.914000015258789,0.519000015258789,RightFoot,FromCorner,Aerial,2025-10-19 13:00:00,Tottenham,Aston Villa,2025
28856,Brennan Johnson,10760,Tottenham,home,94,MissedShots,0.05026136338710785,0.8830000305175781,0.6619999694824219,RightFoot,OpenPlay,None,2025-10-19 13:00:00,Tottenham,Aston Villa,2025
28856,Matthew Cash,8864,Aston Villa,away,11,BlockedShot,0.017699720337986946,0.8119999694824219,0.28399999618530275,RightFoot,FromCorner,None,2025-10-19 13:00:00,Tottenham,Aston Villa,2025
28856,Matthew Cash,8864,Aston Villa,away,14,MissedShots,0.028522029519081116,0.7680000305175781,0.4379999923706055,RightFoot,OpenPlay,Pass,2025-10-19 13:00:00,Tottenham,Aston Villa,2025
28856,Morgan Rogers,12412,Aston Villa,away,36,Goal,0.025275209918618202,0.795,0.33599998474121096,RightFoot,OpenPlay,None,2025-10-19 13:00:00,Tottenham,Aston Villa,2025
28856,Donyell Malen,9749,Aston Villa,away,56,MissedShots,0.08622466772794724,0.899000015258789,0.6480000305175782,LeftFoot,OpenPlay,Pass,2025-10-19 13:00:00,Tottenham,Aston Villa,2025
28856,John McGinn,7723,Aston Villa,away,61,MissedShots,0.05368897691369057,0.7959999847412109,0.6869999694824219,LeftFoot,OpenPlay,BallRecovery,2025-10-19 13:00:00,Tottenham,Aston Villa,2025
28856,Emiliano Buendía,2203,Aston Villa,away,76,Goal,0.03128521516919136,0.8209999847412109,0.32599998474121095,LeftFoot,OpenPlay,Pass,2025-10-19 13:00:00,Tottenham,Aston Villa,2025
28856,Ian Maatsen,11807,Aston Villa,away,86,MissedShots,0.021490737795829773,0.784000015258789,0.5929999923706055,LeftFoot,FromCorner,None,2025-10-19 13:00:00,Tottenham,Aston Villa,2025
28856,Ollie Watkins,8865,Aston Villa,away,89,BlockedShot,0.08804439753293991,0.865,0.37400001525878906,RightFoot,OpenPlay,Pass,2025-10-19 13:00:00,Tottenham,Aston Villa,2025
28852,Virgil van Dijk,833,Liverpool,home,13,MissedShots,0.18659044802188873,0.9180000305175782,0.43200000762939456,Head,SetPiece,Cross,2025-10-19 15:30:00,Liverpool,Manchester United,2025
28852,Cody Gakpo,11296,Liverpool,home,20,ShotOnPost,0.04885004088282585,0.8159999847412109,0.5640000152587891,RightFoot,OpenPlay,Pass,2025-10-19 15:30:00,Liverpool,Manchester United,2025
28852,Alexis Mac Allister,8379,Liverpool,home,25,SavedShot,0.04978923127055168,0.8109999847412109,0.4829999923706055,RightFoot,OpenPlay,Pass,2025-10-19 15:30:00,Liverpool,Manchester United,2025
28852,Alexander Isak,5232,Liverpool,home,28,MissedShots,0.05322479084134102,0.845999984741211,0.4109999847412109,RightFoot,OpenPlay,None,2025-10-19 15:30:00,Liverpool,Manchester United,2025
28852,Mohamed Salah,1250,Liverpool,home,32,SavedShot,0.02346966229379177,0.9340000152587891,0.39099998474121095,Head,OpenPlay,Aerial,2025-10-19 15:30:00,Liverpool,Manchester United,2025
28852,Alexander Isak,5232,Liverpool,home,34,SavedShot,0.24298451840877533,0.89,0.36200000762939455,RightFoot,OpenPlay,Throughball,2025-10-19 15:30:00,Liverpool,Manchester United,2025
28852,Virgil van Dijk,833,Liverpool,home,38,SavedShot,0.010452482849359512,0.9430000305175781,0.6819999694824219,Head,FromCorner,Cross,2025-10-19 15:30:00,Liverpool,Manchester United,2025
28852,Cody Gakpo,11296,Liverpool,home,49,ShotOnPost,0.06544985622167587,0.8780000305175781,0.6229999923706054,RightFoot,SetPiece,Chipped,2025-10-19 15:30:00,Liverpool,Manchester United,2025
28852,Mohamed Salah,1250,Liverpool,home,53,MissedShots,0.051351264119148254,0.9569999694824218,0.38799999237060545,LeftFoot,FromCorner,Cross,2025-10-19 15:30:00,Liverpool,Manchester United,2025
28852,Alexis Mac Allister,8379,Liverpool,home,59,MissedShots,0.07151411473751068,0.835999984741211,0.44,RightFoot,OpenPlay,Pass,2025-10-19 15:30:00,Liverpool,Manchester United,2025
28852,Hugo Ekitike,8995,Liverpool,home,63,MissedShots,0.029520833864808083,0.7069999694824218,0.610999984741211,RightFoot,OpenPlay,Pass,2025-10-19 15:30:00,Liverpool,Manchester United,2025
28852,Mohamed Salah,1250,Liverpool,home,64,MissedShots,0.27443599700927734,0.9180000305175782,0.38299999237060545,LeftFoot,OpenPlay,Cross,2025-10-19 15:30:00,Liverpool,Manchester United,2025
28852,Hugo Ekitike,8995,Liverpool,home,68,MissedShots,0.0628272145986557,0.8490000152587891,0.6859999847412109,RightFoot,OpenPlay,Pass,2025-10-19 15:30:00,Liverpool,Manchester United,2025
28852,Curtis Jones,6665,Liverpool,home,75,SavedShot,0.05974965542554855,0.88,0.6580000305175782,LeftFoot,OpenPlay,Pass,2025-10-19 15:30:00,Liverpool,Manchester United,2025
28852,Cody Gakpo,11296,Liverpool,home,76,BlockedShot,0.02395622618496418,0.924000015258789,0.42700000762939455,Head,FromCorner,Aerial,2025-10-19 15:30:00,Liverpool,Manchester United,2025
28852,Federico Chiesa,1433,Liverpool,home,77,MissedShots,0.06949859857559204,0.915,0.6730000305175782,LeftFoot,OpenPlay,Pass,2025-10-19 15:30:00,Liverpool,Manchester United,2025
28852,Cody Gakpo,11296,Liverpool,home,77,Goal,0.7863274216651917,0.9680000305175781,0.49700000762939456,RightFoot,OpenPlay,Rebound,2025-10-19 15:30:00,Liverpool,Manchester United,2025
28852,Cody Gakpo,11296,Liverpool,home,86,MissedShots,0.5381103157997131,0.9480000305175781,0.5120000076293946,Head,OpenPlay,Cross,2025-10-19 15:30:00,Liverpool,Manchester United,2025
28852,Ibrahima Konaté,6326,Liverpool,home,91,BlockedShot,0.01626363955438137,0.865,0.44099998474121094,Head,FromCorner,Cross,2025-10-19 15:30:00,Liverpool,Manchester United,2025
28852,Bryan Mbeumo,6552,Manchester United,away,1,Goal,0.3349863588809967,0.9269999694824219,0.36,RightFoot,OpenPlay,Throughball,2025-10-19 15:30:00,Liverpool,Manchester United,2025
28852,Bruno Fernandes,1228,Manchester United,away,23,ShotOnPost,0.10961603373289108,0.86,0.44400001525878907,RightFoot,OpenPlay,Pass,2025-10-19 15:30:00,Liverpool,Manchester United,2025
28852,Mason Mount,7768,Manchester United,away,26,MissedShots,0.5486971139907837,0.924000015258789,0.47,RightFoot,OpenPlay,None,2025-10-19 15:30:00,Liverpool,Manchester United,2025
28852,Bryan Mbeumo,6552,Manchester United,away,26,SavedShot,0.5278137922286987,0.914000015258789,0.5029999923706054,LeftFoot,OpenPlay,None,2025-10-19 15:30:00,Liverpool,Manchester United,2025
28852,Mason Mount,7768,Manchester United,away,26,SavedShot,0.01935759373009205,0.7469999694824219,0.56,LeftFoot,OpenPlay,Rebound,2025-10-19 15:30:00,Liverpool,Manchester United,2025
28852,Matheus Cunha,7080,Manchester United,away,41,MissedShots,0.029462268576025963,0.784000015258789,0.315,LeftFoot,OpenPlay,Pass,2025-10-19 15:30:00,Liverpool,Manchester United,2025
28852,Bruno Fernandes,1228,Manchester United,away,62,BlockedShot,0.06843314319849014,0.8680000305175781,0.6830000305175781,LeftFoot,OpenPlay,Pass,2025-10-19 15:30:00,Liverpool,Manchester United,2025
28852,Benjamin Sesko,11974,Manchester United,away,66,MissedShots,0.009385992772877216,0.84,0.644000015258789,Head,FromCorner,Aerial,2025-10-19 15:30:00,Liverpool,Manchester United,2025
28852,Matheus Cunha,7080,Manchester United,away,82,BlockedShot,0.08052407950162888,0.909000015258789,0.6559999847412109,LeftFoot,OpenPlay,Pass,2025-10-19 15:30:00,Liverpool,Manchester United,2025
28852,Bryan Mbeumo,6552,Manchester United,away,83,BlockedShot,0.03670772537589073,0.845999984741211,0.6559999847412109,LeftFoot,FromCorner,Pass,2025-10-19 15:30:00,Liverpool,Manchester United,2025
28852,Harry Maguire,1687,Manchester United,away,83,Goal,0.23580484092235565,0.92,0.4370000076293945,Head,FromCorner,Cross,2025-10-19 15:30:00,Liverpool,Manchester United,2025
28852,Matthijs de Ligt,7902,Manchester United,away,87,MissedShots,0.5406005382537842,0.9569999694824218,0.5170000076293946,Head,SetPiece,Aerial,2025-10-19 15:30:00,Liverpool,Manchester United,2025
28857,Mateus Fernandes,12948,West Ham,home,9,BlockedShot,0.017190052196383476,0.754000015258789,0.3970000076293945,RightFoot,OpenPlay,None,2025-10-20 19:00:00,West Ham,Brentford,2025
28857,Crysencio Summerville,9492,West Ham,home,48,MissedShots,0.035151321440935135,0.7319999694824219,0.4979999923706055,RightFoot,OpenPlay,Pass,2025-10-20 19:00:00,West Ham,Brentford,2025
28857,Jarrod Bowen,1776,West Ham,home,49,SavedShot,0.029067160561680794,0.7809999847412109,0.40700000762939453,LeftFoot,OpenPlay,Pass,2025-10-20 19:00:00,West Ham,Brentford,2025
28857,Crysencio Summerville,9492,West Ham,home,50,BlockedShot,0.013662516139447689,0.7390000152587891,0.6669999694824219,RightFoot,FromCorner,None,2025-10-20 19:00:00,West Ham,Brentford,2025
28857,Tomas Soucek,8288,West Ham,home,54,BlockedShot,0.08179470896720886,0.894000015258789,0.46,RightFoot,OpenPlay,Dispossessed,2025-10-20 19:00:00,West Ham,Brentford,2025
28857,Jarrod Bowen,1776,West Ham,home,71,MissedShots,0.050188057124614716,0.840999984741211,0.34599998474121096,RightFoot,OpenPlay,Pass,2025-10-20 19:00:00,West Ham,Brentford,2025
28857,Lucas Paquetá,7365,West Ham,home,90,MissedShots,0.033197082579135895,0.8180000305175781,0.6619999694824219,RightFoot,OpenPlay,None,2025-10-20 19:00:00,West Ham,Brentford,2025
28857,Kevin Schade,9156,Brentford,away,3,MissedShots,0.06772693246603012,0.924000015258789,0.7369999694824219,LeftFoot,OpenPlay,Pass,2025-10-20 19:00:00,West Ham,Brentford,2025
28857,Kevin Schade,9156,Brentford,away,8,SavedShot,0.021479874849319458,0.9830000305175781,0.6170000076293946,Head,OpenPlay,Chipped,2025-10-20 19:00:00,West Ham,Brentford,2025
28857,Kevin Schade,9156,Brentford,away,8,MissedShots,0.06525003165006638,0.915,0.5420000076293945,OtherBodyPart,OpenPlay,Aerial,2025-10-20 19:00:00,West Ham,Brentford,2025
28857,Dango Ouattara,9662,Brentford,away,14,BlockedShot,0.14161616563796997,0.9330000305175781,0.495,Head,OpenPlay,Cross,2025-10-20 19:00:00,West Ham,Brentford,2025
28857,Nathan Collins,9733,Brentford,away,24,MissedShots,0.10135364532470703,0.9019999694824219,0.49700000762939456,Head,SetPiece,Cross,2025-10-20 19:00:00,West Ham,Brentford,2025
28857,Dango Ouattara,9662,Brentford,away,28,BlockedShot,0.07098280638456345,0.8490000152587891,0.33,LeftFoot,OpenPlay,Pass,2025-10-20 19:00:00,West Ham,Brentford,2025
28857,Dango Ouattara,9662,Brentford,away,29,MissedShots,0.057083360850811005,0.9130000305175782,0.47400001525878904,Head,OpenPlay,Aerial,2025-10-20 19:00:00,West Ham,Brentford,2025
28857,Thiago,13222,Brentford,away,29,ShotOnPost,0.5491554737091064,0.9730000305175781,0.57,LeftFoot,OpenPlay,Rebound,2025-10-20 19:00:00,West Ham,Brentford,2025
28857,Thiago,13222,Brentford,away,30,BlockedShot,0.11251520365476608,0.8730000305175781,0.4829999923706055,LeftFoot,OpenPlay,Pass,2025-10-20 19:00:00,West Ham,Brentford,2025
28857,Thiago,13222,Brentford,away,30,BlockedShot,0.07769110798835754,0.8719999694824219,0.39099998474121095,RightFoot,OpenPlay,Pass,2025-10-20 19:00:00,West Ham,Brentford,2025
28857,Mikkel Damsgaard,8859,Brentford,away,30,SavedShot,0.0396374873816967,0.8909999847412109,0.5220000076293946,Head,OpenPlay,Aerial,2025-10-20 19:00:00,West Ham,Brentford,2025
28857,Thiago,13222,Brentford,away,31,SavedShot,0.5476440787315369,0.9540000152587891,0.44099998474121094,RightFoot,FromCorner,None,2025-10-20 19:00:00,West Ham,Brentford,2025
28857,Dango Ouattara,9662,Brentford,away,32,BlockedShot,0.015740925446152687,0.8919999694824219,0.615999984741211,Head,FromCorner,Cross,2025-10-20 19:00:00,West Ham,Brentford,2025
28857,Dango Ouattara,9662,Brentford,away,39,MissedShots,0.29765719175338745,0.955999984741211,0.42700000762939455,Head,FromCorner,Cross,2025-10-20 19:00:00,West Ham,Brentford,2025
28857,Thiago,13222,Brentford,away,42,Goal,0.3755340874195099,0.895,0.5890000152587891,RightFoot,OpenPlay,Pass,2025-10-20 19:00:00,West Ham,Brentford,2025
28857,Kristoffer Ajer,9677,Brentford,away,47,BlockedShot,0.029658615589141846,0.754000015258789,0.41700000762939454,RightFoot,OpenPlay,BallRecovery,2025-10-20 19:00:00,West Ham,Brentford,2025
28857,Kristoffer Ajer,9677,Brentford,away,55,MissedShots,0.08736815303564072,0.955999984741211,0.43099998474121093,Head,OpenPlay,Aerial,2025-10-20 19:00:00,West Ham,Brentford,2025
28857,Sepp van den Berg,10721,Brentford,away,60,MissedShots,0.09794063866138458,0.9330000305175781,0.4420000076293945,Head,FromCorner,Cross,2025-10-20 19:00:00,West Ham,Brentford,2025
28857,Kevin Schade,9156,Brentford,away,61,ShotOnPost,0.500971257686615,0.935,0.505,Head,OpenPlay,Cross,2025-10-20 19:00:00,West Ham,Brentford,2025
28857,Thiago,13222,Brentford,away,78,SavedShot,0.07981101423501968,0.9590000152587891,0.3129999923706055,RightFoot,OpenPlay,Pass,2025-10-20 19:00:00,West Ham,Brentford,2025
28857,Keane Lewis-Potter,10809,Brentford,away,85,MissedShots,0.040230706334114075,0.7669999694824219,0.3270000076293945,LeftFoot,OpenPlay,Pass,2025-10-20 19:00:00,West Ham,Brentford,2025
28857,Mathias Jensen,7166,Brentford,away,94,Goal,0.12064792215824127,0.875999984741211,0.4620000076293945,RightFoot,OpenPlay,Pass,2025-10-20 19:00:00,West Ham,Brentford,2025
