match_id,match_date,kick_off,home_score,away_score,match_status,match_status_360,last_updated,last_updated_360,match_week,competition.competition_id,competition.country_name,competition.competition_name,season.season_id,season.season_name,home_team.home_team_id,home_team.home_team_name,home_team.home_team_gender,home_team.home_team_group,home_team.country.id,home_team.country.name,home_team.managers,away_team.away_team_id,away_team.away_team_name,away_team.away_team_gender,away_team.away_team_group,away_team.country.id,away_team.country.name,away_team.managers,metadata.data_version,metadata.shot_fidelity_version,metadata.xy_fidelity_version,competition_stage.id,competition_stage.name,stadium.id,stadium.name,stadium.country.id,stadium.country.name,referee.id,referee.name,referee.country.id,referee.country.name
3754058,2016-01-02,16:00:00.000,0,0,available,processing,2021-10-29T23:44:19.940296,2021-06-12T16:17:31.694,20,2,England,Premier League,27,2015/2016,22,Leicester City,male,,68,England,"[{'id': 60, 'name': 'Claudio Ranieri', 'nickname': None, 'dob': '1951-10-20', 'country': {'id': 112, 'name': 'Italy'}}]",28,AFC Bournemouth,male,,68,England,"[{'id': 38, 'name': 'Eddie Howe', 'nickname': None, 'dob': '1977-11-29', 'country': {'id': 68, 'name': 'England'}}]",1.1.0,2,2,1,Regular Season,20,King Power Stadium ,68,England,5,Andre Marriner,68,England
3754245,2015-10-17,16:00:00.000,1,0,available,scheduled,2022-12-01T13:09:17.044015,2021-06-13T16:17:31.694,9,2,England,Premier League,27,2015/2016,27,West Bromwich Albion,male,,68,England,"[{'id': 300, 'name': 'Tony Pulis', 'nickname': None, 'dob': '1958-01-16', 'country': {'id': 249, 'name': 'Wales'}}]",41,Sunderland,male,,68,England,"[{'id': 561, 'name': 'Sam Allardyce', 'nickname': None, 'dob': '1954-10-19', 'country': {'id': 68, 'name': 'England'}}]",1.1.0,2,2,1,Regular Season,33,The Hawthorns,68,England,4,Martin Atkinson,68,England
3754136,2015-12-19,18:30:00.000,1,1,available,scheduled,2020-11-12T23:48:19.757269,2021-06-13T16:17:31.694,17,2,England,Premier League,27,2015/2016,37,Newcastle United,male,,68,England,"[{'id': 40, 'name': 'Steve McClaren', 'nickname': None, 'dob': '1961-05-03', 'country': {'id': 68, 'name': 'England'}}]",59,Aston Villa,male,,68,England,"[{'id': 92, 'name': 'Rémi Garde', 'nickname': None, 'dob': '1966-04-03', 'country': {'id': 78, 'name': 'France'}}]",1.1.0,2,2,1,Regular Season,4674,St. James'' Park,68,England,4,Martin Atkinson,68,England
3754037,2016-04-30,16:00:00.000,2,1,available,processing,2021-07-07T17:59:57.456,2021-06-12T16:17:31.694,36,2,England,Premier League,27,2015/2016,29,Everton,male,,68,England,"[{'id': 263, 'name': 'Roberto Martínez Montoliú', 'nickname': 'Roberto Martínez', 'dob': '1973-07-13', 'country': {'id': 214, 'name': 'Spain'}}]",28,AFC Bournemouth,male,,68,England,"[{'id': 38, 'name': 'Eddie Howe', 'nickname': None, 'dob': '1977-11-29', 'country': {'id': 68, 'name': 'England'}}]",1.1.0,2,2,1,Regular Season,12,Goodison Park,68,England,7,Neil Swarbrick,68,England
3754039,2016-02-13,16:00:00.000,1,2,available,processing,2021-07-25T18:09:51.386,2021-06-12T16:17:31.694,26,2,England,Premier League,27,2015/2016,31,Crystal Palace,male,,68,England,"[{'id': 382, 'name': 'Alan Pardew', 'nickname': None, 'dob': '1961-07-18', 'country': {'id': 68, 'name': 'England'}}]",23,Watford,male,,68,England,"[{'id': 236, 'name': 'Enrique Sánchez Flores', 'nickname': 'Quique Sánchez Flores', 'dob': '1965-02-05', 'country': {'id': 214, 'name': 'Spain'}}]",1.1.0,2,2,1,Regular Season,37,Selhurst Park,68,England,9,Robert Madley,68,England
3754041,2016-05-15,16:00:00.000,4,0,available,processing,2021-07-09T16:36:48.108,2021-06-12T16:17:31.694,38,2,England,Premier League,27,2015/2016,1,Arsenal,male,,68,England,"[{'id': 577, 'name': 'Arsène Wenger', 'nickname': None, 'dob': '1949-10-22', 'country': {'id': 78, 'name': 'France'}}]",59,Aston Villa,male,,68,England,"[{'id': 5020, 'name': 'Eric Black', 'nickname': None, 'dob': '1963-10-01', 'country': {'id': 201, 'name': 'Scotland'}}]",1.1.0,2,2,1,Regular Season,3,Emirates Stadium,68,England,728,Mark Clattenburg,68,England
3754042,2016-05-15,16:00:00.000,1,1,available,processing,2021-07-08T21:22:33.502,2021-06-12T16:17:31.694,38,2,England,Premier League,27,2015/2016,27,West Bromwich Albion,male,,68,England,"[{'id': 300, 'name': 'Tony Pulis', 'nickname': None, 'dob': '1958-01-16', 'country': {'id': 249, 'name': 'Wales'}}]",24,Liverpool,male,,68,England,"[{'id': 94, 'name': 'Jürgen Klopp', 'nickname': None, 'dob': '1967-06-16', 'country': {'id': 85, 'name': 'Germany'}}]",1.1.0,2,2,1,Regular Season,33,The Hawthorns,68,England,9,Robert Madley,68,England
3754043,2016-03-20,17:00:00.000,3,0,available,processing,2021-07-02T17:59:03.477,2021-06-12T16:17:31.694,31,2,England,Premier League,27,2015/2016,38,Tottenham Hotspur,male,,68,England,"[{'id': 81, 'name': 'Mauricio Roberto Pochettino Trossero', 'nickname': 'Mauricio Pochettino', 'dob': '1972-03-02', 'country': {'id': 11, 'name': 'Argentina'}}]",28,AFC Bournemouth,male,,68,England,"[{'id': 38, 'name': 'Eddie Howe', 'nickname': None, 'dob': '1977-11-29', 'country': {'id': 68, 'name': 'England'}}]",1.1.0,2,2,1,Regular Season,99148,White Hart Lane,68,England,7,Neil Swarbrick,68,England
3754045,2015-12-29,20:45:00.000,0,0,available,processing,2021-06-30T19:08:15.538,2021-06-12T16:17:31.694,19,2,England,Premier League,27,2015/2016,22,Leicester City,male,,68,England,"[{'id': 60, 'name': 'Claudio Ranieri', 'nickname': None, 'dob': '1951-10-20', 'country': {'id': 112, 'name': 'Italy'}}]",36,Manchester City,male,,68,England,"[{'id': 733, 'name': 'Manuel Luis Pellegrini Ripamonti', 'nickname': 'Manuel Pellegrini', 'dob': '1953-09-16', 'country': {'id': 45, 'name': 'Chile'}}]",1.1.0,2,2,1,Regular Season,20,King Power Stadium ,68,England,2,Craig Pawson,68,England
3754048,2016-04-13,21:00:00.000,0,0,available,processing,2021-07-09T13:20:16.291,2021-06-12T16:17:31.694,35,2,England,Premier League,27,2015/2016,31,Crystal Palace,male,,68,England,"[{'id': 382, 'name': 'Alan Pardew', 'nickname': None, 'dob': '1961-07-18', 'country': {'id': 68, 'name': 'England'}}]",29,Everton,male,,68,England,"[{'id': 263, 'name': 'Roberto Martínez Montoliú', 'nickname': 'Roberto Martínez', 'dob': '1973-07-13', 'country': {'id': 214, 'name': 'Spain'}}]",1.1.0,2,2,1,Regular Season,37,Selhurst Park,68,England,14,Mike Jones,68,England
3754049,2016-02-27,16:00:00.000,1,0,available,processing,2021-06-29T20:50:58.495,2021-06-12T16:17:31.694,27,2,England,Premier League,27,2015/2016,22,Leicester City,male,,68,England,"[{'id': 60, 'name': 'Claudio Ranieri', 'nickname': None, 'dob': '1951-10-20', 'country': {'id': 112, 'name': 'Italy'}}]",56,Norwich City,male,,68,England,"[{'id': 41, 'name': 'Alex Neil', 'nickname': None, 'dob': '1981-06-09', 'country': {'id': 201, 'name': 'Scotland'}}]",1.1.0,2,2,1,Regular Season,20,King Power Stadium ,68,England,7,Neil Swarbrick,68,England
3754050,2016-03-01,20:45:00.000,2,2,available,processing,2022-12-01T14:08:37.435992,2021-06-12T16:17:31.694,28,2,England,Premier League,27,2015/2016,41,Sunderland,male,,68,England,"[{'id': 561, 'name': 'Sam Allardyce', 'nickname': None, 'dob': '1954-10-19', 'country': {'id': 68, 'name': 'England'}}]",31,Crystal Palace,male,,68,England,"[{'id': 382, 'name': 'Alan Pardew', 'nickname': None, 'dob': '1961-07-18', 'country': {'id': 68, 'name': 'England'}}]",1.1.0,2,2,1,Regular Season,210,Stadium of Light,68,England,8,Anthony Taylor,68,England
3754052,2016-03-19,16:00:00.000,0,1,available,processing,2021-07-06T17:48:58.932,2021-06-12T16:17:31.694,31,2,England,Premier League,27,2015/2016,27,West Bromwich Albion,male,,68,England,"[{'id': 300, 'name': 'Tony Pulis', 'nickname': None, 'dob': '1958-01-16', 'country': {'id': 249, 'name': 'Wales'}}]",56,Norwich City,male,,68,England,"[{'id': 41, 'name': 'Alex Neil', 'nickname': None, 'dob': '1981-06-09', 'country': {'id': 201, 'name': 'Scotland'}}]",1.1.0,2,2,1,Regular Season,33,The Hawthorns,68,England,8,Anthony Taylor,68,England
3754053,2016-03-13,17:00:00.000,0,2,available,processing,2021-11-04T18:24:25.370899,2021-06-12T16:17:31.694,30,2,England,Premier League,27,2015/2016,59,Aston Villa,male,,68,England,"[{'id': 92, 'name': 'Rémi Garde', 'nickname': None, 'dob': '1966-04-03', 'country': {'id': 78, 'name': 'France'}}]",38,Tottenham Hotspur,male,,68,England,"[{'id': 81, 'name': 'Mauricio Roberto Pochettino Trossero', 'nickname': 'Mauricio Pochettino', 'dob': '1972-03-02', 'country': {'id': 11, 'name': 'Argentina'}}]",1.1.0,2,2,1,Regular Season,211,Villa Park,68,England,8,Anthony Taylor,68,England
3754055,2016-05-11,21:00:00.000,1,1,available,processing,2022-12-01T14:45:30.949006,2021-06-12T16:17:31.694,30,2,England,Premier League,27,2015/2016,24,Liverpool,male,,68,England,"[{'id': 94, 'name': 'Jürgen Klopp', 'nickname': None, 'dob': '1967-06-16', 'country': {'id': 85, 'name': 'Germany'}}]",33,Chelsea,male,,68,England,"[{'id': 3608, 'name': 'Guus Hiddink', 'nickname': None, 'dob': '1946-11-08', 'country': {'id': 160, 'name': 'Netherlands'}}]",1.1.0,2,2,1,Regular Season,6,Anfield ,68,England,1,Michael Oliver,68,England
3754226,2015-12-30,20:45:00.000,0,1,available,processing,2021-06-28T15:11:27.654,2021-06-12T16:17:31.694,19,2,England,Premier League,27,2015/2016,41,Sunderland,male,,68,England,"[{'id': 561, 'name': 'Sam Allardyce', 'nickname': None, 'dob': '1954-10-19', 'country': {'id': 68, 'name': 'England'}}]",24,Liverpool,male,,68,England,"[{'id': 94, 'name': 'Jürgen Klopp', 'nickname': None, 'dob': '1967-06-16', 'country': {'id': 85, 'name': 'Germany'}}]",1.1.0,2,2,1,Regular Season,210,Stadium of Light,68,England,12,Kevin Friend,68,England
3754014,2015-12-26,13:45:00.000,2,0,available,scheduled,2022-12-01T13:42:55.987168,2021-06-13T16:17:31.694,18,2,England,Premier League,27,2015/2016,30,Stoke City,male,,68,England,"[{'id': 55, 'name': 'Mark Hughes', 'nickname': None, 'dob': '1963-11-01', 'country': {'id': 249, 'name': 'Wales'}}]",39,Manchester United,male,,68,England,"[{'id': 788, 'name': 'Louis van Gaal', 'nickname': None, 'dob': '1951-08-08', 'country': {'id': 160, 'name': 'Netherlands'}}]",1.1.0,2,2,1,Regular Season,29,bet365 Stadium,68,England,12,Kevin Friend,68,England
3754091,2015-10-24,16:00:00.000,0,2,available,scheduled,2020-10-20T19:53:41.959575,2021-06-13T16:17:31.694,10,2,England,Premier League,27,2015/2016,30,Stoke City,male,,68,England,"[{'id': 55, 'name': 'Mark Hughes', 'nickname': None, 'dob': '1963-11-01', 'country': {'id': 249, 'name': 'Wales'}}]",23,Watford,male,,68,England,"[{'id': 236, 'name': 'Enrique Sánchez Flores', 'nickname': 'Quique Sánchez Flores', 'dob': '1965-02-05', 'country': {'id': 214, 'name': 'Spain'}}]",1.1.0,2,2,1,Regular Season,29,bet365 Stadium,68,England,4,Martin Atkinson,68,England
3754135,2015-12-05,13:45:00.000,2,0,available,scheduled,2020-10-13T17:34:34.754810,2021-06-13T16:17:31.694,15,2,England,Premier League,27,2015/2016,30,Stoke City,male,,68,England,"[{'id': 55, 'name': 'Mark Hughes', 'nickname': None, 'dob': '1963-11-01', 'country': {'id': 249, 'name': 'Wales'}}]",36,Manchester City,male,,68,England,"[{'id': 733, 'name': 'Manuel Luis Pellegrini Ripamonti', 'nickname': 'Manuel Pellegrini', 'dob': '1953-09-16', 'country': {'id': 45, 'name': 'Chile'}}]",1.1.0,2,2,1,Regular Season,29,bet365 Stadium,68,England,4,Martin Atkinson,68,England
3754293,2015-11-07,18:30:00.000,1,0,available,scheduled,2022-12-01T13:20:45.172631,2021-06-13T16:17:31.694,12,2,England,Premier League,27,2015/2016,30,Stoke City,male,,68,England,"[{'id': 55, 'name': 'Mark Hughes', 'nickname': None, 'dob': '1963-11-01', 'country': {'id': 249, 'name': 'Wales'}}]",33,Chelsea,male,,68,England,"[{'id': 383, 'name': 'José Mario Felix dos Santos Mourinho', 'nickname': 'José Mourinho', 'dob': '1963-01-26', 'country': {'id': 183, 'name': 'Portugal'}}]",1.1.0,2,2,1,Regular Season,29,bet365 Stadium,68,England,8,Anthony Taylor,68,England
3754339,2015-09-26,16:00:00.000,2,1,available,scheduled,2020-08-17T09:23:22.420989,2021-06-13T16:17:31.694,7,2,England,Premier League,27,2015/2016,30,Stoke City,male,,68,England,"[{'id': 55, 'name': 'Mark Hughes', 'nickname': None, 'dob': '1963-11-01', 'country': {'id': 249, 'name': 'Wales'}}]",28,AFC Bournemouth,male,,68,England,"[{'id': 38, 'name': 'Eddie Howe', 'nickname': None, 'dob': '1977-11-29', 'country': {'id': 68, 'name': 'England'}}]",1.1.0,2,2,1,Regular Season,29,bet365 Stadium,68,England,10,Lee Mason,68,England
3754146,2015-09-19,16:00:00.000,2,2,available,scheduled,2022-07-08T23:10:50.019819,2021-06-13T16:17:31.694,6,2,England,Premier League,27,2015/2016,30,Stoke City,male,,68,England,"[{'id': 55, 'name': 'Mark Hughes', 'nickname': None, 'dob': '1963-11-01', 'country': {'id': 249, 'name': 'Wales'}}]",22,Leicester City,male,,68,England,"[{'id': 60, 'name': 'Claudio Ranieri', 'nickname': None, 'dob': '1951-10-20', 'country': {'id': 112, 'name': 'Italy'}}]",1.1.0,2,2,1,Regular Season,29,bet365 Stadium,68,England,5,Andre Marriner,68,England
3754347,2015-12-05,16:00:00.000,0,0,available,scheduled,2020-10-15T02:13:03.665870,2021-06-13T16:17:31.694,15,2,England,Premier League,27,2015/2016,39,Manchester United,male,,68,England,"[{'id': 788, 'name': 'Louis van Gaal', 'nickname': None, 'dob': '1951-08-08', 'country': {'id': 160, 'name': 'Netherlands'}}]",40,West Ham United,male,,68,England,"[{'id': 150, 'name': 'Slaven Bilić', 'nickname': None, 'dob': '1968-09-11', 'country': {'id': 56, 'name': 'Croatia'}}]",1.1.0,2,2,1,Regular Season,2,Old Trafford,68,England,728,Mark Clattenburg,68,England
3754255,2015-12-13,17:00:00.000,2,2,available,scheduled,2020-10-14T06:04:11.885071,2021-06-13T16:17:31.694,16,2,England,Premier League,27,2015/2016,24,Liverpool,male,,68,England,"[{'id': 94, 'name': 'Jürgen Klopp', 'nickname': None, 'dob': '1967-06-16', 'country': {'id': 85, 'name': 'Germany'}}]",27,West Bromwich Albion,male,,68,England,"[{'id': 300, 'name': 'Tony Pulis', 'nickname': None, 'dob': '1958-01-16', 'country': {'id': 249, 'name': 'Wales'}}]",1.1.0,2,2,1,Regular Season,6,Anfield ,68,England,2,Craig Pawson,68,England
3754278,2015-10-03,16:00:00.000,1,1,available,scheduled,2020-08-30T15:15:48.422941,2021-06-13T16:17:31.694,8,2,England,Premier League,27,2015/2016,28,AFC Bournemouth,male,,68,England,"[{'id': 38, 'name': 'Eddie Howe', 'nickname': None, 'dob': '1977-11-29', 'country': {'id': 68, 'name': 'England'}}]",23,Watford,male,,68,England,"[{'id': 236, 'name': 'Enrique Sánchez Flores', 'nickname': 'Quique Sánchez Flores', 'dob': '1965-02-05', 'country': {'id': 214, 'name': 'Spain'}}]",1.1.0,2,2,1,Regular Season,71,Vitality Stadium,68,England,1,Michael Oliver,68,England
3753979,2015-11-23,21:00:00.000,0,1,available,scheduled,2022-12-01T13:27:51.423924,2021-06-13T16:17:31.694,13,2,England,Premier League,27,2015/2016,31,Crystal Palace,male,,68,England,"[{'id': 382, 'name': 'Alan Pardew', 'nickname': None, 'dob': '1961-07-18', 'country': {'id': 68, 'name': 'England'}}]",41,Sunderland,male,,68,England,"[{'id': 561, 'name': 'Sam Allardyce', 'nickname': None, 'dob': '1954-10-19', 'country': {'id': 68, 'name': 'England'}}]",1.1.0,2,2,1,Regular Season,37,Selhurst Park,68,England,4,Martin Atkinson,68,England
3753972,2015-11-21,16:00:00.000,2,2,available,scheduled,2022-12-01T13:25:12.412566,2021-06-13T16:17:31.694,13,2,England,Premier League,27,2015/2016,26,Swansea City,male,,249,Wales,"[{'id': 270, 'name': 'Garry Monk', 'nickname': None, 'dob': '1979-03-06', 'country': {'id': 68, 'name': 'England'}}]",28,AFC Bournemouth,male,,68,England,"[{'id': 38, 'name': 'Eddie Howe', 'nickname': None, 'dob': '1977-11-29', 'country': {'id': 68, 'name': 'England'}}]",1.1.0,2,2,1,Regular Season,45,Swansea.com Stadium,249,Wales,5,Andre Marriner,68,England
3753978,2015-09-26,16:00:00.000,3,1,available,scheduled,2020-09-11T18:18:25.317407,2021-06-13T16:17:31.694,7,2,England,Premier League,27,2015/2016,25,Southampton,male,,68,England,"[{'id': 676, 'name': 'Ronald Koeman', 'nickname': None, 'dob': '1963-03-21', 'country': {'id': 160, 'name': 'Netherlands'}}]",26,Swansea City,male,,249,Wales,"[{'id': 270, 'name': 'Garry Monk', 'nickname': None, 'dob': '1979-03-06', 'country': {'id': 68, 'name': 'England'}}]",1.1.0,2,2,1,Regular Season,4591,St. Mary''s Stadium,68,England,13,Roger East,68,England
3753974,2015-12-26,18:30:00.000,0,1,available,scheduled,2022-12-01T13:43:50.357622,2021-06-13T16:17:31.694,18,2,England,Premier League,27,2015/2016,37,Newcastle United,male,,68,England,"[{'id': 40, 'name': 'Steve McClaren', 'nickname': None, 'dob': '1961-05-03', 'country': {'id': 68, 'name': 'England'}}]",29,Everton,male,,68,England,"[{'id': 263, 'name': 'Roberto Martínez Montoliú', 'nickname': 'Roberto Martínez', 'dob': '1973-07-13', 'country': {'id': 214, 'name': 'Spain'}}]",1.1.0,2,2,1,Regular Season,4674,St. James'' Park,68,England,10,Lee Mason,68,England
3753993,2015-08-15,16:00:00.000,1,3,available,scheduled,2022-07-08T21:11:44.482443,2021-06-13T16:17:31.694,2,2,England,Premier League,27,2015/2016,41,Sunderland,male,,68,England,"[{'id': 453, 'name': 'Dick Advocaat', 'nickname': None, 'dob': '1947-09-27', 'country': {'id': 160, 'name': 'Netherlands'}}]",56,Norwich City,male,,68,England,"[{'id': 41, 'name': 'Alex Neil', 'nickname': None, 'dob': '1981-06-09', 'country': {'id': 201, 'name': 'Scotland'}}]",1.1.0,2,2,1,Regular Season,210,Stadium of Light,68,England,12,Kevin Friend,68,England
3753983,2015-10-31,16:00:00.000,0,3,available,scheduled,2022-12-01T13:16:30.336800,2021-06-13T16:17:31.694,11,2,England,Premier League,27,2015/2016,26,Swansea City,male,,249,Wales,"[{'id': 270, 'name': 'Garry Monk', 'nickname': None, 'dob': '1979-03-06', 'country': {'id': 68, 'name': 'England'}}]",1,Arsenal,male,,68,England,"[{'id': 577, 'name': 'Arsène Wenger', 'nickname': None, 'dob': '1949-10-22', 'country': {'id': 78, 'name': 'France'}}]",1.1.0,2,2,1,Regular Season,45,Swansea.com Stadium,249,Wales,12,Kevin Friend,68,England
3754015,2015-10-25,15:05:00.000,0,0,available,scheduled,2020-08-25T04:08:02.171727,2021-06-13T16:17:31.694,10,2,England,Premier League,27,2015/2016,39,Manchester United,male,,68,England,"[{'id': 788, 'name': 'Louis van Gaal', 'nickname': None, 'dob': '1951-08-08', 'country': {'id': 160, 'name': 'Netherlands'}}]",36,Manchester City,male,,68,England,"[{'id': 733, 'name': 'Manuel Luis Pellegrini Ripamonti', 'nickname': 'Manuel Pellegrini', 'dob': '1953-09-16', 'country': {'id': 45, 'name': 'Chile'}}]",1.1.0,2,2,1,Regular Season,2,Old Trafford,68,England,728,Mark Clattenburg,68,England
3754038,2015-11-29,17:15:00.000,1,1,available,scheduled,2022-12-01T13:30:31.668780,2021-06-13T16:17:31.694,14,2,England,Premier League,27,2015/2016,56,Norwich City,male,,68,England,"[{'id': 41, 'name': 'Alex Neil', 'nickname': None, 'dob': '1981-06-09', 'country': {'id': 201, 'name': 'Scotland'}}]",1,Arsenal,male,,68,England,"[{'id': 577, 'name': 'Arsène Wenger', 'nickname': None, 'dob': '1949-10-22', 'country': {'id': 78, 'name': 'France'}}]",1.1.0,2,2,1,Regular Season,220,Carrow Road,68,England,3,Jonathan Moss,68,England
3754001,2015-09-26,18:30:00.000,2,2,available,scheduled,2022-12-01T12:56:05.367071,2021-06-13T16:17:31.694,7,2,England,Premier League,27,2015/2016,37,Newcastle United,male,,68,England,"[{'id': 40, 'name': 'Steve McClaren', 'nickname': None, 'dob': '1961-05-03', 'country': {'id': 68, 'name': 'England'}}]",33,Chelsea,male,,68,England,"[{'id': 383, 'name': 'José Mario Felix dos Santos Mourinho', 'nickname': 'José Mourinho', 'dob': '1963-01-26', 'country': {'id': 183, 'name': 'Portugal'}}]",1.1.0,2,2,1,Regular Season,4674,St. James'' Park,68,England,4,Martin Atkinson,68,England
3754007,2015-08-29,16:00:00.000,0,1,available,scheduled,2022-07-08T22:13:15.691727,2021-06-13T16:17:31.694,4,2,England,Premier League,27,2015/2016,30,Stoke City,male,,68,England,"[{'id': 55, 'name': 'Mark Hughes', 'nickname': None, 'dob': '1963-11-01', 'country': {'id': 249, 'name': 'Wales'}}]",27,West Bromwich Albion,male,,68,England,"[{'id': 300, 'name': 'Tony Pulis', 'nickname': None, 'dob': '1958-01-16', 'country': {'id': 249, 'name': 'Wales'}}]",1.1.0,2,2,1,Regular Season,29,bet365 Stadium,68,England,1,Michael Oliver,68,England
3754008,2015-09-26,16:00:00.000,3,0,available,scheduled,2022-12-01T12:57:57.279949,2021-06-13T16:17:31.694,7,2,England,Premier League,27,2015/2016,39,Manchester United,male,,68,England,"[{'id': 788, 'name': 'Louis van Gaal', 'nickname': None, 'dob': '1951-08-08', 'country': {'id': 160, 'name': 'Netherlands'}}]",41,Sunderland,male,,68,England,"[{'id': 453, 'name': 'Dick Advocaat', 'nickname': None, 'dob': '1947-09-27', 'country': {'id': 160, 'name': 'Netherlands'}}]",1.1.0,2,2,1,Regular Season,2,Old Trafford,68,England,14,Mike Jones,68,England
3754029,2015-11-02,21:00:00.000,3,1,available,scheduled,2020-09-11T05:14:06.930506,2021-06-13T16:17:31.694,11,2,England,Premier League,27,2015/2016,38,Tottenham Hotspur,male,,68,England,"[{'id': 81, 'name': 'Mauricio Roberto Pochettino Trossero', 'nickname': 'Mauricio Pochettino', 'dob': '1972-03-02', 'country': {'id': 11, 'name': 'Argentina'}}]",59,Aston Villa,male,,68,England,"[{'id': 330, 'name': 'Kevin MacDonald', 'nickname': None, 'dob': '1960-11-22', 'country': {'id': 201, 'name': 'Scotland'}}]",1.1.0,2,2,1,Regular Season,99148,White Hart Lane,68,England,6,Mike Dean,68,England
3753995,2015-10-03,18:30:00.000,1,3,available,scheduled,2022-12-01T13:00:37.183788,2021-06-13T16:17:31.694,8,2,England,Premier League,27,2015/2016,33,Chelsea,male,,68,England,"[{'id': 383, 'name': 'José Mario Felix dos Santos Mourinho', 'nickname': 'José Mourinho', 'dob': '1963-01-26', 'country': {'id': 183, 'name': 'Portugal'}}]",25,Southampton,male,,68,England,"[{'id': 676, 'name': 'Ronald Koeman', 'nickname': None, 'dob': '1963-03-21', 'country': {'id': 160, 'name': 'Netherlands'}}]",1.1.0,2,2,1,Regular Season,10,Stamford Bridge,68,England,9,Robert Madley,68,England
3753999,2015-10-17,18:30:00.000,0,3,available,scheduled,2022-12-01T13:06:26.101546,2021-06-13T16:17:31.694,9,2,England,Premier League,27,2015/2016,23,Watford,male,,68,England,"[{'id': 236, 'name': 'Enrique Sánchez Flores', 'nickname': 'Quique Sánchez Flores', 'dob': '1965-02-05', 'country': {'id': 214, 'name': 'Spain'}}]",1,Arsenal,male,,68,England,"[{'id': 577, 'name': 'Arsène Wenger', 'nickname': None, 'dob': '1949-10-22', 'country': {'id': 78, 'name': 'France'}}]",1.1.0,2,2,1,Regular Season,4589,Vicarage Road,68,England,14,Mike Jones,68,England
3754017,2015-10-24,16:00:00.000,1,2,available,scheduled,2022-12-01T13:12:42.087634,2021-06-13T16:17:31.694,10,2,England,Premier League,27,2015/2016,59,Aston Villa,male,,68,England,"[{'id': 5003, 'name': 'Tim Sherwood', 'nickname': None, 'dob': '1969-02-06', 'country': {'id': 68, 'name': 'England'}}]",26,Swansea City,male,,249,Wales,"[{'id': 270, 'name': 'Garry Monk', 'nickname': None, 'dob': '1979-03-06', 'country': {'id': 68, 'name': 'England'}}]",1.1.0,2,2,1,Regular Season,211,Villa Park,68,England,7,Neil Swarbrick,68,England
3754006,2015-10-31,16:00:00.000,2,3,available,scheduled,2022-12-01T13:19:00.327680,2021-06-13T16:17:31.694,11,2,England,Premier League,27,2015/2016,27,West Bromwich Albion,male,,68,England,"[{'id': 300, 'name': 'Tony Pulis', 'nickname': None, 'dob': '1958-01-16', 'country': {'id': 249, 'name': 'Wales'}}]",22,Leicester City,male,,68,England,"[{'id': 60, 'name': 'Claudio Ranieri', 'nickname': None, 'dob': '1951-10-20', 'country': {'id': 112, 'name': 'Italy'}}]",1.1.0,2,2,1,Regular Season,33,The Hawthorns,68,England,8,Anthony Taylor,68,England
3754023,2015-08-29,16:00:00.000,1,1,available,scheduled,2022-07-08T22:06:02.823294,2021-06-13T16:17:31.694,4,2,England,Premier League,27,2015/2016,28,AFC Bournemouth,male,,68,England,"[{'id': 38, 'name': 'Eddie Howe', 'nickname': None, 'dob': '1977-11-29', 'country': {'id': 68, 'name': 'England'}}]",22,Leicester City,male,,68,England,"[{'id': 60, 'name': 'Claudio Ranieri', 'nickname': None, 'dob': '1951-10-20', 'country': {'id': 112, 'name': 'Italy'}}]",1.1.0,2,2,1,Regular Season,71,Vitality Stadium,68,England,7,Neil Swarbrick,68,England
3753984,2015-08-29,16:00:00.000,0,3,available,scheduled,2020-10-17T09:21:07.414340,2021-06-13T16:17:31.694,4,2,England,Premier League,27,2015/2016,24,Liverpool,male,,68,England,"[{'id': 6, 'name': 'Brendan Rodgers', 'nickname': None, 'dob': '1973-01-26', 'country': {'id': 169, 'name': 'Northern Ireland'}}]",40,West Ham United,male,,68,England,"[{'id': 150, 'name': 'Slaven Bilić', 'nickname': None, 'dob': '1968-09-11', 'country': {'id': 56, 'name': 'Croatia'}}]",1.1.0,2,2,1,Regular Season,6,Anfield ,68,England,12,Kevin Friend,68,England
3754011,2015-09-20,17:00:00.000,2,3,available,scheduled,2020-09-11T18:18:25.317407,2021-06-13T16:17:31.694,6,2,England,Premier League,27,2015/2016,25,Southampton,male,,68,England,"[{'id': 676, 'name': 'Ronald Koeman', 'nickname': None, 'dob': '1963-03-21', 'country': {'id': 160, 'name': 'Netherlands'}}]",39,Manchester United,male,,68,England,"[{'id': 788, 'name': 'Louis van Gaal', 'nickname': None, 'dob': '1951-08-08', 'country': {'id': 160, 'name': 'Netherlands'}}]",1.1.0,2,2,1,Regular Season,4591,St. Mary''s Stadium,68,England,728,Mark Clattenburg,68,England
3754010,2015-09-19,16:00:00.000,1,2,available,scheduled,2020-09-11T18:18:25.317407,2021-06-13T16:17:31.694,6,2,England,Premier League,27,2015/2016,37,Newcastle United,male,,68,England,"[{'id': 40, 'name': 'Steve McClaren', 'nickname': None, 'dob': '1961-05-03', 'country': {'id': 68, 'name': 'England'}}]",23,Watford,male,,68,England,"[{'id': 236, 'name': 'Enrique Sánchez Flores', 'nickname': 'Quique Sánchez Flores', 'dob': '1965-02-05', 'country': {'id': 214, 'name': 'Spain'}}]",1.1.0,2,2,1,Regular Season,4674,St. James'' Park,68,England,13,Roger East,68,England
3754028,2015-11-28,16:00:00.000,3,1,available,scheduled,2020-10-13T04:07:42.390743,2021-06-13T16:17:31.694,14,2,England,Premier League,27,2015/2016,36,Manchester City,male,,68,England,"[{'id': 733, 'name': 'Manuel Luis Pellegrini Ripamonti', 'nickname': 'Manuel Pellegrini', 'dob': '1953-09-16', 'country': {'id': 45, 'name': 'Chile'}}]",25,Southampton,male,,68,England,"[{'id': 676, 'name': 'Ronald Koeman', 'nickname': None, 'dob': '1963-03-21', 'country': {'id': 160, 'name': 'Netherlands'}}]",1.1.0,2,2,1,Regular Season,4715,Etihad Stadium,68,England,13,Roger East,68,England
3753996,2015-11-21,16:00:00.000,1,0,available,scheduled,2020-09-25T09:08:13.824071,2021-06-13T16:17:31.694,13,2,England,Premier League,27,2015/2016,33,Chelsea,male,,68,England,"[{'id': 383, 'name': 'José Mario Felix dos Santos Mourinho', 'nickname': 'José Mourinho', 'dob': '1963-01-26', 'country': {'id': 183, 'name': 'Portugal'}}]",56,Norwich City,male,,68,England,"[{'id': 41, 'name': 'Alex Neil', 'nickname': None, 'dob': '1981-06-09', 'country': {'id': 201, 'name': 'Scotland'}}]",1.1.0,2,2,1,Regular Season,10,Stamford Bridge,68,England,2,Craig Pawson,68,England
3754025,2015-12-19,16:00:00.000,3,1,available,scheduled,2020-10-14T04:05:46.682622,2021-06-13T16:17:31.694,17,2,England,Premier League,27,2015/2016,33,Chelsea,male,,68,England,"[{'id': 5019, 'name': 'Steve Holland', 'nickname': None, 'dob': '1970-04-30', 'country': {'id': 68, 'name': 'England'}}]",41,Sunderland,male,,68,England,"[{'id': 561, 'name': 'Sam Allardyce', 'nickname': None, 'dob': '1954-10-19', 'country': {'id': 68, 'name': 'England'}}]",1.1.0,2,2,1,Regular Season,10,Stamford Bridge,68,England,13,Roger East,68,England
3754068,2015-09-19,16:00:00.000,0,1,available,scheduled,2022-07-08T23:23:55.789947,2021-06-13T16:17:31.694,6,2,England,Premier League,27,2015/2016,59,Aston Villa,male,,68,England,"[{'id': 5003, 'name': 'Tim Sherwood', 'nickname': None, 'dob': '1969-02-06', 'country': {'id': 68, 'name': 'England'}}]",27,West Bromwich Albion,male,,68,England,"[{'id': 300, 'name': 'Tony Pulis', 'nickname': None, 'dob': '1958-01-16', 'country': {'id': 249, 'name': 'Wales'}}]",1.1.0,2,2,1,Regular Season,211,Villa Park,68,England,4,Martin Atkinson,68,England
3754056,2015-12-28,16:00:00.000,3,4,available,scheduled,2022-12-01T13:44:43.258026,2021-06-13T16:17:31.694,19,2,England,Premier League,27,2015/2016,29,Everton,male,,68,England,"[{'id': 263, 'name': 'Roberto Martínez Montoliú', 'nickname': 'Roberto Martínez', 'dob': '1973-07-13', 'country': {'id': 214, 'name': 'Spain'}}]",30,Stoke City,male,,68,England,"[{'id': 55, 'name': 'Mark Hughes', 'nickname': None, 'dob': '1963-11-01', 'country': {'id': 249, 'name': 'Wales'}}]",1.1.0,2,2,1,Regular Season,12,Goodison Park,68,England,728,Mark Clattenburg,68,England
3754040,2015-09-20,17:00:00.000,1,1,available,scheduled,2020-11-20T03:36:43.828872,2021-06-13T16:17:31.694,6,2,England,Premier League,27,2015/2016,24,Liverpool,male,,68,England,"[{'id': 6, 'name': 'Brendan Rodgers', 'nickname': None, 'dob': '1973-01-26', 'country': {'id': 169, 'name': 'Northern Ireland'}}]",56,Norwich City,male,,68,England,"[{'id': 41, 'name': 'Alex Neil', 'nickname': None, 'dob': '1981-06-09', 'country': {'id': 201, 'name': 'Scotland'}}]",1.1.0,2,2,1,Regular Season,6,Anfield ,68,England,8,Anthony Taylor,68,England
3754074,2015-10-04,17:00:00.000,2,2,available,scheduled,2022-12-01T13:04:27.833049,2021-06-13T16:17:31.694,8,2,England,Premier League,27,2015/2016,26,Swansea City,male,,249,Wales,"[{'id': 270, 'name': 'Garry Monk', 'nickname': None, 'dob': '1979-03-06', 'country': {'id': 68, 'name': 'England'}}]",38,Tottenham Hotspur,male,,68,England,"[{'id': 81, 'name': 'Mauricio Roberto Pochettino Trossero', 'nickname': 'Mauricio Pochettino', 'dob': '1972-03-02', 'country': {'id': 11, 'name': 'Argentina'}}]",1.1.0,2,2,1,Regular Season,45,Swansea.com Stadium,249,Wales,6,Mike Dean,68,England
3754076,2015-10-03,16:00:00.000,2,2,available,scheduled,2020-08-18T20:00:50.021035,2021-06-13T16:17:31.694,8,2,England,Premier League,27,2015/2016,41,Sunderland,male,,68,England,"[{'id': 453, 'name': 'Dick Advocaat', 'nickname': None, 'dob': '1947-09-27', 'country': {'id': 160, 'name': 'Netherlands'}}]",40,West Ham United,male,,68,England,"[{'id': 150, 'name': 'Slaven Bilić', 'nickname': None, 'dob': '1968-09-11', 'country': {'id': 56, 'name': 'Croatia'}}]",1.1.0,2,2,1,Regular Season,210,Stadium of Light,68,England,7,Neil Swarbrick,68,England
3754067,2015-10-17,16:00:00.000,1,3,available,scheduled,2020-08-24T23:30:31.273938,2021-06-13T16:17:31.694,9,2,England,Premier League,27,2015/2016,31,Crystal Palace,male,,68,England,"[{'id': 382, 'name': 'Alan Pardew', 'nickname': None, 'dob': '1961-07-18', 'country': {'id': 68, 'name': 'England'}}]",40,West Ham United,male,,68,England,"[{'id': 150, 'name': 'Slaven Bilić', 'nickname': None, 'dob': '1968-09-11', 'country': {'id': 56, 'name': 'Croatia'}}]",1.1.0,2,2,1,Regular Season,37,Selhurst Park,68,England,728,Mark Clattenburg,68,England
3754079,2015-10-03,16:00:00.000,6,1,available,scheduled,2021-07-17T13:27:52.354,2021-06-13T16:17:31.694,8,2,England,Premier League,27,2015/2016,36,Manchester City,male,,68,England,"[{'id': 733, 'name': 'Manuel Luis Pellegrini Ripamonti', 'nickname': 'Manuel Pellegrini', 'dob': '1953-09-16', 'country': {'id': 45, 'name': 'Chile'}}]",37,Newcastle United,male,,68,England,"[{'id': 40, 'name': 'Steve McClaren', 'nickname': None, 'dob': '1961-05-03', 'country': {'id': 68, 'name': 'England'}}]",1.1.0,2,2,1,Regular Season,4715,Etihad Stadium,68,England,12,Kevin Friend,68,England
3754090,2015-10-31,16:00:00.000,0,0,available,scheduled,2022-12-01T13:18:13.292540,2021-06-13T16:17:31.694,11,2,England,Premier League,27,2015/2016,37,Newcastle United,male,,68,England,"[{'id': 40, 'name': 'Steve McClaren', 'nickname': None, 'dob': '1961-05-03', 'country': {'id': 68, 'name': 'England'}}]",30,Stoke City,male,,68,England,"[{'id': 55, 'name': 'Mark Hughes', 'nickname': None, 'dob': '1963-11-01', 'country': {'id': 249, 'name': 'Wales'}}]",1.1.0,2,2,1,Regular Season,4674,St. James'' Park,68,England,13,Roger East,68,England
3754083,2015-08-29,16:00:00.000,1,2,available,scheduled,2020-08-26T11:41:42.229292,2021-06-13T16:17:31.694,4,2,England,Premier League,27,2015/2016,33,Chelsea,male,,68,England,"[{'id': 383, 'name': 'José Mario Felix dos Santos Mourinho', 'nickname': 'José Mourinho', 'dob': '1963-01-26', 'country': {'id': 183, 'name': 'Portugal'}}]",31,Crystal Palace,male,,68,England,"[{'id': 382, 'name': 'Alan Pardew', 'nickname': None, 'dob': '1961-07-18', 'country': {'id': 68, 'name': 'England'}}]",1.1.0,2,2,1,Regular Season,10,Stamford Bridge,68,England,2,Craig Pawson,68,England
3754077,2015-09-19,18:30:00.000,1,2,available,scheduled,2020-09-09T11:03:23.049831,2021-06-13T16:17:31.694,6,2,England,Premier League,27,2015/2016,36,Manchester City,male,,68,England,"[{'id': 733, 'name': 'Manuel Luis Pellegrini Ripamonti', 'nickname': 'Manuel Pellegrini', 'dob': '1953-09-16', 'country': {'id': 45, 'name': 'Chile'}}]",40,West Ham United,male,,68,England,"[{'id': 150, 'name': 'Slaven Bilić', 'nickname': None, 'dob': '1968-09-11', 'country': {'id': 56, 'name': 'Croatia'}}]",1.1.0,2,2,1,Regular Season,4715,Etihad Stadium,68,England,9,Robert Madley,68,England
3754060,2015-10-04,14:30:00.000,1,1,available,scheduled,2022-12-01T13:05:24.882873,2021-06-13T16:17:31.694,8,2,England,Premier League,27,2015/2016,29,Everton,male,,68,England,"[{'id': 263, 'name': 'Roberto Martínez Montoliú', 'nickname': 'Roberto Martínez', 'dob': '1973-07-13', 'country': {'id': 214, 'name': 'Spain'}}]",24,Liverpool,male,,68,England,"[{'id': 6, 'name': 'Brendan Rodgers', 'nickname': None, 'dob': '1973-01-26', 'country': {'id': 169, 'name': 'Northern Ireland'}}]",1.1.0,2,2,1,Regular Season,12,Goodison Park,68,England,4,Martin Atkinson,68,England
3754073,2015-12-05,18:30:00.000,0,1,available,scheduled,2020-10-16T18:46:43.528532,2021-06-13T16:17:31.694,15,2,England,Premier League,27,2015/2016,33,Chelsea,male,,68,England,"[{'id': 383, 'name': 'José Mario Felix dos Santos Mourinho', 'nickname': 'José Mourinho', 'dob': '1963-01-26', 'country': {'id': 183, 'name': 'Portugal'}}]",28,AFC Bournemouth,male,,68,England,"[{'id': 38, 'name': 'Eddie Howe', 'nickname': None, 'dob': '1977-11-29', 'country': {'id': 68, 'name': 'England'}}]",1.1.0,2,2,1,Regular Season,10,Stamford Bridge,68,England,14,Mike Jones,68,England
3754085,2015-12-05,16:00:00.000,0,3,available,scheduled,2022-12-01T13:31:28.670223,2021-06-13T16:17:31.694,15,2,England,Premier League,27,2015/2016,26,Swansea City,male,,249,Wales,"[{'id': 270, 'name': 'Garry Monk', 'nickname': None, 'dob': '1979-03-06', 'country': {'id': 68, 'name': 'England'}}]",22,Leicester City,male,,68,England,"[{'id': 60, 'name': 'Claudio Ranieri', 'nickname': None, 'dob': '1951-10-20', 'country': {'id': 112, 'name': 'Italy'}}]",1.1.0,2,2,1,Regular Season,45,Swansea.com Stadium,249,Wales,1,Michael Oliver,68,England
3754047,2015-11-29,17:15:00.000,1,0,available,scheduled,2020-10-17T11:10:45.917926,2021-06-13T16:17:31.694,14,2,England,Premier League,27,2015/2016,24,Liverpool,male,,68,England,"[{'id': 94, 'name': 'Jürgen Klopp', 'nickname': None, 'dob': '1967-06-16', 'country': {'id': 85, 'name': 'Germany'}}]",26,Swansea City,male,,249,Wales,"[{'id': 270, 'name': 'Garry Monk', 'nickname': None, 'dob': '1979-03-06', 'country': {'id': 68, 'name': 'England'}}]",1.1.0,2,2,1,Regular Season,6,Anfield ,68,England,8,Anthony Taylor,68,England
3754051,2015-12-20,14:30:00.000,3,0,available,scheduled,2020-10-14T08:14:01.395502,2021-06-13T16:17:31.694,17,2,England,Premier League,27,2015/2016,23,Watford,male,,68,England,"[{'id': 236, 'name': 'Enrique Sánchez Flores', 'nickname': 'Quique Sánchez Flores', 'dob': '1965-02-05', 'country': {'id': 214, 'name': 'Spain'}}]",24,Liverpool,male,,68,England,"[{'id': 94, 'name': 'Jürgen Klopp', 'nickname': None, 'dob': '1967-06-16', 'country': {'id': 85, 'name': 'Germany'}}]",1.1.0,2,2,1,Regular Season,4589,Vicarage Road,68,England,728,Mark Clattenburg,68,England
3754093,2015-11-29,13:00:00.000,0,0,available,scheduled,2020-10-14T18:55:22.961391,2021-06-13T16:17:31.694,14,2,England,Premier League,27,2015/2016,38,Tottenham Hotspur,male,,68,England,"[{'id': 81, 'name': 'Mauricio Roberto Pochettino Trossero', 'nickname': 'Mauricio Pochettino', 'dob': '1972-03-02', 'country': {'id': 11, 'name': 'Argentina'}}]",33,Chelsea,male,,68,England,"[{'id': 383, 'name': 'José Mario Felix dos Santos Mourinho', 'nickname': 'José Mourinho', 'dob': '1963-01-26', 'country': {'id': 183, 'name': 'Portugal'}}]",1.1.0,2,2,1,Regular Season,99148,White Hart Lane,68,England,1,Michael Oliver,68,England
3754046,2015-12-07,21:00:00.000,1,1,available,scheduled,2022-12-01T13:32:22.649321,2021-06-13T16:17:31.694,15,2,England,Premier League,27,2015/2016,29,Everton,male,,68,England,"[{'id': 263, 'name': 'Roberto Martínez Montoliú', 'nickname': 'Roberto Martínez', 'dob': '1973-07-13', 'country': {'id': 214, 'name': 'Spain'}}]",31,Crystal Palace,male,,68,England,"[{'id': 382, 'name': 'Alan Pardew', 'nickname': None, 'dob': '1961-07-18', 'country': {'id': 68, 'name': 'England'}}]",1.1.0,2,2,1,Regular Season,12,Goodison Park,68,England,2,Craig Pawson,68,England
3754072,2015-12-12,16:00:00.000,0,1,available,scheduled,2020-10-27T02:32:07.331766,2021-06-13T16:17:31.694,16,2,England,Premier League,27,2015/2016,41,Sunderland,male,,68,England,"[{'id': 561, 'name': 'Sam Allardyce', 'nickname': None, 'dob': '1954-10-19', 'country': {'id': 68, 'name': 'England'}}]",23,Watford,male,,68,England,"[{'id': 236, 'name': 'Enrique Sánchez Flores', 'nickname': 'Quique Sánchez Flores', 'dob': '1965-02-05', 'country': {'id': 214, 'name': 'Spain'}}]",1.1.0,2,2,1,Regular Season,210,Stadium of Light,68,England,11,Graham Scott,68,England
3754082,2015-11-01,14:30:00.000,6,2,available,scheduled,2020-11-29T14:07:50.969020,2021-06-13T16:17:31.694,11,2,England,Premier League,27,2015/2016,29,Everton,male,,68,England,"[{'id': 263, 'name': 'Roberto Martínez Montoliú', 'nickname': 'Roberto Martínez', 'dob': '1973-07-13', 'country': {'id': 214, 'name': 'Spain'}}]",41,Sunderland,male,,68,England,"[{'id': 561, 'name': 'Sam Allardyce', 'nickname': None, 'dob': '1954-10-19', 'country': {'id': 68, 'name': 'England'}}]",1.1.0,2,2,1,Regular Season,12,Goodison Park,68,England,5,Andre Marriner,68,England
3754106,2015-09-13,17:00:00.000,3,2,available,scheduled,2022-07-08T23:04:22.590976,2021-06-13T16:17:31.694,5,2,England,Premier League,27,2015/2016,22,Leicester City,male,,68,England,"[{'id': 60, 'name': 'Claudio Ranieri', 'nickname': None, 'dob': '1951-10-20', 'country': {'id': 112, 'name': 'Italy'}}]",59,Aston Villa,male,,68,England,"[{'id': 5003, 'name': 'Tim Sherwood', 'nickname': None, 'dob': '1969-02-06', 'country': {'id': 68, 'name': 'England'}}]",1.1.0,2,2,1,Regular Season,20,King Power Stadium ,68,England,6,Mike Dean,68,England
3754099,2015-10-03,13:45:00.000,2,0,available,scheduled,2022-12-01T13:02:25.970303,2021-06-13T16:17:31.694,8,2,England,Premier League,27,2015/2016,31,Crystal Palace,male,,68,England,"[{'id': 382, 'name': 'Alan Pardew', 'nickname': None, 'dob': '1961-07-18', 'country': {'id': 68, 'name': 'England'}}]",27,West Bromwich Albion,male,,68,England,"[{'id': 300, 'name': 'Tony Pulis', 'nickname': None, 'dob': '1958-01-16', 'country': {'id': 249, 'name': 'Wales'}}]",1.1.0,2,2,1,Regular Season,37,Selhurst Park,68,England,3,Jonathan Moss,68,England
3754098,2015-10-31,13:45:00.000,1,3,available,scheduled,2020-09-03T18:44:23.597897,2021-06-13T16:17:31.694,11,2,England,Premier League,27,2015/2016,33,Chelsea,male,,68,England,"[{'id': 383, 'name': 'José Mario Felix dos Santos Mourinho', 'nickname': 'José Mourinho', 'dob': '1963-01-26', 'country': {'id': 183, 'name': 'Portugal'}}]",24,Liverpool,male,,68,England,"[{'id': 94, 'name': 'Jürgen Klopp', 'nickname': None, 'dob': '1967-06-16', 'country': {'id': 85, 'name': 'Germany'}}]",1.1.0,2,2,1,Regular Season,10,Stamford Bridge,68,England,728,Mark Clattenburg,68,England
3754057,2015-12-26,16:00:00.000,3,0,available,scheduled,2022-12-01T13:40:29.171284,2021-06-13T16:17:31.694,18,2,England,Premier League,27,2015/2016,38,Tottenham Hotspur,male,,68,England,"[{'id': 81, 'name': 'Mauricio Roberto Pochettino Trossero', 'nickname': 'Mauricio Pochettino', 'dob': '1972-03-02', 'country': {'id': 11, 'name': 'Argentina'}}]",56,Norwich City,male,,68,England,"[{'id': 41, 'name': 'Alex Neil', 'nickname': None, 'dob': '1981-06-09', 'country': {'id': 201, 'name': 'Scotland'}}]",1.1.0,2,2,1,Regular Season,99148,White Hart Lane,68,England,14,Mike Jones,68,England
3754112,2015-08-09,14:30:00.000,2,2,available,scheduled,2022-07-08T20:57:02.757833,2021-06-13T16:17:31.694,1,2,England,Premier League,27,2015/2016,37,Newcastle United,male,,68,England,"[{'id': 40, 'name': 'Steve McClaren', 'nickname': None, 'dob': '1961-05-03', 'country': {'id': 68, 'name': 'England'}}]",25,Southampton,male,,68,England,"[{'id': 676, 'name': 'Ronald Koeman', 'nickname': None, 'dob': '1963-03-21', 'country': {'id': 160, 'name': 'Netherlands'}}]",1.1.0,2,2,1,Regular Season,4674,St. James'' Park,68,England,2,Craig Pawson,68,England
3754117,2015-12-13,14:30:00.000,0,2,available,scheduled,2020-10-13T19:10:54.458149,2021-06-13T16:17:31.694,16,2,England,Premier League,27,2015/2016,59,Aston Villa,male,,68,England,"[{'id': 92, 'name': 'Rémi Garde', 'nickname': None, 'dob': '1966-04-03', 'country': {'id': 78, 'name': 'France'}}]",1,Arsenal,male,,68,England,"[{'id': 577, 'name': 'Arsène Wenger', 'nickname': None, 'dob': '1949-10-22', 'country': {'id': 78, 'name': 'France'}}]",1.1.0,2,2,1,Regular Season,211,Villa Park,68,England,12,Kevin Friend,68,England
3754104,2015-08-22,16:00:00.000,1,1,available,scheduled,2020-07-29T05:00,2021-06-13T16:17:31.694,3,2,England,Premier League,27,2015/2016,56,Norwich City,male,,68,England,"[{'id': 41, 'name': 'Alex Neil', 'nickname': None, 'dob': '1981-06-09', 'country': {'id': 201, 'name': 'Scotland'}}]",30,Stoke City,male,,68,England,"[{'id': 55, 'name': 'Mark Hughes', 'nickname': None, 'dob': '1963-11-01', 'country': {'id': 249, 'name': 'Wales'}}]",1.1.0,2,2,1,Regular Season,220,Carrow Road,68,England,6,Mike Dean,68,England
3754054,2015-12-26,16:00:00.000,4,1,available,scheduled,2021-02-15T23:27:46.131237,2021-06-13T16:17:31.694,18,2,England,Premier League,27,2015/2016,36,Manchester City,male,,68,England,"[{'id': 733, 'name': 'Manuel Luis Pellegrini Ripamonti', 'nickname': 'Manuel Pellegrini', 'dob': '1953-09-16', 'country': {'id': 45, 'name': 'Chile'}}]",41,Sunderland,male,,68,England,"[{'id': 561, 'name': 'Sam Allardyce', 'nickname': None, 'dob': '1954-10-19', 'country': {'id': 68, 'name': 'England'}}]",1.1.0,2,2,1,Regular Season,4715,Etihad Stadium,68,England,8,Anthony Taylor,68,England
3754113,2015-12-05,16:00:00.000,1,1,available,scheduled,2020-10-14T08:14:01.395502,2021-06-13T16:17:31.694,15,2,England,Premier League,27,2015/2016,25,Southampton,male,,68,England,"[{'id': 676, 'name': 'Ronald Koeman', 'nickname': None, 'dob': '1963-03-21', 'country': {'id': 160, 'name': 'Netherlands'}}]",59,Aston Villa,male,,68,England,"[{'id': 92, 'name': 'Rémi Garde', 'nickname': None, 'dob': '1966-04-03', 'country': {'id': 78, 'name': 'France'}}]",1.1.0,2,2,1,Regular Season,4591,St. Mary''s Stadium,68,England,8,Anthony Taylor,68,England
3754107,2015-08-14,20:45:00.000,0,1,available,scheduled,2020-08-09T12:07:13.784938,2021-06-13T16:17:31.694,2,2,England,Premier League,27,2015/2016,59,Aston Villa,male,,68,England,"[{'id': 5003, 'name': 'Tim Sherwood', 'nickname': None, 'dob': '1969-02-06', 'country': {'id': 68, 'name': 'England'}}]",39,Manchester United,male,,68,England,"[{'id': 788, 'name': 'Louis van Gaal', 'nickname': None, 'dob': '1951-08-08', 'country': {'id': 160, 'name': 'Netherlands'}}]",1.1.0,2,2,1,Regular Season,211,Villa Park,68,England,6,Mike Dean,68,England
3754105,2015-09-28,21:00:00.000,2,3,available,scheduled,2020-08-11T18:14:00.795163,2021-06-13T16:17:31.694,7,2,England,Premier League,27,2015/2016,27,West Bromwich Albion,male,,68,England,"[{'id': 300, 'name': 'Tony Pulis', 'nickname': None, 'dob': '1958-01-16', 'country': {'id': 249, 'name': 'Wales'}}]",29,Everton,male,,68,England,"[{'id': 263, 'name': 'Roberto Martínez Montoliú', 'nickname': 'Roberto Martínez', 'dob': '1973-07-13', 'country': {'id': 214, 'name': 'Spain'}}]",1.1.0,2,2,1,Regular Season,33,The Hawthorns,68,England,9,Robert Madley,68,England
3754097,2015-08-08,13:45:00.000,1,0,available,scheduled,2020-08-25T03:18:59.434476,2021-06-13T16:17:31.694,1,2,England,Premier League,27,2015/2016,39,Manchester United,male,,68,England,"[{'id': 788, 'name': 'Louis van Gaal', 'nickname': None, 'dob': '1951-08-08', 'country': {'id': 160, 'name': 'Netherlands'}}]",38,Tottenham Hotspur,male,,68,England,"[{'id': 81, 'name': 'Mauricio Roberto Pochettino Trossero', 'nickname': 'Mauricio Pochettino', 'dob': '1972-03-02', 'country': {'id': 11, 'name': 'Argentina'}}]",1.1.0,2,2,1,Regular Season,2,Old Trafford,68,England,3,Jonathan Moss,68,England
3754102,2015-10-18,17:00:00.000,6,2,available,scheduled,2022-12-01T13:10:06.048497,2021-06-13T16:17:31.694,9,2,England,Premier League,27,2015/2016,37,Newcastle United,male,,68,England,"[{'id': 40, 'name': 'Steve McClaren', 'nickname': None, 'dob': '1961-05-03', 'country': {'id': 68, 'name': 'England'}}]",56,Norwich City,male,,68,England,"[{'id': 41, 'name': 'Alex Neil', 'nickname': None, 'dob': '1981-06-09', 'country': {'id': 201, 'name': 'Scotland'}}]",1.1.0,2,2,1,Regular Season,4674,St. James'' Park,68,England,8,Anthony Taylor,68,England
3754115,2015-10-17,16:00:00.000,2,0,available,scheduled,2020-10-28T01:53:35.502556,2021-06-13T16:17:31.694,9,2,England,Premier League,27,2015/2016,33,Chelsea,male,,68,England,"[{'id': 383, 'name': 'José Mario Felix dos Santos Mourinho', 'nickname': 'José Mourinho', 'dob': '1963-01-26', 'country': {'id': 183, 'name': 'Portugal'}}]",59,Aston Villa,male,,68,England,"[{'id': 5003, 'name': 'Tim Sherwood', 'nickname': None, 'dob': '1969-02-06', 'country': {'id': 68, 'name': 'England'}}]",1.1.0,2,2,1,Regular Season,10,Stamford Bridge,68,England,13,Roger East,68,England
3754148,2015-09-13,14:30:00.000,0,1,available,scheduled,2020-10-01T07:40:32.450389,2021-06-13T16:17:31.694,5,2,England,Premier League,27,2015/2016,41,Sunderland,male,,68,England,"[{'id': 453, 'name': 'Dick Advocaat', 'nickname': None, 'dob': '1947-09-27', 'country': {'id': 160, 'name': 'Netherlands'}}]",38,Tottenham Hotspur,male,,68,England,"[{'id': 81, 'name': 'Mauricio Roberto Pochettino Trossero', 'nickname': 'Mauricio Pochettino', 'dob': '1972-03-02', 'country': {'id': 11, 'name': 'Argentina'}}]",1.1.0,2,2,1,Regular Season,210,Stadium of Light,68,England,2,Craig Pawson,68,England
3754169,2015-09-19,16:00:00.000,2,0,available,scheduled,2022-07-08T23:17:44.863300,2021-06-13T16:17:31.694,6,2,England,Premier League,27,2015/2016,28,AFC Bournemouth,male,,68,England,"[{'id': 38, 'name': 'Eddie Howe', 'nickname': None, 'dob': '1977-11-29', 'country': {'id': 68, 'name': 'England'}}]",41,Sunderland,male,,68,England,"[{'id': 453, 'name': 'Dick Advocaat', 'nickname': None, 'dob': '1947-09-27', 'country': {'id': 160, 'name': 'Netherlands'}}]",1.1.0,2,2,1,Regular Season,71,Vitality Stadium,68,England,12,Kevin Friend,68,England
3754174,2015-09-26,16:00:00.000,2,5,available,scheduled,2022-12-01T12:58:54.364143,2021-06-13T16:17:31.694,7,2,England,Premier League,27,2015/2016,22,Leicester City,male,,68,England,"[{'id': 60, 'name': 'Claudio Ranieri', 'nickname': None, 'dob': '1951-10-20', 'country': {'id': 112, 'name': 'Italy'}}]",1,Arsenal,male,,68,England,"[{'id': 577, 'name': 'Arsène Wenger', 'nickname': None, 'dob': '1949-10-22', 'country': {'id': 78, 'name': 'France'}}]",1.1.0,2,2,1,Regular Season,20,King Power Stadium ,68,England,2,Craig Pawson,68,England
3754185,2015-11-21,13:45:00.000,1,2,available,scheduled,2022-12-01T13:23:21.876999,2021-06-13T16:17:31.694,13,2,England,Premier League,27,2015/2016,23,Watford,male,,68,England,"[{'id': 236, 'name': 'Enrique Sánchez Flores', 'nickname': 'Quique Sánchez Flores', 'dob': '1965-02-05', 'country': {'id': 214, 'name': 'Spain'}}]",39,Manchester United,male,,68,England,"[{'id': 788, 'name': 'Louis van Gaal', 'nickname': None, 'dob': '1951-08-08', 'country': {'id': 160, 'name': 'Netherlands'}}]",1.1.0,2,2,1,Regular Season,4589,Vicarage Road,68,England,9,Robert Madley,68,England
3754162,2015-12-12,18:30:00.000,2,1,available,scheduled,2020-10-17T22:10:12.529229,2021-06-13T16:17:31.694,16,2,England,Premier League,27,2015/2016,28,AFC Bournemouth,male,,68,England,"[{'id': 38, 'name': 'Eddie Howe', 'nickname': None, 'dob': '1977-11-29', 'country': {'id': 68, 'name': 'England'}}]",39,Manchester United,male,,68,England,"[{'id': 788, 'name': 'Louis van Gaal', 'nickname': None, 'dob': '1951-08-08', 'country': {'id': 160, 'name': 'Netherlands'}}]",1.1.0,2,2,1,Regular Season,71,Vitality Stadium,68,England,8,Anthony Taylor,68,England
3754096,2015-12-12,16:00:00.000,0,0,available,scheduled,2022-12-01T13:35:39.069657,2021-06-13T16:17:31.694,16,2,England,Premier League,27,2015/2016,40,West Ham United,male,,68,England,"[{'id': 150, 'name': 'Slaven Bilić', 'nickname': None, 'dob': '1968-09-11', 'country': {'id': 56, 'name': 'Croatia'}}]",30,Stoke City,male,,68,England,"[{'id': 55, 'name': 'Mark Hughes', 'nickname': None, 'dob': '1963-11-01', 'country': {'id': 249, 'name': 'Wales'}}]",1.1.0,2,2,1,Regular Season,115324,Boleyn Ground,68,England,5,Andre Marriner,68,England
3754171,2015-10-04,17:00:00.000,3,0,available,scheduled,2022-12-01T13:03:29.391664,2021-06-13T16:17:31.694,8,2,England,Premier League,27,2015/2016,1,Arsenal,male,,68,England,"[{'id': 577, 'name': 'Arsène Wenger', 'nickname': None, 'dob': '1949-10-22', 'country': {'id': 78, 'name': 'France'}}]",39,Manchester United,male,,68,England,"[{'id': 788, 'name': 'Louis van Gaal', 'nickname': None, 'dob': '1951-08-08', 'country': {'id': 160, 'name': 'Netherlands'}}]",1.1.0,2,2,1,Regular Season,3,Emirates Stadium,68,England,8,Anthony Taylor,68,England
3754119,2015-10-25,13:00:00.000,3,0,available,scheduled,2020-09-01T08:57:24.068188,2021-06-13T16:17:31.694,10,2,England,Premier League,27,2015/2016,41,Sunderland,male,,68,England,"[{'id': 561, 'name': 'Sam Allardyce', 'nickname': None, 'dob': '1954-10-19', 'country': {'id': 68, 'name': 'England'}}]",37,Newcastle United,male,,68,England,"[{'id': 40, 'name': 'Steve McClaren', 'nickname': None, 'dob': '1961-05-03', 'country': {'id': 68, 'name': 'England'}}]",1.1.0,2,2,1,Regular Season,210,Stadium of Light,68,England,9,Robert Madley,68,England
3754126,2015-10-24,18:30:00.000,2,1,available,scheduled,2022-12-01T13:14:32.244938,2021-06-13T16:17:31.694,10,2,England,Premier League,27,2015/2016,1,Arsenal,male,,68,England,"[{'id': 577, 'name': 'Arsène Wenger', 'nickname': None, 'dob': '1949-10-22', 'country': {'id': 78, 'name': 'France'}}]",29,Everton,male,,68,England,"[{'id': 263, 'name': 'Roberto Martínez Montoliú', 'nickname': 'Roberto Martínez', 'dob': '1973-07-13', 'country': {'id': 214, 'name': 'Spain'}}]",1.1.0,2,2,1,Regular Season,3,Emirates Stadium,68,England,10,Lee Mason,68,England
3754133,2015-10-24,16:00:00.000,0,1,available,scheduled,2022-12-01T13:13:33.815713,2021-06-13T16:17:31.694,10,2,England,Premier League,27,2015/2016,56,Norwich City,male,,68,England,"[{'id': 41, 'name': 'Alex Neil', 'nickname': None, 'dob': '1981-06-09', 'country': {'id': 201, 'name': 'Scotland'}}]",27,West Bromwich Albion,male,,68,England,"[{'id': 300, 'name': 'Tony Pulis', 'nickname': None, 'dob': '1958-01-16', 'country': {'id': 249, 'name': 'Wales'}}]",1.1.0,2,2,1,Regular Season,220,Carrow Road,68,England,12,Kevin Friend,68,England
3754167,2015-10-31,16:00:00.000,2,1,available,scheduled,2020-09-07T09:20:45.196705,2021-06-13T16:17:31.694,11,2,England,Premier League,27,2015/2016,36,Manchester City,male,,68,England,"[{'id': 733, 'name': 'Manuel Luis Pellegrini Ripamonti', 'nickname': 'Manuel Pellegrini', 'dob': '1953-09-16', 'country': {'id': 45, 'name': 'Chile'}}]",56,Norwich City,male,,68,England,"[{'id': 41, 'name': 'Alex Neil', 'nickname': None, 'dob': '1981-06-09', 'country': {'id': 201, 'name': 'Scotland'}}]",1.1.0,2,2,1,Regular Season,4715,Etihad Stadium,68,England,9,Robert Madley,68,England
3754145,2015-08-10,21:00:00.000,0,3,available,scheduled,2020-09-09T11:03:23.049831,2021-06-13T16:17:31.694,1,2,England,Premier League,27,2015/2016,27,West Bromwich Albion,male,,68,England,"[{'id': 300, 'name': 'Tony Pulis', 'nickname': None, 'dob': '1958-01-16', 'country': {'id': 249, 'name': 'Wales'}}]",36,Manchester City,male,,68,England,"[{'id': 733, 'name': 'Manuel Luis Pellegrini Ripamonti', 'nickname': 'Manuel Pellegrini', 'dob': '1953-09-16', 'country': {'id': 45, 'name': 'Chile'}}]",1.1.0,2,2,1,Regular Season,33,The Hawthorns,68,England,6,Mike Dean,68,England
3754153,2015-12-19,16:00:00.000,1,2,available,scheduled,2022-12-01T13:38:04.805362,2021-06-13T16:17:31.694,17,2,England,Premier League,27,2015/2016,30,Stoke City,male,,68,England,"[{'id': 55, 'name': 'Mark Hughes', 'nickname': None, 'dob': '1963-11-01', 'country': {'id': 249, 'name': 'Wales'}}]",31,Crystal Palace,male,,68,England,"[{'id': 382, 'name': 'Alan Pardew', 'nickname': None, 'dob': '1961-07-18', 'country': {'id': 68, 'name': 'England'}}]",1.1.0,2,2,1,Regular Season,29,bet365 Stadium,68,England,9,Robert Madley,68,England
3754143,2015-12-06,17:00:00.000,2,0,available,scheduled,2020-10-16T18:46:43.528532,2021-06-13T16:17:31.694,15,2,England,Premier League,27,2015/2016,37,Newcastle United,male,,68,England,"[{'id': 40, 'name': 'Steve McClaren', 'nickname': None, 'dob': '1961-05-03', 'country': {'id': 68, 'name': 'England'}}]",24,Liverpool,male,,68,England,"[{'id': 94, 'name': 'Jürgen Klopp', 'nickname': None, 'dob': '1967-06-16', 'country': {'id': 85, 'name': 'Germany'}}]",1.1.0,2,2,1,Regular Season,4674,St. James'' Park,68,England,5,Andre Marriner,68,England
3754186,2015-11-28,18:30:00.000,1,1,available,scheduled,2020-10-13T17:34:34.754810,2021-06-13T16:17:31.694,14,2,England,Premier League,27,2015/2016,22,Leicester City,male,,68,England,"[{'id': 60, 'name': 'Claudio Ranieri', 'nickname': None, 'dob': '1951-10-20', 'country': {'id': 112, 'name': 'Italy'}}]",39,Manchester United,male,,68,England,"[{'id': 788, 'name': 'Louis van Gaal', 'nickname': None, 'dob': '1951-08-08', 'country': {'id': 160, 'name': 'Netherlands'}}]",1.1.0,2,2,1,Regular Season,20,King Power Stadium ,68,England,2,Craig Pawson,68,England
3754130,2015-12-28,16:00:00.000,2,0,available,scheduled,2022-12-01T13:46:22.606869,2021-06-13T16:17:31.694,19,2,England,Premier League,27,2015/2016,56,Norwich City,male,,68,England,"[{'id': 41, 'name': 'Alex Neil', 'nickname': None, 'dob': '1981-06-09', 'country': {'id': 201, 'name': 'Scotland'}}]",59,Aston Villa,male,,68,England,"[{'id': 92, 'name': 'Rémi Garde', 'nickname': None, 'dob': '1966-04-03', 'country': {'id': 78, 'name': 'France'}}]",1.1.0,2,2,1,Regular Season,220,Carrow Road,68,England,11,Graham Scott,68,England
3754188,2015-12-19,16:00:00.000,0,2,available,scheduled,2020-10-13T22:03:18.128077,2021-06-13T16:17:31.694,17,2,England,Premier League,27,2015/2016,25,Southampton,male,,68,England,"[{'id': 676, 'name': 'Ronald Koeman', 'nickname': None, 'dob': '1963-03-21', 'country': {'id': 160, 'name': 'Netherlands'}}]",38,Tottenham Hotspur,male,,68,England,"[{'id': 81, 'name': 'Mauricio Roberto Pochettino Trossero', 'nickname': 'Mauricio Pochettino', 'dob': '1972-03-02', 'country': {'id': 11, 'name': 'Argentina'}}]",1.1.0,2,2,1,Regular Season,4591,St. Mary''s Stadium,68,England,12,Kevin Friend,68,England
3754178,2015-11-28,16:00:00.000,2,3,available,scheduled,2022-12-01T13:28:41.370247,2021-06-13T16:17:31.694,14,2,England,Premier League,27,2015/2016,59,Aston Villa,male,,68,England,"[{'id': 92, 'name': 'Rémi Garde', 'nickname': None, 'dob': '1966-04-03', 'country': {'id': 78, 'name': 'France'}}]",23,Watford,male,,68,England,"[{'id': 236, 'name': 'Enrique Sánchez Flores', 'nickname': 'Quique Sánchez Flores', 'dob': '1965-02-05', 'country': {'id': 214, 'name': 'Spain'}}]",1.1.0,2,2,1,Regular Season,211,Villa Park,68,England,10,Lee Mason,68,England
3754157,2015-11-28,16:00:00.000,3,3,available,scheduled,2020-10-13T22:03:18.128077,2021-06-13T16:17:31.694,14,2,England,Premier League,27,2015/2016,28,AFC Bournemouth,male,,68,England,"[{'id': 38, 'name': 'Eddie Howe', 'nickname': None, 'dob': '1977-11-29', 'country': {'id': 68, 'name': 'England'}}]",29,Everton,male,,68,England,"[{'id': 263, 'name': 'Roberto Martínez Montoliú', 'nickname': 'Roberto Martínez', 'dob': '1973-07-13', 'country': {'id': 214, 'name': 'Spain'}}]",1.1.0,2,2,1,Regular Season,71,Vitality Stadium,68,England,12,Kevin Friend,68,England
3754166,2015-12-19,16:00:00.000,2,3,available,scheduled,2020-11-08T23:50:05.254655,2021-06-13T16:17:31.694,17,2,England,Premier League,27,2015/2016,29,Everton,male,,68,England,"[{'id': 263, 'name': 'Roberto Martínez Montoliú', 'nickname': 'Roberto Martínez', 'dob': '1973-07-13', 'country': {'id': 214, 'name': 'Spain'}}]",22,Leicester City,male,,68,England,"[{'id': 60, 'name': 'Claudio Ranieri', 'nickname': None, 'dob': '1951-10-20', 'country': {'id': 112, 'name': 'Italy'}}]",1.1.0,2,2,1,Regular Season,12,Goodison Park,68,England,3,Jonathan Moss,68,England
3754211,2015-11-21,16:00:00.000,0,3,available,scheduled,2022-12-01T13:24:12.811808,2021-06-13T16:17:31.694,13,2,England,Premier League,27,2015/2016,37,Newcastle United,male,,68,England,"[{'id': 40, 'name': 'Steve McClaren', 'nickname': None, 'dob': '1961-05-03', 'country': {'id': 68, 'name': 'England'}}]",22,Leicester City,male,,68,England,"[{'id': 60, 'name': 'Claudio Ranieri', 'nickname': None, 'dob': '1951-10-20', 'country': {'id': 112, 'name': 'Italy'}}]",1.1.0,2,2,1,Regular Season,4674,St. James'' Park,68,England,14,Mike Jones,68,England
3754150,2015-11-28,16:00:00.000,2,0,available,scheduled,2022-12-01T13:29:34.530915,2021-06-13T16:17:31.694,14,2,England,Premier League,27,2015/2016,41,Sunderland,male,,68,England,"[{'id': 561, 'name': 'Sam Allardyce', 'nickname': None, 'dob': '1954-10-19', 'country': {'id': 68, 'name': 'England'}}]",30,Stoke City,male,,68,England,"[{'id': 55, 'name': 'Mark Hughes', 'nickname': None, 'dob': '1963-11-01', 'country': {'id': 249, 'name': 'Wales'}}]",1.1.0,2,2,1,Regular Season,210,Stadium of Light,68,England,6,Mike Dean,68,England
3754160,2015-12-05,16:00:00.000,3,1,available,scheduled,2020-10-13T14:16:54.852458,2021-06-13T16:17:31.694,15,2,England,Premier League,27,2015/2016,1,Arsenal,male,,68,England,"[{'id': 577, 'name': 'Arsène Wenger', 'nickname': None, 'dob': '1949-10-22', 'country': {'id': 78, 'name': 'France'}}]",41,Sunderland,male,,68,England,"[{'id': 561, 'name': 'Sam Allardyce', 'nickname': None, 'dob': '1954-10-19', 'country': {'id': 68, 'name': 'England'}}]",1.1.0,2,2,1,Regular Season,3,Emirates Stadium,68,England,9,Robert Madley,68,England
3754218,2015-12-12,16:00:00.000,1,0,available,scheduled,2022-12-01T13:34:53.717751,2021-06-13T16:17:31.694,16,2,England,Premier League,27,2015/2016,31,Crystal Palace,male,,68,England,"[{'id': 382, 'name': 'Alan Pardew', 'nickname': None, 'dob': '1961-07-18', 'country': {'id': 68, 'name': 'England'}}]",25,Southampton,male,,68,England,"[{'id': 676, 'name': 'Ronald Koeman', 'nickname': None, 'dob': '1963-03-21', 'country': {'id': 160, 'name': 'Netherlands'}}]",1.1.0,2,2,1,Regular Season,37,Selhurst Park,68,England,6,Mike Dean,68,England
3754217,2015-09-19,13:45:00.000,2,0,available,scheduled,2022-12-01T12:54:07.025078,2021-06-13T16:17:31.694,6,2,England,Premier League,27,2015/2016,33,Chelsea,male,,68,England,"[{'id': 383, 'name': 'José Mario Felix dos Santos Mourinho', 'nickname': 'José Mourinho', 'dob': '1963-01-26', 'country': {'id': 183, 'name': 'Portugal'}}]",1,Arsenal,male,,68,England,"[{'id': 577, 'name': 'Arsène Wenger', 'nickname': None, 'dob': '1949-10-22', 'country': {'id': 78, 'name': 'France'}}]",1.1.0,2,2,1,Regular Season,10,Stamford Bridge,68,England,6,Mike Dean,68,England
3754205,2015-08-29,13:45:00.000,0,1,available,scheduled,2022-07-08T22:20:35.172474,2021-06-13T16:17:31.694,4,2,England,Premier League,27,2015/2016,37,Newcastle United,male,,68,England,"[{'id': 40, 'name': 'Steve McClaren', 'nickname': None, 'dob': '1961-05-03', 'country': {'id': 68, 'name': 'England'}}]",1,Arsenal,male,,68,England,"[{'id': 577, 'name': 'Arsène Wenger', 'nickname': None, 'dob': '1949-10-22', 'country': {'id': 78, 'name': 'France'}}]",1.1.0,2,2,1,Regular Season,4674,St. James'' Park,68,England,5,Andre Marriner,68,England
3754221,2015-08-30,17:00:00.000,2,1,available,scheduled,2020-09-09T12:35:13.376459,2021-06-13T16:17:31.694,4,2,England,Premier League,27,2015/2016,26,Swansea City,male,,249,Wales,"[{'id': 270, 'name': 'Garry Monk', 'nickname': None, 'dob': '1979-03-06', 'country': {'id': 68, 'name': 'England'}}]",39,Manchester United,male,,68,England,"[{'id': 788, 'name': 'Louis van Gaal', 'nickname': None, 'dob': '1951-08-08', 'country': {'id': 160, 'name': 'Netherlands'}}]",1.1.0,2,2,1,Regular Season,45,Swansea.com Stadium,249,Wales,4,Martin Atkinson,68,England
3754198,2015-10-17,13:45:00.000,0,0,available,scheduled,2020-08-13T15:17:06.709255,2021-06-13T16:17:31.694,9,2,England,Premier League,27,2015/2016,38,Tottenham Hotspur,male,,68,England,"[{'id': 81, 'name': 'Mauricio Roberto Pochettino Trossero', 'nickname': 'Mauricio Pochettino', 'dob': '1972-03-02', 'country': {'id': 11, 'name': 'Argentina'}}]",24,Liverpool,male,,68,England,"[{'id': 94, 'name': 'Jürgen Klopp', 'nickname': None, 'dob': '1967-06-16', 'country': {'id': 85, 'name': 'Germany'}}]",1.1.0,2,2,1,Regular Season,99148,White Hart Lane,68,England,2,Craig Pawson,68,England
3754193,2015-10-17,16:00:00.000,5,1,available,scheduled,2022-12-01T13:08:26.404246,2021-06-13T16:17:31.694,9,2,England,Premier League,27,2015/2016,36,Manchester City,male,,68,England,"[{'id': 733, 'name': 'Manuel Luis Pellegrini Ripamonti', 'nickname': 'Manuel Pellegrini', 'dob': '1953-09-16', 'country': {'id': 45, 'name': 'Chile'}}]",28,AFC Bournemouth,male,,68,England,"[{'id': 38, 'name': 'Eddie Howe', 'nickname': None, 'dob': '1977-11-29', 'country': {'id': 68, 'name': 'England'}}]",1.1.0,2,2,1,Regular Season,4715,Etihad Stadium,68,England,6,Mike Dean,68,England
3754222,2015-09-20,14:30:00.000,1,0,available,scheduled,2020-09-11T18:18:25.317407,2021-06-13T16:17:31.694,6,2,England,Premier League,27,2015/2016,38,Tottenham Hotspur,male,,68,England,"[{'id': 81, 'name': 'Mauricio Roberto Pochettino Trossero', 'nickname': 'Mauricio Pochettino', 'dob': '1972-03-02', 'country': {'id': 11, 'name': 'Argentina'}}]",31,Crystal Palace,male,,68,England,"[{'id': 382, 'name': 'Alan Pardew', 'nickname': None, 'dob': '1961-07-18', 'country': {'id': 68, 'name': 'England'}}]",1.1.0,2,2,1,Regular Season,99148,White Hart Lane,68,England,1,Michael Oliver,68,England
3754213,2015-09-12,16:00:00.000,1,0,available,scheduled,2020-11-29T14:07:50.969020,2021-06-13T16:17:31.694,5,2,England,Premier League,27,2015/2016,23,Watford,male,,68,England,"[{'id': 236, 'name': 'Enrique Sánchez Flores', 'nickname': 'Quique Sánchez Flores', 'dob': '1965-02-05', 'country': {'id': 214, 'name': 'Spain'}}]",26,Swansea City,male,,249,Wales,"[{'id': 270, 'name': 'Garry Monk', 'nickname': None, 'dob': '1979-03-06', 'country': {'id': 68, 'name': 'England'}}]",1.1.0,2,2,1,Regular Season,4589,Vicarage Road,68,England,9,Robert Madley,68,England
3754212,2015-09-26,16:00:00.000,3,2,available,scheduled,2022-12-01T12:55:05.393529,2021-06-13T16:17:31.694,7,2,England,Premier League,27,2015/2016,24,Liverpool,male,,68,England,"[{'id': 6, 'name': 'Brendan Rodgers', 'nickname': None, 'dob': '1973-01-26', 'country': {'id': 169, 'name': 'Northern Ireland'}}]",59,Aston Villa,male,,68,England,"[{'id': 5003, 'name': 'Tim Sherwood', 'nickname': None, 'dob': '1969-02-06', 'country': {'id': 68, 'name': 'England'}}]",1.1.0,2,2,1,Regular Season,6,Anfield ,68,England,3,Jonathan Moss,68,England
3754223,2015-10-31,16:00:00.000,0,0,available,scheduled,2022-12-01T13:17:21.322151,2021-06-13T16:17:31.694,11,2,England,Premier League,27,2015/2016,31,Crystal Palace,male,,68,England,"[{'id': 382, 'name': 'Alan Pardew', 'nickname': None, 'dob': '1961-07-18', 'country': {'id': 68, 'name': 'England'}}]",39,Manchester United,male,,68,England,"[{'id': 788, 'name': 'Louis van Gaal', 'nickname': None, 'dob': '1951-08-08', 'country': {'id': 160, 'name': 'Netherlands'}}]",1.1.0,2,2,1,Regular Season,37,Selhurst Park,68,England,14,Mike Jones,68,England
3754197,2015-09-26,13:45:00.000,4,1,available,scheduled,2022-12-01T12:57:02.570846,2021-06-13T16:17:31.694,7,2,England,Premier League,27,2015/2016,38,Tottenham Hotspur,male,,68,England,"[{'id': 81, 'name': 'Mauricio Roberto Pochettino Trossero', 'nickname': 'Mauricio Pochettino', 'dob': '1972-03-02', 'country': {'id': 11, 'name': 'Argentina'}}]",36,Manchester City,male,,68,England,"[{'id': 733, 'name': 'Manuel Luis Pellegrini Ripamonti', 'nickname': 'Manuel Pellegrini', 'dob': '1953-09-16', 'country': {'id': 45, 'name': 'Chile'}}]",1.1.0,2,2,1,Regular Season,99148,White Hart Lane,68,England,728,Mark Clattenburg,68,England
3754208,2015-11-21,18:30:00.000,1,4,available,scheduled,2020-09-26T23:55:49.315699,2021-06-13T16:17:31.694,13,2,England,Premier League,27,2015/2016,36,Manchester City,male,,68,England,"[{'id': 733, 'name': 'Manuel Luis Pellegrini Ripamonti', 'nickname': 'Manuel Pellegrini', 'dob': '1953-09-16', 'country': {'id': 45, 'name': 'Chile'}}]",24,Liverpool,male,,68,England,"[{'id': 94, 'name': 'Jürgen Klopp', 'nickname': None, 'dob': '1967-06-16', 'country': {'id': 85, 'name': 'Germany'}}]",1.1.0,2,2,1,Regular Season,4715,Etihad Stadium,68,England,3,Jonathan Moss,68,England
3754204,2015-08-29,16:00:00.000,2,2,available,scheduled,2020-10-01T07:40:32.450389,2021-06-13T16:17:31.694,4,2,England,Premier League,27,2015/2016,59,Aston Villa,male,,68,England,"[{'id': 5003, 'name': 'Tim Sherwood', 'nickname': None, 'dob': '1969-02-06', 'country': {'id': 68, 'name': 'England'}}]",41,Sunderland,male,,68,England,"[{'id': 453, 'name': 'Dick Advocaat', 'nickname': None, 'dob': '1947-09-27', 'country': {'id': 160, 'name': 'Netherlands'}}]",1.1.0,2,2,1,Regular Season,211,Villa Park,68,England,9,Robert Madley,68,England
3754194,2015-11-07,16:00:00.000,1,1,available,scheduled,2020-10-23T22:11:13.807088,2021-06-13T16:17:31.694,12,2,England,Premier League,27,2015/2016,40,West Ham United,male,,68,England,"[{'id': 150, 'name': 'Slaven Bilić', 'nickname': None, 'dob': '1968-09-11', 'country': {'id': 56, 'name': 'Croatia'}}]",29,Everton,male,,68,England,"[{'id': 263, 'name': 'Roberto Martínez Montoliú', 'nickname': 'Roberto Martínez', 'dob': '1973-07-13', 'country': {'id': 214, 'name': 'Spain'}}]",1.1.0,2,2,1,Regular Season,115324,Boleyn Ground,68,England,17,Paul Tierney,68,England
3754219,2015-12-19,16:00:00.000,1,2,available,scheduled,2022-12-01T13:37:17.113631,2021-06-13T16:17:31.694,17,2,England,Premier League,27,2015/2016,27,West Bromwich Albion,male,,68,England,"[{'id': 300, 'name': 'Tony Pulis', 'nickname': None, 'dob': '1958-01-16', 'country': {'id': 249, 'name': 'Wales'}}]",28,AFC Bournemouth,male,,68,England,"[{'id': 38, 'name': 'Eddie Howe', 'nickname': None, 'dob': '1977-11-29', 'country': {'id': 68, 'name': 'England'}}]",1.1.0,2,2,1,Regular Season,33,The Hawthorns,68,England,6,Mike Dean,68,England
3754254,2015-08-22,13:45:00.000,0,0,available,scheduled,2022-07-08T21:40:26.368774,2021-06-13T16:17:31.694,3,2,England,Premier League,27,2015/2016,39,Manchester United,male,,68,England,"[{'id': 788, 'name': 'Louis van Gaal', 'nickname': None, 'dob': '1951-08-08', 'country': {'id': 160, 'name': 'Netherlands'}}]",37,Newcastle United,male,,68,England,"[{'id': 40, 'name': 'Steve McClaren', 'nickname': None, 'dob': '1961-05-03', 'country': {'id': 68, 'name': 'England'}}]",1.1.0,2,2,1,Regular Season,2,Old Trafford,68,England,2,Craig Pawson,68,England
3754230,2015-10-25,17:15:00.000,1,1,available,scheduled,2022-12-01T13:15:32.646389,2021-06-13T16:17:31.694,10,2,England,Premier League,27,2015/2016,24,Liverpool,male,,68,England,"[{'id': 94, 'name': 'Jürgen Klopp', 'nickname': None, 'dob': '1967-06-16', 'country': {'id': 85, 'name': 'Germany'}}]",25,Southampton,male,,68,England,"[{'id': 676, 'name': 'Ronald Koeman', 'nickname': None, 'dob': '1963-03-21', 'country': {'id': 160, 'name': 'Netherlands'}}]",1.1.0,2,2,1,Regular Season,6,Anfield ,68,England,5,Andre Marriner,68,England
3754285,2015-12-26,16:00:00.000,1,1,available,scheduled,2022-12-01T13:42:12.397086,2021-06-13T16:17:31.694,18,2,England,Premier League,27,2015/2016,59,Aston Villa,male,,68,England,"[{'id': 92, 'name': 'Rémi Garde', 'nickname': None, 'dob': '1966-04-03', 'country': {'id': 78, 'name': 'France'}}]",40,West Ham United,male,,68,England,"[{'id': 150, 'name': 'Slaven Bilić', 'nickname': None, 'dob': '1968-09-11', 'country': {'id': 56, 'name': 'Croatia'}}]",1.1.0,2,2,1,Regular Season,211,Villa Park,68,England,6,Mike Dean,68,England
3754233,2015-08-23,17:00:00.000,0,2,available,scheduled,2022-07-08T21:54:00.236975,2021-06-13T16:17:31.694,3,2,England,Premier League,27,2015/2016,29,Everton,male,,68,England,"[{'id': 263, 'name': 'Roberto Martínez Montoliú', 'nickname': 'Roberto Martínez', 'dob': '1973-07-13', 'country': {'id': 214, 'name': 'Spain'}}]",36,Manchester City,male,,68,England,"[{'id': 733, 'name': 'Manuel Luis Pellegrini Ripamonti', 'nickname': 'Manuel Pellegrini', 'dob': '1953-09-16', 'country': {'id': 45, 'name': 'Chile'}}]",1.1.0,2,2,1,Regular Season,12,Goodison Park,68,England,8,Anthony Taylor,68,England
3754270,2015-08-15,16:00:00.000,2,2,available,scheduled,2022-07-08T21:04:37.806798,2021-06-13T16:17:31.694,2,2,England,Premier League,27,2015/2016,38,Tottenham Hotspur,male,,68,England,"[{'id': 81, 'name': 'Mauricio Roberto Pochettino Trossero', 'nickname': 'Mauricio Pochettino', 'dob': '1972-03-02', 'country': {'id': 11, 'name': 'Argentina'}}]",30,Stoke City,male,,68,England,"[{'id': 55, 'name': 'Mark Hughes', 'nickname': None, 'dob': '1963-11-01', 'country': {'id': 249, 'name': 'Wales'}}]",1.1.0,2,2,1,Regular Season,99148,White Hart Lane,68,England,9,Robert Madley,68,England
3754237,2015-08-08,16:00:00.000,4,2,available,scheduled,2022-07-08T20:43:17.249927,2021-06-13T16:17:31.694,1,2,England,Premier League,27,2015/2016,22,Leicester City,male,,68,England,"[{'id': 60, 'name': 'Claudio Ranieri', 'nickname': None, 'dob': '1951-10-20', 'country': {'id': 112, 'name': 'Italy'}}]",41,Sunderland,male,,68,England,"[{'id': 453, 'name': 'Dick Advocaat', 'nickname': None, 'dob': '1947-09-27', 'country': {'id': 160, 'name': 'Netherlands'}}]",1.1.0,2,2,1,Regular Season,20,King Power Stadium ,68,England,10,Lee Mason,68,England
3754257,2015-09-12,16:00:00.000,0,1,available,scheduled,2022-07-08T22:35:00.516676,2021-06-13T16:17:31.694,5,2,England,Premier League,27,2015/2016,31,Crystal Palace,male,,68,England,"[{'id': 382, 'name': 'Alan Pardew', 'nickname': None, 'dob': '1961-07-18', 'country': {'id': 68, 'name': 'England'}}]",36,Manchester City,male,,68,England,"[{'id': 733, 'name': 'Manuel Luis Pellegrini Ripamonti', 'nickname': 'Manuel Pellegrini', 'dob': '1953-09-16', 'country': {'id': 45, 'name': 'Chile'}}]",1.1.0,2,2,1,Regular Season,37,Selhurst Park,68,England,14,Mike Jones,68,England
3754266,2015-09-27,17:00:00.000,0,1,available,scheduled,2020-08-10T22:04:56.027298,2021-06-13T16:17:31.694,7,2,England,Premier League,27,2015/2016,23,Watford,male,,68,England,"[{'id': 236, 'name': 'Enrique Sánchez Flores', 'nickname': 'Quique Sánchez Flores', 'dob': '1965-02-05', 'country': {'id': 214, 'name': 'Spain'}}]",31,Crystal Palace,male,,68,England,"[{'id': 382, 'name': 'Alan Pardew', 'nickname': None, 'dob': '1961-07-18', 'country': {'id': 68, 'name': 'England'}}]",1.1.0,2,2,1,Regular Season,4589,Vicarage Road,68,England,8,Anthony Taylor,68,England
3754256,2015-10-17,16:00:00.000,0,3,available,scheduled,2022-12-01T13:07:26.074985,2021-06-13T16:17:31.694,9,2,England,Premier League,27,2015/2016,29,Everton,male,,68,England,"[{'id': 263, 'name': 'Roberto Martínez Montoliú', 'nickname': 'Roberto Martínez', 'dob': '1973-07-13', 'country': {'id': 214, 'name': 'Spain'}}]",39,Manchester United,male,,68,England,"[{'id': 788, 'name': 'Louis van Gaal', 'nickname': None, 'dob': '1951-08-08', 'country': {'id': 160, 'name': 'Netherlands'}}]",1.1.0,2,2,1,Regular Season,12,Goodison Park,68,England,3,Jonathan Moss,68,England
3754288,2015-10-24,16:00:00.000,2,1,available,scheduled,2022-12-01T13:11:00.286464,2021-06-13T16:17:31.694,10,2,England,Premier League,27,2015/2016,40,West Ham United,male,,68,England,"[{'id': 150, 'name': 'Slaven Bilić', 'nickname': None, 'dob': '1968-09-11', 'country': {'id': 56, 'name': 'Croatia'}}]",33,Chelsea,male,,68,England,"[{'id': 383, 'name': 'José Mario Felix dos Santos Mourinho', 'nickname': 'José Mourinho', 'dob': '1963-01-26', 'country': {'id': 183, 'name': 'Portugal'}}]",1.1.0,2,2,1,Regular Season,115324,Boleyn Ground,68,England,3,Jonathan Moss,68,England
3754238,2015-11-07,13:45:00.000,0,1,available,scheduled,2020-09-18T13:16:12.825671,2021-06-13T16:17:31.694,12,2,England,Premier League,27,2015/2016,28,AFC Bournemouth,male,,68,England,"[{'id': 38, 'name': 'Eddie Howe', 'nickname': None, 'dob': '1977-11-29', 'country': {'id': 68, 'name': 'England'}}]",37,Newcastle United,male,,68,England,"[{'id': 40, 'name': 'Steve McClaren', 'nickname': None, 'dob': '1961-05-03', 'country': {'id': 68, 'name': 'England'}}]",1.1.0,2,2,1,Regular Season,71,Vitality Stadium,68,England,10,Lee Mason,68,England
3754269,2015-10-19,21:00:00.000,0,1,available,scheduled,2020-09-29T22:20:51.346007,2021-06-13T16:17:31.694,9,2,England,Premier League,27,2015/2016,26,Swansea City,male,,249,Wales,"[{'id': 270, 'name': 'Garry Monk', 'nickname': None, 'dob': '1979-03-06', 'country': {'id': 68, 'name': 'England'}}]",30,Stoke City,male,,68,England,"[{'id': 55, 'name': 'Mark Hughes', 'nickname': None, 'dob': '1963-11-01', 'country': {'id': 249, 'name': 'Wales'}}]",1.1.0,2,2,1,Regular Season,45,Swansea.com Stadium,249,Wales,9,Robert Madley,68,England
3754234,2015-10-25,15:05:00.000,1,5,available,scheduled,2020-10-11T16:17:39.015539,2021-06-13T16:17:31.694,10,2,England,Premier League,27,2015/2016,28,AFC Bournemouth,male,,68,England,"[{'id': 38, 'name': 'Eddie Howe', 'nickname': None, 'dob': '1977-11-29', 'country': {'id': 68, 'name': 'England'}}]",38,Tottenham Hotspur,male,,68,England,"[{'id': 81, 'name': 'Mauricio Roberto Pochettino Trossero', 'nickname': 'Mauricio Pochettino', 'dob': '1972-03-02', 'country': {'id': 11, 'name': 'Argentina'}}]",1.1.0,2,2,1,Regular Season,71,Vitality Stadium,68,England,13,Roger East,68,England
3754246,2015-08-29,16:00:00.000,2,0,available,scheduled,2020-11-29T14:07:50.969020,2021-06-13T16:17:31.694,4,2,England,Premier League,27,2015/2016,36,Manchester City,male,,68,England,"[{'id': 733, 'name': 'Manuel Luis Pellegrini Ripamonti', 'nickname': 'Manuel Pellegrini', 'dob': '1953-09-16', 'country': {'id': 45, 'name': 'Chile'}}]",23,Watford,male,,68,England,"[{'id': 236, 'name': 'Enrique Sánchez Flores', 'nickname': 'Quique Sánchez Flores', 'dob': '1965-02-05', 'country': {'id': 214, 'name': 'Spain'}}]",1.1.0,2,2,1,Regular Season,4715,Etihad Stadium,68,England,728,Mark Clattenburg,68,England
3754296,2015-12-21,21:00:00.000,2,1,available,scheduled,2021-07-17T13:35:33.149,2021-06-13T16:17:31.694,17,2,England,Premier League,27,2015/2016,1,Arsenal,male,,68,England,"[{'id': 577, 'name': 'Arsène Wenger', 'nickname': None, 'dob': '1949-10-22', 'country': {'id': 78, 'name': 'France'}}]",36,Manchester City,male,,68,England,"[{'id': 733, 'name': 'Manuel Luis Pellegrini Ripamonti', 'nickname': 'Manuel Pellegrini', 'dob': '1953-09-16', 'country': {'id': 45, 'name': 'Chile'}}]",1.1.0,2,2,1,Regular Season,3,Emirates Stadium,68,England,5,Andre Marriner,68,England
3754273,2015-10-31,16:00:00.000,2,0,available,scheduled,2020-09-20T02:24:11.414760,2021-06-13T16:17:31.694,11,2,England,Premier League,27,2015/2016,23,Watford,male,,68,England,"[{'id': 236, 'name': 'Enrique Sánchez Flores', 'nickname': 'Quique Sánchez Flores', 'dob': '1965-02-05', 'country': {'id': 214, 'name': 'Spain'}}]",40,West Ham United,male,,68,England,"[{'id': 150, 'name': 'Slaven Bilić', 'nickname': None, 'dob': '1968-09-11', 'country': {'id': 56, 'name': 'Croatia'}}]",1.1.0,2,2,1,Regular Season,4589,Vicarage Road,68,England,50,Keith Stroud,68,England
3754263,2015-10-24,16:00:00.000,1,0,available,scheduled,2022-12-01T13:11:49.163406,2021-06-13T16:17:31.694,10,2,England,Premier League,27,2015/2016,22,Leicester City,male,,68,England,"[{'id': 60, 'name': 'Claudio Ranieri', 'nickname': None, 'dob': '1951-10-20', 'country': {'id': 112, 'name': 'Italy'}}]",31,Crystal Palace,male,,68,England,"[{'id': 382, 'name': 'Alan Pardew', 'nickname': None, 'dob': '1961-07-18', 'country': {'id': 68, 'name': 'England'}}]",1.1.0,2,2,1,Regular Season,20,King Power Stadium ,68,England,6,Mike Dean,68,England
3754268,2015-08-29,18:30:00.000,0,0,available,scheduled,2020-09-11T18:18:25.317407,2021-06-13T16:17:31.694,4,2,England,Premier League,27,2015/2016,38,Tottenham Hotspur,male,,68,England,"[{'id': 81, 'name': 'Mauricio Roberto Pochettino Trossero', 'nickname': 'Mauricio Pochettino', 'dob': '1972-03-02', 'country': {'id': 11, 'name': 'Argentina'}}]",29,Everton,male,,68,England,"[{'id': 263, 'name': 'Roberto Martínez Montoliú', 'nickname': 'Roberto Martínez', 'dob': '1973-07-13', 'country': {'id': 214, 'name': 'Spain'}}]",1.1.0,2,2,1,Regular Season,99148,White Hart Lane,68,England,14,Mike Jones,68,England
3754286,2015-12-05,16:00:00.000,2,0,available,scheduled,2020-10-13T14:16:54.852458,2021-06-13T16:17:31.694,15,2,England,Premier League,27,2015/2016,23,Watford,male,,68,England,"[{'id': 236, 'name': 'Enrique Sánchez Flores', 'nickname': 'Quique Sánchez Flores', 'dob': '1965-02-05', 'country': {'id': 214, 'name': 'Spain'}}]",56,Norwich City,male,,68,England,"[{'id': 41, 'name': 'Alex Neil', 'nickname': None, 'dob': '1981-06-09', 'country': {'id': 201, 'name': 'Scotland'}}]",1.1.0,2,2,1,Regular Season,4589,Vicarage Road,68,England,6,Mike Dean,68,England
3754291,2015-12-28,16:00:00.000,1,2,available,scheduled,2020-11-03T09:05:58.027121,2021-06-13T16:17:31.694,19,2,England,Premier League,27,2015/2016,23,Watford,male,,68,England,"[{'id': 236, 'name': 'Enrique Sánchez Flores', 'nickname': 'Quique Sánchez Flores', 'dob': '1965-02-05', 'country': {'id': 214, 'name': 'Spain'}}]",38,Tottenham Hotspur,male,,68,England,"[{'id': 81, 'name': 'Mauricio Roberto Pochettino Trossero', 'nickname': 'Mauricio Pochettino', 'dob': '1972-03-02', 'country': {'id': 11, 'name': 'Argentina'}}]",1.1.0,2,2,1,Regular Season,4589,Vicarage Road,68,England,8,Anthony Taylor,68,England
3754283,2015-11-21,16:00:00.000,4,0,available,scheduled,2020-11-03T08:06:52.744806,2021-06-13T16:17:31.694,13,2,England,Premier League,27,2015/2016,29,Everton,male,,68,England,"[{'id': 263, 'name': 'Roberto Martínez Montoliú', 'nickname': 'Roberto Martínez', 'dob': '1973-07-13', 'country': {'id': 214, 'name': 'Spain'}}]",59,Aston Villa,male,,68,England,"[{'id': 92, 'name': 'Rémi Garde', 'nickname': None, 'dob': '1966-04-03', 'country': {'id': 78, 'name': 'France'}}]",1.1.0,2,2,1,Regular Season,12,Goodison Park,68,England,1,Michael Oliver,68,England
3754235,2015-11-29,15:05:00.000,1,1,available,scheduled,2020-10-14T06:04:11.885071,2021-06-13T16:17:31.694,14,2,England,Premier League,27,2015/2016,40,West Ham United,male,,68,England,"[{'id': 150, 'name': 'Slaven Bilić', 'nickname': None, 'dob': '1968-09-11', 'country': {'id': 56, 'name': 'Croatia'}}]",27,West Bromwich Albion,male,,68,England,"[{'id': 300, 'name': 'Tony Pulis', 'nickname': None, 'dob': '1958-01-16', 'country': {'id': 249, 'name': 'Wales'}}]",1.1.0,2,2,1,Regular Season,115324,Boleyn Ground,68,England,4,Martin Atkinson,68,England
3754279,2015-12-26,16:00:00.000,1,0,available,scheduled,2020-10-15T19:24:22.649656,2021-06-13T16:17:31.694,18,2,England,Premier League,27,2015/2016,26,Swansea City,male,,249,Wales,"[{'id': 4711, 'name': 'Alan Curtis', 'nickname': None, 'dob': '1954-04-16', 'country': {'id': 249, 'name': 'Wales'}}]",27,West Bromwich Albion,male,,68,England,"[{'id': 300, 'name': 'Tony Pulis', 'nickname': None, 'dob': '1958-01-16', 'country': {'id': 249, 'name': 'Wales'}}]",1.1.0,2,2,1,Regular Season,45,Swansea.com Stadium,249,Wales,13,Roger East,68,England
3754276,2015-12-13,17:00:00.000,1,2,available,scheduled,2022-12-01T13:36:29.024,2021-06-13T16:17:31.694,16,2,England,Premier League,27,2015/2016,38,Tottenham Hotspur,male,,68,England,"[{'id': 81, 'name': 'Mauricio Roberto Pochettino Trossero', 'nickname': 'Mauricio Pochettino', 'dob': '1972-03-02', 'country': {'id': 11, 'name': 'Argentina'}}]",37,Newcastle United,male,,68,England,"[{'id': 40, 'name': 'Steve McClaren', 'nickname': None, 'dob': '1961-05-03', 'country': {'id': 68, 'name': 'England'}}]",1.1.0,2,2,1,Regular Season,99148,White Hart Lane,68,England,13,Roger East,68,England
3754287,2015-12-26,16:00:00.000,2,2,available,scheduled,2022-12-01T13:41:22.730115,2021-06-13T16:17:31.694,18,2,England,Premier League,27,2015/2016,33,Chelsea,male,,68,England,"[{'id': 3608, 'name': 'Guus Hiddink', 'nickname': None, 'dob': '1946-11-08', 'country': {'id': 160, 'name': 'Netherlands'}}]",23,Watford,male,,68,England,"[{'id': 236, 'name': 'Enrique Sánchez Flores', 'nickname': 'Quique Sánchez Flores', 'dob': '1965-02-05', 'country': {'id': 214, 'name': 'Spain'}}]",1.1.0,2,2,1,Regular Season,10,Stamford Bridge,68,England,5,Andre Marriner,68,England
3754259,2015-12-20,17:00:00.000,0,0,available,scheduled,2022-12-01T13:38:55.900315,2021-06-13T16:17:31.694,17,2,England,Premier League,27,2015/2016,26,Swansea City,male,,249,Wales,"[{'id': 4711, 'name': 'Alan Curtis', 'nickname': None, 'dob': '1954-04-16', 'country': {'id': 249, 'name': 'Wales'}}]",40,West Ham United,male,,68,England,"[{'id': 150, 'name': 'Slaven Bilić', 'nickname': None, 'dob': '1968-09-11', 'country': {'id': 56, 'name': 'Croatia'}}]",1.1.0,2,2,1,Regular Season,45,Swansea.com Stadium,249,Wales,10,Lee Mason,68,England
3754335,2015-10-03,16:00:00.000,1,2,available,scheduled,2022-12-01T12:59:42.486076,2021-06-13T16:17:31.694,8,2,England,Premier League,27,2015/2016,56,Norwich City,male,,68,England,"[{'id': 41, 'name': 'Alex Neil', 'nickname': None, 'dob': '1981-06-09', 'country': {'id': 201, 'name': 'Scotland'}}]",22,Leicester City,male,,68,England,"[{'id': 60, 'name': 'Claudio Ranieri', 'nickname': None, 'dob': '1951-10-20', 'country': {'id': 112, 'name': 'Italy'}}]",1.1.0,2,2,1,Regular Season,220,Carrow Road,68,England,728,Mark Clattenburg,68,England
3754298,2015-09-19,16:00:00.000,0,0,available,scheduled,2020-09-09T11:03:23.049831,2021-06-13T16:17:31.694,6,2,England,Premier League,27,2015/2016,26,Swansea City,male,,249,Wales,"[{'id': 270, 'name': 'Garry Monk', 'nickname': None, 'dob': '1979-03-06', 'country': {'id': 68, 'name': 'England'}}]",29,Everton,male,,68,England,"[{'id': 263, 'name': 'Roberto Martínez Montoliú', 'nickname': 'Roberto Martínez', 'dob': '1973-07-13', 'country': {'id': 214, 'name': 'Spain'}}]",1.1.0,2,2,1,Regular Season,45,Swansea.com Stadium,249,Wales,16,Stuart Attwell,68,England
3754315,2015-09-12,16:00:00.000,3,1,available,scheduled,2022-07-08T22:41:23.251003,2021-06-13T16:17:31.694,5,2,England,Premier League,27,2015/2016,56,Norwich City,male,,68,England,"[{'id': 41, 'name': 'Alex Neil', 'nickname': None, 'dob': '1981-06-09', 'country': {'id': 201, 'name': 'Scotland'}}]",28,AFC Bournemouth,male,,68,England,"[{'id': 38, 'name': 'Eddie Howe', 'nickname': None, 'dob': '1977-11-29', 'country': {'id': 68, 'name': 'England'}}]",1.1.0,2,2,1,Regular Season,220,Carrow Road,68,England,4,Martin Atkinson,68,England
3754330,2015-10-03,16:00:00.000,0,1,available,scheduled,2022-12-01T13:01:32.365486,2021-06-13T16:17:31.694,8,2,England,Premier League,27,2015/2016,59,Aston Villa,male,,68,England,"[{'id': 5003, 'name': 'Tim Sherwood', 'nickname': None, 'dob': '1969-02-06', 'country': {'id': 68, 'name': 'England'}}]",30,Stoke City,male,,68,England,"[{'id': 55, 'name': 'Mark Hughes', 'nickname': None, 'dob': '1963-11-01', 'country': {'id': 249, 'name': 'Wales'}}]",1.1.0,2,2,1,Regular Season,211,Villa Park,68,England,14,Mike Jones,68,England
3754337,2015-08-30,14:30:00.000,3,0,available,scheduled,2022-07-08T22:27:40.959830,2021-06-13T16:17:31.694,4,2,England,Premier League,27,2015/2016,25,Southampton,male,,68,England,"[{'id': 676, 'name': 'Ronald Koeman', 'nickname': None, 'dob': '1963-03-21', 'country': {'id': 160, 'name': 'Netherlands'}}]",56,Norwich City,male,,68,England,"[{'id': 41, 'name': 'Alex Neil', 'nickname': None, 'dob': '1981-06-09', 'country': {'id': 201, 'name': 'Scotland'}}]",1.1.0,2,2,1,Regular Season,4591,St. Mary''s Stadium,68,England,3,Jonathan Moss,68,England
3754297,2015-11-07,16:00:00.000,2,0,available,scheduled,2020-09-18T13:16:12.825671,2021-06-13T16:17:31.694,12,2,England,Premier League,27,2015/2016,39,Manchester United,male,,68,England,"[{'id': 788, 'name': 'Louis van Gaal', 'nickname': None, 'dob': '1951-08-08', 'country': {'id': 160, 'name': 'Netherlands'}}]",27,West Bromwich Albion,male,,68,England,"[{'id': 300, 'name': 'Tony Pulis', 'nickname': None, 'dob': '1958-01-16', 'country': {'id': 249, 'name': 'Wales'}}]",1.1.0,2,2,1,Regular Season,2,Old Trafford,68,England,6,Mike Dean,68,England
3754301,2015-11-21,16:00:00.000,2,1,available,scheduled,2020-09-26T08:14:24.985389,2021-06-13T16:17:31.694,13,2,England,Premier League,27,2015/2016,27,West Bromwich Albion,male,,68,England,"[{'id': 300, 'name': 'Tony Pulis', 'nickname': None, 'dob': '1958-01-16', 'country': {'id': 249, 'name': 'Wales'}}]",1,Arsenal,male,,68,England,"[{'id': 577, 'name': 'Arsène Wenger', 'nickname': None, 'dob': '1949-10-22', 'country': {'id': 78, 'name': 'France'}}]",1.1.0,2,2,1,Regular Season,33,The Hawthorns,68,England,728,Mark Clattenburg,68,England
3754323,2015-09-26,16:00:00.000,2,2,available,scheduled,2020-08-11T20:15:07.909939,2021-06-13T16:17:31.694,7,2,England,Premier League,27,2015/2016,40,West Ham United,male,,68,England,"[{'id': 150, 'name': 'Slaven Bilić', 'nickname': None, 'dob': '1968-09-11', 'country': {'id': 56, 'name': 'Croatia'}}]",56,Norwich City,male,,68,England,"[{'id': 41, 'name': 'Alex Neil', 'nickname': None, 'dob': '1981-06-09', 'country': {'id': 201, 'name': 'Scotland'}}]",1.1.0,2,2,1,Regular Season,115324,Boleyn Ground,68,England,6,Mike Dean,68,England
3754304,2015-11-28,16:00:00.000,5,1,available,scheduled,2020-10-13T09:05:20.626305,2021-06-13T16:17:31.694,14,2,England,Premier League,27,2015/2016,31,Crystal Palace,male,,68,England,"[{'id': 382, 'name': 'Alan Pardew', 'nickname': None, 'dob': '1961-07-18', 'country': {'id': 68, 'name': 'England'}}]",37,Newcastle United,male,,68,England,"[{'id': 40, 'name': 'Steve McClaren', 'nickname': None, 'dob': '1961-05-03', 'country': {'id': 68, 'name': 'England'}}]",1.1.0,2,2,1,Regular Season,37,Selhurst Park,68,England,16,Stuart Attwell,68,England
3754311,2015-11-07,16:00:00.000,1,0,available,scheduled,2020-09-22T13:40:59.994112,2021-06-13T16:17:31.694,12,2,England,Premier League,27,2015/2016,56,Norwich City,male,,68,England,"[{'id': 41, 'name': 'Alex Neil', 'nickname': None, 'dob': '1981-06-09', 'country': {'id': 201, 'name': 'Scotland'}}]",26,Swansea City,male,,249,Wales,"[{'id': 270, 'name': 'Garry Monk', 'nickname': None, 'dob': '1979-03-06', 'country': {'id': 68, 'name': 'England'}}]",1.1.0,2,2,1,Regular Season,220,Carrow Road,68,England,728,Mark Clattenburg,68,England
3754328,2015-12-12,16:00:00.000,2,1,available,scheduled,2022-12-01T13:33:16.801896,2021-06-13T16:17:31.694,16,2,England,Premier League,27,2015/2016,36,Manchester City,male,,68,England,"[{'id': 733, 'name': 'Manuel Luis Pellegrini Ripamonti', 'nickname': 'Manuel Pellegrini', 'dob': '1953-09-16', 'country': {'id': 45, 'name': 'Chile'}}]",26,Swansea City,male,,249,Wales,"[{'id': 4711, 'name': 'Alan Curtis', 'nickname': None, 'dob': '1954-04-16', 'country': {'id': 249, 'name': 'Wales'}}]",1.1.0,2,2,1,Regular Season,4715,Etihad Stadium,68,England,9,Robert Madley,68,England
3754309,2015-12-26,20:45:00.000,4,0,available,scheduled,2020-12-09T20:47:26.732958,2021-06-13T16:17:31.694,18,2,England,Premier League,27,2015/2016,25,Southampton,male,,68,England,"[{'id': 676, 'name': 'Ronald Koeman', 'nickname': None, 'dob': '1963-03-21', 'country': {'id': 160, 'name': 'Netherlands'}}]",1,Arsenal,male,,68,England,"[{'id': 577, 'name': 'Arsène Wenger', 'nickname': None, 'dob': '1949-10-22', 'country': {'id': 78, 'name': 'France'}}]",1.1.0,2,2,1,Regular Season,4591,St. Mary''s Stadium,68,England,3,Jonathan Moss,68,England
3754325,2015-09-12,16:00:00.000,0,0,available,scheduled,2020-09-09T12:35:13.376459,2021-06-13T16:17:31.694,5,2,England,Premier League,27,2015/2016,27,West Bromwich Albion,male,,68,England,"[{'id': 300, 'name': 'Tony Pulis', 'nickname': None, 'dob': '1958-01-16', 'country': {'id': 249, 'name': 'Wales'}}]",25,Southampton,male,,68,England,"[{'id': 676, 'name': 'Ronald Koeman', 'nickname': None, 'dob': '1963-03-21', 'country': {'id': 160, 'name': 'Netherlands'}}]",1.1.0,2,2,1,Regular Season,33,The Hawthorns,68,England,16,Stuart Attwell,68,England
3754329,2015-09-14,21:00:00.000,2,0,available,scheduled,2020-09-09T12:35:13.376459,2021-06-13T16:17:31.694,5,2,England,Premier League,27,2015/2016,40,West Ham United,male,,68,England,"[{'id': 150, 'name': 'Slaven Bilić', 'nickname': None, 'dob': '1968-09-11', 'country': {'id': 56, 'name': 'Croatia'}}]",37,Newcastle United,male,,68,England,"[{'id': 40, 'name': 'Steve McClaren', 'nickname': None, 'dob': '1961-05-03', 'country': {'id': 68, 'name': 'England'}}]",1.1.0,2,2,1,Regular Season,115324,Boleyn Ground,68,England,8,Anthony Taylor,68,England
3754302,2015-10-17,16:00:00.000,2,2,available,scheduled,2020-11-29T14:07:50.969020,2021-06-13T16:17:31.694,9,2,England,Premier League,27,2015/2016,25,Southampton,male,,68,England,"[{'id': 676, 'name': 'Ronald Koeman', 'nickname': None, 'dob': '1963-03-21', 'country': {'id': 160, 'name': 'Netherlands'}}]",22,Leicester City,male,,68,England,"[{'id': 60, 'name': 'Claudio Ranieri', 'nickname': None, 'dob': '1951-10-20', 'country': {'id': 112, 'name': 'Italy'}}]",1.1.0,2,2,1,Regular Season,4591,St. Mary''s Stadium,68,England,17,Paul Tierney,68,England
3754013,2015-12-14,21:00:00.000,2,1,available,scheduled,2020-10-14T00:06:51.149330,2021-06-13T16:17:31.694,16,2,England,Premier League,27,2015/2016,22,Leicester City,male,,68,England,"[{'id': 60, 'name': 'Claudio Ranieri', 'nickname': None, 'dob': '1951-10-20', 'country': {'id': 112, 'name': 'Italy'}}]",33,Chelsea,male,,68,England,"[{'id': 383, 'name': 'José Mario Felix dos Santos Mourinho', 'nickname': 'José Mourinho', 'dob': '1963-01-26', 'country': {'id': 183, 'name': 'Portugal'}}]",1.1.0,2,2,1,Regular Season,20,King Power Stadium ,68,England,728,Mark Clattenburg,68,England
3754044,2015-12-19,16:00:00.000,1,2,available,scheduled,2020-10-14T00:06:51.149330,2021-06-13T16:17:31.694,17,2,England,Premier League,27,2015/2016,39,Manchester United,male,,68,England,"[{'id': 788, 'name': 'Louis van Gaal', 'nickname': None, 'dob': '1951-08-08', 'country': {'id': 160, 'name': 'Netherlands'}}]",56,Norwich City,male,,68,England,"[{'id': 41, 'name': 'Alex Neil', 'nickname': None, 'dob': '1981-06-09', 'country': {'id': 201, 'name': 'Scotland'}}]",1.1.0,2,2,1,Regular Season,2,Old Trafford,68,England,1,Michael Oliver,68,England
3754351,2015-11-08,17:00:00.000,1,2,available,scheduled,2022-12-01T13:22:27.433540,2021-06-13T16:17:31.694,12,2,England,Premier League,27,2015/2016,24,Liverpool,male,,68,England,"[{'id': 94, 'name': 'Jürgen Klopp', 'nickname': None, 'dob': '1967-06-16', 'country': {'id': 85, 'name': 'Germany'}}]",31,Crystal Palace,male,,68,England,"[{'id': 382, 'name': 'Alan Pardew', 'nickname': None, 'dob': '1961-07-18', 'country': {'id': 68, 'name': 'England'}}]",1.1.0,2,2,1,Regular Season,6,Anfield ,68,England,7,Neil Swarbrick,68,England
3754343,2015-12-26,16:00:00.000,1,0,available,scheduled,2020-10-15T02:13:03.665870,2021-06-13T16:17:31.694,18,2,England,Premier League,27,2015/2016,24,Liverpool,male,,68,England,"[{'id': 94, 'name': 'Jürgen Klopp', 'nickname': None, 'dob': '1967-06-16', 'country': {'id': 85, 'name': 'Germany'}}]",22,Leicester City,male,,68,England,"[{'id': 60, 'name': 'Claudio Ranieri', 'nickname': None, 'dob': '1951-10-20', 'country': {'id': 112, 'name': 'Italy'}}]",1.1.0,2,2,1,Regular Season,6,Anfield ,68,England,4,Martin Atkinson,68,England
3754109,2015-11-22,17:00:00.000,4,1,available,scheduled,2022-12-01T13:26:59.952260,2021-06-13T16:17:31.694,13,2,England,Premier League,27,2015/2016,38,Tottenham Hotspur,male,,68,England,"[{'id': 81, 'name': 'Mauricio Roberto Pochettino Trossero', 'nickname': 'Mauricio Pochettino', 'dob': '1972-03-02', 'country': {'id': 11, 'name': 'Argentina'}}]",40,West Ham United,male,,68,England,"[{'id': 150, 'name': 'Slaven Bilić', 'nickname': None, 'dob': '1968-09-11', 'country': {'id': 56, 'name': 'Croatia'}}]",1.1.0,2,2,1,Regular Season,99148,White Hart Lane,68,England,8,Anthony Taylor,68,England
3754182,2015-12-12,13:45:00.000,1,1,available,scheduled,2022-12-01T13:34:06.852736,2021-06-13T16:17:31.694,16,2,England,Premier League,27,2015/2016,56,Norwich City,male,,68,England,"[{'id': 41, 'name': 'Alex Neil', 'nickname': None, 'dob': '1981-06-09', 'country': {'id': 201, 'name': 'Scotland'}}]",29,Everton,male,,68,England,"[{'id': 263, 'name': 'Roberto Martínez Montoliú', 'nickname': 'Roberto Martínez', 'dob': '1973-07-13', 'country': {'id': 214, 'name': 'Spain'}}]",1.1.0,2,2,1,Regular Season,220,Carrow Road,68,England,4,Martin Atkinson,68,England
3754240,2015-09-12,16:00:00.000,2,0,available,scheduled,2022-07-08T22:57:01.835889,2021-06-13T16:17:31.694,5,2,England,Premier League,27,2015/2016,1,Arsenal,male,,68,England,"[{'id': 577, 'name': 'Arsène Wenger', 'nickname': None, 'dob': '1949-10-22', 'country': {'id': 78, 'name': 'France'}}]",30,Stoke City,male,,68,England,"[{'id': 55, 'name': 'Mark Hughes', 'nickname': None, 'dob': '1963-11-01', 'country': {'id': 249, 'name': 'Wales'}}]",1.1.0,2,2,1,Regular Season,3,Emirates Stadium,68,England,3,Jonathan Moss,68,England
3754336,2015-09-12,13:45:00.000,3,1,available,scheduled,2022-07-08T22:48:42.385840,2021-06-13T16:17:31.694,5,2,England,Premier League,27,2015/2016,29,Everton,male,,68,England,"[{'id': 263, 'name': 'Roberto Martínez Montoliú', 'nickname': 'Roberto Martínez', 'dob': '1973-07-13', 'country': {'id': 214, 'name': 'Spain'}}]",33,Chelsea,male,,68,England,"[{'id': 383, 'name': 'José Mario Felix dos Santos Mourinho', 'nickname': 'José Mourinho', 'dob': '1963-01-26', 'country': {'id': 183, 'name': 'Portugal'}}]",1.1.0,2,2,1,Regular Season,12,Goodison Park,68,England,5,Andre Marriner,68,England
3754247,2015-11-21,16:00:00.000,0,1,available,scheduled,2022-12-01T13:26:07.236764,2021-06-13T16:17:31.694,13,2,England,Premier League,27,2015/2016,25,Southampton,male,,68,England,"[{'id': 676, 'name': 'Ronald Koeman', 'nickname': None, 'dob': '1963-03-21', 'country': {'id': 160, 'name': 'Netherlands'}}]",30,Stoke City,male,,68,England,"[{'id': 55, 'name': 'Mark Hughes', 'nickname': None, 'dob': '1963-11-01', 'country': {'id': 249, 'name': 'Wales'}}]",1.1.0,2,2,1,Regular Season,4591,St. Mary''s Stadium,68,England,10,Lee Mason,68,England
3754156,2015-11-07,16:00:00.000,2,1,available,scheduled,2022-12-01T13:19:54.288015,2021-06-13T16:17:31.694,12,2,England,Premier League,27,2015/2016,22,Leicester City,male,,68,England,"[{'id': 60, 'name': 'Claudio Ranieri', 'nickname': None, 'dob': '1951-10-20', 'country': {'id': 112, 'name': 'Italy'}}]",23,Watford,male,,68,England,"[{'id': 236, 'name': 'Enrique Sánchez Flores', 'nickname': 'Quique Sánchez Flores', 'dob': '1965-02-05', 'country': {'id': 214, 'name': 'Spain'}}]",1.1.0,2,2,1,Regular Season,20,King Power Stadium ,68,England,13,Roger East,68,England
3754265,2015-11-08,17:00:00.000,1,1,available,scheduled,2020-12-13T13:43:21.659558,2021-06-13T16:17:31.694,12,2,England,Premier League,27,2015/2016,1,Arsenal,male,,68,England,"[{'id': 577, 'name': 'Arsène Wenger', 'nickname': None, 'dob': '1949-10-22', 'country': {'id': 78, 'name': 'France'}}]",38,Tottenham Hotspur,male,,68,England,"[{'id': 81, 'name': 'Mauricio Roberto Pochettino Trossero', 'nickname': 'Mauricio Pochettino', 'dob': '1972-03-02', 'country': {'id': 11, 'name': 'Argentina'}}]",1.1.0,2,2,1,Regular Season,3,Emirates Stadium,68,England,4,Martin Atkinson,68,England
3754000,2015-11-07,16:00:00.000,0,1,available,scheduled,2020-09-23T09:20:01.640438,2021-06-13T16:17:31.694,12,2,England,Premier League,27,2015/2016,41,Sunderland,male,,68,England,"[{'id': 561, 'name': 'Sam Allardyce', 'nickname': None, 'dob': '1954-10-19', 'country': {'id': 68, 'name': 'England'}}]",25,Southampton,male,,68,England,"[{'id': 676, 'name': 'Ronald Koeman', 'nickname': None, 'dob': '1963-03-21', 'country': {'id': 160, 'name': 'Netherlands'}}]",1.1.0,2,2,1,Regular Season,210,Stadium of Light,68,England,14,Mike Jones,68,England
3754003,2015-09-12,18:30:00.000,3,1,available,scheduled,2020-11-18T19:11:14.486895,2021-06-13T16:17:31.694,5,2,England,Premier League,27,2015/2016,39,Manchester United,male,,68,England,"[{'id': 788, 'name': 'Louis van Gaal', 'nickname': None, 'dob': '1951-08-08', 'country': {'id': 160, 'name': 'Netherlands'}}]",24,Liverpool,male,,68,England,"[{'id': 6, 'name': 'Brendan Rodgers', 'nickname': None, 'dob': '1973-01-26', 'country': {'id': 169, 'name': 'Northern Ireland'}}]",1.1.0,2,2,1,Regular Season,2,Old Trafford,68,England,1,Michael Oliver,68,England
3754344,2015-08-15,16:00:00.000,2,0,available,scheduled,2020-07-29T05:00,2021-06-13T16:17:31.694,2,2,England,Premier League,27,2015/2016,26,Swansea City,male,,249,Wales,"[{'id': 270, 'name': 'Garry Monk', 'nickname': None, 'dob': '1979-03-06', 'country': {'id': 68, 'name': 'England'}}]",37,Newcastle United,male,,68,England,"[{'id': 40, 'name': 'Steve McClaren', 'nickname': None, 'dob': '1961-05-03', 'country': {'id': 68, 'name': 'England'}}]",1.1.0,2,2,1,Regular Season,45,Swansea.com Stadium,249,Wales,14,Mike Jones,68,England
3754131,2015-08-22,16:00:00.000,3,4,available,scheduled,2022-07-08T21:47:04.550288,2021-06-13T16:17:31.694,3,2,England,Premier League,27,2015/2016,40,West Ham United,male,,68,England,"[{'id': 150, 'name': 'Slaven Bilić', 'nickname': None, 'dob': '1968-09-11', 'country': {'id': 56, 'name': 'Croatia'}}]",28,AFC Bournemouth,male,,68,England,"[{'id': 38, 'name': 'Eddie Howe', 'nickname': None, 'dob': '1977-11-29', 'country': {'id': 68, 'name': 'England'}}]",1.1.0,2,2,1,Regular Season,115324,Boleyn Ground,68,England,3,Jonathan Moss,68,England
3754300,2015-08-08,16:00:00.000,2,2,available,scheduled,2022-07-08T20:36:27.023798,2021-06-13T16:17:31.694,1,2,England,Premier League,27,2015/2016,29,Everton,male,,68,England,"[{'id': 263, 'name': 'Roberto Martínez Montoliú', 'nickname': 'Roberto Martínez', 'dob': '1973-07-13', 'country': {'id': 214, 'name': 'Spain'}}]",23,Watford,male,,68,England,"[{'id': 236, 'name': 'Enrique Sánchez Flores', 'nickname': 'Quique Sánchez Flores', 'dob': '1965-02-05', 'country': {'id': 214, 'name': 'Spain'}}]",1.1.0,2,2,1,Regular Season,12,Goodison Park,68,England,14,Mike Jones,68,England
3754312,2015-08-16,14:30:00.000,1,2,available,scheduled,2022-07-08T21:19:24.217693,2021-06-13T16:17:31.694,2,2,England,Premier League,27,2015/2016,31,Crystal Palace,male,,68,England,"[{'id': 382, 'name': 'Alan Pardew', 'nickname': None, 'dob': '1961-07-18', 'country': {'id': 68, 'name': 'England'}}]",1,Arsenal,male,,68,England,"[{'id': 577, 'name': 'Arsène Wenger', 'nickname': None, 'dob': '1949-10-22', 'country': {'id': 78, 'name': 'France'}}]",1.1.0,2,2,1,Regular Season,37,Selhurst Park,68,England,10,Lee Mason,68,England
3754138,2015-08-08,16:00:00.000,1,3,available,scheduled,2020-07-29T05:00,2021-06-13T16:17:31.694,1,2,England,Premier League,27,2015/2016,56,Norwich City,male,,68,England,"[{'id': 41, 'name': 'Alex Neil', 'nickname': None, 'dob': '1981-06-09', 'country': {'id': 201, 'name': 'Scotland'}}]",31,Crystal Palace,male,,68,England,"[{'id': 382, 'name': 'Alan Pardew', 'nickname': None, 'dob': '1961-07-18', 'country': {'id': 68, 'name': 'England'}}]",1.1.0,2,2,1,Regular Season,220,Carrow Road,68,England,74,Simon Hooper,68,England
3754203,2015-08-15,16:00:00.000,1,2,available,scheduled,2020-07-29T05:00,2021-06-13T16:17:31.694,2,2,England,Premier League,27,2015/2016,40,West Ham United,male,,68,England,"[{'id': 150, 'name': 'Slaven Bilić', 'nickname': None, 'dob': '1968-09-11', 'country': {'id': 56, 'name': 'Croatia'}}]",22,Leicester City,male,,68,England,"[{'id': 60, 'name': 'Claudio Ranieri', 'nickname': None, 'dob': '1951-10-20', 'country': {'id': 112, 'name': 'Italy'}}]",1.1.0,2,2,1,Regular Season,115324,Boleyn Ground,68,England,8,Anthony Taylor,68,England
3754190,2015-08-22,16:00:00.000,2,1,available,scheduled,2022-07-08T21:33:09.238697,2021-06-13T16:17:31.694,3,2,England,Premier League,27,2015/2016,31,Crystal Palace,male,,68,England,"[{'id': 382, 'name': 'Alan Pardew', 'nickname': None, 'dob': '1961-07-18', 'country': {'id': 68, 'name': 'England'}}]",59,Aston Villa,male,,68,England,"[{'id': 5003, 'name': 'Tim Sherwood', 'nickname': None, 'dob': '1969-02-06', 'country': {'id': 68, 'name': 'England'}}]",1.1.0,2,2,1,Regular Season,37,Selhurst Park,68,England,50,Keith Stroud,68,England
3754066,2015-08-16,17:00:00.000,3,0,available,scheduled,2020-07-29T05:00,2021-06-13T16:17:31.694,2,2,England,Premier League,27,2015/2016,36,Manchester City,male,,68,England,"[{'id': 733, 'name': 'Manuel Luis Pellegrini Ripamonti', 'nickname': 'Manuel Pellegrini', 'dob': '1953-09-16', 'country': {'id': 45, 'name': 'Chile'}}]",33,Chelsea,male,,68,England,"[{'id': 383, 'name': 'José Mario Felix dos Santos Mourinho', 'nickname': 'José Mourinho', 'dob': '1963-01-26', 'country': {'id': 183, 'name': 'Portugal'}}]",1.1.0,2,2,1,Regular Season,4715,Etihad Stadium,68,England,4,Martin Atkinson,68,England
3754034,2015-08-15,13:45:00.000,0,3,available,scheduled,2020-07-29T05:00,2021-06-13T16:17:31.694,2,2,England,Premier League,27,2015/2016,25,Southampton,male,,68,England,"[{'id': 676, 'name': 'Ronald Koeman', 'nickname': None, 'dob': '1963-03-21', 'country': {'id': 160, 'name': 'Netherlands'}}]",29,Everton,male,,68,England,"[{'id': 263, 'name': 'Roberto Martínez Montoliú', 'nickname': 'Roberto Martínez', 'dob': '1973-07-13', 'country': {'id': 214, 'name': 'Spain'}}]",1.1.0,2,2,1,Regular Season,4591,St. Mary''s Stadium,68,England,1,Michael Oliver,68,England
3753985,2015-08-09,17:00:00.000,0,1,available,scheduled,2020-09-11T15:40:15.523254,2021-06-13T16:17:31.694,1,2,England,Premier League,27,2015/2016,30,Stoke City,male,,68,England,"[{'id': 55, 'name': 'Mark Hughes', 'nickname': None, 'dob': '1963-11-01', 'country': {'id': 249, 'name': 'Wales'}}]",24,Liverpool,male,,68,England,"[{'id': 6, 'name': 'Brendan Rodgers', 'nickname': None, 'dob': '1973-01-26', 'country': {'id': 169, 'name': 'Northern Ireland'}}]",1.1.0,2,2,1,Regular Season,29,bet365 Stadium,68,England,8,Anthony Taylor,68,England
3753987,2015-08-22,16:00:00.000,1,1,available,scheduled,2020-07-29T05:00,2021-06-13T16:17:31.694,3,2,England,Premier League,27,2015/2016,22,Leicester City,male,,68,England,"[{'id': 60, 'name': 'Claudio Ranieri', 'nickname': None, 'dob': '1951-10-20', 'country': {'id': 112, 'name': 'Italy'}}]",38,Tottenham Hotspur,male,,68,England,"[{'id': 81, 'name': 'Mauricio Roberto Pochettino Trossero', 'nickname': 'Mauricio Pochettino', 'dob': '1972-03-02', 'country': {'id': 11, 'name': 'Argentina'}}]",1.1.0,2,2,1,Regular Season,20,King Power Stadium ,68,England,4,Martin Atkinson,68,England
3754189,2015-08-23,17:00:00.000,0,0,available,scheduled,2020-09-11T15:40:15.523254,2021-06-13T16:17:31.694,3,2,England,Premier League,27,2015/2016,23,Watford,male,,68,England,"[{'id': 236, 'name': 'Enrique Sánchez Flores', 'nickname': 'Quique Sánchez Flores', 'dob': '1965-02-05', 'country': {'id': 214, 'name': 'Spain'}}]",25,Southampton,male,,68,England,"[{'id': 676, 'name': 'Ronald Koeman', 'nickname': None, 'dob': '1963-03-21', 'country': {'id': 160, 'name': 'Netherlands'}}]",1.1.0,2,2,1,Regular Season,4589,Vicarage Road,68,England,5,Andre Marriner,68,England
3754129,2015-08-24,21:00:00.000,0,0,available,scheduled,2020-07-29T05:00,2021-06-13T16:17:31.694,3,2,England,Premier League,27,2015/2016,1,Arsenal,male,,68,England,"[{'id': 577, 'name': 'Arsène Wenger', 'nickname': None, 'dob': '1949-10-22', 'country': {'id': 78, 'name': 'France'}}]",24,Liverpool,male,,68,England,"[{'id': 6, 'name': 'Brendan Rodgers', 'nickname': None, 'dob': '1973-01-26', 'country': {'id': 169, 'name': 'Northern Ireland'}}]",1.1.0,2,2,1,Regular Season,3,Emirates Stadium,68,England,1,Michael Oliver,68,England
3754180,2015-08-22,16:00:00.000,1,1,available,scheduled,2020-09-08T15:05:48.912600,2021-06-13T16:17:31.694,3,2,England,Premier League,27,2015/2016,41,Sunderland,male,,68,England,"[{'id': 453, 'name': 'Dick Advocaat', 'nickname': None, 'dob': '1947-09-27', 'country': {'id': 160, 'name': 'Netherlands'}}]",26,Swansea City,male,,249,Wales,"[{'id': 270, 'name': 'Garry Monk', 'nickname': None, 'dob': '1979-03-06', 'country': {'id': 68, 'name': 'England'}}]",1.1.0,2,2,1,Regular Season,210,Stadium of Light,68,England,7,Neil Swarbrick,68,England
3754059,2015-08-23,14:30:00.000,2,3,available,scheduled,2022-07-08T22:01:09.024376,2021-06-13T16:17:31.694,3,2,England,Premier League,27,2015/2016,27,West Bromwich Albion,male,,68,England,"[{'id': 300, 'name': 'Tony Pulis', 'nickname': None, 'dob': '1958-01-16', 'country': {'id': 249, 'name': 'Wales'}}]",33,Chelsea,male,,68,England,"[{'id': 383, 'name': 'José Mario Felix dos Santos Mourinho', 'nickname': 'José Mourinho', 'dob': '1963-01-26', 'country': {'id': 183, 'name': 'Portugal'}}]",1.1.0,2,2,1,Regular Season,33,The Hawthorns,68,England,728,Mark Clattenburg,68,England
3754064,2016-03-20,14:30:00.000,3,2,available,processing,2021-07-19T14:06:30.168,2021-06-12T16:17:31.694,31,2,England,Premier League,27,2015/2016,25,Southampton,male,,68,England,"[{'id': 676, 'name': 'Ronald Koeman', 'nickname': None, 'dob': '1963-03-21', 'country': {'id': 160, 'name': 'Netherlands'}}]",24,Liverpool,male,,68,England,"[{'id': 94, 'name': 'Jürgen Klopp', 'nickname': None, 'dob': '1967-06-16', 'country': {'id': 85, 'name': 'Germany'}}]",1.1.0,2,2,1,Regular Season,4591,St. Mary''s Stadium,68,England,13,Roger East,68,England
3754065,2016-01-13,21:00:00.000,0,1,available,processing,2022-12-01T13:52:39.998252,2021-06-12T16:17:31.694,21,2,England,Premier League,27,2015/2016,38,Tottenham Hotspur,male,,68,England,"[{'id': 81, 'name': 'Mauricio Roberto Pochettino Trossero', 'nickname': 'Mauricio Pochettino', 'dob': '1972-03-02', 'country': {'id': 11, 'name': 'Argentina'}}]",22,Leicester City,male,,68,England,"[{'id': 60, 'name': 'Claudio Ranieri', 'nickname': None, 'dob': '1951-10-20', 'country': {'id': 112, 'name': 'Italy'}}]",1.1.0,2,2,1,Regular Season,99148,White Hart Lane,68,England,10,Lee Mason,68,England
3754173,2015-12-28,18:30:00.000,2,0,available,processing,2021-10-29T23:23:14.134378,2021-06-12T16:17:31.694,19,2,England,Premier League,27,2015/2016,1,Arsenal,male,,68,England,"[{'id': 577, 'name': 'Arsène Wenger', 'nickname': None, 'dob': '1949-10-22', 'country': {'id': 78, 'name': 'France'}}]",28,AFC Bournemouth,male,,68,England,"[{'id': 38, 'name': 'Eddie Howe', 'nickname': None, 'dob': '1977-11-29', 'country': {'id': 68, 'name': 'England'}}]",1.1.0,2,2,1,Regular Season,3,Emirates Stadium,68,England,13,Roger East,68,England
3754175,2016-04-02,16:00:00.000,0,0,available,processing,2022-12-01T14:19:33.110706,2021-06-12T16:17:31.694,32,2,England,Premier League,27,2015/2016,41,Sunderland,male,,68,England,"[{'id': 561, 'name': 'Sam Allardyce', 'nickname': None, 'dob': '1954-10-19', 'country': {'id': 68, 'name': 'England'}}]",27,West Bromwich Albion,male,,68,England,"[{'id': 300, 'name': 'Tony Pulis', 'nickname': None, 'dob': '1958-01-16', 'country': {'id': 249, 'name': 'Wales'}}]",1.1.0,2,2,1,Regular Season,210,Stadium of Light,68,England,13,Roger East,68,England
3753973,2016-03-19,16:00:00.000,2,2,available,processing,2021-11-04T18:39:32.323670,2021-06-12T16:17:31.694,31,2,England,Premier League,27,2015/2016,33,Chelsea,male,,68,England,"[{'id': 3608, 'name': 'Guus Hiddink', 'nickname': None, 'dob': '1946-11-08', 'country': {'id': 160, 'name': 'Netherlands'}}]",40,West Ham United,male,,68,England,"[{'id': 150, 'name': 'Slaven Bilić', 'nickname': None, 'dob': '1968-09-11', 'country': {'id': 56, 'name': 'Croatia'}}]",1.1.0,2,2,1,Regular Season,10,Stamford Bridge,68,England,9,Robert Madley,68,England
3753975,2016-01-23,16:00:00.000,1,1,available,processing,2021-10-30T01:04:27.321884,2021-06-12T16:17:31.694,23,2,England,Premier League,27,2015/2016,41,Sunderland,male,,68,England,"[{'id': 561, 'name': 'Sam Allardyce', 'nickname': None, 'dob': '1954-10-19', 'country': {'id': 68, 'name': 'England'}}]",28,AFC Bournemouth,male,,68,England,"[{'id': 38, 'name': 'Eddie Howe', 'nickname': None, 'dob': '1977-11-29', 'country': {'id': 68, 'name': 'England'}}]",1.1.0,2,2,1,Regular Season,210,Stadium of Light,68,England,13,Roger East,68,England
3753976,2016-03-02,20:45:00.000,1,2,available,processing,2022-12-01T14:10:40.492137,2021-06-12T16:17:31.694,28,2,England,Premier League,27,2015/2016,1,Arsenal,male,,68,England,"[{'id': 577, 'name': 'Arsène Wenger', 'nickname': None, 'dob': '1949-10-22', 'country': {'id': 78, 'name': 'France'}}]",26,Swansea City,male,,249,Wales,"[{'id': 3626, 'name': 'Francesco Guidolin', 'nickname': None, 'dob': '1955-10-03', 'country': {'id': 112, 'name': 'Italy'}}]",1.1.0,2,2,1,Regular Season,3,Emirates Stadium,68,England,9,Robert Madley,68,England
3753977,2016-03-19,16:00:00.000,1,2,available,processing,2021-11-04T18:33:47.376278,2021-06-12T16:17:31.694,31,2,England,Premier League,27,2015/2016,23,Watford,male,,68,England,"[{'id': 236, 'name': 'Enrique Sánchez Flores', 'nickname': 'Quique Sánchez Flores', 'dob': '1965-02-05', 'country': {'id': 214, 'name': 'Spain'}}]",30,Stoke City,male,,68,England,"[{'id': 55, 'name': 'Mark Hughes', 'nickname': None, 'dob': '1963-11-01', 'country': {'id': 249, 'name': 'Wales'}}]",1.1.0,2,2,1,Regular Season,4589,Vicarage Road,68,England,2,Craig Pawson,68,England
3753980,2016-03-19,13:45:00.000,0,2,available,processing,2022-12-01T14:16:06.265253,2021-06-12T16:17:31.694,31,2,England,Premier League,27,2015/2016,29,Everton,male,,68,England,"[{'id': 263, 'name': 'Roberto Martínez Montoliú', 'nickname': 'Roberto Martínez', 'dob': '1973-07-13', 'country': {'id': 214, 'name': 'Spain'}}]",1,Arsenal,male,,68,England,"[{'id': 577, 'name': 'Arsène Wenger', 'nickname': None, 'dob': '1949-10-22', 'country': {'id': 78, 'name': 'France'}}]",1.1.0,2,2,1,Regular Season,12,Goodison Park,68,England,728,Mark Clattenburg,68,England
3753981,2016-01-12,20:45:00.000,1,0,available,processing,2021-07-02T13:56:21.986,2021-06-12T16:17:31.694,21,2,England,Premier League,27,2015/2016,59,Aston Villa,male,,68,England,"[{'id': 92, 'name': 'Rémi Garde', 'nickname': None, 'dob': '1966-04-03', 'country': {'id': 78, 'name': 'France'}}]",31,Crystal Palace,male,,68,England,"[{'id': 382, 'name': 'Alan Pardew', 'nickname': None, 'dob': '1961-07-18', 'country': {'id': 68, 'name': 'England'}}]",1.1.0,2,2,1,Regular Season,211,Villa Park,68,England,728,Mark Clattenburg,68,England
3753982,2016-04-03,14:30:00.000,1,0,available,processing,2022-12-01T14:21:21.913761,2021-06-12T16:17:31.694,32,2,England,Premier League,27,2015/2016,22,Leicester City,male,,68,England,"[{'id': 60, 'name': 'Claudio Ranieri', 'nickname': None, 'dob': '1951-10-20', 'country': {'id': 112, 'name': 'Italy'}}]",25,Southampton,male,,68,England,"[{'id': 676, 'name': 'Ronald Koeman', 'nickname': None, 'dob': '1963-03-21', 'country': {'id': 160, 'name': 'Netherlands'}}]",1.1.0,2,2,1,Regular Season,20,King Power Stadium ,68,England,1,Michael Oliver,68,England
3753986,2016-04-10,17:00:00.000,4,1,available,processing,2021-07-12T14:40:22.094,2021-06-12T16:17:31.694,33,2,England,Premier League,27,2015/2016,24,Liverpool,male,,68,England,"[{'id': 94, 'name': 'Jürgen Klopp', 'nickname': None, 'dob': '1967-06-16', 'country': {'id': 85, 'name': 'Germany'}}]",30,Stoke City,male,,68,England,"[{'id': 55, 'name': 'Mark Hughes', 'nickname': None, 'dob': '1963-11-01', 'country': {'id': 249, 'name': 'Wales'}}]",1.1.0,2,2,1,Regular Season,6,Anfield ,68,England,728,Mark Clattenburg,68,England
3753988,2016-03-12,16:00:00.000,3,2,available,processing,2021-07-31T22:31:15.067,2021-06-12T16:17:31.694,30,2,England,Premier League,27,2015/2016,28,AFC Bournemouth,male,,68,England,"[{'id': 38, 'name': 'Eddie Howe', 'nickname': None, 'dob': '1977-11-29', 'country': {'id': 68, 'name': 'England'}}]",26,Swansea City,male,,249,Wales,"[{'id': 4711, 'name': 'Alan Curtis', 'nickname': None, 'dob': '1954-04-16', 'country': {'id': 249, 'name': 'Wales'}}, {'id': 3626, 'name': 'Francesco Guidolin', 'nickname': None, 'dob': '1955-10-03', 'country': {'id': 112, 'name': 'Italy'}}]",1.1.0,2,2,1,Regular Season,71,Vitality Stadium,68,England,13,Roger East,68,England
3753989,2016-05-11,20:45:00.000,3,0,available,processing,2022-12-01T14:48:06.624347,2021-06-12T16:17:31.694,30,2,England,Premier League,27,2015/2016,41,Sunderland,male,,68,England,"[{'id': 561, 'name': 'Sam Allardyce', 'nickname': None, 'dob': '1954-10-19', 'country': {'id': 68, 'name': 'England'}}]",29,Everton,male,,68,England,"[{'id': 263, 'name': 'Roberto Martínez Montoliú', 'nickname': 'Roberto Martínez', 'dob': '1973-07-13', 'country': {'id': 214, 'name': 'Spain'}}]",1.1.0,2,2,1,Regular Season,210,Stadium of Light,68,England,8,Anthony Taylor,68,England
3753990,2016-04-24,15:05:00.000,0,0,available,processing,2022-12-01T14:33:38.963070,2021-06-12T16:17:31.694,35,2,England,Premier League,27,2015/2016,41,Sunderland,male,,68,England,"[{'id': 561, 'name': 'Sam Allardyce', 'nickname': None, 'dob': '1954-10-19', 'country': {'id': 68, 'name': 'England'}}]",1,Arsenal,male,,68,England,"[{'id': 577, 'name': 'Arsène Wenger', 'nickname': None, 'dob': '1949-10-22', 'country': {'id': 78, 'name': 'France'}}]",1.1.0,2,2,1,Regular Season,210,Stadium of Light,68,England,6,Mike Dean,68,England
3753991,2016-03-02,21:00:00.000,3,0,available,processing,2021-07-03T20:34:48.662,2021-06-12T16:17:31.694,28,2,England,Premier League,27,2015/2016,24,Liverpool,male,,68,England,"[{'id': 94, 'name': 'Jürgen Klopp', 'nickname': None, 'dob': '1967-06-16', 'country': {'id': 85, 'name': 'Germany'}}]",36,Manchester City,male,,68,England,"[{'id': 733, 'name': 'Manuel Luis Pellegrini Ripamonti', 'nickname': 'Manuel Pellegrini', 'dob': '1953-09-16', 'country': {'id': 45, 'name': 'Chile'}}]",1.1.0,2,2,1,Regular Season,6,Anfield ,68,England,4,Martin Atkinson,68,England
3753992,2016-05-08,14:30:00.000,1,2,available,processing,2021-07-07T18:31:46.070,2021-06-12T16:17:31.694,37,2,England,Premier League,27,2015/2016,38,Tottenham Hotspur,male,,68,England,"[{'id': 81, 'name': 'Mauricio Roberto Pochettino Trossero', 'nickname': 'Mauricio Pochettino', 'dob': '1972-03-02', 'country': {'id': 11, 'name': 'Argentina'}}]",25,Southampton,male,,68,England,"[{'id': 676, 'name': 'Ronald Koeman', 'nickname': None, 'dob': '1963-03-21', 'country': {'id': 160, 'name': 'Netherlands'}}]",1.1.0,2,2,1,Regular Season,99148,White Hart Lane,68,England,3,Jonathan Moss,68,England
3753994,2016-05-15,16:00:00.000,4,1,available,processing,2022-12-01T14:49:20.201110,2021-06-12T16:17:31.694,38,2,England,Premier League,27,2015/2016,25,Southampton,male,,68,England,"[{'id': 676, 'name': 'Ronald Koeman', 'nickname': None, 'dob': '1963-03-21', 'country': {'id': 160, 'name': 'Netherlands'}}]",31,Crystal Palace,male,,68,England,"[{'id': 382, 'name': 'Alan Pardew', 'nickname': None, 'dob': '1961-07-18', 'country': {'id': 68, 'name': 'England'}}]",1.1.0,2,2,1,Regular Season,4591,St. Mary''s Stadium,68,England,1,Michael Oliver,68,England
3753997,2016-02-02,20:45:00.000,2,0,available,processing,2021-06-30T21:03:02.583,2021-06-12T16:17:31.694,24,2,England,Premier League,27,2015/2016,40,West Ham United,male,,68,England,"[{'id': 150, 'name': 'Slaven Bilić', 'nickname': None, 'dob': '1968-09-11', 'country': {'id': 56, 'name': 'Croatia'}}]",59,Aston Villa,male,,68,England,"[{'id': 92, 'name': 'Rémi Garde', 'nickname': None, 'dob': '1966-04-03', 'country': {'id': 78, 'name': 'France'}}]",1.1.0,2,2,1,Regular Season,115324,Boleyn Ground,68,England,3,Jonathan Moss,68,England
3753998,2015-12-28,18:30:00.000,2,1,available,processing,2022-12-01T13:47:15.525094,2021-06-12T16:17:31.694,19,2,England,Premier League,27,2015/2016,40,West Ham United,male,,68,England,"[{'id': 150, 'name': 'Slaven Bilić', 'nickname': None, 'dob': '1968-09-11', 'country': {'id': 56, 'name': 'Croatia'}}]",25,Southampton,male,,68,England,"[{'id': 676, 'name': 'Ronald Koeman', 'nickname': None, 'dob': '1963-03-21', 'country': {'id': 160, 'name': 'Netherlands'}}]",1.1.0,2,2,1,Regular Season,115324,Boleyn Ground,68,England,1,Michael Oliver,68,England
3754002,2016-03-14,21:00:00.000,1,0,available,processing,2021-07-31T22:35:04.431,2021-06-12T16:17:31.694,30,2,England,Premier League,27,2015/2016,22,Leicester City,male,,68,England,"[{'id': 60, 'name': 'Claudio Ranieri', 'nickname': None, 'dob': '1951-10-20', 'country': {'id': 112, 'name': 'Italy'}}]",37,Newcastle United,male,,68,England,"[{'id': 148, 'name': 'Rafael Benítez Maudes', 'nickname': 'Rafael Benítez', 'dob': '1960-04-16', 'country': {'id': 214, 'name': 'Spain'}}]",1.1.0,2,2,1,Regular Season,20,King Power Stadium ,68,England,2,Craig Pawson,68,England
3754004,2016-01-16,16:00:00.000,3,0,available,processing,2022-12-01T13:53:26.687758,2021-06-12T16:17:31.694,22,2,England,Premier League,27,2015/2016,28,AFC Bournemouth,male,,68,England,"[{'id': 38, 'name': 'Eddie Howe', 'nickname': None, 'dob': '1977-11-29', 'country': {'id': 68, 'name': 'England'}}]",56,Norwich City,male,,68,England,"[{'id': 41, 'name': 'Alex Neil', 'nickname': None, 'dob': '1981-06-09', 'country': {'id': 201, 'name': 'Scotland'}}]",1.1.0,2,2,1,Regular Season,71,Vitality Stadium,68,England,9,Robert Madley,68,England
3754005,2016-03-02,20:45:00.000,1,0,available,processing,2021-11-04T18:06:52.081837,2021-06-12T16:17:31.694,28,2,England,Premier League,27,2015/2016,30,Stoke City,male,,68,England,"[{'id': 55, 'name': 'Mark Hughes', 'nickname': None, 'dob': '1963-11-01', 'country': {'id': 249, 'name': 'Wales'}}]",37,Newcastle United,male,,68,England,"[{'id': 40, 'name': 'Steve McClaren', 'nickname': None, 'dob': '1961-05-03', 'country': {'id': 68, 'name': 'England'}}]",1.1.0,2,2,1,Regular Season,29,bet365 Stadium,68,England,7,Neil Swarbrick,68,England
3754009,2016-04-17,17:00:00.000,1,1,available,processing,2021-07-06T18:04:40.541,2021-06-12T16:17:31.694,34,2,England,Premier League,27,2015/2016,1,Arsenal,male,,68,England,"[{'id': 577, 'name': 'Arsène Wenger', 'nickname': None, 'dob': '1949-10-22', 'country': {'id': 78, 'name': 'France'}}]",31,Crystal Palace,male,,68,England,"[{'id': 382, 'name': 'Alan Pardew', 'nickname': None, 'dob': '1961-07-18', 'country': {'id': 68, 'name': 'England'}}]",1.1.0,2,2,1,Regular Season,3,Emirates Stadium,68,England,13,Roger East,68,England
3754012,2016-02-27,16:00:00.000,1,2,available,processing,2022-12-01T14:04:25.572886,2021-06-12T16:17:31.694,27,2,England,Premier League,27,2015/2016,25,Southampton,male,,68,England,"[{'id': 676, 'name': 'Ronald Koeman', 'nickname': None, 'dob': '1963-03-21', 'country': {'id': 160, 'name': 'Netherlands'}}]",33,Chelsea,male,,68,England,"[{'id': 3608, 'name': 'Guus Hiddink', 'nickname': None, 'dob': '1946-11-08', 'country': {'id': 160, 'name': 'Netherlands'}}]",1.1.0,2,2,1,Regular Season,4591,St. Mary''s Stadium,68,England,4,Martin Atkinson,68,England
3754016,2016-04-09,16:00:00.000,3,1,available,processing,2022-12-01T14:23:18.027982,2021-06-12T16:17:31.694,33,2,England,Premier League,27,2015/2016,25,Southampton,male,,68,England,"[{'id': 676, 'name': 'Ronald Koeman', 'nickname': None, 'dob': '1963-03-21', 'country': {'id': 160, 'name': 'Netherlands'}}]",37,Newcastle United,male,,68,England,"[{'id': 148, 'name': 'Rafael Benítez Maudes', 'nickname': 'Rafael Benítez', 'dob': '1960-04-16', 'country': {'id': 214, 'name': 'Spain'}}]",1.1.0,2,2,1,Regular Season,4591,St. Mary''s Stadium,68,England,9,Robert Madley,68,England
3754018,2016-05-01,13:00:00.000,3,1,available,processing,2021-11-04T19:13:36.181897,2021-06-12T16:17:31.694,36,2,England,Premier League,27,2015/2016,26,Swansea City,male,,249,Wales,"[{'id': 3626, 'name': 'Francesco Guidolin', 'nickname': None, 'dob': '1955-10-03', 'country': {'id': 112, 'name': 'Italy'}}]",24,Liverpool,male,,68,England,"[{'id': 94, 'name': 'Jürgen Klopp', 'nickname': None, 'dob': '1967-06-16', 'country': {'id': 85, 'name': 'Germany'}}]",1.1.0,2,2,1,Regular Season,45,Swansea.com Stadium,249,Wales,13,Roger East,68,England
3754019,2015-12-28,18:30:00.000,0,0,available,processing,2021-10-29T23:36:51.546904,2021-06-12T16:17:31.694,19,2,England,Premier League,27,2015/2016,39,Manchester United,male,,68,England,"[{'id': 788, 'name': 'Louis van Gaal', 'nickname': None, 'dob': '1951-08-08', 'country': {'id': 160, 'name': 'Netherlands'}}]",33,Chelsea,male,,68,England,"[{'id': 3608, 'name': 'Guus Hiddink', 'nickname': None, 'dob': '1946-11-08', 'country': {'id': 160, 'name': 'Netherlands'}}]",1.1.0,2,2,1,Regular Season,2,Old Trafford,68,England,4,Martin Atkinson,68,England
3754021,2016-01-12,20:45:00.000,1,3,available,processing,2021-10-30T00:13:49.011466,2021-06-12T16:17:31.694,21,2,England,Premier League,27,2015/2016,28,AFC Bournemouth,male,,68,England,"[{'id': 38, 'name': 'Eddie Howe', 'nickname': None, 'dob': '1977-11-29', 'country': {'id': 68, 'name': 'England'}}]",40,West Ham United,male,,68,England,"[{'id': 150, 'name': 'Slaven Bilić', 'nickname': None, 'dob': '1968-09-11', 'country': {'id': 56, 'name': 'Croatia'}}]",1.1.0,2,2,1,Regular Season,71,Vitality Stadium,68,England,4,Martin Atkinson,68,England
3754022,2016-04-09,16:00:00.000,1,0,available,processing,2022-12-01T14:23:40.009813,2021-06-12T16:17:31.694,33,2,England,Premier League,27,2015/2016,31,Crystal Palace,male,,68,England,"[{'id': 382, 'name': 'Alan Pardew', 'nickname': None, 'dob': '1961-07-18', 'country': {'id': 68, 'name': 'England'}}]",56,Norwich City,male,,68,England,"[{'id': 41, 'name': 'Alex Neil', 'nickname': None, 'dob': '1981-06-09', 'country': {'id': 201, 'name': 'Scotland'}}]",1.1.0,2,2,1,Regular Season,37,Selhurst Park,68,England,1,Michael Oliver,68,England
3754024,2016-04-16,16:00:00.000,3,0,available,processing,2022-12-01T14:28:06.773103,2021-06-12T16:17:31.694,34,2,England,Premier League,27,2015/2016,37,Newcastle United,male,,68,England,"[{'id': 148, 'name': 'Rafael Benítez Maudes', 'nickname': 'Rafael Benítez', 'dob': '1960-04-16', 'country': {'id': 214, 'name': 'Spain'}}]",26,Swansea City,male,,249,Wales,"[{'id': 3626, 'name': 'Francesco Guidolin', 'nickname': None, 'dob': '1955-10-03', 'country': {'id': 112, 'name': 'Italy'}}]",1.1.0,2,2,1,Regular Season,4674,St. James'' Park,68,England,10,Lee Mason,68,England
3754026,2016-05-07,16:00:00.000,2,1,available,processing,2021-07-07T18:12:56.866,2021-06-12T16:17:31.694,37,2,England,Premier League,27,2015/2016,31,Crystal Palace,male,,68,England,"[{'id': 382, 'name': 'Alan Pardew', 'nickname': None, 'dob': '1961-07-18', 'country': {'id': 68, 'name': 'England'}}]",30,Stoke City,male,,68,England,"[{'id': 55, 'name': 'Mark Hughes', 'nickname': None, 'dob': '1963-11-01', 'country': {'id': 249, 'name': 'Wales'}}]",1.1.0,2,2,1,Regular Season,37,Selhurst Park,68,England,12,Kevin Friend,68,England
3754027,2016-01-16,13:45:00.000,4,1,available,processing,2021-10-30T00:42:32.910320,2021-06-12T16:17:31.694,22,2,England,Premier League,27,2015/2016,38,Tottenham Hotspur,male,,68,England,"[{'id': 81, 'name': 'Mauricio Roberto Pochettino Trossero', 'nickname': 'Mauricio Pochettino', 'dob': '1972-03-02', 'country': {'id': 11, 'name': 'Argentina'}}]",41,Sunderland,male,,68,England,"[{'id': 561, 'name': 'Sam Allardyce', 'nickname': None, 'dob': '1954-10-19', 'country': {'id': 68, 'name': 'England'}}]",1.1.0,2,2,1,Regular Season,99148,White Hart Lane,68,England,6,Mike Dean,68,England
3754030,2016-04-09,16:00:00.000,1,1,available,processing,2021-07-06T20:37:57.613,2021-06-12T16:17:31.694,33,2,England,Premier League,27,2015/2016,23,Watford,male,,68,England,"[{'id': 236, 'name': 'Enrique Sánchez Flores', 'nickname': 'Quique Sánchez Flores', 'dob': '1965-02-05', 'country': {'id': 214, 'name': 'Spain'}}]",29,Everton,male,,68,England,"[{'id': 263, 'name': 'Roberto Martínez Montoliú', 'nickname': 'Roberto Martínez', 'dob': '1973-07-13', 'country': {'id': 214, 'name': 'Spain'}}]",1.1.0,2,2,1,Regular Season,4589,Vicarage Road,68,England,12,Kevin Friend,68,England
3754031,2016-02-13,13:45:00.000,2,1,available,processing,2022-12-01T14:01:31.142811,2021-06-12T16:17:31.694,26,2,England,Premier League,27,2015/2016,41,Sunderland,male,,68,England,"[{'id': 561, 'name': 'Sam Allardyce', 'nickname': None, 'dob': '1954-10-19', 'country': {'id': 68, 'name': 'England'}}]",39,Manchester United,male,,68,England,"[{'id': 788, 'name': 'Louis van Gaal', 'nickname': None, 'dob': '1951-08-08', 'country': {'id': 160, 'name': 'Netherlands'}}]",1.1.0,2,2,1,Regular Season,210,Stadium of Light,68,England,5,Andre Marriner,68,England
3754032,2016-01-13,20:45:00.000,3,1,available,processing,2021-07-23T13:01:16.684,2021-06-12T16:17:31.694,21,2,England,Premier League,27,2015/2016,30,Stoke City,male,,68,England,"[{'id': 55, 'name': 'Mark Hughes', 'nickname': None, 'dob': '1963-11-01', 'country': {'id': 249, 'name': 'Wales'}}]",56,Norwich City,male,,68,England,"[{'id': 41, 'name': 'Alex Neil', 'nickname': None, 'dob': '1981-06-09', 'country': {'id': 201, 'name': 'Scotland'}}]",1.1.0,2,2,1,Regular Season,29,bet365 Stadium,68,England,7,Neil Swarbrick,68,England
3754033,2016-05-07,18:30:00.000,3,1,available,processing,2022-12-01T14:38:23.266537,2021-06-12T16:17:31.694,37,2,England,Premier League,27,2015/2016,22,Leicester City,male,,68,England,"[{'id': 60, 'name': 'Claudio Ranieri', 'nickname': None, 'dob': '1951-10-20', 'country': {'id': 112, 'name': 'Italy'}}]",29,Everton,male,,68,England,"[{'id': 263, 'name': 'Roberto Martínez Montoliú', 'nickname': 'Roberto Martínez', 'dob': '1973-07-13', 'country': {'id': 214, 'name': 'Spain'}}]",1.1.0,2,2,1,Regular Season,20,King Power Stadium ,68,England,5,Andre Marriner,68,England
3754035,2016-04-09,18:30:00.000,2,1,available,processing,2022-12-01T14:25:35.775533,2021-06-12T16:17:31.694,33,2,England,Premier League,27,2015/2016,36,Manchester City,male,,68,England,"[{'id': 733, 'name': 'Manuel Luis Pellegrini Ripamonti', 'nickname': 'Manuel Pellegrini', 'dob': '1953-09-16', 'country': {'id': 45, 'name': 'Chile'}}]",27,West Bromwich Albion,male,,68,England,"[{'id': 300, 'name': 'Tony Pulis', 'nickname': None, 'dob': '1958-01-16', 'country': {'id': 249, 'name': 'Wales'}}]",1.1.0,2,2,1,Regular Season,4715,Etihad Stadium,68,England,14,Mike Jones,68,England
3754036,2016-01-02,16:00:00.000,3,1,available,processing,2022-12-01T13:50:10.381162,2021-06-12T16:17:31.694,20,2,England,Premier League,27,2015/2016,41,Sunderland,male,,68,England,"[{'id': 561, 'name': 'Sam Allardyce', 'nickname': None, 'dob': '1954-10-19', 'country': {'id': 68, 'name': 'England'}}]",59,Aston Villa,male,,68,England,"[{'id': 92, 'name': 'Rémi Garde', 'nickname': None, 'dob': '1966-04-03', 'country': {'id': 78, 'name': 'France'}}]",1.1.0,2,2,1,Regular Season,210,Stadium of Light,68,England,2,Craig Pawson,68,England
3754061,2016-03-05,16:00:00.000,1,1,available,processing,2021-11-04T18:18:35.114004,2021-06-12T16:17:31.694,29,2,England,Premier League,27,2015/2016,33,Chelsea,male,,68,England,"[{'id': 3608, 'name': 'Guus Hiddink', 'nickname': None, 'dob': '1946-11-08', 'country': {'id': 160, 'name': 'Netherlands'}}]",30,Stoke City,male,,68,England,"[{'id': 55, 'name': 'Mark Hughes', 'nickname': None, 'dob': '1963-11-01', 'country': {'id': 249, 'name': 'Wales'}}]",1.1.0,2,2,1,Regular Season,10,Stamford Bridge,68,England,728,Mark Clattenburg,68,England
3754062,2016-01-13,20:45:00.000,2,2,available,processing,2022-12-01T13:51:56.637934,2021-06-12T16:17:31.694,21,2,England,Premier League,27,2015/2016,33,Chelsea,male,,68,England,"[{'id': 3608, 'name': 'Guus Hiddink', 'nickname': None, 'dob': '1946-11-08', 'country': {'id': 160, 'name': 'Netherlands'}}]",27,West Bromwich Albion,male,,68,England,"[{'id': 300, 'name': 'Tony Pulis', 'nickname': None, 'dob': '1958-01-16', 'country': {'id': 249, 'name': 'Wales'}}]",1.1.0,2,2,1,Regular Season,10,Stamford Bridge,68,England,8,Anthony Taylor,68,England
3754063,2016-04-30,16:00:00.000,3,2,available,processing,2021-07-10T13:23:09.143,2021-06-12T16:17:31.694,36,2,England,Premier League,27,2015/2016,23,Watford,male,,68,England,"[{'id': 236, 'name': 'Enrique Sánchez Flores', 'nickname': 'Quique Sánchez Flores', 'dob': '1965-02-05', 'country': {'id': 214, 'name': 'Spain'}}]",59,Aston Villa,male,,68,England,"[{'id': 5020, 'name': 'Eric Black', 'nickname': None, 'dob': '1963-10-01', 'country': {'id': 201, 'name': 'Scotland'}}]",1.1.0,2,2,1,Regular Season,4589,Vicarage Road,68,England,8,Anthony Taylor,68,England
3754069,2016-01-02,16:00:00.000,1,0,available,processing,2022-12-01T13:49:13.209754,2021-06-12T16:17:31.694,20,2,England,Premier League,27,2015/2016,1,Arsenal,male,,68,England,"[{'id': 577, 'name': 'Arsène Wenger', 'nickname': None, 'dob': '1949-10-22', 'country': {'id': 78, 'name': 'France'}}]",37,Newcastle United,male,,68,England,"[{'id': 40, 'name': 'Steve McClaren', 'nickname': None, 'dob': '1961-05-03', 'country': {'id': 68, 'name': 'England'}}]",1.1.0,2,2,1,Regular Season,3,Emirates Stadium,68,England,8,Anthony Taylor,68,England
3754070,2016-05-07,16:00:00.000,0,0,available,processing,2021-07-08T21:16:34.235,2021-06-12T16:17:31.694,37,2,England,Premier League,27,2015/2016,59,Aston Villa,male,,68,England,"[{'id': 5020, 'name': 'Eric Black', 'nickname': None, 'dob': '1963-10-01', 'country': {'id': 201, 'name': 'Scotland'}}]",37,Newcastle United,male,,68,England,"[{'id': 148, 'name': 'Rafael Benítez Maudes', 'nickname': 'Rafael Benítez', 'dob': '1960-04-16', 'country': {'id': 214, 'name': 'Spain'}}]",1.1.0,2,2,1,Regular Season,211,Villa Park,68,England,9,Robert Madley,68,England
3754071,2016-01-13,20:45:00.000,2,4,available,processing,2021-10-30T00:34:46.190260,2021-06-12T16:17:31.694,21,2,England,Premier League,27,2015/2016,26,Swansea City,male,,249,Wales,"[{'id': 4711, 'name': 'Alan Curtis', 'nickname': None, 'dob': '1954-04-16', 'country': {'id': 249, 'name': 'Wales'}}]",41,Sunderland,male,,68,England,"[{'id': 561, 'name': 'Sam Allardyce', 'nickname': None, 'dob': '1954-10-19', 'country': {'id': 68, 'name': 'England'}}]",1.1.0,2,2,1,Regular Season,45,Swansea.com Stadium,249,Wales,11,Graham Scott,68,England
3754075,2016-04-02,13:45:00.000,0,4,available,processing,2021-07-11T14:43:58.604,2021-06-12T16:17:31.694,32,2,England,Premier League,27,2015/2016,59,Aston Villa,male,,68,England,"[{'id': 5020, 'name': 'Eric Black', 'nickname': None, 'dob': '1963-10-01', 'country': {'id': 201, 'name': 'Scotland'}}]",33,Chelsea,male,,68,England,"[{'id': 3608, 'name': 'Guus Hiddink', 'nickname': None, 'dob': '1946-11-08', 'country': {'id': 160, 'name': 'Netherlands'}}]",1.1.0,2,2,1,Regular Season,211,Villa Park,68,England,7,Neil Swarbrick,68,England
3754080,2016-02-06,16:00:00.000,1,0,available,processing,2021-06-29T19:19:44.341,2021-06-12T16:17:31.694,25,2,England,Premier League,27,2015/2016,38,Tottenham Hotspur,male,,68,England,"[{'id': 81, 'name': 'Mauricio Roberto Pochettino Trossero', 'nickname': 'Mauricio Pochettino', 'dob': '1972-03-02', 'country': {'id': 11, 'name': 'Argentina'}}]",23,Watford,male,,68,England,"[{'id': 236, 'name': 'Enrique Sánchez Flores', 'nickname': 'Quique Sánchez Flores', 'dob': '1965-02-05', 'country': {'id': 214, 'name': 'Spain'}}]",1.1.0,2,2,1,Regular Season,99148,White Hart Lane,68,England,13,Roger East,68,England
3754081,2016-03-06,17:00:00.000,1,0,available,processing,2021-07-02T17:22:56.574,2021-06-12T16:17:31.694,29,2,England,Premier League,27,2015/2016,27,West Bromwich Albion,male,,68,England,"[{'id': 300, 'name': 'Tony Pulis', 'nickname': None, 'dob': '1958-01-16', 'country': {'id': 249, 'name': 'Wales'}}]",39,Manchester United,male,,68,England,"[{'id': 788, 'name': 'Louis van Gaal', 'nickname': None, 'dob': '1951-08-08', 'country': {'id': 160, 'name': 'Netherlands'}}]",1.1.0,2,2,1,Regular Season,33,The Hawthorns,68,England,6,Mike Dean,68,England
3754084,2016-01-23,16:00:00.000,0,0,available,processing,2022-12-01T13:55:08.753708,2021-06-12T16:17:31.694,23,2,England,Premier League,27,2015/2016,27,West Bromwich Albion,male,,68,England,"[{'id': 300, 'name': 'Tony Pulis', 'nickname': None, 'dob': '1958-01-16', 'country': {'id': 249, 'name': 'Wales'}}]",59,Aston Villa,male,,68,England,"[{'id': 92, 'name': 'Rémi Garde', 'nickname': None, 'dob': '1966-04-03', 'country': {'id': 78, 'name': 'France'}}]",1.1.0,2,2,1,Regular Season,33,The Hawthorns,68,England,9,Robert Madley,68,England
3754086,2016-04-20,20:45:00.000,3,1,available,processing,2021-07-06T18:06:29.513,2021-06-12T16:17:31.694,30,2,England,Premier League,27,2015/2016,40,West Ham United,male,,68,England,"[{'id': 150, 'name': 'Slaven Bilić', 'nickname': None, 'dob': '1968-09-11', 'country': {'id': 56, 'name': 'Croatia'}}]",23,Watford,male,,68,England,"[{'id': 236, 'name': 'Enrique Sánchez Flores', 'nickname': 'Quique Sánchez Flores', 'dob': '1965-02-05', 'country': {'id': 214, 'name': 'Spain'}}]",1.1.0,2,2,1,Regular Season,115324,Boleyn Ground,68,England,6,Mike Dean,68,England
3754087,2016-04-02,18:30:00.000,1,1,available,processing,2022-12-01T14:20:26.635202,2021-06-12T16:17:31.694,32,2,England,Premier League,27,2015/2016,24,Liverpool,male,,68,England,"[{'id': 94, 'name': 'Jürgen Klopp', 'nickname': None, 'dob': '1967-06-16', 'country': {'id': 85, 'name': 'Germany'}}]",38,Tottenham Hotspur,male,,68,England,"[{'id': 81, 'name': 'Mauricio Roberto Pochettino Trossero', 'nickname': 'Mauricio Pochettino', 'dob': '1972-03-02', 'country': {'id': 11, 'name': 'Argentina'}}]",1.1.0,2,2,1,Regular Season,6,Anfield ,68,England,3,Jonathan Moss,68,England
3754088,2016-01-12,20:45:00.000,3,3,available,processing,2021-10-30T00:06:51.530211,2021-06-12T16:17:31.694,21,2,England,Premier League,27,2015/2016,37,Newcastle United,male,,68,England,"[{'id': 40, 'name': 'Steve McClaren', 'nickname': None, 'dob': '1961-05-03', 'country': {'id': 68, 'name': 'England'}}]",39,Manchester United,male,,68,England,"[{'id': 788, 'name': 'Louis van Gaal', 'nickname': None, 'dob': '1951-08-08', 'country': {'id': 160, 'name': 'Netherlands'}}]",1.1.0,2,2,1,Regular Season,4674,St. James'' Park,68,England,6,Mike Dean,68,England
3754089,2016-02-02,21:00:00.000,1,2,available,processing,2022-12-01T13:57:52.817967,2021-06-12T16:17:31.694,24,2,England,Premier League,27,2015/2016,31,Crystal Palace,male,,68,England,"[{'id': 382, 'name': 'Alan Pardew', 'nickname': None, 'dob': '1961-07-18', 'country': {'id': 68, 'name': 'England'}}]",28,AFC Bournemouth,male,,68,England,"[{'id': 38, 'name': 'Eddie Howe', 'nickname': None, 'dob': '1977-11-29', 'country': {'id': 68, 'name': 'England'}}]",1.1.0,2,2,1,Regular Season,37,Selhurst Park,68,England,14,Mike Jones,68,England
3754092,2016-05-02,21:00:00.000,2,2,available,processing,2022-12-01T14:37:07.934951,2021-06-12T16:17:31.694,36,2,England,Premier League,27,2015/2016,33,Chelsea,male,,68,England,"[{'id': 3608, 'name': 'Guus Hiddink', 'nickname': None, 'dob': '1946-11-08', 'country': {'id': 160, 'name': 'Netherlands'}}]",38,Tottenham Hotspur,male,,68,England,"[{'id': 81, 'name': 'Mauricio Roberto Pochettino Trossero', 'nickname': 'Mauricio Pochettino', 'dob': '1972-03-02', 'country': {'id': 11, 'name': 'Argentina'}}]",1.1.0,2,2,1,Regular Season,10,Stamford Bridge,68,England,728,Mark Clattenburg,68,England
3754094,2016-02-02,21:00:00.000,3,0,available,processing,2021-07-05T22:51:25.988,2021-06-12T16:17:31.694,24,2,England,Premier League,27,2015/2016,39,Manchester United,male,,68,England,"[{'id': 788, 'name': 'Louis van Gaal', 'nickname': None, 'dob': '1951-08-08', 'country': {'id': 160, 'name': 'Netherlands'}}]",30,Stoke City,male,,68,England,"[{'id': 55, 'name': 'Mark Hughes', 'nickname': None, 'dob': '1963-11-01', 'country': {'id': 249, 'name': 'Wales'}}]",1.1.0,2,2,1,Regular Season,2,Old Trafford,68,England,13,Roger East,68,England
3754095,2016-02-02,20:45:00.000,0,1,available,processing,2021-06-28T18:36:31.942,2021-06-12T16:17:31.694,24,2,England,Premier League,27,2015/2016,41,Sunderland,male,,68,England,"[{'id': 561, 'name': 'Sam Allardyce', 'nickname': None, 'dob': '1954-10-19', 'country': {'id': 68, 'name': 'England'}}]",36,Manchester City,male,,68,England,"[{'id': 733, 'name': 'Manuel Luis Pellegrini Ripamonti', 'nickname': 'Manuel Pellegrini', 'dob': '1953-09-16', 'country': {'id': 45, 'name': 'Chile'}}]",1.1.0,2,2,1,Regular Season,210,Stadium of Light,68,England,16,Stuart Attwell,68,England
3754100,2016-03-20,14:30:00.000,1,1,available,processing,2022-12-01T14:17:47.408729,2021-06-12T16:17:31.694,31,2,England,Premier League,27,2015/2016,37,Newcastle United,male,,68,England,"[{'id': 148, 'name': 'Rafael Benítez Maudes', 'nickname': 'Rafael Benítez', 'dob': '1960-04-16', 'country': {'id': 214, 'name': 'Spain'}}]",41,Sunderland,male,,68,England,"[{'id': 561, 'name': 'Sam Allardyce', 'nickname': None, 'dob': '1954-10-19', 'country': {'id': 68, 'name': 'England'}}]",1.1.0,2,2,1,Regular Season,4674,St. James'' Park,68,England,4,Martin Atkinson,68,England
3754101,2016-01-02,16:00:00.000,1,0,available,processing,2021-06-28T15:13:14.580,2021-06-12T16:17:31.694,20,2,England,Premier League,27,2015/2016,56,Norwich City,male,,68,England,"[{'id': 41, 'name': 'Alex Neil', 'nickname': None, 'dob': '1981-06-09', 'country': {'id': 201, 'name': 'Scotland'}}]",25,Southampton,male,,68,England,"[{'id': 676, 'name': 'Ronald Koeman', 'nickname': None, 'dob': '1963-03-21', 'country': {'id': 160, 'name': 'Netherlands'}}]",1.1.0,2,2,1,Regular Season,220,Carrow Road,68,England,728,Mark Clattenburg,68,England
3754103,2016-02-03,20:45:00.000,0,0,available,processing,2021-07-31T22:19:37.639,2021-06-12T16:17:31.694,24,2,England,Premier League,27,2015/2016,23,Watford,male,,68,England,"[{'id': 236, 'name': 'Enrique Sánchez Flores', 'nickname': 'Quique Sánchez Flores', 'dob': '1965-02-05', 'country': {'id': 214, 'name': 'Spain'}}]",33,Chelsea,male,,68,England,"[{'id': 3608, 'name': 'Guus Hiddink', 'nickname': None, 'dob': '1946-11-08', 'country': {'id': 160, 'name': 'Netherlands'}}]",1.1.0,2,2,1,Regular Season,4589,Vicarage Road,68,England,6,Mike Dean,68,England
3754108,2016-05-07,16:00:00.000,3,2,available,processing,2021-11-04T19:18:49.728465,2021-06-12T16:17:31.694,37,2,England,Premier League,27,2015/2016,41,Sunderland,male,,68,England,"[{'id': 561, 'name': 'Sam Allardyce', 'nickname': None, 'dob': '1954-10-19', 'country': {'id': 68, 'name': 'England'}}]",33,Chelsea,male,,68,England,"[{'id': 3608, 'name': 'Guus Hiddink', 'nickname': None, 'dob': '1946-11-08', 'country': {'id': 160, 'name': 'Netherlands'}}]",1.1.0,2,2,1,Regular Season,210,Stadium of Light,68,England,14,Mike Jones,68,England
3754110,2016-01-23,18:30:00.000,2,2,available,processing,2021-07-04T22:57:07.077,2021-06-12T16:17:31.694,23,2,England,Premier League,27,2015/2016,40,West Ham United,male,,68,England,"[{'id': 150, 'name': 'Slaven Bilić', 'nickname': None, 'dob': '1968-09-11', 'country': {'id': 56, 'name': 'Croatia'}}]",36,Manchester City,male,,68,England,"[{'id': 733, 'name': 'Manuel Luis Pellegrini Ripamonti', 'nickname': 'Manuel Pellegrini', 'dob': '1953-09-16', 'country': {'id': 45, 'name': 'Chile'}}]",1.1.0,2,2,1,Regular Season,115324,Boleyn Ground,68,England,2,Craig Pawson,68,England
3754111,2016-01-24,17:00:00.000,0,1,available,processing,2022-12-01T13:56:00.180298,2021-06-12T16:17:31.694,23,2,England,Premier League,27,2015/2016,1,Arsenal,male,,68,England,"[{'id': 577, 'name': 'Arsène Wenger', 'nickname': None, 'dob': '1949-10-22', 'country': {'id': 78, 'name': 'France'}}]",33,Chelsea,male,,68,England,"[{'id': 3608, 'name': 'Guus Hiddink', 'nickname': None, 'dob': '1946-11-08', 'country': {'id': 160, 'name': 'Netherlands'}}]",1.1.0,2,2,1,Regular Season,3,Emirates Stadium,68,England,728,Mark Clattenburg,68,England
3754114,2016-01-03,14:30:00.000,0,3,available,processing,2021-10-29T23:59:12.261999,2021-06-12T16:17:31.694,20,2,England,Premier League,27,2015/2016,31,Crystal Palace,male,,68,England,"[{'id': 382, 'name': 'Alan Pardew', 'nickname': None, 'dob': '1961-07-18', 'country': {'id': 68, 'name': 'England'}}]",33,Chelsea,male,,68,England,"[{'id': 3608, 'name': 'Guus Hiddink', 'nickname': None, 'dob': '1946-11-08', 'country': {'id': 160, 'name': 'Netherlands'}}]",1.1.0,2,2,1,Regular Season,37,Selhurst Park,68,England,12,Kevin Friend,68,England
3754116,2016-04-09,16:00:00.000,1,0,available,processing,2022-12-01T14:24:42.060729,2021-06-12T16:17:31.694,33,2,England,Premier League,27,2015/2016,26,Swansea City,male,,249,Wales,"[{'id': 3626, 'name': 'Francesco Guidolin', 'nickname': None, 'dob': '1955-10-03', 'country': {'id': 112, 'name': 'Italy'}}]",33,Chelsea,male,,68,England,"[{'id': 3608, 'name': 'Guus Hiddink', 'nickname': None, 'dob': '1946-11-08', 'country': {'id': 160, 'name': 'Netherlands'}}]",1.1.0,2,2,1,Regular Season,45,Swansea.com Stadium,249,Wales,5,Andre Marriner,68,England
3754118,2016-04-02,16:00:00.000,4,0,available,processing,2021-11-04T18:50:55.325548,2021-06-12T16:17:31.694,32,2,England,Premier League,27,2015/2016,1,Arsenal,male,,68,England,"[{'id': 577, 'name': 'Arsène Wenger', 'nickname': None, 'dob': '1949-10-22', 'country': {'id': 78, 'name': 'France'}}]",23,Watford,male,,68,England,"[{'id': 236, 'name': 'Enrique Sánchez Flores', 'nickname': 'Quique Sánchez Flores', 'dob': '1965-02-05', 'country': {'id': 214, 'name': 'Spain'}}]",1.1.0,2,2,1,Regular Season,3,Emirates Stadium,68,England,8,Anthony Taylor,68,England
3754120,2016-02-06,18:30:00.000,1,0,available,processing,2022-12-01T14:00:36.035278,2021-06-12T16:17:31.694,25,2,England,Premier League,27,2015/2016,25,Southampton,male,,68,England,"[{'id': 676, 'name': 'Ronald Koeman', 'nickname': None, 'dob': '1963-03-21', 'country': {'id': 160, 'name': 'Netherlands'}}]",40,West Ham United,male,,68,England,"[{'id': 150, 'name': 'Slaven Bilić', 'nickname': None, 'dob': '1968-09-11', 'country': {'id': 56, 'name': 'Croatia'}}]",1.1.0,2,2,1,Regular Season,4591,St. Mary''s Stadium,68,England,728,Mark Clattenburg,68,England
3754121,2016-02-27,16:00:00.000,0,0,available,processing,2022-12-01T14:05:17.161396,2021-06-12T16:17:31.694,27,2,England,Premier League,27,2015/2016,23,Watford,male,,68,England,"[{'id': 236, 'name': 'Enrique Sánchez Flores', 'nickname': 'Quique Sánchez Flores', 'dob': '1965-02-05', 'country': {'id': 214, 'name': 'Spain'}}]",28,AFC Bournemouth,male,,68,England,"[{'id': 38, 'name': 'Eddie Howe', 'nickname': None, 'dob': '1977-11-29', 'country': {'id': 68, 'name': 'England'}}]",1.1.0,2,2,1,Regular Season,4589,Vicarage Road,68,England,8,Anthony Taylor,68,England
3754122,2016-01-02,16:00:00.000,2,1,available,processing,2021-07-01T23:02:33.656,2021-06-12T16:17:31.694,20,2,England,Premier League,27,2015/2016,27,West Bromwich Albion,male,,68,England,"[{'id': 300, 'name': 'Tony Pulis', 'nickname': None, 'dob': '1958-01-16', 'country': {'id': 249, 'name': 'Wales'}}]",30,Stoke City,male,,68,England,"[{'id': 55, 'name': 'Mark Hughes', 'nickname': None, 'dob': '1963-11-01', 'country': {'id': 249, 'name': 'Wales'}}]",1.1.0,2,2,1,Regular Season,33,The Hawthorns,68,England,10,Lee Mason,68,England
3754123,2016-05-15,16:00:00.000,3,0,available,processing,2021-07-17T16:46:55.761,2021-06-12T16:17:31.694,38,2,England,Premier League,27,2015/2016,29,Everton,male,,68,England,"[{'id': 689, 'name': 'David Unsworth', 'nickname': None, 'dob': '1973-10-16', 'country': {'id': 68, 'name': 'England'}}]",56,Norwich City,male,,68,England,"[{'id': 41, 'name': 'Alex Neil', 'nickname': None, 'dob': '1981-06-09', 'country': {'id': 201, 'name': 'Scotland'}}]",1.1.0,2,2,1,Regular Season,12,Goodison Park,68,England,10,Lee Mason,68,England
3754124,2016-03-20,17:00:00.000,0,1,available,processing,2022-12-01T14:18:44.139036,2021-06-12T16:17:31.694,31,2,England,Premier League,27,2015/2016,36,Manchester City,male,,68,England,"[{'id': 733, 'name': 'Manuel Luis Pellegrini Ripamonti', 'nickname': 'Manuel Pellegrini', 'dob': '1953-09-16', 'country': {'id': 45, 'name': 'Chile'}}]",39,Manchester United,male,,68,England,"[{'id': 788, 'name': 'Louis van Gaal', 'nickname': None, 'dob': '1951-08-08', 'country': {'id': 160, 'name': 'Netherlands'}}]",1.1.0,2,2,1,Regular Season,4715,Etihad Stadium,68,England,1,Michael Oliver,68,England
3754125,2016-01-16,16:00:00.000,3,3,available,processing,2022-01-25T22:40:54.343920,2021-06-12T16:17:31.694,22,2,England,Premier League,27,2015/2016,33,Chelsea,male,,68,England,"[{'id': 3608, 'name': 'Guus Hiddink', 'nickname': None, 'dob': '1946-11-08', 'country': {'id': 160, 'name': 'Netherlands'}}]",29,Everton,male,,68,England,"[{'id': 263, 'name': 'Roberto Martínez Montoliú', 'nickname': 'Roberto Martínez', 'dob': '1973-07-13', 'country': {'id': 214, 'name': 'Spain'}}]",1.1.0,2,2,1,Regular Season,10,Stamford Bridge,68,England,14,Mike Jones,68,England
3754127,2016-02-06,16:00:00.000,0,3,available,processing,2021-10-30T01:19:43.981841,2021-06-12T16:17:31.694,25,2,England,Premier League,27,2015/2016,30,Stoke City,male,,68,England,"[{'id': 55, 'name': 'Mark Hughes', 'nickname': None, 'dob': '1963-11-01', 'country': {'id': 249, 'name': 'Wales'}}]",29,Everton,male,,68,England,"[{'id': 263, 'name': 'Roberto Martínez Montoliú', 'nickname': 'Roberto Martínez', 'dob': '1973-07-13', 'country': {'id': 214, 'name': 'Spain'}}]",1.1.0,2,2,1,Regular Season,29,bet365 Stadium,68,England,5,Andre Marriner,68,England
3754132,2016-04-30,16:00:00.000,1,1,available,processing,2021-07-06T18:13:15.148,2021-06-12T16:17:31.694,36,2,England,Premier League,27,2015/2016,30,Stoke City,male,,68,England,"[{'id': 55, 'name': 'Mark Hughes', 'nickname': None, 'dob': '1963-11-01', 'country': {'id': 249, 'name': 'Wales'}}]",41,Sunderland,male,,68,England,"[{'id': 561, 'name': 'Sam Allardyce', 'nickname': None, 'dob': '1954-10-19', 'country': {'id': 68, 'name': 'England'}}]",1.1.0,2,2,1,Regular Season,29,bet365 Stadium,68,England,2,Craig Pawson,68,England
3754134,2016-05-10,21:30:00.000,3,2,available,processing,2022-12-01T14:44:15.445809,2021-06-12T16:17:31.694,35,2,England,Premier League,27,2015/2016,40,West Ham United,male,,68,England,"[{'id': 150, 'name': 'Slaven Bilić', 'nickname': None, 'dob': '1968-09-11', 'country': {'id': 56, 'name': 'Croatia'}}]",39,Manchester United,male,,68,England,"[{'id': 788, 'name': 'Louis van Gaal', 'nickname': None, 'dob': '1951-08-08', 'country': {'id': 160, 'name': 'Netherlands'}}]",1.1.0,2,2,1,Regular Season,115324,Boleyn Ground,68,England,6,Mike Dean,68,England
3754137,2016-04-16,16:00:00.000,1,1,available,processing,2022-12-01T14:28:56.951318,2021-06-12T16:17:31.694,34,2,England,Premier League,27,2015/2016,29,Everton,male,,68,England,"[{'id': 263, 'name': 'Roberto Martínez Montoliú', 'nickname': 'Roberto Martínez', 'dob': '1973-07-13', 'country': {'id': 214, 'name': 'Spain'}}]",25,Southampton,male,,68,England,"[{'id': 676, 'name': 'Ronald Koeman', 'nickname': None, 'dob': '1963-03-21', 'country': {'id': 160, 'name': 'Netherlands'}}]",1.1.0,2,2,1,Regular Season,12,Goodison Park,68,England,2,Craig Pawson,68,England
3754139,2016-02-13,16:00:00.000,0,1,available,processing,2021-06-28T18:54:23.113,2021-06-12T16:17:31.694,26,2,England,Premier League,27,2015/2016,26,Swansea City,male,,249,Wales,"[{'id': 3626, 'name': 'Francesco Guidolin', 'nickname': None, 'dob': '1955-10-03', 'country': {'id': 112, 'name': 'Italy'}}]",25,Southampton,male,,68,England,"[{'id': 676, 'name': 'Ronald Koeman', 'nickname': None, 'dob': '1963-03-21', 'country': {'id': 160, 'name': 'Netherlands'}}]",1.1.0,2,2,1,Regular Season,45,Swansea.com Stadium,249,Wales,3,Jonathan Moss,68,England
3754140,2016-01-03,17:00:00.000,1,1,available,processing,2021-06-28T18:22:40.737,2021-06-12T16:17:31.694,20,2,England,Premier League,27,2015/2016,29,Everton,male,,68,England,"[{'id': 263, 'name': 'Roberto Martínez Montoliú', 'nickname': 'Roberto Martínez', 'dob': '1973-07-13', 'country': {'id': 214, 'name': 'Spain'}}]",38,Tottenham Hotspur,male,,68,England,"[{'id': 81, 'name': 'Mauricio Roberto Pochettino Trossero', 'nickname': 'Mauricio Pochettino', 'dob': '1972-03-02', 'country': {'id': 11, 'name': 'Argentina'}}]",1.1.0,2,2,1,Regular Season,12,Goodison Park,68,England,1,Michael Oliver,68,England
3754142,2016-01-13,20:45:00.000,0,0,available,processing,2021-06-28T18:27:47.760,2021-06-12T16:17:31.694,21,2,England,Premier League,27,2015/2016,36,Manchester City,male,,68,England,"[{'id': 733, 'name': 'Manuel Luis Pellegrini Ripamonti', 'nickname': 'Manuel Pellegrini', 'dob': '1953-09-16', 'country': {'id': 45, 'name': 'Chile'}}]",29,Everton,male,,68,England,"[{'id': 263, 'name': 'Roberto Martínez Montoliú', 'nickname': 'Roberto Martínez', 'dob': '1973-07-13', 'country': {'id': 214, 'name': 'Spain'}}]",1.1.0,2,2,1,Regular Season,4715,Etihad Stadium,68,England,13,Roger East,68,England
3754144,2016-04-02,16:00:00.000,0,4,available,processing,2021-08-07T22:18:05.796,2021-06-12T16:17:31.694,32,2,England,Premier League,27,2015/2016,28,AFC Bournemouth,male,,68,England,"[{'id': 38, 'name': 'Eddie Howe', 'nickname': None, 'dob': '1977-11-29', 'country': {'id': 68, 'name': 'England'}}]",36,Manchester City,male,,68,England,"[{'id': 733, 'name': 'Manuel Luis Pellegrini Ripamonti', 'nickname': 'Manuel Pellegrini', 'dob': '1953-09-16', 'country': {'id': 45, 'name': 'Chile'}}]",1.1.0,2,2,1,Regular Season,71,Vitality Stadium,68,England,9,Robert Madley,68,England
3754147,2016-02-14,17:15:00.000,1,2,available,processing,2022-12-01T14:03:30.297580,2021-06-12T16:17:31.694,26,2,England,Premier League,27,2015/2016,36,Manchester City,male,,68,England,"[{'id': 733, 'name': 'Manuel Luis Pellegrini Ripamonti', 'nickname': 'Manuel Pellegrini', 'dob': '1953-09-16', 'country': {'id': 45, 'name': 'Chile'}}]",38,Tottenham Hotspur,male,,68,England,"[{'id': 81, 'name': 'Mauricio Roberto Pochettino Trossero', 'nickname': 'Mauricio Pochettino', 'dob': '1972-03-02', 'country': {'id': 11, 'name': 'Argentina'}}]",1.1.0,2,2,1,Regular Season,4715,Etihad Stadium,68,England,728,Mark Clattenburg,68,England
3754149,2016-05-15,16:00:00.000,1,1,available,processing,2021-07-07T20:54:20.840,2021-06-12T16:17:31.694,38,2,England,Premier League,27,2015/2016,26,Swansea City,male,,249,Wales,"[{'id': 3626, 'name': 'Francesco Guidolin', 'nickname': None, 'dob': '1955-10-03', 'country': {'id': 112, 'name': 'Italy'}}]",36,Manchester City,male,,68,England,"[{'id': 733, 'name': 'Manuel Luis Pellegrini Ripamonti', 'nickname': 'Manuel Pellegrini', 'dob': '1953-09-16', 'country': {'id': 45, 'name': 'Chile'}}]",1.1.0,2,2,1,Regular Season,45,Swansea.com Stadium,249,Wales,6,Mike Dean,68,England
3754151,2016-03-05,16:00:00.000,1,0,available,processing,2021-07-03T18:20:04.122,2021-06-12T16:17:31.694,29,2,England,Premier League,27,2015/2016,26,Swansea City,male,,249,Wales,"[{'id': 4711, 'name': 'Alan Curtis', 'nickname': None, 'dob': '1954-04-16', 'country': {'id': 249, 'name': 'Wales'}}, {'id': 3626, 'name': 'Francesco Guidolin', 'nickname': None, 'dob': '1955-10-03', 'country': {'id': 112, 'name': 'Italy'}}]",56,Norwich City,male,,68,England,"[{'id': 41, 'name': 'Alex Neil', 'nickname': None, 'dob': '1981-06-09', 'country': {'id': 201, 'name': 'Scotland'}}]",1.1.0,2,2,1,Regular Season,45,Swansea.com Stadium,249,Wales,2,Craig Pawson,68,England
3754152,2016-04-10,14:30:00.000,0,2,available,processing,2021-07-07T16:52:23.456,2021-06-12T16:17:31.694,33,2,England,Premier League,27,2015/2016,41,Sunderland,male,,68,England,"[{'id': 561, 'name': 'Sam Allardyce', 'nickname': None, 'dob': '1954-10-19', 'country': {'id': 68, 'name': 'England'}}]",22,Leicester City,male,,68,England,"[{'id': 60, 'name': 'Claudio Ranieri', 'nickname': None, 'dob': '1951-10-20', 'country': {'id': 112, 'name': 'Italy'}}]",1.1.0,2,2,1,Regular Season,210,Stadium of Light,68,England,8,Anthony Taylor,68,England
3754154,2016-04-23,16:00:00.000,2,2,available,processing,2022-12-01T14:31:38.980516,2021-06-12T16:17:31.694,35,2,England,Premier League,27,2015/2016,24,Liverpool,male,,68,England,"[{'id': 94, 'name': 'Jürgen Klopp', 'nickname': None, 'dob': '1967-06-16', 'country': {'id': 85, 'name': 'Germany'}}]",37,Newcastle United,male,,68,England,"[{'id': 148, 'name': 'Rafael Benítez Maudes', 'nickname': 'Rafael Benítez', 'dob': '1960-04-16', 'country': {'id': 214, 'name': 'Spain'}}]",1.1.0,2,2,1,Regular Season,6,Anfield ,68,England,5,Andre Marriner,68,England
3754155,2016-04-16,16:00:00.000,0,1,available,processing,2021-07-09T13:25:58.712,2021-06-12T16:17:31.694,34,2,England,Premier League,27,2015/2016,27,West Bromwich Albion,male,,68,England,"[{'id': 300, 'name': 'Tony Pulis', 'nickname': None, 'dob': '1958-01-16', 'country': {'id': 249, 'name': 'Wales'}}]",23,Watford,male,,68,England,"[{'id': 236, 'name': 'Enrique Sánchez Flores', 'nickname': 'Quique Sánchez Flores', 'dob': '1965-02-05', 'country': {'id': 214, 'name': 'Spain'}}]",1.1.0,2,2,1,Regular Season,33,The Hawthorns,68,England,1,Michael Oliver,68,England
3754158,2016-05-07,16:00:00.000,1,4,available,processing,2022-12-01T14:41:02.956521,2021-06-12T16:17:31.694,37,2,England,Premier League,27,2015/2016,40,West Ham United,male,,68,England,"[{'id': 150, 'name': 'Slaven Bilić', 'nickname': None, 'dob': '1968-09-11', 'country': {'id': 56, 'name': 'Croatia'}}]",26,Swansea City,male,,249,Wales,"[{'id': 3626, 'name': 'Francesco Guidolin', 'nickname': None, 'dob': '1955-10-03', 'country': {'id': 112, 'name': 'Italy'}}]",1.1.0,2,2,1,Regular Season,115324,Boleyn Ground,68,England,1,Michael Oliver,68,England
3754159,2016-05-17,21:00:00.000,3,1,available,processing,2021-07-09T13:36:42.171,2021-06-12T16:17:31.694,38,2,England,Premier League,27,2015/2016,39,Manchester United,male,,68,England,"[{'id': 788, 'name': 'Louis van Gaal', 'nickname': None, 'dob': '1951-08-08', 'country': {'id': 160, 'name': 'Netherlands'}}]",28,AFC Bournemouth,male,,68,England,"[{'id': 38, 'name': 'Eddie Howe', 'nickname': None, 'dob': '1977-11-29', 'country': {'id': 68, 'name': 'England'}}]",1.1.0,2,2,1,Regular Season,2,Old Trafford,68,England,3,Jonathan Moss,68,England
3754161,2016-01-18,21:00:00.000,1,0,available,processing,2021-07-05T22:39:42.057,2021-06-12T16:17:31.694,22,2,England,Premier League,27,2015/2016,26,Swansea City,male,,249,Wales,"[{'id': 4711, 'name': 'Alan Curtis', 'nickname': None, 'dob': '1954-04-16', 'country': {'id': 249, 'name': 'Wales'}}]",23,Watford,male,,68,England,"[{'id': 236, 'name': 'Enrique Sánchez Flores', 'nickname': 'Quique Sánchez Flores', 'dob': '1965-02-05', 'country': {'id': 214, 'name': 'Spain'}}]",1.1.0,2,2,1,Regular Season,45,Swansea.com Stadium,249,Wales,1,Michael Oliver,68,England
3754163,2016-01-24,14:30:00.000,1,2,available,processing,2021-07-02T14:21:36.141,2021-06-12T16:17:31.694,23,2,England,Premier League,27,2015/2016,29,Everton,male,,68,England,"[{'id': 263, 'name': 'Roberto Martínez Montoliú', 'nickname': 'Roberto Martínez', 'dob': '1973-07-13', 'country': {'id': 214, 'name': 'Spain'}}]",26,Swansea City,male,,249,Wales,"[{'id': 3626, 'name': 'Francesco Guidolin', 'nickname': None, 'dob': '1955-10-03', 'country': {'id': 112, 'name': 'Italy'}}]",1.1.0,2,2,1,Regular Season,12,Goodison Park,68,England,8,Anthony Taylor,68,England
3754164,2016-03-05,16:00:00.000,1,1,available,processing,2022-12-01T14:12:25.415727,2021-06-12T16:17:31.694,29,2,England,Premier League,27,2015/2016,25,Southampton,male,,68,England,"[{'id': 676, 'name': 'Ronald Koeman', 'nickname': None, 'dob': '1963-03-21', 'country': {'id': 160, 'name': 'Netherlands'}}]",41,Sunderland,male,,68,England,"[{'id': 561, 'name': 'Sam Allardyce', 'nickname': None, 'dob': '1954-10-19', 'country': {'id': 68, 'name': 'England'}}]",1.1.0,2,2,1,Regular Season,4591,St. Mary''s Stadium,68,England,7,Neil Swarbrick,68,England
3754165,2016-05-01,15:05:00.000,1,1,available,processing,2022-12-01T14:35:51.285503,2021-06-12T16:17:31.694,36,2,England,Premier League,27,2015/2016,39,Manchester United,male,,68,England,"[{'id': 788, 'name': 'Louis van Gaal', 'nickname': None, 'dob': '1951-08-08', 'country': {'id': 160, 'name': 'Netherlands'}}]",22,Leicester City,male,,68,England,"[{'id': 60, 'name': 'Claudio Ranieri', 'nickname': None, 'dob': '1951-10-20', 'country': {'id': 112, 'name': 'Italy'}}]",1.1.0,2,2,1,Regular Season,2,Old Trafford,68,England,1,Michael Oliver,68,England
3754168,2016-01-16,16:00:00.000,3,0,available,processing,2021-08-09T22:43:01.292,2021-06-12T16:17:31.694,22,2,England,Premier League,27,2015/2016,25,Southampton,male,,68,England,"[{'id': 676, 'name': 'Ronald Koeman', 'nickname': None, 'dob': '1963-03-21', 'country': {'id': 160, 'name': 'Netherlands'}}]",27,West Bromwich Albion,male,,68,England,"[{'id': 300, 'name': 'Tony Pulis', 'nickname': None, 'dob': '1958-01-16', 'country': {'id': 249, 'name': 'Wales'}}]",1.1.0,2,2,1,Regular Season,4591,St. Mary''s Stadium,68,England,4,Martin Atkinson,68,England
3754170,2016-04-30,16:00:00.000,1,0,available,processing,2022-12-01T14:34:39.959477,2021-06-12T16:17:31.694,36,2,England,Premier League,27,2015/2016,37,Newcastle United,male,,68,England,"[{'id': 148, 'name': 'Rafael Benítez Maudes', 'nickname': 'Rafael Benítez', 'dob': '1960-04-16', 'country': {'id': 214, 'name': 'Spain'}}]",31,Crystal Palace,male,,68,England,"[{'id': 382, 'name': 'Alan Pardew', 'nickname': None, 'dob': '1961-07-18', 'country': {'id': 68, 'name': 'England'}}]",1.1.0,2,2,1,Regular Season,4674,St. James'' Park,68,England,6,Mike Dean,68,England
3754172,2016-04-16,13:45:00.000,0,3,available,processing,2022-12-01T14:27:17.645361,2021-06-12T16:17:31.694,34,2,England,Premier League,27,2015/2016,56,Norwich City,male,,68,England,"[{'id': 41, 'name': 'Alex Neil', 'nickname': None, 'dob': '1981-06-09', 'country': {'id': 201, 'name': 'Scotland'}}]",41,Sunderland,male,,68,England,"[{'id': 561, 'name': 'Sam Allardyce', 'nickname': None, 'dob': '1954-10-19', 'country': {'id': 68, 'name': 'England'}}]",1.1.0,2,2,1,Regular Season,220,Carrow Road,68,England,5,Andre Marriner,68,England
3754176,2016-04-02,16:00:00.000,2,2,available,processing,2021-07-06T17:54:57.266,2021-06-12T16:17:31.694,32,2,England,Premier League,27,2015/2016,40,West Ham United,male,,68,England,"[{'id': 150, 'name': 'Slaven Bilić', 'nickname': None, 'dob': '1968-09-11', 'country': {'id': 56, 'name': 'Croatia'}}]",31,Crystal Palace,male,,68,England,"[{'id': 382, 'name': 'Alan Pardew', 'nickname': None, 'dob': '1961-07-18', 'country': {'id': 68, 'name': 'England'}}]",1.1.0,2,2,1,Regular Season,115324,Boleyn Ground,68,England,728,Mark Clattenburg,68,England
3754177,2016-03-05,16:00:00.000,1,3,available,processing,2021-07-06T17:28:23.213,2021-06-12T16:17:31.694,29,2,England,Premier League,27,2015/2016,37,Newcastle United,male,,68,England,"[{'id': 40, 'name': 'Steve McClaren', 'nickname': None, 'dob': '1961-05-03', 'country': {'id': 68, 'name': 'England'}}]",28,AFC Bournemouth,male,,68,England,"[{'id': 38, 'name': 'Eddie Howe', 'nickname': None, 'dob': '1977-11-29', 'country': {'id': 68, 'name': 'England'}}]",1.1.0,2,2,1,Regular Season,4674,St. James'' Park,68,England,17,Paul Tierney,68,England
3754179,2016-01-23,16:00:00.000,1,3,available,processing,2021-07-19T13:57:03.962,2021-06-12T16:17:31.694,23,2,England,Premier League,27,2015/2016,31,Crystal Palace,male,,68,England,"[{'id': 382, 'name': 'Alan Pardew', 'nickname': None, 'dob': '1961-07-18', 'country': {'id': 68, 'name': 'England'}}]",38,Tottenham Hotspur,male,,68,England,"[{'id': 81, 'name': 'Mauricio Roberto Pochettino Trossero', 'nickname': 'Mauricio Pochettino', 'dob': '1972-03-02', 'country': {'id': 11, 'name': 'Argentina'}}]",1.1.0,2,2,1,Regular Season,37,Selhurst Park,68,England,4,Martin Atkinson,68,England
3754181,2016-03-19,16:00:00.000,0,1,available,processing,2021-11-04T18:28:57.094753,2021-06-12T16:17:31.694,31,2,England,Premier League,27,2015/2016,31,Crystal Palace,male,,68,England,"[{'id': 382, 'name': 'Alan Pardew', 'nickname': None, 'dob': '1961-07-18', 'country': {'id': 68, 'name': 'England'}}]",22,Leicester City,male,,68,England,"[{'id': 60, 'name': 'Claudio Ranieri', 'nickname': None, 'dob': '1951-10-20', 'country': {'id': 112, 'name': 'Italy'}}]",1.1.0,2,2,1,Regular Season,37,Selhurst Park,68,England,14,Mike Jones,68,England
3754183,2016-01-13,20:45:00.000,2,0,available,processing,2021-10-30T00:20:51.500167,2021-06-12T16:17:31.694,21,2,England,Premier League,27,2015/2016,25,Southampton,male,,68,England,"[{'id': 676, 'name': 'Ronald Koeman', 'nickname': None, 'dob': '1963-03-21', 'country': {'id': 160, 'name': 'Netherlands'}}]",23,Watford,male,,68,England,"[{'id': 236, 'name': 'Enrique Sánchez Flores', 'nickname': 'Quique Sánchez Flores', 'dob': '1965-02-05', 'country': {'id': 214, 'name': 'Spain'}}]",1.1.0,2,2,1,Regular Season,4591,St. Mary''s Stadium,68,England,2,Craig Pawson,68,England
3754184,2016-04-30,18:30:00.000,1,0,available,processing,2021-07-07T17:52:58.742,2021-06-12T16:17:31.694,36,2,England,Premier League,27,2015/2016,1,Arsenal,male,,68,England,"[{'id': 577, 'name': 'Arsène Wenger', 'nickname': None, 'dob': '1949-10-22', 'country': {'id': 78, 'name': 'France'}}]",56,Norwich City,male,,68,England,"[{'id': 41, 'name': 'Alex Neil', 'nickname': None, 'dob': '1981-06-09', 'country': {'id': 201, 'name': 'Scotland'}}]",1.1.0,2,2,1,Regular Season,3,Emirates Stadium,68,England,14,Mike Jones,68,England
3754187,2016-04-18,21:00:00.000,0,4,available,processing,2022-12-01T14:30:35.994587,2021-06-12T16:17:31.694,34,2,England,Premier League,27,2015/2016,30,Stoke City,male,,68,England,"[{'id': 55, 'name': 'Mark Hughes', 'nickname': None, 'dob': '1963-11-01', 'country': {'id': 249, 'name': 'Wales'}}]",38,Tottenham Hotspur,male,,68,England,"[{'id': 81, 'name': 'Mauricio Roberto Pochettino Trossero', 'nickname': 'Mauricio Pochettino', 'dob': '1972-03-02', 'country': {'id': 11, 'name': 'Argentina'}}]",1.1.0,2,2,1,Regular Season,29,bet365 Stadium,68,England,7,Neil Swarbrick,68,England
3754191,2015-11-01,17:00:00.000,2,0,available,processing,2021-07-31T22:15:01.396,2021-06-12T16:17:31.694,11,2,England,Premier League,27,2015/2016,25,Southampton,male,,68,England,"[{'id': 676, 'name': 'Ronald Koeman', 'nickname': None, 'dob': '1963-03-21', 'country': {'id': 160, 'name': 'Netherlands'}}]",28,AFC Bournemouth,male,,68,England,"[{'id': 38, 'name': 'Eddie Howe', 'nickname': None, 'dob': '1977-11-29', 'country': {'id': 68, 'name': 'England'}}]",1.1.0,2,2,1,Regular Season,4591,St. Mary''s Stadium,68,England,2,Craig Pawson,68,England
3754192,2016-04-30,16:00:00.000,0,3,available,processing,2021-07-12T14:46:12.472,2021-06-12T16:17:31.694,36,2,England,Premier League,27,2015/2016,27,West Bromwich Albion,male,,68,England,"[{'id': 300, 'name': 'Tony Pulis', 'nickname': None, 'dob': '1958-01-16', 'country': {'id': 249, 'name': 'Wales'}}]",40,West Ham United,male,,68,England,"[{'id': 150, 'name': 'Slaven Bilić', 'nickname': None, 'dob': '1968-09-11', 'country': {'id': 56, 'name': 'Croatia'}}]",1.1.0,2,2,1,Regular Season,33,The Hawthorns,68,England,10,Lee Mason,68,England
3754195,2015-12-28,16:00:00.000,1,0,available,processing,2022-12-01T13:48:07.744301,2021-06-12T16:17:31.694,19,2,England,Premier League,27,2015/2016,27,West Bromwich Albion,male,,68,England,"[{'id': 300, 'name': 'Tony Pulis', 'nickname': None, 'dob': '1958-01-16', 'country': {'id': 249, 'name': 'Wales'}}]",37,Newcastle United,male,,68,England,"[{'id': 40, 'name': 'Steve McClaren', 'nickname': None, 'dob': '1961-05-03', 'country': {'id': 68, 'name': 'England'}}]",1.1.0,2,2,1,Regular Season,33,The Hawthorns,68,England,14,Mike Jones,68,England
3754196,2016-03-12,16:00:00.000,1,2,available,processing,2021-08-03T21:27:39.371,2021-06-12T16:17:31.694,30,2,England,Premier League,27,2015/2016,30,Stoke City,male,,68,England,"[{'id': 55, 'name': 'Mark Hughes', 'nickname': None, 'dob': '1963-11-01', 'country': {'id': 249, 'name': 'Wales'}}]",25,Southampton,male,,68,England,"[{'id': 676, 'name': 'Ronald Koeman', 'nickname': None, 'dob': '1963-03-21', 'country': {'id': 160, 'name': 'Netherlands'}}]",1.1.0,2,2,1,Regular Season,29,bet365 Stadium,68,England,10,Lee Mason,68,England
3754199,2016-05-15,16:00:00.000,2,1,available,processing,2021-07-06T18:36:00.746,2021-06-12T16:17:31.694,38,2,England,Premier League,27,2015/2016,30,Stoke City,male,,68,England,"[{'id': 55, 'name': 'Mark Hughes', 'nickname': None, 'dob': '1963-11-01', 'country': {'id': 249, 'name': 'Wales'}}]",40,West Ham United,male,,68,England,"[{'id': 150, 'name': 'Slaven Bilić', 'nickname': None, 'dob': '1968-09-11', 'country': {'id': 56, 'name': 'Croatia'}}]",1.1.0,2,2,1,Regular Season,29,bet365 Stadium,68,England,14,Mike Jones,68,England
3754200,2016-01-23,16:00:00.000,0,1,available,processing,2021-07-07T20:46:36.279,2021-06-12T16:17:31.694,23,2,England,Premier League,27,2015/2016,39,Manchester United,male,,68,England,"[{'id': 788, 'name': 'Louis van Gaal', 'nickname': None, 'dob': '1951-08-08', 'country': {'id': 160, 'name': 'Netherlands'}}]",25,Southampton,male,,68,England,"[{'id': 676, 'name': 'Ronald Koeman', 'nickname': None, 'dob': '1963-03-21', 'country': {'id': 160, 'name': 'Netherlands'}}]",1.1.0,2,2,1,Regular Season,2,Old Trafford,68,England,14,Mike Jones,68,England
3754201,2016-02-02,20:45:00.000,0,0,available,processing,2022-12-01T13:58:52.638857,2021-06-12T16:17:31.694,24,2,England,Premier League,27,2015/2016,1,Arsenal,male,,68,England,"[{'id': 577, 'name': 'Arsène Wenger', 'nickname': None, 'dob': '1949-10-22', 'country': {'id': 78, 'name': 'France'}}]",25,Southampton,male,,68,England,"[{'id': 676, 'name': 'Ronald Koeman', 'nickname': None, 'dob': '1963-03-21', 'country': {'id': 160, 'name': 'Netherlands'}}]",1.1.0,2,2,1,Regular Season,3,Emirates Stadium,68,England,10,Lee Mason,68,England
3754202,2016-01-17,17:15:00.000,0,0,available,processing,2021-10-30T00:56:42.687591,2021-06-12T16:17:31.694,22,2,England,Premier League,27,2015/2016,30,Stoke City,male,,68,England,"[{'id': 55, 'name': 'Mark Hughes', 'nickname': None, 'dob': '1963-11-01', 'country': {'id': 249, 'name': 'Wales'}}]",1,Arsenal,male,,68,England,"[{'id': 577, 'name': 'Arsène Wenger', 'nickname': None, 'dob': '1949-10-22', 'country': {'id': 78, 'name': 'France'}}]",1.1.0,2,2,1,Regular Season,29,bet365 Stadium,68,England,2,Craig Pawson,68,England
3754206,2016-04-19,20:45:00.000,1,1,available,processing,2021-07-03T18:41:18.649,2021-06-12T16:17:31.694,27,2,England,Premier League,27,2015/2016,37,Newcastle United,male,,68,England,"[{'id': 148, 'name': 'Rafael Benítez Maudes', 'nickname': 'Rafael Benítez', 'dob': '1960-04-16', 'country': {'id': 214, 'name': 'Spain'}}]",36,Manchester City,male,,68,England,"[{'id': 733, 'name': 'Manuel Luis Pellegrini Ripamonti', 'nickname': 'Manuel Pellegrini', 'dob': '1953-09-16', 'country': {'id': 45, 'name': 'Chile'}}]",1.1.0,2,2,1,Regular Season,4674,St. James'' Park,68,England,12,Kevin Friend,68,England
3754207,2016-05-11,20:45:00.000,4,2,available,processing,2022-12-01T14:46:48.744617,2021-06-12T16:17:31.694,35,2,England,Premier League,27,2015/2016,56,Norwich City,male,,68,England,"[{'id': 41, 'name': 'Alex Neil', 'nickname': None, 'dob': '1981-06-09', 'country': {'id': 201, 'name': 'Scotland'}}]",23,Watford,male,,68,England,"[{'id': 236, 'name': 'Enrique Sánchez Flores', 'nickname': 'Quique Sánchez Flores', 'dob': '1965-02-05', 'country': {'id': 214, 'name': 'Spain'}}]",1.1.0,2,2,1,Regular Season,220,Carrow Road,68,England,13,Roger East,68,England
3754209,2016-04-10,17:30:00.000,3,0,available,processing,2022-12-01T14:26:32.952942,2021-06-12T16:17:31.694,33,2,England,Premier League,27,2015/2016,38,Tottenham Hotspur,male,,68,England,"[{'id': 81, 'name': 'Mauricio Roberto Pochettino Trossero', 'nickname': 'Mauricio Pochettino', 'dob': '1972-03-02', 'country': {'id': 11, 'name': 'Argentina'}}]",39,Manchester United,male,,68,England,"[{'id': 788, 'name': 'Louis van Gaal', 'nickname': None, 'dob': '1951-08-08', 'country': {'id': 160, 'name': 'Netherlands'}}]",1.1.0,2,2,1,Regular Season,99148,White Hart Lane,68,England,6,Mike Dean,68,England
3754210,2016-05-07,13:45:00.000,0,1,available,processing,2022-12-01T14:39:42.970717,2021-06-12T16:17:31.694,37,2,England,Premier League,27,2015/2016,56,Norwich City,male,,68,England,"[{'id': 41, 'name': 'Alex Neil', 'nickname': None, 'dob': '1981-06-09', 'country': {'id': 201, 'name': 'Scotland'}}]",39,Manchester United,male,,68,England,"[{'id': 788, 'name': 'Louis van Gaal', 'nickname': None, 'dob': '1951-08-08', 'country': {'id': 160, 'name': 'Netherlands'}}]",1.1.0,2,2,1,Regular Season,220,Carrow Road,68,England,2,Craig Pawson,68,England
3754214,2016-02-14,15:05:00.000,0,6,available,processing,2021-07-04T23:01:15.729,2021-06-12T16:17:31.694,26,2,England,Premier League,27,2015/2016,59,Aston Villa,male,,68,England,"[{'id': 92, 'name': 'Rémi Garde', 'nickname': None, 'dob': '1966-04-03', 'country': {'id': 78, 'name': 'France'}}]",24,Liverpool,male,,68,England,"[{'id': 94, 'name': 'Jürgen Klopp', 'nickname': None, 'dob': '1967-06-16', 'country': {'id': 85, 'name': 'Germany'}}]",1.1.0,2,2,1,Regular Season,211,Villa Park,68,England,7,Neil Swarbrick,68,England
3754215,2015-12-05,16:00:00.000,1,1,available,processing,2021-06-29T14:46:55.188,2021-06-12T16:17:31.694,15,2,England,Premier League,27,2015/2016,27,West Bromwich Albion,male,,68,England,"[{'id': 300, 'name': 'Tony Pulis', 'nickname': None, 'dob': '1958-01-16', 'country': {'id': 249, 'name': 'Wales'}}]",38,Tottenham Hotspur,male,,68,England,"[{'id': 81, 'name': 'Mauricio Roberto Pochettino Trossero', 'nickname': 'Mauricio Pochettino', 'dob': '1972-03-02', 'country': {'id': 11, 'name': 'Argentina'}}]",1.1.0,2,2,1,Regular Season,33,The Hawthorns,68,England,3,Jonathan Moss,68,England
3754216,2016-04-17,14:30:00.000,1,2,available,processing,2021-07-06T18:05:19.870,2021-06-12T16:17:31.694,34,2,England,Premier League,27,2015/2016,28,AFC Bournemouth,male,,68,England,"[{'id': 38, 'name': 'Eddie Howe', 'nickname': None, 'dob': '1977-11-29', 'country': {'id': 68, 'name': 'England'}}]",24,Liverpool,male,,68,England,"[{'id': 94, 'name': 'Jürgen Klopp', 'nickname': None, 'dob': '1967-06-16', 'country': {'id': 85, 'name': 'Germany'}}]",1.1.0,2,2,1,Regular Season,71,Vitality Stadium,68,England,14,Mike Jones,68,England
3754220,2016-03-06,14:30:00.000,1,2,available,processing,2021-07-06T17:34:16.199,2021-06-12T16:17:31.694,29,2,England,Premier League,27,2015/2016,31,Crystal Palace,male,,68,England,"[{'id': 382, 'name': 'Alan Pardew', 'nickname': None, 'dob': '1961-07-18', 'country': {'id': 68, 'name': 'England'}}]",24,Liverpool,male,,68,England,"[{'id': 94, 'name': 'Jürgen Klopp', 'nickname': None, 'dob': '1967-06-16', 'country': {'id': 85, 'name': 'Germany'}}]",1.1.0,2,2,1,Regular Season,37,Selhurst Park,68,England,5,Andre Marriner,68,England
3754224,2016-03-19,18:30:00.000,1,0,available,processing,2022-12-01T14:17:01.162728,2021-06-12T16:17:31.694,31,2,England,Premier League,27,2015/2016,26,Swansea City,male,,249,Wales,"[{'id': 3626, 'name': 'Francesco Guidolin', 'nickname': None, 'dob': '1955-10-03', 'country': {'id': 112, 'name': 'Italy'}}]",59,Aston Villa,male,,68,England,"[{'id': 92, 'name': 'Rémi Garde', 'nickname': None, 'dob': '1966-04-03', 'country': {'id': 78, 'name': 'France'}}]",1.1.0,2,2,1,Regular Season,45,Swansea.com Stadium,249,Wales,6,Mike Dean,68,England
3754225,2016-05-07,16:00:00.000,1,1,available,processing,2021-07-07T18:19:00.023,2021-06-12T16:17:31.694,37,2,England,Premier League,27,2015/2016,28,AFC Bournemouth,male,,68,England,"[{'id': 38, 'name': 'Eddie Howe', 'nickname': None, 'dob': '1977-11-29', 'country': {'id': 68, 'name': 'England'}}]",27,West Bromwich Albion,male,,68,England,"[{'id': 300, 'name': 'Tony Pulis', 'nickname': None, 'dob': '1958-01-16', 'country': {'id': 249, 'name': 'Wales'}}]",1.1.0,2,2,1,Regular Season,71,Vitality Stadium,68,England,728,Mark Clattenburg,68,England
3754227,2016-04-17,14:30:00.000,2,2,available,processing,2022-12-01T14:29:41.188432,2021-06-12T16:17:31.694,34,2,England,Premier League,27,2015/2016,22,Leicester City,male,,68,England,"[{'id': 60, 'name': 'Claudio Ranieri', 'nickname': None, 'dob': '1951-10-20', 'country': {'id': 112, 'name': 'Italy'}}]",40,West Ham United,male,,68,England,"[{'id': 150, 'name': 'Slaven Bilić', 'nickname': None, 'dob': '1968-09-11', 'country': {'id': 56, 'name': 'Croatia'}}]",1.1.0,2,2,1,Regular Season,20,King Power Stadium ,68,England,3,Jonathan Moss,68,England
3754228,2016-04-24,17:15:00.000,4,0,available,processing,2021-11-04T19:07:31.882702,2021-06-12T16:17:31.694,35,2,England,Premier League,27,2015/2016,22,Leicester City,male,,68,England,"[{'id': 60, 'name': 'Claudio Ranieri', 'nickname': None, 'dob': '1951-10-20', 'country': {'id': 112, 'name': 'Italy'}}]",26,Swansea City,male,,249,Wales,"[{'id': 3626, 'name': 'Francesco Guidolin', 'nickname': None, 'dob': '1955-10-03', 'country': {'id': 112, 'name': 'Italy'}}]",1.1.0,2,2,1,Regular Season,20,King Power Stadium ,68,England,728,Mark Clattenburg,68,England
3754229,2016-05-15,16:00:00.000,1,1,available,processing,2021-07-08T21:30:34.319,2021-06-12T16:17:31.694,38,2,England,Premier League,27,2015/2016,33,Chelsea,male,,68,England,"[{'id': 3608, 'name': 'Guus Hiddink', 'nickname': None, 'dob': '1946-11-08', 'country': {'id': 160, 'name': 'Netherlands'}}]",22,Leicester City,male,,68,England,"[{'id': 60, 'name': 'Claudio Ranieri', 'nickname': None, 'dob': '1951-10-20', 'country': {'id': 112, 'name': 'Italy'}}]",1.1.0,2,2,1,Regular Season,10,Stamford Bridge,68,England,2,Craig Pawson,68,England
3754231,2016-03-01,20:45:00.000,2,2,available,processing,2021-07-02T15:01:44.084,2021-06-12T16:17:31.694,28,2,England,Premier League,27,2015/2016,22,Leicester City,male,,68,England,"[{'id': 60, 'name': 'Claudio Ranieri', 'nickname': None, 'dob': '1951-10-20', 'country': {'id': 112, 'name': 'Italy'}}]",27,West Bromwich Albion,male,,68,England,"[{'id': 300, 'name': 'Tony Pulis', 'nickname': None, 'dob': '1958-01-16', 'country': {'id': 249, 'name': 'Wales'}}]",1.1.0,2,2,1,Regular Season,20,King Power Stadium ,68,England,728,Mark Clattenburg,68,England
3754232,2016-03-02,21:00:00.000,1,0,available,processing,2022-12-01T14:11:32.381247,2021-06-12T16:17:31.694,28,2,England,Premier League,27,2015/2016,39,Manchester United,male,,68,England,"[{'id': 788, 'name': 'Louis van Gaal', 'nickname': None, 'dob': '1951-08-08', 'country': {'id': 160, 'name': 'Netherlands'}}]",23,Watford,male,,68,England,"[{'id': 236, 'name': 'Enrique Sánchez Flores', 'nickname': 'Quique Sánchez Flores', 'dob': '1965-02-05', 'country': {'id': 214, 'name': 'Spain'}}]",1.1.0,2,2,1,Regular Season,2,Old Trafford,68,England,14,Mike Jones,68,England
3754236,2016-02-27,18:30:00.000,3,2,available,processing,2021-06-28T22:07:27.231,2021-06-12T16:17:31.694,27,2,England,Premier League,27,2015/2016,27,West Bromwich Albion,male,,68,England,"[{'id': 300, 'name': 'Tony Pulis', 'nickname': None, 'dob': '1958-01-16', 'country': {'id': 249, 'name': 'Wales'}}]",31,Crystal Palace,male,,68,England,"[{'id': 382, 'name': 'Alan Pardew', 'nickname': None, 'dob': '1961-07-18', 'country': {'id': 68, 'name': 'England'}}]",1.1.0,2,2,1,Regular Season,33,The Hawthorns,68,England,3,Jonathan Moss,68,England
3754239,2016-02-28,15:05:00.000,3,2,available,processing,2021-07-16T16:57:27.853,2021-06-12T16:17:31.694,27,2,England,Premier League,27,2015/2016,39,Manchester United,male,,68,England,"[{'id': 788, 'name': 'Louis van Gaal', 'nickname': None, 'dob': '1951-08-08', 'country': {'id': 160, 'name': 'Netherlands'}}]",1,Arsenal,male,,68,England,"[{'id': 577, 'name': 'Arsène Wenger', 'nickname': None, 'dob': '1949-10-22', 'country': {'id': 78, 'name': 'France'}}]",1.1.0,2,2,1,Regular Season,2,Old Trafford,68,England,2,Craig Pawson,68,England
3754241,2016-04-09,13:45:00.000,3,3,available,processing,2022-12-01T14:22:15.541147,2021-06-12T16:17:31.694,33,2,England,Premier League,27,2015/2016,40,West Ham United,male,,68,England,"[{'id': 150, 'name': 'Slaven Bilić', 'nickname': None, 'dob': '1968-09-11', 'country': {'id': 56, 'name': 'Croatia'}}]",1,Arsenal,male,,68,England,"[{'id': 577, 'name': 'Arsène Wenger', 'nickname': None, 'dob': '1949-10-22', 'country': {'id': 78, 'name': 'France'}}]",1.1.0,2,2,1,Regular Season,115324,Boleyn Ground,68,England,2,Craig Pawson,68,England
3754242,2016-04-23,16:00:00.000,1,4,available,processing,2021-07-27T18:18:56.222,2021-06-12T16:17:31.694,35,2,England,Premier League,27,2015/2016,28,AFC Bournemouth,male,,68,England,"[{'id': 38, 'name': 'Eddie Howe', 'nickname': None, 'dob': '1977-11-29', 'country': {'id': 68, 'name': 'England'}}]",33,Chelsea,male,,68,England,"[{'id': 3608, 'name': 'Guus Hiddink', 'nickname': None, 'dob': '1946-11-08', 'country': {'id': 160, 'name': 'Netherlands'}}]",1.1.0,2,2,1,Regular Season,71,Vitality Stadium,68,England,13,Roger East,68,England
3754243,2016-04-02,16:00:00.000,3,2,available,processing,2021-07-06T17:57:18.472,2021-06-12T16:17:31.694,32,2,England,Premier League,27,2015/2016,56,Norwich City,male,,68,England,"[{'id': 41, 'name': 'Alex Neil', 'nickname': None, 'dob': '1981-06-09', 'country': {'id': 201, 'name': 'Scotland'}}]",37,Newcastle United,male,,68,England,"[{'id': 148, 'name': 'Rafael Benítez Maudes', 'nickname': 'Rafael Benítez', 'dob': '1960-04-16', 'country': {'id': 214, 'name': 'Spain'}}]",1.1.0,2,2,1,Regular Season,220,Carrow Road,68,England,6,Mike Dean,68,England
3754244,2016-02-13,16:00:00.000,2,2,available,processing,2021-06-29T20:21:18.721,2021-06-12T16:17:31.694,26,2,England,Premier League,27,2015/2016,56,Norwich City,male,,68,England,"[{'id': 41, 'name': 'Alex Neil', 'nickname': None, 'dob': '1981-06-09', 'country': {'id': 201, 'name': 'Scotland'}}]",40,West Ham United,male,,68,England,"[{'id': 150, 'name': 'Slaven Bilić', 'nickname': None, 'dob': '1968-09-11', 'country': {'id': 56, 'name': 'Croatia'}}]",1.1.0,2,2,1,Regular Season,220,Carrow Road,68,England,14,Mike Jones,68,England
3754249,2016-03-05,16:00:00.000,4,0,available,processing,2021-07-06T17:16:19.798,2021-06-12T16:17:31.694,29,2,England,Premier League,27,2015/2016,36,Manchester City,male,,68,England,"[{'id': 733, 'name': 'Manuel Luis Pellegrini Ripamonti', 'nickname': 'Manuel Pellegrini', 'dob': '1953-09-16', 'country': {'id': 45, 'name': 'Chile'}}]",59,Aston Villa,male,,68,England,"[{'id': 92, 'name': 'Rémi Garde', 'nickname': None, 'dob': '1966-04-03', 'country': {'id': 78, 'name': 'France'}}]",1.1.0,2,2,1,Regular Season,4715,Etihad Stadium,68,England,10,Lee Mason,68,England
3754250,2016-01-16,18:30:00.000,1,1,available,processing,2021-06-29T18:47:46.821,2021-06-12T16:17:31.694,22,2,England,Premier League,27,2015/2016,59,Aston Villa,male,,68,England,"[{'id': 92, 'name': 'Rémi Garde', 'nickname': None, 'dob': '1966-04-03', 'country': {'id': 78, 'name': 'France'}}]",22,Leicester City,male,,68,England,"[{'id': 60, 'name': 'Claudio Ranieri', 'nickname': None, 'dob': '1951-10-20', 'country': {'id': 112, 'name': 'Italy'}}]",1.1.0,2,2,1,Regular Season,211,Villa Park,68,England,13,Roger East,68,England
3754251,2016-01-02,13:45:00.000,2,0,available,processing,2021-10-29T23:52:02.560317,2021-06-12T16:17:31.694,20,2,England,Premier League,27,2015/2016,40,West Ham United,male,,68,England,"[{'id': 150, 'name': 'Slaven Bilić', 'nickname': None, 'dob': '1968-09-11', 'country': {'id': 56, 'name': 'Croatia'}}]",24,Liverpool,male,,68,England,"[{'id': 94, 'name': 'Jürgen Klopp', 'nickname': None, 'dob': '1967-06-16', 'country': {'id': 85, 'name': 'Germany'}}]",1.1.0,2,2,1,Regular Season,115324,Boleyn Ground,68,England,9,Robert Madley,68,England
3754252,2016-02-03,20:45:00.000,3,0,available,processing,2021-07-03T14:51:48.886,2021-06-12T16:17:31.694,24,2,England,Premier League,27,2015/2016,29,Everton,male,,68,England,"[{'id': 263, 'name': 'Roberto Martínez Montoliú', 'nickname': 'Roberto Martínez', 'dob': '1973-07-13', 'country': {'id': 214, 'name': 'Spain'}}]",37,Newcastle United,male,,68,England,"[{'id': 40, 'name': 'Steve McClaren', 'nickname': None, 'dob': '1961-05-03', 'country': {'id': 68, 'name': 'England'}}]",1.1.0,2,2,1,Regular Season,12,Goodison Park,68,England,2,Craig Pawson,68,England
3754253,2016-02-07,14:30:00.000,0,2,available,processing,2021-06-28T18:53:43.786,2021-06-12T16:17:31.694,25,2,England,Premier League,27,2015/2016,28,AFC Bournemouth,male,,68,England,"[{'id': 38, 'name': 'Eddie Howe', 'nickname': None, 'dob': '1977-11-29', 'country': {'id': 68, 'name': 'England'}}]",1,Arsenal,male,,68,England,"[{'id': 577, 'name': 'Arsène Wenger', 'nickname': None, 'dob': '1949-10-22', 'country': {'id': 78, 'name': 'France'}}]",1.1.0,2,2,1,Regular Season,71,Vitality Stadium,68,England,12,Kevin Friend,68,England
3754260,2016-01-16,16:00:00.000,4,0,available,processing,2021-06-28T21:59:19.393,2021-06-12T16:17:31.694,22,2,England,Premier League,27,2015/2016,36,Manchester City,male,,68,England,"[{'id': 733, 'name': 'Manuel Luis Pellegrini Ripamonti', 'nickname': 'Manuel Pellegrini', 'dob': '1953-09-16', 'country': {'id': 45, 'name': 'Chile'}}]",31,Crystal Palace,male,,68,England,"[{'id': 382, 'name': 'Alan Pardew', 'nickname': None, 'dob': '1961-07-18', 'country': {'id': 68, 'name': 'England'}}]",1.1.0,2,2,1,Regular Season,4715,Etihad Stadium,68,England,3,Jonathan Moss,68,England
3754261,2016-02-14,13:00:00.000,2,1,available,processing,2022-12-01T14:02:28.605414,2021-06-12T16:17:31.694,26,2,England,Premier League,27,2015/2016,1,Arsenal,male,,68,England,"[{'id': 577, 'name': 'Arsène Wenger', 'nickname': None, 'dob': '1949-10-22', 'country': {'id': 78, 'name': 'France'}}]",22,Leicester City,male,,68,England,"[{'id': 60, 'name': 'Claudio Ranieri', 'nickname': None, 'dob': '1951-10-20', 'country': {'id': 112, 'name': 'Italy'}}]",1.1.0,2,2,1,Regular Season,3,Emirates Stadium,68,England,4,Martin Atkinson,68,England
3754262,2016-04-09,16:00:00.000,1,2,available,processing,2021-07-11T14:50:19.137,2021-06-12T16:17:31.694,33,2,England,Premier League,27,2015/2016,59,Aston Villa,male,,68,England,"[{'id': 5020, 'name': 'Eric Black', 'nickname': None, 'dob': '1963-10-01', 'country': {'id': 201, 'name': 'Scotland'}}]",28,AFC Bournemouth,male,,68,England,"[{'id': 38, 'name': 'Eddie Howe', 'nickname': None, 'dob': '1977-11-29', 'country': {'id': 68, 'name': 'England'}}]",1.1.0,2,2,1,Regular Season,211,Villa Park,68,England,4,Martin Atkinson,68,England
3754264,2016-02-13,18:30:00.000,5,1,available,processing,2021-06-28T18:56:26.960,2021-06-12T16:17:31.694,26,2,England,Premier League,27,2015/2016,33,Chelsea,male,,68,England,"[{'id': 3608, 'name': 'Guus Hiddink', 'nickname': None, 'dob': '1946-11-08', 'country': {'id': 160, 'name': 'Netherlands'}}]",37,Newcastle United,male,,68,England,"[{'id': 40, 'name': 'Steve McClaren', 'nickname': None, 'dob': '1961-05-03', 'country': {'id': 68, 'name': 'England'}}]",1.1.0,2,2,1,Regular Season,10,Stamford Bridge,68,England,13,Roger East,68,England
3754295,2016-04-16,16:00:00.000,1,0,available,processing,2021-07-06T18:02:56.981,2021-06-12T16:17:31.694,34,2,England,Premier League,27,2015/2016,39,Manchester United,male,,68,England,"[{'id': 788, 'name': 'Louis van Gaal', 'nickname': None, 'dob': '1951-08-08', 'country': {'id': 160, 'name': 'Netherlands'}}]",59,Aston Villa,male,,68,England,"[{'id': 5020, 'name': 'Eric Black', 'nickname': None, 'dob': '1963-10-01', 'country': {'id': 201, 'name': 'Scotland'}}]",1.1.0,2,2,1,Regular Season,2,Old Trafford,68,England,12,Kevin Friend,68,England
3754271,2016-01-23,16:00:00.000,2,1,available,processing,2023-07-12T13:59:45.191483,2021-06-12T16:17:31.694,23,2,England,Premier League,27,2015/2016,23,Watford,male,,68,England,"[{'id': 236, 'name': 'Enrique Sánchez Flores', 'nickname': 'Quique Sánchez Flores', 'dob': '1965-02-05', 'country': {'id': 214, 'name': 'Spain'}}]",37,Newcastle United,male,,68,England,"[{'id': 40, 'name': 'Steve McClaren', 'nickname': None, 'dob': '1961-05-03', 'country': {'id': 68, 'name': 'England'}}]",1.1.0,2,2,1,Regular Season,4589,Vicarage Road,68,England,5,Andre Marriner,68,England
3754272,2016-04-02,16:00:00.000,2,2,available,processing,2021-07-06T17:55:32.614,2021-06-12T16:17:31.694,32,2,England,Premier League,27,2015/2016,30,Stoke City,male,,68,England,"[{'id': 55, 'name': 'Mark Hughes', 'nickname': None, 'dob': '1963-11-01', 'country': {'id': 249, 'name': 'Wales'}}]",26,Swansea City,male,,249,Wales,"[{'id': 3626, 'name': 'Francesco Guidolin', 'nickname': None, 'dob': '1955-10-03', 'country': {'id': 112, 'name': 'Italy'}}]",1.1.0,2,2,1,Regular Season,29,bet365 Stadium,68,England,4,Martin Atkinson,68,England
3754274,2016-02-13,16:00:00.000,1,3,available,processing,2021-06-28T18:57:38.342,2021-06-12T16:17:31.694,26,2,England,Premier League,27,2015/2016,28,AFC Bournemouth,male,,68,England,"[{'id': 38, 'name': 'Eddie Howe', 'nickname': None, 'dob': '1977-11-29', 'country': {'id': 68, 'name': 'England'}}]",30,Stoke City,male,,68,England,"[{'id': 55, 'name': 'Mark Hughes', 'nickname': None, 'dob': '1963-11-01', 'country': {'id': 249, 'name': 'Wales'}}]",1.1.0,2,2,1,Regular Season,71,Vitality Stadium,68,England,11,Graham Scott,68,England
3754275,2016-02-02,20:45:00.000,2,0,available,processing,2021-08-07T22:06:42.130,2021-06-12T16:17:31.694,24,2,England,Premier League,27,2015/2016,22,Leicester City,male,,68,England,"[{'id': 60, 'name': 'Claudio Ranieri', 'nickname': None, 'dob': '1951-10-20', 'country': {'id': 112, 'name': 'Italy'}}]",24,Liverpool,male,,68,England,"[{'id': 94, 'name': 'Jürgen Klopp', 'nickname': None, 'dob': '1967-06-16', 'country': {'id': 85, 'name': 'Germany'}}]",1.1.0,2,2,1,Regular Season,20,King Power Stadium ,68,England,5,Andre Marriner,68,England
3754277,2016-03-05,16:00:00.000,2,3,available,processing,2021-11-04T18:12:18.527779,2021-06-12T16:17:31.694,29,2,England,Premier League,27,2015/2016,29,Everton,male,,68,England,"[{'id': 263, 'name': 'Roberto Martínez Montoliú', 'nickname': 'Roberto Martínez', 'dob': '1973-07-13', 'country': {'id': 214, 'name': 'Spain'}}]",40,West Ham United,male,,68,England,"[{'id': 150, 'name': 'Slaven Bilić', 'nickname': None, 'dob': '1968-09-11', 'country': {'id': 56, 'name': 'Croatia'}}]",1.1.0,2,2,1,Regular Season,12,Goodison Park,68,England,8,Anthony Taylor,68,England
3754280,2016-03-01,20:45:00.000,1,2,available,processing,2021-07-05T23:07:55.731,2021-06-12T16:17:31.694,28,2,England,Premier League,27,2015/2016,56,Norwich City,male,,68,England,"[{'id': 41, 'name': 'Alex Neil', 'nickname': None, 'dob': '1981-06-09', 'country': {'id': 201, 'name': 'Scotland'}}]",33,Chelsea,male,,68,England,"[{'id': 3608, 'name': 'Guus Hiddink', 'nickname': None, 'dob': '1946-11-08', 'country': {'id': 160, 'name': 'Netherlands'}}]",1.1.0,2,2,1,Regular Season,220,Carrow Road,68,England,10,Lee Mason,68,England
3754281,2016-02-07,17:00:00.000,1,1,available,processing,2022-01-25T22:46:43.172673,2021-06-12T16:17:31.694,25,2,England,Premier League,27,2015/2016,33,Chelsea,male,,68,England,"[{'id': 3608, 'name': 'Guus Hiddink', 'nickname': None, 'dob': '1946-11-08', 'country': {'id': 160, 'name': 'Netherlands'}}]",39,Manchester United,male,,68,England,"[{'id': 788, 'name': 'Louis van Gaal', 'nickname': None, 'dob': '1951-08-08', 'country': {'id': 160, 'name': 'Netherlands'}}]",1.1.0,2,2,1,Regular Season,10,Stamford Bridge,68,England,1,Michael Oliver,68,England
3754282,2016-04-23,16:00:00.000,2,4,available,processing,2022-12-01T14:32:35.514804,2021-06-12T16:17:31.694,35,2,England,Premier League,27,2015/2016,59,Aston Villa,male,,68,England,"[{'id': 5020, 'name': 'Eric Black', 'nickname': None, 'dob': '1963-10-01', 'country': {'id': 201, 'name': 'Scotland'}}]",25,Southampton,male,,68,England,"[{'id': 676, 'name': 'Ronald Koeman', 'nickname': None, 'dob': '1963-03-21', 'country': {'id': 160, 'name': 'Netherlands'}}]",1.1.0,2,2,1,Regular Season,211,Villa Park,68,England,7,Neil Swarbrick,68,England
3754284,2016-04-21,20:45:00.000,2,0,available,processing,2021-07-06T18:08:15.386,2021-06-12T16:17:31.694,30,2,England,Premier League,27,2015/2016,1,Arsenal,male,,68,England,"[{'id': 577, 'name': 'Arsène Wenger', 'nickname': None, 'dob': '1949-10-22', 'country': {'id': 78, 'name': 'France'}}]",27,West Bromwich Albion,male,,68,England,"[{'id': 300, 'name': 'Tony Pulis', 'nickname': None, 'dob': '1958-01-16', 'country': {'id': 249, 'name': 'Wales'}}]",1.1.0,2,2,1,Regular Season,3,Emirates Stadium,68,England,3,Jonathan Moss,68,England
3754289,2016-03-05,18:30:00.000,0,1,available,processing,2022-12-01T14:14:07.271809,2021-06-12T16:17:31.694,29,2,England,Premier League,27,2015/2016,23,Watford,male,,68,England,"[{'id': 236, 'name': 'Enrique Sánchez Flores', 'nickname': 'Quique Sánchez Flores', 'dob': '1965-02-05', 'country': {'id': 214, 'name': 'Spain'}}]",22,Leicester City,male,,68,England,"[{'id': 60, 'name': 'Claudio Ranieri', 'nickname': None, 'dob': '1951-10-20', 'country': {'id': 112, 'name': 'Italy'}}]",1.1.0,2,2,1,Regular Season,4589,Vicarage Road,68,England,3,Jonathan Moss,68,England
3754290,2016-02-06,13:45:00.000,1,3,available,processing,2021-07-26T18:29:21.038,2021-06-12T16:17:31.694,25,2,England,Premier League,27,2015/2016,36,Manchester City,male,,68,England,"[{'id': 733, 'name': 'Manuel Luis Pellegrini Ripamonti', 'nickname': 'Manuel Pellegrini', 'dob': '1953-09-16', 'country': {'id': 45, 'name': 'Chile'}}]",22,Leicester City,male,,68,England,"[{'id': 60, 'name': 'Claudio Ranieri', 'nickname': None, 'dob': '1951-10-20', 'country': {'id': 112, 'name': 'Italy'}}]",1.1.0,2,2,1,Regular Season,4715,Etihad Stadium,68,England,8,Anthony Taylor,68,England
3754292,2016-02-06,16:00:00.000,1,0,available,processing,2021-06-30T21:15:57.620,2021-06-12T16:17:31.694,25,2,England,Premier League,27,2015/2016,37,Newcastle United,male,,68,England,"[{'id': 40, 'name': 'Steve McClaren', 'nickname': None, 'dob': '1961-05-03', 'country': {'id': 68, 'name': 'England'}}]",27,West Bromwich Albion,male,,68,England,"[{'id': 300, 'name': 'Tony Pulis', 'nickname': None, 'dob': '1958-01-16', 'country': {'id': 249, 'name': 'Wales'}}]",1.1.0,2,2,1,Regular Season,4674,St. James'' Park,68,England,10,Lee Mason,68,England
3754294,2016-04-20,21:00:00.000,4,0,available,processing,2021-07-06T20:49:53.595,2021-06-12T16:17:31.694,27,2,England,Premier League,27,2015/2016,24,Liverpool,male,,68,England,"[{'id': 94, 'name': 'Jürgen Klopp', 'nickname': None, 'dob': '1967-06-16', 'country': {'id': 85, 'name': 'Germany'}}]",29,Everton,male,,68,England,"[{'id': 263, 'name': 'Roberto Martínez Montoliú', 'nickname': 'Roberto Martínez', 'dob': '1973-07-13', 'country': {'id': 214, 'name': 'Spain'}}]",1.1.0,2,2,1,Regular Season,6,Anfield ,68,England,9,Robert Madley,68,England
3754248,2015-12-26,16:00:00.000,0,0,available,processing,2021-07-31T22:15:29.090,2021-06-12T16:17:31.694,18,2,England,Premier League,27,2015/2016,28,AFC Bournemouth,male,,68,England,"[{'id': 38, 'name': 'Eddie Howe', 'nickname': None, 'dob': '1977-11-29', 'country': {'id': 68, 'name': 'England'}}]",31,Crystal Palace,male,,68,England,"[{'id': 382, 'name': 'Alan Pardew', 'nickname': None, 'dob': '1961-07-18', 'country': {'id': 68, 'name': 'England'}}]",1.1.0,2,2,1,Regular Season,71,Vitality Stadium,68,England,1,Michael Oliver,68,England
3754299,2016-04-03,17:00:00.000,1,0,available,processing,2021-11-04T18:55:55.405707,2021-06-12T16:17:31.694,32,2,England,Premier League,27,2015/2016,39,Manchester United,male,,68,England,"[{'id': 788, 'name': 'Louis van Gaal', 'nickname': None, 'dob': '1951-08-08', 'country': {'id': 160, 'name': 'Netherlands'}}]",29,Everton,male,,68,England,"[{'id': 263, 'name': 'Roberto Martínez Montoliú', 'nickname': 'Roberto Martínez', 'dob': '1973-07-13', 'country': {'id': 214, 'name': 'Spain'}}]",1.1.0,2,2,1,Regular Season,2,Old Trafford,68,England,5,Andre Marriner,68,England
3754303,2016-02-06,16:00:00.000,1,1,available,processing,2021-07-02T14:47:57.701,2021-06-12T16:17:31.694,25,2,England,Premier League,27,2015/2016,26,Swansea City,male,,249,Wales,"[{'id': 3626, 'name': 'Francesco Guidolin', 'nickname': None, 'dob': '1955-10-03', 'country': {'id': 112, 'name': 'Italy'}}]",31,Crystal Palace,male,,68,England,"[{'id': 382, 'name': 'Alan Pardew', 'nickname': None, 'dob': '1961-07-18', 'country': {'id': 68, 'name': 'England'}}]",1.1.0,2,2,1,Regular Season,45,Swansea.com Stadium,249,Wales,6,Mike Dean,68,England
3754305,2016-01-13,21:00:00.000,3,3,available,processing,2022-12-01T13:51:05.910614,2021-06-12T16:17:31.694,21,2,England,Premier League,27,2015/2016,24,Liverpool,male,,68,England,"[{'id': 94, 'name': 'Jürgen Klopp', 'nickname': None, 'dob': '1967-06-16', 'country': {'id': 85, 'name': 'Germany'}}]",1,Arsenal,male,,68,England,"[{'id': 577, 'name': 'Arsène Wenger', 'nickname': None, 'dob': '1949-10-22', 'country': {'id': 78, 'name': 'France'}}]",1.1.0,2,2,1,Regular Season,6,Anfield ,68,England,14,Mike Jones,68,England
3754306,2016-02-06,16:00:00.000,2,0,available,processing,2022-12-01T13:59:46.502862,2021-06-12T16:17:31.694,25,2,England,Premier League,27,2015/2016,59,Aston Villa,male,,68,England,"[{'id': 92, 'name': 'Rémi Garde', 'nickname': None, 'dob': '1966-04-03', 'country': {'id': 78, 'name': 'France'}}]",56,Norwich City,male,,68,England,"[{'id': 41, 'name': 'Alex Neil', 'nickname': None, 'dob': '1981-06-09', 'country': {'id': 201, 'name': 'Scotland'}}]",1.1.0,2,2,1,Regular Season,211,Villa Park,68,England,4,Martin Atkinson,68,England
3754307,2016-04-23,13:45:00.000,4,0,available,processing,2021-07-07T17:13:16.449,2021-06-12T16:17:31.694,35,2,England,Premier League,27,2015/2016,36,Manchester City,male,,68,England,"[{'id': 733, 'name': 'Manuel Luis Pellegrini Ripamonti', 'nickname': 'Manuel Pellegrini', 'dob': '1953-09-16', 'country': {'id': 45, 'name': 'Chile'}}]",30,Stoke City,male,,68,England,"[{'id': 55, 'name': 'Mark Hughes', 'nickname': None, 'dob': '1963-11-01', 'country': {'id': 249, 'name': 'Wales'}}]",1.1.0,2,2,1,Regular Season,4715,Etihad Stadium,68,England,9,Robert Madley,68,England
3754308,2016-05-15,16:00:00.000,2,2,available,processing,2022-12-01T14:50:24.749450,2021-06-12T16:17:31.694,38,2,England,Premier League,27,2015/2016,23,Watford,male,,68,England,"[{'id': 236, 'name': 'Enrique Sánchez Flores', 'nickname': 'Quique Sánchez Flores', 'dob': '1965-02-05', 'country': {'id': 214, 'name': 'Spain'}}]",41,Sunderland,male,,68,England,"[{'id': 561, 'name': 'Sam Allardyce', 'nickname': None, 'dob': '1954-10-19', 'country': {'id': 68, 'name': 'England'}}]",1.1.0,2,2,1,Regular Season,4589,Vicarage Road,68,England,12,Kevin Friend,68,England
3754310,2016-04-20,21:00:00.000,2,0,available,processing,2021-07-06T18:07:40.704,2021-06-12T16:17:31.694,30,2,England,Premier League,27,2015/2016,39,Manchester United,male,,68,England,"[{'id': 788, 'name': 'Louis van Gaal', 'nickname': None, 'dob': '1951-08-08', 'country': {'id': 160, 'name': 'Netherlands'}}]",31,Crystal Palace,male,,68,England,"[{'id': 382, 'name': 'Alan Pardew', 'nickname': None, 'dob': '1961-07-18', 'country': {'id': 68, 'name': 'England'}}]",1.1.0,2,2,1,Regular Season,2,Old Trafford,68,England,10,Lee Mason,68,England
3754313,2016-03-12,13:45:00.000,0,0,available,processing,2022-12-01T14:15:08.060071,2021-06-12T16:17:31.694,30,2,England,Premier League,27,2015/2016,56,Norwich City,male,,68,England,"[{'id': 41, 'name': 'Alex Neil', 'nickname': None, 'dob': '1981-06-09', 'country': {'id': 201, 'name': 'Scotland'}}]",36,Manchester City,male,,68,England,"[{'id': 733, 'name': 'Manuel Luis Pellegrini Ripamonti', 'nickname': 'Manuel Pellegrini', 'dob': '1953-09-16', 'country': {'id': 45, 'name': 'Chile'}}]",1.1.0,2,2,1,Regular Season,220,Carrow Road,68,England,3,Jonathan Moss,68,England
3754314,2016-05-08,17:00:00.000,2,2,available,processing,2022-12-01T14:43:33.572040,2021-06-12T16:17:31.694,37,2,England,Premier League,27,2015/2016,36,Manchester City,male,,68,England,"[{'id': 733, 'name': 'Manuel Luis Pellegrini Ripamonti', 'nickname': 'Manuel Pellegrini', 'dob': '1953-09-16', 'country': {'id': 45, 'name': 'Chile'}}]",1,Arsenal,male,,68,England,"[{'id': 577, 'name': 'Arsène Wenger', 'nickname': None, 'dob': '1949-10-22', 'country': {'id': 78, 'name': 'France'}}]",1.1.0,2,2,1,Regular Season,4715,Etihad Stadium,68,England,8,Anthony Taylor,68,England
3754316,2016-02-06,16:00:00.000,2,2,available,processing,2021-10-30T01:27:27.625847,2021-06-12T16:17:31.694,25,2,England,Premier League,27,2015/2016,24,Liverpool,male,,68,England,"[{'id': 94, 'name': 'Jürgen Klopp', 'nickname': None, 'dob': '1967-06-16', 'country': {'id': 85, 'name': 'Germany'}}]",41,Sunderland,male,,68,England,"[{'id': 561, 'name': 'Sam Allardyce', 'nickname': None, 'dob': '1954-10-19', 'country': {'id': 68, 'name': 'England'}}]",1.1.0,2,2,1,Regular Season,6,Anfield ,68,England,9,Robert Madley,68,England
3754317,2016-02-02,20:45:00.000,0,3,available,processing,2022-12-01T13:56:50.633990,2021-06-12T16:17:31.694,24,2,England,Premier League,27,2015/2016,56,Norwich City,male,,68,England,"[{'id': 41, 'name': 'Alex Neil', 'nickname': None, 'dob': '1981-06-09', 'country': {'id': 201, 'name': 'Scotland'}}]",38,Tottenham Hotspur,male,,68,England,"[{'id': 81, 'name': 'Mauricio Roberto Pochettino Trossero', 'nickname': 'Mauricio Pochettino', 'dob': '1972-03-02', 'country': {'id': 11, 'name': 'Argentina'}}]",1.1.0,2,2,1,Regular Season,220,Carrow Road,68,England,12,Kevin Friend,68,England
3754318,2016-03-05,13:45:00.000,2,2,available,processing,2022-12-01T14:13:14.220332,2021-06-12T16:17:31.694,29,2,England,Premier League,27,2015/2016,38,Tottenham Hotspur,male,,68,England,"[{'id': 81, 'name': 'Mauricio Roberto Pochettino Trossero', 'nickname': 'Mauricio Pochettino', 'dob': '1972-03-02', 'country': {'id': 11, 'name': 'Argentina'}}]",1,Arsenal,male,,68,England,"[{'id': 577, 'name': 'Arsène Wenger', 'nickname': None, 'dob': '1949-10-22', 'country': {'id': 78, 'name': 'France'}}]",1.1.0,2,2,1,Regular Season,99148,White Hart Lane,68,England,1,Michael Oliver,68,England
3754319,2016-01-02,16:00:00.000,2,1,available,processing,2021-06-28T15:12:06.739,2021-06-12T16:17:31.694,20,2,England,Premier League,27,2015/2016,39,Manchester United,male,,68,England,"[{'id': 788, 'name': 'Louis van Gaal', 'nickname': None, 'dob': '1951-08-08', 'country': {'id': 160, 'name': 'Netherlands'}}]",26,Swansea City,male,,249,Wales,"[{'id': 4711, 'name': 'Alan Curtis', 'nickname': None, 'dob': '1954-04-16', 'country': {'id': 249, 'name': 'Wales'}}]",1.1.0,2,2,1,Regular Season,2,Old Trafford,68,England,3,Jonathan Moss,68,England
3754320,2016-05-01,17:30:00.000,4,2,available,processing,2021-07-06T18:27:47.200,2021-06-12T16:17:31.694,36,2,England,Premier League,27,2015/2016,25,Southampton,male,,68,England,"[{'id': 676, 'name': 'Ronald Koeman', 'nickname': None, 'dob': '1963-03-21', 'country': {'id': 160, 'name': 'Netherlands'}}]",36,Manchester City,male,,68,England,"[{'id': 733, 'name': 'Manuel Luis Pellegrini Ripamonti', 'nickname': 'Manuel Pellegrini', 'dob': '1953-09-16', 'country': {'id': 45, 'name': 'Chile'}}]",1.1.0,2,2,1,Regular Season,4591,St. Mary''s Stadium,68,England,5,Andre Marriner,68,England
3754321,2016-02-27,16:00:00.000,2,1,available,processing,2021-06-30T21:40:03.898,2021-06-12T16:17:31.694,27,2,England,Premier League,27,2015/2016,30,Stoke City,male,,68,England,"[{'id': 55, 'name': 'Mark Hughes', 'nickname': None, 'dob': '1963-11-01', 'country': {'id': 249, 'name': 'Wales'}}]",59,Aston Villa,male,,68,England,"[{'id': 92, 'name': 'Rémi Garde', 'nickname': None, 'dob': '1966-04-03', 'country': {'id': 78, 'name': 'France'}}]",1.1.0,2,2,1,Regular Season,29,bet365 Stadium,68,England,12,Kevin Friend,68,England
3754322,2016-04-16,18:30:00.000,0,3,available,processing,2021-07-07T16:59:38.235,2021-06-12T16:17:31.694,34,2,England,Premier League,27,2015/2016,33,Chelsea,male,,68,England,"[{'id': 3608, 'name': 'Guus Hiddink', 'nickname': None, 'dob': '1946-11-08', 'country': {'id': 160, 'name': 'Netherlands'}}]",36,Manchester City,male,,68,England,"[{'id': 733, 'name': 'Manuel Luis Pellegrini Ripamonti', 'nickname': 'Manuel Pellegrini', 'dob': '1953-09-16', 'country': {'id': 45, 'name': 'Chile'}}]",1.1.0,2,2,1,Regular Season,10,Stamford Bridge,68,England,6,Mike Dean,68,England
3754324,2016-02-28,15:05:00.000,2,1,available,processing,2022-12-01T14:06:11.923351,2021-06-12T16:17:31.694,27,2,England,Premier League,27,2015/2016,38,Tottenham Hotspur,male,,68,England,"[{'id': 81, 'name': 'Mauricio Roberto Pochettino Trossero', 'nickname': 'Mauricio Pochettino', 'dob': '1972-03-02', 'country': {'id': 11, 'name': 'Argentina'}}]",26,Swansea City,male,,249,Wales,"[{'id': 3626, 'name': 'Francesco Guidolin', 'nickname': None, 'dob': '1955-10-03', 'country': {'id': 112, 'name': 'Italy'}}]",1.1.0,2,2,1,Regular Season,99148,White Hart Lane,68,England,14,Mike Jones,68,England
3754326,2015-12-28,16:00:00.000,0,0,available,processing,2022-12-01T13:45:33.542312,2021-06-12T16:17:31.694,19,2,England,Premier League,27,2015/2016,31,Crystal Palace,male,,68,England,"[{'id': 382, 'name': 'Alan Pardew', 'nickname': None, 'dob': '1961-07-18', 'country': {'id': 68, 'name': 'England'}}]",26,Swansea City,male,,249,Wales,"[{'id': 4711, 'name': 'Alan Curtis', 'nickname': None, 'dob': '1954-04-16', 'country': {'id': 249, 'name': 'Wales'}}]",1.1.0,2,2,1,Regular Season,37,Selhurst Park,68,England,7,Neil Swarbrick,68,England
3754327,2016-03-01,20:45:00.000,1,3,available,processing,2022-12-01T14:07:02.123384,2021-06-12T16:17:31.694,28,2,England,Premier League,27,2015/2016,59,Aston Villa,male,,68,England,"[{'id': 92, 'name': 'Rémi Garde', 'nickname': None, 'dob': '1966-04-03', 'country': {'id': 78, 'name': 'France'}}]",29,Everton,male,,68,England,"[{'id': 263, 'name': 'Roberto Martínez Montoliú', 'nickname': 'Roberto Martínez', 'dob': '1973-07-13', 'country': {'id': 214, 'name': 'Spain'}}]",1.1.0,2,2,1,Regular Season,211,Villa Park,68,England,13,Roger East,68,England
3754331,2016-02-27,13:45:00.000,1,0,available,processing,2022-12-01T14:06:01.295075,2021-06-12T16:17:31.694,27,2,England,Premier League,27,2015/2016,40,West Ham United,male,,68,England,"[{'id': 150, 'name': 'Slaven Bilić', 'nickname': None, 'dob': '1968-09-11', 'country': {'id': 56, 'name': 'Croatia'}}]",41,Sunderland,male,,68,England,"[{'id': 561, 'name': 'Sam Allardyce', 'nickname': None, 'dob': '1954-10-19', 'country': {'id': 68, 'name': 'England'}}]",1.1.0,2,2,1,Regular Season,115324,Boleyn Ground,68,England,6,Mike Dean,68,England
3754332,2016-04-25,21:00:00.000,1,1,available,processing,2021-07-07T17:46:25.604,2021-06-12T16:17:31.694,35,2,England,Premier League,27,2015/2016,38,Tottenham Hotspur,male,,68,England,"[{'id': 81, 'name': 'Mauricio Roberto Pochettino Trossero', 'nickname': 'Mauricio Pochettino', 'dob': '1972-03-02', 'country': {'id': 11, 'name': 'Argentina'}}]",27,West Bromwich Albion,male,,68,England,"[{'id': 300, 'name': 'Tony Pulis', 'nickname': None, 'dob': '1958-01-16', 'country': {'id': 249, 'name': 'Wales'}}]",1.1.0,2,2,1,Regular Season,99148,White Hart Lane,68,England,14,Mike Jones,68,England
3754333,2016-05-15,16:00:00.000,5,1,available,processing,2021-12-03T22:58:57.593935,2021-06-12T16:17:31.694,38,2,England,Premier League,27,2015/2016,37,Newcastle United,male,,68,England,"[{'id': 148, 'name': 'Rafael Benítez Maudes', 'nickname': 'Rafael Benítez', 'dob': '1960-04-16', 'country': {'id': 214, 'name': 'Spain'}}]",38,Tottenham Hotspur,male,,68,England,"[{'id': 81, 'name': 'Mauricio Roberto Pochettino Trossero', 'nickname': 'Mauricio Pochettino', 'dob': '1972-03-02', 'country': {'id': 11, 'name': 'Argentina'}}]",1.1.0,2,2,1,Regular Season,4674,St. James'' Park,68,England,8,Anthony Taylor,68,England
3754334,2016-03-01,20:45:00.000,2,0,available,processing,2022-12-01T14:07:50.051638,2021-06-12T16:17:31.694,28,2,England,Premier League,27,2015/2016,28,AFC Bournemouth,male,,68,England,"[{'id': 38, 'name': 'Eddie Howe', 'nickname': None, 'dob': '1977-11-29', 'country': {'id': 68, 'name': 'England'}}]",25,Southampton,male,,68,England,"[{'id': 676, 'name': 'Ronald Koeman', 'nickname': None, 'dob': '1963-03-21', 'country': {'id': 160, 'name': 'Netherlands'}}]",1.1.0,2,2,1,Regular Season,71,Vitality Stadium,68,England,6,Mike Dean,68,England
3754338,2016-01-16,16:00:00.000,2,1,available,processing,2022-12-01T13:54:22.583939,2021-06-12T16:17:31.694,22,2,England,Premier League,27,2015/2016,37,Newcastle United,male,,68,England,"[{'id': 40, 'name': 'Steve McClaren', 'nickname': None, 'dob': '1961-05-03', 'country': {'id': 68, 'name': 'England'}}]",40,West Ham United,male,,68,England,"[{'id': 150, 'name': 'Slaven Bilić', 'nickname': None, 'dob': '1968-09-11', 'country': {'id': 56, 'name': 'Croatia'}}]",1.1.0,2,2,1,Regular Season,4674,St. James'' Park,68,England,7,Neil Swarbrick,68,England
3754340,2016-02-02,21:00:00.000,1,1,available,processing,2021-10-30T01:12:07.192015,2021-06-12T16:17:31.694,24,2,England,Premier League,27,2015/2016,27,West Bromwich Albion,male,,68,England,"[{'id': 300, 'name': 'Tony Pulis', 'nickname': None, 'dob': '1958-01-16', 'country': {'id': 249, 'name': 'Wales'}}]",26,Swansea City,male,,249,Wales,"[{'id': 3626, 'name': 'Francesco Guidolin', 'nickname': None, 'dob': '1955-10-03', 'country': {'id': 112, 'name': 'Italy'}}]",1.1.0,2,2,1,Regular Season,33,The Hawthorns,68,England,7,Neil Swarbrick,68,England
3754341,2016-01-23,16:00:00.000,3,0,available,processing,2021-06-29T19:03:01.673,2021-06-12T16:17:31.694,23,2,England,Premier League,27,2015/2016,22,Leicester City,male,,68,England,"[{'id': 60, 'name': 'Claudio Ranieri', 'nickname': None, 'dob': '1951-10-20', 'country': {'id': 112, 'name': 'Italy'}}]",30,Stoke City,male,,68,England,"[{'id': 55, 'name': 'Mark Hughes', 'nickname': None, 'dob': '1963-11-01', 'country': {'id': 249, 'name': 'Wales'}}]",1.1.0,2,2,1,Regular Season,20,King Power Stadium ,68,England,6,Mike Dean,68,England
3754342,2016-05-08,17:00:00.000,2,0,available,processing,2022-12-01T14:42:19.247572,2021-06-12T16:17:31.694,37,2,England,Premier League,27,2015/2016,24,Liverpool,male,,68,England,"[{'id': 94, 'name': 'Jürgen Klopp', 'nickname': None, 'dob': '1967-06-16', 'country': {'id': 85, 'name': 'Germany'}}]",23,Watford,male,,68,England,"[{'id': 236, 'name': 'Enrique Sánchez Flores', 'nickname': 'Quique Sánchez Flores', 'dob': '1965-02-05', 'country': {'id': 214, 'name': 'Spain'}}]",1.1.0,2,2,1,Regular Season,6,Anfield ,68,England,10,Lee Mason,68,England
3754345,2016-01-17,15:05:00.000,0,1,available,processing,2021-08-07T22:01:57.891,2021-06-12T16:17:31.694,22,2,England,Premier League,27,2015/2016,24,Liverpool,male,,68,England,"[{'id': 94, 'name': 'Jürgen Klopp', 'nickname': None, 'dob': '1967-06-16', 'country': {'id': 85, 'name': 'Germany'}}]",39,Manchester United,male,,68,England,"[{'id': 788, 'name': 'Louis van Gaal', 'nickname': None, 'dob': '1951-08-08', 'country': {'id': 160, 'name': 'Netherlands'}}]",1.1.0,2,2,1,Regular Season,6,Anfield ,68,England,728,Mark Clattenburg,68,England
3754346,2016-01-02,18:30:00.000,1,2,available,processing,2021-06-29T14:58:35.063,2021-06-12T16:17:31.694,20,2,England,Premier League,27,2015/2016,23,Watford,male,,68,England,"[{'id': 236, 'name': 'Enrique Sánchez Flores', 'nickname': 'Quique Sánchez Flores', 'dob': '1965-02-05', 'country': {'id': 214, 'name': 'Spain'}}]",36,Manchester City,male,,68,England,"[{'id': 733, 'name': 'Manuel Luis Pellegrini Ripamonti', 'nickname': 'Manuel Pellegrini', 'dob': '1953-09-16', 'country': {'id': 45, 'name': 'Chile'}}]",1.1.0,2,2,1,Regular Season,4589,Vicarage Road,68,England,4,Martin Atkinson,68,England
3754348,2016-01-23,13:45:00.000,4,5,available,processing,2021-06-28T22:00:05.502,2021-06-12T16:17:31.694,23,2,England,Premier League,27,2015/2016,56,Norwich City,male,,68,England,"[{'id': 41, 'name': 'Alex Neil', 'nickname': None, 'dob': '1981-06-09', 'country': {'id': 201, 'name': 'Scotland'}}]",24,Liverpool,male,,68,England,"[{'id': 94, 'name': 'Jürgen Klopp', 'nickname': None, 'dob': '1967-06-16', 'country': {'id': 85, 'name': 'Germany'}}]",1.1.0,2,2,1,Regular Season,220,Carrow Road,68,England,10,Lee Mason,68,England
3754349,2016-03-02,20:45:00.000,1,0,available,processing,2022-12-01T14:09:36.386202,2021-06-12T16:17:31.694,28,2,England,Premier League,27,2015/2016,40,West Ham United,male,,68,England,"[{'id': 150, 'name': 'Slaven Bilić', 'nickname': None, 'dob': '1968-09-11', 'country': {'id': 56, 'name': 'Croatia'}}]",38,Tottenham Hotspur,male,,68,England,"[{'id': 81, 'name': 'Mauricio Roberto Pochettino Trossero', 'nickname': 'Mauricio Pochettino', 'dob': '1972-03-02', 'country': {'id': 11, 'name': 'Argentina'}}]",1.1.0,2,2,1,Regular Season,115324,Boleyn Ground,68,England,5,Andre Marriner,68,England
3754350,2016-02-13,16:00:00.000,0,1,available,processing,2021-06-30T21:34:50.306,2021-06-12T16:17:31.694,26,2,England,Premier League,27,2015/2016,29,Everton,male,,68,England,"[{'id': 263, 'name': 'Roberto Martínez Montoliú', 'nickname': 'Roberto Martínez', 'dob': '1973-07-13', 'country': {'id': 214, 'name': 'Spain'}}]",27,West Bromwich Albion,male,,68,England,"[{'id': 300, 'name': 'Tony Pulis', 'nickname': None, 'dob': '1958-01-16', 'country': {'id': 249, 'name': 'Wales'}}]",1.1.0,2,2,1,Regular Season,12,Goodison Park,68,England,1,Michael Oliver,68,England
3754258,2015-11-08,14:30:00.000,0,0,available,scheduled,2020-11-29T14:07:50.969020,2021-06-13T16:17:31.694,12,2,England,Premier League,27,2015/2016,59,Aston Villa,male,,68,England,"[{'id': 92, 'name': 'Rémi Garde', 'nickname': None, 'dob': '1966-04-03', 'country': {'id': 78, 'name': 'France'}}]",36,Manchester City,male,,68,England,"[{'id': 733, 'name': 'Manuel Luis Pellegrini Ripamonti', 'nickname': 'Manuel Pellegrini', 'dob': '1953-09-16', 'country': {'id': 45, 'name': 'Chile'}}]",1.1.0,2,2,1,Regular Season,211,Villa Park,68,England,2,Craig Pawson,68,England
3754020,2015-08-17,21:00:00.000,1,0,available,scheduled,2022-07-08T21:26:42.829047,2021-06-13T16:17:31.694,2,2,England,Premier League,27,2015/2016,24,Liverpool,male,,68,England,"[{'id': 6, 'name': 'Brendan Rodgers', 'nickname': None, 'dob': '1973-01-26', 'country': {'id': 169, 'name': 'Northern Ireland'}}]",28,AFC Bournemouth,male,,68,England,"[{'id': 38, 'name': 'Eddie Howe', 'nickname': None, 'dob': '1977-11-29', 'country': {'id': 68, 'name': 'England'}}]",1.1.0,2,2,1,Regular Season,6,Anfield ,68,England,2,Craig Pawson,68,England
3754267,2015-08-15,16:00:00.000,0,0,available,scheduled,2020-07-29T05:00,2021-06-13T16:17:31.694,2,2,England,Premier League,27,2015/2016,23,Watford,male,,68,England,"[{'id': 236, 'name': 'Enrique Sánchez Flores', 'nickname': 'Quique Sánchez Flores', 'dob': '1965-02-05', 'country': {'id': 214, 'name': 'Spain'}}]",27,West Bromwich Albion,male,,68,England,"[{'id': 300, 'name': 'Tony Pulis', 'nickname': None, 'dob': '1958-01-16', 'country': {'id': 249, 'name': 'Wales'}}]",1.1.0,2,2,1,Regular Season,4589,Vicarage Road,68,England,17,Paul Tierney,68,England
3754141,2015-08-09,14:30:00.000,0,2,available,scheduled,2020-08-24T23:30:31.273938,2021-06-13T16:17:31.694,1,2,England,Premier League,27,2015/2016,1,Arsenal,male,,68,England,"[{'id': 577, 'name': 'Arsène Wenger', 'nickname': None, 'dob': '1949-10-22', 'country': {'id': 78, 'name': 'France'}}]",40,West Ham United,male,,68,England,"[{'id': 150, 'name': 'Slaven Bilić', 'nickname': None, 'dob': '1968-09-11', 'country': {'id': 56, 'name': 'Croatia'}}]",1.1.0,2,2,1,Regular Season,3,Emirates Stadium,68,England,4,Martin Atkinson,68,England
3754128,2015-08-08,16:00:00.000,0,1,available,scheduled,2022-07-08T20:29:32.062770,2021-06-13T16:17:31.694,1,2,England,Premier League,27,2015/2016,28,AFC Bournemouth,male,,68,England,"[{'id': 38, 'name': 'Eddie Howe', 'nickname': None, 'dob': '1977-11-29', 'country': {'id': 68, 'name': 'England'}}]",59,Aston Villa,male,,68,England,"[{'id': 5003, 'name': 'Tim Sherwood', 'nickname': None, 'dob': '1969-02-06', 'country': {'id': 68, 'name': 'England'}}]",1.1.0,2,2,1,Regular Season,71,Vitality Stadium,68,England,728,Mark Clattenburg,68,England
3754078,2015-08-08,18:30:00.000,2,2,available,scheduled,2022-07-08T20:50:15.565471,2021-06-13T16:17:31.694,1,2,England,Premier League,27,2015/2016,33,Chelsea,male,,68,England,"[{'id': 383, 'name': 'José Mario Felix dos Santos Mourinho', 'nickname': 'José Mourinho', 'dob': '1963-01-26', 'country': {'id': 183, 'name': 'Portugal'}}]",26,Swansea City,male,,249,Wales,"[{'id': 270, 'name': 'Garry Monk', 'nickname': None, 'dob': '1979-03-06', 'country': {'id': 68, 'name': 'England'}}]",1.1.0,2,2,1,Regular Season,10,Stamford Bridge,68,England,1,Michael Oliver,68,England
